symbol,name,industry,industry_rank,price,pct_off_high,rs_rating,eps_rating,ad_rating
A,Agilent Technologies Inc. Common Stock,Biotechnology: Laboratory Analytical Instruments,4,170.5399932861328,-2.5202632356338794,86,82,A-
AA,Alcoa Corporation Common Stock,Aluminum,,42.20000076293945,-49.538255259367745,33,66,D-
AACG,ATA Creativity Global American Depositary Shares,Other Consumer Services,99,0.6899999976158142,-50.71428504525397,20,41,B+
AADX,Applied Aerospace & Defense Inc. Common Stock,Military/Government/Technical,103,11.449999809265137,-51.991615823364,15,,D-
AAL,American Airlines Group Inc. Common Stock,Air Freight/Delivery Services,91,12.760000228881836,-29.69696695831061,43,22,D
AAME,Atlantic American Corporation Common Stock,Life Insurance,28,1.1799999475479126,-63.35403922163294,12,,D-
AAMI,Acadian Asset Management Inc. Common Stock,Investment Managers,58,93.70999908447266,-3.594785554393931,94,94,B-
AAOI,Applied Optoelectronics Inc. Common Stock,Semiconductors,30,109.63999938964844,-50.856119950630195,97,35,B+
AAON,AAON Inc. Common Stock,Industrial Machinery/Components,91,86.16000366210938,-41.76679044331263,38,90,B-
AAP,Advance Auto Parts Inc.,Auto & Home Supply Stores,95,42.29999923706055,-32.1720332527172,33,61,D
AAPG,Ascentage Pharma Group International American Depository Shares,Biotechnology: Pharmaceutical Preparations,109,14.75,-60.1459047043022,14,,C-
AAPL,Apple Inc. Common Stock,Computer Manufacturing,106,336.6400146484375,-1.298851432448045,81,79,B-
AARD,Aardvark Therapeutics Inc. Common Stock,Biotechnology: Pharmaceutical Preparations,109,4.760000228881836,-71.30801576189667,19,26,D-
AAT,American Assets Trust Inc. Common Stock,Real Estate Investment Trusts,75,21.520000457763672,-15.467397790027103,64,45,C-
AAUC,Allied Gold Corporation Common Shares,,,20.559999465942383,-35.77007015301334,38,38,D-
ABAT,American Battery Technology Company Common Stock,Metal Mining,110,1.9700000286102295,-82.6125327283688,15,8,B-
ABBV,AbbVie Inc. Common Stock,Biotechnology: Pharmaceutical Preparations,109,276.4700012207031,0.0,82,67,B+
ABCB,Ameris Bancorp Common Stock,Major Banks,21,79.0199966430664,-14.975951890811267,49,76,E
ABCL,AbCellera Biologics Inc. Common Shares,Biotechnology: Pharmaceutical Preparations,109,12.545000076293945,-15.350874935070348,98,8,B+
ABEO,Abeona Therapeutics Inc. Common Stock,Biotechnology: Pharmaceutical Preparations,109,4.940000057220459,-33.78016042949604,35,8,E
ABEV,Ambev S.A. American Depositary Shares (Each representing 1 Common Share),Beverages (Production/Distribution),104,3.190000057220459,-6.295607498267531,79,76,B-
ABG,Asbury Automotive Group Inc Common Stock,Retail-Auto Dealers and Gas Stations,110,167.60000610351562,-34.538918524156905,25,60,D-
ABLV,Able View Global Inc. Class B Ordinary Shares,Other Consumer Services,99,2.390000104904175,-12.773719102714287,99,,A+
ABM,ABM Industries Incorporated Common Stock,Diversified Commercial Services,77,49.630001068115234,-1.3220511064762075,76,76,B-
ABNB,Airbnb Inc. Class A Common Stock,Diversified Commercial Services,77,165.8699951171875,-12.92913642142388,83,73,C-
ABOS,Acumen Pharmaceuticals Inc. Common Stock,Biotechnology: Biological Products (No Diagnostic Substances),99,2.140000104904175,-36.49851105116137,48,8,C-
ABR,Arbor Realty Trust Common Stock,Real Estate Investment Trusts,75,2.869999885559082,-72.56017628373898,9,40,E
ABSI,Absci Corporation Common Stock,Biotechnology: Commercial Physical & Biological Resarch,12,10.15999984741211,-12.564544341875672,98,8,B-
ABT,Abbott Laboratories Common Stock,Biotechnology: Pharmaceutical Preparations,109,99.5999984741211,-23.560022390777625,47,67,C
ABTC,American Bitcoin Corp. Class A Common Stock,EDP Services,116,7.730000019073486,-92.13231550221528,26,18,B-
ABTS,Abits Group Inc Ordinary Shares,Computer Software: Programming Data Processing,80,1.2000000476837158,-86.48648612366298,19,,B+
ABUS,Arbutus Biopharma Corporation Common Stock,Biotechnology: Pharmaceutical Preparations,109,4.21999979019165,-19.157088892589503,47,64,C
ABVC,ABVC BioPharma Inc. Common Stock,Biotechnology: Pharmaceutical Preparations,109,1.0,-69.60486286945822,14,8,B+
ABVX,Abivax SA American Depositary Shares,Biotechnology: Pharmaceutical Preparations,109,88.1500015258789,-39.3365886677316,25,26,D
ABX,Abacus Global Management Inc. Class A Common Stock,Investment Managers,58,8.1899995803833,-31.750003496805824,51,88,E
ACA,Arcosa Inc. Common Stock,Metal Fabrications,39,147.17999267578125,0.0,85,76,B
ACAD,ACADIA Pharmaceuticals Inc. Common Stock,Biotechnology: Pharmaceutical Preparations,109,19.780000686645508,-35.29603897904374,32,56,D-
ACB,Aurora Cannabis Inc. Common Shares,Medicinal Chemicals and Botanical Products,134,4.489999771118164,-26.87296630694972,86,8,B-
ACCL,Acco Group Holdings Limited Class A Ordinary Shares,Professional Services,47,2.680000066757202,-40.57649820958758,84,,B+
ACCO,Acco Brands Corporation Common Stock,Publishing,84,4.489999771118164,0.0,85,55,B+
ACCS,ACCESS Newswire Inc. Common Stock,Publishing,84,4.590000152587891,-57.49999933772618,13,44,D-
ACDC,ProFrac Holding Corp. Class A Common Stock,Oilfield Services/Equipment,37,4.635000228881836,-42.493796680195985,49,8,B-
ACEL,Accel Entertainment Inc.,Services-Misc. Amusement & Recreation,80,11.0,-17.97166200473296,45,87,E
ACET,Adicet Bio Inc. Common Stock,Biotechnology: Pharmaceutical Preparations,109,5.610000133514404,-66.28605565331736,16,8,C-
ACFN,Acorn Energy Inc. Common Stock,Military/Government/Technical,103,18.690000534057617,-30.026203015024855,45,8,B
ACGL,Arch Capital Group Ltd. Common Stock,Property-Casualty Insurers,52,95.56999969482422,-10.2460587135199,51,87,D
ACH,Accendra Health Inc. Common Stock,Medical Specialities,15,0.4300000071525574,-92.19600745389045,2,31,E
ACHC,Acadia Healthcare Company Inc. Common Stock,Medical Specialities,15,29.25,-17.860153050665094,85,43,B-
ACHR,Archer Aviation Inc. Class A Common Stock,Aerospace,131,4.960000038146973,-61.933997392216675,31,8,B-
ACHV,Achieve Life Sciences Inc. Common Shares,Biotechnology: In Vitro & In Vivo Diagnostic Substances,112,7.409999847412109,-13.130128026029386,94,8,B-
ACI,Albertsons Companies Inc. Class A Common Stock,Food Chains,49,12.1899995803833,-35.61675416721024,27,51,C-
ACIC,American Coastal Insurance Corporation Common Stock,Property-Casualty Insurers,52,9.779999732971191,-20.20395738867189,35,67,C+
ACIU,AC Immune SA Common Stock,Biotechnology: Pharmaceutical Preparations,109,2.5,-34.89583187814178,34,35,C+
ACIW,ACI Worldwide Inc. Common Stock,Computer Software: Prepackaged Software,40,50.869998931884766,-15.470258102491751,61,78,D
ACLS,Axcelis Technologies Inc. Common Stock,Industrial Machinery/Components,91,134.7100067138672,-29.69206554143454,85,65,A-
ACM,AECOM Common Stock,Military/Government/Technical,103,59.279998779296875,-55.37859761746533,21,41,D-
ACMR,ACM Research Inc. Class A Common Stock,Industrial Machinery/Components,91,71.37000274658203,-43.75443053835784,83,70,C
ACN,Accenture plc Class A Ordinary Shares (Ireland),Business Services,58,209.05999755859375,-26.052546955784994,77,75,B
ACNB,ACNB Corporation Common Stock,Major Banks,21,62.290000915527344,-5.549653073657035,83,89,B+
ACNT,Ascent Industries Co. Common Stock,Steel/Iron Ore,17,13.550000190734863,-23.790778023353976,46,31,E
ACOG,Alpha Cognition Inc. Common Stock,,,9.039999961853027,-7.282051673302281,84,8,B-
ACON,Aclarion Inc. Common Stock,Medical Specialities,15,2.3399999141693115,-75.85139302888649,14,8,B-
ACR,ACRES Commercial Realty Corp. Common Stock,Real Estate Investment Trusts,75,10.449999809265137,-56.53078447881621,12,34,D
ACRE,Ares Commercial Real Estate Corporation Common Stock,Real Estate Investment Trusts,75,3.549999952316284,-31.138881756536772,33,47,E
ACRS,Aclaris Therapeutics Inc. Common Stock,Biotechnology: Pharmaceutical Preparations,109,3.8299999237060547,-41.39250171179801,77,8,C-
ACRV,Acrivon Therapeutics Inc. Common Stock,Biotechnology: Pharmaceutical Preparations,109,1.909999966621399,-36.54485140621417,62,8,C+
ACT,Enact Holdings Inc. Common Stock,Specialty Insurers,112,45.970001220703125,-8.1885330519483,73,76,C+
ACTG,Acacia Research Corporation (Acacia Tech) Common Stock,Multi-Sector Companies,75,4.320000171661377,-16.27906396493436,66,64,C
ACTU,Actuate Therapeutics Inc. Common stock,Biotechnology: Pharmaceutical Preparations,109,0.6100000143051147,-92.45982691224074,4,26,B
ACU,Acme United Corporation. Common Stock,Industrial Machinery/Components,91,62.150001525878906,-2.4332797778588655,91,51,B+
ACVA,ACV Auctions Inc. Class A Common Stock,Business Services,58,10.4399995803833,-0.5714325677780852,94,56,B+
ACXP,Acurx Pharmaceuticals Inc. Common Stock,Biotechnology: Pharmaceutical Preparations,109,1.2699999809265137,-83.26745776818602,12,8,E
AD,Array Digital Infrastructure Inc. Common Shares,Telecommunications Equipment,84,33.38999938964844,-24.202142675784934,50,91,D-
ADAG,Adagene Inc. American Depositary Shares,Biotechnology: Pharmaceutical Preparations,109,2.759999990463257,-42.25941695985998,65,1,C
ADAM,Adamas Trust Inc. Common Stock,Real Estate Investment Trusts,75,7.650000095367432,-22.61738458432201,63,52,D+
ADBE,Adobe Inc. Common Stock,Computer Software: Prepackaged Software,40,242.27000427246094,-32.685948762927744,43,89,C-
ADC,Agree Realty Corporation Common Stock,Real Estate Investment Trusts,75,65.94999694824219,-17.799843971625805,40,72,E
ADCT,ADC Therapeutics SA Common Shares,Biotechnology: Pharmaceutical Preparations,109,1.7300000190734863,-64.54918076837617,31,8,A
ADEA,Adeia Inc. Common Stock,Computer Software: Prepackaged Software,40,23.895000457763672,-28.67900656413136,69,70,C+
ADGM,Adagio Medical Holdings Inc Common Stock,Medical/Dental Instruments,96,0.12999999523162842,-94.46101398908638,2,18,D-
ADI,Analog Devices Inc. Common Stock,Semiconductors,30,406.19000244140625,-8.541897014865995,86,93,C-
ADIL,Adial Pharmaceuticals Inc Common Stock,Biotechnology: Pharmaceutical Preparations,109,3.9000000953674316,-62.8571419488816,85,8,B-
ADM,Archer-Daniels-Midland Company Common Stock,Packaged Foods,120,79.88999938964844,-9.308658518714319,77,69,C
ADMA,ADMA Biologics Inc Common Stock,Biotechnology: Biological Products (No Diagnostic Substances),99,10.359999656677246,-49.165848462735894,45,92,B-
ADNT,Adient plc Ordinary Shares,Auto Parts:O.E.M.,91,17.420000076293945,-35.695828799654606,34,48,C+
ADP,Automatic Data Processing Inc. Common Stock,Diversified Commercial Services,77,270.8800048828125,-5.171287790560097,74,79,C-
ADPT,Adaptive Biotechnologies Corporation Common Stock,Biotechnology: Biological Products (No Diagnostic Substances),99,26.489999771118164,-11.226542775936267,94,8,B+
ADSE,ADS-TEC ENERGY PLC Ordinary Shares,Industrial Specialties,84,9.65999984741211,-25.000001851075904,31,,B-
ADSK,Autodesk Inc. Common Stock,Computer Software: Prepackaged Software,40,235.35000610351562,-24.935410640183896,52,94,B-
ADT,ADT Inc. Common Stock,Diversified Commercial Services,77,6.429999828338623,-24.949188558618076,39,82,D
ADTN,ADTRAN Holdings Inc. Common Stock,Telecommunications Equipment,84,7.460000038146973,-61.54639079981521,19,69,B-
ADUR,Aduro Clean Technologies Inc. Common Stock,Major Chemicals,80,11.109999656677246,-36.11270818508149,29,26,D-
ADUS,Addus HomeCare Corporation Common Stock,Medical/Nursing Services,18,114.33000183105469,-6.859468976737526,67,88,C-
ADV,Advantage Solutions Inc. Class A Common Stock,Business Services,58,30.280000686645508,-35.32678153777764,49,8,E
ADVB,Advanced Biomed Inc. Common Stock,Medical Specialities,15,5.309999942779541,-72.02318192388171,33,,A-
ADXN,Addex Therapeutics Ltd American Depositary Shares,Biotechnology: Pharmaceutical Preparations,109,3.2190001010894775,-70.60273829077349,10,,D+
AEBI,Aebi Schmidt Holding AG Common Stock,Auto Manufacturing,137,11.020000457763672,-29.116102275959644,42,82,D
AEC,Anfield Energy Inc. Common Shares,Metal Mining,110,3.2899999618530273,-69.76103008044787,15,26,E
AEE,Ameren Corporation Common Stock,Power Generation,84,102.19000244140625,-13.019811296617211,49,68,C-
AEG,Aegon Ltd. New York Registry Shares,Life Insurance,28,8.239999771118164,-11.173906575714565,66,8,D-
AEHL,Antelope Enterprise Holdings Limited Class A Ordinary Shares,Building Materials,120,9.869999885559082,-97.62557735289958,8,,A
AEHR,Aehr Test Systems Common Stock,Electrical Products,8,84.63999938964844,-41.872124830118786,98,64,B-
AEI,Alset Inc. Common Stock (TX),Real Estate,99,0.699999988079071,-81.62729662488147,7,26,D-
AEIS,Advanced Energy Industries Inc. Common Stock,Industrial Machinery/Components,91,288.6600036621094,-25.75498073233001,76,90,C
AEM,Agnico Eagle Mines Limited Common Stock,Precious Metals,43,189.02000427246094,-24.697121107242037,75,98,C+
AEMD,Aethlon Medical Inc. Common Stock,Medical/Dental Instruments,96,6.050000190734863,-83.64864813314902,50,8,B+
AENT,Alliance Entertainment Holding Corporation Class A Common Stock,Durable Goods,138,4.460000038146973,-47.09371439276629,19,31,B+
AEO,American Eagle Outfitters Inc. Common Stock,Clothing/Shoe/Accessory Stores,56,18.170000076293945,-33.86110566490247,62,86,B-
AEON,AEON Biopharma Inc. Class A Common Stock,Biotechnology: Pharmaceutical Preparations,109,0.2759999930858612,-80.28571444384906,11,1,A
AEP,American Electric Power Company Inc. Common Stock,Electric Utilities: Central,67,122.80999755859375,-10.775830770562777,52,61,E
AER,AerCap Holdings N.V. Ordinary Shares,Diversified Commercial Services,77,144.72000122070312,-6.526186774956977,61,95,D-
AERO,Grupo Aeromexico S.A.B. de C.V. American Depositary Shares (each representing ten (10) Common Shares),Air Freight/Delivery Services,91,15.569999694824219,-32.0384120535776,41,42,D-
AERT,Aeries Technology Inc. Class A Ordinary Share,Professional Services,47,6.900000095367432,-11.821082893861101,86,,A
AES,The AES Corporation Common Stock,Electric Utilities: Central,67,14.9399995803833,-11.425872851547814,65,76,A
AESI,Atlas Energy Solutions Inc. Common Stock,Mining & Quarrying of Nonmetallic Minerals (No Fuels),91,12.289999961853027,-37.772152091883406,56,8,C-
AESP,Aeon Acquisition I Corp. Class A Ordinary Shares,Blank Checks,42,9.989999771118164,0.0,58,,A+
AEVA,Aeva Technologies Inc. Common Stock,Auto Parts:O.E.M.,91,13.65999984741211,-53.362924477852744,32,8,C-
AEYE,AudioEye Inc. Common Stock,Computer Software: Prepackaged Software,40,6.929999828338623,-54.912167339378314,34,81,B-
AFCG,Advanced Flower Capital Inc. Common Stock,Real Estate,99,3.0299999713897705,-16.7841462219239,67,45,B-
AFG,American Financial Group Inc. Common Stock,Property-Casualty Insurers,52,141.0800018310547,-3.850605916308869,62,80,D+
AFJK,Aimei Health Technology Co. Ltd Ordinary Share,,,12.109999656677246,-86.31638456872628,20,34,B+
AFJKU,Aimei Health Technology Co. Ltd Unit,,,13.5,-82.08836472330869,11,,E
AFL,AFLAC Incorporated Common Stock,Accident &Health Insurance,10,114.54000091552734,-11.140982030019252,56,64,C+
AFRI,Forafric Global PLC Ordinary Shares,Packaged Foods,120,12.720000267028809,0.0,85,,A+
AFRM,Affirm Holdings Inc. Class A Common Stock,Finance: Consumer Services,112,80.69999694824219,-5.922128588652709,75,94,B+
AFYA,Afya Limited Class A Common Shares,Other Consumer Services,99,14.75,-6.9987369527459204,60,65,C-
AG,First Majestic Silver Corp. Ordinary Shares (Canada),Precious Metals,43,17.280000686645508,-45.92481507279802,61,88,C-
AGBK,AGI Inc Class A Common Shares,Commercial Banks,21,6.760000228881836,-43.66666475931803,31,56,C-
AGCC,Agencia Comercial Spirits Ltd Class A Ordinary Shares,Beverages (Production/Distribution),104,15.4399995803833,-35.55926473140295,90,,B-
AGCO,AGCO Corporation Common Stock,Industrial Machinery/Components,91,103.27999877929688,-26.074437166813567,42,62,C
AGEN,Agenus Inc. Common Stock,Biotechnology: Biological Products (No Diagnostic Substances),99,7.670000076293945,-22.759316811942732,95,8,B+
AGI,Alamos Gold Inc. Class A Common Shares,Precious Metals,43,32.900001525878906,-40.35361515875295,47,97,D+
AGIG,Abundia Global Impact Group Inc. Common stock,Oil & Gas Production,10,0.949999988079071,-84.42622946014137,18,26,C-
AGIO,Agios Pharmaceuticals Inc. Common Stock,Biotechnology: Pharmaceutical Preparations,109,31.809999465942383,-30.072547170293895,38,8,B
AGL,agilon health inc. Common Stock,Misc Health and Biotechnology Services,30,82.38999938964844,-36.54497711534136,98,53,C
AGM,Federal Agricultural Mortgage Corporation Common Stock,Finance Companies,52,203.89999389648438,-15.049657284855888,78,86,D-
AGMB,AgomAb Therapeutics NV American Depositary Shares,Biotechnology: Biological Products (No Diagnostic Substances),99,9.079999923706055,-49.04601526820833,22,,C+
AGMH,AGM Group Holdings Inc. Class A Ordinary Shares,EDP Services,116,0.527999997138977,-92.08395815443004,7,,B-
AGNC,AGNC Investment Corp. Common Stock,Real Estate Investment Trusts,75,8.670000076293945,-21.452992213601384,37,34,E
AGNT,AGNT Inc. Common Stock,Real Estate,99,3.7200000286102295,-67.55221716932121,15,39,C+
AGO,Assured Guaranty Ltd. Common Stock,Property-Casualty Insurers,52,70.02999877929688,-22.922514428245634,33,67,D-
AGPU,Axe Compute Inc. Common Stock,Industrial Specialties,84,11.680000305175781,-18.149965448520966,96,8,B
AGRO,Adecoagro S.A. Common Shares,Farming/Seeds/Milling,116,10.239999771118164,-32.54282236327276,67,89,B-
AGRZ,Agroz Inc. Ordinary Shares,Farming/Seeds/Milling,116,4.420000076293945,-96.45264837044765,8,,A
AGX,Argan Inc. Common Stock,Engineering & Construction,67,392.6099853515625,-50.79432941486951,44,94,C-
AGYS,Agilysys Inc. Common Stock (DE),EDP Services,116,105.02999877929688,-25.57397788167518,69,88,B+
AHCO,AdaptHealth Corp. Common Stock,Medical/Nursing Services,18,6.059999942779541,-54.70852099441288,13,31,B-
AHG,Akso Health Group ADS,Business Services,58,1.25,-50.0,29,32,C+
AHMA,Ambitions Enterprise Management Co. L.L.C Class A Ordinary Shares,Services-Misc. Amusement & Recreation,80,1.2799999713897705,-96.55079506780518,21,,A
AHR,American Healthcare REIT Inc. Common Stock,Real Estate Investment Trusts,75,50.79999923706055,-11.564398390019493,66,69,D-
AHRT,AH Realty Trust Inc. Common Stock,Real Estate,99,6.039999961853027,-13.874515336693328,49,8,B-
AHT,Ashford Hospitality Trust Inc Common Stock,Real Estate Investment Trusts,75,2.1700000762939453,-61.99649629077479,14,35,E
AI,C3.ai Inc. Class A Common Stock,Computer Software: Prepackaged Software,40,11.529999732971191,-40.474965237908,67,8,A-
AIAI,AIAI Holdings Corporation Class A Common Stock,EDP Services,116,3.180000066757202,-82.5370663007406,4,,C-
AIB,AIB Data Centers Inc. Common Stock,Investment Bankers/Brokers/Service,49,1.3899999856948853,-61.495844152704926,17,26,B-
AIBZ,Bitzero Holdings Inc. Common Shares,,,3.490000009536743,-63.06878222246084,8,26,E
AIDX,20/20 Biolabs Inc. Common Stock,Precision Instruments,116,0.3799999952316284,-98.40670864086498,5,,C-
AIFA,All In FutureTech Alliance Inc. Common Stock,Services-Misc. Amusement & Recreation,80,5.679999828338623,-25.945244174193892,99,8,A+
AIFC,AI Financial Corporation Common Stock,Finance: Consumer Services,112,0.4399999976158142,-84.77508714033755,11,93,C-
AIFF,Firefly Neuroscience Inc. Common Stock,Computer Software: Prepackaged Software,40,1.190000057220459,-60.59602434648441,36,26,A-
AIFU,AIFU Inc. Class A Ordinary Share,Specialty Insurers,112,12.020000457763672,-89.09255826621381,5,43,C-
AIG,American International Group Inc. New Common Stock,Life Insurance,28,77.04000091552734,-9.312666579072836,52,81,B-
AII,American Integrity Insurance Group Inc. Common Stock,Property-Casualty Insurers,52,26.770000457763672,-0.7415604771327855,89,61,A-
AIIO,Robo.ai Inc. Class B Ordinary Shares,Auto Manufacturing,137,1.0399999618530273,-96.60130735657502,8,,C
AIIR,Air Global PLC Ordinary Shares,Tobacco,,7.440000057220459,-50.39999961853028,35,,E
AIM,AIM ImmunoTech Inc. Common Stock,Biotechnology: Biological Products (No Diagnostic Substances),99,0.18000000715255737,-93.27608747114186,7,8,D
AIMD,Ainos Inc. Common Stock,Computer peripheral equipment,47,1.2100000381469727,-71.52941086713005,14,26,B+
AIN,Albany International Corporation Common Stock,Textiles,34,61.79999923706055,-18.582037278026043,58,64,C-
AIOS,AIOS Tech Inc. Class A Common Shares,Metal Fabrications,39,11.449999809265137,-86.07055932559862,18,,B-
AIOT,PowerFleet Inc. Common Stock,Telecommunications Equipment,84,2.700000047683716,-52.21238934318764,16,40,C-
AIP,Arteris Inc. Common Stock,Semiconductors,30,22.440000534057617,-53.817657000228536,72,8,C-
AIR,AAR Corp. Common Stock,Aerospace,131,100.43000030517578,-34.662679123990095,44,95,D-
AIRE,reAlpha Tech Corp. Common Stock,Real Estate,99,1.1200000047683716,-95.45638936267396,6,26,D
AIRG,Airgain Inc. Common Stock,Radio And Television Broadcasting And Communications Equipment,78,4.039999961853027,-45.33152862187671,29,35,E
AIRI,Air Industries Group Common Stock,Military/Government/Technical,103,2.700000047683716,-23.72881139042753,41,8,D
AIRJ,AirJoule Technologies Corporation Class A Common Stock,Industrial Machinery/Components,91,3.609999895095825,-45.220033209283315,42,26,C
AIRO,AIRO Group Holdings Inc. Common Stock,Aerospace,131,6.119999885559082,-69.52191280472103,22,18,D
AIRS,AirSculpt Technologies Inc. Common Stock,Medical/Nursing Services,18,1.6200000047683716,-86.09442010460128,9,31,D
AIRT,Air T Inc. Common Stock,Air Freight/Delivery Services,91,30.549999237060547,-10.828952907860579,87,,B
AISP,Airship AI Holdings Inc. Class A Common Stock,Computer Software: Prepackaged Software,40,2.4200000762939453,-58.98305021733672,41,8,B
AIT,Applied Industrial Technologies Inc. Common Stock,Industrial Specialties,84,335.3800048828125,-7.340794703170506,77,83,B-
AIV,Apartment Investment and Management Company Common Stock,Real Estate Investment Trusts,75,1.7699999809265137,-43.50783396111555,15,,E
AIXI,XIAO-I Corporation American Depositary Shares,Computer Software: Prepackaged Software,40,2.0299999713897705,-94.79487186823135,13,,A
AIZ,Assurant Inc. Common Stock,Property-Casualty Insurers,52,266.489990234375,-11.359387084255923,71,92,E
AJG,Arthur J. Gallagher & Co. Common Stock,Specialty Insurers,112,232.6999969482422,-22.484541360311493,41,83,C+
AKA,a.k.a. Brands Holding Corp. Common Stock,Catalog/Specialty Distribution,67,10.755000114440918,-27.81878933026587,55,8,B-
AKAM,Akamai Technologies Inc. Common Stock,Business Services,58,106.94999694824219,-33.62914400314153,72,67,B-
AKAN,Akanda Corp. Common Shares,Medicinal Chemicals and Botanical Products,134,1.7599999904632568,-96.91714838717954,4,,C
AKBA,Akebia Therapeutics Inc. Common Stock,Biotechnology: Pharmaceutical Preparations,109,0.8009999990463257,-74.7318618369632,11,1,C+
AKO-A,Embotelladora Andina S.A.,,,24.0,-7.585673336315657,73,60,B+
AKO-B,Embotelladora Andina S.A.,,,29.610000610351562,-7.56512110838724,70,67,C-
AKR,Acadia Realty Trust Common Stock,Real Estate Investment Trusts,75,18.239999771118164,-18.87323448996716,40,48,E
AKTX,Akari Therapeutics plc ADS,Biotechnology: Pharmaceutical Preparations,109,8.770000457763672,-78.504900436867,43,8,B-
ALAB,Astera Labs Inc. Common Stock,Semiconductors,30,342.2099914550781,-29.15200214511373,94,98,C+
ALAR,Alarum Technologies Ltd. American Depositary Share,Computer Software: Prepackaged Software,40,1.5800000429153442,-90.27692281282866,8,48,B-
ALB,Albemarle Corporation Common Stock,Major Chemicals,80,101.2699966430664,-52.75458752071356,28,86,D-
ALC,Alcon Inc. Ordinary Shares,Ophthalmic Goods,127,64.11000061035156,-26.102453359298384,36,85,E
ALCO,Alico Inc. Common Stock,,,38.349998474121094,-13.525654865483016,54,53,B-
ALDF,Aldel Financial II Inc. Class A Ordinary Shares,,,10.819999694824219,-0.09233821747262061,60,59,A+
ALDX,Aldeyra Therapeutics Inc. Common Stock,Biotechnology: Pharmaceutical Preparations,109,0.9160000085830688,-83.84479724413356,7,8,D-
ALEC,Alector Inc. Common Stock,Biotechnology: Biological Products (No Diagnostic Substances),99,2.0799999237060547,-37.160122064552226,70,8,A-
ALG,Alamo Group Inc. Common Stock,Industrial Machinery/Components,91,152.4199981689453,-29.951566356798033,37,69,C-
ALGM,Allegro MicroSystems Inc. Common Stock,Semiconductors,30,35.56999969482422,-48.908362120726125,47,82,B-
ALGN,Align Technology Inc. Common Stock,Industrial Specialties,84,142.7100067138672,-27.74542520230392,36,74,C-
ALGS,Aligos Therapeutics Inc. Common Stock,Biotechnology: Biological Products (No Diagnostic Substances),99,5.340000152587891,-59.83452334002208,19,8,A-
ALGT,Allegiant Travel Company Common Stock,Air Freight/Delivery Services,91,76.43000030517578,-35.85935048986653,37,90,C
ALH,Alliance Laundry Holdings Inc. Common Stock,Industrial Machinery/Components,91,21.270000457763672,-24.062833688121053,37,93,B-
ALHC,Alignment Healthcare Inc. Common Stock,Medical Specialities,15,7.545000076293945,-69.27931498224713,7,91,E
ALIT,Alight Inc. Class A Common Stock,Business Services,58,9.359999656677246,-84.78445036832942,8,43,E
ALK,Alaska Air Group Inc. Common Stock,Air Freight/Delivery Services,91,39.36000061035156,-34.62879719507922,36,8,D-
ALKS,Alkermes plc Ordinary Shares,Biotechnology: Pharmaceutical Preparations,109,40.61000061035156,-26.45780566349204,70,75,D
ALKT,Alkami Technology Inc. Common Stock,Computer Software: Prepackaged Software,40,14.289999961853027,-39.983199150032235,24,92,C-
ALL,Allstate Corporation (The) Common Stock,Property-Casualty Insurers,52,229.42999267578125,-16.257182865362186,60,85,E
ALLE,Allegion plc Ordinary Shares,Diversified Commercial Services,77,150.47999572753906,-15.330123295105412,57,74,E
ALLO,Allogene Therapeutics Inc. Common Stock,Biotechnology: Biological Products (No Diagnostic Substances),99,1.4600000381469727,-52.287579560515084,30,8,D
ALLR,Allarity Therapeutics Inc. Common Stock,Biotechnology: Pharmaceutical Preparations,109,0.9900000095367432,-44.067795468646075,28,1,D-
ALLT,Allot Ltd. Ordinary Shares,Computer Communications Equipment,6,8.390000343322754,-27.04347527545431,50,91,B-
ALLY,Ally Financial Inc. Common Stock,Major Banks,21,37.59000015258789,-19.891719607487033,39,58,E
ALM,Almonty Industries Inc. Common Shares,Other Metals and Minerals,135,11.869999885559082,-49.31682388176392,59,38,C
ALMR,Alamar Biosciences Inc. Common Stock,Biotechnology: Laboratory Analytical Instruments,4,25.270000457763672,-33.72672501996138,66,,B-
ALMS,Alumis Inc. Common Stock,Biotechnology: Pharmaceutical Preparations,109,7.159999847412109,-76.36963687228557,13,8,D
ALMU,Aeluma Inc. Common Stock,Semiconductors,30,11.399999618530273,-63.79803206926007,22,18,C-
ALNT,Allient Inc. Common Stock,Electrical Products,8,109.91000366210938,-7.350580623112468,95,78,C-
ALNY,Alnylam Pharmaceuticals Inc. Common Stock,Biotechnology: Pharmaceutical Preparations,109,232.67999267578125,-52.63222342380984,20,95,E
ALOV,Aldabra 4 Liquidity Opportunity Vehicle Inc. Class A Ordinary Shares,,,10.020000457763672,-0.1991982486588051,59,,E
ALOY,REalloys Inc. Common Stock,EDP Services,116,7.320000171661377,-71.71560892954624,20,,D
ALP,Alpha Compute Corp Common Stock,Oil & Gas Production,10,3.9700000286102295,-63.61136494835124,99,8,E
ALPS,ALPS Group Inc Ordinary Share,,,0.3700000047683716,-85.54687449068295,10,,B-
ALRM,Alarm.com Holdings Inc. Common Stock,Computer Software: Prepackaged Software,40,55.650001525878906,-3.3854114581587935,73,86,B-
ALRS,Alerus Financial Corporation Common Stock,Major Banks,21,31.06999969482422,-8.312802211620006,82,71,B+
ALSN,Allison Transmission Holdings Inc. Common Stock,Auto Parts:O.E.M.,91,109.86000061035156,-18.837563638323076,63,82,D-
ALT,Altimmune Inc. Common Stock,Biotechnology: Pharmaceutical Preparations,109,2.609999895095825,-57.7669908156377,26,8,B-
ALTG,Alta Equipment Group Inc. Class A Common Stock,Industrial Machinery/Components,91,6.340000152587891,-23.614457748264684,52,8,C-
ALTI,AlTi Global Inc. Class A Common Stock,Investment Managers,58,2.609999895095825,-49.71098523467784,21,94,D-
ALTO,Alto Ingredients Inc. Common Stock,Major Chemicals,80,3.7300000190734863,-37.72954655093083,90,45,E
ALV,Autoliv Inc. Common Stock,Auto Parts:O.E.M.,91,109.76000213623047,-16.05862963734014,44,61,D+
ALVO,Alvotech Ordinary Shares,Biotechnology: Biological Products (No Diagnostic Substances),99,5.78000020980835,-35.634738257804734,90,8,A+
ALX,Alexander's Inc. Common Stock,Real Estate Investment Trusts,75,240.99000549316406,-14.375649765076181,54,,C-
ALXO,ALX Oncology Holdings Inc. Common Stock,Biotechnology: Pharmaceutical Preparations,109,1.25,-51.92307515962583,23,8,D
ALZN,Alzamend Neuro Inc. Common Stock,Biotechnology: Pharmaceutical Preparations,109,1.340000033378601,-48.65900048898648,55,8,B+
AM,Antero Midstream Corporation Common Stock,Natural Gas Distribution,28,21.09000015258789,-8.762388026498858,65,68,D
AMAL,Amalgamated Financial Corp. Common Stock (DE),Major Banks,21,46.58000183105469,-8.809709942618237,84,83,B
AMAT,Applied Materials Inc. Common Stock,Semiconductors,30,507.0299987792969,-29.796380945153366,91,90,C+
AMBA,Ambarella Inc. Ordinary Shares,Semiconductors,30,67.43000030517578,-29.40006408020266,52,54,B-
AMBO,Ambow Education Holding Ltd. American Depository Shares (each representing twenty (20) Class A Ordinary Shares),Other Consumer Services,99,1.850000023841858,-67.82608654188074,22,79,C+
AMBP,Ardagh Metal Packaging S.A. Ordinary Shares,Containers/Packaging,102,4.400000095367432,-16.200247163558412,71,64,D+
AMBQ,Ambiq Micro Inc. Common Stock,Semiconductors,30,58.560001373291016,-35.27851547233227,90,26,B-
AMBR,Amber International Holding Limited American Depositary Shares,Finance: Consumer Services,112,1.8799999952316284,-34.494771073295695,54,96,C-
AMC,AMC Entertainment Holdings Inc. Class A Common Stock,Movies/Entertainment,4,2.9800000190734863,-9.422490771244252,95,1,B+
AMCI,AMC Robotics Corporation Common Stock,Home Furnishings,38,2.7799999713897705,-81.0238904861578,9,,D-
AMCR,Amcor plc Ordinary Shares,Miscellaneous manufacturing industries,127,41.720001220703125,-13.821642645295029,62,73,C-
AMCX,AMC Global Media Inc. Class A Common Stock,Cable & Other Pay Television Services,127,10.8100004196167,-15.875485613173979,84,32,D-
AMD,Advanced Micro Devices Inc. Common Stock,Semiconductors,30,608.0999755859375,-6.362601769513942,98,94,A-
AME,AMETEK Inc.,Industrial Machinery/Components,91,248.5800018310547,-3.7048331358283004,77,87,B-
AMG,Affiliated Managers Group Inc. Common Stock,Investment Managers,58,387.260009765625,0.0,85,93,C
AMGN,Amgen Inc. Common Stock,Biotechnology: Biological Products (No Diagnostic Substances),99,414.8699951171875,-6.5860578946196675,84,71,B-
AMH,American Homes 4 Rent Common Shares of Beneficial Interest,Real Estate Investment Trusts,75,30.850000381469727,-10.441667511994424,52,86,E
AMIX,Autonomix Medical Inc. Common Stock,Medical/Dental Instruments,96,3.109999895095825,-88.2464096647651,7,26,D+
AMKR,Amkor Technology Inc. Common Stock,Semiconductors,30,49.119998931884766,-47.396693526129276,53,87,D
AMLX,Amylyx Pharmaceuticals Inc. Common Stock,Biotechnology: Pharmaceutical Preparations,109,28.139999389648438,-29.046899904401723,97,8,B-
AMN,AMN Healthcare Services Inc,Professional Services,47,36.52000045776367,-0.8686202320814629,95,79,C
AMOD,Alpha Modus Holdings Inc. Class A Common Stock,Multi-Sector Companies,75,2.190000057220459,-95.47520663599671,4,26,C-
AMP,Ameriprise Financial Inc. Common Stock,Investment Managers,58,500.510009765625,-12.295854736582946,60,93,E
AMPG,Amplitech Group Inc. Common Stock,Telecommunications Equipment,84,2.8399999141693115,-70.72164979367699,28,8,D-
AMPH,Amphastar Pharmaceuticals Inc. Common Stock,Biotechnology: Pharmaceutical Preparations,109,26.6200008392334,-9.455778283563966,82,69,C
AMPL,Amplitude Inc. Class A Common Stock,Computer Software: Prepackaged Software,40,15.670000076293945,0.0,96,37,B
AMPX,Amprius Technologies Inc. Common Stock,Industrial Machinery/Components,91,9.4399995803833,-58.795287458504134,30,8,D
AMPY,Amplify Energy Corp. Common Stock,Oil & Gas Production,10,4.460000038146973,-32.730015668739284,47,32,B
AMR,Alpha Metallurgical Resources Inc. Common Stock,Coal Mining,67,181.57000732421875,-27.270173537634655,64,8,C-
AMRC,Ameresco Inc. Class A Common Stock,Engineering & Construction,67,21.329999923706055,-50.65926405373579,27,33,D-
AMRN,Amarin Corporation plc,Biotechnology: Pharmaceutical Preparations,109,12.029999732971191,-40.592593911253374,26,55,E
AMRX,Amneal Pharmaceuticals Inc. Class A Common Stock,Biotechnology: Pharmaceutical Preparations,109,19.90999984741211,-2.878049524818982,92,76,B-
AMRZ,Amrize Ltd Ordinary Shares,Building Materials,120,36.20000076293945,-44.35516083832105,21,52,E
AMS,American Shared Hospital Services Common Stock,Medical Specialities,15,1.3200000524520874,-45.67901167946851,27,8,E
AMSC,American Superconductor Corporation Common Stock,Metal Fabrications,39,30.520000457763672,-54.22915369213837,31,71,D
AMSF,AMERISAFE Inc. Common Stock,Property-Casualty Insurers,52,24.40999984741211,-37.361959244627876,20,51,E
AMSS,AMASS Brands Inc. Common Stock,Beverages (Production/Distribution),104,0.3400000035762787,-97.00440535551549,2,,C-
AMST,Amesite Inc. Common Stock,Computer Software: Prepackaged Software,40,0.8759999871253967,-76.5147457735673,13,,B+
AMT,American Tower Corporation (REIT) Common Stock,Real Estate Investment Trusts,75,182.24000549316406,-4.199074820502824,67,86,D+
AMTB,Amerant Bancorp Inc. Class A Common Stock,Major Banks,21,28.770000457763672,-5.627926258504656,86,72,B+
AMTD,AMTD IDEA Group American Depositary Shares each representing six (6) Class A Ordinary Shares,Finance: Consumer Services,112,0.5109999775886536,-60.38759746514838,11,,E
AMTM,Amentum Holdings Inc. Common Stock,Business Services,58,19.290000915527344,-48.6011149934582,29,90,C-
AMTX,Aemetis Inc. (DE) Common Stock,Major Chemicals,80,1.659999966621399,-54.64481071877793,39,8,B-
AMWL,American Well Corporation Class A Common Stock,Business Services,58,12.699999809265137,-8.43547286191476,96,8,A-
AMZE,Amaze Holdings Inc. Common Stock,Beverages (Production/Distribution),104,0.014999999664723873,-99.91071428365524,1,26,B-
AMZN,Amazon.com Inc. Common Stock,Catalog/Specialty Distribution,67,262.42999267578125,-7.60157635836376,70,97,C-
AN,AutoNation Inc. Common Stock,Retail-Auto Dealers and Gas Stations,110,157.3800048828125,-31.567959037070736,26,71,D
ANAB,AnaptysBio Inc. Common Stock,Biotechnology: Pharmaceutical Preparations,109,45.95000076293945,-34.17848106301371,82,96,E
ANDE,Andersons Inc. (The) Common Stock,Farming/Seeds/Milling,116,63.88999938964844,-20.755435094268993,66,95,D-
ANDG,Andersen Group Inc. Class A Common Stock,Business Services,58,56.81999969482422,-1.096607588770726,97,43,B-
ANET,Arista Networks Inc. Common Stock,Computer Communications Equipment,6,216.74000549316406,0.0,90,98,A
ANF,Abercrombie & Fitch Company Common Stock,Clothing/Shoe/Accessory Stores,56,142.5800018310547,-6.246712181496106,93,76,B
ANGH,Anghami Inc. Ordinary Shares,Telecommunications Equipment,84,3.7699999809265137,-36.10169627138402,68,,D-
ANGI,Angi Inc. Class A Common Stock,Advertising,131,6.590000152587891,-53.68938605354141,30,8,B+
ANGO,AngioDynamics Inc. Common Stock,Medical/Dental Instruments,96,11.520000457763672,-28.58027862900293,62,31,D
ANGX,Angel Studios Inc. Class A Common Stock,Movies/Entertainment,4,3.9800000190734863,-46.21621665160441,67,26,B-
ANIK,Anika Therapeutics Inc. Common Stock,Medical/Dental Instruments,96,19.579999923706055,-11.121201482415898,94,92,C+
ANIP,ANI Pharmaceuticals Inc.,Biotechnology: Pharmaceutical Preparations,109,73.88999938964844,-22.53092732501566,40,89,A-
ANIX,Anixa Biosciences Inc. Common Stock,Biotechnology: Pharmaceutical Preparations,109,2.9000000953674316,-44.44444038452807,40,8,B-
ANL,Adlai Nortye Ltd. American Depositary Shares,Biotechnology: Pharmaceutical Preparations,109,15.619999885559082,-5.903617309579112,99,,A-
ANNA,AleAnna Inc. Class A Common Stock,Oil & Gas Production,10,2.569999933242798,-74.90234384094947,24,98,B-
ANNX,Annexon Inc. Common Stock,Biotechnology: Pharmaceutical Preparations,109,4.019999980926514,-42.24137990095763,32,8,B-
ANPA,Rich Sparkle Holdings Limited Ordinary Shares,Other Consumer Services,99,1.909999966621399,-98.7902970587087,4,,B+
ANRO,Alto Neuroscience Inc. Common Stock,Biotechnology: Pharmaceutical Preparations,109,24.3700008392334,-33.487987867929846,95,8,C-
ANTA,Antalpha Platform Holding Company Class A Ordinary Shares,Investment Bankers/Brokers/Service,49,2.369999885559082,-80.91787543477797,6,97,B-
ANTX,AN2 Therapeutics Inc. Common Stock,Biotechnology: Pharmaceutical Preparations,109,4.400000095367432,-29.93630655465044,97,8,C+
ANVS,Annovis Bio Inc. Common Stock,Biotechnology: Pharmaceutical Preparations,109,1.2100000381469727,-76.27450861228698,14,8,E
AOMR,Angel Oak Mortgage REIT Inc. Common Stock,Real Estate,99,7.260000228881836,-18.435368114645122,38,40,E
AON,Aon plc Class A Ordinary Shares (Ireland),Specialty Insurers,112,273.4700012207031,-28.10854480026218,27,69,D-
AORT,Artivion Inc. Common Stock,Medical/Dental Instruments,96,21.260000228881836,-55.36426673919637,18,55,C-
AOS,A.O. Smith Corporation Common Stock,Consumer Electronics/Appliances,104,56.380001068115234,-29.111604260341228,38,65,D
AOSL,Alpha and Omega Semiconductor Limited Common Shares,Semiconductors,30,27.8700008392334,-47.73068079754932,54,8,D+
AOUT,American Outdoor Brands Inc. Common Stock,Recreational Games/Products/Toys,67,16.5,-5.982901895763337,94,50,A-
AP,Ampco-Pittsburgh Corporation Common Stock,Fluid Controls,21,9.25,-24.180326683487298,96,51,C+
APA,APA Corporation Common Stock,Oil & Gas Production,10,45.880001068115234,-3.227164699896934,93,93,B-
APAC,StoneBridge Acquisition II Corporation Class A Ordinary Shares,,,10.270000457763672,0.0,60,99,B-
APAM,Artisan Partners Asset Management Inc. Class A Common Stock,Investment Managers,58,33.459999084472656,-23.32722375699784,40,66,D-
APC,ARKO Petroleum Corp. Class A Common Stock,Oil Refining/Marketing,140,16.149999618530273,-23.085843990886122,39,60,C-
APD,Air Products and Chemicals Inc. Common Stock,Major Chemicals,80,281.260009765625,-9.894742111231059,56,82,D-
APEI,American Public Education Inc. Common Stock,Other Consumer Services,99,47.869998931884766,-21.34407089745798,53,84,D+
APG,APi Group Corporation Common Stock,Engineering & Construction,67,40.31999969482422,-18.380569940464465,55,83,C
APH,Amphenol Corporation Common Stock,Electrical Products,8,87.23999786376953,-1.557216023518715,83,98,C-
API,Agora Inc. American Depositary Shares,Computer Software: Prepackaged Software,40,4.079999923706055,-22.43346490170447,57,8,B-
APLD,Applied Digital Corporation Common Stock,Medical/Dental Instruments,96,23.68000030517578,-52.30614385211422,32,96,B-
APLE,Apple Hospitality REIT Inc. Common Shares,Real Estate Investment Trusts,75,16.309999465942383,-3.0467724083539705,84,76,D+
APLM,Apollomics Inc. Class A Ordinary Shares,Biotechnology: Pharmaceutical Preparations,109,21.5,-41.33697379297884,89,,E
APO,Apollo Global Management Inc. (New) Common Stock,Investment Managers,58,118.6500015258789,-21.32127718648399,54,83,D-
APOG,Apogee Enterprises Inc. Common Stock,Auto Parts:O.E.M.,91,40.59000015258789,-16.449370419327312,69,68,B+
APP,Applovin Corporation Class A Common Stock,Computer Software: Programming Data Processing,80,277.0400085449219,-62.23554828724662,13,96,E
APPF,AppFolio Inc. Class A Common Stock,Computer Software: Prepackaged Software,40,202.1999969482422,-22.900942034989203,69,84,C-
APPN,Appian Corporation Class A Common Stock,Computer Software: Prepackaged Software,40,40.099998474121094,-12.138477190216324,93,90,B
APPS,Digital Turbine Inc. Common Stock,Multi-Sector Companies,75,10.430000305175781,-27.519110101929158,97,79,B+
APRE,Aprea Therapeutics Inc. Common stock,Biotechnology: Pharmaceutical Preparations,109,0.6039999723434448,-63.39394054115094,19,1,B-
APT,Alpha Pro Tech Ltd. Common Stock,Industrial Specialties,84,5.840000152587891,-12.04818870457489,82,90,A
APTV,Aptiv PLC Ordinary Shares,Auto Parts:O.E.M.,91,43.79999923706055,-50.60336061628507,17,66,E
APUR,Aperture AC Class A Ordinary Shares,Blank Checks,42,10.039999961853027,-0.4955420215929207,57,,A+
APUS,Apimeds Pharmaceuticals US Inc. Common Stock,Biotechnology: Pharmaceutical Preparations,109,5.019999980926514,-87.1116819445534,9,26,A-
APVO,Aptevo Therapeutics Inc. Common Stock,Biotechnology: Pharmaceutical Preparations,109,1.7899999618530273,-94.3497476495902,5,8,E
APWC,Asia Pacific Wire & Cable Corporation Ltd. Ordinary Shares (Bermuda),Telecommunications Equipment,84,1.3799999952316284,-33.9712893825586,38,40,C+
APXT,Apex Treasury Corporation Class A Ordinary Share,Computer Software: Prepackaged Software,40,10.154999732971191,-0.049213725551300325,59,,B-
APYX,Apyx Medical Corporation Common Stock,Medical/Dental Instruments,96,2.5899999141693115,-46.70782216015272,21,8,D
AQB,AquaBounty Technologies Inc. Common Stock,Meat/Poultry/Fish,96,1.0499999523162842,-45.59585591438376,53,8,B-
AQMS,Aqua Metals Inc. Common Stock,Metal Fabrications,39,2.0299999713897705,-93.14652291062423,13,8,D+
AQN,Algonquin Power & Utilities Corp. Common Shares,Electric Utilities: Central,67,5.110000133514404,-24.21237302336101,37,46,C
AQST,Aquestive Therapeutics Inc. Common Stock,Biotechnology: Pharmaceutical Preparations,109,4.78000020980835,-36.18157068254817,58,8,C-
AR,Antero Resources Corporation Common Stock,Oil & Gas Production,10,35.900001525878906,-20.487263980928372,63,79,C
ARAI,Arrive AI Inc. Common Stock,Diversified Commercial Services,77,0.15199999511241913,-97.58730173792758,3,26,E
ARAY,Accuray Incorporated Common Stock,Medical/Dental Instruments,96,0.23000000417232513,-87.56756750225934,12,8,A-
ARBB,ARB IOT Group Limited Ordinary Shares,EDP Services,116,4.369999885559082,-39.6408836504125,41,,E
ARBE,Arbe Robotics Ltd. Ordinary Shares,EDP Services,116,0.550000011920929,-79.16666704295861,15,8,B-
ARBK,Argo Blockchain plc American Depositary Shares,Finance: Consumer Services,112,2.0999999046325684,-98.43694189412638,11,,E
ARCB,ArcBest Corporation Common Stock,Trucking Freight/Courier Services,58,129.36000061035156,-25.254084923092545,83,55,C-
ARCC,Ares Capital Corporation Common Stock,Finance: Consumer Services,112,18.559999465942383,-5.789417122674934,61,64,C-
ARCI,Archimedes Tech SPAC Partners III Co. Ordinary Share,,,10.050000190734863,-1.1799398688186802,58,,A
ARCL,ARC Group Acquisition I Corp Class A Ordinary Shares,Blank Checks,42,10.0,-0.29910003758598647,57,,A+
ARCO,Arcos Dorados Holdings Inc. Class A Shares,Restaurants,89,7.769999980926514,-16.761581521016755,56,98,C-
ARCT,Arcturus Therapeutics Holdings Inc. Common Stock,Biotechnology: Pharmaceutical Preparations,109,13.739999771118164,-40.6735757269296,95,8,B+
ARDT,Ardent Health Inc. Common Stock,Hospital/Nursing Management,32,11.300000190734863,-25.706770792937238,70,66,B+
ARDX,Ardelyx Inc. Common Stock,Biotechnology: Pharmaceutical Preparations,109,3.2799999713897705,-58.94868503943962,14,8,E
ARE,Alexandria Real Estate Equities Inc. Common Stock,Real Estate Investment Trusts,75,45.5099983215332,-38.045422173559416,42,36,B-
AREC,American Resources Corporation Class A Common Stock,Coal Mining,67,1.590000033378601,-76.29045340119154,20,8,D
ARES,Ares Management Corporation Class A Common Stock,Investment Managers,58,117.22000122070312,-31.529865379404765,45,87,C
ARGX,argenx SE American Depositary Shares,Biotechnology: Biological Products (No Diagnostic Substances),99,825.030029296875,-22.086126142701566,55,91,E
ARHS,Arhaus Inc. Class A Common Stock,Other Specialty Stores,115,9.6899995803833,-14.341404188112861,78,46,B+
ARI,Apollo Commercial Real Estate Finance Inc,Real Estate Investment Trusts,75,6.239999771118164,-13.669833040524404,49,31,D
ARIS,Aris Mining Corporation Common Shares,,,17.329999923706055,-23.58906662028928,79,98,D-
ARKO,ARKO Corp. Common Stock,Food Chains,49,4.110000133514404,-52.12496982571064,24,33,E
ARKR,Ark Restaurants Corp. Common Stock,Restaurants,89,4.46999979019165,-44.47205361142239,21,33,B-
ARL,American Realty Investors Inc. Common Stock,Other Consumer Services,99,16.450000762939453,-29.820817456731298,51,31,D+
ARLO,Arlo Technologies Inc. Common Stock,Consumer Electronics/Appliances,104,12.399999618530273,-36.21399548417563,39,99,C-
ARM,Arm Holdings plc American Depositary Shares,Semiconductors,30,266.2799987792969,-39.407453702980334,93,81,B-
ARMK,Aramark Common Stock,Restaurants,89,54.939998626708984,-11.766007928578592,82,96,C-
ARMP,Armata Pharmaceuticals Inc. Common Stock,Biotechnology: Biological Products (No Diagnostic Substances),99,3.630000114440918,-75.47297251581537,24,35,C
AROC,Archrock Inc. Common Stock,Natural Gas Distribution,28,30.280000686645508,-27.34300070975335,50,73,D+
AROW,Arrow Financial Corporation Common Stock,Major Banks,21,36.380001068115234,-13.735229322861098,66,75,C+
ARQ,Arq Inc. Common Stock,Major Chemicals,80,2.0299999713897705,-71.8446607399534,22,52,D-
ARQQ,Arqit Quantum Inc. Ordinary Shares,Computer Software: Prepackaged Software,40,17.229999542236328,-70.43075440727809,34,,C-
ARQT,Arcutis Biotherapeutics Inc. Common Stock,Biotechnology: Pharmaceutical Preparations,109,26.579999923706055,-14.80769463544761,63,64,C+
ARR,ARMOUR Residential REIT Inc.,Real Estate Investment Trusts,75,13.59000015258789,-20.40652684277363,37,33,E
ARRY,Array Technologies Inc. Common Stock,Miscellaneous manufacturing industries,127,3.680000066757202,-69.23076877073852,11,45,C-
ARTL,Artelo Biosciences Inc. Common Stock,Biotechnology: Pharmaceutical Preparations,109,3.259999990463257,-97.51050014017811,3,8,B+
ARTNA,Artesian Resources Corporation Class A Common Stock,Water Supply,43,33.630001068115234,-8.34014083708955,61,69,D-
ARTV,Artiva Biotherapeutics Inc. Common Stock,Biotechnology: Biological Products (No Diagnostic Substances),99,6.940000057220459,-48.17027722720517,86,8,C-
ARTW,Art's-Way Manufacturing Co. Inc. Common Stock,Industrial Machinery/Components,91,3.5399999618530273,-3.542237377068269,91,78,A-
ARVN,Arvinas Inc. Common Stock,Biotechnology: Pharmaceutical Preparations,109,7.639999866485596,-44.75777361798937,29,64,D
ARW,Arrow Electronics Inc. Common Stock,Electronic Components,2,227.89999389648438,-5.830337973894295,93,91,B-
ARWR,Arrowhead Pharmaceuticals Inc. Common Stock,Biotechnology: Pharmaceutical Preparations,109,62.75,-29.95869788482075,66,8,D
ARX,Accelerant Holdings Class A Common Shares,Specialty Insurers,112,19.799999237060547,-0.40241412013706235,91,52,B-
ARXS,Arxis Inc. Class A Common Stock,Military/Government/Technical,103,47.88999938964844,-20.170031589049962,80,,A-
AS,Amer Sports Inc. Ordinary Shares,Apparel,116,28.139999389648438,-32.93612963861652,29,87,C
ASA,ASA  Gold and Precious Metals Limited,Precious Metals,43,56.36000061035156,-30.62465363828535,61,,C-
ASAN,Asana Inc. Class A Common Stock,Computer Software: Prepackaged Software,40,10.069999694824219,-33.70638595784533,79,90,B-
ASB,Associated Banc-Corp Common Stock,Major Banks,21,28.649999618530273,-10.682318693595395,62,75,D
ASBP,Aspire Biopharma Holdings Inc. Common Stock,Biotechnology: Pharmaceutical Preparations,109,8.300000190734863,-53.37078344669914,99,26,C-
ASC,Ardmore Shipping Corporation Common Stock,Marine Transportation,3,19.280000686645508,-0.9758532789400975,92,98,A-
ASH,Ashland Inc. Common Stock,Specialty Chemicals,106,70.56999969482422,-7.159555967833986,83,46,C+
ASIC,Ategrity Specialty Insurance Company Holdings Common Stock,Property-Casualty Insurers,52,25.93000030517578,-9.525469493269512,83,92,D-
ASIX,AdvanSix Inc. Common Stock,Major Chemicals,80,16.239999771118164,-36.88165881372668,29,22,E
ASLE,AerSale Corporation Common Stock,Industrial Specialties,84,5.079999923706055,-36.10062835742851,25,39,D
ASM,Avino Silver & Gold Mines Ltd. Common Shares (Canada),Metal Mining,110,5.550000190734863,-50.62277309830634,44,98,C+
ASMB,Assembly Biosciences Inc. Common Stock,Biotechnology: Pharmaceutical Preparations,109,23.530000686645508,-38.88311509962206,34,38,D
ASML,ASML Holding N.V. New York Registry Shares,Industrial Machinery/Components,91,1780.3399658203125,-10.394759493506012,88,87,C-
ASND,Ascendis Pharma A/S Ordinary Share,Biotechnology: Pharmaceutical Preparations,109,229.22999572753906,-17.29922729463722,51,53,D
ASO,Academy Sports and Outdoors Inc. Common Stock,Other Specialty Stores,115,53.4900016784668,-11.807897832111081,64,66,B-
ASPI,ASP Isotopes Inc. Common Stock,Major Chemicals,80,2.6500000953674316,-81.13878961286457,10,8,E
ASPN,Aspen Aerogels Inc. Common Stock,RETAIL: Building Materials,122,5.650000095367432,-35.94103978616935,84,8,C
ASPS,Altisource Portfolio Solutions S.A. Common Stock,Other Consumer Services,99,5.989999771118164,-57.03012947326459,26,1,B-
ASR,Grupo Aeroportuario del Sureste S.A. de C.V. Common Stock,Aerospace,131,231.75,-38.046629106234676,25,78,E
ASRV,AmeriServ Financial Inc. Common Stock,Major Banks,21,4.389999866485596,-16.221372934357724,86,82,B
ASST,Strive Inc. Class A Common Stock,Computer Software: Prepackaged Software,40,27.799999237060547,-23.204423615588965,97,26,B+
ASTC,Astrotech Corporation (DE) Common Stock,Biotechnology: Laboratory Analytical Instruments,4,6.809999942779541,-86.32530111022247,89,,A
ASTE,Astec Industries Inc. Common Stock,Construction/Ag Equipment/Trucks,21,38.709999084472656,-40.133587439491095,23,46,D
ASTH,Astrana Health Inc. Common Stock,Professional Services,47,37.54999923706055,-24.613535029542266,71,90,C
ASTI,Ascent Solar Technologies Inc. Common Stock,Semiconductors,30,2.184999942779541,-75.7760550788124,16,8,C-
ASTL,Algoma Steel Group Inc. Common Shares,Steel/Iron Ore,17,4.300000190734863,-25.86206811503482,70,1,B-
ASTS,AST SpaceMobile Inc. Class A Common Stock,Telecommunications Equipment,84,50.96500015258789,-61.70636294616969,17,8,D
ASUR,Asure Software Inc Common Stock,EDP Services,116,7.340000152587891,-27.470353403246207,36,91,C
ASX,ASE Technology Holding Co. Ltd. American Depositary Shares (each representing Two Common Shares),Semiconductors,30,46.43000030517578,-2.3143246420621266,98,92,B-
ASYS,Amtech Systems Inc. Common Stock,Industrial Machinery/Components,91,16.450000762939453,-31.42975856655156,79,94,C+
ATAT,Atour Lifestyle Holdings Limited American Depositary Shares,Hotels/Resorts,74,33.06999969482422,-21.65253102998642,49,94,C-
ATCH,AtlasClear Holdings Inc. Common Stock,Finance: Consumer Services,112,0.17499999701976776,-65.00000059604645,27,,C-
ATCX,Atlas Critical Minerals Corporation Common Stock,Precious Metals,43,2.5999999046325684,-78.96440148177537,11,,D
ATEC,Alphatec Holdings Inc. Common Stock,Medical/Dental Instruments,96,10.670000076293945,-52.954144917454194,38,95,B-
ATEN,A10 Networks Inc. Common Stock,Computer Communications Equipment,6,29.6299991607666,-22.080759541721307,84,81,B-
ATER,Aterian Inc. Common Stock,Home Furnishings,38,0.6110000014305115,-56.043164912331854,16,8,A
ATEX,Anterix Inc. Common Stock,Telecommunications Equipment,84,84.52999877929688,-21.879767710482234,98,73,D-
ATGL,Alpha Technology Group Limited Class A Ordinary Shares,EDP Services,116,4.510000228881836,-85.26625240459269,5,,A-
ATHE,Alterity Therapeutics Limited American Depositary Shares,Biotechnology: Pharmaceutical Preparations,109,3.119999885559082,-47.02886322099865,23,,E
ATHM,Autohome Inc. American Depositary Shares each representing four class A ordinary shares.,EDP Services,116,20.670000076293945,-23.834162660129977,53,46,C+
ATHR,Aether Holdings Inc. Common Stock,Computer Software: Prepackaged Software,40,2.9800000190734863,-54.1538458604079,27,26,C+
ATI,ATI Inc. Common Stock,Steel/Iron Ore,17,191.83999633789062,-17.231858940269262,91,99,B-
ATII,Archimedes Tech SPAC Partners II Co. Ordinary Shares,,,10.6899995803833,-6.0632735247693414,59,34,A
ATIIU,Archimedes Tech SPAC Partners II Co. Unit,Blank Checks,42,11.239999771118164,-30.402476553488256,60,,C-
ATKR,Atkore Inc. Common Stock,Industrial Machinery/Components,91,94.83999633789062,-0.010545214961910077,90,48,A
ATLC,Atlanticus Holdings Corporation Common Stock,Finance: Consumer Services,112,93.7300033569336,-16.155288854716577,87,98,B-
ATLO,Ames National Corporation Common Stock,Major Banks,21,31.459999084472656,-4.143816645330556,84,82,C
ATLX,Atlas Lithium Corporation Common Stock,Mining & Quarrying of Nonmetallic Minerals (No Fuels),91,2.2899999618530273,-69.2617446915222,13,8,E
ATMU,Atmus Filtration Technologies Inc. Common Stock,Auto Parts:O.E.M.,91,42.810001373291016,-34.55801056646024,31,78,E
ATNI,ATN International Inc. Common Stock,Telecommunications Equipment,84,25.489999771118164,-19.787043532666182,84,34,D
ATNM,Actinium Pharmaceuticals Inc. (Delaware) Common Stock,Biotechnology: Pharmaceutical Preparations,109,1.100000023841858,-34.911243396581504,53,64,C
ATO,Atmos Energy Corporation Common Stock,Oil/Gas Transmission,40,161.66000366210938,-14.943793884684741,43,69,D
ATOM,Atomera Incorporated Common Stock,Semiconductors,30,4.159999847412109,-65.6482248938929,47,8,C-
ATOS,Atossa Therapeutics Inc. Common Stock,Biotechnology: Pharmaceutical Preparations,109,2.440000057220459,-86.21468953645827,14,8,B+
ATPC,Agape ATP Corporation Common Stock,Medical/Nursing Services,18,2.2249999046325684,-96.77536245705424,15,38,A
ATR,AptarGroup Inc. Common Stock,Plastic Products,8,120.37999725341797,-16.77002687569398,48,62,D+
ATRA,Atara Biotherapeutics Inc. Common Stock,Biotechnology: Biological Products (No Diagnostic Substances),99,9.479999542236328,-47.595359523089044,68,8,B+
ATRC,AtriCure Inc. Common Stock,Medical/Dental Instruments,96,55.810001373291016,-8.161920432960923,94,96,B-
ATRO,Astronics Corporation Common Stock,Military/Government/Technical,103,64.22000122070312,-31.278755144024515,78,87,D-
ATS,ATS Corporation Common Shares,Industrial Machinery/Components,91,17.649999618530273,-50.113060809269996,16,50,C-
ATXG,Addentax Group Corp. Common Stock,Professional Services,47,3.0209999084472656,-80.44660229292937,13,,C
ATYR,aTyr Pharma Inc. Common Stock,Biotechnology: Biological Products (No Diagnostic Substances),99,0.2460000067949295,-76.79245093637778,7,8,E
AU,AngloGold Ashanti PLC Ordinary Shares,Precious Metals,43,94.16000366210938,-23.967709930271464,74,97,B-
AUB,Atlantic Union Bankshares Corporation Common Stock,Major Banks,21,37.79999923706055,-12.11697570895014,54,73,B-
AUBN,Auburn National Bancorporation Inc. Common Stock,Major Banks,21,26.540000915527344,-7.158332941894874,65,43,D
AUC,ATIF Holdings Limited Ordinary Shares,Professional Services,47,9.1899995803833,-12.808352811724156,81,,B-
AUDC,AudioCodes Ltd. Common Stock,Telecommunications Equipment,84,11.390000343322754,0.0,84,49,B+
AUGO,Aura Minerals Inc. Common Shares,,,91.26000213623047,-14.729679684656894,96,97,B
AUID,authID Inc. Common Stock,Computer Software: Prepackaged Software,40,0.3499999940395355,-87.58865239982255,5,18,B
AUNA,Auna SA Class A Ordinary Shares,Medical/Nursing Services,18,5.119999885559082,-22.891566438103194,44,51,C+
AUPH,Aurinia Pharmaceuticals Inc Ordinary Shares,Biotechnology: Pharmaceutical Preparations,109,16.649999618530273,-10.58002756128894,75,88,B-
AUR,Aurora Innovation Inc. Class A Common Stock,EDP Services,116,5.829999923706055,-30.595235851616444,74,8,D
AURA,Aura Biosciences Inc. Common Stock,Biotechnology: Biological Products (No Diagnostic Substances),99,6.539999961853027,-26.516851211584335,62,8,C-
AURE,Aurelion Inc. Class A Ordinary Shares,Finance: Consumer Services,112,1.0399999618530273,-91.11111129224584,8,37,B+
AUST,Austin Gold Corp. Common Shares,Precious Metals,43,0.9800000190734863,-65.49295603200282,22,26,E
AUTL,Autolus Therapeutics plc American Depositary Share,Biotechnology: Biological Products (No Diagnostic Substances),99,1.809999942779541,-28.740158662873494,74,8,C-
AUUD,Auddia Inc. Common Stock,EDP Services,116,1.059999942779541,-93.48857183329523,8,8,A-
AVA,Avista Corporation Common Stock,Power Generation,84,35.4900016784668,-15.286304522514694,41,74,E
AVAH,Aveanna Healthcare Holdings Inc. Common Stock,Medical/Nursing Services,18,12.25,-14.81223989909356,92,69,C-
AVAT,Avalanche Treasury Corporation Class A Common Stock,Finance: Consumer Services,112,1.2799999713897705,-87.94726944272104,70,,A
AVAV,AeroVironment Inc. Common Stock,Aerospace,131,137.11000061035156,-66.54466361597608,20,82,C
AVBC,Avidia Bancorp Inc. Common Stock,Banks,19,21.889999389648438,-3.098719602528477,81,57,B+
AVBH,Avidbank Holdings Inc. Common stock,Commercial Banks,21,31.049999237060547,-7.3410898468827535,67,68,A
AVBP,ArriVent BioPharma Inc. Common Stock,Biotechnology: Pharmaceutical Preparations,109,16.729999542236328,-51.84226040896759,18,8,C-
AVD,American Vanguard Corporation Common Stock ($0.10 Par Value),Agricultural Chemicals,135,1.600000023841858,-70.42513735731022,11,8,E
AVEX,AEVEX Corp. Class A Common Stock,Aerospace,131,14.630000114440918,-63.858694960764126,20,,D
AVGO,Broadcom Inc. Common Stock,Semiconductors,30,361.5400085449219,-24.668982585714804,56,98,C
AVIR,Atea Pharmaceuticals Inc. Common Stock,Biotechnology: Pharmaceutical Preparations,109,5.150000095367432,-16.260162349481313,83,8,B
AVLN,Avalyn Pharma Inc. Common Stock,Biotechnology: Pharmaceutical Preparations,109,25.760000228881836,-34.36942616845392,40,,B-
AVNT,Avient Corporation Common Stock,Major Chemicals,80,37.790000915527344,-17.909473900534323,72,69,D
AVNW,Aviat Networks Inc. Common Stock,Radio And Television Broadcasting And Communications Equipment,78,20.770000457763672,-22.326100839397466,50,36,B-
AVO,Mission Produce Inc. Common Stock,Farming/Seeds/Milling,116,11.734999656677246,-23.500654889514283,41,40,D-
AVPT,AvePoint Inc. Class A Common Stock,Computer Software: Prepackaged Software,40,14.630000114440918,-3.623189589445097,80,78,B-
AVR,Anteris Technologies Global Corp. Common Stock,Industrial Specialties,84,6.769999980926514,-35.95080249395315,70,18,E
AVT,Avnet Inc. Common Stock,Electronic Components,2,99.36000061035156,-7.088088328039699,94,93,B+
AVTR,Avantor Inc. Common Stock,Biotechnology: Laboratory Analytical Instruments,4,15.670000076293945,-1.1979797257013702,92,52,B
AVTX,Avalo Therapeutics Inc. Common Stock,Biotechnology: Pharmaceutical Preparations,109,13.649999618530273,-40.31482677030011,34,8,C-
AVX,Avax One Technology Ltd. Common Shares,Finance: Consumer Services,112,4.789999961853027,-89.298480470343,14,18,A-
AVXL,Anavex Life Sciences Corp. Common Stock,Biotechnology: Biological Products (No Diagnostic Substances),99,1.4900000095367432,-84.3487401482042,9,8,E
AVY,Avery Dennison Corporation Common Stock,Containers/Packaging,102,167.82000732421875,-13.538201749007106,59,77,E
AWI,Armstrong World Industries Inc Common Stock,Plastic Products,8,161.8699951171875,-19.923325517884503,45,76,C+
AWK,American Water Works Company Inc. Common Stock,Water Supply,43,128.8800048828125,-8.96239105166402,52,60,C-
AWR,American States Water Company Common Stock,Water Supply,43,82.26000213623047,-9.703618535626891,66,75,D-
AWRE,Aware Inc. Common Stock,Computer Software: Prepackaged Software,40,1.0399999618530273,-58.8932816753457,19,8,D-
AWX,Avalon Holdings Corporation Common Stock,Environmental Services,67,2.4700000286102295,-51.08911019168097,48,71,B
AX,Axos Financial Inc. Common Stock,Savings Institutions,14,88.44000244140625,-15.851566388763604,49,88,E
AXG,Solowin Holdings Class A Ordinary Share,Investment Bankers/Brokers/Service,49,0.08299999684095383,-98.23027727444968,1,,E
AXGN,Axogen Inc. Common Stock,Biotechnology: Electromedical & Electrotherapeutic Apparatus,58,36.130001068115234,-30.15657957117139,83,80,E
AXIL,AXIL Brands Inc. Common Stock,Package Goods/Cosmetics,34,5.710000038146973,-34.29228637666844,41,49,B+
AXON,Axon Enterprise Inc. Common Stock,Ordnance And Accessories,15,422.8900146484375,-44.31554654891055,30,74,B-
AXP,American Express Company Common Stock,Finance: Consumer Services,112,308.1700134277344,-19.03140436016294,41,81,D-
AXR,AMREP Corporation Common Stock,Homebuilding,98,20.719999313354492,-27.016555974603442,37,70,E
AXS,Axis Capital Holdings Limited Common Stock,Property-Casualty Insurers,52,96.7300033569336,-18.521870497882688,44,80,C-
AXSM,Axsome Therapeutics Inc. Common Stock,Biotechnology: Pharmaceutical Preparations,109,168.35000610351562,-34.02437304088826,50,8,E
AXTA,Axalta Coating Systems Ltd. Common Shares,Paints/Coatings,58,32.630001068115234,-14.55877915299334,68,69,C
AXTI,AXT Inc Common Stock,Semiconductors,30,68.45999908447266,-51.38819981938223,99,41,B-
AYA,Aya Gold & Silver Inc. Common Shares,Precious Metals,43,27.420000076293945,-9.743249395132514,95,97,C-
AYI,Acuity Inc. Common Stock,Building Products,80,298.3399963378906,-20.74670413144886,45,77,C
AYTU,Aytu BioPharma Inc.  Common Stock,Biotechnology: Pharmaceutical Preparations,109,2.0299999713897705,-30.000003288532017,35,8,B+
AZ,A2Z Cust2Mate Solutions Corp. Common Shares,Industrial Machinery/Components,91,5.769999980926514,-32.90697994201217,36,8,B-
AZI,Autozi Internet Technology (Global) Ltd. Class A Ordinary Shares,Automotive Aftermarket,123,1.1399999856948853,-98.97297298586047,10,,B+
AZIO,Azio AI Holdings Inc. Common Stock,Auto Parts:O.E.M.,91,1.0199999809265137,-72.28260971676197,36,26,E
AZN,AstraZeneca PLC Ordinary Shares,Biotechnology: Pharmaceutical Preparations,109,159.1999969482422,-23.689003607341075,39,84,E
AZO,AutoZone Inc. Common Stock,Auto & Home Supply Stores,95,2939.85009765625,-28.260823199557038,37,70,C
AZTA,Azenta Inc.,Industrial Machinery/Components,91,37.720001220703125,-11.724779721986856,89,33,B-
AZTR,Azitra Inc Common Stock,Biotechnology: Pharmaceutical Preparations,109,0.12999999523162842,-82.78145747646721,16,1,D
AZUL,Azul S.A. American Depositary Shares each representing two (2) Common Shares,Air Freight/Delivery Services,91,7.190000057220459,-26.856560396495677,30,34,D+
AZZ,AZZ Inc.,Industrial Specialties,84,136.85000610351562,-14.416485667966084,67,82,E
B,Barrick Mining Corporation Common Shares,Precious Metals,43,41.060001373291016,-21.21566673002907,67,96,E
BA,Boeing Company (The) Common Stock,Aerospace,131,190.3699951171875,-24.50128902428589,36,38,D
BABA,Alibaba Group Holding Limited American Depositary Shares each representing eight Ordinary share,Business Services,58,111.37000274658203,-37.549133969797154,34,39,B+
BAC,Bank of America Corporation Common Stock,Major Banks,21,54.31999969482422,-15.758144410769248,55,80,E
BAER,Bridger Aerospace Group Holdings Inc. Common Stock,Aerospace,131,0.6050000190734863,-81.49847025680816,5,8,E
BAFN,BayFirst Financial Corp. Common Stock,Major Banks,21,5.380000114440918,-46.19999885559082,30,18,B-
BAH,Booz Allen Hamilton Holding Corporation Common Stock,Professional Services,47,73.94000244140625,-26.01556354646589,49,84,B
BAK,Braskem SA ADR,Major Chemicals,80,1.8200000524520874,-63.74501873770565,16,35,C-
BALL,Ball Corporation Common Stock,Containers/Packaging,102,58.459999084472656,-12.872657800052146,61,79,C
BALY,Bally's Corporation Common Stock,Hotels/Resorts,74,13.9399995803833,-28.36587751175088,65,8,C
BAM,Brookfield Asset Management Inc Class A Limited Voting Shares,Other Consumer Services,99,45.880001068115234,-18.846346695711624,47,81,C
BANC,Banc of California Inc. Common Stock,Major Banks,21,17.299999237060547,-20.232732821865675,41,49,C+
BAND,Bandwidth Inc. Class A Common Stock,Computer Software: Prepackaged Software,40,53.27000045776367,-32.08822182590353,98,66,C+
BANF,BancFirst Corporation Common Stock,Major Banks,21,106.18000030517578,-13.743280302970206,44,80,C-
BANL,CBL International Limited Class B Ordinary Shares,Oil Refining/Marketing,140,4.224999904632568,-73.75776518927711,21,,B-
BANR,Banner Corporation Common Stock,Major Banks,21,66.43000030517578,-10.241861386657103,60,78,B-
BAOS,Baosheng Media Group Holdings Limited Ordinary shares,Business Services,58,0.24899999797344208,-94.87654339232738,2,,A
BAP,Credicorp Ltd. Common Stock,Commercial Banks,21,381.2099914550781,-5.2352892668505735,80,88,D
BARK,BARK Inc. Class A Common Stock,Other Specialty Stores,115,8.020000457763672,-57.3404213657956,27,31,C-
BATL,Battalion Oil Corporation Common Stock,Oil & Gas Production,10,1.0099999904632568,-96.35115614404671,16,63,A
BATRA,Atlanta Braves Holdings Inc. Series A Common Stock,Services-Misc. Amusement & Recreation,80,57.56999969482422,-3.4222460906552787,78,18,C-
BATRK,Atlanta Braves Holdings Inc. Series C Common Stock,Services-Misc. Amusement & Recreation,80,52.0,-4.218089660912838,76,8,B-
BAX,Baxter International Inc. Common Stock,Medical/Dental Instruments,96,24.350000381469727,-14.076211517520754,78,49,C-
BB,BlackBerry Limited Common Stock,Computer Software: Prepackaged Software,40,8.90999984741211,-30.4449683407683,94,90,B+
BBAI,BigBear.ai Inc. Common Stock,Computer Software: Prepackaged Software,40,2.390000104904175,-73.17620487279419,14,8,D-
BBAR,Banco BBVA Argentina S.A. ADS,Commercial Banks,21,12.649999618530273,-41.77300327655327,36,67,D-
BBCP,Concrete Pumping Holdings Inc. Common Stock,Engineering & Construction,67,9.359999656677246,-21.279400602948616,75,74,C-
BBD,Banco Bradesco Sa American Depositary Shares,Major Banks,21,4.300000190734863,-4.656319899988959,84,81,B-
BBDC,Barings BDC Inc. Common Stock,Diversified Financial Services,45,8.520000457763672,-7.248202245511215,66,67,C-
BBDO,Banco Bradesco Sa American Depositary Shares (each representing one Common Share),Major Banks,21,3.9200000762939453,-2.487559828533148,86,53,B
BBGI,Beasley Broadcast Group Inc. Class A Common Stock,Broadcasting,58,10.029999732971191,-62.165222005378126,70,36,E
BBIO,BridgeBio Pharma Inc. Common Stock,Biotechnology: Pharmaceutical Preparations,109,65.3499984741211,-27.525784849546852,41,8,C-
BBLG,Bone Biologics Corp Common Stock,Industrial Specialties,84,0.46700000762939453,-82.70370372659713,5,1,E
BBN,BlackRock Taxable Municipal Bond Trust Common Shares of Beneficial Interest,Finance Companies,52,14.430000305175781,-11.547581425763276,44,,E
BBNX,Beta Bionics Inc. Common Stock,Medical/Dental Instruments,96,17.6299991607666,-44.889030050310716,69,26,C
BBOT,BridgeBio Oncology Therapeutics Inc. Common Stock,Biotechnology: Pharmaceutical Preparations,109,3.309999942779541,-75.89220645931346,6,18,E
BBSI,Barrett Business Services Inc. Common Stock,Professional Services,47,31.719999313354492,-26.443261747266412,36,36,E
BBT,Beacon Financial Corporation Common stock,Banks,19,27.190000534057617,-16.620668429467756,52,81,D+
BBUC,Brookfield Business Corporation Class A Subordinate Voting Shares,Engineering & Construction,67,26.670000076293945,-28.699151065334373,32,74,D
BBVA,Banco Bilbao Vizcaya Argentaria S.A. Common Stock,Commercial Banks,21,26.1200008392334,-11.875838808702454,77,74,D
BBW,Build-A-Bear Workshop Inc. Common Stock,Recreational Games/Products/Toys,67,25.530000686645508,-63.26517388418128,15,56,C-
BBWI,Bath & Body Works Inc.,Clothing/Shoe/Accessory Stores,56,17.34000015258789,-33.11412166446268,33,51,C
BBY,Best Buy Co. Inc. Common Stock,Consumer Electronics/Video Chains,130,87.01000213623047,-8.236656384444242,81,56,D
BC,Brunswick Corporation Common Stock,Industrial Machinery/Components,91,61.47999954223633,-29.977108303601383,32,60,E
BCAB,BioAtla Inc. Common Stock,Biotechnology: Biological Products (No Diagnostic Substances),99,1.5,-97.54098360655738,4,8,C-
BCAL,California BanCorp Common Stock,Major Banks,21,21.229999542236328,-3.3612062057151726,75,56,B-
BCAT,BlackRock Capital Allocation Term Trust Common Shares of Beneficial Interest,Finance/Investors Services,45,13.720000267028809,-13.176400069982908,58,,E
BCAX,Bicara Therapeutics Inc. Common Stock,Biotechnology: Pharmaceutical Preparations,109,17.5,-42.43420980396032,31,8,D
BCBP,BCB Bancorp Inc. (NJ) Common Stock,Savings Institutions,14,8.229999542236328,-28.247608102556487,41,34,C
BCC,Boise Cascade L.L.C. Common Stock,RETAIL: Building Materials,122,73.56999969482422,-18.46651416817212,50,41,C
BCDA,BioCardia Inc. Common Stock,Biotechnology: Biological Products (No Diagnostic Substances),99,1.0399999618530273,-33.333333333333336,46,8,B+
BCE,BCE Inc. Common Stock,Telecommunications Equipment,84,18.780000686645508,-26.183428104343143,35,58,E
BCG,Binah Capital Group Inc. Common Stock,Finance: Consumer Services,112,1.0499999523162842,-66.23794251658867,15,32,C
BCH,Banco De Chile ADS,Commercial Banks,21,38.88999938964844,-11.007357349440749,66,77,C-
BCHT,Birchtech Corp. Common Stock,Industrial Machinery/Components,91,1.3899999856948853,-70.73684240642346,15,8,B-
BCIC,BCP Investment Corporation Common Stock,Finance: Consumer Services,112,6.929999828338623,-41.558846237363376,34,51,C-
BCML,BayCom Corp Common Stock,Major Banks,21,30.530000686645508,-11.360268920980154,61,39,C+
BCO,Brinks Company (The) Common Stock,Integrated Freight & Logistics,138,103.4000015258789,-23.387056656804226,45,77,C
BCPC,Balchem Corporation Common Stock,Major Chemicals,80,167.8300018310547,-8.419727784727005,65,83,C
BCRX,BioCryst Pharmaceuticals Inc. Common Stock,Biotechnology: Biological Products (No Diagnostic Substances),99,8.550000190734863,-23.042300135480133,53,94,C
BCS,Barclays PLC Common Stock,Commercial Banks,21,22.950000762939453,-18.740287762496333,47,72,E
BCSF,Bain Capital Specialty Finance Inc. Common Stock,Finance/Investors Services,45,10.619999885559082,-19.46444857814056,37,67,D-
BCSS,Bain Capital GSS Investment Corp. Class A Ordinary Shares,,,10.229999542236328,-1.0638356743547184,57,,D
BCTX,BriaCell Therapeutics Corp. Common Shares,Biotechnology: Pharmaceutical Preparations,109,3.9100000858306885,-71.64611967623759,26,35,C-
BCX,BlackRock Resources Common Shares of Beneficial Interest,Finance/Investors Services,45,12.15999984741211,-8.409029508883958,72,,C-
BCYC,Bicycle Therapeutics plc American Depositary Shares,Biotechnology: Pharmaceutical Preparations,109,3.890000104904175,-56.1443049031225,22,8,D+
BDC,Belden Inc Common Stock,Telecommunications Equipment,84,109.1500015258789,-27.57872281274112,52,85,D-
BDCI,BTC Development Corp. Class A Ordinary Shares,Blank Checks,42,10.130000114440918,-0.6862715307174305,57,99,E
BDCIU,BTC Development Corp. Unit,Blank Checks,42,10.289999961853027,-1.7192005786534903,57,,B+
BDJ,Blackrock Enhanced Equity Dividend Trust,Finance Companies,52,9.59000015258789,-2.6103937899797702,67,,C-
BDL,Flanigan's Enterprises Inc. Common Stock,Restaurants,89,46.790000915527344,-9.61946976666388,89,56,B-
BDMD,Baird Medical Investment Holdings Ltd Ordinary Share,Medical/Dental Instruments,96,0.7699999809265137,-77.6162799965568,13,,D+
BDN,Brandywine Realty Trust Common Stock,Real Estate Investment Trusts,75,2.680000066757202,-22.129328493197807,43,8,C
BDRX,Biodexa Pharmaceuticals plc American Depositary Shs,Biotechnology: Pharmaceutical Preparations,109,0.46000000834465027,-99.15596328744101,2,,B+
BDSX,Biodesix Inc. Common Stock,Medical Specialities,15,26.020000457763672,-14.967319825523727,98,8,B
BDTX,Black Diamond Therapeutics Inc. Common Stock,Biotechnology: Biological Products (No Diagnostic Substances),99,1.8300000429153442,-62.42299618236524,25,8,D
BDX,Becton Dickinson and Company Common Stock,Medical/Dental Instruments,96,183.75,-3.732493904658374,81,55,C-
BE,Bloom Energy Corporation Class A Common Stock,Industrial Machinery/Components,91,280.5,-18.89547634819352,97,96,C-
BEAM,Beam Therapeutics Inc. Common Stock,Biotechnology: Biological Products (No Diagnostic Substances),99,25.700000762939453,-32.2257331120165,40,8,D
BEAT,Heartbeam Inc. Common Stock,Medical/Dental Instruments,96,0.47999998927116394,-86.04651217189203,11,8,A
BEBE,TGE Value Creative Solutions Corp Class A Ordinary Shares,Diversified Commercial Services,77,10.050000190734863,0.0,57,8,A+
BEEM,Beam Global Common Stock,Semiconductors,30,1.0700000524520874,-72.42267987390854,21,8,C+
BEEP,Mobile Infrastructure Corporation Common Stock,Blank Checks,42,2.7300000190734863,-26.809651337438734,83,26,B-
BEKE,KE Holdings Inc American Depositary Shares (each representing three Class A Ordinary Shares),Real Estate,99,17.84000015258789,-8.93312907794348,68,73,B+
BELFA,Bel Fuse Inc. Class A Common Stock,Electrical Products,8,195.3800048828125,-32.89498853686885,72,95,E
BELFB,Bel Fuse Inc. Class B Common Stock,Electrical Products,8,244.5,-26.567000182671073,80,95,C
BEN,Franklin Resources Inc. Common Stock,Investment Managers,58,32.0,-9.626698483922135,81,83,C-
BENF,Beneficient Class A Common Stock,Finance: Consumer Services,112,1.0499999523162842,-91.19127562419663,4,34,D+
BEPC,Brookfield Renewable Corporation Brookfield Renewable Corporation Class A Subordinate Voting Shares,Electric Utilities: Central,67,29.6299991607666,-31.084368103846614,31,8,D
BESS,Bimergen Energy Corporation Common Stock,Electric Utilities: Central,67,2.200000047683716,-83.703703350491,10,38,C-
BETA,Beta Technologies Inc. Class A Common Stock,Aerospace,131,20.979999542236328,-42.98913049675341,55,18,C-
BETR,Better Home & Finance Holding Company Class A Common Stock,Finance: Consumer Services,112,9.859999656677246,-88.54420856089514,5,18,C-
BF-A,Brown Forman Corporation,,,26.90999984741211,-10.542790055472818,57,48,C-
BF-B,Brown Forman Corporation,,,26.389999389648438,-12.259316450157431,55,48,B-
BFAM,Bright Horizons Family Solutions Inc. Common Stock,Other Consumer Services,99,69.44999694824219,-36.41857107584377,31,79,C
BFC,Bank First Corporation Common Stock,Major Banks,21,145.41000366210938,-7.845749001635449,66,83,D
BFH,Bread Financial Holdings Inc. Common Stock,Business Services,58,100.58000183105469,-11.111765885428005,86,60,D
BFLY,Butterfly Network Inc. Class A Common Stock,Medical Electronics,106,8.25,-16.91843155634265,96,8,C-
BFRG,Bullfrog AI Holdings Inc. Common Stock,Biotechnology: Pharmaceutical Preparations,109,0.6460000276565552,-61.547616200855174,26,26,A+
BFRI,Biofrontera Inc. Common Stock,Biotechnology: Pharmaceutical Preparations,109,0.9700000286102295,-39.751551553315544,50,8,C-
BFS,Saul Centers Inc. Common Stock,Real Estate Investment Trusts,75,30.0,-19.49219907671629,44,48,D-
BFST,Business First Bancshares Inc. Common Stock,Major Banks,21,30.489999771118164,-5.104256528143159,73,71,B-
BG,Bunge Limited Common Shares,Packaged Foods,120,102.7300033569336,-21.331909734901046,54,66,C-
BGC,BGC Group Inc. Class A Common Stock,Investment Bankers/Brokers/Service,49,11.479999542236328,-9.08475580379352,76,91,B-
BGDE,Big Digital Energy Inc. Common Stock,Finance: Consumer Services,112,5.130000114440918,-84.73214182318469,31,35,C-
BGIN,Bgin Blockchain Limited Class A Ordinary Shares,Finance: Consumer Services,112,2.0999999046325684,-57.66129257093482,28,,A
BGL,Blue Gold Limited Class A Ordinary Shares,Metal Mining,110,0.17000000178813934,-98.39167448726245,6,,D
BGLC,BioNexus Gene Lab Corp Common stock,Medical Specialities,15,1.2899999618530273,-76.45985479264414,12,26,D
BGM,BGM Group Ltd. Class A Ordinary Shares,Biotechnology: Pharmaceutical Preparations,109,10.75,-96.37497877507757,18,,A-
BGMS,Bio Green Med Solution Inc. Common Stock,Biotechnology: Pharmaceutical Preparations,109,0.8500000238418579,-85.71428485563534,21,8,B+
BGS,B&G Foods Inc. Common Stock,Packaged Foods,120,2.4000000953674316,-55.138940832404295,15,50,E
BGSF,BGSF Inc. Common Stock,Professional Services,47,4.75,-27.81154931496327,45,8,E
BGSI,Boyd Group Services Inc. Common Shares,,,78.05000305175781,-57.02809207143249,17,83,C-
BH,Biglari Holdings Inc. Class B Common Stock,Restaurants,89,363.80999755859375,-23.716768574292534,53,31,B-
BHB,Bar Harbor Bankshares Inc. Common Stock,Major Banks,21,37.83000183105469,-7.52871676324941,75,91,C-
BHC,Bausch Health Companies Inc. Common Stock,Biotechnology: Pharmaceutical Preparations,109,6.039999961853027,-23.54430520330133,66,75,A
BHE,Benchmark Electronics Inc. Common Stock,Electrical Products,8,81.47000122070312,-17.26345523859082,92,90,B-
BHF,Brighthouse Financial Inc. Common Stock,Life Insurance,28,48.529998779296875,-27.143074111074185,29,83,E
BHK,Blackrock Core Bond Trust,Finance Companies,52,8.210000038146973,-9.922748855829255,43,,E
BHM,Bluerock Homes Trust Inc. Class A Common Stock,Real Estate Investment Trusts,75,8.194999694824219,-30.201741325659093,34,26,A-
BHP,BHP Group Limited American Depositary Shares (Each representing two Ordinary Shares),Coal Mining,67,86.73999786376953,-10.190569997408216,86,,C+
BHR,Braemar Hotels & Resorts Inc. Common Stock,Real Estate Investment Trusts,75,1.2100000381469727,-61.46496822541033,11,35,E
BHRB,Burke & Herbert Financial Services Corp. Common Stock,Major Banks,21,68.87999725341797,-7.0184102381678715,67,68,D
BHST,BioHarvest Sciences Inc. Common Stock,,,1.659999966621399,-86.87228227340866,8,8,E
BHV,BlackRock Virginia Municipal Bond Trust,Finance/Investors Services,45,11.569999694824219,-11.726479522613786,64,,B-
BHVN,Biohaven Ltd. Common Shares,Biotechnology: Pharmaceutical Preparations,109,12.079999923706055,-33.29652392832499,48,8,C
BIAF,bioAffinity Technologies Inc. Common Stock,Biotechnology: Commercial Physical & Biological Resarch,12,4.724999904632568,-93.35443037125751,4,26,B-
BIDU,Baidu Inc. ADS,Computer Software: Programming Data Processing,80,85.33000183105469,-47.495693091417245,21,46,E
BIIB,Biogen Inc. Common Stock,Biotechnology: Biological Products (No Diagnostic Substances),99,225.7100067138672,-1.3030721482031438,84,50,C+
BIII,Black Spade Acquisition III Co Class A Ordinary Shares,Blank Checks,42,10.069999694824219,0.0,58,,A-
BILI,Bilibili Inc. American Depositary Shares,EDP Services,116,15.489999771118164,-56.87639042111626,21,81,C
BILL,BILL Holdings Inc. Common Stock,EDP Services,116,44.83000183105469,-20.387141293307664,58,99,B
BIO,Bio-Rad Laboratories Inc. Class A Common Stock,Biotechnology: Laboratory Analytical Instruments,4,366.1600036621094,-6.194597761601218,83,51,B+
BIO-B,Bio-Rad Laboratories Inc.,,,365.0799865722656,0.0,83,58,B
BIOA,BioAge Labs Inc. Common Stock,Biotechnology: Pharmaceutical Preparations,109,6.340000152587891,-74.74103563253949,11,8,E
BIOX,Bioceres Crop Solutions Corp. Ordinary Shares,Agricultural Chemicals,135,0.328000009059906,-83.8423638579979,14,1,B-
BIPC,Brookfield Infrastructure Corporation Brookfield Infrastructure Corporation,Oil & Gas Production,10,37.36000061035156,-24.373989106246764,42,18,D
BIRD,Smartbird Inc. Class A Common Stock,Apparel,116,2.930000066757202,-80.27952112590894,53,8,A
BIRK,Birkenstock Holding plc Ordinary Shares,Shoe Manufacturing,66,33.650001525878906,-31.28445847035707,27,70,C-
BIVI,BioVie Inc. Class A Common Stock,Biotechnology: Pharmaceutical Preparations,109,1.3899999856948853,-39.035087581706726,40,,C
BIYA,Baiya International Group Inc Class A Ordinary Shares,Diversified Commercial Services,77,1.8300000429153442,-98.77386931797967,3,,B-
BJ,BJ's Wholesale Club Holdings Inc. Common Stock,Department/Specialty Retail Stores,21,98.58000183105469,-4.086395211252136,70,73,B-
BJDX,Bluejay Diagnostics Inc. Common Stock,Medical/Dental Instruments,96,0.8240000009536743,-94.11428570747375,9,26,A+
BJRI,BJ's Restaurants Inc. Common Stock,Restaurants,89,59.869998931884766,-19.377865325060384,89,57,D-
BKD,Brookdale Senior Living Inc. Common Stock,Hospital/Nursing Management,32,10.119999885559082,-39.654146634957144,36,8,E
BKE,Buckle Inc. (The) Common Stock,Clothing/Shoe/Accessory Stores,56,44.15999984741211,-21.23321347135424,43,61,D
BKH,Black Hills Corporation Common Stock,Electric Utilities: Central,67,76.08000183105469,-0.5750063137928585,70,59,B-
BKKT,Bakkt Inc. Class A Common Stock,Finance: Consumer Services,112,6.880000114440918,-84.72468922160019,16,35,C+
BKNG,Booking Holdings Inc. Common Stock,Transportation Services,90,160.33999633789062,-26.485968481579626,36,79,D-
BKR,Baker Hughes Company Class A Common Stock,Oil and Gas Field Machinery,27,56.70000076293945,-18.04379073117841,64,84,C-
BKSY,BlackSky Technology Inc. Class A Common Stock,Radio And Television Broadcasting And Communications Equipment,78,20.920000076293945,-59.48092263508909,25,8,C-
BKT,BlackRock Income Trust Inc. (The),Investment Bankers/Brokers/Service,49,9.550000190734863,-9.243834338180356,45,,E
BKTI,BK Technologies Corporation Common Stock,Radio And Television Broadcasting And Communications Equipment,78,73.5199966430664,-24.167097516964485,39,70,B
BKU,BankUnited Inc. Common Stock,Savings Institutions,14,42.279998779296875,-15.17204156562677,47,57,D-
BKV,BKV Corporation Common Stock,Oil & Gas Production,10,24.239999771118164,-24.62686602572003,46,55,C
BKYI,BIO-key International Inc. Common Stock,Computer Software: Prepackaged Software,40,1.6699999570846558,-83.78640848388656,5,8,B+
BL,BlackLine Inc. Common Stock,Computer Software: Prepackaged Software,40,29.770000457763672,-49.396567174592654,31,88,C
BLBD,Blue Bird Corporation Common Stock,Construction/Ag Equipment/Trucks,21,56.290000915527344,-30.93251421407688,42,81,D-
BLCO,Bausch + Lomb Corporation Common Shares,Ophthalmic Goods,127,17.299999237060547,-6.9892533212220105,67,69,B-
BLDP,Ballard Power Systems Inc. Common Shares,Industrial Machinery/Components,91,1.909999966621399,-70.06269698493928,16,8,D-
BLDR,Builders FirstSource Inc. Common Stock,RETAIL: Building Materials,122,52.849998474121094,-59.01830356493143,14,41,D-
BLIN,Bridgeline Digital Inc. Common Stock,Computer Software: Prepackaged Software,40,0.7400000095367432,-49.659864276577224,19,34,C-
BLIV,BeLive Holdings Ordinary Share,EDP Services,116,2.4600000381469727,-37.721518773410665,40,,C
BLK,BlackRock Inc. Common Stock,Investment Bankers/Brokers/Service,49,1082.3900146484375,-8.071639299121003,62,91,C+
BLKB,Blackbaud Inc. Common Stock,Computer Software: Prepackaged Software,40,45.47999954223633,-33.06843033874064,76,81,C
BLLN,BillionToOne Inc. Class A Common Stock,Medical Specialities,15,98.08999633789062,-34.59358835802326,50,99,D
BLMN,Bloomin' Brands Inc. Common Stock,Restaurants,89,8.600000381469727,-27.42615945466249,79,48,B-
BLND,Blend Labs Inc. Class A Common Stock,Computer Software: Programming Data Processing,80,0.9959999918937683,-72.02247168812815,10,90,E
BLNE,Beeline Holdings Inc. Common Stock,Finance: Consumer Services,112,0.7089999914169312,-80.2506961457411,9,1,C-
BLNK,Blink Charging Co. Common Stock,Industrial Specialties,84,0.4650000035762787,-79.51541817253734,18,8,E
BLRX,BioLineRx Ltd. American Depositary Shares,Biotechnology: Pharmaceutical Preparations,109,2.2200000286102295,-46.88994928756761,23,1,E
BLSH,Bullish Ordinary Shares,Finance: Consumer Services,112,32.59000015258789,-51.14675371030922,58,63,B-
BLTE,Belite Bio Inc American Depositary Shares,Biotechnology: Pharmaceutical Preparations,109,154.49000549316406,-20.205565308539086,80,8,C
BLW,Blackrock Limited Duration Income Trust,Other Consumer Services,99,11.850000381469727,-8.659449227687476,48,,D
BLX,Bladex Inc. Class E Common Stock,Commercial Banks,21,54.0,-12.948982290716504,70,45,C-
BLZE,Backblaze Inc. Class A Common Stock,Computer Software: Prepackaged Software,40,12.6899995803833,-37.88546553683414,96,95,B-
BMA,Banco Macro S.A.  ADR (representing Ten Class B Common Shares),Commercial Banks,21,64.95999908447266,-35.76449306195564,41,80,D-
BMBL,Bumble Inc. Class A Common Stock,Computer Software: Programming Data Processing,80,2.5399999618530273,-56.802722577930844,21,65,C+
BMEA,Biomea Fusion Inc. Common Stock,Biotechnology: Pharmaceutical Preparations,109,1.4199999570846558,-35.74660938579491,49,8,C
BMGL,Basel Medical Group Ltd Ordinary Shares,Medical/Nursing Services,18,3.75,-81.17469886728195,10,,A+
BMHL,Bluemount Holdings Limited Class B Ordinary Shares,Finance: Consumer Services,112,3.549999952316284,-42.37012921668038,31,,E
BMI,Badger Meter Inc. Common Stock,Industrial Machinery/Components,91,131.3800048828125,-29.26204416040844,34,66,B-
BMM,Blue Moon Metals Inc. Common Shares,,,4.869999885559082,-42.43498979196485,38,26,C
BMNR,BitMine Immersion Technologies Inc. Common Stock,Finance: Consumer Services,112,24.030000686645508,-59.32815716468857,73,43,B+
BMO,Bank Of Montreal Common Stock,Commercial Banks,21,162.58999633789062,-12.496637170118296,71,83,E
BMR,Beamr Imaging Ltd. Ordinary Share,Computer Software: Prepackaged Software,40,1.7699999809265137,-40.60402786585131,63,,A
BMRA,Biomerica Inc. Common Stock,Biotechnology: In Vitro & In Vivo Diagnostic Substances,112,1.840000033378601,-42.49999981373549,36,1,C
BMRC,Bank of Marin Bancorp Common Stock,Major Banks,21,26.670000076293945,-11.218518877609684,60,75,B-
BMRN,BioMarin Pharmaceutical Inc. Common Stock,Biotechnology: Pharmaceutical Preparations,109,54.79999923706055,-21.9817754787733,48,47,C-
BMY,Bristol-Myers Squibb Company Common Stock,Biotechnology: Pharmaceutical Preparations,109,59.119998931884766,-12.274502958098243,72,47,D
BN,Brookfield Corporation Class A Limited Voting Shares,Building operators,34,37.09000015258789,-24.17661790031238,34,33,D-
BNAI,Brand Engagement Network Inc. Common Stock,EDP Services,116,5.190000057220459,-91.76190467107863,16,1,D-
BNC,CEA Industries Inc. Common Stock,Industrial Machinery/Components,91,5.260000228881836,-48.17733569882156,91,,B
BNED,Barnes & Noble Education Inc Common Stock,Other Specialty Stores,115,12.510000228881836,-8.375252763371577,83,52,B-
BNGO,Bionano Genomics Inc. Common Stock,Biotechnology: Laboratory Analytical Instruments,4,1.440000057220459,-32.39436714310083,68,8,A
BNKK,Bonk Inc. Common Stock,Package Goods/Cosmetics,34,1.4199999570846558,-89.65014628682533,21,26,A
BNL,Broadstone Net Lease Inc. Common Stock,Real Estate Investment Trusts,75,18.260000228881836,-18.792269101250405,47,85,E
BNR,Burning Rock Biotech Limited American Depositary Shares,Medical Specialities,15,15.489999771118164,-62.274721741255945,84,8,C+
BNS,Bank Nova Scotia Halifax Pfd 3 Ordinary Shares,Major Banks,21,88.44999694824219,-6.407144475779347,80,82,D
BNT,Brookfield Wealth Solutions Ltd. Class A Exchangeable Limited Voting Shares,Property-Casualty Insurers,52,37.060001373291016,-24.90340114095143,33,36,C-
BNTC,Benitec Biopharma Inc. Common Stock,Biotechnology: Pharmaceutical Preparations,109,8.869999885559082,-46.307508233811376,21,8,E
BNTX,BioNTech SE American Depositary Share,Biotechnology: Biological Products (No Diagnostic Substances),99,96.95999908447266,-18.75314055654306,58,8,C+
BNY,The Bank of New York Mellon Corporation Common Stock,Major Banks,21,142.7100067138672,-13.425133532920718,74,94,E
BOBS,Bob's Discount Furniture Inc. Common Stock,Other Specialty Stores,115,14.180000305175781,-37.061696080724616,48,72,B-
BOC,Boston Omaha Corporation Class A Common Stock,Real Estate,99,12.890000343322754,-14.57919010615678,52,8,C-
BODI,The Beachbody Company Inc. Class A Common Stock,Other Consumer Services,99,4.710000038146973,-70.65420397484343,11,96,E
BOF,BranchOut Food Inc. Common Stock,Packaged Foods,120,3.4600000381469727,-32.02357692685299,65,26,C
BOH,Bank of Hawaii Corporation Common Stock,Major Banks,21,66.80999755859375,-21.46696071312274,41,82,E
BOKF,BOK Financial Corporation Common Stock,Major Banks,21,125.47000122070312,-13.72804237678199,53,82,E
BOLD,Boundless Bio Inc. Common Stock,Biotechnology: Pharmaceutical Preparations,109,2.5299999713897705,-15.666667620340979,94,8,C-
BOLT,Bolt Biotherapeutics Inc. Common Stock,Biotechnology: Pharmaceutical Preparations,109,4.110000133514404,-42.031028983628005,37,8,A-
BON,Bon Natural Life Limited Class A Ordinary Shares,Medicinal Chemicals and Botanical Products,134,1.159999966621399,-49.122807843092964,32,,B+
BOOM,DMC Global Inc. Common Stock,Industrial Specialties,84,5.659999847412109,-36.90078395853931,37,22,E
BOOT,Boot Barn Holdings Inc. Common Stock,Clothing/Shoe/Accessory Stores,56,119.95999908447266,-42.32137631081386,22,75,D
BORR,Borr Drilling Limited Common Shares,Oil & Gas Production,10,4.78000020980835,-27.685323551318607,78,8,A-
BOSC,B.O.S. Better Online Solutions Common Stock,Computer Communications Equipment,6,4.559999942779541,-30.909090777730807,56,88,B-
BOT,RoboStrategy Inc. Common Stock,,,27.690000534057617,-33.66075845573676,26,,C
BOTJ,Bank of the James Financial Group Inc. Common Stock,Major Banks,21,26.940000534057617,-4.298398226890743,87,57,B-
BOW,Bowhead Specialty Holdings Inc. Common Stock,Property-Casualty Insurers,52,34.029998779296875,-0.20527770661732392,84,94,A+
BOX,Box Inc. Class A Common Stock,Computer Software: Prepackaged Software,40,36.38999938964844,0.0,87,85,B-
BOXL,Boxlight Corporation Class A Common Stock,Other Consumer Services,99,3.3299999237060547,-95.55288455415368,10,35,E
BP,BP p.l.c. Common Stock,Integrated oil Companies,1,46.25,-1.5119231224759888,83,94,B-
BPAC,Blueport Acquisition Ltd Class A Ordinary Shares,,,10.229999542236328,0.0,60,99,A+
BPOP,Popular Inc. Common Stock,Major Banks,21,156.2899932861328,-11.650109757861626,70,93,C
BPRN,Princeton Bancorp Inc. Common Stock (PA),Major Banks,21,42.81999969482422,-2.4156821957355246,83,80,A-
BQ,Boqii Holding Limited Class A Ordinary Shares,Other Specialty Stores,115,0.734000027179718,-95.67471975910983,15,,A+
BR,Broadridge Financial Solutions Inc. Common Stock,Business Services,58,165.4499969482422,-27.989774921288337,49,65,B-
BRAG,Bragg Gaming Group Inc. Common Shares,Office Equipment/Supplies/Services,64,1.159999966621399,-60.409558355224306,13,8,D-
BRAI,Braiin Limited Common Stock,EDP Services,116,4.610000133514404,-68.94228501352737,12,,D-
BRBI,BRBI BR Partners S.A. ADSs,Finance: Consumer Services,112,15.34000015258789,-3.7031338593679464,82,40,B+
BRBR,BellRing Brands Inc. Common Stock,Packaged Foods,120,8.550000190734863,-75.80645117765015,10,47,D
BRBS,Blue Ridge Bankshares Inc. Common Stock,Major Banks,21,3.8399999141693115,-6.569348189150038,69,45,B+
BRC,Brady Corporation Common Stock,Miscellaneous manufacturing industries,127,85.3499984741211,-12.862849631448714,61,88,D
BRCB,Black Rock Coffee Bar Inc. Class A Common Stock,Restaurants,89,7.25,-72.05088723694821,13,63,D
BRCC,BRC Inc. Class A Common Stock,Beverages (Production/Distribution),104,9.6899995803833,-45.56179777688863,39,48,C
BRFH,Barfresh Food Group Inc. Common Stock,Packaged Foods,120,0.7900000214576721,-77.74647796988793,5,8,E
BRIA,BrilliA Inc Class A Ordinary Shares,Apparel,116,1.3600000143051147,-40.08810459328625,29,,E
BRID,Bridgford Foods Corporation Common Stock,Specialty Foods,84,5.510000228881836,-35.17646789550781,26,42,E
BRK-A,Berkshire Hathaway Inc.,,,774295.0,-2.459011230576391,63,83,A-
BRK-B,Berkshire Hathaway Inc.,,,515.6199951171875,-2.6066238975551936,63,84,B-
BRKR,Bruker Corporation Common Stock,Biotechnology: Laboratory Analytical Instruments,4,58.84000015258789,-9.127412891756148,86,64,D-
BRLS,Borealis Foods Inc. Class A Common Shares,Packaged Foods,120,0.9599999785423279,-74.67018500778666,21,,C-
BRLT,Brilliant Earth Group Inc. Class A Common Stock,Consumer Specialties,19,1.5800000429153442,-43.57142607776482,69,47,A
BRN,Barnwell Industries Inc. Common Stock,Oil & Gas Production,10,0.9800000190734863,-29.49640077992035,38,26,B+
BRO,Brown & Brown Inc. Common Stock,Specialty Insurers,112,62.880001068115234,-33.82508152222569,34,73,C-
BROS,Dutch Bros Inc. Class A Common Stock,Restaurants,89,38.04999923706055,-48.09712112369298,17,80,D-
BRSL,Brightstar Lottery PLC Trading under the Legal Name to begin at the market open on July 21 2025. Ordinary Shares,Services-Misc. Amusement & Recreation,80,9.84000015258789,-37.82610450987233,29,58,B-
BRSP,BrightSpire Capital Inc. Class A Common Stock,Real Estate Investment Trusts,75,3.809999942779541,-32.67144446129734,25,47,E
BRT,BRT Apartments Corp. (MD) Common Stock,Real Estate Investment Trusts,75,13.40999984741211,-12.616984294378032,46,8,D-
BRTX,BioRestorative Therapies Inc. Common Stock (NV),Managed Health Care,,1.909999966621399,-61.35167947125299,99,8,D
BRUN,Boost Run Inc. Class A Common Stock,EDP Services,116,13.180000305175781,-66.37755089628354,35,,C-
BRX,Brixmor Property Group Inc. Common Stock,Real Estate Investment Trusts,75,27.299999237060547,-15.544719741620948,50,71,E
BRZE,Braze Inc. Class A Common Stock,Computer Software: Prepackaged Software,40,29.059999465942383,-19.701573449368716,76,81,B+
BSAC,Banco Santander - Chile ADS,Commercial Banks,21,32.220001220703125,-10.871369679922116,63,67,C
BSBK,Bogota Financial Corp. Common Stock,Banks,19,9.079999923706055,-3.711562779882671,61,41,B+
BSBR,Banco Santander Brasil SA American Depositary Shares each representing one unit,Commercial Banks,21,5.809999942779541,-16.164303049822937,65,49,B-
BSET,Bassett Furniture Industries Incorporated Common Stock,Home Furnishings,38,20.950000762939453,-3.589502051211746,83,50,B+
BSIN,Big Sky Industrial Inc. Common Stock,Oil & Gas Production,10,1.4600000381469727,-11.5151479246421,91,8,B+
BSP,Bending Spoons S.p.A. Ordinary Shares,Computer Software: Programming Data Processing,80,38.0099983215332,-28.873504307060294,63,,D+
BSRR,Sierra Bancorp Common Stock,Major Banks,21,38.90999984741211,-8.58934681141541,72,75,D-
BST,BlackRock Science and Technology Trust Common Shares of Beneficial Interest,Finance Companies,52,50.540000915527344,-1.5390627066944607,86,,B+
BSVN,Bank7 Corp. Common stock,Major Banks,21,54.790000915527344,-4.0694222272686265,81,81,B+
BSX,Boston Scientific Corporation Common Stock,Medical/Dental Instruments,96,42.72999954223633,-59.29701069168984,20,86,D+
BSY,Bentley Systems Incorporated Class B Common Stock,Computer Software: Prepackaged Software,40,34.970001220703125,-32.56342204894682,52,72,B+
BTBD,BT Brands Inc. Common Stock,Restaurants,89,1.690000057220459,-24.888886345757378,83,37,B+
BTBT,Bit Digital Inc. Ordinary Shares,Finance: Consumer Services,112,1.2899999618530273,-69.43127900500578,19,8,B+
BTCS,BTCS Inc. Common Stock,Finance: Consumer Services,112,1.2899999618530273,-77.24867822759883,31,1,A+
BTCT,BTC Digital Ltd. Ordinary Shares,Other Consumer Services,99,1.0099999904632568,-65.29209757136682,31,,A+
BTDR,Bitdeer Technologies Group Class A Ordinary Shares,Finance: Consumer Services,112,9.630000114440918,-62.81853182904648,25,8,C-
BTE,Baytex Energy Corp Common Shares,Oil & Gas Production,10,4.809999942779541,-8.984102694123708,89,31,C-
BTG,B2Gold Corp Common shares (Canada),Precious Metals,43,5.25,-14.399789646758009,82,56,C+
BTGO,BitGo Holdings Inc. Class A Common Stock,Finance: Consumer Services,112,7.329999923706055,-60.35694962443593,42,26,B
BTI,British American Tobacco  Industries p.l.c. Common Stock ADR,Medicinal Chemicals and Botanical Products,134,55.5,-14.288754152865025,60,,D
BTMD,Biote Corp. Class A Common Stock,Medicinal Chemicals and Botanical Products,134,1.149999976158142,-63.94984465422954,11,54,D
BTOC,Armlogi Holding Corp. Common Stock,Office Equipment/Supplies/Services,64,0.2150000035762787,-75.37227981273354,13,,D-
BTQ,BTQ Technologies Corp. Common Stock,,,2.680000066757202,-78.54283333972171,18,26,E
BTSG,BrightSpring Health Services Inc. Common Stock,Medical/Nursing Services,18,63.7400016784668,-12.577151999799085,91,99,B+
BTSGU,BrightSpring Health Services Inc. Tangible Equity Unit,Medical/Nursing Services,18,210.89999389648438,-12.380558134433928,91,,A
BTT,BlackRock Municipal 2030 Target Term Trust,Investment Managers,58,21.790000915527344,-4.583608848317711,51,,B-
BTTC,Black Titan Corporation Ordinary Shares,Biotechnology: Biological Products (No Diagnostic Substances),99,0.47600001096725464,-93.11143239539254,7,,B-
BTU,Peabody Energy Corporation Common Stock,Coal Mining,67,25.1299991607666,-35.9821026843544,43,8,C
BTX,BlackRock Technology and Private Equity Term Trust Common Shares of Beneficial Interest,,,9.399999618530273,-0.9483683325451353,88,,A-
BTZ,BlackRock Credit Allocation Income Trust,Finance/Investors Services,45,9.4399995803833,-7.725576503245968,47,,B-
BUD,Anheuser-Busch Inbev SA Sponsored ADR (Belgium),Beverages (Production/Distribution),104,77.33000183105469,-10.580482389800117,71,83,C
BUDA,Buda Juice Inc. Common Stock,Beverages (Production/Distribution),104,7.599999904632568,-30.01841487205089,30,,C
BULL,Webull Corporation Class A Ordinary Shares,Investment Bankers/Brokers/Service,49,6.309999942779541,-49.68102103688431,35,63,B-
BUR,Burford Capital Limited Ordinary Shares,Finance: Consumer Services,112,3.5799999237060547,-68.58321059347563,17,43,B-
BURL,Burlington Stores Inc. Common Stock,Department/Specialty Retail Stores,21,276.9700012207031,-25.58370740645931,39,86,B-
BURU,Nuburu Inc. Common Stock,Industrial Machinery/Components,91,0.9300000071525574,-71.55963264290132,99,26,C
BUSE,First Busey Corporation Class A Common Stock,Major Banks,21,28.93000030517578,-8.391385766093705,74,76,B+
BUUU,BUUU Group Limited Class A Ordinary Share,Services-Misc. Amusement & Recreation,80,43.27000045776367,-10.209583542545353,99,,B-
BV,BrightView Holdings Inc. Common Stock,Business Services,58,10.670000076293945,-28.148149480128705,29,36,C-
BVC,BitVentures Limited Ordinary Shares,,,12.09000015258789,-27.992855906237068,99,,A-
BVFL,BV Financial Inc. Common Stock,Savings Institutions,14,21.239999771118164,-2.9250430264916583,73,71,B+
BVN,Buenaventura Mining Company Inc.,Metal Mining,110,32.459999084472656,-23.511192199524,69,89,C-
BVS,Bioventus Inc. Class A Common Stock,Medical/Dental Instruments,96,13.0649995803833,-14.384014518847565,91,58,B+
BW,Babcock & Wilcox Enterprises Inc. Common Stock,Building Products,80,5.460000038146973,-75.01144190927602,22,43,D
BWA,BorgWarner Inc. Common Stock,Auto Parts:O.E.M.,91,61.29999923706055,-20.20919838517917,78,78,D
BWAY,BrainsWay Ltd. American Depositary Shares,Medical/Dental Instruments,96,11.770000457763672,-31.45020148244423,58,93,E
BWB,Bridgewater Bancshares Inc. Common Stock,Major Banks,21,20.25,-9.959981297975773,64,83,D
BWEN,Broadwind Inc. Common Stock,Metal Fabrications,39,3.869999885559082,-28.860296969621004,86,8,D
BWFG,Bankwell Financial Group Inc. Common Stock,Major Banks,21,64.72000122070312,-5.6146981059585706,85,84,C
BWIN,The Baldwin Insurance Group Inc. Class A Common Stock,Specialty Insurers,112,31.8700008392334,-1.9082819550739316,83,67,B+
BWLP,BW LPG Limited Common Shares,Transportation Services,90,26.0,-1.2158043257392115,95,80,C-
BWMN,Bowman Consulting Group Ltd. Common Stock,Professional Services,47,42.70000076293945,-3.893764416730816,89,74,B+
BWMX,Betterware de Mexico S.A.P.I. de C.V. Ordinary Shares,Catalog/Specialty Distribution,67,16.459999084472656,-10.807041152282515,63,61,C-
BWXT,BWX Technologies Inc. Common Stock,Industrial Machinery/Components,91,143.8300018310547,-39.49768415701518,24,78,C-
BX,Blackstone Inc. Common Stock,Investment Managers,58,114.29000091552734,-27.90215570365505,38,85,E
BXC,Bluelinx Holdings Inc. Common Stock,Wholesale Distributors,,70.76000213623047,-22.59052696487157,79,44,B-
BXDC,Blackstone Digital Infrastructure Trust Inc. Common Stock,Real Estate,99,16.65999984741211,-25.42524738755565,32,,D
BXMT,Blackstone Mortgage Trust Inc. Common Stock,Real Estate Investment Trusts,75,11.029999732971191,-41.71199950973905,17,41,E
BXP,BXP Inc. Common Stock,Real Estate Investment Trusts,75,59.04999923706055,-18.147853092144615,45,45,E
BY,Byline Bancorp Inc. Common Stock,Major Banks,21,36.31999969482422,-8.628931585347877,74,88,B-
BYAH,Park Ha Biological Technology Co. Ltd. Class A Ordinary Shares,Package Goods/Cosmetics,34,2.5250000953674316,-98.60342917436533,6,,B+
BYD,Boyd Gaming Corporation Common Stock,Hotels/Resorts,74,68.93000030517578,-24.272244626286486,30,75,D
BYFC,Broadway Financial Corporation Class A Common Stock,Savings Institutions,14,11.4399995803833,-7.067431434421412,88,64,C
BYND,Beyond Meat Inc. Common Stock,Packaged Foods,120,7.699999809265137,-92.90976066532818,6,8,D-
BYRN,Byrna Technologies Inc. Common Stock,Industrial Machinery/Components,91,4.519999980926514,-83.64096953233094,22,44,A-
BYSI,BeyondSpring Inc. Ordinary Shares,Biotechnology: Pharmaceutical Preparations,109,0.6060000061988831,-74.2127646471699,8,8,A
BZ,KANZHUN LIMITED American Depository Shares,Computer Software: Programming Data Processing,80,15.729999542236328,-30.28674063874609,57,81,B-
BZAI,Blaize Holdings Inc. Common Stock,Blank Checks,42,0.2939999997615814,-95.32591412488706,3,26,D
BZFD,BuzzFeed Inc. Class A Common Stock,Telecommunications Equipment,84,1.190000057220459,-43.062195880834054,75,1,B-
BZH,Beazer Homes USA Inc. Common Stock,Homebuilding,98,33.40999984741211,-1.9371877115466285,88,8,B
BZUN,Baozun Inc. American Depositary Shares,Catalog/Specialty Distribution,67,3.309999942779541,-11.26005560713834,77,8,A+
C,Citigroup Inc. Common Stock,Major Banks,21,129.63999938964844,-10.551847128607882,68,80,E
CAAP,Corporacion America Airports SA Common Shares,Aerospace,131,24.540000915527344,-15.977673332405995,68,89,D-
CAAS,China Automotive Systems Inc. Ordinary Share,Auto Parts:O.E.M.,91,4.480000019073486,-18.693287967746073,60,75,C
CABA,Cabaletta Bio Inc. Common Stock,Biotechnology: Biological Products (No Diagnostic Substances),99,1.9299999475479126,-53.493978236233396,24,8,D-
CABO,Cable One Inc. Common Stock,Cable & Other Pay Television Services,127,11.140000343322754,-93.31853857806898,3,43,D
CABR,Caring Brands Inc. Common Stock,Package Goods/Cosmetics,34,1.159999966621399,-27.950313272384562,54,26,C+
CAC,Camden National Corporation Common Stock,Major Banks,21,55.4900016784668,-7.160780904328967,80,87,B-
CACC,Credit Acceptance Corporation Common Stock,Finance: Consumer Services,112,547.5999755859375,-16.676815974642366,62,80,E
CACI,CACI International Inc. Class A Common Stock,EDP Services,116,610.6500244140625,-10.209091714366458,79,77,D+
CADL,Candel Therapeutics Inc. Common Stock,Biotechnology: Biological Products (No Diagnostic Substances),99,9.9399995803833,-27.70909396084872,92,8,E
CAE,CAE Inc. Ordinary Shares,Industrial Machinery/Components,91,23.739999771118164,-30.279000578422387,36,70,B-
CAES,Cantor Equity Partners VII Inc. Class A Ordinary Shares,Blank Checks,42,10.020000457763672,-0.8901998216600648,54,,C
CAG,ConAgra Brands Inc. Common Stock,Packaged Foods,120,13.489999771118164,-30.129395040153163,40,50,D
CAH,Cardinal Health Inc. Common Stock,Other Pharmaceuticals,67,237.57000732421875,-4.218560059845755,78,92,E
CAI,Caris Life Sciences Inc. Common Stock,Medical Specialities,15,29.700000762939453,-7.964052241610419,91,18,B+
CAKE,Cheesecake Factory Incorporated (The) Common Stock,Restaurants,89,108.44999694824219,-7.536877737473768,95,86,B-
CAL,Caleres Inc. Common Stock,Shoe Manufacturing,66,12.09000015258789,-17.436115696262632,50,72,B-
CALC,CalciMedica Inc. Common Stock,Biotechnology: Pharmaceutical Preparations,109,1.2699999809265137,-96.23145414784928,3,34,E
CALM,Cal-Maine Foods Inc. Common Stock,Farming/Seeds/Milling,116,64.3499984741211,-31.176472220191343,29,40,D-
CALX,Calix Inc Common Stock,Telecommunications Equipment,84,37.2400016784668,-45.57146642051592,29,76,C
CALY,Callaway Golf Company Common Stock,Recreational Games/Products/Toys,67,13.670000076293945,-30.467954311335564,54,62,E
CAMP,CAMP4 Therapeutics Corporation Common Stock,,,3.7699999809265137,-47.124825800621615,33,26,C
CAMT,Camtek Ltd. Ordinary Shares,Electronic Components,2,152.80999755859375,-26.342431016426104,73,75,B-
CAN,Canaan Inc. American Depositary Shares,Semiconductors,30,0.30000001192092896,-85.36585273663249,17,8,A-
CANF,Can-Fite Biopharma Ltd American Depositary Shares each representing two (2) Ordinary Shares,Biotechnology: Pharmaceutical Preparations,109,1.899999976158142,-83.33333298476815,10,,E
CANG,Cango Inc. Class A Ordinary Shares,Computer Software: Prepackaged Software,40,3.509999990463257,-84.87069019381128,46,1,A
CAPR,Capricor Therapeutics Inc. Common Stock,Biotechnology: Pharmaceutical Preparations,109,7.829999923706055,-77.84380336757674,10,8,B-
CAPS,Capstone Holding Corp. Common Stock,RETAIL: Building Materials,122,0.14000000059604645,-89.62962976862538,6,8,A+
CAR,Avis Budget Group Inc. Common Stock,Rental/Leasing Companies,57,105.9800033569336,-85.15623797838957,17,31,D-
CARE,Carter Bankshares Inc. Common Stock,Major Banks,21,30.15999984741211,-15.30887398720292,84,66,B-
CARG,CarGurus Inc. Class A Common Stock,EDP Services,116,28.850000381469727,-26.08249735131183,32,87,E
CARL,Carlsmed Inc. Common Stock,Medical/Dental Instruments,96,14.420000076293945,-15.126543434056083,83,18,B+
CARR,Carrier Global Corporation Common Stock,Industrial Machinery/Components,91,55.560001373291016,-26.63184924830585,40,52,E
CARS,Cars.com Inc. Common Stock,EDP Services,116,9.710000038146973,-28.074073791503906,38,85,E
CART,Maplebear Inc. Common Stock,Business Services,58,47.7599983215332,-7.7636163625615655,71,56,E
CASH,Pathward Financial Inc. Common Stock,Major Banks,21,71.87000274658203,-27.99001752139493,35,55,D
CASS,Cass Information Systems Inc Common Stock,Business Services,58,53.400001525878906,-8.256351016557185,80,78,C-
CAST,FreeCast Inc. Class A Common Stock,EDP Services,116,1.159999966621399,-88.21138263583947,4,,B-
CASY,Casey's General Stores Inc. Common Stock,Retail-Auto Dealers and Gas Stations,110,646.27001953125,-29.415176224276607,45,88,D-
CAT,Caterpillar Inc. Common Stock,Construction/Ag Equipment/Trucks,21,800.469970703125,-24.692001431408393,75,94,C-
CATO,Cato Corporation (The) Class A Common Stock,Clothing/Shoe/Accessory Stores,56,2.4700000286102295,-43.86363693012678,24,55,C-
CATX,Perspective Therapeutics Inc. Common Stock,Medical/Dental Instruments,96,2.6600000858306885,-52.92035325784003,28,8,D-
CATY,Cathay General Bancorp Common Stock,Major Banks,21,59.119998931884766,-8.387694192017559,71,87,D
CAVA,CAVA Group Inc. Common Stock,Restaurants,89,53.63999938964844,-44.9224769218452,24,52,D
CB,Chubb Limited  Common Stock,Property-Casualty Insurers,52,341.20001220703125,-5.851240398764023,65,91,D
CBAN,Colony Bankcorp Inc. Common Stock,Major Banks,21,19.969999313354492,-10.3278001667367,65,76,C-
CBAT,CBAK Energy Technology Limited Ordinary Shares,Industrial Machinery/Components,91,1.0499999523162842,-28.08219692590277,94,8,A
CBC,Central Bancompany Inc. Class A Common Stock,,,32.41999816894531,-2.8896215044661555,83,46,B-
CBFV,CB Financial Services Inc. Common Stock,Major Banks,21,37.20000076293945,-2.1649650952375366,67,70,B-
CBIO,Crescent Biopharma Inc. Common Stock,Biotechnology: Pharmaceutical Preparations,109,14.90999984741211,-44.73684173318468,66,14,C+
CBK,Commercial Bancgroup Inc. Common Stock,Major Banks,21,30.889999389648438,-12.52759023612694,72,53,A-
CBL,CBL & Associates Properties Inc. Common Stock,Real Estate Investment Trusts,75,48.5099983215332,-18.27894626241646,83,99,D-
CBLL,CeriBell Inc. Common Stock,Biotechnology: Electromedical & Electrotherapeutic Apparatus,58,23.6299991607666,-5.630997217282041,88,8,B-
CBNA,Chain Bridge Bancorp Inc. Class A Common Stock,Major Banks,21,49.25,-0.7056421066297114,89,83,B
CBNK,Capital Bancorp Inc. Common Stock,Major Banks,21,38.540000915527344,-4.7218783965068845,82,59,B+
CBOE,Cboe Global Markets Inc. Common Stock,Investment Bankers/Brokers/Service,49,304.1600036621094,-16.65006645103948,75,96,B+
CBRE,CBRE Group Inc Common Stock Class A,Real Estate,99,130.8000030517578,-23.780663955158843,40,85,C
CBRL,Cracker Barrel Old Country Store Inc Common Stock,Restaurants,89,57.459999084472656,-2.6761548213986464,93,40,B-
CBRS,Cerebras Systems Inc. Class A Common Stock,Semiconductors,30,164.1699981689453,-47.22409930127532,16,,D+
CBSH,Commerce Bancshares Inc. Common Stock,Major Banks,21,54.38999938964844,-9.419097243707652,54,74,D
CBT,Cabot Corporation Common Stock,Major Chemicals,80,74.91000366210938,-19.34552484326205,50,65,D-
CBU,Community Financial System Inc. Common Stock,Major Banks,21,58.630001068115234,-16.767007996149385,47,78,E
CBUS,Cibus Inc. Class A Common Stock,Agricultural Chemicals,135,1.5499999523162842,-61.72839804150626,36,8,B
CBZ,CBIZ Inc. Common Stock,Business Services,58,54.81999969482422,-1.2252257750914985,88,48,A+
CC,Chemours Company (The) Common Stock,Major Chemicals,80,13.609999656677246,-50.83189900292704,30,39,D-
CCAP,Crescent Capital BDC Inc. Common stock,Finance: Consumer Services,112,9.09000015258789,-31.877303679282964,29,58,E
CCB,Coastal Financial Corporation Common Stock,Major Banks,21,40.7400016784668,-65.75607190010078,9,32,C-
CCBG,Capital City Bank Group Common Stock,Major Banks,21,48.099998474121094,-8.493887134879996,65,74,E
CCC,CCC Intelligent Solutions Holdings Inc. Common Stock,Computer Software: Prepackaged Software,40,7.019999980926514,-24.919789363441293,64,87,B-
CCCC,C4 Therapeutics Inc. Common Stock,Biotechnology: Biological Products (No Diagnostic Substances),99,3.1600000858306885,-32.334046376752404,76,8,B-
CCEC,Capital Clean Energy Carriers Corp. Common Share,Marine Transportation,3,20.6299991607666,-12.194667934381476,56,51,D
CCEL,Cryo-Cell International Inc. Common Stock,Misc Health and Biotechnology Services,30,4.360000133514404,-4.595186657742056,80,35,B+
CCEP,Coca-Cola Europacific Partners plc Ordinary Shares,Beverages (Production/Distribution),104,104.25,-6.678004785257919,70,,C+
CCG,Cheche Group Inc. Class A Ordinary Shares,Specialty Insurers,112,4.610000133514404,-73.21324591078174,99,,C-
CCHH,CCH Holdings Ltd Class A Ordinary Shares,Restaurants,89,0.9900000095367432,-99.34523807571529,5,,C-
CCI,Crown Castle Inc. Common Stock,Real Estate Investment Trusts,75,79.63999938964844,-15.30179116556518,50,61,B-
CCJ,Cameco Corporation Common Stock,Other Metals and Minerals,135,88.05999755859375,-34.32769038437948,42,70,C-
CCK,Crown Holdings Inc.,Containers/Packaging,102,108.26000213623047,-11.109285390909207,64,68,E
CCL,Carnival Corporation Ltd. Common Shares,Marine Transportation,3,26.350000381469727,-21.231441765101312,46,66,C-
CCLD,CareCloud Inc. Common Stock,Computer Software: Prepackaged Software,40,2.0,-47.50656089141767,23,43,C-
CCM,Concord Medical Services Holdings Limited American Depositary Shares (Each represents thirty (30) Class A ordinary shares),Medical/Nursing Services,18,3.880000114440918,-43.76811506066647,34,,B
CCNE,CNB Financial Corporation Common Stock,Major Banks,21,33.279998779296875,-6.304529888699372,76,89,B-
CCO,Clear Channel Outdoor Holdings Inc. Common Stock,Advertising,131,2.430000066757202,0.0,79,8,B-
CCOI,Cogent Communications Holdings Inc.,Telecommunications Equipment,84,8.539999961853027,-80.96381218344727,9,8,C+
CCS,Century Communities Inc. Common Stock,Homebuilding,98,55.66999816894531,-24.472213219866035,42,46,E
CCSI,Consensus Cloud Solutions Inc. Common Stock,Computer Software: Prepackaged Software,40,36.709999084472656,-7.879547076237847,87,69,D
CCTG,CCSC Technology International Holdings Limited Class A Ordinary Shares,Building Products,80,0.5040000081062317,-96.78980882656569,10,,A
CCU,Compania Cervecerias Unidas S.A. Common Stock,Beverages (Production/Distribution),104,10.90999984741211,-27.47461635282645,43,34,D+
CCXI,Churchill Capital Corp XI Class A Ordinary Shares,Blank Checks,42,10.930000305175781,-42.774868655082564,47,,B-
CCZ,Comcast Holdings ZONES,Cable & Other Pay Television Services,127,62.900001525878906,-4.713654814397195,54,,D
CD,Chaince Digital Holdings Inc. Ordinary Shares,Finance: Consumer Services,112,8.65999984741211,-72.4642300879782,97,,B
CDE,Coeur Mining Inc. Common Stock,Precious Metals,43,17.1299991607666,-36.835226507076854,47,64,C-
CDIO,Cardio Diagnostics Holdings Inc. Common stock,Biotechnology: In Vitro & In Vivo Diagnostic Substances,112,1.8700000047683716,-71.45038243794966,36,8,C-
CDLR,Cadeler A/S American Depositary Share (each representing four (4) Ordinary Shares),Marine Transportation,3,21.799999237060547,-26.27663354059382,52,,D
CDLX,Cardlytics Inc. Common Stock,Computer Software: Programming Data Processing,80,2.059999942779541,-90.41860491730446,5,8,E
CDNA,CareDx Inc. Common Stock,Medical Specialities,15,63.66999816894531,-8.847531052510227,99,86,A-
CDNL,Cardinal Infrastructure Group Inc. Class A Common Stock,Military/Government/Technical,103,21.1200008392334,-77.60576674163121,14,,E
CDNS,Cadence Design Systems Inc. Common Stock,Computer Software: Prepackaged Software,40,352.8399963378906,-15.262137917548968,66,92,B+
CDP,COPT Defense Properties Common Shares of Beneficial Interest,Real Estate Investment Trusts,75,33.47999954223633,-11.876204706378724,66,76,D-
CDRE,Cadre Holdings Inc. Common Stock,Industrial Specialties,84,24.549999237060547,-46.35588156180589,24,76,C-
CDRO,Codere Online Luxembourg S.A. Ordinary Shares,Services-Misc. Amusement & Recreation,80,9.524999618530273,-6.6176490525198695,76,,B-
CDT,CDT Equity Inc. Common Stock,Biotechnology: Pharmaceutical Preparations,109,0.7179999947547913,-99.99778736519336,1,26,E
CDTG,CDT Environmental Technology Investment Holdings Limited ordinary shares,Miscellaneous,141,1.2200000286102295,-93.2222220632765,6,,A+
CDW,CDW Corporation Common Stock,Retail: Computer Software & Peripheral Equipment,13,142.1699981689453,-8.976009377062866,61,73,B-
CDXS,Codexis Inc. Common Stock,Major Chemicals,80,1.409999966621399,-50.52631530515153,17,8,B-
CDZI,CADIZ Inc. Common Stock,Water Supply,43,3.4200000762939453,-50.578034124451186,23,8,C-
CDZIP,Cadiz Inc. Depositary Shares,Water Supply,43,21.190000534057617,-7.07340862985496,71,,B-
CE,Celanese Corporation Common Stock,Major Chemicals,80,45.02000045776367,-34.935815834817554,45,71,B
CECO,CECO Environmental Corp. Common Stock,Pollution Control Equipment,49,65.81999969482422,-33.96207393998721,55,96,C-
CEG,Constellation Energy Corporation Common Stock,Electric Utilities: Central,67,298.07000732421875,-25.798676917684205,60,91,C-
CELC,Celcuity Inc. Common Stock,Medical Specialities,15,67.94000244140625,-53.13836084732275,27,8,D
CELH,Celsius Holdings Inc. Common Stock,Beverages (Production/Distribution),104,28.579999923706055,-55.93586238859096,25,84,D
CELU,Celularity Inc. Class A Common Stock,Biotechnology: Pharmaceutical Preparations,109,1.559999942779541,-31.277534982937837,92,8,A
CELZ,Creative Medical Technology Holdings Inc. Common Stock,Finance: Consumer Services,112,0.8385000228881836,-85.0,14,8,B+
CENN,Cenntro Inc. Common Stock,Auto Manufacturing,137,3.7100000381469727,-75.62738136647457,24,26,D-
CENT,Central Garden & Pet Company Common Stock,Consumer Specialties,19,40.58000183105469,-12.806186006077613,72,47,C-
CENTA,Central Garden & Pet Company Class A Common Stock Nonvoting,Consumer Specialties,19,35.0,-13.793100208342612,68,47,B-
CENX,Century Aluminum Company Common Stock,Aluminum,,36.7599983215332,-46.54645904328475,33,94,E
CEPF,Cantor Equity Partners IV Inc. Class A Ordinary Shares,Blank Checks,42,10.270000457763672,-3.295663197429355,54,99,E
CEPL,Capstone Energy Plus Inc. Common Stock,Industrial Machinery/Components,91,4.360000133514404,-63.29966252934174,7,18,B+
CEPO,Cantor Equity Partners I Inc. Class A Ordinary Shares,Blank Checks,42,10.779999732971191,-0.1851894204671356,59,36,A+
CEPS,Cantor Equity Partners VI Inc. Class A Ordinary Shares,Blank Checks,42,10.239999771118164,-1.91570706229659,56,64,E
CEPU,Central Puerto S.A. American Depositary Shares (each represents ten Common Shares),Electric Utilities: Central,67,12.640000343322754,-29.58217378229874,50,45,C
CEPV,Cantor Equity Partners V Inc. Class A Ordinary Shares,,,10.225000381469727,-2.1531046115036534,54,99,E
CERS,Cerus Corporation Common Stock,EDP Services,116,2.299999952316284,-29.878049622611734,62,8,B
CERT,Certara Inc. Common Stock,Computer Software: Prepackaged Software,40,9.130000114440918,-29.443582608134257,81,60,C-
CET,Central Securities Corporation Common Stock,Finance/Investors Services,45,55.869998931884766,-1.9652618241722486,69,,E
CETX,Cemtrex Inc. Common Stock,Electrical Products,8,2.049999952316284,-97.09219864919676,8,1,E
CETY,Clean Energy Technologies Inc. Common Stock,Metal Fabrications,39,0.9850000143051147,-64.1818176616322,63,26,A-
CEV,Eaton Vance California Municipal Income Trust Shares of Beneficial Interest,Finance/Investors Services,45,10.4399995803833,-3.2179315270101094,64,,C-
CEVA,CEVA Inc. Common Stock,Computer Software: Programming Data Processing,80,33.4900016784668,-33.10027814674606,78,41,B-
CF,CF Industries Holdings Inc. Common Stock,Agricultural Chemicals,135,111.54000091552734,-19.910966113481255,69,96,D+
CFBK,CF Bankshares Inc. Common Stock,Major Banks,21,33.84000015258789,-6.559128866503883,81,89,B+
CFFI,C&F Financial Corporation Common Stock,Major Banks,21,101.38999938964844,-0.802269545219858,90,69,A
CFFN,Capitol Federal Financial Inc. Common Stock,Savings Institutions,14,8.390000343322754,-7.833676486472241,78,79,A-
CFG,Citizens Financial Group Inc. Common Stock,Major Banks,21,63.56999969482422,-14.933765771166563,61,86,D
CFR,Cullen/Frost Bankers Inc. Common Stock,Major Banks,21,150.24000549316406,-11.098782441273459,66,84,B-
CG,The Carlyle Group Inc. Common Stock,Investment Managers,58,38.41999816894531,-40.66682203602511,26,73,D-
CGAU,Centerra Gold Inc. Common Shares,Precious Metals,43,22.540000915527344,-7.05154261638209,92,83,B
CGBD,Carlyle Secured Lending Inc. Common Stock,Finance: Consumer Services,112,10.420000076293945,-10.859124668510756,54,59,D
CGC,Canopy Growth Corporation Common Shares,Medicinal Chemicals and Botanical Products,134,0.8270000219345093,-56.92708122815622,23,8,D-
CGCFU,Cartesian Growth Corporation IV Unit,,,9.899999618530273,-1.00000381469727,54,,E
CGEM,Cullinan Therapeutics Inc. Common Stock,Biotechnology: Biological Products (No Diagnostic Substances),99,15.529999732971191,-32.331158097172555,88,8,E
CGEN,Compugen Ltd. Ordinary Shares,Biotechnology: Biological Products (No Diagnostic Substances),99,2.130000114440918,-31.29031677523941,61,38,D-
CGNT,Cognyte Software Ltd. Ordinary Shares,Computer Software: Prepackaged Software,40,8.8149995803833,-27.982028225332055,55,44,C
CGNX,Cognex Corporation Common Stock,Industrial Machinery/Components,91,62.91999816894531,-12.99597243528251,84,86,C+
CGON,CG Oncology Inc. Common stock,Biotechnology: Biological Products (No Diagnostic Substances),99,63.81999969482422,-20.897373012615073,77,8,B-
CGTL,Creative Global Technology Holdings Limited Class A Ordinary Shares,Retail: Computer Software & Peripheral Equipment,13,3.450000047683716,-95.5769230157901,9,,A-
CGTX,Cognition Therapeutics Inc. Common Stock,Biotechnology: Biological Products (No Diagnostic Substances),99,0.8769999742507935,-55.02564344587954,26,8,D-
CHA,Chagee Holdings Limited American Depositary Shares,Restaurants,89,11.25,-31.580125078691836,45,49,B+
CHAI,Core AI Holdings Inc. Common Shares,Telecommunications Equipment,84,0.23399999737739563,-96.18892504127476,4,26,A+
CHCI,Comstock Holding Companies Inc. Class A Common Stock,Real Estate,99,18.709999084472656,-11.536645759179331,85,8,B+
CHCO,City Holding Company Common Stock,Major Banks,21,139.97000122070312,-5.412890078456245,72,77,D-
CHCT,Community Healthcare Trust Incorporated Common Stock,Real Estate Investment Trusts,75,13.609999656677246,-26.810720798895527,37,45,E
CHD,Church & Dwight Company Inc. Common Stock,Package Goods/Cosmetics,34,98.11000061035156,-6.203280247761844,67,66,C-
CHDN,Churchill Downs Incorporated Common Stock,Services-Misc. Amusement & Recreation,80,79.95999908447266,-32.00101915582132,38,71,B-
CHE,Chemed Corp,Medical/Nursing Services,18,499.82000732421875,-9.45189602501938,74,76,D
CHEC,Chenghe Acquisition III Co. Class A Ordinary Share,,,10.270000457763672,-0.2912595380160976,59,99,A-
CHEF,The Chefs' Warehouse Inc. Common Stock,Food Distributors,52,114.31999969482422,-1.8038124954044776,94,96,B-
CHGG,Chegg Inc. Common Stock,Other Consumer Services,99,0.7400000095367432,-52.25806243213722,28,40,B-
CHH,Choice Hotels International Inc. Common Stock,Hotels/Resorts,74,105.63999938964844,-12.995308646521176,54,66,D
CHKP,Check Point Software Technologies Ltd. Ordinary Shares,Computer Software: Prepackaged Software,40,137.17999267578125,-32.883216847482956,39,75,B
CHMG,Chemung Financial Corp Common Stock,Major Banks,21,80.54000091552734,-5.093826091428211,88,86,C-
CHMI,Cherry Hill Mortgage Investment Corporation Common Stock,Real Estate Investment Trusts,75,2.5799999237060547,-9.803014183392222,77,55,B-
CHNR,China Natural Resources Inc. Common Stock,Precious Metals,43,3.990000009536743,-44.351464894277825,51,,A
CHOW,ChowChow Cloud International Holdings Limited Ordinary Shares,Computer Software: Prepackaged Software,40,0.5600000023841858,-95.21367511527029,55,,A+
CHPT,ChargePoint Holdings Inc. Common Stock,Industrial Specialties,84,7.920000076293945,-35.81847667454851,80,8,B-
CHR,Cheer Holding Inc. Class A Ordinary Share,EDP Services,116,1.5099999904632568,-94.07843140994801,14,,A
CHRD,Chord Energy Corporation Common Stock,Oil & Gas Production,10,141.5399932861328,-9.84713803431031,86,76,B-
CHRN,ChronoScale Holdings Corporation Common Stock,Industrial Machinery/Components,91,18.59000015258789,-37.25953196379732,97,,E
CHRS,Coherus Oncology Inc. Common Stock,Biotechnology: Biological Products (No Diagnostic Substances),99,1.0700000524520874,-57.37051567659156,19,8,C
CHRW,C.H. Robinson Worldwide Inc. Common Stock,Integrated Freight & Logistics,138,142.30999755859375,-31.75254224017159,35,74,C-
CHSN,Chanson International Holding Class A Ordinary Shares,Packaged Foods,120,1.059999942779541,-99.63448277835188,7,,A
CHT,Chunghwa Telecom Co. Ltd.,Telecommunications Equipment,84,45.9900016784668,-0.4545434653782765,73,50,B+
CHTR,Charter Communications Inc. Class A Common Stock New,Cable & Other Pay Television Services,127,103.37999725341797,-61.171832017495596,13,83,E
CHWY,Chewy Inc. Class A Common Stock,Catalog/Specialty Distribution,67,18.950000762939453,-51.559301430618774,24,88,D
CHYM,Chime Financial Inc. Class A Common Stock,Finance: Consumer Services,112,30.079999923706055,-12.937769644173203,90,63,B+
CI,The Cigna Group Common Stock,Medical Specialities,15,282.42999267578125,-6.732954668564528,51,84,D+
CIA,Citizens Inc. Class A Common Stock ($1.00 Par),Life Insurance,28,3.4700000286102295,-45.611285793616204,17,50,C-
CIEN,Ciena Corporation Common Stock,Telecommunications Equipment,84,449.7699890136719,-28.266349439605765,93,94,B
CIFR,Cipher Digital Inc. Common Stock,Finance: Consumer Services,112,13.520000457763672,-53.66689404946452,25,8,C-
CIG,Comp En De Mn Cemig ADS American Depositary Shares,Electric Utilities: Central,67,2.4000000953674316,-8.283598299338824,76,56,B+
CIGI,Colliers International Group Inc. Subordinate Voting Shares,Real Estate,99,86.5999984741211,-48.710968755484366,24,56,D-
CIIT,Tianci International Inc. Common Stock,Oil & Gas Production,10,2.5199999809265137,-96.40000002724783,5,38,C
CIM,Chimera Investment Corporation Common Stock,Real Estate Investment Trusts,75,8.960000038146973,-30.522396061730316,25,70,E
CINF,Cincinnati Financial Corporation Common Stock,Property-Casualty Insurers,52,163.38999938964844,-14.429281048425857,50,60,E
CING,Cingulate Inc. Common Stock,Biotechnology: Pharmaceutical Preparations,109,4.889999866485596,-58.06175016742464,58,8,D+
CINT,CI&T Inc Class A Common Shares,EDP Services,116,3.0899999141693115,-44.2238278800319,27,61,C-
CION,CION Investment Corporation Common Stock,Finance/Investors Services,45,6.940000057220459,-23.081608387594788,56,31,C-
CIRC,Circle8 Group Inc. Common Stock,Biotechnology: Laboratory Analytical Instruments,4,0.4830000102519989,-89.26666643884447,8,26,E
CISO,CISO Global Inc. Common Stock,Professional Services,47,0.1889999955892563,-86.5000000851495,11,18,E
CISS,C3is Inc. Common Stock,Marine Transportation,3,0.7829999923706055,-99.99429300297106,1,77,E
CITR,CitroTech Inc. Common Stock,Environmental Services,67,2.950000047683716,-70.76313178323295,9,,C-
CIVB,Civista Bancshares Inc. Common Stock,Major Banks,21,26.40999984741211,-9.304397088533046,72,65,B+
CIX,CompX International Inc. Common Stock,Industrial Machinery/Components,91,39.2599983215332,-0.5572472726798394,95,41,B+
CJMB,Callan JMB Inc. Common Stock,Business Services,58,2.2799999713897705,-49.33333396911621,97,26,A-
CKX,CKX Lands Inc. Common Stock,Oil & Gas Production,10,10.430000305175781,-15.409567155611036,56,59,C
CL,Colgate-Palmolive Company Common Stock,Package Goods/Cosmetics,34,88.2699966430664,-9.897352967403016,64,75,D
CLAR,Clarus Corporation Common Stock,Recreational Games/Products/Toys,67,3.5,-8.376961749607936,71,71,B-
CLB,Core Laboratories Inc. Common Stock,Oilfield Services/Equipment,37,10.09000015258789,-48.590912969291566,25,45,E
CLBK,Columbia Financial Inc. Common Stock,Savings Institutions,14,10.800000190734863,-8.6294376516439,88,83,B-
CLBT,Cellebrite DI Ltd. Ordinary Shares,Computer Software: Prepackaged Software,40,11.260000228881836,-42.433535090388915,22,81,D-
CLDI,Calidi Biotherapeutics Inc. Common Stock,Biotechnology: Biological Products (No Diagnostic Substances),99,1.0299999713897705,-96.14520958885286,4,8,D-
CLDT,Chatham Lodging Trust (REIT) Common Shares of Beneficial Interest,Real Estate Investment Trusts,75,13.609999656677246,-0.8017537041592471,94,57,B-
CLDX,Celldex Therapeutics Inc.,Biotechnology: In Vitro & In Vivo Diagnostic Substances,112,29.889999389648438,-33.38533518794334,45,8,E
CLF,Cleveland-Cliffs Inc. Common Stock,Metal Mining,110,12.979999542236328,-19.777507432529607,83,8,B+
CLFD,Clearfield Inc. Common Stock,Telecommunications Equipment,84,34.0099983215332,-33.65197144915562,68,39,B+
CLGN,CollPlant Biotechnologies Ltd Ordinary Shares,Industrial Specialties,84,3.509999990463257,-85.90361428017388,18,8,B
CLH,Clean Harbors Inc. Common Stock,Environmental Services,67,316.92999267578125,-2.883496895172577,77,80,B-
CLIK,Click Holdings Limited Class A Ordinary Share,Diversified Commercial Services,77,1.0700000524520874,-89.77055402916001,9,,A
CLIR,ClearSign Technologies Corporation Common Stock (DE),Industrial Machinery/Components,91,3.2100000381469727,-67.89999961853027,16,8,D
CLLS,Cellectis S.A. American Depositary Shares,Biotechnology: Pharmaceutical Preparations,109,1.2599999904632568,-76.44859788927805,6,8,E
CLMB,Climb Global Solutions Inc. Common Stock,Retail: Computer Software & Peripheral Equipment,13,33.2599983215332,-4.96081595680844,85,69,B+
CLMT,Calumet Inc. Common Stock,Integrated oil Companies,1,56.41999816894531,-4.4538545336078705,98,64,B-
CLNE,Clean Energy Fuels Corp. Common Stock,Natural Gas Distribution,28,1.4700000286102295,-51.960782480441495,16,37,D-
CLNN,Clene Inc. Common Stock,Biotechnology: Pharmaceutical Preparations,109,3.859999895095825,-69.1200008392334,13,8,E
CLOV,Clover Health Investments Corp. Class A Common Stock,Medical Specialities,15,4.789999961853027,-11.460256987912132,95,88,A-
CLPR,Clipper Realty Inc. Common Stock,Real Estate Investment Trusts,75,3.130000114440918,-15.982500679497347,59,34,C+
CLPS,CLPS Incorporation Common Stock,Computer Software: Prepackaged Software,40,1.0049999952316284,-37.96296343990914,70,,B+
CLPT,ClearPoint Neuro Inc. Common Stock,Medical/Dental Instruments,96,10.479999542236328,-63.812155132783346,21,8,C-
CLRB,Cellectar Biosciences Inc.  Common Stock,Biotechnology: Pharmaceutical Preparations,109,1.4500000476837158,-70.88353329055843,10,8,E
CLRO,ClearOne Inc. Common Stock,Telecommunications Equipment,84,3.9100000858306885,-71.74855460460691,26,8,B+
CLS,Celestica Inc. Common Stock,Electrical Products,8,362.1600036621094,-23.336154034441325,78,99,B-
CLSK,CleanSpark Inc. Common Stock,Finance: Consumer Services,112,10.494999885559082,-54.762933015398055,33,8,B-
CLST,Catalyst Bancorp Inc. Common Stock,Savings Institutions,14,16.799999237060547,-7.43801878701662,67,65,B-
CLVT,Clarivate Plc Ordinary Shares,EDP Services,116,1.6100000143051147,-57.180850574769494,15,73,C
CLW,Clearwater Paper Corporation Common Stock,Paper,79,18.969999313354492,-18.61861969979428,75,8,B+
CLWT,Euro Tech Holdings Company Limited Common Stock,Professional and commerical equipment,,1.3600000143051147,-28.795809525022122,47,,B-
CLX,Clorox Company (The) Common Stock,Specialty Chemicals,106,83.80000305175781,-32.488480027437724,33,48,D
CLYM,Climb Bio Inc. Common Stock,Biotechnology: Pharmaceutical Preparations,109,11.0,-38.340807702267156,98,8,B-
CM,Canadian Imperial Bank of Commerce Common Stock,Commercial Banks,21,109.19999694824219,-11.158429351394794,72,89,C
CMBT,CMB.TECH NV Ordinary Shares,Marine Transportation,3,20.600000381469727,-1.0091258522920254,96,96,B-
CMC,Commercial Metals Company Common Stock,Steel/Iron Ore,17,63.88999938964844,-22.718643644223313,55,92,D+
CMCL,Caledonia Mining Corporation Plc Common Shares,Precious Metals,43,23.75,-36.30118773312494,62,91,C-
CMCM,Cheetah Mobile Inc. American Depositary Shares each representing fifty (50) Class A Ordinary Shares,Computer Software: Prepackaged Software,40,2.4800000190734863,-70.85781489574245,12,46,D-
CMCO,Columbus McKinnon Corporation Common Stock,Construction/Ag Equipment/Trucks,21,15.989999771118164,-30.509179012016673,68,59,D-
CMCSA,Comcast Corporation Class A Common Stock,Cable & Other Pay Television Services,127,20.65999984741211,-33.761385441238325,30,55,E
CMCT,Creative Media & Community Trust Corporation Common stock,Real Estate Investment Trusts,75,3.869999885559082,-99.69953417037584,16,1,B
CMDB,Costamare Bulkers Holdings Limited Common Stock,Marine Transportation,3,20.799999237060547,-15.136682811816282,83,68,D
CME,CME Group Inc. Class A Common Stock,Investment Bankers/Brokers/Service,49,280.55999755859375,-11.133994449807627,70,84,B-
CMG,Chipotle Mexican Grill Inc. Common Stock,Restaurants,89,31.59000015258789,-25.424929892781435,34,71,B-
CMI,Cummins Inc. Common Stock,Industrial Machinery/Components,91,523.3900146484375,-27.79750279288027,44,68,E
CMMB,Chemomab Therapeutics Ltd. American Depositary Share,Biotechnology: Pharmaceutical Preparations,109,1.3799999952316284,-60.00000069106834,23,8,C-
CMND,Clearmind Medicine Inc. Common Shares,Biotechnology: Pharmaceutical Preparations,109,6.579999923706055,-99.80782710503195,3,26,B-
CMP,Compass Minerals Intl Inc Common Stock,Mining & Quarrying of Nonmetallic Minerals (No Fuels),91,22.790000915527344,-31.99044447315681,45,34,C-
CMPR,Cimpress plc Ordinary Shares (Ireland),Publishing,84,74.20999908447266,-29.531857558744377,44,96,E
CMPS,COMPASS Pathways Plc American Depository Shares,Biotechnology: Pharmaceutical Preparations,109,12.0,-21.000656145527064,92,8,C
CMPX,Compass Therapeutics Inc. Common Stock,Biotechnology: Biological Products (No Diagnostic Substances),99,0.9929999709129333,-85.15695123438456,5,8,E
CMRC,Commerce.com Inc. Series 1 Common Stock,Computer Software: Prepackaged Software,40,3.4800000190734863,-36.84210754053462,58,97,A-
CMRE,Costamare Inc. Common Stock $0.0001 par value,Marine Transportation,3,15.119999885559082,-14.300482571199202,63,68,B-
CMS,CMS Energy Corporation Common Stock,Power Generation,84,65.48999786376953,-16.773504594620725,40,52,C-
CMT,Core Molding Technologies Inc Common Stock,Plastic Products,8,23.270000457763672,-17.918870741978786,68,40,A-
CMTG,Claros Mortgage Trust Inc. Common Stock,Real Estate,99,1.2000000476837158,-66.4804448810864,9,8,E
CMTL,Comtech Telecommunications Corp. Common Stock,Radio And Television Broadcasting And Communications Equipment,78,1.1799999475479126,-80.26755946849083,9,8,E
CMTV,Community Bancorp. Common Stock,Major Banks,21,43.20000076293945,-1.5945347120928988,90,59,C-
CNA,CNA Financial Corporation Common Stock,Property-Casualty Insurers,52,46.16999816894531,-15.73193437845556,53,56,D-
CNC,Centene Corporation Common Stock,Medical Specialities,15,65.36000061035156,-5.834898196336924,89,66,C-
CNCK,Coincheck Group N.V. Ordinary Shares,Finance: Consumer Services,112,1.350000023841858,-82.86802025081393,11,18,E
CNDT,Conduent Incorporated Common Stock,Business Services,58,1.600000023841858,-40.07490718641796,43,8,B-
CNET,ZW Data Action Technologies Inc. Common Stock,Computer Software: Programming Data Processing,80,1.4700000286102295,-39.004150362777104,89,32,A+
CNEY,CN Energy Group Inc. Class A Ordinary Shares,Major Chemicals,80,0.49000000953674316,-78.31858355732548,28,,D-
CNF,CNFinance Holdings Limited American Depositary Shares each representing two hundred (200) Ordinary Shares,Finance: Consumer Services,112,1.9500000476837158,-69.57878168326349,14,,D
CNH,CNH Industrial N.V. Common Shares,Construction/Ag Equipment/Trucks,21,11.390000343322754,-20.902773298231057,68,39,C
CNI,Canadian National Railway Company Common Stock,Railroads,33,117.77999877929688,-9.315071100359374,69,74,B-
CNK,Cinemark Holdings Inc Cinemark Holdings Inc. Common Stock,Movies/Entertainment,4,36.400001525878906,-5.1589356100389505,89,57,B+
CNL,Collective Mining Ltd. Common Shares,,,12.0600004196167,-41.99134252750564,36,8,D
CNM,Core & Main Inc. Class A Common Stock,Durable Goods,138,40.349998474121094,-31.71433682530811,31,72,D
CNMD,CONMED Corporation Common Stock,Biotechnology: Electromedical & Electrotherapeutic Apparatus,58,44.41999816894531,-14.346321546169015,65,71,D+
CNNE,Cannae Holdings Inc. Common Stock,Restaurants,89,15.5,-13.68851148798097,64,35,D
CNO,CNO Financial Group Inc. Common Stock,Accident &Health Insurance,10,52.9900016784668,-6.31783243469517,79,65,E
CNOB,ConnectOne Bancorp Inc. Common Stock,Major Banks,21,29.940000534057617,-11.70890906736739,66,88,C
CNP,CenterPoint Energy Inc (Holding Co) Common Stock,Electric Utilities: Central,67,38.599998474121094,-13.786241168288694,46,72,C-
CNQ,Canadian Natural Resources Limited Common Stock,Oil & Gas Production,10,49.650001525878906,-3.6857376126121943,88,87,C-
CNR,Core Natural Resources Inc. Common Stock,Coal Mining,67,88.45999908447266,-21.71504431124286,53,89,E
CNS,Cohen & Steers Inc Common Stock,Investment Managers,58,69.26000213623047,-19.136017627152345,59,74,D-
CNSP,CNS Pharmaceuticals Inc. Common Stock,Biotechnology: Pharmaceutical Preparations,109,5.349999904632568,-46.766171113461716,80,8,A+
CNTB,Connect Biopharma Holdings Limited Ordinary Shares,Biotechnology: Pharmaceutical Preparations,109,0.8700000047683716,-76.42276446402794,7,8,B-
CNTN,Canton Strategic Holdings Inc. Common Stock,Biotechnology: Pharmaceutical Preparations,109,2.109999895095825,-61.49635241328764,28,26,B-
CNTX,Context Therapeutics Inc. Common Stock,Biotechnology: Pharmaceutical Preparations,109,0.30399999022483826,-90.95238096082832,5,8,C-
CNTY,Century Casinos Inc. Common Stock,Hotels/Resorts,74,0.8600000143051147,-65.18218605896121,13,8,E
CNVS,Cineverse Corp. Class A Common Stock,Consumer Electronics/Video Chains,130,1.909999966621399,-42.296072518433505,24,32,D
CNX,CNX Resources Corporation Common Stock,Oil & Gas Production,10,34.029998779296875,-20.13612229090249,54,90,D-
CNXC,Concentrix Corporation Common Stock,Computer Software: Prepackaged Software,40,25.950000762939453,-43.345450208670265,36,68,D
CNXN,PC Connection Inc. Common Stock,Catalog/Specialty Distribution,67,92.80999755859375,0.0,90,84,B+
CNXU,Conexeu Sciences Inc. Common Stock,Industrial Specialties,84,3.890000104904175,-76.91394648760908,6,26,C
COAG,Hemab Therapeutics Holdings Inc. Common Stock,Biotechnology: Biological Products (No Diagnostic Substances),99,31.6200008392334,-42.44630209389668,37,,B+
COCH,Envoy Medical Inc. Class A Common Stock,Industrial Specialties,84,0.6579999923706055,-30.66385756487202,44,8,C+
COCO,The Vita Coco Company Inc. Common Stock,Beverages (Production/Distribution),104,58.38999938964844,-30.504639701783464,63,95,C-
COCP,Cocrystal Pharma Inc. Common Stock,Biotechnology: Pharmaceutical Preparations,109,1.0700000524520874,-31.847132693981795,53,8,B-
CODA,Coda Octopus Group Inc. Common stock,Industrial Machinery/Components,91,10.25,-38.842482935432265,59,52,C-
CODI,D/B/A Compass Diversified Holdings Shares of Beneficial Interest,Home Furnishings,38,10.850000381469727,-14.6341435963396,91,69,C-
CODX,Co-Diagnostics Inc. Common Stock,Medical/Dental Instruments,96,1.1200000047683716,-97.03703696461908,7,8,B
COE,51Talk Online Education Group American depositary shares each representing 60 Class A ordinary shares,Other Consumer Services,99,12.220000267028809,-78.00575960226084,12,44,C
COF,Capital One Financial Corporation Common Stock,Major Banks,21,199.25999450683594,-21.846011775732034,48,57,C-
COFS,ChoiceOne Financial Services Inc. Common Stock,Major Banks,21,32.47999954223633,-5.377870649052929,69,72,D+
COGT,Cogent Biosciences Inc. Common Stock,Biotechnology: Pharmaceutical Preparations,109,31.0,-27.63772201310941,68,8,C-
COHN,Cohen & Company Inc.,Investment Bankers/Brokers/Service,49,10.649999618530273,-61.30890012811647,28,79,E
COHR,Coherent Corp. Common Stock,Electronic Components,2,312.6199951171875,-26.76802352131762,93,89,B+
COHU,Cohu Inc. Common Stock,Electrical Products,8,68.19000244140625,-7.739143468119636,98,70,B
COIN,Coinbase Global Inc. Class A Common Stock,Finance: Consumer Services,112,179.38999938964844,-53.64599498975493,42,8,B
COKE,Coca-Cola Consolidated Inc. Common Stock,Beverages (Production/Distribution),104,196.24000549316406,-9.284662940793375,83,90,B-
COLB,Columbia Banking System Inc. Common Stock,Major Banks,21,28.3700008392334,-14.560532225055766,54,58,D+
COLD,Americold Realty Trust Inc. Common Stock,Real Estate Investment Trusts,75,13.989999771118164,-12.523959702856747,64,31,B-
COLL,Collegium Pharmaceutical Inc. Common Stock,Biotechnology: Pharmaceutical Preparations,109,22.09000015258789,-55.67816997400051,14,86,D-
COLM,Columbia Sportswear Company Common Stock,Apparel,116,57.040000915527344,-15.43722670503258,53,54,C-
COMP,Compass Inc. Class A Common Stock,EDP Services,116,9.390000343322754,-30.85419443242403,55,87,C
CON,Concentra Group Holdings Parent Inc. Common Stock,Medical Specialities,15,37.189998626708984,0.0,94,89,A
COO,The Cooper Companies Inc. Common Stock,Ophthalmic Goods,127,54.369998931884766,-35.51945074873839,24,82,E
COOK,Traeger Inc. Common Stock,Consumer Electronics/Appliances,104,51.599998474121094,-37.07317259253525,63,39,E
COOT,Australian Oilseeds Holdings Limited Ordinary Shares,Packaged Foods,120,0.4440000057220459,-83.18181863336851,26,,A
COP,ConocoPhillips Common Stock,Integrated oil Companies,1,134.10000610351562,-5.041775283700889,85,86,C
COPR,Idaho Copper Corporation Common Stock,Metal Mining,110,3.369999885559082,-18.79518534659913,37,26,B
COR,Cencora Inc. Common Stock,Other Pharmaceuticals,67,323.8500061035156,-13.066810955699115,61,81,C-
CORT,Corcept Therapeutics Incorporated Common Stock,Biotechnology: Pharmaceutical Preparations,109,121.19000244140625,-1.9260316090440655,98,36,D-
CORZ,Core Scientific Inc. Common Stock,Finance: Consumer Services,112,15.40999984741211,-47.153635363342715,29,8,B-
COSM,Cosmos Health Inc. Common Stock,Other Pharmaceuticals,67,0.335999995470047,-73.12000036239624,35,8,A+
COSO,CoastalSouth Bancshares Inc. Common Stock,Major Banks,21,26.670000076293945,-4.784006217915637,70,48,A-
COST,Costco Wholesale Corporation Common Stock,Department/Specialty Retail Stores,21,946.9199829101562,-13.331977347703283,59,81,D+
COTY,Coty Inc. Class A Common Stock,Package Goods/Cosmetics,34,2.8499999046325684,-35.955055577784144,69,31,D
COUR,Coursera Inc. Common Stock,Computer Software: Prepackaged Software,40,5.159999847412109,-51.9105305913492,29,66,B-
COYA,Coya Therapeutics Inc. Common Stock,Biotechnology: Pharmaceutical Preparations,109,4.949999809265137,-32.74456902894771,55,8,B
CP,Canadian Pacific Kansas City Limited Common Shares,Railroads,33,84.45999908447266,-12.458191573217803,62,70,D-
CPA,Copa Holdings S.A. Class A Common Stock,Air Freight/Delivery Services,91,134.22999572753906,-13.46385226610398,64,79,C+
CPAC,Cementos Pacasmayo S.A.A. American Depositary Shares (Each representing five Common Shares),Building Materials,120,12.270000457763672,-3.385821716215809,83,53,D+
CPAY,Corpay Inc. Common Stock,Business Services,58,397.9200134277344,-6.42460197395428,82,93,D
CPB,The Campbell's Company Common Stock,Packaged Foods,120,19.209999084472656,-35.443958622639094,32,48,D
CPBI,Central Plains Bancshares Inc. Common Stock,Savings Institutions,14,20.0,-6.803351103258137,72,,D
CPF,Central Pacific Financial Corp New,Major Banks,21,35.599998474121094,-10.266139295125342,67,84,B
CPHC,Canterbury Park Holding Corporation 'New' Common Stock,Services-Misc. Amusement & Recreation,80,15.699999809265137,-5.948477866819745,56,37,E
CPHI,China Pharma Holdings Inc. Common Stock,Biotechnology: Pharmaceutical Preparations,109,0.8700000047683716,-89.25925970622593,62,51,A+
CPIX,Cumberland Pharmaceuticals Inc. Common Stock,Biotechnology: Pharmaceutical Preparations,109,7.03000020980835,-21.627647708677912,97,47,B-
CPK,Chesapeake Utilities Corporation Common Stock,Oil & Gas Production,10,127.75,-6.846436810205581,52,58,B
CPNG,Coupang Inc. Class A Common Stock,Catalog/Specialty Distribution,67,15.819999694824219,-51.278105635742136,25,8,C-
CPOP,Pop Culture Group Co. Ltd Class A Ordinary Shares,Services-Misc. Amusement & Recreation,80,2.8399999141693115,-81.31578980390385,99,,A-
CPRI,Capri Holdings Limited Ordinary Shares,Apparel,116,14.949999809265137,-45.950831917072954,24,60,B-
CPRT,Copart Inc. (DE) Common Stock,Retail-Auto Dealers and Gas Stations,110,27.31999969482422,-40.2972012742223,32,70,B-
CPS,Cooper-Standard Holdings Inc. Common Stock,Auto Parts:O.E.M.,91,21.0,-53.53982379305977,20,8,D
CPSH,CPS Technologies Corp. Common Stock,Building Materials,120,3.5399999618530273,-69.4564286863914,36,32,D-
CPSS,Consumer Portfolio Services Inc. Common Stock,Finance: Consumer Services,112,9.380000114440918,-8.932039410266334,69,53,C
CPT,Camden Property Trust Common Stock,Real Estate Investment Trusts,75,97.58000183105469,-16.106517779309737,43,32,E
CR,Crane Company Common Stock,Metal Fabrications,39,204.75,-9.467172133058233,62,78,B-
CRAI,CRA International Inc. Common Stock,Other Consumer Services,99,176.72999572753906,-20.038577241402066,56,73,C+
CRBG,Corebridge Financial Inc. Common Stock,Life Insurance,28,34.09000015258789,-3.0707934961197947,79,60,B-
CRBP,Corbus Pharmaceuticals Holdings Inc. Common Stock,Biotechnology: Pharmaceutical Preparations,109,5.380000114440918,-72.21074408662831,12,8,D-
CRBU,Caribou Biosciences Inc. Common Stock,Biotechnology: Biological Products (No Diagnostic Substances),99,0.46000000834465027,-83.80281611807025,4,8,E
CRC,California Resources Corporation Common Stock,Oil & Gas Production,10,52.959999084472656,-23.39727181725716,55,46,C+
CRCL,Circle Internet Group Inc. Class A Common Stock,Finance: Consumer Services,112,84.51000213623047,-43.83970990453421,64,32,B+
CRCT,Cricut Inc. Class A Common Stock,Industrial Machinery/Components,91,6.389999866485596,-1.993866791736476,90,58,A
CRD-A,Crawford & Company,,,12.800000190734863,-6.480504771337758,81,61,B+
CRD-B,Crawford & Company,,,12.020000457763672,-8.244273986691953,80,60,A
CRDF,Cardiff Oncology Inc. Common Stock,Biotechnology: Biological Products (No Diagnostic Substances),99,1.0800000429153442,-66.35513924981781,15,8,B-
CRDL,Cardiol Therapeutics Inc. Class A Common Shares,Biotechnology: Biological Products (No Diagnostic Substances),99,1.2300000190734863,-46.17067952422713,73,8,C-
CRDO,Credo Technology Group Holding Ltd Ordinary Shares,Semiconductors,30,216.5500030517578,-28.41795222927527,88,97,C
CRE,Cre8 Enterprise Limited Class A Ordinary Shares,Publishing,84,2.859999895095825,-64.95098102234824,33,,A-
CREG,Smart Powerr Corp. Common Stock,Business Services,58,0.17562000453472137,-98.83849202470924,1,77,C-
CRESY,Cresud S.A.C.I.F. y A. American Depositary Shares,Real Estate,99,11.420000076293945,-19.064490757165387,67,34,C
CREX,Creative Realities Inc. Common Stock,EDP Services,116,2.380000114440918,-42.65060096992123,24,8,E
CRGO,Freightos Limited Ordinary shares,Integrated Freight & Logistics,138,0.8399999737739563,-79.51219528505733,10,8,D
CRGY,Crescent Energy Company Class A Common Stock,Oil & Gas Production,10,12.65999984741211,-17.631750542126934,88,57,D-
CRH,CRH PLC Ordinary Shares,Building Materials,120,81.54000091552734,-37.2400900562323,23,36,E
CRI,Carter's Inc. Common Stock,Apparel,116,32.36000061035156,-25.46573045381838,45,50,C-
CRIS,Curis Inc. Common Stock,Biotechnology: Biological Products (No Diagnostic Substances),99,0.6700000166893005,-97.94478512868285,2,8,E
CRK,Comstock Resources Inc. Common Stock,Oil & Gas Production,10,13.710000038146973,-49.90866051237223,32,36,B+
CRL,Charles River Laboratories International Inc. Common Stock,Biotechnology: Commercial Physical & Biological Resarch,12,301.7900085449219,-2.8895906252887738,92,56,C+
CRM,Salesforce Inc. Common Stock,Computer Software: Prepackaged Software,40,229.1300048828125,-13.345204108389996,80,97,C
CRMD,CorMedix Inc. Common Stock,Biotechnology: Pharmaceutical Preparations,109,7.380000114440918,-42.0267055787777,39,67,C
CRML,Critical Metals Corp. Ordinary Shares,Metal Mining,110,6.860000133514404,-77.11044280719213,24,,B+
CRMT,America's Car-Mart Inc Common Stock,Retail-Auto Dealers and Gas Stations,110,1.350000023841858,-95.22123885365714,3,31,C-
CRNC,Cerence Inc. Common Stock,Computer Software: Prepackaged Software,40,8.430000305175781,-35.64885450614014,32,43,B-
CRNT,Ceragon Networks Ltd. Ordinary Shares,Radio And Television Broadcasting And Communications Equipment,78,2.1600000858306885,-32.499998323619394,46,59,A-
CRON,Cronos Group Inc. Common Share,Medicinal Chemicals and Botanical Products,134,3.2300000190734863,-9.014082747635143,81,93,B
CROX,Crocs Inc. Common Stock,Shoe Manufacturing,66,114.9800033569336,-18.563636681959682,75,70,C
CRS,Carpenter Technology Corporation Common Stock,Steel/Iron Ore,17,385.80999755859375,-37.67108719889555,53,98,D
CRSP,CRISPR Therapeutics AG Common Shares,Biotechnology: Biological Products (No Diagnostic Substances),99,53.38999938964844,-28.737318880796714,49,8,C-
CRSR,Corsair Gaming Inc. Common Stock,Computer peripheral equipment,47,13.630000114440918,-5.017423330235937,97,71,C-
CRT,Cross Timbers Royalty Trust Common Stock,Oil & Gas Production,10,11.9399995803833,-8.15427386069274,90,40,B+
CRTO,Criteo S.A. American Depositary Shares,Advertising,131,15.729999542236328,-32.4312754369471,25,52,E
CRUS,Cirrus Logic Inc. Common Stock,Semiconductors,30,106.87000274658203,-40.26271302814048,26,77,E
CRVL,CorVel Corp. Common Stock,Specialty Insurers,112,77.16000366210938,-0.5029005471323456,81,68,B+
CRVO,CervoMed Inc. Common Stock,Biotechnology: Pharmaceutical Preparations,109,3.2200000286102295,-67.6056321474607,22,8,A
CRVS,Corvus Pharmaceuticals Inc. Common Stock,Biotechnology: Pharmaceutical Preparations,109,10.520000457763672,-58.77742841276758,61,8,D-
CRWD,CrowdStrike Holdings Inc. Class A Common Stock,Computer Software: Prepackaged Software,40,275.0400085449219,-1.369854768451173,98,97,B-
CRWS,Crown Crafts Inc Common Stock,Textiles,34,2.390000104904175,-20.49490013985029,37,61,D
CRWV,CoreWeave Inc. Class A Common Stock,Computer Software: Prepackaged Software,40,82.08000183105469,-42.633491207266886,39,26,B-
CSAI,Cloudastructure Inc. Class A Common Stock,Computer Software: Programming Data Processing,80,2.5899999141693115,-95.52677055973533,2,26,E
CSBR,Champions Oncology Inc. Common Stock,Biotechnology: Biological Products (No Diagnostic Substances),99,4.840000152587891,-37.948717509814585,28,54,B-
CSCO,Cisco Systems Inc. Common Stock (DE),Computer Communications Equipment,6,118.38999938964844,-8.235715302001179,89,80,B-
CSGP,CoStar Group Inc. Common Stock,Real Estate,99,29.670000076293945,-62.073374916116165,24,80,B-
CSHR,CoinShares PLC Ordinary Shares,Investment Bankers/Brokers/Service,49,4.670000076293945,-45.76074027282618,34,,A
CSIQ,Canadian Solar Inc. Common Shares (ON),Semiconductors,30,11.380000114440918,-66.11078173344015,26,8,D
CSL,Carlisle Companies Incorporated Common Stock,Specialty Chemicals,106,320.3599853515625,-22.761144666739753,49,74,D-
CSPI,CSP Inc. Common Stock,EDP Services,116,7.360000133514404,-50.17318768381156,27,18,D
CSQ,Calamos Strategic Total Return Common Stock,Finance Companies,52,20.670000076293945,-1.8518490006570687,71,,B-
CSR,D/B/A Centerspace Common Stock,Real Estate Investment Trusts,75,55.880001068115234,-16.62115779088009,49,8,A-
CSTE,Caesarstone Ltd. Ordinary Shares,Building Materials,120,2.8499999046325684,-19.943821616823566,92,8,B+
CSTL,Castle Biosciences Inc. Common Stock,Medical Specialities,15,34.41999816894531,-20.0278869963319,89,8,B-
CSTM,Constellium SE Ordinary Shares (France),Metal Fabrications,39,25.809999465942383,-28.60304736788011,75,89,D
CSV,Carriage Services Inc. Common Stock,Other Consumer Services,99,33.689998626708984,-34.43881152909599,28,58,C
CSW,CSW Industrials Inc. Common Stock,Home Furnishings,38,287.5899963378906,-18.133169363650005,59,90,D-
CSWC,Capital Southwest Corporation Common Stock,Textiles,34,23.540000915527344,-6.964328790254493,72,72,D+
CSX,CSX Corporation Common Stock,Railroads,33,47.2599983215332,-10.972425717504864,76,83,D-
CTAS,Cintas Corporation Common Stock,Garments and Clothing,64,202.41000366210938,-6.278204994961401,70,86,C
CTBI,Community Trust Bancorp Inc. Common Stock,Major Banks,21,74.16000366210938,-5.810891355150483,79,85,D-
CTEV,Claritev Corporation Class A Common Stock,Business Services,58,24.65999984741211,-65.44282562150805,38,8,C-
CTGO,Contango Silver & Gold Inc. Common Stock,Precious Metals,43,16.729999542236328,-49.456192406424094,31,43,C-
CTKB,Cytek Biosciences Inc. Common Stock,Biotechnology: Laboratory Analytical Instruments,4,5.429999828338623,-10.837443476398045,81,8,A-
CTM,Castellum Inc. Common Stock,Professional Services,47,0.6230000257492065,-52.44274404872621,32,26,C
CTMX,CytomX Therapeutics Inc. Common Stock,Biotechnology: Pharmaceutical Preparations,109,2.569999933242798,-61.92592691492151,18,1,B-
CTNM,Contineum Therapeutics Inc. Class A Common Stock,Biotechnology: Pharmaceutical Preparations,109,13.380000114440918,-23.847465299715363,69,8,B-
CTNT,Cheetah Net Supply Chain Service Inc Class A Common Stock,Motor Vehicles,123,2.640000104904175,-99.9957894735169,1,35,D-
CTO,CTO Realty Growth Inc. Common Stock,Real Estate Investment Trusts,75,20.489999771118164,-7.4104888101316435,74,83,D-
CTOR,Citius Oncology Inc. Common Stock,Biotechnology: Pharmaceutical Preparations,109,0.8399999737739563,-54.09836316529449,50,8,B+
CTOS,Custom Truck One Source Inc. Common Stock,Diversified Commercial Services,77,9.25,-22.723477078952204,82,96,C
CTRE,CareTrust REIT Inc. Common Stock,Real Estate Investment Trusts,75,36.029998779296875,-16.10200061735112,50,84,D
CTRI,Centuri Holdings Inc. Common Stock,Oil & Gas Production,10,20.899999618530273,-50.0,30,47,B-
CTRM,Castor Maritime Inc. Common Shares,Marine Transportation,3,1.7000000476837158,-35.60606135864447,34,70,D
CTRN,Citi Trends Inc. Common Stock,Clothing/Shoe/Accessory Stores,56,51.54999923706055,-32.33132182915184,69,68,D
CTS,CTS Corporation Common Stock,Electrical Products,8,57.25,-16.084346511357438,76,89,D+
CTSH,Cognizant Technology Solutions Corporation Class A Common Stock,EDP Services,116,59.20000076293945,-30.481941343837736,66,80,B-
CTSO,Cytosorbents Corporation Common Stock,Medical/Dental Instruments,96,3.7899999618530273,-79.6673815131251,6,8,C-
CTVA,Corteva Inc. Common Stock,Farming/Seeds/Milling,116,13.239999771118164,-8.373702796668114,77,57,B-
CTW,CTW Class A Ordinary Shares,EDP Services,116,2.299999952316284,-23.588041209186162,55,,C+
CTXR,Citius Pharmaceuticals Inc. Common Stock,Biotechnology: Pharmaceutical Preparations,109,0.49900001287460327,-72.58241766519181,19,8,C
CUB,Lionheart Holdings Class A Ordinary Shares,Blank Checks,42,10.899999618530273,-0.09166112760494727,59,33,A
CUBE,CubeSmart Common Shares,Real Estate Investment Trusts,75,37.970001220703125,-9.380795364600525,55,72,D
CUBI,Customers Bancorp Inc Common Stock,Major Banks,21,74.04000091552734,-11.488344811779239,57,74,D
CUE,Cue Biopharma Inc. Common Stock,Biotechnology: Pharmaceutical Preparations,109,27.65999984741211,-26.902749112382253,91,8,B
CULP,Culp Inc. Common Stock,Textiles,34,3.6700000762939453,-14.45221191310404,65,8,B+
CUPR,Cuprina Holdings (Cayman) Limited Class A Ordinary Shares,Biotechnology: Pharmaceutical Preparations,109,1.690000057220459,-80.4398149297929,8,,C-
CURB,Curbline Properties Corp. Common Stock,Real Estate,99,27.010000228881836,-14.415931367483026,62,47,D-
CURI,CuriosityStream Inc. Class A Common Stock,Movies/Entertainment,4,2.799999952316284,-40.18139769754391,45,66,C+
CURR,Currenc Group Inc. Ordinary Shares,Business Services,58,2.7200000286102295,-39.42093168675471,78,,C-
CURV,Torrid Holdings Inc. Common Stock,Clothing/Shoe/Accessory Stores,56,2.5399999618530273,-7.636365023526281,93,33,C
CURX,Curanex Pharmaceuticals Inc Common Stock,Biotechnology: Pharmaceutical Preparations,109,5.309999942779541,-66.81250035762787,33,26,B+
CUZ,Cousins Properties Incorporated Common Stock,Real Estate Investment Trusts,75,27.6200008392334,-13.50095221119556,63,47,C
CV,CapsoVision Inc. Common Stock,Biotechnology: Electromedical & Electrotherapeutic Apparatus,58,6.590000152587891,-54.29958309485965,72,18,B-
CVBF,CVB Financial Corporation Common Stock,Major Banks,21,21.489999771118164,-6.919743339551654,66,74,B+
CVCO,Cavco Industries Inc. Common Stock When Issued,Homebuilding,98,532.4299926757812,-23.694395605356846,49,69,D+
CVE,Cenovus Energy Inc Common Stock,Oil & Gas Production,10,31.389999389648438,-7.458723218956886,92,98,D
CVEO,Civeo Corporation (Canada) Common Shares,Hotels/Resorts,74,32.119998931884766,-9.673797268157658,81,8,B-
CVGI,Commercial Vehicle Group Inc. Common Stock,Auto Parts:O.E.M.,91,2.869999885559082,-50.34602454358313,65,8,D
CVI,CVR Energy Inc. Common Stock,Integrated oil Companies,1,58.02000045776367,-2.552906339252803,97,35,B+
CVKD,Cadrenal Therapeutics Inc. Common Stock,Biotechnology: Pharmaceutical Preparations,109,0.9100000262260437,-93.58703274745648,3,8,D
CVLG,Covenant Logistics Group Inc. Class A Common Stock,Trucking Freight/Courier Services,58,31.950000762939453,-35.81558756452542,65,52,D
CVLT,Commvault Systems Inc. Common Stock,Computer Software: Prepackaged Software,40,157.25,-10.916612172021834,82,93,B-
CVM,Cel-Sci Corporation Common Stock,Biotechnology: Biological Products (No Diagnostic Substances),99,1.940000057220459,-80.81107692284473,33,8,A
CVNA,Carvana Co. Class A Common Stock,Retail-Auto Dealers and Gas Stations,110,63.72999954223633,-33.399521458618366,41,78,D-
CVR,Chicago Rivet & Machine Co. Common Stock,Industrial Machinery/Components,91,11.199999809265137,-23.443460888115887,65,26,C-
CVRX,CVRx Inc. Common Stock,Medical/Dental Instruments,96,1.5800000429153442,-85.38390396314742,3,8,E
CVS,CVS Health Corporation Common Stock,Retail-Drug Stores and Proprietary Stores,133,86.16000366210938,-21.61535680909934,55,70,D
CVSA,Covista Inc. Common Shares,Other Consumer Services,99,129.3800048828125,-15.976095289842185,61,84,D
CVU,CPI Aerostructures Inc. Common Stock,Military/Government/Technical,103,5.139999866485596,-12.286693696660455,88,53,B-
CVV,CVD Equipment Corporation Common Stock,Industrial Machinery/Components,91,4.179999828338623,-49.880098898540496,42,62,E
CVX,Chevron Corporation Common Stock,Integrated oil Companies,1,211.97999572753906,-2.6587722970688676,85,80,C+
CW,Curtiss-Wright Corporation Common Stock,Industrial Machinery/Components,91,512.5999755859375,-35.30974180012092,27,85,E
CWBC,Community West Bancshares Common Stock,Major Banks,21,25.709999084472656,-7.808390575877988,69,71,B-
CWCO,Consolidated Water Co. Ltd. Ordinary Shares,Water Supply,43,30.579999923706055,-19.304728411722106,49,55,B-
CWD,CaliberCos Inc. Class A Common Stock,Real Estate,99,0.5130000114440918,-87.84360102016038,10,8,A+
CWEN,Clearway Energy Inc. Class C Common Stock,Electric Utilities: Central,67,30.190000534057617,-25.718558591569973,42,51,C+
CWH,Camping World Holdings Inc. Class A Common Stock,Retail-Auto Dealers and Gas Stations,110,4.53000020980835,-72.73852964065739,13,33,E
CWK,Cushman & Wakefield Ltd. Common Shares,Real Estate,99,11.619999885559082,-32.44186412714297,31,70,D
CWST,Casella Waste Systems Inc. Class A Common Stock,Environmental Services,67,83.77999877929688,-21.94894574472531,39,49,B-
CWT,California Water Service Group Common Stock,Water Supply,43,45.939998626708984,-11.810450644251402,53,48,B-
CX,Cemex S.A.B. de C.V. Sponsored ADR,Building Materials,120,9.5600004196167,-29.06716091304249,33,55,E
CXAI,CXApp Inc. Class A Common Stock,EDP Services,116,2.1600000858306885,-95.40425513653045,3,8,E
CXDO,Crexendo Inc. Common Stock,Telecommunications Equipment,84,5.880000114440918,-43.83954188656814,34,73,D
CXII,Churchill Capital Corp XII Class A Ordinary Shares,Blank Checks,42,10.550000190734863,-2.8545071431174573,60,,E
CXM,Sprinklr Inc. Class A Common Stock,Computer Software: Prepackaged Software,40,5.519999980926514,-32.76492137297971,37,89,B+
CXT,Crane NXT Co. Common Stock,Metal Fabrications,39,50.45000076293945,-24.804516926363128,54,61,C-
CXW,CoreCivic Inc. Common Stock,Real Estate Investment Trusts,75,32.93000030517578,-7.343839457278289,91,86,B-
CYAB,Cyabra Inc. Common Stock,Computer Software: Prepackaged Software,40,0.1899999976158142,-94.85094865394301,4,26,B
CYCU,Cycurion Inc. Common Stock,EDP Services,116,2.9700000286102295,-95.74400332458191,8,26,A+
CYD,China Yuchai International Limited Common Stock,Industrial Machinery/Components,91,29.81999969482422,-49.06776119476892,22,,D+
CYH,Community Health Systems Inc. Common Stock,Hospital/Nursing Management,32,2.759999990463257,-37.414964037178166,33,31,C
CYN,Cyngn Inc. Common Stock,EDP Services,116,0.5249999761581421,-91.14671178152076,5,8,D
CYPH,Cypherpunk Technologies Inc. Common Stock,Biotechnology: Pharmaceutical Preparations,109,2.940000057220459,-28.640773328043366,99,8,A-
CYRX,CryoPort Inc. Common Stock,Biotechnology: Pharmaceutical Preparations,109,17.350000381469727,-4.35501121697679,92,8,B-
CYTK,Cytokinetics Incorporated Common Stock,Biotechnology: Pharmaceutical Preparations,109,62.90999984741211,-27.905113101880396,41,8,D
CZFS,Citizens Financial Services Inc. Common Stock,Major Banks,21,78.05000305175781,-6.140966952168925,83,84,B-
CZNC,Citizens & Northern Corp Common Stock,Major Banks,21,24.940000534057617,-4.554147206004244,79,53,C
CZR,Caesars Entertainment Inc. Common Stock,Hotels/Resorts,74,29.5,-2.9924362117007663,72,8,D-
CZWI,Citizens Community Bancorp Inc. Common Stock,Savings Institutions,14,21.100000381469727,-11.470834811156594,68,51,B+
D,Dominion Energy Inc. Common Stock,Electric Utilities: Central,67,61.63999938964844,-13.150071490973513,52,54,D+
DAC,Danaos Corporation Common Stock,Marine Transportation,3,169.08999633789062,-0.6638496502813229,94,88,B+
DAIC,CID HoldCo Inc. Common Stock,EDP Services,116,2.390000104904175,-96.83443694714678,33,,A
DAIO,Data I/O Corporation Common Stock,Electrical Products,8,2.9100000858306885,-31.690142500426465,48,1,C+
DAKT,Daktronics Inc. Common Stock,Miscellaneous manufacturing industries,127,18.010000228881836,-35.05228804115086,39,97,D+
DAL,Delta Air Lines Inc. Common Stock,Air Freight/Delivery Services,91,82.16999816894531,-12.051159373530895,76,79,C-
DAN,Dana Incorporated Common Stock,Auto Parts:O.E.M.,91,29.34000015258789,-24.037709223812907,75,61,C-
DAO,Youdao Inc. American Depositary Shares each representing one Class A Ordinary Share,Other Consumer Services,99,17.399999618530273,-5.691062877993581,92,76,B-
DAR,Darling Ingredients Inc. Common Stock,Packaged Foods,120,60.2599983215332,-11.823234488348255,86,85,C-
DARE,Dare Bioscience Inc. Common Stock,Biotechnology: Pharmaceutical Preparations,109,0.7730000019073486,-76.36085607290039,7,8,D+
DASH,DoorDash Inc. Class A Common Stock,EDP Services,116,196.5,-28.65959981909272,53,72,D
DAVA,Endava plc American Depositary Shares (each representing one Class A Ordinary Share),EDP Services,116,2.009999990463257,-79.17098373140261,10,41,E
DAVE,Dave Inc. Class A Common Stock,Finance: Consumer Services,112,368.4200134277344,-16.746883952724612,91,82,C
DB,Deutsche Bank AG Common Stock,Major Banks,21,33.68000030517578,-18.96054092332009,51,92,E
DBCA,D. Boral Acquisition I Corp. Class A Ordinary Shares,Blank Checks,42,10.029999732971191,-0.49603364199709565,58,,B+
DBCAU,D. Boral Acquisition I Corp. Unit,Blank Checks,42,10.380000114440918,-2.1677620139373133,61,,E
DBD,Diebold Nixdorf Incorporated Common stock,Office Equipment/Supplies/Services,64,63.66999816894531,-29.840222403366045,35,79,B-
DBGI,Digital Brands Group Inc. Common Stock,Clothing/Shoe/Accessory Stores,56,4.010000228881836,-99.43616420696651,1,26,D+
DBI,Designer Brands Inc. Class A Common Stock,Clothing/Shoe/Accessory Stores,56,5.699999809265137,-36.417315253951685,69,51,C-
DBVT,DBV Technologies S.A. American Depositary Shares,Biotechnology: Biological Products (No Diagnostic Substances),99,9.800000190734863,-60.06520038663059,13,8,E
DBX,Dropbox Inc. Class A Common Stock,Computer Software: Prepackaged Software,40,34.36000061035156,-8.95601727024764,85,82,C
DC,Dakota Gold Corp. Common Stock,Metal Mining,110,6.079999923706055,-13.14285823277065,84,8,A
DCBO,Docebo Inc. Common Shares,Computer Software: Prepackaged Software,40,25.469999313354492,-9.74486203725251,87,95,A
DCGO,DocGo Inc. Common Stock,Medical/Nursing Services,18,0.33799999952316284,-77.31543641880575,10,8,E
DCH,Dauch Corporation Common Stock,Auto Parts:O.E.M.,91,5.670000076293945,-36.9999991522895,52,59,D-
DCI,Donaldson Company Inc. Common Stock,Pollution Control Equipment,49,86.93000030517578,-20.608386960924776,54,77,D+
DCO,Ducommun Incorporated Common Stock,Military/Government/Technical,103,170.55999755859375,-17.595902464355675,88,74,C+
DCOM,Dime Commercial Bancshares Inc. Common Stock,Major Banks,21,38.13999938964844,-8.624825452931306,73,72,D+
DCOY,Decoy Therapeutics Inc. Common Stock,Biotechnology: Pharmaceutical Preparations,109,1.4700000286102295,-97.33695650671591,3,38,A-
DCTH,Delcath Systems Inc. Common Stock,Medical/Dental Instruments,96,15.359999656677246,-11.520742415652563,89,46,C
DCX,Digital Currency X Technology Inc. Class A Ordinary Shares,Auto Manufacturing,137,2.7269999980926514,-99.99053125000663,1,,E
DD,DuPont de Nemours Inc. Common Stock,Major Chemicals,80,130.0,-14.861171028646591,64,45,B
DDC,DDC Enterprise Limited Class A Ordinary Shares,Packaged Foods,120,0.20399999618530273,-97.8881987638959,2,,C-
DDD,3D Systems Corporation Common Stock,Computer Software: Prepackaged Software,40,3.380000114440918,-12.886597558053081,86,8,B+
DDI,DoubleDown Interactive Co. Ltd. American Depository Shares,EDP Services,116,13.649999618530273,0.0,91,84,B+
DDL,Dingdong (Cayman) Limited American Depositary Shares (each two representing three Ordinary Shares),Catalog/Specialty Distribution,67,2.1500000953674316,-32.812498020939564,43,47,B-
DDOG,Datadog Inc. Class A Common Stock,Computer Software: Prepackaged Software,40,293.260009765625,0.0,96,98,A-
DDS,Dillard's Inc. Common Stock,Department/Specialty Retail Stores,21,642.239990234375,-8.147121591762962,72,75,D
DDT,Dillard's Capital Trust I,Department/Specialty Retail Stores,21,25.68000030517578,-2.837684416723707,58,,D
DE,Deere & Company Common Stock,Industrial Machinery/Components,91,620.9299926757812,-12.27212850003725,77,53,D
DEA,Easterly Government Properties Inc. Common Stock,Real Estate Investment Trusts,75,23.079999923706055,-8.295954949808404,61,44,C
DEC,Diversified Energy Company Common Stock,,,13.829999923706055,-21.406488240785738,57,,C-
DECK,Deckers Outdoor Corporation Common Stock,Shoe Manufacturing,66,82.88999938964844,-31.461883813168036,27,61,D
DEFT,Defi Technologies Inc. Common Stock,Finance: Consumer Services,112,0.4659999907016754,-78.81818269993646,19,8,B+
DEI,Douglas Emmett Inc. Common Stock,Real Estate Investment Trusts,75,9.789999961853027,-27.009152973303163,36,8,E
DELL,Dell Technologies Inc. Class C Common Stock,Computer Manufacturing,106,586.0599975585938,-0.3976931948293183,99,95,B-
DEO,Diageo plc Common Stock,Beverages (Production/Distribution),104,86.7300033569336,-14.229858960588459,63,,C-
DERM,Journey Medical Corporation Common Stock,Biotechnology: Pharmaceutical Preparations,109,6.309999942779541,-31.857453706116313,48,8,E
DETX,Liberty Defense Holdings Ltd. Common Shares,Telecommunications Equipment,84,1.7999999523162842,-68.47635831364327,7,26,E
DFDV,DeFi Development Corp. Common Stock,Finance: Consumer Services,112,4.510000228881836,-74.81853563760077,64,18,B+
DFH,Dream Finders Homes Inc. Class A Common Stock,Homebuilding,98,9.380000114440918,-61.19155943387493,13,45,E
DFIN,Donnelley Financial Solutions Inc. Common Stock,Other Consumer Services,99,48.459999084472656,-12.731856384373108,56,67,B+
DFLI,Dragonfly Energy Holdings Corp. Common Stock (NV),Industrial Machinery/Components,91,0.47200000286102295,-97.60406099197229,3,8,E
DFNS,T3 Defense Inc. Common Stock,Professional Services,47,6.010000228881836,-99.63630860944738,3,43,B+
DFSC,DEFSEC Technologies Inc. Common Stock,Computer Software: Prepackaged Software,40,0.9049999713897705,-82.76190530686152,7,8,D
DFTX,Definium Therapeutics Inc. Common Shares,Medicinal Chemicals and Botanical Products,134,36.900001525878906,-23.839007337839746,96,8,C-
DG,Dollar General Corporation Common Stock,Department/Specialty Retail Stores,21,127.2300033569336,-17.355494321584995,68,67,B-
DGICA,Donegal Group Inc. Class A Common Stock,Property-Casualty Insurers,52,18.229999542236328,-10.237694576547074,52,46,D+
DGICB,Donegal Group Inc. Class B Common Stock,Property-Casualty Insurers,52,18.299999237060547,-30.908578971283884,48,53,D+
DGII,Digi International Inc. Common Stock,Computer Communications Equipment,6,75.62999725341797,-11.274050740487173,93,93,C-
DGNX,Diginex Limited Ordinary Shares,EDP Services,116,1.2699999809265137,-99.4942656874719,11,,C
DGX,Quest Diagnostics Incorporated Common Stock,Medical Specialities,15,230.97000122070312,-6.312972609843048,82,73,C-
DGXX,Digi Power X Inc. Subordinate Voting Shares,Finance: Consumer Services,112,3.1700000762939453,-62.52955009456143,63,8,B-
DH,Definitive Healthcare Corp. Class A Common Stock,Computer Software: Prepackaged Software,40,0.9800000190734863,-68.18181677438852,33,69,C+
DHC,Diversified Healthcare Trust Common Shares of Beneficial Interest,Real Estate Investment Trusts,75,7.5,-22.199172895310603,80,8,C
DHI,D.R. Horton Inc. Common Stock,Homebuilding,98,134.8800048828125,-19.12545107972764,42,53,D
DHR,Danaher Corporation Common Stock,Industrial Machinery/Components,91,219.80999755859375,-8.644197737886937,68,69,B-
DHT,DHT Holdings Inc.,Marine Transportation,3,24.639999389648438,-1.16326077808806,96,97,A-
DHX,DHI Group Inc. Common Stock,Business Services,58,5.099999904632568,0.0,97,93,A-
DIBS,1stdibs.com Inc. Common Stock,Catalog/Specialty Distribution,67,3.7799999713897705,-41.2130626391254,37,8,B-
DIN,Dine Brands Global Inc. Common Stock,Restaurants,89,29.350000381469727,-22.892154116545004,47,54,C-
DINO,HF Sinclair Corporation Common Stock,Natural Gas Distribution,28,121.30000305175781,0.0,97,94,B-
DIOD,Diodes Incorporated Common Stock,Semiconductors,30,94.94000244140625,-22.662104277215256,89,77,B
DIS,Walt Disney Company (The) Common Stock,Services-Misc. Amusement & Recreation,80,108.05000305175781,-6.04251566662416,65,85,C
DIT,AMCON Distributing Company Common Stock,Food Distributors,52,65.12999725341797,-31.65453508742855,37,41,B+
DJCO,Daily Journal Corp. (S.C.) Common Stock,Newspapers/Magazines,21,642.1799926757812,-6.613730949146158,81,43,C
DJT,Trump Media & Technology Group Corp. Common Stock,Computer Software: Programming Data Processing,80,8.109999656677246,-52.48974925795533,26,26,D
DK,Delek US Holdings Inc. Common Stock,Integrated oil Companies,1,74.51000213623047,-8.632741449511938,96,96,C-
DKI,DarkIris Inc. Class A Ordinary Shares,Computer Software: Prepackaged Software,40,0.34200000762939453,-94.61417302731151,7,,C-
DKNG,DraftKings Inc. Class A Common Stock,Services-Misc. Amusement & Recreation,80,19.579999923706055,-45.9713051411359,20,67,D+
DKS,Dick's Sporting Goods Inc Common Stock,Other Specialty Stores,115,136.64999389648438,-42.32340455404218,16,51,C
DLB,Dolby Laboratories Common Stock,Multi-Sector Companies,75,58.7400016784668,-14.253616381865154,62,54,C
DLHC,DLH Holdings Corp.,Professional Services,47,4.309999942779541,-34.39878492895598,27,8,C-
DLO,DLocal Limited Class A Common Shares,Business Services,58,15.229999542236328,-3.4854258557791784,68,72,B+
DLPN,Dolphin Entertainment Inc. Common Stock,Other Consumer Services,99,1.0499999523162842,-42.307696590358965,28,34,C-
DLR,Digital Realty Trust Inc. Common Stock,Real Estate Investment Trusts,75,178.75999450683594,-11.14424168747451,64,78,C
DLTH,Duluth Holdings Inc. Class B Common Stock,Clothing/Shoe/Accessory Stores,56,3.9000000953674316,-18.238991384442215,78,41,B-
DLTR,Dollar Tree Inc. Common Stock,Department/Specialty Retail Stores,21,118.63999938964844,-15.98329172942552,66,84,D
DLX,Deluxe Corporation Common Stock,Publishing,84,23.139999389648438,-25.617708394771764,57,72,D+
DLXY,Delixy Holdings Limited Class A Ordinary Shares,Oil Refining/Marketing,140,2.1700000762939453,-11.065572729292716,99,,A+
DMAC,DiaMedica Therapeutics Inc. Common Stock,Biotechnology: Pharmaceutical Preparations,109,8.329999923706055,-11.288608954849156,78,8,A
DMC,Del Monte Corporation Ordinary Shares,,,29.479999542236328,-29.69865869894389,43,49,D-
DMII,Drugs Made In America Acquisition II Corp. Ordinary Shares,Blank Checks,42,10.1899995803833,0.0,60,99,E
DMIIU,Drugs Made In America Acquisition II Corp. Unit,,,10.229999542236328,-0.1951264172065592,59,,B+
DMRA,Damora Therapeutics Inc. Common Stock,Biotechnology: Pharmaceutical Preparations,109,21.079999923706055,-38.25424633692962,67,1,E
DMRC,Digimarc Corporation Common Stock,EDP Services,116,6.25,-61.95983028660612,41,34,B-
DNA,Ginkgo Bioworks Holdings Inc. Class A Common Stock,Biotechnology: Biological Products (No Diagnostic Substances),99,13.0,-17.877447487968823,91,8,B+
DNLI,Denali Therapeutics Inc. Common Stock,Biotechnology: Biological Products (No Diagnostic Substances),99,19.450000762939453,-28.51892165612543,51,8,E
DNMX,Dynamix Corporation III Class A Ordinary Shares,Blank Checks,42,10.09000015258789,0.0,58,,A+
DNMXU,Dynamix Corporation III Unit,Blank Checks,42,10.149999618530273,-0.09842745110260065,56,,E
DNN,Denison Mines Corp Ordinary Shares (Canada),Other Metals and Minerals,135,2.430000066757202,-44.393589693508275,26,33,C
DNOW,DNOW Inc. Common Stock,Oil and Gas Field Machinery,27,15.569999694824219,-7.705993359442265,77,18,B-
DNTH,Dianthus Therapeutics Inc. Common Stock,Biotechnology: Pharmaceutical Preparations,109,82.37000274658203,-28.966882203423893,91,8,D-
DNUT,Krispy Kreme Inc. Common Stock,Food Chains,49,2.9600000381469727,-37.02127322831147,32,18,C-
DOC,Healthpeak Properties Inc. Common Stock,Real Estate Investment Trusts,75,18.799999237060547,-16.791853808612245,61,61,D
DOCN,DigitalOcean Holdings Inc. Common Stock,Computer Software: Programming Data Processing,80,134.82000732421875,-25.63295696556719,97,71,B-
DOCS,Doximity Inc. Class A Common Stock,EDP Services,116,30.5,-57.971613437700896,66,48,B+
DOCU,DocuSign Inc. Common Stock,Computer Software: Prepackaged Software,40,71.08000183105469,-2.8165129556800395,87,89,B-
DOGZ,Dogness (International) Corporation Class A Common Stock,Miscellaneous manufacturing industries,127,0.8500999808311462,-94.3251000880589,11,,C
DOLE,Dole plc Ordinary Shares,Farming/Seeds/Milling,116,13.140000343322754,-18.25772044323344,45,74,B-
DOMH,Dominari Holdings Inc. Common Stock,Biotechnology: Pharmaceutical Preparations,109,2.1700000762939453,-59.33572080486825,18,26,C+
DOO,BRP Inc. Common Subordinate Voting Shares,Industrial Specialties,84,52.959999084472656,-34.58848803419625,30,32,B-
DORM,Dorman Products Inc. Common Stock,Auto Parts:O.E.M.,91,120.4000015258789,-23.81193288874959,43,77,C
DOUG,Douglas Elliman Inc. Common Stock,Real Estate,99,1.5499999523162842,-45.61403494095501,25,42,C-
DOV,Dover Corporation Common Stock,Industrial Machinery/Components,91,188.8300018310547,-18.46460764895348,47,77,D-
DOW,Dow Inc. Common Stock,Major Chemicals,80,28.420000076293945,-30.637331962614834,59,40,C-
DOX,Amdocs Limited Ordinary Shares,EDP Services,116,58.84000015258789,-28.623143338136657,45,43,B-
DOYU,DouYu International Holdings Limited ADS,Computer Software: Programming Data Processing,80,3.9700000286102295,-46.78284171166898,23,18,B-
DPC,DPC Holdings PLC Ordinary Shares,Metal Fabrications,39,38.72999954223633,-31.861366224023534,32,,C-
DPRO,Draganfly Inc. Common Shares,Aerospace,131,4.400000095367432,-68.04647822007395,22,8,B+
DPZ,Domino's Pizza Inc Common Stock,Food Distributors,52,309.3599853515625,-28.201394324407957,38,56,B-
DQ,DAQO New Energy Corp. American Depositary Shares each representing five ordinary shares,Semiconductors,30,11.0,-69.17904056245037,17,18,C-
DRCT,Direct Digital Holdings Inc. Class A Common Stock,Advertising,131,0.4050000011920929,-99.51682175773486,2,8,D
DRD,DRDGOLD Limited American Depositary Shares,Precious Metals,43,24.8700008392334,-34.11470905113063,53,,B-
DRH,Diamondrock Hospitality Company Common Stock,Real Estate Investment Trusts,75,12.619999885559082,-4.840701828668193,87,77,B-
DRI,Darden Restaurants Inc. Common Stock,Restaurants,89,197.66000366210938,-12.47807618659863,62,73,C-
DRIO,DarioHealth Corp. Common Stock,Medical/Dental Instruments,96,5.800000190734863,-64.17541692766554,18,8,D
DRMA,Dermata Therapeutics Inc. Common Stock,Biotechnology: Pharmaceutical Preparations,109,1.0199999809265137,-77.53303987892117,15,8,C-
DRS,Leonardo DRS Inc. Common Stock,Industrial Machinery/Components,91,36.2400016784668,-26.92220857861254,34,90,B-
DRTS,Alpha Tau Medical Ltd. Ordinary Shares,Medical/Dental Instruments,96,14.40999984741211,-7.032259048954137,97,8,C-
DRUG,Bright Minds Biosciences Inc. Common Stock,Biotechnology: Pharmaceutical Preparations,109,54.04999923706055,-43.689119244292115,23,26,D-
DRVN,Driven Brands Holdings Inc. Common Stock,Automotive Aftermarket,123,11.720000267028809,-31.421883192586854,30,52,B-
DSC,DSC Holdings Ltd. American Depositary Shares,Computer Software: Programming Data Processing,80,5.539999961853027,-38.85210038337495,25,,C
DSGN,Design Therapeutics Inc. Common Stock,Biotechnology: Pharmaceutical Preparations,109,11.649999618530273,-26.91342581421742,73,18,D
DSGR,Distribution Solutions Group Inc. Common Stock,Industrial Specialties,84,35.029998779296875,-0.11406021065134553,84,71,B-
DSGX,Descartes Systems Group Inc. (The) Common Stock,Computer Software: Prepackaged Software,40,82.81999969482422,-15.455287393983074,69,78,B+
DSP,Viant Technology Inc. Class A Common Stock,Computer Software: Programming Data Processing,80,13.130000114440918,-6.81334299326215,82,42,B-
DSS,DSS Inc. Common Stock,Containers/Packaging,102,0.6050000190734863,-58.41924390178958,28,8,A
DSWL,Deswell Industries Inc. Common Shares,Plastic Products,8,3.0299999713897705,-17.471811818648842,40,,D
DSX,Diana Shipping inc. common stock,Marine Transportation,3,2.819999933242798,-9.324757930388671,91,73,B+
DSY,Big Tree Cloud Holdings Limited Class A Ordinary Shares,Containers/Packaging,102,3.4800000190734863,-80.24971706400387,29,,A+
DT,Dynatrace Inc. Common Stock,Computer Software: Prepackaged Software,40,63.5,0.0,93,48,A+
DTCX,Datacentrex Inc. Common Stock,EDP Services,116,1.6699999570846558,-68.66791780508186,17,,D
DTE,DTE Energy Company Common Stock,Electric Utilities: Central,67,126.9000015258789,-17.075147806626834,40,54,E
DTI,Drilling Tools International Corporation Common Stock,Oil and Gas Field Machinery,27,2.049999952316284,-54.3429831443897,31,18,E
DTIL,Precision BioSciences Inc. Common Stock,Biotechnology: Biological Products (No Diagnostic Substances),99,6.71999979019165,-27.58620707373557,69,8,B
DTM,DT Midstream Inc. Common Stock,Natural Gas Distribution,28,124.01000213623047,-17.15326726011932,49,78,D+
DTSS,Datasea Intelligent Technology Ltd. Class A Ordinary Shares,Computer Software: Prepackaged Software,40,0.6169999837875366,-69.15000081062317,18,,E
DTST,Data Storage Corporation Common Stock,EDP Services,116,3.3399999141693115,-34.76562521827873,33,43,B+
DUK,Duke Energy Corporation (Holding Company) Common Stock,Power Generation,84,116.6500015258789,-11.065132606438521,47,66,D
DUKR,DUKE Robotics Corp. Common Stock,Aerospace,131,4.840000152587891,-60.777957109077775,99,26,C
DUO,Fangdd Network Group Ltd. Class A Ordinary Shares,Real Estate,99,0.6589999794960022,-81.48876432336472,18,,A+
DUOL,Duolingo Inc. Class A Common Stock,Computer Software: Prepackaged Software,40,149.9199981689453,-56.04550132782964,64,74,B-
DUOT,Duos Technologies Group Inc. Common Stock,Computer Software: Prepackaged Software,40,7.199999809265137,-50.81967458730949,35,38,B-
DV,DoubleVerify Holdings Inc. Common Stock,Computer Software: Programming Data Processing,80,13.489999771118164,-0.22189856235012018,83,83,A
DVA,DaVita Inc. Common Stock,Misc Health and Biotechnology Services,30,179.25,-25.610061833682618,76,88,D+
DVLT,Datavault AI Inc. Common Stock,Semiconductors,30,0.14000000059604645,-95.90643282242975,4,26,D-
DVN,Devon Energy Corporation Common Stock,Oil & Gas Production,10,48.2599983215332,-6.053330168872872,81,59,B
DWSN,Dawson Geophysical Company Common Stock,Oil & Gas Production,10,2.5899999141693115,-65.78599926767389,57,18,E
DWTX,Dogwood Therapeutics Inc. Common Stock,Biotechnology: Pharmaceutical Preparations,109,1.399999976158142,-79.47214162874286,19,18,B
DX,Dynex Capital Inc. Common Stock,Real Estate Investment Trusts,75,10.859999656677246,-18.172991572580564,40,84,E
DXC,DXC Technology Company Common Stock,EDP Services,116,12.399999618530273,-19.637074703291713,68,98,A
DXCM,DexCom Inc. Common Stock,Medical/Dental Instruments,96,84.11000061035156,-8.912709610063063,81,85,B-
DXF,Eason Technology Limited American Depositary Shares (each representing sixty-thousand (60000) Ordinary Shares),Finance: Consumer Services,112,0.5,-85.2941180595477,13,,A-
DXLG,Destination XL Group Inc. Common Stock,Clothing/Shoe/Accessory Stores,56,0.38999998569488525,-75.0,13,63,E
DXPE,DXP Enterprises Inc. Common Stock,Industrial Machinery/Components,91,180.9199981689453,-9.918342228722288,87,85,C-
DXR,Daxor Corporation Common Stock,Medical/Dental Instruments,96,10.40999984741211,-29.423729848053494,46,,C
DXST,Decent Holding Inc Class A Ordinary Shares,Miscellaneous,141,1.8600000143051147,-96.40579707380654,9,,B+
DXYZ,Destiny Tech100 Inc. Common Stock,,,30.739999771118164,-56.850083249719496,74,,C
DY,Dycom Industries Inc. Common Stock,Water Sewer Pipeline Comm & Power Line Construction,126,269.2300109863281,-49.695440051264065,24,94,E
DYAI,Dyadic International Inc. Common Stock,Biotechnology: Biological Products (No Diagnostic Substances),99,0.4399999976158142,-70.06802795563209,9,26,D-
DYN,Dyne Therapeutics Inc. Common Stock,Biotechnology: Pharmaceutical Preparations,109,16.639999389648438,-37.86408154221454,37,8,C-
DYNC,Dynamix Corporation Class A Ordinary Shares,,,10.899999618530273,-0.4566227543908896,61,99,D
DYOR,Insight Digital Partners II Class A Ordinary Shares,Blank Checks,42,10.15999984741211,0.0,59,,C
E,ENI S.p.A. Common Stock,Oil & Gas Production,10,56.0,-1.205875290593439,87,39,B+
EAF,GrafTech International Ltd. Common Stock,Industrial Machinery/Components,91,9.109999656677246,-54.03632796696649,71,18,B-
EAI,Entergy Arkansas LLC First Mortgage Bonds 4.875% Series Due September 1 2066,Electric Utilities: Central,67,18.579999923706055,-10.26187401084455,45,,E
EARN,Ellington Credit Company Common Shares of Beneficial Interest,Real Estate Investment Trusts,75,3.4100000858306885,-30.169587997660763,29,,E
EAT,Brinker International Inc. Common Stock,Restaurants,89,193.8699951171875,-23.65519679715653,82,77,D-
EBAY,eBay Inc. Common Stock,Business Services,58,112.19000244140625,-5.141998640827994,74,93,C+
EBC,Eastern Bankshares Inc. Common Stock,Savings Institutions,14,21.030000686645508,-10.474405928913,63,41,D+
EBF,Ennis Inc. Common Stock,Office Equipment/Supplies/Services,64,22.1200008392334,-1.6320482076503606,76,45,B-
EBMT,Eagle Bancorp Montana Inc. Common Stock,Major Banks,21,20.610000610351562,-15.108165522789552,56,60,B-
EBON,Ebang International Holdings Inc. Class A Ordinary Shares,Semiconductors,30,1.8300000429153442,-63.83399083775295,21,,D-
EBS,Emergent BioSolutions Inc. Common Stock,Biotechnology: Pharmaceutical Preparations,109,7.059999942779541,-49.2086321112717,27,45,C-
EC,Ecopetrol S.A. American Depositary Shares,Oil & Gas Production,10,16.940000534057617,-7.228913900758749,90,76,C+
ECAT,BlackRock ESG Capital Allocation Term Trust Common Shares of Beneficial Interest,Finance/Investors Services,45,14.130000114440918,-7.5344398253758715,57,,E
ECBK,ECB Bancorp Inc. Common Stock,Banks,19,21.1200008392334,-1.995352264735395,78,93,A+
ECG,Everus Construction Group Inc. Common Stock,Homebuilding,98,122.44000244140625,-27.61882254035921,74,98,B
ECHO,EchoStar  Corporation Common Stock,Telecommunications Equipment,84,94.83999633789062,-33.117070312563044,50,35,B+
ECL,Ecolab Inc. Common Stock,Package Goods/Cosmetics,34,281.8299865722656,-7.861766584798202,62,79,C+
ECO,Okeanis Eco Tankers Corp. Common Stock,Marine Transportation,3,93.11000061035156,-1.4083034695809848,99,98,B
ECOR,electroCore Inc. Common Stock,Biotechnology: Electromedical & Electrotherapeutic Apparatus,58,9.65999984741211,-21.399512795802966,95,26,B+
ECPG,Encore Capital Group Inc Common Stock,Finance Companies,52,99.7699966430664,-3.826876135004842,93,71,B
ECVT,Ecovyst Inc. Common Stock,Major Chemicals,80,10.050000190734863,-32.86573138632581,42,46,D-
ECX,ECARX Holdings Inc. Class A Ordinary shares,EDP Services,116,0.8460000157356262,-67.95454613187093,15,18,D
ED,Consolidated Edison Inc. Common Stock,Power Generation,84,106.0999984741211,-6.576984172942568,57,65,C-
EDBL,Edible Garden AG Incorporated Common Stock,Farming/Seeds/Milling,116,1.0700000524520874,-99.89750957351991,2,26,E
EDHL,Everbright Digital Holding Limited Ordinary Shares,Advertising,131,5.210000038146973,-72.86458421291573,86,,B+
EDIT,Editas Medicine Inc. Common Stock,Biotechnology: Biological Products (No Diagnostic Substances),99,2.9000000953674316,-29.95168625864685,51,18,B
EDN,Empresa Distribuidora Y Comercializadora Norte S.A. (Edenor) American Depositary Shares,Electric Utilities: Central,67,20.219999313354492,-43.377205735783654,35,70,C
EDRY,EuroDry Ltd. Common Shares,Marine Transportation,3,58.720001220703125,-18.27417888971442,99,63,A
EDSA,Edesa Biotech Inc. Common Shares,Biotechnology: Pharmaceutical Preparations,109,3.509999990463257,-80.79868786313835,65,8,D
EDTK,Skillful Craftsman Education Technology Limited Ordinary Share,Other Consumer Services,99,0.9520000219345093,-12.660551120933661,48,,C-
EDU,New Oriental Education & Technology Group Inc. Sponsored ADR representing 10 Ordinary Share (Cayman Islands),Other Consumer Services,99,58.630001068115234,-6.60304976121936,73,93,A-
EDUC,Educational Development Corporation Common Stock,Consumer Specialties,19,1.2999999523162842,-21.21212296358922,40,42,D
EE,Excelerate Energy Inc. Class A Common Stock,Oil/Gas Transmission,40,34.7599983215332,-18.397903807744086,64,93,C-
EEFT,Euronet Worldwide Inc. Common Stock,Investment Bankers/Brokers/Service,49,64.5999984741211,-27.513468937141994,34,49,D+
EEIQ,EpicQuest Education Group International Limited Common Stock,Other Consumer Services,99,4.909999847412109,-53.59168352723209,88,,B+
EFC,Ellington Financial Inc. Common Stock,Real Estate,99,11.65999984741211,-13.203563635785386,45,66,E
EFOI,Energy Focus Inc. Common Stock,Building Products,80,2.990000009536743,-53.92911995401203,81,18,C-
EFOR,Everforth Inc. Common Stock,Professional Services,47,37.5,-29.617115504568183,88,49,A-
EFSC,Enterprise Financial Services Corporation Common Stock,Major Banks,21,58.59000015258789,-14.02295331024418,53,44,E
EFSI,Eagle Financial Services Inc Common Stock,Major Banks,21,45.529998779296875,-2.2541928091075802,78,41,B-
EFT,Eaton Vance Floating Rate Income Trust Common Shares of Beneficial Interest,Finance Companies,52,10.649999618530273,-3.6456190655000387,56,,B+
EFX,Equifax Inc. Common Stock,Finance: Consumer Services,112,145.77999877929688,-36.93487051857195,26,47,E
EFXT,Enerflex Ltd Common Shares,Industrial Machinery/Components,91,24.040000915527344,-15.10752427446036,89,60,B-
EG,Everest Group Ltd. Common Stock,Property-Casualty Insurers,52,368.3699951171875,-7.104860338850005,64,55,D+
EGAN,eGain Corporation Common Stock,Computer Software: Prepackaged Software,40,5.320000171661377,-65.58861475721555,16,49,E
EGBN,Eagle Bancorp Inc. Common Stock,Major Banks,21,28.219999313354492,-3.089623486525239,77,60,B-
EGO,Eldorado Gold Corporation Ordinary Shares,Precious Metals,43,37.65999984741211,-23.81738940400908,80,92,C
EGP,EastGroup Properties Inc. Common Stock,Real Estate Investment Trusts,75,195.97999572753906,-11.501864671509953,62,84,C-
EGY,VAALCO Energy Inc.  Common Stock,Oil & Gas Production,10,6.010000228881836,-7.9558458580698765,88,8,B-
EH,EHang Holdings Limited ADS,Aerospace,131,4.190000057220459,-77.87750824142763,10,18,D
EHC,Encompass Health Corporation Common Stock,Hospital/Nursing Management,32,123.33000183105469,-2.309941704239671,73,67,B+
EHGO,Eshallgo Inc. Class A Ordinary Shares,Diversified Commercial Services,77,0.6240000128746033,-93.9721793023751,3,,B
EHLD,Euroholdings Ltd. Common Stock,Marine Transportation,3,12.218000411987305,-22.17834037948827,95,85,A-
EHTH,eHealth Inc. Common Stock,Specialty Insurers,112,0.699999988079071,-87.61061988913916,6,18,D-
EIC,Eagle Point Income Company Inc. Common Stock,Finance/Investors Services,45,8.979999542236328,-25.28029771671222,37,,D
EIG,Employers Holdings Inc Common Stock,Property-Casualty Insurers,52,49.400001525878906,-4.2003576642368206,71,53,E
EIKN,Eikon Therapeutics Inc. Common Stock,Biotechnology: Biological Products (No Diagnostic Substances),99,7.46999979019165,-54.05904252742224,17,,B-
EIX,Edison International Common Stock,Electric Utilities: Central,67,55.29999923706055,-30.07002084696889,36,73,D
EJH,E-Home Household Service Holdings Limited Ordinary Shares,Other Consumer Services,99,1.3300000429153442,-94.88461521955637,10,,A+
EL,Estee Lauder Companies Inc. (The) Common Stock,Package Goods/Cosmetics,34,98.05000305175781,-17.169693010042998,76,32,B-
ELA,Envela Corporation Common Stock,Consumer Specialties,19,11.9399995803833,-58.656509946843215,36,94,D
ELAB,PMGC Holdings Inc. Common Stock,Biotechnology: Pharmaceutical Preparations,109,3.0799999237060547,-99.85788113726929,2,26,B-
ELAN,Elanco Animal Health Incorporated Common Stock,Biotechnology: Pharmaceutical Preparations,109,22.920000076293945,-14.605067265306937,53,57,D
ELBM,Electra Battery Materials Corporation Common Stock,Industrial Machinery/Components,91,0.4909999966621399,-93.00569803424222,18,64,C
ELC,Entergy Louisiana Inc. Collateral Trust Mortgage Bonds 4.875 % Series due September 1 2066,Electric Utilities: Central,67,18.3700008392334,-10.21543903460611,44,,D
ELDN,Eledon Pharmaceuticals Inc. Common Stock,Biotechnology: Pharmaceutical Preparations,109,2.4800000190734863,-43.11926735941479,37,26,C-
ELE,Elemental Royalty Corporation Common Stock,Precious Metals,43,17.860000610351562,-25.970255547654865,64,47,D+
ELF,e.l.f. Beauty Inc. Common Stock,Package Goods/Cosmetics,34,109.2300033569336,-24.65337487950956,88,68,A
ELLO,Ellomay Capital Ltd Ordinary Shares (Israel),Electric Utilities: Central,67,21.799999237060547,-26.821085709675806,62,63,B+
ELMD,Electromed Inc. Common Stock,Biotechnology: Electromedical & Electrotherapeutic Apparatus,58,27.690000534057617,-40.20729925949076,38,89,D-
ELME,Elme Communities Common Stock,Real Estate Investment Trusts,75,1.7599999904632568,-44.65408951207939,40,,B+
ELMT,The Elmet Group Co. Common Stock,Metal Fabrications,39,21.1200008392334,-8.808285930997794,86,,A+
ELOG,Eastern International Ltd. Ordinary Shares,Integrated Freight & Logistics,138,0.8050000071525574,-72.8956229158945,24,,B-
ELOX,Eloxx Pharmaceuticals Inc. Common Stock,,,13.739999771118164,-34.50905590604426,83,,E
ELPC,Companhia Paranaense de Energia (COPEL) American Depositary Shares (each representing four (4) Common Shares),Electric Utilities: Central,67,14.1899995803833,0.0,89,90,B+
ELPW,Elong Power Holding Limited Class A Ordinary Shares,Industrial Machinery/Components,91,2.7100000381469727,-99.9945998723933,1,,A-
ELS,Equity Lifestyle Properties Inc. Common Stock,Real Estate Investment Trusts,75,59.0099983215332,-11.968920922067506,47,74,B-
ELTK,Eltek Ltd. Ordinary Shares,Electrical Products,8,7.679999828338623,-33.506496090802344,34,32,A
ELTX,Elicio Therapeutics Inc. Common Stock,Biotechnology: Pharmaceutical Preparations,109,1.8899999856948853,-87.2727276959987,6,8,E
ELUT,Elutia Inc. Class A Common Stock,Biotechnology: Biological Products (No Diagnostic Substances),99,0.8230000138282776,-32.540984055073906,44,38,B-
ELV,Elevance Health Inc. Common Stock,Medical Specialities,15,412.70001220703125,-2.8805089522752403,73,45,B-
ELVA,Electrovaya Inc. Common Shares,Industrial Machinery/Components,91,5.75,-53.099511479173735,24,53,D
ELVN,Enliven Therapeutics Inc. Common Stock,Biotechnology: Pharmaceutical Preparations,109,40.97999954223633,-32.984466852558555,85,8,E
ELVR,Elevra Lithium Limited American Depository Shares,Mining & Quarrying of Nonmetallic Minerals (No Fuels),91,33.61000061035156,-67.15528192226444,19,,E
ELWT,Elauwit Connection Inc. Common Stock,Telecommunications Equipment,84,6.0,-32.12669800414525,48,26,C-
EMA,Emera Incorporated Common Shares,Electric Utilities: Central,67,45.65999984741211,-16.338898650539125,41,45,E
EMAT,Evolution Metals & Technologies Corp. Common Stock,Industrial Machinery/Components,91,1.6399999856948853,-91.36842112792165,3,,D
EMBC,Embecta Corp. Common Stock,Medical/Dental Instruments,96,5.684999942779541,-59.88909666409876,59,41,B-
EMBJ,Embraer S.A. Common Stock,Aerospace,131,71.16000366210938,-10.412634134909082,71,82,D+
EME,EMCOR Group Inc. Common Stock,Engineering & Construction,67,789.4500122070312,-16.30645788838233,70,95,D-
EML,Eastern Company (The) Common Stock,Industrial Machinery/Components,91,24.59000015258789,-15.972011618482817,72,49,A-
EMN,Eastman Chemical Company Common Stock,Major Chemicals,80,62.689998626708984,-20.137536692747403,48,51,E
EMP,Entergy Mississippi LLC First Mortgage Bonds 4.90% Series Due October 1 2066,Electric Utilities: Central,67,18.510000228881836,-9.645047151914854,44,,E
EMPD,Empery Digital Inc. Common stock,Auto Manufacturing,137,3.049999952316284,-61.63521980514094,18,26,B+
EMR,Emerson Electric Company Common Stock,Consumer Electronics/Appliances,104,161.8300018310547,-1.2174194734584143,79,55,C
ENB,Enbridge Inc Common Stock,Natural Gas Distribution,28,46.599998474121094,-18.6060395349956,45,,E
ENGN,enGene Therapeutics Inc. Common Stock,Biotechnology: Biological Products (No Diagnostic Substances),99,1.7300000190734863,-85.78471644841343,11,26,B+
ENGS,Energys Group Limited Ordinary Shares,Engineering & Construction,67,3.299999952316284,-72.9950909966825,97,,A+
ENHA,Enhanced Group Inc. Class A Common Stock,Services-Misc. Amusement & Recreation,80,1.25,-87.11340180846149,4,,C+
ENIC,Enel Chile S.A. American Depositary Shares (Each representing 50 shares of Common Stock),Electric Utilities: Central,67,4.480000019073486,-3.8626573869650294,68,36,B-
ENJ,Entergy New Orleans LLC First Mortgage Bonds 5.0% Series due December 1 2052,Power Generation,84,18.020000457763672,-15.511089020332602,41,,E
ENLT,Enlight Renewable Energy Ltd. Ordinary Shares,Electric Utilities: Central,67,67.41000366210938,-37.24631836607373,79,99,B-
ENLV,Enlivex Ltd. Ordinary Shares,Biotechnology: Pharmaceutical Preparations,109,0.2540000081062317,-98.60055089011182,1,,E
ENO,Entergy New Orleans LLC First Mortgage Bonds 5.50% Series due April 1 2066,Power Generation,84,19.530000686645508,-12.44831212805253,43,,E
ENOV,Enovis Corporation Common Stock,Industrial Specialties,84,17.690000534057617,-46.18192543688265,17,18,E
ENPH,Enphase Energy Inc. Common Stock,Semiconductors,30,32.810001373291016,-54.63846185165706,38,42,D+
ENR,Energizer Holdings Inc. Common Stock,Industrial Machinery/Components,91,21.329999923706055,-9.822858514611909,65,54,C-
ENRD,Einride AB American Depositary Shares,EDP Services,116,3.359999895095825,-77.5850570620443,6,,C-
ENS,EnerSys Common Stock,Industrial Machinery/Components,91,179.80999755859375,-25.900574074254568,70,89,B-
ENSC,Ensysce Biosciences Inc. Common Stock,Biotechnology: Pharmaceutical Preparations,109,0.5270000100135803,-79.49416250184032,75,18,A+
ENSG,The Ensign Group Inc. Common Stock,Hospital/Nursing Management,32,171.8000030517578,-20.312252724962065,51,66,D
ENTA,Enanta Pharmaceuticals Inc. Common Stock,Biotechnology: Pharmaceutical Preparations,109,12.5,-25.816025418334743,48,18,B-
ENTG,Entegris Inc. Common Stock,Plastic Products,8,165.7899932861328,-9.82041791710746,91,86,C-
ENTX,Entera Bio Ltd. Ordinary Shares,Biotechnology: Biological Products (No Diagnostic Substances),99,2.6600000858306885,-32.14285627398479,95,8,B-
ENVA,Enova International Inc. Common Stock,Finance: Consumer Services,112,178.07000732421875,-32.91768727238279,71,91,C-
ENVB,Enveric Biosciences Inc. Common Stock,Biotechnology: Pharmaceutical Preparations,109,1.4500000476837158,-86.57407386966858,20,26,B-
ENVX,Enovix Corporation Common Stock,Industrial Machinery/Components,91,2.4600000381469727,-81.34950631988205,7,18,E
EOG,EOG Resources Inc. Common Stock,Oil & Gas Production,10,148.16000366210938,-3.629505419331336,82,72,B-
EOLS,Evolus Inc. Common Stock,Biotechnology: Pharmaceutical Preparations,109,7.730000019073486,-16.881721929699435,89,18,C-
EONR,EON Resources Inc. Class A Common Stock,Oil & Gas Production,10,0.47699999809265137,-68.8235289534437,39,,A-
EOSE,Eos Energy Enterprises Inc. Class A Common Stock,Industrial Machinery/Components,91,2.5199999809265137,-86.86816096511242,7,18,E
EOT,Eaton Vance Municipal Income Trust EATON VANCE NATIONAL MUNICIPAL OPPORTUNITIES TRUST,Investment Bankers/Brokers/Service,49,15.229999542236328,-12.961830942744012,42,,D
EP,Empire Petroleum Corporation Common Stock,Oil & Gas Production,10,3.1500000953674316,-24.278841083924263,63,18,A
EPAC,Enerpac Tool Group Corp. Common Stock,Industrial Machinery/Components,91,34.93000030517578,-18.71493702879676,46,87,D-
EPAM,EPAM Systems Inc. Common Stock,EDP Services,116,113.23999786376953,-48.852754749074236,49,86,B-
EPC,Edgewell Personal Care Company Common Stock,Package Goods/Cosmetics,34,27.799999237060547,-5.760935262460009,85,36,C
EPD,Enterprise Products Partners L.P. Common Stock,Natural Gas Distribution,28,36.08000183105469,-8.333330102729331,66,65,E
EPM,Evolution Petroleum Corporation Inc. Common Stock,Oil & Gas Production,10,3.6700000762939453,-21.206833714849648,52,31,C
EPOW,E-Power Inc. Class A Ordinary Shares,Business Services,58,3.2799999713897705,-90.56115116146829,3,,B-
EPR,EPR Properties Common Stock,Real Estate Investment Trusts,75,54.7400016784668,-13.564053858615566,59,51,E
EPRT,Essential Properties Realty Trust Inc. Common Stock,Real Estate Investment Trusts,75,25.3700008392334,-24.20024144342685,34,87,E
EPRX,Eupraxia Pharmaceuticals Inc. Common Stock,Pharmaceuticals and Biotechnology,,7.460000038146973,-18.02198103927859,71,26,B-
EPSM,Epsium Enterprise Limited Class A Ordinary Shares,Beverages (Production/Distribution),104,1.1349999904632568,-96.98378964058821,15,,A
EPSN,Epsilon Energy Ltd. Common Share,Oil & Gas Production,10,5.949999809265137,-6.340041673171848,78,40,B-
EQ,Equillium Inc. Common Stock,Biotechnology: Pharmaceutical Preparations,109,1.409999966621399,-55.93750169966367,28,18,B-
EQBK,Equity Bancshares Inc. Class A Common Stock,Major Banks,21,46.70000076293945,-9.303141559814454,60,90,B+
EQH,Equitable Holdings Inc. Common Stock,Specialty Insurers,112,52.91999816894531,-2.8990859285407122,79,18,A
EQIX,Equinix Inc. Common Stock REIT,Real Estate Investment Trusts,75,1026.06005859375,-7.614856258422586,74,76,E
EQNR,Equinor ASA,Integrated oil Companies,1,43.0099983215332,-5.98907470703125,91,73,C
EQPT,EquipmentShare.com Inc Class A Common Stock,Diversified Commercial Services,77,15.085000038146973,-56.439504554228456,20,37,E
EQS,Equus Total Return Inc. Common Stock,Finance/Investors Services,45,0.8399999737739563,-62.99559555806228,14,32,D-
EQT,EQT Corporation Common Stock,Oil & Gas Production,10,52.83000183105469,-21.764987673625626,56,39,B-
EQX,Equinox Gold Corp. Common Shares,Precious Metals,43,11.420000076293945,-38.872387050034774,53,82,C
ERAS,Erasca Inc. Common Stock,Biotechnology: Pharmaceutical Preparations,109,16.030000686645508,-28.660430901221833,98,18,B+
ERIC,Ericsson American Depositary Shares,Radio And Television Broadcasting And Communications Equipment,78,9.5600004196167,-29.235197127500424,46,50,C-
ERIE,Erie Indemnity Company Class A Common Stock,Specialty Insurers,112,222.0399932861328,-31.121587358297788,33,59,D
ERII,Energy Recovery Inc. Common Stock,Industrial Machinery/Components,91,6.840000152587891,-62.2308121365927,16,33,B-
ERNA,Ernexa Therapeutics Inc. Common Stock,Biotechnology: Pharmaceutical Preparations,109,2.4000000953674316,-94.89361681836716,5,26,B-
ERO,Ero Copper Corp. Common Shares,Metal Mining,110,37.61000061035156,-6.905942599383719,91,81,B-
EROC,ERock Inc. Class A Common Stock,Industrial Machinery/Components,91,11.949999809265137,-36.26666768391927,27,,B+
EROK,EagleRock Land LLC Class A shares representing limited liability company interests,Oil & Gas Production,10,21.90999984741211,-17.631580702249906,56,,D
ES,Eversource Energy (D/B/A) Common Stock,Electric Utilities: Central,67,65.7300033569336,-11.786902929237442,45,41,D+
ESAB,ESAB Corporation Common Stock,Industrial Machinery/Components,91,66.8499984741211,-50.21355159415379,18,74,D
ESCA,Escalade Incorporated Common Stock,Recreational Games/Products/Toys,67,18.639999389648438,-16.852571669326586,82,78,D-
ESE,ESCO Technologies Inc. Common Stock,Telecommunications Equipment,84,257.8299865722656,-27.31232938634275,52,92,E
ESEA,Euroseas Ltd. Common Stock (Marshall Islands),Marine Transportation,3,71.23999786376953,-9.293185668749803,77,58,A-
ESI,Element Solutions Inc. Common Stock,Major Chemicals,80,36.31999969482422,-25.84652797475825,72,86,E
ESLA,Estrella Immunopharma Inc. Common Stock,Biotechnology: Biological Products (No Diagnostic Substances),99,0.4099999964237213,-86.55737695627333,6,26,E
ESLT,Elbit Systems Ltd. Ordinary Shares,Military/Government/Technical,103,655.739990234375,-35.198798025741596,47,79,D-
ESNT,Essent Group Ltd. Common Shares,Property-Casualty Insurers,52,62.4900016784668,-10.254194824918915,57,49,D-
ESOA,Energy Services of America Corporation Common Stock,Water Sewer Pipeline Comm & Power Line Construction,126,10.399999618530273,-46.02989886560338,34,92,C-
ESP,Espey Mfg. & Electronics Corp. Common Stock,Industrial Machinery/Components,91,59.95000076293945,-15.33757907843003,83,,B
ESQ,Esquire Financial Holdings Inc. Common Stock,Commercial Banks,21,118.56999969482422,-10.660229414070898,65,61,D-
ESRT,Empire State Realty Trust Inc. Class A Common Stock,Real Estate Investment Trusts,75,4.630000114440918,-40.3550960728269,28,34,B-
ESS,Essex Property Trust Inc. Common Stock,Real Estate Investment Trusts,75,271.57000732421875,-8.101021475438818,60,53,D
ESTA,Establishment Labs Holdings Inc. Common Shares,Industrial Specialties,84,61.66999816894531,-35.525355791803115,49,8,D-
ESTC,Elastic N.V. Ordinary Shares,Computer Software: Prepackaged Software,40,98.2300033569336,-1.6815136058421665,94,42,A-
ETD,Ethan Allen Interiors Inc. Common Stock,Home Furnishings,38,20.34000015258789,-10.9807304158981,62,41,B+
ETN,Eaton Corporation PLC Ordinary Shares,Industrial Machinery/Components,91,429.6499938964844,-6.5897030441079085,76,51,C-
ETO,Eaton Vance Tax-Advantage Global Dividend Opp Common Stock,Investment Managers,58,30.399999618530273,-4.758542767648644,67,,B-
ETON,Eton Pharmaceuticals Inc. Common Stock,Biotechnology: Pharmaceutical Preparations,109,55.209999084472656,-14.310105815663743,98,97,B-
ETOR,eToro Group Ltd. Class A Common Shares,Investment Bankers/Brokers/Service,49,25.899999618530273,-41.04256899930236,22,95,E
ETR,Entergy Corporation Common Stock,Electric Utilities: Central,67,102.80000305175781,-11.883370226795886,53,45,C-
ETS,Elite Express Holding Inc. Class A Common Stock,Trucking Freight/Courier Services,58,1.4900000095367432,-42.692305223476154,98,26,A
ETSS,Energy Transition Special Opportunities Class A Ordinary Shares,Blank Checks,42,9.949999809265137,-0.500001907348635,57,,A+
ETSY,Etsy Inc. Common Stock,Business Services,58,76.70999908447266,-11.857979822561127,75,42,C+
ETX,Eaton Vance Municipal Income 2028 Term Trust Common Shares of Beneficial Interest,Investment Managers,58,17.479999542236328,-7.1227780082789955,49,,C-
EU,enCore Energy Corp. Common Shares,Other Metals and Minerals,135,0.9700000286102295,-76.16707646932912,12,8,E
EUDA,EUDA Health Holdings Limited Ordinary Shares,Medical/Nursing Services,18,18.475000381469727,-76.25321380877207,91,,C+
EVAX,Evaxion A/S American Depositary Share,Biotechnology: Biological Products (No Diagnostic Substances),99,3.069999933242798,-72.11625913331535,27,18,D-
EVC,Entravision Communications Corporation Common Stock,Broadcasting,58,6.730000019073486,-49.764852307131804,96,8,D-
EVCM,EverCommerce Inc. Common Stock,Computer Software: Prepackaged Software,40,9.140000343322754,-31.791040272244132,31,86,B-
EVER,EverQuote Inc. Class A Common Stock,Computer Software: Programming Data Processing,80,19.799999237060547,-28.955871399947995,41,63,E
EVEX,Eve Holding Inc. Common Stock,Aerospace,131,1.6699999570846558,-66.86507996578126,13,8,D-
EVF,Eaton Vance Senior Income Trust Common Stock,Investment Bankers/Brokers/Service,49,4.829999923706055,-5.084255957297657,52,,D
EVGN,Evogene Ltd Ordinary Shares,Agricultural Chemicals,135,0.3799999952316284,-72.4637683663291,12,18,B+
EVGO,EVgo Inc. Class A Common Stock,EDP Services,116,1.2200000286102295,-74.58333374725446,12,18,C-
EVH,Evolent Health Inc Class A Common Stock,Other Consumer Services,99,4.039999961853027,-50.61124925268311,42,64,D-
EVI,EVI Industries Inc.  Common Stock,Other Consumer Services,99,19.1200008392334,-35.90344992244323,44,40,B-
EVLV,Evolv Technologies Holdings Inc. Class A Common Stock,Computer peripheral equipment,47,4.53000020980835,-45.42168547339186,20,18,E
EVMN,Evommune Inc. Common Stock,Biotechnology: Pharmaceutical Preparations,109,6.25,-80.20272391379002,7,18,E
EVN,Eaton Vance Municipal Income Trust Common Stock,Investment Managers,58,9.369999885559082,-15.591224411126115,38,,E
EVO,Evotec SE American Depositary Shares,Biotechnology: Pharmaceutical Preparations,109,1.5299999713897705,-63.13253165710331,12,8,E
EVR,Evercore Inc. Class A Common Stock,Investment Managers,58,271.8599853515625,-28.456783946475827,30,49,B-
EVRG,Evergy Inc. Common Stock,Power Generation,84,80.95999908447266,-7.36865821290007,59,64,D
EVTC,Evertec Inc. Common Stock,EDP Services,116,29.639999389648438,-8.940091906665426,55,37,C
EVTL,Vertical Aerospace Ltd. Ordinary Shares,Aerospace,131,0.5220000147819519,-92.8296703332692,3,,C
EW,Edwards Lifesciences Corporation Common Stock,Industrial Specialties,84,85.20999908447266,-10.474890931641411,59,40,D-
EWBC,East West Bancorp Inc. Common Stock,Major Banks,21,125.52999877929688,-8.103958147578627,66,59,D
EWTX,Edgewise Therapeutics Inc. Common Stock,Biotechnology: Pharmaceutical Preparations,109,39.060001373291016,-19.214058725984174,91,8,B-
EXC,Exelon Corporation Common Stock,Power Generation,84,41.7599983215332,-15.382608651290763,43,51,C-
EXE,Expand Energy Corporation Common Stock,Oil & Gas Production,10,88.22000122070312,-26.94742118377027,44,60,E
EXEL,Exelixis Inc. Common Stock,Biotechnology: Biological Products (No Diagnostic Substances),99,59.86000061035156,0.0,86,81,B
EXFY,Expensify Inc. Class A Common Stock,Computer Software: Prepackaged Software,40,2.4000000953674316,-11.764703304297397,96,18,B-
EXK,Endeavour Silver Corporation Ordinary Shares (Canada),Precious Metals,43,8.649999618530273,-38.73937897565517,58,64,C-
EXLS,ExlService Holdings Inc. Common Stock,Business Services,58,36.790000915527344,-15.191332388951029,73,60,B-
EXOD,Exodus Movement Inc. Class A Common Stock,Finance: Consumer Services,112,6.210000038146973,-79.06976736710996,31,26,B-
EXOZ,eXoZymes Inc. Common Stock,Biotechnology: Biological Products (No Diagnostic Substances),99,5.25,-68.18181818181819,15,26,D
EXP,Eagle Materials Inc Common Stock,Building Materials,120,164.6999969482422,-31.558612365254447,27,45,E
EXPD,Expeditors International of Washington Inc. Common Stock,Integrated Freight & Logistics,138,193.24000549316406,-0.45332250471786795,86,66,B
EXPE,Expedia Group Inc. Common Stock,Transportation Services,90,274.2200012207031,-19.023585120327237,71,95,D-
EXPO,Exponent Inc. Common Stock,Professional Services,47,69.80999755859375,-11.288484107543905,66,55,B+
EXR,Extra Space Storage Inc Common Stock,Real Estate Investment Trusts,75,134.64999389648438,-10.871320461467327,51,57,C
EXTR,Extreme Networks Inc. Common Stock,Computer Communications Equipment,6,24.190000534057617,-28.240874544550486,73,62,B-
EXYN,Exyn Technologies Inc. Common Stock,Computer Software: Prepackaged Software,40,2.380000114440918,-65.20467746568028,9,,A
EYE,National Vision Holdings Inc. Common Stock,Ophthalmic Goods,127,16.68000030517578,-43.38085260169871,22,60,B-
EYPT,EyePoint Inc. Common Stock,Biotechnology: Laboratory Analytical Instruments,4,3.4000000953674316,-81.96286458057708,3,8,B-
EZGO,EZGO Technologies Ltd. Ordinary Shares,Motor Vehicles,123,0.8709999918937683,-99.8838666677475,4,,A-
EZPW,EZCORP Inc. Class A Non Voting Common Stock,Other Specialty Stores,115,31.959999084472656,-10.199497197392626,84,95,C-
EZRA,Reliance Global Group Inc. Common Stock,Specialty Insurers,112,1.9500000476837158,-95.30301545873124,7,18,A
F,Ford Motor Company Common Stock,Auto Manufacturing,137,12.170000076293945,-29.462128394572574,48,36,C-
FA,First Advantage Corporation Common Stock,EDP Services,116,19.040000915527344,-21.061358818209364,82,63,E
FABC,Fabric.AI Inc. Common Stock,Telecommunications Equipment,84,2.25,-63.05418811781338,26,8,E
FAC,Factorial Energy Inc. Class A Common Stock,Industrial Machinery/Components,91,5.139999866485596,-76.57247155255654,17,,A-
FAF,First American Corporation (New) Common Stock,Specialty Insurers,112,61.20000076293945,-21.969984888360152,50,87,D-
FAMI,Farmmi Inc. Class A Ordinary Shares,Packaged Foods,120,0.11999999731779099,-93.68421058823198,5,,B+
FANG,Diamondback Energy Inc. Common Stock,Oil & Gas Production,10,192.1300048828125,-9.171273109458888,75,71,D+
FAST,Fastenal Company Common Stock,RETAIL: Building Materials,122,50.75,-3.111876737069119,72,56,C-
FATE,Fate Therapeutics Inc. Common Stock,Biotechnology: Biological Products (No Diagnostic Substances),99,2.180000066757202,-29.903532466516946,88,18,A+
FATN,FatPipe Inc. Common Stock,Computer Software: Prepackaged Software,40,5.190000057220459,-34.79899456848933,93,,C
FBGL,FBS Global Limited Ordinary Shares,Miscellaneous manufacturing industries,127,3.4800000190734863,-74.78260890597733,11,,A+
FBIN,Fortune Brands Innovations Inc. Common Stock,Forest Products,52,39.0099983215332,-38.37581181930081,30,57,C-
FBIO,Fortress Biotech Inc. Common Stock,Biotechnology: Pharmaceutical Preparations,109,2.140000104904175,-51.141551392919695,20,37,D-
FBIZ,First Business Financial Services Inc. Common Stock,Major Banks,21,69.36000061035156,-4.790662919518529,82,87,C-
FBK,FB Financial Corporation Common Stock,Major Banks,21,52.650001525878906,-15.190077363139753,44,90,E
FBLA,FB Bancorp Inc. Common Stock,Banks,19,16.770000457763672,-3.0075212853035937,82,32,C
FBLG,FibroBiologics Inc. Common Stock,Biotechnology: Pharmaceutical Preparations,109,1.1299999952316284,-88.39835706585542,25,26,B+
FBNC,First Bancorp Common Stock,Major Banks,21,59.16999816894531,-10.463084911445907,62,57,D-
FBP,First BanCorp. New Common Stock,Major Banks,21,26.68000030517578,-9.524860120286371,76,70,B-
FBRT,Franklin BSP Realty Trust Inc. Common Stock,Real Estate Investment Trusts,75,6.190000057220459,-36.6974530974254,23,57,D
FBYD,Falcon's Beyond Global Inc. Class A Common Stock,Services-Misc. Amusement & Recreation,80,8.90999984741211,-57.16346070082228,20,42,C-
FC,Franklin Covey Company Common Stock,Other Consumer Services,99,18.149999618530273,-28.962817375730076,44,78,B-
FCAP,First Capital Inc. Common Stock,Savings Institutions,14,62.70000076293945,-8.543365761123468,78,71,D
FCBC,First Community Bankshares Inc. (VA) Common Stock,Major Banks,21,47.34000015258789,-4.460139492433546,84,74,C
FCBM,First Carolina Financial Services Inc. Common Stock,Major Banks,21,12.739999771118164,-3.7764351106010174,57,,C+
FCCO,First Community Corporation Common Stock,Major Banks,21,32.27000045776367,-7.370553286431991,67,65,B+
FCEL,FuelCell Energy Inc. Common Stock,Industrial Machinery/Components,91,18.030000686645508,-49.93057059971048,96,8,B-
FCF,First Commonwealth Financial Corporation Common Stock,Major Banks,21,19.889999389648438,-8.789653818198362,69,77,C-
FCFS,FirstCash Holdings Inc. Common Stock,Other Specialty Stores,115,213.6999969482422,-9.61383768205285,76,80,C-
FCHL,Fitness Champs Holdings Limited Common Stock,Services-Misc. Amusement & Recreation,80,0.8740000128746033,-99.63285024084433,5,,A
FCN,FTI Consulting Inc. Common Stock,Professional Services,47,136.16000366210938,-27.19884267187329,31,57,D+
FCNCA,First Citizens BancShares Inc. Class A Common Stock,Major Banks,21,2068.389892578125,-9.643244327056344,61,80,E
FCNCP,First Citizens BancShares Inc. Depositary Shares,Major Banks,21,17.799999237060547,-15.83567823909715,38,,D+
FCPT,Four Corners Property Trust Inc. Common Stock,Real Estate Investment Trusts,75,21.280000686645508,-18.43833282099212,39,45,E
FCUV,Focus Universal Inc. Common Stock,Industrial Machinery/Components,91,4.170000076293945,-97.86372943571324,18,26,B-
FCX,Freeport-McMoRan Inc. Common Stock,Metal Mining,110,73.69000244140625,-7.7837578972010935,88,56,C
FDBC,Fidelity D & D Bancorp Inc. Common Stock,Major Banks,21,54.72999954223633,-3.508465507120684,80,50,B
FDMT,4D Molecular Therapeutics Inc. Common Stock,Biotechnology: Biological Products (No Diagnostic Substances),99,13.329999923706055,-20.46539533612296,90,8,B
FDS,FactSet Research Systems Inc. Common Stock,Computer Software: Programming Data Processing,80,287.17999267578125,-8.410140693291657,73,51,B-
FDSB,Fifth District Bancorp Inc. Common Stock,Savings Institutions,14,17.31999969482422,-7.330127341285686,73,68,E
FDUS,Fidus Investment Corporation Common Stock,Finance/Investors Services,45,19.059999465942383,-5.40950176966799,63,49,B-
FDX,FedEx Corporation Common Stock,Air Freight/Delivery Services,91,291.7099914550781,-13.701143825694018,72,68,E
FDXF,FedEx Freight Holding Company Inc. Common Stock,Air Freight/Delivery Services,91,115.47000122070312,-38.72970545097266,26,,B-
FE,FirstEnergy Corp. Common Stock,Electric Utilities: Central,67,45.0,-11.549145137327931,49,58,C-
FEAM,5E Advanced Materials Inc. Common Stock,Mining & Quarrying of Nonmetallic Minerals (No Fuels),91,3.640000104904175,-48.25870385422705,97,26,A-
FEBO,Fenbo Holdings Limited Class A Ordinary Shares,Home Furnishings,38,0.7699999809265137,-45.000000425747466,35,,C+
FEDU,Four Seasons Education (Cayman) Inc. American Depositary Shares each ADS representing 10 ordinary shares,Other Consumer Services,99,11.187999725341797,-24.046163794766695,56,,A
FEED,ENvue Medical Inc. Common Stock,Industrial Specialties,84,0.3499999940395355,-99.58243856440725,1,8,C
FEIM,Frequency Electronics Inc. Common Stock,Electrical Products,8,75.08999633789062,-15.6292175978757,92,31,C
FELE,Franklin Electric Co. Inc. Common Stock,Metal Fabrications,39,97.72000122070312,-10.97750075863021,52,49,D-
FEMY,Femasys Inc. Common Stock,Medical/Dental Instruments,96,2.0,-90.38461503192516,6,26,E
FENC,Fennec Pharmaceuticals Inc. Common Stock,Biotechnology: Biological Products (No Diagnostic Substances),99,10.710000038146973,-16.19718104910296,86,53,B-
FENG,Phoenix New Media Limited American Depositary Shares each representing 48 Class A ordinary shares.,Broadcasting,58,1.399999976158142,-47.36842364721438,28,63,B-
FER,Ferrovial N.V. Ordinary Shares,Military/Government/Technical,103,50.150001525878906,-31.91536544864263,27,,E
FERG,Ferguson Enterprises Inc. Common Stock,Miscellaneous,141,220.0399932861328,-17.18221388791832,45,48,B-
FET,Forum Energy Technologies Inc. Common Stock,Oil and Gas Field Machinery,27,84.61000061035156,-3.158981400327865,97,50,B+
FF,FutureFuel Corp.  Common shares,Major Chemicals,80,5.21999979019165,-17.898470884160556,87,91,B+
FFAI,Faraday Future Intelligent Electric Inc. Class A Common Stock,Auto Manufacturing,137,1.100000023841858,-99.52688171017554,1,26,D
FFBC,First Financial Bancorp. Common Stock,Major Banks,21,30.899999618530273,-13.907702546882451,67,49,D-
FFIN,First Financial Bankshares Inc. Common Stock,Major Banks,21,30.770000457763672,-15.135601301913903,46,51,D
FFIV,F5 Inc. Common Stock,Computer Communications Equipment,6,479.8299865722656,0.0,91,68,B+
FG,F&G Annuities & Life Inc. Common Stock,Life Insurance,28,19.260000228881836,-42.72112392850846,20,60,E
FGBI,First Guaranty Bancshares Inc. Common Stock,Savings Institutions,14,8.34000015258789,-22.10301247296136,43,63,B-
FGI,FGI Industries Ltd. Ordinary Shares,Industrial Specialties,84,7.75,-33.87372164314175,94,39,A-
FGL,Founder Group Limited Class A Ordinary Shares,Engineering & Construction,67,4.679999828338623,-99.91017274801654,1,,C-
FHB,First Hawaiian Inc. Common Stock,Major Banks,21,24.690000534057617,-17.85008493799983,45,75,D-
FHI,Federated Hermes Inc. Common Stock,Investment Managers,58,56.52000045776367,-13.56476374778638,63,72,D-
FHN,First Horizon Corporation Common Stock,Major Banks,21,23.079999923706055,-11.367040016126051,48,64,E
FHTX,Foghorn Therapeutics Inc. Common Stock,Biotechnology: Pharmaceutical Preparations,109,2.0,-71.71145754682463,8,26,E
FIBK,First Interstate BancSystem Inc. Common Stock (DE),Major Banks,21,34.52000045776367,-13.113288834497016,54,72,B-
FICO,Fair Isaac Corporation Common Stock,Business Services,58,667.5800170898438,-63.81640862464897,11,96,E
FIEE,FiEE Inc Common Stock,Telecommunications Equipment,84,3.6600000858306885,-52.46753017543273,44,99,B-
FIG,Figma Inc. Class A Common Stock,Computer Software: Prepackaged Software,40,22.5,-66.88254461073244,31,18,D+
FIGR,Figure Technology Solutions Inc. Class A Common Stock,Finance: Consumer Services,112,28.540000915527344,-61.38546948799757,26,98,B-
FIGS,FIGS Inc. Class A Common Stock,Apparel,116,15.779999732971191,-7.827108881860367,94,92,B+
FINS,Angel Oak Financial Strategies Income Term Trust Common Shares of Beneficial Interest,Finance/Investors Services,45,11.960000038146973,-5.30767606220307,52,,E
FINV,FinVolution Group American Depositary Shares,Finance: Consumer Services,112,3.059999942779541,-53.446287149003716,15,45,E
FINW,FinWise Bancorp Common Stock,Major Banks,21,10.989999771118164,-43.20413666946181,20,39,D-
FIP,FTAI Infrastructure Inc. Common Stock,Oil Refining/Marketing,140,2.6500000953674316,-58.01295606852585,12,18,E
FIRY,Firy Inc. Class A Common Stock,EDP Services,116,12.069999694824219,-7.8626004324585335,98,18,A+
FIS,Fidelity National Information Services Inc. Common Stock,Business Services,58,34.040000915527344,-48.4606669434412,20,99,C-
FISI,Financial Institutions Inc. Common Stock,Major Banks,21,38.45000076293945,-9.245173901091707,78,59,B+
FISN,Deep Fission Inc. Common Stock,Electric Utilities: Central,67,4.449999809265137,-69.4368153776311,6,,D-
FISV,Fiserv Inc. Common Stock,Business Services,58,45.630001068115234,-63.940255462321474,22,60,D-
FITB,Fifth Third Bancorp Common Stock,Major Banks,21,50.63999938964844,-13.995704505591522,59,46,D-
FIVE,Five Below Inc. Common Stock,Department/Specialty Retail Stores,21,214.72999572753906,-18.266597621111124,76,90,D
FIVN,Five9 Inc. Common Stock,EDP Services,116,36.400001525878906,-5.82147454378098,96,98,B+
FIX,Comfort Systems USA Inc. Common Stock,Engineering & Construction,67,1715.68994140625,-16.9334580292963,90,99,D+
FIZZ,National Beverage Corp. Common Stock,Beverages (Production/Distribution),104,30.520000457763672,-10.509710771326052,51,51,C-
FJET,Starfighters Space Inc. Common Stock,Air Freight/Delivery Services,91,1.600000023841858,-94.92063484494648,4,26,E
FKWL,Franklin Wireless Corp. Common Stock,Telecommunications Equipment,84,2.2100000381469727,-57.003889191576384,21,,C-
FLD,Fold Holdings Inc. Class A Common Stock,Finance: Consumer Services,112,0.5899999737739563,-85.50368675947456,19,18,A-
FLEX,Flex Ltd. Ordinary Shares,Electrical Products,8,119.83000183105469,-26.06281457658204,92,91,D-
FLG,Flagstar Bank N.A. Common Stock,Banks,19,11.319999694824219,-26.247371798213504,32,63,E
FLGT,Fulgent Genetics Inc. Common Stock,Medical Specialities,15,21.739999771118164,-29.529985405846382,68,18,B-
FLL,Full House Resorts Inc. Common Stock,Hotels/Resorts,74,1.2100000381469727,-63.554214985627745,9,18,E
FLNA,Filana Therapeutics Inc. Common Stock,Biotechnology: Pharmaceutical Preparations,109,0.8199999928474426,-82.32758585252886,11,18,B-
FLNC,Fluence Energy Inc. Class A Common Stock,Industrial Machinery/Components,91,7.429999828338623,-76.94694404633218,10,18,E
FLNG,FLEX LNG Ltd. Ordinary Shares,Marine Transportation,3,30.84000015258789,-5.166052526222231,79,57,B-
FLNT,Fluent Inc. Common Stock,Advertising,131,2.8299999237060547,-33.72365488648092,44,18,B-
FLO,Flowers Foods Inc. Common Stock,Packaged Foods,120,5.809999942779541,-50.857227969941746,17,39,D
FLOC,Flowco Holdings Inc. Class A Common Stock,Oil and Gas Field Machinery,27,19.459999084472656,-30.01602903554703,57,83,B+
FLR,Fluor Corporation Common Stock,Military/Government/Technical,103,50.68000030517578,-11.860869034476906,68,41,B-
FLS,Flowserve Corporation Common Stock,Fluid Controls,21,72.27999877929688,-20.770123163239298,68,85,E
FLUT,Flutter Entertainment plc Ordinary Shares,Computer Software: Programming Data Processing,80,79.77999877929688,-68.38392647336448,13,18,E
FLUX,Flux Power Holdings Inc. Common Stock,Industrial Machinery/Components,91,0.47099998593330383,-92.92792797711067,8,18,B+
FLWS,1-800-FLOWERS.COM Inc. Common Stock,Other Specialty Stores,115,2.700000047683716,-47.57281557892705,19,18,D
FLX,BingEx Limited American Depositary Shares,Trucking Freight/Courier Services,58,1.4900000095367432,-64.1826907646726,13,42,D
FLXS,Flexsteel Industries Inc. Common Stock,Home Furnishings,38,85.16999816894531,-4.422887167331835,95,56,B-
FLY,Firefly Aerospace Inc. Common Stock,Military/Government/Technical,103,20.0,-65.99217899511368,23,18,B-
FLYE,Fly-E Group Inc. Common Stock,Aerospace,131,2.3299999237060547,-89.11214969514062,27,,A+
FLYW,Flywire Corporation Voting Common Stock,Business Services,58,18.760000228881836,-3.991814995390741,86,42,B+
FLYX,flyExclusive Inc. Class A Common Stock,Transportation Services,90,1.350000023841858,-81.32780054937182,13,26,A-
FLZH,Flash Sports & Media Holdings Inc. Common Stock,Services-Misc. Amusement & Recreation,80,0.07900000363588333,-99.78230917155452,1,26,E
FMAO,Farmers & Merchants Bancorp Inc. Common Stock,Savings Institutions,14,34.54999923706055,-2.83060253861398,86,71,C+
FMBH,First Mid Bancshares Inc. Common Stock,Major Banks,21,48.52000045776367,-7.257410160364019,76,50,C-
FMC,FMC Corporation Common Stock,Major Chemicals,80,8.350000381469727,-72.01250913725517,13,18,D
FMFC,Kandal M Venture Limited Class A Ordinary Shares,Apparel,116,0.13500000536441803,-98.7203791192063,6,,D-
FMNB,Farmers National Banc Corp. Common Stock,Major Banks,21,14.970000267028809,-7.560249144513853,70,47,D-
FMS,Fresenius Medical Care AG American Depositary Shares (Each representing 1/2 of an Ordinary Share),Misc Health and Biotechnology Services,30,21.059999465942383,-20.068955741900773,38,56,E
FMST,Foremost Clean Energy Ltd. Common Shares,Other Metals and Minerals,135,0.6150000095367432,-85.69767483122737,5,,B-
FMX,Fomento Economico Mexicano S.A.B. de C.V. Common Stock,Beverages (Production/Distribution),104,119.23999786376953,-9.769199113870176,69,73,C
FN,Fabrinet Ordinary Shares,Telecommunications Equipment,84,486.2799987792969,-34.856053442946475,61,87,C+
FNB,F.N.B. Corporation Common Stock,Major Banks,21,17.059999465942383,-11.839252949951728,51,61,E
FND,Floor & Decor Holdings Inc. Common Stock,RETAIL: Building Materials,122,45.5,-40.63927058809244,26,51,C
FNF,Fidelity National Financial Inc. Common Stock,Specialty Insurers,112,38.79999923706055,-30.33602472926341,27,66,E
FNGR,FingerMotion Inc. Common Stock,Computer Software: Prepackaged Software,40,0.20100000500679016,-90.51886717655256,5,,B+
FNKO,Funko Inc. Class A Common Stock,Recreational Games/Products/Toys,67,6.440000057220459,-9.295772623623222,93,63,B-
FNLC,First Bancorp Inc  (ME) Common Stock,Major Banks,21,32.970001220703125,-6.557342133324717,78,53,B+
FNRN,First Northern Community Bancorp Common stock,Savings Institutions,14,16.049999237060547,-14.62766016808612,68,49,A+
FNUC,Frontier Nuclear and Minerals Inc. Common Shares,Other Metals and Minerals,135,1.0700000524520874,-83.12302797003358,9,,D
FNV,Franco-Nevada Corporation,Precious Metals,43,244.85000610351562,-12.334257749079525,74,93,D-
FNWB,First Northwest Bancorp Common Stock,Banks,19,9.829999923706055,-19.227610007546325,57,46,D+
FNWD,Finward Bancorp Common Stock,Major Banks,21,41.16999816894531,-8.821153926738369,80,43,B+
FOA,Finance of America Companies Inc. Class A Common Stock,Finance: Consumer Services,112,12.819999694824219,-54.05017967702913,13,42,E
FOCL,EDAP TMS S.A. American Depositary Shares,Biotechnology: Electromedical & Electrotherapeutic Apparatus,58,4.190000057220459,-33.91167261233953,78,8,C-
FOFO,Hang Feng Technology Innovation Co. Ltd. Ordinary Shares,Professional Services,47,1.940000057220459,-88.50710809435635,8,,B+
FOR,Forestar Group Inc Common Stock,Real Estate,99,25.649999618530273,-19.79362105789263,46,49,E
FORM,FormFactor Inc. FormFactor Inc. Common Stock,Semiconductors,30,139.6699981689453,-12.668039413912869,97,92,B
FORR,Forrester Research Inc. Common Stock,Diversified Commercial Services,77,11.390000343322754,-9.960468879080576,91,56,B-
FORTY,Formula Systems (1985) Ltd. American Depositary Shares,EDP Services,116,118.1500015258789,-30.691623098369014,54,90,C
FOSL,Fossil Group Inc. Common Stock,Consumer Specialties,19,7.150000095367432,-0.9695248872349405,97,1,A-
FOUR,Shift4 Payments Inc. Class A Common Stock,Business Services,58,40.0,-49.60312635024754,22,36,C-
FOX,Fox Corporation Class B Common Stock,Broadcasting,58,55.88999938964844,-16.665028546518744,61,57,D+
FOXA,Fox Corporation Class A Common Stock,Broadcasting,58,62.40999984741211,-17.233964150651893,61,80,C-
FOXF,Fox Factory Holding Corp. Common Stock,Motor Vehicles,123,18.049999237060547,-27.45176910808067,52,47,C-
FOXX,Foxx Development Holdings Inc. Common Stock,Computer Communications Equipment,6,2.5,-58.94909790868154,18,,C+
FPH,Five Point Holdings LLC Class A Common Shares,Real Estate,99,4.480000019073486,-28.888890739050645,33,97,E
FPI,Farmland Partners Inc. Common Stock,Real Estate Investment Trusts,75,10.470000267028809,-17.647279888610022,63,51,B-
FPS,Forgent Power Solutions Inc. Class A Common Stock,Industrial Machinery/Components,91,40.029998779296875,-38.02446036707088,79,97,B
FR,First Industrial Realty Trust Inc. Common Stock,Real Estate Investment Trusts,75,59.43000030517578,-12.98294793493926,58,93,C
FRAF,Franklin Financial Services Corporation Common Stock,Major Banks,21,62.599998474121094,-2.5832611374493664,76,59,B-
FRBA,First Bank Common Stock,Commercial Banks,21,17.479999542236328,-8.09674489202622,65,57,B-
FRBT,Forbright Inc. Class A Common Stock,Major Banks,21,17.989999771118164,-11.02868258142573,50,,E
FRD,Friedman Industries Inc. Common Stock,Steel/Iron Ore,17,41.97999954223633,-12.687192297231553,96,77,B+
FRGT,Freight Technologies Inc. Ordinary Shares,Integrated Freight & Logistics,138,0.2939999997615814,-99.1600000006812,1,,C
FRHC,Freedom Holding Corp. Common Stock,Investment Bankers/Brokers/Service,49,169.64999389648438,-3.810172595535921,71,,B
FRME,First Merchants Corporation Common Stock,Major Banks,21,39.0,-13.009521577792905,52,43,C
FRMEP,First Merchants Corporation Depository Shares,Major Banks,21,25.309999465942383,-3.073912581401861,60,,C+
FRMI,Fermi Inc. Common Stock,Real Estate Investment Trusts,75,3.430000066757202,-88.57047637255215,9,14,D
FRMM,Forum Markets Incorporated Common Stock,Biotechnology: Pharmaceutical Preparations,109,4.480000019073486,-79.54337855201231,48,1,D
FRO,Frontline Plc Ordinary Shares,Marine Transportation,3,56.099998474121094,-0.28439362279694125,98,80,A-
FROG,JFrog Ltd. Ordinary Shares,Computer Software: Prepackaged Software,40,102.2300033569336,-1.730265734388825,95,97,C-
FRPH,FRP Holdings Inc. Common Stock,Real Estate,99,20.040000915527344,-21.596238911390444,34,32,D
FRPT,Freshpet Inc. Common Stock,Packaged Foods,120,64.06999969482422,-25.064327842310853,74,81,B
FRSH,Freshworks Inc. Class A Common Stock,Computer Software: Prepackaged Software,40,13.920000076293945,0.0,89,99,B-
FRST,Primis Financial Corp. Common Stock,Major Banks,21,15.25,-8.51829675941812,76,71,B+
FRSX,Foresight Autonomous Holdings Ltd. American Depositary Shares,Computer Software: Prepackaged Software,40,0.8500000238418579,-88.75661335614583,7,,B-
FRT,Federal Realty Investment Trust Common Stock,Real Estate Investment Trusts,75,106.16000366210938,-15.590734868624745,54,41,D-
FRTT,Fort Technology Inc. Common Shares,,,0.7599999904632568,-77.64705973100494,8,,B+
FRVO,Fervo Energy Company Class A common stock,Electric Utilities: Central,67,13.75,-67.64705882352942,9,,D
FSBC,Five Star Bancorp Common Stock,Major Banks,21,42.47999954223633,-14.037348158760942,68,68,E
FSBW,FS Bancorp Inc. Common Stock,Banks,19,44.099998474121094,-1.9272000198851003,68,51,C+
FSI,Flexible Solutions International Inc. Common Stock (CDA),Major Chemicals,80,6.050000190734863,-37.62886278661478,47,8,B
FSK,FS KKR Capital Corp. Common Stock,Investment Managers,58,10.84000015258789,-22.009863760064675,54,32,D
FSLR,First Solar Inc. Common Stock,Semiconductors,30,177.82000732421875,-44.12568505130597,29,94,B-
FSLY,Fastly Inc. Class A Common Stock,Computer Software: Prepackaged Software,40,29.299999237060547,-12.537315710267027,98,18,A
FSM,Fortuna Mining Corp. Common Shares,Precious Metals,43,10.920000076293945,-20.058563702233556,79,96,D+
FSP,Franklin Street Properties Corp. Common Stock,Real Estate Investment Trusts,75,0.3400000035762787,-77.66348902411328,11,8,D-
FSS,Federal Signal Corporation Common Stock,Auto Manufacturing,137,113.56999969482422,-15.05408723805507,51,93,C-
FSTR,L.B. Foster Company Common Stock,Metal Fabrications,39,34.939998626708984,-22.647774976598345,69,58,D
FSUN,FirstSun Capital Bancorp Common Stock,Major Banks,21,38.4900016784668,-7.028984879609446,60,36,B-
FSV,FirstService Corporation Common Shares,Real Estate,99,129.72999572753906,-29.27914341602803,35,59,D-
FTAI,FTAI Aviation Ltd. Common Stock,Misc Corporate Leasing Services,123,169.96499633789062,-44.87187050551983,30,85,D-
FTCI,FTC Solar Inc. Common Stock,Semiconductors,30,1.9299999475479126,-84.5600004196167,6,18,B-
FTDR,Frontdoor Inc. Common Stock,Diversified Commercial Services,77,79.80000305175781,-12.14356331271781,82,76,E
FTEK,Fuel Tech Inc. Common Stock,Pollution Control Equipment,49,1.649999976158142,-48.27586374415819,53,18,B+
FTF,Franklin Limited Duration Income Trust Common Shares of Beneficial Interest,Finance/Investors Services,45,5.369999885559082,-6.373502161396938,49,,D
FTFT,Future FinTech Group Inc. Common Stock,Business Services,58,3.200000047683716,-97.7678571190989,3,36,B
FTH,Faeth Therapeutics Inc. Common Stock,Biotechnology: Pharmaceutical Preparations,109,26.030000686645508,-35.006239244672784,91,26,C-
FTHM,Fathom Holdings Inc. Common Stock,Real Estate,99,0.21299999952316284,-88.03370769962098,3,18,C
FTI,TechnipFMC plc Ordinary Share,Oil and Gas Field Machinery,27,69.56999969482422,-13.124377991903014,82,94,D+
FTK,Flotek Industries Inc. Common Stock,Major Chemicals,80,26.790000915527344,-30.98917793371546,90,98,B+
FTLF,FitLife Brands Inc. Common Stock,Medicinal Chemicals and Botanical Products,134,9.210000038146973,-54.87506072022457,22,55,C-
FTNT,Fortinet Inc. Common Stock,Computer peripheral equipment,47,194.75,0.0,97,96,B-
FTRE,Fortrea Holdings Inc. Common Stock,Medical Specialities,15,20.84000015258789,-1.2790168164716897,94,54,C-
FTS,Fortis Inc. Common Shares,Electric Utilities: Central,67,53.310001373291016,-8.652642363536668,54,51,C
FTV,Fortive Corporation Common Stock,Industrial Machinery/Components,91,57.2599983215332,-10.548122271366921,56,47,C
FTW,Presidio Production Company Class A Common Stock,Oil & Gas Production,10,9.829999923706055,-26.510327444820724,44,,D-
FUBO,FuboTV Inc. Class A Common Stock,Movies/Entertainment,4,8.84000015258789,-81.94444379515636,15,18,C-
FUFU,BitFuFu Inc. Class A Ordinary Shares,Finance: Consumer Services,112,1.375,-65.2777781122595,21,26,B-
FUL,H. B. Fuller Company Common Stock,Home Furnishings,38,49.560001373291016,-25.9395947291578,33,70,E
FULC,Fulcrum Therapeutics Inc. Common Stock,Biotechnology: Pharmaceutical Preparations,109,3.7699999809265137,-74.17808299709783,19,18,C-
FULT,Fulton Financial Corporation Common Stock,Major Banks,21,22.100000381469727,-11.521613233403494,65,50,D
FUN,Six Flags Entertainment Corporation Common Stock New,Services-Misc. Amusement & Recreation,80,11.40999984741211,-57.32984313733602,15,18,E
FUNC,First United Corporation Common Stock,Major Banks,21,43.150001525878906,-6.561279253515462,70,96,D
FUND,Sprott Focus Trust Inc. Common Stock,Investment Managers,58,9.75,-9.072041057151935,69,,D-
FURY,Fury Gold Mines Limited Common Shares,Precious Metals,43,0.5540000200271606,-41.375658812666636,49,37,D
FUSB,First US Bancshares Inc. Common Stock,Major Banks,21,16.399999618530273,-3.4726319042737708,73,83,C-
FUSE,Fusemachines Inc. Common stock,EDP Services,116,0.4259999990463257,-97.78586276447982,4,,A-
FUTU,Futu Holdings Limited American Depositary Shares,Investment Bankers/Brokers/Service,49,113.70999908447266,-41.95456688530002,38,87,B+
FVCB,FVCBankcorp Inc. Common Stock,Major Banks,21,17.3700008392334,-8.72306772209962,77,67,B-
FVR,FrontView REIT Inc. Common Stock,Real Estate Investment Trusts,75,16.600000381469727,-23.30004244275692,55,48,D
FVRR,Fiverr International Ltd. Ordinary Shares no par value,Business Services,58,8.720000267028809,-63.050846923394175,17,72,D
FWDI,Forward Industries Inc. Common Stock,Plastic Products,8,7.340000152587891,-70.27136495010187,86,26,B+
FWONA,Liberty Media Corporation Series A Liberty Formula One Common Stock,Broadcasting,58,86.66999816894531,-11.723367386895077,52,41,D
FWONK,Liberty Media Corporation Series C Liberty Formula One Common Stock,Broadcasting,58,94.04000091552734,-11.83199166818072,51,41,C-
FWRD,Forward Air Corporation Common Stock,Integrated Freight & Logistics,138,15.640000343322754,-48.263312669022454,40,18,B+
FWRG,First Watch Restaurant Group Inc. Common Stock,Restaurants,89,10.979999542236328,-41.15755824210735,33,82,C
FXHO,UTime Limited Class A Ordinary Shares,Consumer Electronics/Appliances,104,10.869999885559082,-99.82180328056461,8,,C
FXNC,First National Corporation Common Stock,Major Banks,21,29.459999084472656,-8.48910295938986,73,49,B
G,Genpact Limited Common Stock,Professional Services,47,34.400001525878906,-27.920619397619582,52,67,B
GAB,Gabelli Equity Trust Inc. (The) Common Stock,Investment Managers,58,5.210000038146973,-10.253017683162524,48,,E
GABC,German American Bancorp Inc. Common Stock,Major Banks,21,48.15999984741211,-6.2670322183028375,74,80,B-
GAIA,Gaia Inc. Class A Common Stock,Movies/Entertainment,4,1.3300000429153442,-78.68589596635486,9,18,C
GAIN,Gladstone Investment Corporation Business Development Company,Finance: Consumer Services,112,15.25,-8.643385945459748,66,,D+
GALT,Galectin Therapeutics Inc. Common Stock,Biotechnology: Pharmaceutical Preparations,109,3.940000057220459,-39.47772782341058,71,26,B+
GAM,General American Investors Inc. Common Stock,Investment Managers,58,64.70999908447266,-4.768208990851686,65,,E
GAME,GameSquare Holdings Inc. Common Stock,Services-Misc. Amusement & Recreation,80,3.109999895095825,-50.09627795383296,45,8,B+
GANX,Gain Therapeutics Inc. Common Stock,Biotechnology: Pharmaceutical Preparations,109,1.6399999856948853,-60.76554897020851,34,26,C
GAP,Gap Inc. (The) Common Stock,Clothing/Shoe/Accessory Stores,56,23.229999542236328,-18.34115590428721,65,97,B-
GASS,StealthGas Inc. Common Stock,Marine Transportation,3,9.050000190734863,-12.897017404326228,74,51,C+
GATX,GATX Corporation Common Stock,Transportation Services,90,164.77999877929688,-17.300457798737035,43,87,C
GAU,Galiano Gold Inc.,Mining & Quarrying of Nonmetallic Minerals (No Fuels),91,2.190000057220459,-38.65545943494796,50,73,B
GAUZ,Gauzy Ltd. Ordinary Shares,Industrial Machinery/Components,91,4.699999809265137,-96.60404623082536,7,,B+
GBAB,Guggenheim Taxable Municipal Bond & Investment Grade Debt Trust Common Shares of Beneficial Interest,Investment Managers,58,12.539999961853027,-13.735711505020909,41,,E
GBCI,Glacier Bancorp Inc. Common Stock,Major Banks,21,42.72999954223633,-20.97853899707467,38,69,E
GBDC,Golub Capital BDC Inc. Common Stock,Finance: Consumer Services,112,12.100000381469727,-7.704869914828416,51,48,D-
GBFH,GBank Financial Holdings Inc. Common Stock,Commercial Banks,21,17.309999465942383,-58.449353026059434,12,56,D-
GBLI,Global Indemnity Group LLC Class A Common Stock,Property-Casualty Insurers,52,24.459999084472656,-18.39523732678192,41,91,C
GBR,New Concept Energy Inc Common Stock,Oil & Gas Production,10,0.7200000286102295,-33.94495352642394,44,26,A-
GBX,Greenbrier Companies Inc. (The) Common Stock,Railroads,33,38.43000030517578,-33.80851343840674,28,51,E
GCBC,Greene County Bancorp Inc. Common Stock,Banks,19,33.650001525878906,-6.579674907732935,87,55,C-
GCDT,Green Circle Decarbonize Technology Limited Ordinary Shares,Industrial Machinery/Components,91,0.5,-98.50119906818932,1,,A+
GCGR,General Catalyst Global Resilience Merger Corp. Class A Ordinary Shares,,,10.130000114440918,-0.8806276931150769,55,,C
GCL,GCL Global Holdings Ltd Ordinary Shares,Computer Software: Prepackaged Software,40,0.7910000085830688,-69.10156147408995,87,,A-
GCMG,GCM Grosvenor Inc. Class A Common Stock,Investment Managers,58,13.199999809265137,-5.225094460251444,75,69,B-
GCO,Genesco Inc. Common Stock,Clothing/Shoe/Accessory Stores,56,36.5099983215332,-14.536523225004983,77,78,C
GCT,GigaCloud Technology Inc Class A Ordinary Shares,Catalog/Specialty Distribution,67,57.2599983215332,0.0,94,90,B+
GCTK,GlucoTrack Inc. Common Stock,Medical/Dental Instruments,96,1.0299999713897705,-99.15121550528126,2,26,D
GCTS,GCT Semiconductor Holding Inc. Common Stock,Semiconductors,30,2.0199999809265137,-45.84450480972727,86,26,B
GD,General Dynamics Corporation Common Stock,Marine Transportation,3,331.2699890136719,-15.934462513775294,47,58,E
GDC,GD Culture Group Limited Common Stock,Steel/Iron Ore,17,1.350000023841858,-99.90984974799053,7,26,A
GDDY,GoDaddy Inc. Class A Common Stock,EDP Services,116,104.3499984741211,-22.80662514578138,66,77,B-
GDEV,GDEV Inc. Ordinary Shares,EDP Services,116,11.40999984741211,-65.62217439132358,25,,B-
GDHG,Golden Heaven Group Holdings Ltd. Class A Ordinary Shares,Services-Misc. Amusement & Recreation,80,1.190000057220459,-84.21750579255965,14,,C-
GDOT,Green Dot Corporation Class A Common Stock $0.001 par value,Finance: Consumer Services,112,12.609999656677246,-7.142859149325309,55,39,C
GDRX,GoodRx Holdings Inc. Class A Common Stock,EDP Services,116,3.430000066757202,-26.077582641071608,78,59,A-
GDS,GDS Holdings Limited ADS,Computer Software: Programming Data Processing,80,30.969999313354492,-34.82744315021422,33,99,B-
GDTC,CytoMed Therapeutics Limited Ordinary Shares,Biotechnology: Pharmaceutical Preparations,109,0.8899999856948853,-66.91449937683234,26,,B-
GDV,Gabelli Dividend & Income Trust Common Shares of Beneficial Interest,Investment Managers,58,28.579999923706055,-6.544355183754746,62,,D
GDYN,Grid Dynamics Holdings Inc. Class A Common Stock,Computer Software: Prepackaged Software,40,7.949999809265137,-20.97416026183383,80,55,B-
GE,GE Aerospace Common Stock,Consumer Electronics/Appliances,104,308.20001220703125,-19.031358588345203,48,93,D
GECC,Great Elm Capital Corp. Common Stock,Finance: Consumer Services,112,5.0,-24.790891155095906,45,31,B-
GEF,Greif Inc. Class A Common Stock,,,81.81999969482422,-8.525821727592097,82,64,C+
GEG,Great Elm Group Inc. Common Stock,Computer Software: Prepackaged Software,40,2.1600000858306885,-21.739127054556995,50,32,B-
GEHC,GE HealthCare Technologies Inc. Common Stock,Medical Electronics,106,65.73999786376953,-25.322966377593094,41,55,D+
GELS,Gelteq Limited Ordinary Shares,Biotechnology: Pharmaceutical Preparations,109,0.5210000276565552,-65.94770997392199,23,,A+
GEMI,Gemini Space Station Inc. Class A Common Stock,Investment Bankers/Brokers/Service,49,4.394999980926514,-82.70365994758507,22,18,B+
GEN,Gen Digital Inc. Common Stock,Computer Software: Prepackaged Software,40,23.25,-25.978987223982486,51,68,D
GENB,Generate Biomedicines Inc. Common Stock,Biotechnology: Pharmaceutical Preparations,109,14.34000015258789,-29.63689527429556,72,,C+
GENC,Gencor Industries Inc. Common Stock,Construction/Ag Equipment/Trucks,21,18.049999237060547,-9.750003814697262,82,77,B+
GENI,Genius Sports Limited Ordinary Shares,Services-Misc. Amusement & Recreation,80,6.650000095367432,-45.66993284543229,52,18,B-
GENK,GEN Restaurant Group Inc. Class A Common Stock,Restaurants,89,1.659999966621399,-47.13376079100296,33,18,C+
GEO,Geo Group Inc (The) REIT,Homebuilding,98,31.1299991607666,-5.004581245309481,92,82,B-
GEOS,Geospace Technologies Corporation Common Stock (Texas),Industrial Machinery/Components,91,4.679999828338623,-83.5269276540847,9,8,E
GERN,Geron Corporation Common Stock,Biotechnology: Pharmaceutical Preparations,109,1.2300000190734863,-36.92307748738124,35,18,D
GETY,Getty Images Holdings Inc. Class A Common Stock,Business Services,58,0.04800000041723251,-97.96610158682725,1,18,E
GEV,GE Vernova Inc. Common Stock,Industrial Machinery/Components,91,1004.72998046875,-14.480874913098962,83,83,B-
GEVO,Gevo Inc. Common Stock,Major Chemicals,80,1.3200000524520874,-52.51798323608627,24,8,B-
GFAI,Guardforce AI Co. Limited Ordinary Shares,Diversified Commercial Services,77,0.26100000739097595,-77.4999987154171,11,,D-
GFF,Griffon Corporation Common Stock,Building Products,80,90.58999633789062,-15.321961355280845,72,99,C+
GFI,Gold Fields Limited American Depositary Shares,Precious Metals,43,36.81999969482422,-36.99777400196432,48,,C
GFL,GFL Environmental Inc. Subordinate voting shares no par value,Environmental Services,67,42.779998779296875,-7.944095582005783,61,42,B-
GFR,Greenfire Resources Ltd. Common Shares,Oil & Gas Production,10,6.349999904632568,-10.563380423577806,79,33,B+
GFS,GlobalFoundries Inc. Ordinary Shares,Semiconductors,30,48.2400016784668,-46.16415415091715,59,73,C+
GFUZ,General Fusion Group Ltd. Common Shares,Electric Utilities: Central,67,8.65999984741211,-37.063955644164714,32,,B-
GGAL,Grupo Financiero Galicia S.A. American Depositary Shares,Commercial Banks,21,36.810001373291016,-37.13500826145629,34,48,D
GGB,Gerdau S.A. Common Stock,Steel/Iron Ore,17,5.119999885559082,-0.9671216633850732,86,64,B-
GGG,Graco Inc. Common Stock,Fluid Controls,21,78.20999908447266,-16.910111854099696,52,57,E
GGN,GAMCO Global Gold Natural Resources & Income Trust,Finance/Investors Services,45,5.320000171661377,-6.153840977520608,68,,D
GGR,Gogoro Inc. Ordinary Shares,Auto Manufacturing,137,3.1500000953674316,-38.834950737167084,29,18,B-
GGZ,Gabelli Global Small and Mid Cap Value Trust (The) Common Shares of Beneficial Interest,Investment Managers,58,15.25,-8.782143305753308,59,,D
GH,Guardant Health Inc. Common Stock,Medical Specialities,15,167.47000122070312,-10.54908656726149,95,8,B-
GHC,Graham Holdings Company Common Stock,Other Consumer Services,99,1173.1600341796875,-4.927220386601505,62,97,B+
GHG,GreenTree Hospitality Group Ltd. American depositary shares each representing one Class A ordinary share,Hotels/Resorts,74,0.9800000190734863,-52.884612739438744,20,53,D
GHM,Graham Corporation Common Stock,Industrial Machinery/Components,91,82.37000274658203,-33.459890025535884,62,65,D
GHRS,GH Research PLC Ordinary Shares,Biotechnology: Pharmaceutical Preparations,109,21.110000610351562,-31.103129794828043,80,8,C
GIB,CGI Inc. Common Stock,Professional Services,47,70.08999633789062,-25.67810935714503,43,61,C
GIBO,GIBO Holdings Limited Class A Ordinary Shares,Computer Software: Prepackaged Software,40,62.27000045776367,-18.3344256291624,95,,B+
GIC,Global Industrial Company Common Stock,Industrial Machinery/Components,91,42.95000076293945,-1.51341398343261,88,68,B+
GIFT,Giftify Inc. Common Stock,Catalog/Specialty Distribution,67,0.5950000286102295,-52.777775149707004,14,26,C
GIGM,GigaMedia Limited Ordinary Shares,Computer Software: Programming Data Processing,80,1.3799999952316284,-17.36526762307735,46,33,C-
GIII,G-III Apparel Group LTD. Common Stock,Apparel,116,27.06999969482422,-26.195005890888755,38,95,E
GIL,Gildan Activewear Inc. Class A Sub. Vot. Common Stock,Apparel,116,41.970001220703125,-41.40540529025461,24,33,C-
GILD,Gilead Sciences Inc. Common Stock,Biotechnology: Biological Products (No Diagnostic Substances),99,151.1699981689453,-1.226222992705528,81,37,B-
GILT,Gilat Satellite Networks Ltd. Ordinary Shares,Radio And Television Broadcasting And Communications Equipment,78,8.9399995803833,-57.12230495530996,17,57,E
GIPR,Generation Income Properties Inc. Common Stock,Real Estate Investment Trusts,75,0.4180000126361847,-97.75268815019693,3,8,A
GIS,General Mills Inc. Common Stock,Packaged Foods,120,32.290000915527344,-31.843728269961204,32,63,D
GITS,Global Interactive Technologies Inc. Common Stock,Computer Software: Programming Data Processing,80,1.5099999904632568,-65.44622356963579,49,26,D+
GIW,GigCapital8 Corp. Class A Ordinary Shares,,,10.199999809265137,0.0,60,,A+
GIX,GigCapital9 Corp. Class A Ordinary Share,Blank Checks,42,10.0,-0.3984059960658093,58,,E
GJH,Synthetic Fixed-Income Securities Inc 6.375% (STRATS) Cl A-1,Finance: Consumer Services,112,9.369999885559082,-2.8851784096790234,59,,E
GJO,Synthetic Fixed-Income Securities Inc. on behalf of STRATS(SM) Trust for Wal-Mart Stores Inc. Securities Series 2004-5,Finance: Consumer Services,112,24.610000610351562,-1.1646546691627124,59,,B+
GJP,Synthetic Fixed-Income Securities Inc. on behalf of STRATS (SM) Trust for Dominion Resources Inc. Securities Series 2005-6 Floating Rate Structured Repackaged Asset-Backed Trust Securities (STRATS) Certificates,Finance: Consumer Services,112,24.219999313354492,-1.7842681945668848,57,,B-
GJR,Synthetic Fixed-Income Securities Inc. STRATS Trust for Procter&Gamble Securities Series 2006-1,Finance: Consumer Services,112,24.5,-2.0142636707242034,57,,E
GJS,Goldman Sachs Group Securities STRATS Trust for Goldman Sachs Group Securities Series 2006-2,Finance: Consumer Services,112,23.139999389648438,-1.7809335407490523,57,,D+
GKOS,Glaukos Corporation Common Stock,Medical/Dental Instruments,96,165.69000244140625,-12.58770784816946,90,18,B-
GL,Globe Life Inc. Common Stock,Life Insurance,28,164.1699981689453,-11.569917130534302,67,81,C-
GLAD,Gladstone Capital Corporation Common Stock,Textiles,34,18.809999465942383,-5.050871981070748,59,59,D
GLAS,Glass House Brands Inc. Subordinate Voting Shares,Medicinal Chemicals and Botanical Products,134,4.260000228881836,-68.63495583656484,9,8,E
GLBE,Global-E Online Ltd. Ordinary Shares,Computer Software: Prepackaged Software,40,40.38999938964844,-4.6506166013173145,73,98,B-
GLBS,Globus Maritime Limited Common Stock,Marine Transportation,3,3.3499999046325684,-14.758273594718151,96,,A-
GLDG,GoldMining Inc. Common Shares,Precious Metals,43,0.8899999856948853,-58.41121766044316,30,26,E
GLE,Global Engine Group Holding Limited Class A Ordinary Shares,EDP Services,116,4.099999904632568,-52.546299285726676,46,,B-
GLIBA,Liberty Capital Corporation Series A GCI Group Common Stock,Cable & Other Pay Television Services,127,20.079999923706055,-50.0869993731304,20,33,E
GLIBK,Liberty Capital Corporation Series C GCI Group Common Stock,Cable & Other Pay Television Services,127,20.049999237060547,-49.925077975497146,20,33,E
GLND,Greenland Energy Company Common Stock,Oil & Gas Production,10,2.509999990463257,-80.69230776566725,17,,C-
GLNG,Golar Lng Ltd,Marine Transportation,3,47.91999816894531,-15.629906486567913,66,49,C-
GLOB,Globant S.A. Common Shares,EDP Services,116,36.31999969482422,-48.99592731107927,34,83,B-
GLOO,Gloo Holdings Inc. Class A Common Stock,EDP Services,116,3.825000047683716,-59.7368416033293,34,18,B-
GLPI,Gaming and Leisure Properties Inc. Common Stock,Real Estate Investment Trusts,75,38.279998779296875,-18.920306896410743,39,72,C-
GLRE,Greenlight Capital Re Ltd. Class A Ordinary Shares,Property-Casualty Insurers,52,14.760000228881836,-22.31578826904297,47,8,D-
GLSI,Greenwich LifeSciences Inc. Common Stock,Biotechnology: Pharmaceutical Preparations,109,16.530000686645508,-50.752267650945356,43,8,C-
GLU,Gabelli Global Utility Common Shares of Beneficial Ownership,Finance/Investors Services,45,17.520000457763672,-15.68571674831879,47,,D
GLUE,Monte Rosa Therapeutics Inc. Common Stock,Biotechnology: Biological Products (No Diagnostic Substances),99,10.300000190734863,-59.30462106648899,17,8,E
GLW,Corning Incorporated Common Stock,Telecommunications Equipment,84,156.67999267578125,-38.607290011375504,85,89,C+
GLXG,Galaxy Payroll Group Limited Class A Ordinary Shares,Diversified Commercial Services,77,1.0299999713897705,-78.08510610235929,13,,A-
GLXY,Galaxy Digital Inc. Class A Common Stock,Investment Bankers/Brokers/Service,49,20.329999923706055,-52.566496420450484,28,18,B-
GM,General Motors Company Common Stock,Auto Manufacturing,137,82.7300033569336,-8.193702410286486,75,83,E
GMAB,Genmab A/S ADS,Biotechnology: Pharmaceutical Preparations,109,37.06999969482422,-3.664240811293329,83,46,B+
GME,GameStop Corporation Common Stock,Electronics Distribution,,26.559999465942383,0.0,79,77,A
GMED,Globus Medical Inc. Class A Common Stock,Medical/Dental Instruments,96,74.6500015258789,-22.89815971785266,47,96,D
GMEX,GMEX ROBOTICS CORPORATION Class A Ordinary Shares,Recreational Games/Products/Toys,67,1.7400000095367432,-99.4937857766597,,,D-
GMHS,Gamehaus Holdings Inc. Class A Ordinary Shares,EDP Services,116,0.5920000076293945,-58.014182862150854,14,,A-
GMM,Global Mofy AI Limited Class A Ordinary Shares,Computer Software: Programming Data Processing,80,1.7050000429153442,-98.27777773442895,3,,B-
GMRS,GMR Solutions Inc. Class A Common Stock,Transportation Services,90,10.380000114440918,-34.05336553125296,23,,B-
GMTL,Guardian Metal Resources PLC ADS,Metal Mining,110,7.590000152587891,-63.22674235933119,13,,E
GNE,Genie Energy Ltd. Class B Common Stock Stock,Power Generation,84,16.6299991607666,-0.8939303917805286,78,49,B
GNK,Genco Shipping & Trading Limited Ordinary Shares New (Marshall Islands),Marine Transportation,3,26.5,-5.76102699461215,87,81,D
GNL,Global Net Lease Inc. Common Stock,Real Estate Investment Trusts,75,7.75,-16.946894424538005,46,8,E
GNLN,Greenlane Holdings Inc. Class A Common Stock,Durable Goods,138,2.8399999141693115,-91.34146347491249,22,26,B+
GNLX,Genelux Corporation Common Stock,Biotechnology: Pharmaceutical Preparations,109,2.559999942779541,-68.93203866640216,34,26,D+
GNPX,Genprex Inc. Common Stock,Biotechnology: Pharmaceutical Preparations,109,2.7200000286102295,-99.70562770253136,2,34,B-
GNRC,Generac Holdlings Inc. Common Stock,Metal Fabrications,39,224.94000244140625,-23.888476707810767,79,78,C
GNS,Genius Group Limited Ordinary Shares,Services-Misc. Amusement & Recreation,80,0.14900000393390656,-83.94396463132215,9,,B-
GNSS,Genasys Inc. Common Stock,Consumer Electronics/Appliances,104,1.3700000047683716,-43.15352879764921,23,34,E
GNT,GAMCO Natural Resources Gold & Income Trust,Finance/Investors Services,45,8.569999694824219,-7.238522100060596,74,,D
GNTA,Genenta Science S.p.A. American Depositary Shares,Biotechnology: Biological Products (No Diagnostic Substances),99,0.7850000262260437,-87.33870886491064,16,,D-
GNTX,Gentex Corporation Common Stock,Auto Parts:O.E.M.,91,21.040000915527344,-20.23224371590524,38,68,E
GNW,Genworth Financial Inc Common Stock,Life Insurance,28,9.399999618530273,-11.320761507114863,62,44,B+
GO,Grocery Outlet Holding Corp. Common Stock,Food Chains,49,11.960000038146973,-24.15979904262471,83,41,C
GOAI,Eva Live Inc. Common Stock,Computer Software: Programming Data Processing,80,1.7599999904632568,-76.90288691737788,9,43,D
GOGO,Gogo Inc. Common Stock,Telecommunications Equipment,84,2.319999933242798,-76.2538400763408,11,31,C
GOLD,Gold.com Inc. Common Stock,Other Specialty Stores,115,40.689998626708984,-34.37365510505892,78,,C
GOLF,Acushnet Holdings Corp. Common Stock,Recreational Games/Products/Toys,67,79.18000030517578,-33.00103962424789,33,76,E
GOOD,Gladstone Commercial Corporation Real Estate Investment Trust,Real Estate,99,12.680000305175781,-3.0245936822036357,74,97,C-
GOOG,Alphabet Inc. Class C Capital Stock,Computer Software: Programming Data Processing,80,347.8599853515625,-12.716694488261327,73,97,C
GOOGL,Alphabet Inc. Class A Common Stock,Computer Software: Programming Data Processing,80,351.6600036621094,-12.548749850778352,74,97,C-
GOOS,Canada Goose Holdings Inc. Subordinate Voting Shares,Apparel,116,7.920000076293945,-44.885176483174284,21,32,D
GORO,Gold Resource Corporation Common Stock,Precious Metals,43,3.4100000858306885,-45.70063739003039,34,37,D+
GOSS,Gossamer Bio Inc. Common Stock,Biotechnology: Pharmaceutical Preparations,109,9.3100004196167,-96.92941951029354,8,18,D
GOTU,Gaotu Techedu Inc. American Depositary Shares,Other Consumer Services,99,2.75,-14.860681617307625,85,1,A+
GOVX,GeoVax Labs Inc. Common Stock,Biotechnology: Pharmaceutical Preparations,109,0.2809999883174896,-98.13907297206215,2,26,E
GP,GreenPower Motor Company Inc. Common Shares,Construction/Ag Equipment/Trucks,21,0.37599998712539673,-88.60606083156212,5,,D-
GPC,Genuine Parts Company Common Stock,Automotive Aftermarket,123,127.0199966430664,-12.509196412243107,66,40,D-
GPCR,Structure Therapeutics Inc. American Depositary Shares,Biotechnology: Pharmaceutical Preparations,109,25.540000915527344,-72.76895120351887,12,18,E
GPGI,GPGI Inc. Class A Common Stock,Finance: Consumer Services,112,12.600000381469727,-51.50916598260342,25,63,C+
GPI,Group 1 Automotive Inc. Common Stock,Retail-Auto Dealers and Gas Stations,110,232.00999450683594,-48.14067788782962,19,59,D
GPK,Graphic Packaging Holding Company,Containers/Packaging,102,8.350000381469727,-52.04948827142643,21,44,E
GPMT,Granite Point Mortgage Trust Inc. Common Stock,Real Estate Investment Trusts,75,6.53000020980835,-74.45684243637022,8,18,E
GPN,Global Payments Inc. Common Stock,Business Services,58,82.19999694824219,-13.073157004101665,69,50,B-
GPOR,Gulfport Energy Corporation Common Shares,Oil & Gas Production,10,162.66000366210938,-26.891096388099534,45,41,B-
GPRE,Green Plains Inc. Common Stock,Major Chemicals,80,14.34000015258789,-25.429014592060472,68,63,D+
GPRK,Geopark Ltd Common Shares,Oil & Gas Production,10,11.539999961853027,-3.5923165879971686,90,94,B+
GPRO,GoPro Inc. Class A Common Stock,Industrial Machinery/Components,91,1.190000057220459,-49.36169763774863,84,18,B+
GPUS,Hyperscale Data Inc. Common Stock,Industrial Machinery/Components,91,0.1599999964237213,-94.18181831186469,3,26,E
GRAB,Grab Holdings Limited Class A Ordinary Shares,Business Services,58,3.190000057220459,-48.29821689181315,22,94,C-
GRAL,GRAIL Inc. Common Stock,Medical Specialities,15,140.5800018310547,-8.761682138868643,98,18,B+
GRAN,Grande Group Limited Class A Ordinary Shares,Finance: Consumer Services,112,1.2999999523162842,-73.02904759299635,21,,B+
GRBK,Green Brick Partners Inc. Common Stock,Homebuilding,98,62.86000061035156,-22.000243867988655,41,47,E
GRC,Gorman-Rupp Company (The) Common Stock,Fluid Controls,21,73.98999786376953,-19.15596069942892,82,91,C
GRCE,Grace Therapeutics Inc. Common Stock,Biotechnology: Pharmaceutical Preparations,109,2.0799999237060547,-59.454193424852605,21,26,D-
GRDN,Guardian Pharmacy Services Inc. Class A Common Stock,Retail-Drug Stores and Proprietary Stores,133,41.279998779296875,-14.000002543131506,84,87,B+
GRDX,GridAI Technologies Corp. Common Stock,Biotechnology: Pharmaceutical Preparations,109,4.96999979019165,-26.911769841368905,91,26,B+
GRFS,Grifols S.A. American Depositary Shares,Biotechnology: Pharmaceutical Preparations,109,7.460000038146973,-22.457664291968605,42,,C
GRI,GRI Bio Inc. Common Stock,Biotechnology: Pharmaceutical Preparations,109,1.7400000095367432,-97.2503159875123,15,26,A
GRML,Greenland Mines Ltd. Common Stock,Biotechnology: Biological Products (No Diagnostic Substances),99,5.170000076293945,-84.33333310213956,6,,B+
GRMN,Garmin Ltd. Common Stock (Switzerland),Industrial Machinery/Components,91,268.3599853515625,-13.973948260636348,73,78,E
GRND,Grindr Inc. Common Stock,Computer Software: Programming Data Processing,80,15.029999732971191,-16.220739768441085,70,88,C-
GRNQ,Greenpro Capital Corp. Common Stock,EDP Services,116,8.300000190734863,-72.60725940684856,10,26,A-
GRNT,Granite Ridge Resources Inc. Common Stock,Oil & Gas Production,10,4.769999980926514,-18.371734209221135,59,49,B+
GRO,Brazil Potash Corp. Common Shares,Mining & Quarrying of Nonmetallic Minerals (No Fuels),91,2.140000104904175,-44.98714531636521,40,44,C-
GROV,Grove Collaborative Holdings Inc. Class A Common Stock,Catalog/Specialty Distribution,67,1.0399999618530273,-33.333333333333336,33,18,C+
GROW,U.S. Global Investors Inc. Class A Common Stock,Investment Managers,58,2.930000066757202,-16.569063744469503,72,32,C-
GROY,Gold Royalty Corp. Common Shares,Precious Metals,43,3.0799999237060547,-40.88291936363382,46,64,B
GRPN,Groupon Inc. Common Stock,Advertising,131,18.6299991607666,-34.81455839573427,60,18,C-
GRRR,Gorilla Technology Group Inc. Ordinary shares,Computer Software: Prepackaged Software,40,11.130000114440918,-48.89807271096497,25,,D
GRVY,GRAVITY Co. Ltd. American Depository Shares,Business Services,58,66.87000274658203,-11.029803767434633,70,69,A-
GRWG,GrowGeneration Corp. Common Stock,RETAIL: Building Materials,122,1.5,-31.818183295982895,66,8,B+
GRX,The Gabelli Healthcare & Wellness Trust Common Shares of Beneficial Interest,Finance/Investors Services,45,9.630000114440918,-3.627667402501844,66,,B
GS,Goldman Sachs Group Inc. (The) Common Stock,Investment Bankers/Brokers/Service,49,895.3200073242188,-21.905356397522937,51,89,E
GSAT,Globalstar Inc. Common Stock,Telecommunications Equipment,84,83.81999969482422,-0.7224927255083391,87,8,B-
GSBC,Great Southern Bancorp Inc. Common Stock,Major Banks,21,76.75,-5.912554902322242,75,44,C
GSBD,Goldman Sachs BDC Inc. Common Stock,Investment Managers,58,8.770000457763672,-11.280133577444495,64,33,D
GSHD,Goosehead Insurance Inc. Class A Common Stock,Specialty Insurers,112,43.5099983215332,-44.48131070988024,27,94,D-
GSIT,GSI Technology Common Stock,Semiconductors,30,4.809999942779541,-62.91441909213296,30,18,E
GSIW,Garden Stage Limited Class A Ordinary Shares,Investment Bankers/Brokers/Service,49,10.229999542236328,-71.10169745400219,8,,D
GSK,GSK plc American Depositary Shares (Each representing two Ordinary Shares),Biotechnology: Pharmaceutical Preparations,109,46.5,-21.98444270830433,45,36,D-
GSL,Global Ship Lease Inc New Class A Common Shares,Marine Transportation,3,44.58000183105469,-3.9224130064072105,85,51,E
GSM,Ferroglobe PLC Ordinary Shares,Metal Mining,110,4.239999771118164,-22.62896696345249,65,63,C
GSUN,Golden Sun Technology Group Limited Class A Ordinary Shares,Other Consumer Services,99,0.22100000083446503,-91.79962870839319,8,,B+
GT,The Goodyear Tire & Rubber Company Common Stock,Automotive Aftermarket,123,4.679999828338623,-55.59772442811435,17,8,D-
GTBP,GT Biopharma Inc. Common Stock,Biotechnology: Pharmaceutical Preparations,109,6.679999828338623,-42.56234082023699,99,8,D+
GTE,Gran Tierra Energy Inc. Common Stock,Oil & Gas Production,10,10.579999923706055,-3.90554310841692,97,38,A-
GTEC,Greenland Technologies Holding Corporation Class A Ordinary Shares,Industrial Machinery/Components,91,0.765999972820282,-48.24324574672537,64,84,B-
GTEN,Gores Holdings X Inc. Class A ordinary shares,,,10.420999526977539,-2.6074793201959823,56,99,D-
GTES,Gates Industrial Corporation plc Ordinary Shares,Industrial Machinery/Components,91,26.670000076293945,-10.623324598136863,66,87,D-
GTIM,Good Times Restaurants Inc. Common Stock,Restaurants,89,1.4600000381469727,-28.078814841192667,65,87,C
GTLB,GitLab Inc. Class A Common Stock,Computer Software: Prepackaged Software,40,55.09000015258789,0.0,96,18,B+
GTM,ZoomInfo Technologies Inc Common Stock,Computer Software: Prepackaged Software,40,3.880000114440918,-67.11864362945164,29,84,B+
GTN,Gray Media Inc. Common Stock,Broadcasting,58,4.539999961853027,-24.013097329001397,65,63,B-
GTX,Garrett Motion Inc. Common Stock,Auto Parts:O.E.M.,91,26.239999771118164,-27.358198360087204,87,85,D+
GTY,Getty Realty Corporation Common Stock,Real Estate,99,27.860000610351562,-22.602128911670928,45,66,D+
GURE,Gulf Resources Inc. (NV) Common Stock,Major Chemicals,80,2.7300000190734863,-66.66666472593738,15,90,B-
GUTS,Fractyl Health Inc. Common Stock,Medical/Dental Instruments,96,4.420000076293945,-84.45850916563492,9,18,D-
GVA,Granite Construction Incorporated Common Stock,Military/Government/Technical,103,112.5,-29.722485411277113,49,39,D+
GVH,Globavend Holdings Limited Ordinary Shares,Integrated Freight & Logistics,138,1.059999942779541,-82.27424850503976,7,,A
GWAV,Greenwave Technology Solutions Inc. Common Stock,Metal Fabrications,39,2.5,-85.75498513572171,17,26,C+
GWRE,Guidewire Software Inc. Common Stock,Computer Software: Prepackaged Software,40,167.32000732421875,-34.18557599964036,70,57,C
GWRS,Global Water Resources Inc. Common Stock,Water Supply,43,8.140000343322754,-23.201618348238195,61,43,C-
GWW,W.W. Grainger Inc. Common Stock,Office Equipment/Supplies/Services,64,1289.7900390625,-7.825879408645731,72,91,D
GXAI,Gaxos.ai Inc. Common Stock,Computer Software: Prepackaged Software,40,0.4339999854564667,-78.62069007028884,6,38,D-
GXO,GXO Logistics Inc. Common Stock,Transportation Services,90,46.560001373291016,-29.013563084476324,38,41,D
GYRE,Gyre Therapeutics Inc. Common Stock,Biotechnology: Pharmaceutical Preparations,109,7.039999961853027,-20.631341006953217,58,32,B+
GYRO,Gyrodyne LLC Common Stock,Building operators,34,4.699999809265137,-53.7401586628735,15,,E
H,Hyatt Hotels Corporation Class A Common Stock,Hotels/Resorts,74,161.94000244140625,-19.799633975169016,51,63,C-
HAE,Haemonetics Corporation Common Stock,Medical/Dental Instruments,96,118.69000244140625,-0.6528825406605154,96,47,B+
HAFC,Hanmi Financial Corporation Common Stock,Major Banks,21,30.780000686645508,-6.776540080995231,71,68,C-
HAFN,Hafnia Limited Common Shares,Transportation Services,90,10.720000267028809,-1.1981576946572314,96,96,B
HAIN,Hain Celestial Group Inc. (The) Common Stock,Packaged Foods,120,0.550000011920929,-63.333332538604736,20,18,D+
HAL,Halliburton Company Common Stock,Oilfield Services/Equipment,37,32.54999923706055,-23.59194519185859,61,52,D+
HALO,Halozyme Therapeutics Inc. Common Stock,Biotechnology: Biological Products (No Diagnostic Substances),99,110.41999816894531,-4.165946017101174,94,82,B+
HAO,Haoxi Health Technology Limited Class A Ordinary Shares,Advertising,131,2.4000000953674316,-99.9414062476717,3,,B+
HAPN,Happen Inc. Common Stock,Finance: Consumer Services,112,15.170000076293945,-29.703428498952857,35,62,D-
HAS,Hasbro Inc. Common Stock,Recreational Games/Products/Toys,67,93.31999969482422,-9.907698331549163,76,63,C+
HASI,HA Sustainable Infrastructure Capital Inc. Common Stock,Finance/Investors Services,45,36.4900016784668,-13.79281132945912,66,78,B-
HAWK,HawkEye 360 Inc. Common Stock,EDP Services,116,13.699999809265137,-60.47316829319591,11,,E
HAYW,Hayward Holdings Inc. Common Stock,Industrial Machinery/Components,91,11.350000381469727,-34.43096053352873,23,55,D
HBAN,Huntington Bancshares Incorporated Common Stock,Major Banks,21,15.319999694824219,-18.16230840779931,40,46,E
HBB,Hamilton Beach Brands Holding Company Class A Common Stock,Home Furnishings,38,34.7599983215332,-10.481594946169837,97,86,B-
HBCP,Home Bancorp Inc. Common Stock,Banks,19,65.66999816894531,-9.433186823569917,65,69,C-
HBIO,Harvard Bioscience Inc. Common Stock,Biotechnology: Laboratory Analytical Instruments,4,8.239999771118164,-3.7383251496717174,93,8,A
HBM,Hudbay Minerals Inc. Ordinary Shares (Canada),Metal Mining,110,26.1200008392334,-17.999138459415974,85,85,C-
HBNB,Hotel101 Global Holdings Corp. Class A Ordinary Shares,Hotels/Resorts,74,4.420000076293945,-55.79999923706055,35,,B-
HBNC,Horizon Bancorp Inc. Common Stock,Major Banks,21,19.260000228881836,-6.620788622476848,70,36,B-
HBT,HBT Financial Inc. Common Stock,Major Banks,21,34.95000076293945,-6.0988726042841,84,65,C
HCA,HCA Healthcare Inc. Common Stock,Hospital/Nursing Management,32,451.0899963378906,-16.808662789702932,64,61,C
HCAI,Huachen AI Parking Management Technology Holding Co. Ltd. Class A Ordinary Shares,Miscellaneous manufacturing industries,127,0.4729999899864197,-97.48538009879883,1,,E
HCAT,Health Catalyst Inc Common Stock,Computer Software: Programming Data Processing,80,1.7699999809265137,-48.84393175109763,45,88,B+
HCC,Warrior Met Coal Inc. Common Stock,Coal Mining,67,93.06999969482422,-15.532252147652759,76,97,C
HCI,HCI Group Inc. Common Stock,Property-Casualty Insurers,52,191.69000244140625,-6.22266901569154,71,74,B-
HCIC,Hennessy Capital Investment Corp. VIII Class A Ordinary Shares,,,10.039999961853027,0.0,58,,E
HCKT,Hackett Group Inc (The). Common Stock,Professional Services,47,11.130000114440918,-44.17082125163855,34,72,B-
HCM,HUTCHMED (China) Limited American Depositary Shares,Biotechnology: Pharmaceutical Preparations,109,14.100000381469727,-12.149526157534885,65,,A+
HCSG,Healthcare Services Group Inc. Common Stock,Hospital/Nursing Management,32,20.59000015258789,-18.648753113194704,61,96,D+
HCTI,Healthcare Triangle Inc. Common Stock,EDP Services,116,0.4830000102519989,-99.73255814289665,2,26,A+
HCWB,HCW Biologics Inc. Common Stock,Biotechnology: Pharmaceutical Preparations,109,1.600000023841858,-94.12628473830497,6,18,B-
HD,Home Depot Inc. (The) Common Stock,RETAIL: Building Materials,122,290.739990234375,-24.03730899329681,34,47,D-
HDB,HDFC Bank Limited Common Stock,Commercial Banks,21,22.280000686645508,-40.075307951130014,26,70,C-
HDL,SUPER HI INTERNATIONAL HOLDING LTD. American Depositary Shares,Restaurants,89,11.899999618530273,-35.149867187211726,31,42,C
HDRN,Hadron Energy Inc. Common Stock,Electric Utilities: Central,67,1.0700000524520874,-90.87030692770327,4,,C-
HDSN,Hudson Technologies Inc. Common Stock,Industrial Specialties,84,5.139999866485596,-45.951632568047316,25,36,B+
HE,Hawaiian Electric Industries Inc. Common Stock,Electric Utilities: Central,67,8.760000228881836,-48.711942224756925,17,74,E
HEI,Heico Corporation Common Stock,Aerospace,131,298.2799987792969,-20.388611821258408,42,79,C-
HEI-A,Heico Corporation,,,223.0500030517578,-19.18209173336435,41,78,D-
HELE,Helen of Troy Limited Common Stock,Home Furnishings,38,26.510000228881836,-12.276635237490474,76,39,C-
HELP,Cybin Inc. Common Stock,Biotechnology: Pharmaceutical Preparations,109,11.800000190734863,-15.834523498888109,96,,A-
HEPS,D-Market Electronic Services & Trading American Depositary Shares,Catalog/Specialty Distribution,67,2.740000009536743,-16.7173239724449,53,18,A-
HERE,Here Group Limited American Depositary Shares,Other Consumer Services,99,1.659999966621399,-78.49740917440894,14,97,B-
HESM,Hess Midstream LP Class A Representing Limited Partner Interests,Oil & Gas Production,10,32.2599983215332,-21.259464582999687,43,54,D-
HFBL,Home Federal Bancorp Inc. of Louisiana Common Stock,Savings Institutions,14,24.15999984741211,-9.951547088655888,88,54,B-
HFFG,HF Foods Group Inc. Common Stock,Food Distributors,52,1.5800000429153442,-41.26394017448695,28,47,D-
HFWA,Heritage Financial Corporation Common Stock,Banks,19,27.15999984741211,-12.370431777254131,62,52,B-
HG,Hamilton Insurance Group Ltd. Class B Common Shares,Property-Casualty Insurers,52,34.52000045776367,-7.403429216488988,80,60,B-
HGBL,Heritage Global Inc. Common Stock,Business Services,58,1.25,-20.8860780982286,45,35,C
HGTY,Hagerty Inc. Class A Common Stock,Specialty Insurers,112,14.210000038146973,0.0,78,43,B+
HGV,Hilton Grand Vacations Inc. Common Stock,Hotels/Resorts,74,34.529998779296875,-36.862315512230715,24,37,E
HHH,Howard Hughes Holdings Inc. Common Stock,Real Estate Investment Trusts,75,73.7300033569336,-17.941007669388487,56,69,C
HHS,Harte Hanks Inc. Common Stock,Advertising,131,4.449999809265137,-4.3010813333433155,95,18,B-
HIFS,Hingham Institution for Savings Common Stock,Banks,19,288.3299865722656,-13.127929738053224,55,67,D-
HIG,The Hartford Insurance Group Inc. Common Stock,Property-Casualty Insurers,52,129.11000061035156,-10.985476225718626,47,84,D-
HIHO,Highway Holdings Limited Common Stock,Metal Fabrications,39,0.8600000143051147,-46.050751697383,40,52,B+
HII,Huntington Ingalls Industries Inc. Common Stock,Marine Transportation,3,264.79998779296875,-41.11389839600065,33,68,E
HIMS,Hims & Hers Health Inc. Class A Common Stock,Medical/Nursing Services,18,30.920000076293945,-50.73294948498243,50,42,B+
HIMX,Himax Technologies Inc. American Depositary Shares,Semiconductors,30,13.300000190734863,-44.05091657244239,86,50,B-
HIND,Vyome Holdings Inc. Common Stock,Medical/Dental Instruments,96,2.0899999141693115,-66.87797253372602,25,26,B-
HIPO,Hippo Holdings Inc. Common Stock,Property-Casualty Insurers,52,33.970001220703125,-10.250983909737311,74,98,B-
HIT,Health In Tech Inc. Class A Common Stock,Specialty Insurers,112,0.7400000095367432,-78.85714258466447,11,40,E
HITI,High Tide Inc. Common Shares,Other Specialty Stores,115,2.609999895095825,-27.29805132321983,63,37,C+
HIVE,HIVE Digital Technologies Ltd. Common Shares,Finance: Consumer Services,112,2.5,-64.08045996698588,28,8,B-
HIW,Highwoods Properties Inc. Common Stock,Real Estate Investment Trusts,75,29.040000915527344,-14.220250215754715,67,36,D
HKD,AMTD Digital Inc. American Depositary Shares (every five of which represent two Class A Ordinary Shares),Finance: Consumer Services,112,1.7300000190734863,-41.355932504752005,73,,B+
HKPD,Cellyan Biotechnology Co. Ltd Class A Ordinary Shares,Other Pharmaceuticals,67,0.1120000034570694,-93.450292341605,3,,E
HL,Hecla Mining Company Common Stock,Mining & Quarrying of Nonmetallic Minerals (No Fuels),91,17.06999969482422,-46.30442254939271,63,95,C-
HLF,Herbalife Ltd. Common Shares,Other Pharmaceuticals,67,13.029999732971191,-34.71943722127959,62,32,A-
HLI,Houlihan Lokey Inc. Class A Common Stock,Investment Managers,58,130.16000366210938,-34.51989470267045,35,49,B-
HLIO,Helios Technologies Inc. Common Stock,Metal Fabrications,39,69.52999877929688,-25.027801648503257,66,83,D
HLIT,Harmonic Inc. Common Stock,Radio And Television Broadcasting And Communications Equipment,78,10.989999771118164,-35.76856002875181,54,90,B-
HLLY,Holley Inc. Common Stock,Auto Parts:O.E.M.,91,2.490000009536743,-43.280180290071236,33,65,B+
HLMN,Hillman Solutions Corp. Common Stock,Industrial Machinery/Components,91,6.96999979019165,-35.102421427091066,30,56,D+
HLN,Haleon plc American Depositary Shares (Each representing two Ordinary Shares),Package Goods/Cosmetics,34,9.319999694824219,-15.655151932403488,51,,C-
HLNE,Hamilton Lane Incorporated Class A Common Stock,Investment Managers,58,85.66999816894531,-43.20882769000922,38,86,D-
HLP,Hongli Group Inc. Ordinary Shares,Industrial Machinery/Components,91,2.5399999618530273,-0.39215649608830283,98,,A+
HLT,Hilton Worldwide Holdings Inc. Common Stock,Hotels/Resorts,74,326.55999755859375,-6.713297589197465,68,60,C
HMC,Honda Motor Company Ltd. Common Stock,Auto Manufacturing,137,32.70000076293945,-2.0077860065651154,78,,B+
HMH,HMH Holding Inc. Class A Common Stock,Oil and Gas Field Machinery,27,19.06999969482422,-21.39324190062808,53,,C
HMN,Horace Mann Educators Corporation Common Stock,Property-Casualty Insurers,52,45.560001373291016,-15.200097642202104,51,80,D-
HMR,Heidmar Maritime Holdings Corp. Common Stock,Marine Transportation,3,1.8350000381469727,-2.3936147446166123,96,64,A-
HMY,Harmony Gold Mining Company Limited,Precious Metals,43,16.8799991607666,-32.06998847950585,63,,C-
HNGE,Hinge Health Inc. Class A Common Stock,EDP Services,116,102.9000015258789,0.0,96,34,B+
HNI,HNI Corporation Common Stock,Office Equipment/Supplies/Services,64,46.86000061035156,-8.506113610884103,79,58,C+
HNNA,Hennessy Advisors Inc. Common Stock,Investment Managers,58,10.1899995803833,-2.7671753293907475,63,52,C
HNRG,Hallador Energy Company Common Stock,Electric Utilities: Central,67,13.920000076293945,-41.53716762486705,30,37,C
HNST,The Honest Company Inc. Common Stock,Catalog/Specialty Distribution,67,5.070000171661377,-14.789910349802938,93,54,A+
HNVR,Hanover Bancorp Inc. Common Stock,Major Banks,21,24.479999542236328,-11.751983618529172,66,65,A
HODO,House of Doge Inc. Common Stock,Services-Misc. Amusement & Recreation,80,0.11100000143051147,-99.42187501552205,1,,E
HOFT,Hooker Furnishings Corporation Common Stock,Home Furnishings,38,12.430000305175781,-29.70613434219217,54,69,B-
HOG,Harley-Davidson Inc. Common Stock,Motor Vehicles,123,26.899999618530273,-4.799452963021345,75,40,C
HOLO,MicroCloud Hologram Inc. Ordinary Shares,Computer Software: Programming Data Processing,80,1.4500000476837158,-71.1729624810699,21,,B-
HOMB,Home BancShares Inc. Common Stock,Major Banks,21,28.25,-10.003183978028119,56,53,B-
HON,Honeywell International Inc. Common Stock,Aerospace,131,207.72999572753906,-19.465950687140865,47,82,C
HONA,Honeywell Aerospace Inc. Common Stock,Aerospace,131,157.94000244140625,-41.492870791101055,26,,B-
HOOD,Robinhood Markets Inc. Class A Common Stock,Investment Bankers/Brokers/Service,49,109.0199966430664,-28.49272475261516,64,92,C
HOPE,Hope Bancorp Inc. Common Stock,Major Banks,21,13.279999732971191,-8.413794945026265,72,78,B-
HOUR,Hour Loop Inc. Common Stock,Catalog/Specialty Distribution,67,1.7899999618530273,-33.208958311000124,36,66,A-
HOV,Hovnanian Enterprises Inc. Class A Common Stock,Homebuilding,98,105.80000305175781,-28.295492467970252,42,32,D
HOVNP,Hovnanian Enterprises Inc Dep Shr Srs A Pfd,Homebuilding,98,18.190000534057617,-12.684610661015327,46,,E
HOVR,New Horizon Aircraft Ltd. Class A Ordinary Share,Aerospace,131,1.5499999523162842,-60.35805835572039,28,,D-
HOWL,Werewolf Therapeutics Inc. Common Stock,Biotechnology: Pharmaceutical Preparations,109,0.9800000190734863,-44.94381826824796,96,63,A-
HP,Helmerich & Payne Inc. Common Stock,Oil & Gas Production,10,39.880001068115234,-16.28882959897634,87,63,B+
HPAI,Helport AI Limited Ordinary Shares,Computer Software: Prepackaged Software,40,0.3089999854564667,-92.9452059958243,4,,D+
HPE,Hewlett Packard Enterprise Company Common Stock,Retail: Computer Software & Peripheral Equipment,13,73.45999908447266,0.0,98,57,A
HPK,HighPeak Energy Inc. Common Stock,Oil & Gas Production,10,9.550000190734863,0.0,93,39,A+
HPP,Hudson Pacific Properties Inc. Common Stock,Real Estate,99,11.970000267028809,-37.59124047668202,67,8,B-
HPQ,HP Inc. Common Stock,Computer Manufacturing,106,30.200000762939453,-14.881620201295165,89,44,C
HQ,Horizon Quantum Holdings Ltd. Class A Ordinary Shares,EDP Services,116,16.299999237060547,-57.541027621230654,88,,A-
HQH,abrdn Healthcare Investors Shares of Beneficial Interest,Finance Companies,52,19.93000030517578,-16.933041451915287,68,,E
HQI,HireQuest Inc. Common Stock (DE),Professional Services,47,17.200000762939453,-14.171656800611265,94,71,A
HQL,abrdn Life Sciences Investors Shares of Beneficial Interest,Investment Managers,58,18.149999618530273,-17.657079807021926,70,,E
HQY,HealthEquity Inc. Common Stock,Business Services,58,92.61000061035156,-13.278397025572087,59,90,C+
HR,Healthcare Realty Trust Incorporated Common Stock,Real Estate Investment Trusts,75,17.149999618530273,-20.61196375121699,47,18,E
HRB,H&R Block Inc. Common Stock,Other Consumer Services,99,44.04999923706055,-17.956353914767686,74,58,D
HRI,Herc Holdings Inc. Common Stock,Misc Corporate Leasing Services,123,123.45999908447266,-30.821357783581515,44,44,E
HRL,Hormel Foods Corporation Common Stock,Meat/Poultry/Fish,96,19.190000534057617,-26.74429136836636,34,70,D-
HRMY,Harmony Biosciences Holdings Inc. Common Stock,Biotechnology: Pharmaceutical Preparations,109,40.279998779296875,-6.0196028798738865,84,82,B-
HROW,Harrow Inc. Common Stock,Biotechnology: Pharmaceutical Preparations,109,29.360000610351562,-46.42335580454577,21,18,E
HRTG,Heritage Insurance Holdings Inc. Common Stock,Property-Casualty Insurers,52,34.83000183105469,-1.665715325778605,86,88,B+
HRTX,Heron Therapeutics Inc. Common Stock,Biotechnology: Pharmaceutical Preparations,109,0.4099999964237213,-72.48322189264988,15,18,B-
HRZN,Horizon Technology Finance Corporation Common Stock,Finance: Consumer Services,112,4.590000152587891,-21.763620168881637,53,18,D+
HSAI,Hesai Group American Depositary Share,Industrial Machinery/Components,91,16.010000228881836,-44.39041431135507,29,86,C+
HSBC,HSBC Holdings plc. Common Stock,Savings Institutions,14,92.9800033569336,-13.379411762615423,71,,E
HSCS,HeartSciences Inc. Common Stock,Industrial Specialties,84,3.180000066757202,-38.84615031925166,76,26,B
HSDT,Solana Company Class A Common Stock (DE),Biotechnology: Electromedical & Electrotherapeutic Apparatus,58,2.390000104904175,-85.84123090207765,54,8,A
HSHP,Himalaya Shipping Ltd. Common Shares,Marine Transportation,3,17.920000076293945,-7.294360336147254,95,99,B-
HSIC,Henry Schein Inc. Common Stock,Medical Specialities,15,84.01000213623047,-7.5390693683758165,69,52,C-
HSLV,Highlander Silver Corp. Common Shares,,,5.099999904632568,-23.192770976185507,44,37,C-
HST,Host Hotels & Resorts Inc. Common Stock,Real Estate Investment Trusts,75,22.649999618530273,-10.518061525561206,81,55,D+
HSTM,HealthStream Inc. Common Stock,Computer Software: Programming Data Processing,80,33.130001068115234,0.0,88,94,A
HSY,The Hershey Company Common Stock,Specialty Foods,84,162.74000549316406,-30.04885279394235,39,77,C-
HTB,HomeTrust Bancshares Inc. Common Stock,Savings Institutions,14,45.709999084472656,-11.57551353656119,59,84,C-
HTCO,High-Trend International Group Class A Ordinary Shares,Marine Transportation,3,1.2899999618530273,-96.62480397526974,4,,E
HTCR,Heartcore Enterprises Inc. Common Stock,EDP Services,116,1.7050000429153442,-88.9828567472358,8,43,D
HTFL,Heartflow Inc. Common Stock,Medical/Dental Instruments,96,49.7400016784668,-4.73088957923472,95,18,B+
HTGC,Hercules Capital Inc. Common Stock,Investment Managers,58,16.510000228881836,-7.03828819758241,66,75,B-
HTH,Hilltop Holdings Inc.,Major Banks,21,36.380001068115234,-8.569991879747397,59,64,D
HTHT,H World Group Limited American Depositary Shares,Hotels/Resorts,74,44.15999984741211,-17.597159476831447,63,92,B-
HTLD,Heartland Express Inc. Common Stock,Trucking Freight/Courier Services,58,11.119999885559082,-31.228225282765365,51,35,C
HTLM,HomesToLife Ltd Ordinary Shares,Other Specialty Stores,115,1.7170000076293945,-48.410549904358916,32,,B+
HTO,H2O America Common Stock,Water Supply,43,58.47999954223633,-9.989989220063366,66,49,E
HTOO,Fusion Fuel Green PLC Class A Ordinary Shares,Industrial Machinery/Components,91,1.909999966621399,-62.17821991124597,14,,A-
HTT,High Templar Tech Limited American depositary shares each representing one Class A ordinary share,Finance: Consumer Services,112,2.2699999809265137,-54.14141275970046,25,,D-
HTZ,Hertz Global Holdings Inc Common Stock,Rental/Leasing Companies,57,1.9199999570846558,-75.41613353198903,15,63,B-
HUBB,Hubbell Inc Common Stock,Electrical Products,8,474.1099853515625,-14.491630485108454,58,56,C
HUBC,Hub Cyber Security Ltd. Ordinary Shares,Computer Communications Equipment,6,0.9900000095367432,-99.99618497106152,5,,E
HUBG,Hub Group Inc. Class A Common Stock,Integrated Freight & Logistics,138,25.760000228881836,-50.45430143166691,15,,D
HUBS,HubSpot Inc. Common Stock,Computer Software: Prepackaged Software,40,228.3000030517578,-53.83961962674368,38,99,E
HUDI,Huadi International Group Co. Ltd. Ordinary Shares,Steel/Iron Ore,17,0.6740000247955322,-54.76509929653719,17,,A-
HUHU,HUHUTECH International Group Inc. Ordinary Shares,Metal Fabrications,39,2.940000057220459,-74.87179397308796,9,,D-
HUIZ,Huize Holding Limited American Depositary Shares,Specialty Insurers,112,1.25,-69.51219441279422,26,,A-
HUM,Humana Inc. Common Stock,Medical Specialities,15,431.8699951171875,0.0,92,46,C
HUMA,Humacyte Inc. Common Stock,Biotechnology: Biological Products (No Diagnostic Substances),99,0.4050000011920929,-77.62430861902949,10,26,E
HUN,Huntsman Corporation Common Stock,Major Chemicals,80,8.140000343322754,-48.2834503095331,23,8,D-
HURA,TuHURA Biosciences Inc. Common Stock,Biotechnology: Pharmaceutical Preparations,109,1.9600000381469727,-37.77777845056387,79,26,D
HURC,Hurco Companies Inc. Common Stock,Industrial Machinery/Components,91,21.0,-9.948540845560705,73,63,B-
HURN,Huron Consulting Group Inc. Common Stock,Professional Services,47,167.0500030517578,-9.98491141096437,86,88,A-
HUT,Hut 8 Corp. Common Stock,Finance: Consumer Services,112,84.2699966430664,-36.648628825436916,85,18,B-
HUYA,HUYA Inc. American depositary shares each  representing one Class A ordinary share,Computer Software: Programming Data Processing,80,2.259999990463257,-50.86592782535272,31,36,C-
HVMC,Highview Merger Corp. Class A Ordinary Share,,,10.289999961853027,0.0,60,,A+
HVT,Haverty Furniture Companies Inc. Common Stock,Other Specialty Stores,115,27.260000228881836,-5.155991917207792,80,58,B
HVT-A,Haverty Furniture Companies Inc.,,,27.360000610351562,-25.6630666936282,76,56,E
HWBK,Hawthorn Bancshares Inc. Common Stock,Major Banks,21,37.81999969482422,-5.6752752382477345,72,43,B-
HWC,Hancock Whitney Corporation Common Stock,Major Banks,21,72.4000015258789,-8.646248735892659,65,54,E
HWKN,Hawkins Inc. Common Stock,Specialty Chemicals,106,130.0,-25.26608946879826,38,58,B-
HWM,Howmet Aerospace Inc. Common Stock,Metal Fabrications,39,225.25999450683594,-23.027507532935577,49,98,D
HXHX,Haoxin Holdings Limited Class A Ordinary Shares,Trucking Freight/Courier Services,58,0.3190000057220459,-76.01503793768293,11,,C
HXL,Hexcel Corporation Common Stock,Major Chemicals,80,84.95999908447266,-22.825428581408147,60,80,E
HY,Hyster-Yale Inc. Class A common stock,Construction/Ag Equipment/Trucks,21,32.34000015258789,-19.218156525537356,52,8,C-
HYFM,Hydrofarm Holdings Group Inc. Common Stock,Consumer Specialties,19,0.8399999737739563,-75.14793061144911,29,8,C-
HYFT,MindWalk Holdings Corp. Common Stock,Biotechnology: Pharmaceutical Preparations,109,1.4950000047683716,-46.22302085776659,51,8,B+
HYLN,Hyliion Holdings Corp. Class A Common Stock,Construction/Ag Equipment/Trucks,21,3.8399999141693115,-52.59259588488374,93,18,B+
HYMC,Hycroft Mining Holding Corporation Class A Common Stock,Precious Metals,43,19.190000534057617,-65.57230004269805,77,26,C-
HYNE,Hoyne Bancorp Inc. Common Stock,Banks,19,16.790000915527344,-0.23766493380887876,69,34,C
HYPD,Hyperion DeFi Inc. Common Stock,Biotechnology: Pharmaceutical Preparations,109,3.4000000953674316,-59.47556667177793,43,64,B-
HYPR,Hyperfine Inc. Class A Common Stock,Biotechnology: Electromedical & Electrotherapeutic Apparatus,58,0.9309999942779541,-57.68181935913304,28,18,B
HZO,MarineMax Inc.  (FL) Common Stock,Auto & Home Supply Stores,95,52.369998931884766,-0.3614962641587782,96,63,A-
IAG,Iamgold Corporation Ordinary Shares,Precious Metals,43,18.799999237060547,-23.4839256387095,81,98,B-
IART,Integra LifeSciences Holdings Corporation Common Stock,Medical/Dental Instruments,96,13.4399995803833,-32.292194850889054,46,70,C+
IAUX,i-80 Gold Corp. Common Shares,Precious Metals,43,1.590000033378601,-23.55768789906457,80,42,B+
IBCP,Independent Bank Corporation Common Stock,Major Banks,21,35.369998931884766,-8.129872904195413,65,71,B-
IBEX,IBEX Limited Common Shares,EDP Services,116,44.52000045776367,-0.02245300203747025,87,76,B+
IBG,Innovation Beverage Group Limited Ordinary Shares,Beverages (Production/Distribution),104,0.875,-95.65756815600464,12,,C
IBIO,iBio Inc. Common Stock,Biotechnology: Pharmaceutical Preparations,109,0.8700000047683716,-71.66123701346785,14,,D
IBKR,Interactive Brokers Group Inc. Class A Common Stock,Investment Bankers/Brokers/Service,49,87.87000274658203,-10.429217069509633,74,96,C
IBM,International Business Machines Corporation Common Stock,Computer Manufacturing,106,227.1300048828125,-30.51686847556676,32,66,C+
IBN,ICICI Bank Limited Common Stock,Commercial Banks,21,27.889999389648438,-14.622035425708857,47,65,D-
IBO,Impact BioMedical Inc. Common Stock,Biotechnology: Pharmaceutical Preparations,109,4.25,-56.95512878404958,16,26,C+
IBOC,International Bancshares Corporation Common Stock,Major Banks,21,67.91999816894531,-11.867684461242034,48,54,C-
IBP,Installed Building Products Inc. Common Stock,Homebuilding,98,185.44000244140625,-45.477003472909196,25,49,D+
IBRX,ImmunityBio Inc. Common Stock,Biotechnology: Biological Products (No Diagnostic Substances),99,10.510000228881836,-9.004328525356131,99,8,B+
IBTA,Ibotta Inc. Class A Common Stock,Advertising,131,43.06999969482422,-0.48521046764241627,93,44,B-
ICCC,ImmuCell Corporation Common Stock,Biotechnology: In Vitro & In Vivo Diagnostic Substances,112,9.800000190734863,-16.38225283744549,83,55,D
ICCM,IceCure Medical Ltd. Ordinary Shares,Medical/Dental Instruments,96,1.100000023841858,-96.19640380034598,2,,E
ICE,Intercontinental Exchange Inc. Common Stock,Investment Bankers/Brokers/Service,49,156.19000244140625,-9.880352788430036,64,85,A-
ICFI,ICF International Inc. Common Stock,Professional Services,47,87.55000305175781,-9.298932013051065,69,65,C-
ICG,Intchains Group Limited American Depositary Shares,Semiconductors,30,1.1100000143051147,-48.847927406489376,36,,B+
ICHR,Ichor Holdings Ordinary Shares,Semiconductors,30,59.90999984741211,-46.642322320314435,94,58,B+
ICL,ICL Group Ltd. Ordinary Shares,Agricultural Chemicals,135,5.019999980926514,-25.0323951365673,48,60,C
ICLR,ICON plc Ordinary Shares,Biotechnology: Commercial Physical & Biological Resarch,12,164.1699981689453,-19.096195717357478,65,37,C+
ICMB,Investcorp Credit Management BDC Inc. Common Stock,Finance: Consumer Services,112,0.699999988079071,-77.34627807369202,10,26,E
ICON,Icon Energy Corp. Common stock,Marine Transportation,3,0.8700000047683716,-91.51219507543053,14,,E
ICU,SeaStar Medical Holding Corporation Common Stock,Medical/Dental Instruments,96,3.609999895095825,-43.32810109965987,41,18,B+
ICUI,ICU Medical Inc. Common Stock,Medical/Dental Instruments,96,160.32000732421875,-14.386408188019972,75,70,C
IDA,IDACORP Inc. Common Stock,Electric Utilities: Central,67,135.4199981689453,-11.84124941292961,51,55,C
IDAC,Iron Dome Acquisition I Corp. Class A Ordinary Shares,,,10.0,-0.4975143262281545,56,,E
IDAI,T Stamp Inc. Class A Common Stock,Computer Software: Prepackaged Software,40,3.380000114440918,-27.467806327977208,84,26,B+
IDCC,InterDigital Inc. Common Stock,Multi-Sector Companies,75,331.30999755859375,-15.863536434874748,71,52,B-
IDN,Intellicheck Inc. Common Stock,Computer Software: Prepackaged Software,40,2.2799999713897705,-74.63848688055987,9,91,B-
IDR,Idaho Strategic Resources Inc. Common Stock,Precious Metals,43,23.790000915527344,-54.82339349703499,18,91,E
IDT,IDT Corporation Class B Common Stock,Telecommunications Equipment,84,81.48999786376953,0.0,93,97,A-
IDXX,IDEXX Laboratories Inc. Common Stock,Biotechnology: In Vitro & In Vivo Diagnostic Substances,112,518.0,-32.435956990069094,36,84,C-
IDYA,IDEAYA Biosciences Inc. Common Stock,Biotechnology: Pharmaceutical Preparations,109,36.11000061035156,-14.995289549264957,71,18,C
IE,Ivanhoe Electric Inc. Common Stock,Metal Mining,110,10.1899995803833,-48.84538382853702,37,8,C
IEP,Icahn Enterprises L.P. Common Stock,Auto Parts:O.E.M.,91,6.559999942779541,-10.390729624245076,52,18,D-
IESC,IES Holdings Inc. Common Stock,Engineering & Construction,67,297.5199890136719,-25.054163741277545,84,87,D
IEX,IDEX Corporation Common Stock,Fluid Controls,21,234.2899932861328,-2.279869025334158,81,49,C-
IFBD,Infobird Co. Ltd Ordinary Shares,Computer Software: Prepackaged Software,40,0.9710000157356262,-27.537314063537664,42,,A+
IFF,International Flavors & Fragrances Inc. Common Stock,Major Chemicals,80,84.55000305175781,-3.5424176119151274,83,32,C-
IFRX,InflaRx N.V. Common Stock,Biotechnology: Pharmaceutical Preparations,109,1.600000023841858,-41.60583874916216,76,8,C
IFS,Intercorp Financial Services Inc. Common Shares,Commercial Banks,21,53.84000015258789,-11.272248052385825,72,,D
IGC,IGC Pharma Inc. Common Stock,Biotechnology: Pharmaceutical Preparations,109,0.2800000011920929,-33.333330968069575,42,,A
IGI,Western Asset Investment Grade Opportunity Trust Inc. Common Stock,Investment Managers,58,15.329999923706055,-5.306078832437389,50,,C+
IGIC,International General Insurance Holdings Ltd. Ordinary Share,Property-Casualty Insurers,52,24.59000015258789,-14.75808564747364,52,48,E
IH,iHuman Inc. American depositary shares each representing five Class A ordinary shares,Other Consumer Services,99,1.149999976158142,-59.12051011628593,19,39,C+
IHG,Intercontinental Hotels Group American Depositary Shares (Each representing one Ordinary Share),Hotels/Resorts,74,160.67999267578125,-7.350022955019253,74,58,B+
IHRT,iHeartMedia Inc. Class A Common Stock,Broadcasting,58,1.9199999570846558,-69.66824675788394,11,18,E
IHS,IHS Holding Limited Ordinary Shares,Telecommunications Equipment,84,8.430000305175781,-3.4364175577459077,68,38,C-
IHT,InnSuites Hospitality Trust Shares of Beneficial Interest,Investment Bankers/Brokers/Service,49,1.1100000143051147,-40.0,22,26,D+
III,Information Services Group Inc. Common Stock,Professional Services,47,5.789999961853027,-2.094344770822343,86,67,B+
IIIN,Insteel Industries Inc. Common Stock,Steel/Iron Ore,17,29.5,-22.362263949396233,42,37,E
IIIV,i3 Verticals Inc. Class A Common Stock,Computer Software: Prepackaged Software,40,15.979999542236328,-51.736637729809296,19,54,C-
IIM,Invesco Value Municipal Income Trust Common Stock,Investment Managers,58,10.850000381469727,-14.989776327032,39,,E
IIPR,Innovative Industrial Properties Inc. Common Stock,Real Estate,99,51.83000183105469,-16.960209618123613,56,67,E
IKT,Inhibikase Therapeutics Inc. Common Stock,Biotechnology: Biological Products (No Diagnostic Substances),99,1.9700000286102295,-21.825395098378884,72,1,B-
ILAG,Intelligent Living Application Group Inc. Ordinary Shares,Office Equipment/Supplies/Services,64,2.609999895095825,-59.0909114689798,16,,B-
ILLR,Triller Group Inc. Common Stock,Investment Managers,58,0.08299999684095383,-99.07982269812953,2,26,E
ILMN,Illumina Inc. Common Stock,Medical Specialities,15,278.1700134277344,-5.284479854491552,97,55,B+
ILPT,Industrial Logistics Properties Trust Common Shares of Beneficial Interest,Real Estate Investment Trusts,75,7.139999866485596,-22.847148196971613,72,26,D-
IMA,ImageneBio Inc. Common Stock,Biotechnology: Biological Products (No Diagnostic Substances),99,4.239999771118164,-51.76336985757703,19,26,E
IMAX,Imax Corporation Common Stock,Industrial Machinery/Components,91,50.79999923706055,-9.817153229605358,91,94,B-
IMCC,IM Cannabis Corp. Common Shares,Medicinal Chemicals and Botanical Products,134,1.5800000429153442,-97.39273913746041,3,26,B
IMCR,Immunocore Holdings plc American Depositary Shares,Biotechnology: Biological Products (No Diagnostic Substances),99,29.389999389648438,-26.917818530066196,41,18,D-
IMDX,Insight Molecular Diagnostics Inc. Common Stock,Biotechnology: In Vitro & In Vivo Diagnostic Substances,112,3.369999885559082,-60.259433166545286,27,8,D
IMKTA,Ingles Markets Incorporated Class A Common Stock,Food Chains,49,85.66000366210938,-9.711069871617084,64,42,E
IMMP,Immutep Limited American Depositary Shares,Biotechnology: Pharmaceutical Preparations,109,3.630000114440918,-53.46153813236094,99,,B-
IMMR,Immersion Corporation Common Stock,Computer peripheral equipment,47,7.429999828338623,-4.621311107539084,78,77,C
IMMX,Immix Biopharma Inc. Common Stock,Biotechnology: Pharmaceutical Preparations,109,9.460000038146973,-34.623359615946725,95,8,E
IMNM,Immunome Inc. Common Stock,Biotechnology: Pharmaceutical Preparations,109,19.549999237060547,-34.45096819124519,54,26,D
IMNN,Imunon Inc. Common Stock,Biotechnology: Pharmaceutical Preparations,109,1.0800000429153442,-79.23076764366324,7,26,E
IMO,Imperial Oil Limited Common Stock,Integrated oil Companies,1,123.01000213623047,-10.466413896881344,77,40,B+
IMOS,ChipMOS TECHNOLOGIES INC. American Depositary Shares,Semiconductors,30,77.7300033569336,-6.686674058539166,98,50,B-
IMPP,Imperial Petroleum Inc. Common Shares,Marine Transportation,3,5.420000076293945,-14.645666807965663,82,69,A
IMRN,Immuron Limited American Depositary Shares,Biotechnology: Pharmaceutical Preparations,109,1.0800000429153442,-54.04254950026449,53,,A+
IMRX,Immuneering Corporation Class A Common Stock,Biotechnology: Pharmaceutical Preparations,109,3.940000057220459,-52.701079312044754,23,18,D+
IMSR,Terrestrial Energy Inc. Common Stock,,,3.2799999713897705,-87.89667924273333,9,,E
IMTE,Integrated Media Technology Limited Ordinary Shares,Consumer Electronics/Appliances,104,0.47999998927116394,-56.950673976173974,28,,A+
IMTX,Immatics N.V. Ordinary Shares,Biotechnology: Biological Products (No Diagnostic Substances),99,7.429999828338623,-37.405224094585854,26,26,B-
IMUX,Immunic Inc. Common Stock,Biotechnology: Pharmaceutical Preparations,109,8.1899995803833,-51.53846292751838,28,8,D
IMVT,Immunovant Inc. Common Stock,Biotechnology: Biological Products (No Diagnostic Substances),99,30.469999313354492,-32.2286478340308,79,8,D
IMXI,International Money Express Inc. Common Stock,Business Services,58,12.670000076293945,-20.51442653808855,35,39,E
INAB,IN8bio Inc. Common Stock,Biotechnology: Biological Products (No Diagnostic Substances),99,1.340000033378601,-48.26254525925812,31,26,B+
INBK,First Internet Bancorp Common Stock,Major Banks,21,25.989999771118164,-12.994941716725917,71,67,B-
INBS,Intelligent Bio Solutions Inc. Common Stock,Medical/Dental Instruments,96,1.5299999713897705,-91.46205376743396,9,,C-
INBX,Inhibrx Biosciences Inc. Common Stock,Biotechnology: Biological Products (No Diagnostic Substances),99,95.01000213623047,-33.01607121456909,92,8,C
INCR,Intercure Ltd. Ordinary Shares,Biotechnology: Pharmaceutical Preparations,109,5.170000076293945,-38.45237724905365,65,,C
INCY,Incyte Corp. Common Stock,Biotechnology: Commercial Physical & Biological Resarch,12,112.79000091552734,-13.191713019659678,72,85,D-
INDB,Independent Bank Corp. Common Stock,Major Banks,21,77.0199966430664,-10.941985496352036,56,65,D-
INDI,indie Semiconductor Inc. Class A Common Stock,Semiconductors,30,2.5999999046325684,-56.666668256123856,19,18,D
INDO,Indonesia Energy Corporation Limited Ordinary Shares,Oil & Gas Production,10,2.740000009536743,-59.34717948688923,38,,B-
INDP,Indaptus Therapeutics Inc. Common Stock,Biotechnology: Pharmaceutical Preparations,109,2.509999990463257,-47.15789493761564,40,8,B+
INDV,Indivior Pharmaceuticals Inc. Common Stock,Biotechnology: Pharmaceutical Preparations,109,35.83000183105469,-14.343771784264147,70,97,C
INEO,INNEOVA Holdings Limited Class A Ordinary Shares,Motor Vehicles,123,0.5450000166893005,-46.56862481563465,30,,A-
INFQ,Infleqtion Inc. Common Stock,EDP Services,116,11.039999961853027,-44.43885508019455,40,,C
INFU,InfuSystems Holdings Inc. Common Stock,Medical/Dental Instruments,96,13.5600004196167,0.0,92,39,A
INFY,Infosys Limited American Depositary Shares,EDP Services,116,10.729999542236328,-45.78656465944837,28,76,C
ING,ING Group N.V. Common Stock,Commercial Banks,21,33.369998931884766,-10.464184271472154,80,,D-
INGM,Ingram Micro Holding Corporation Common Stock,Retail: Computer Software & Peripheral Equipment,13,27.719999313354492,-12.116822705414066,73,87,D
INGN,Inogen Inc Common Stock,Industrial Specialties,84,6.179999828338623,-30.94972111685388,39,18,B-
INGR,Ingredion Incorporated Common Stock,Packaged Foods,120,95.08999633789062,-19.20484982125885,39,47,D
INIO,INNIO N.V. Ordinary Shares,Metal Fabrications,39,19.790000915527344,-51.884268413333615,14,,B-
INKT,MiNK Therapeutics Inc. Common Stock,Biotechnology: Biological Products (No Diagnostic Substances),99,10.720000267028809,-28.41402341268795,40,8,C+
INLF,INLIF LIMITED Class A Ordinary Shares,Industrial Machinery/Components,91,3.0199999809265137,-99.93353873281411,8,,A-
INLX,Intellinetics Inc. Common Stock,Computer Software: Prepackaged Software,40,4.78000020980835,-59.31914715056723,19,26,C-
INM,InMed Pharmaceuticals Inc. Common Shares,Biotechnology: Pharmaceutical Preparations,109,1.3600000143051147,-42.12765661717097,65,8,A-
INMB,INmune Bio Inc. Common stock,Biotechnology: Biological Products (No Diagnostic Substances),99,1.8899999856948853,-24.701195502950647,78,26,C+
INMD,InMode Ltd. Ordinary Shares,Biotechnology: Electromedical & Electrotherapeutic Apparatus,58,14.210000038146973,-14.50060577251805,51,47,D
INN,Summit Hotel Properties Inc. Common Stock,Real Estate Investment Trusts,75,6.079999923706055,-12.848503555795354,76,63,A-
INNV,InnovAge Holding Corp. Common Stock,Medical/Nursing Services,18,9.100000381469727,-24.855486049067377,80,76,D
INO,Inovio Pharmaceuticals Inc. Common Stock,Medical/Dental Instruments,96,1.149999976158142,-56.60377604632914,34,26,D
INOD,Innodata Inc. Common Stock,EDP Services,116,62.040000915527344,-48.93827085141782,63,88,A
INR,Infinity Natural Resources Inc. Class A Common Stock,Oil & Gas Production,10,13.34000015258789,-30.629222724170003,47,40,D+
INSE,Inspired Entertainment Inc. Common Stock,Computer Software: Prepackaged Software,40,3.75,-61.81262610449474,10,63,E
INSG,Inseego Corp. Common Stock,Telecommunications Equipment,84,4.579999923706055,-77.42730548522985,8,18,B+
INSM,Insmed Incorporated Common Stock,Biotechnology: Pharmaceutical Preparations,109,100.5999984741211,-52.41474067854082,24,18,D-
INSP,Inspire Medical Systems Inc. Common Stock,Medical/Dental Instruments,96,68.88999938964844,-52.156401999082505,72,52,B
INSW,International Seaways Inc. Common Stock,Marine Transportation,3,119.81999969482422,-1.64176654491075,98,99,A
INTA,Intapp Inc. Common Stock,Computer Software: Prepackaged Software,40,39.61000061035156,-16.907904065841663,88,18,B-
INTC,Intel Corporation Common Stock,Semiconductors,30,104.69999694824219,-25.71307284334007,96,66,B-
INTG,Intergroup Corporation (The) Common Stock,Building operators,34,32.16999816894531,-34.23957609759886,62,,C+
INTJ,Intelligent Group Limited Class A Ordinary Shares,Professional Services,47,2.930000066757202,-76.37096647665474,10,,B-
INTR,Inter & Co. Inc. Class A Common Shares,Commercial Banks,21,7.679999828338623,-23.827476885704378,69,90,A-
INTS,Intensity Therapeutics Inc. Common stock,Biotechnology: Biological Products (No Diagnostic Substances),99,3.630000114440918,-88.99999965320934,14,8,D
INTT,inTest Corporation Common Stock,Electrical Products,8,14.550000190734863,-23.01587045287824,87,76,B+
INTU,Intuit Inc. Common Stock,Computer Software: Prepackaged Software,40,302.75,-55.07425905109595,27,77,C
INTZ,Intrusion Inc. Common Stock,Computer Communications Equipment,6,0.6600000262260437,-67.9611628854945,15,18,B-
INUV,Inuvo Inc.,Advertising,131,0.5199999809265137,-85.86956599202632,5,18,E
INV,Innventure Inc. Common Stock,Blank Checks,42,0.27000001072883606,-96.31147534976688,1,26,D-
INVA,Innoviva Inc. Common Stock,Biotechnology: Pharmaceutical Preparations,109,21.209999084472656,-12.500002950725019,60,36,D-
INVE,Identiv Inc. Common Stock,Computer peripheral equipment,47,2.4200000762939453,-54.253306356428666,24,18,D
INVH,Invitation Homes Inc. Common Stock,Real Estate,99,26.790000915527344,-11.435751890041601,52,67,E
INVX,Innovex International Inc. Common Stock,Oil and Gas Field Machinery,27,28.059999465942383,-11.28675241715591,80,41,C-
INVZ,Innoviz Technologies Ltd. Ordinary shares,Auto Parts:O.E.M.,91,0.30799999833106995,-87.0588242218038,7,18,B-
IONQ,IonQ Inc. Common Stock,EDP Services,116,39.88999938964844,-51.40699090123331,48,8,B+
IONR,ioneer Ltd American Depositary Shares,Mining & Quarrying of Nonmetallic Minerals (No Fuels),91,2.9200000762939453,-61.477571165115755,16,,C-
IONS,Ionis Pharmaceuticals Inc. Common Stock,Biotechnology: Pharmaceutical Preparations,109,45.279998779296875,-47.65318060196893,19,18,D-
IOR,Income Opportunity Realty Investors Inc. Common Stock,Real Estate Investment Trusts,75,17.149999618530273,-20.232559913812686,45,44,D
IOSP,Innospec Inc. Common Stock,Major Chemicals,80,95.6500015258789,-3.1098051629484758,82,61,B-
IOT,Samsara Inc. Class A Common Stock,EDP Services,116,41.54999923706055,-8.115882097681892,83,63,B+
IOTR,iOThree Limited Ordinary Shares,Telecommunications Equipment,84,1.9500000476837158,-63.41463272802748,17,,B+
IOVA,Iovance Biotherapeutics Inc. Common Stock,Biotechnology: Biological Products (No Diagnostic Substances),99,14.619999885559082,-1.3495264060969236,99,18,A+
IP,International Paper Company Common Stock,Paper,79,32.119998931884766,-32.30466428518136,33,18,E
IPAR,Interparfums Inc. Common Stock,Package Goods/Cosmetics,34,112.20999908447266,-12.083311340595415,75,51,B-
IPDN,Professional Diversity Network Inc. Common Stock,Computer Software: Programming Data Processing,80,3.5299999713897705,-34.87085015313335,99,18,B+
IPGP,IPG Photonics Corporation Common Stock,Semiconductors,30,78.2699966430664,-49.145607965224514,30,56,C-
IPHA,Innate Pharma S.A. ADS,Biotechnology: Biological Products (No Diagnostic Substances),99,1.6200000047683716,-36.094676531834615,46,,C+
IPI,Intrepid Potash Inc Common Stock,Mining & Quarrying of Nonmetallic Minerals (No Fuels),91,32.5099983215332,-33.43571208033546,52,73,C-
IPM,Intelligent Protection Management Corp. Common Stock,Computer Software: Programming Data Processing,80,1.7699999809265137,-17.674423143501137,50,8,D-
IPSC,Century Therapeutics Inc. Common Stock,Biotechnology: Biological Products (No Diagnostic Substances),99,1.4700000286102295,-50.0,67,26,D-
IPST,IP Strategy Holdings Inc. Common Stock,Beverages (Production/Distribution),104,3.009999990463257,-98.98448041415465,14,,A+
IPW,iPower Inc. Common Stock,RETAIL: Building Materials,122,0.6800000071525574,-99.96754486335433,1,,C-
IPWR,Ideal Power Inc. Common Stock,Semiconductors,30,3.609999895095825,-59.844271557230336,43,18,E
IPX,IperionX Limited American Depositary Share,Other Metals and Minerals,135,16.479999542236328,-72.58359777923825,11,,C-
IQ,iQIYI Inc. American Depositary Shares,Consumer Electronics/Video Chains,130,1.0199999809265137,-56.59574373106221,21,18,C-
IQI,Invesco Quality Municipal Income Trust Common Stock,Finance Companies,52,8.890000343322754,-12.427519196145697,43,,E
IQMX,IQM Quantum Computers Oyj American Depositary Shares,Blank Checks,42,10.229999542236328,-26.455789687592468,47,,C+
IQST,iQSTEL Inc. Common Stock,Telecommunications Equipment,84,1.0399999618530273,-83.85221412938482,15,26,B+
IQV,IQVIA Holdings Inc. Common Stock,Biotechnology: Commercial Physical & Biological Resarch,12,259.8800048828125,-5.505048627613296,86,78,A-
IR,Ingersoll Rand Inc. Common Stock,Industrial Machinery/Components,91,78.75,-20.202629066212772,50,79,D+
IRD,Opus Genetics Inc. Common Stock,Biotechnology: Pharmaceutical Preparations,109,4.650000095367432,-23.393740298779708,94,26,B+
IRDM,Iridium Communications Inc Common Stock,Telecommunications Equipment,84,47.470001220703125,-14.528547170009599,95,54,D-
IREN,IREN Limited Ordinary Shares,EDP Services,116,35.189998626708984,-53.94582261463861,30,8,C-
IRHO,Iron Horse Acquisitions II Corp. Common Stock,,,10.0600004196167,-0.1984077801659545,58,,A+
IRIX,IRIDEX Corporation Common Stock,Biotechnology: Electromedical & Electrotherapeutic Apparatus,58,0.8899999856948853,-42.94871677308388,32,18,A
IRM,Iron Mountain Incorporated (Delaware)Common Stock REIT,Real Estate Investment Trusts,75,114.51000213623047,-13.272395217096156,69,91,D
IRMD,iRadimed Corporation Common Stock,Medical/Dental Instruments,96,87.44999694824219,-16.41771780931617,48,52,D+
IRON,Disc Medicine Inc. Common Stock,Biotechnology: Pharmaceutical Preparations,109,62.060001373291016,-34.055891009669416,34,8,D-
IRS,IRSA Inversiones Y Representaciones S.A. Global Depositary Shares (Each representing ten shares of Common Stock),Homebuilding,98,13.65999984741211,-25.801195216564366,46,36,C-
IRT,Independence Realty Trust Inc. Common Stock,Real Estate Investment Trusts,75,14.770000457763672,-13.824354781649518,42,37,C
IRTC,iRhythm Holdings Inc. Common Stock,Medical/Dental Instruments,96,106.69999694824219,-43.61955247120625,27,64,C-
IRWD,Ironwood Pharmaceuticals Inc. Class A Common Stock,Biotechnology: Pharmaceutical Preparations,109,3.819999933242798,-29.128014325285577,84,68,A+
ISBA,Isabella Bank Corporation Common stock,Major Banks,21,37.290000915527344,-32.7172866469279,41,78,C-
ISOU,IsoEnergy Ltd. Common Shares,,,9.289999961853027,-29.727687033239736,40,26,C-
ISPC,iSpecimen Inc. Common Stock,Biotechnology: Commercial Physical & Biological Resarch,12,1.1299999952316284,-96.88876650681068,4,26,B+
ISPR,Ispire Technology Inc. Common Stock,Medicinal Chemicals and Botanical Products,134,1.5199999809265137,-58.69565344149762,26,8,C+
ISRG,Intuitive Surgical Inc. Common Stock,Industrial Specialties,84,423.9599914550781,-28.487811602579317,46,77,A-
ISTR,Investar Holding Corporation Common Stock,Major Banks,21,28.81999969482422,-6.948396012385549,66,57,B-
IT,Gartner Inc. Common Stock,Other Consumer Services,99,191.14999389648438,-25.95964521263423,73,80,B-
ITG,ITG Inc. Class A Common Stock,Water Sewer Pipeline Comm & Power Line Construction,126,7.570000171661377,-57.25578451159594,10,,B-
ITGR,Integer Holdings Corporation Common Stock,Biotechnology: Electromedical & Electrotherapeutic Apparatus,58,126.61000061035156,-0.03158382553921646,89,71,A
ITIC,Investors Title Company Common Stock,Specialty Insurers,112,296.95001220703125,-2.7992983898108115,77,68,D
ITOC,iTonic Holdings Ltd Class A Ordinary Shares,Biotechnology: Electromedical & Electrotherapeutic Apparatus,58,4.065000057220459,-71.8334256368297,19,,A+
ITP,IT Tech Packaging Inc. Common Stock,Containers/Packaging,102,0.15000000596046448,-55.8823516521487,24,36,B+
ITRG,Integra Resources Corp. Common Shares,Precious Metals,43,2.630000114440918,-43.07358918640638,50,45,B+
ITRI,Itron Inc. Common Stock,Electrical Products,8,85.58000183105469,-38.06628573801173,40,60,B-
ITRN,Ituran Location and Control Ltd. Ordinary Shares,Electronic Components,2,52.220001220703125,-19.92193166938563,76,91,D-
ITT,ITT Inc. Common Stock,Fluid Controls,21,201.3699951171875,-8.81018253671073,65,46,C+
ITW,Illinois Tool Works Inc. Common Stock,Industrial Machinery/Components,91,264.1300048828125,-10.587213400390938,59,52,D
IVA,Inventiva S.A. American Depository Shares,Biotechnology: Pharmaceutical Preparations,109,3.1600000858306885,-55.80419519325477,18,,D
IVDA,Iveda Solutions Inc. Common Stock,Computer Software: Prepackaged Software,40,0.27000001072883606,-80.85106261556855,20,8,B+
IVF,INVO Fertility Inc. Common Stock,Medical/Dental Instruments,96,0.7279999852180481,-98.70000002639634,7,38,B-
IVR,INVESCO MORTGAGE CAPITAL INC Common Stock,Real Estate Investment Trusts,75,5.699999809265137,-30.378778542405716,28,99,E
IVT,InvenTrust Properties Corp. Common Stock,Real Estate Investment Trusts,75,29.780000686645508,-18.252455782922695,49,46,E
IVVD,Invivyd Inc. Common Stock,Biotechnology: Biological Products (No Diagnostic Substances),99,0.7210000157356262,-74.96527822619234,14,8,D
IVZ,Invesco Ltd Common Stock,Investment Managers,58,29.510000228881836,-11.407988555221548,75,84,D-
IX,ORIX Corporation American Depositary Shares,Diversified Financial Services,45,36.95000076293945,-10.554346321495212,76,,E
IXHL,Incannex Healthcare Inc. Common Stock,Biotechnology: Pharmaceutical Preparations,109,3.0999999046325684,-78.4272795454378,19,,B
IZEA,IZEA Worldwide Inc. Common Stock,Advertising,131,2.299999952316284,-59.649122293342536,14,18,E
IZM,ICZOOM Group Inc. Class A Ordinary Shares,Consumer Electronics/Video Chains,130,0.8899999856948853,-65.76923006385033,97,,B
J,Jacobs Solutions Inc. Common Stock,Military/Government/Technical,103,139.14999389648438,-14.477935946798393,64,74,D
JACK,Jack In The Box Inc. Common Stock,Restaurants,89,12.699999809265137,-46.00340322241355,29,34,C
JAGU,Jaguar Uranium Corp. Class A Common Shares,,,1.0700000524520874,-73.24999868869781,10,26,D-
JAGX,Jaguar Health Inc. Common Stock,Biotechnology: Pharmaceutical Preparations,109,4.789999961853027,-99.60331263255875,1,26,C+
JAKK,JAKKS Pacific Inc. Common Stock,Recreational Games/Products/Toys,67,28.229999542236328,0.0,90,77,A
JAN,Janus Living Inc. Class A-1 Common Stock,Real Estate Investment Trusts,75,28.149999618530273,-11.228198703854241,72,,C+
JANX,Janux Therapeutics Inc. Common Stock,Biotechnology: Pharmaceutical Preparations,109,18.389999389648438,-47.06390759604576,73,18,B
JAZZ,Jazz Pharmaceuticals plc Common Stock (Ireland),Biotechnology: Pharmaceutical Preparations,109,218.4199981689453,-16.51249818611593,80,84,E
JBDI,JBDI Holdings Limited Ordinary Shares,,,1.0,-76.41509306647245,19,,C+
JBGS,JBG SMITH Properties Common Shares,Real Estate Investment Trusts,75,10.920000076293945,-47.099508428218606,20,18,C
JBHT,J.B. Hunt Transport Services Inc. Common Stock,Trucking Freight/Courier Services,58,229.25999450683594,-23.04323654755859,67,82,C+
JBI,Janus International Group Inc. Common Stock,Building Products,80,4.179999828338623,-59.05974718196714,19,66,C-
JBIO,Jade Biosciences Inc. Common Stock,Biotechnology: Pharmaceutical Preparations,109,14.390000343322754,-46.40595851442193,50,14,C-
JBK,Lehman ABS 3.50 3.50% Adjustable Corp Backed Tr Certs GS Cap I,Finance: Consumer Services,112,25.5,-5.42499508709321,60,,D
JBL,Jabil Inc. Common Stock,Electrical Products,8,306.2799987792969,-20.55955731995187,77,89,B-
JBLU,JetBlue Airways Corporation Common Stock,Air Freight/Delivery Services,91,3.8399999141693115,-40.557277221459564,25,18,E
JBS,JBS N.V. Class A Common Shares,Meat/Poultry/Fish,96,12.979999542236328,-23.886736125262587,59,36,C+
JBSS,John B. Sanfilippo & Son Inc. Common Stock,Specialty Foods,84,67.0,-24.303397580194364,42,53,E
JBTM,JBT Marel Corporation Common Stock,Industrial Machinery/Components,91,107.08000183105469,-36.325988018105946,25,60,D-
JCAP,Jefferson Capital Inc. Common Stock,Finance Companies,52,19.93000030517578,-16.05447871568669,65,49,B+
JCI,Johnson Controls International plc Ordinary Share,Industrial Machinery/Components,91,157.44000244140625,-0.8314387195149764,84,71,B+
JCSE,JE Cleantech Holdings Limited Ordinary Shares,Miscellaneous manufacturing industries,127,1.3899999856948853,-23.57038327402803,69,,B+
JCTC,Jewett-Cameron Trading Company Common Shares,RETAIL: Building Materials,122,2.9100000858306885,-16.61890894329948,81,26,B+
JD,JD.com Inc. American Depositary Shares,Other Specialty Stores,115,27.09000015258789,-19.780871230755515,42,74,C-
JEF,Jefferies Financial Group Inc. Common Stock,Investment Bankers/Brokers/Service,49,44.380001068115234,-31.49595816207251,35,66,E
JELD,JELD-WEN Holding Inc. Common Stock,Forest Products,52,1.5399999618530273,-68.24742284258465,58,18,B-
JEM,707 Cayman Holdings Limited Ordinary Shares,Clothing/Shoe/Accessory Stores,56,3.609999895095825,-96.05205621313377,5,,B-
JF,J and Friends Holdings Limited American Depositary Shares,Computer Software: Programming Data Processing,80,1.0199999809265137,-16.393446147009282,67,,C+
JFIN,Jiayin Group Inc. American Depositary Shares,Finance: Consumer Services,112,1.3450000286102295,-87.63786751412783,5,36,E
JFU,9F Inc. American Depositary Shares,Finance: Consumer Services,112,2.75,-67.39774910260212,46,,A-
JG,Aurora Mobile Limited American Depositary Shares,Computer Software: Programming Data Processing,80,7.099999904632568,-18.202768951529613,85,99,B
JHS,John Hancock Income Securities Trust Common Stock,Finance Companies,52,10.170000076293945,-10.365847764583991,44,,E
JHX,James Hardie Industries plc. Ordinary Shares,Building Materials,120,25.1200008392334,-19.17631627768026,73,44,E
JILL,J. Jill Inc. Common Stock,Apparel,116,24.510000228881836,-1.3285021001566921,95,68,B+
JJSF,J & J Snack Foods Corp. Common Stock,Specialty Foods,84,81.12999725341797,-15.0998104293252,53,61,B-
JKHY,Jack Henry & Associates Inc. Common Stock,EDP Services,116,149.30999755859375,-21.560947705882295,50,49,B-
JKS,JinkoSolar Holding Company Limited American Depositary Shares (each representing 4 Common Shares),Semiconductors,30,8.880000114440918,-68.53072512300128,9,18,E
JL,J-Long Group Limited Class A Ordinary Shares,Clothing/Shoe/Accessory Stores,56,4.670000076293945,-35.541750861828056,28,,B-
JLHL,Julong Holding Limited Class A Ordinary Shares,Military/Government/Technical,103,4.389999866485596,-90.20089298828829,29,,B-
JLL,Jones Lang LaSalle Incorporated Common Stock,Real Estate,99,299.8699951171875,-23.656409635253606,47,82,E
JMIA,Jumia Technologies AG American Depositary Shares each representing two Ordinary Shares,Catalog/Specialty Distribution,67,6.28000020980835,-56.986301056684184,24,1,C-
JMSB,John Marshall Bancorp Inc. Common Stock,Major Banks,21,22.799999237060547,-4.080779141871272,73,60,C-
JNJ,Johnson & Johnson Common Stock,Biotechnology: Pharmaceutical Preparations,109,261.44000244140625,-6.102068987287246,78,55,D-
JOB,GEE Group Inc. Common Stock,Diversified Commercial Services,77,0.20999999344348907,-22.2222277411706,53,63,A-
JOBY,Joby Aviation Inc. Common Stock,Aerospace,131,5.440000057220459,-69.9613480183375,12,8,E
JOE,St. Joe Company (The) Common Stock,Homebuilding,98,64.86000061035156,-10.256954314635081,71,67,D+
JOUT,Johnson Outdoors Inc. Class A Common Stock,Recreational Games/Products/Toys,67,42.7599983215332,-18.89392102204014,49,51,C
JOYY,JOYY Inc. American Depositary Shares,EDP Services,116,81.05000305175781,-0.3442748960937103,87,59,A-
JPM,JP Morgan Chase & Co. Common Stock,Major Banks,21,332.989990234375,-8.359917546386875,64,82,D
JRSH,Jerash Holdings (US) Inc. Common Stock,Apparel,116,6.150000095367432,0.0,96,73,B+
JRVR,James River Group Holdings Inc. Common Stock,Property-Casualty Insurers,52,3.630000114440918,-48.74988740362659,19,81,D
JSPR,Jasper Therapeutics Inc. Common Stock,Biotechnology: Biological Products (No Diagnostic Substances),99,0.5699999928474426,-78.07692254788775,16,8,C+
JTAI,Jet.AI Inc. Common Stock,Transportation Services,90,1.5700000524520874,-97.37968981687514,96,8,A-
JUNS,Jupiter Neurosciences Inc. Common Stock,Biotechnology: Pharmaceutical Preparations,109,2.8499999046325684,-97.76470595715092,2,26,A+
JVA,Coffee Holding Co. Inc. Common Stock,Packaged Foods,120,4.630000114440918,-5.894308076342014,81,86,A-
JWEL,Jowell Global Ltd. Ordinary Shares,Other Consumer Services,99,2.444999933242798,-38.875001668930054,84,,B-
JXG,JX Luxventure Group Inc. Common Stock,Apparel,116,7.150000095367432,-53.72168165931186,53,,A-
JXN,Jackson Financial Inc. Class A Common Stock,Life Insurance,28,129.7100067138672,-7.162996492459673,80,56,B-
JYD,Jayud Global Logistics Limited Class A Ordinary Shares,Integrated Freight & Logistics,138,0.9210000038146973,-86.45588267674495,17,,B-
JYNT,The Joint Corp. Common Stock,Multi-Sector Companies,75,7.039999961853027,-33.143398476928645,27,40,D
JZ,Jianzhi Education Technology Group Company Limited American Depositary Shs,Other Consumer Services,99,1.2799999713897705,-98.62365594474218,2,,A
JZXN,Jiuzi Holdings Inc. Ordinary Shares,Retail-Auto Dealers and Gas Stations,110,1.1100000143051147,-92.95685280339701,18,,A+
KAI,Kadant Inc Common Stock,Industrial Machinery/Components,91,260.42999267578125,-24.843833624387113,36,91,D-
KALA,KALA BIO Inc. Common Stock,Biotechnology: Pharmaceutical Preparations,109,0.2939999997615814,-99.62064516159796,2,26,D-
KALU,Kaiser Aluminum Corporation Common Stock,Metal Fabrications,39,151.50999450683594,-22.22116386740085,83,96,E
KAPA,Kairos Pharma Ltd. Common Stock,Biotechnology: Pharmaceutical Preparations,109,0.8100000023841858,-91.23376599081706,3,26,E
KARD,Kardigan Inc. Common Stock,Biotechnology: Pharmaceutical Preparations,109,14.670000076293945,-43.35907223026278,17,,D-
KARO,Karooooo Ltd. Ordinary Shares,Computer Software: Prepackaged Software,40,61.08000183105469,-11.10463885181775,80,65,D-
KAZR,Skyline Builders Group Holding Limited Class A Ordinary Shares,Engineering & Construction,67,2.1600000858306885,-55.09355277491967,21,,B
KB,KB Financial Group Inc,Commercial Banks,21,123.06999969482422,-7.3826044758500515,82,70,B-
KBDC,Kayne Anderson BDC Inc. Common Stock,,,12.449999809265137,-13.469206626963215,48,45,C
KBH,KB Home Common Stock,Homebuilding,98,43.130001068115234,-34.399081910873086,27,39,E
KBON,Karbon Capital Partners Corp. Class A Ordinary Shares,Blank Checks,42,10.119999885559082,-0.29556388274559753,57,,B-
KBR,KBR Inc. Common Stock,Military/Government/Technical,103,35.34000015258789,-20.54687010207705,42,82,B-
KBSX,FST Corp. Ordinary Shares,Recreational Games/Products/Toys,67,1.4600000381469727,-15.11627826386366,85,18,B-
KC,Kingsoft Cloud Holdings Limited American Depositary Shares,Computer Software: Prepackaged Software,40,9.260000228881836,-49.14881551653853,27,18,D-
KD,Kyndryl Holdings Inc. Common Stock,EDP Services,116,11.75,-60.51747342193659,23,44,C+
KDK,Kodiak AI Inc. Common Stock,EDP Services,116,1.6699999570846558,-84.7069602068041,4,18,E
KDP,Keurig Dr Pepper Inc. Common Stock,Beverages (Production/Distribution),104,31.760000228881836,-4.506597729040629,76,45,C
KE,Kimball Electronics Inc. Common Stock,Electrical Products,8,28.68000030517578,-8.604203084130546,70,57,B-
KEEL,Keel Infrastructure Corp. Common Stock,Finance: Consumer Services,112,3.049999952316284,-54.20420387094409,44,26,C
KELYA,Kelly Services Inc. Class A Common Stock,Professional Services,47,15.59000015258789,-9.780095294577729,90,33,B-
KELYB,Kelly Services Inc. Class B Common Stock,Professional Services,47,22.190000534057617,-40.79769764461981,93,33,C
KEN,Kenon Holdings Ltd. Ordinary Shares,Electric Utilities: Central,67,59.84000015258789,-37.3665484831887,49,73,C-
KEP,Korea Electric Power Corporation Common Stock,Electric Utilities: Central,67,11.029999732971191,-52.57953729821855,32,53,E
KEQU,Kewaunee Scientific Corporation Common Stock,Medical Specialities,15,33.790000915527344,-26.68691515803764,40,52,E
KEX,Kirby Corporation Common Stock,Marine Transportation,3,136.25,-10.708432223635311,74,85,D-
KEY,KeyCorp Common Stock,Major Banks,21,19.969999313354492,-15.95974331115384,49,57,E
KEYS,Keysight Technologies Inc. Common Stock,Industrial Machinery/Components,91,382.75,-1.3607192216857467,93,93,B-
KFFB,Kentucky First Federal Bancorp Common Stock,Savings Institutions,14,5.75,-8.567442428258765,87,72,B+
KFRC,Kforce Inc. Common Stock,Professional Services,47,51.279998779296875,-14.505396381212831,91,58,C+
KFY,Korn Ferry Common Stock,Diversified Commercial Services,77,71.66000366210938,-16.345501623103655,64,54,E
KG,Kestrel Group Ltd.,Property-Casualty Insurers,52,4.909999847412109,-81.28811017438939,9,42,C
KGC,Kinross Gold Corporation Common Stock,Precious Metals,43,23.739999771118164,-37.393888838086106,39,96,C-
KGEI,Kolibri Global Energy Inc. Common stock,Oil & Gas Production,10,6.449999809265137,-6.250004331732828,89,79,A-
KGS,Kodiak Gas Services Inc. Common Stock,Natural Gas Distribution,28,53.470001220703125,-29.364162362385283,72,83,C-
KHC,The Kraft Heinz Company Common Stock,Packaged Foods,120,22.270000457763672,-18.080975403722878,47,18,B-
KIDS,OrthoPediatrics Corp. Common Stock,Medical/Dental Instruments,96,21.649999618530273,-18.30188823196123,77,8,C-
KIDZ,KIDZ AI Inc. Class B Common Stock,Other Consumer Services,99,2.0999999046325684,-99.97307692429959,2,26,E
KIM,Kimco Realty Corporation (HC) Common Stock,Real Estate Investment Trusts,75,22.15999984741211,-15.002005659742801,54,72,D-
KINS,Kingstone Companies Inc. Common Stock,Property-Casualty Insurers,52,18.489999771118164,-10.826812359696502,68,53,B-
KITT,Nauticus Robotics Inc. Common stock,Industrial Machinery/Components,91,1.4800000190734863,-99.05995935205584,2,26,E
KKR,KKR & Co. Inc. Common Stock,Investment Managers,58,90.94999694824219,-35.93334401021541,36,90,D-
KLAC,KLA Corporation Common Stock,Electronic Components,2,195.57000732421875,-35.106206199303294,84,86,D
KLAR,Klarna Group plc Ordinary Shares,Finance: Consumer Services,112,14.0600004196167,-65.95641481997907,18,,D+
KLC,KinderCare Learning Companies Inc. Common Stock,Other Consumer Services,99,1.8700000047683716,-69.78998404713955,8,18,E
KLIC,Kulicke and Soffa Industries Inc. Common Stock,Semiconductors,30,92.01000213623047,-31.060660886020475,90,76,B-
KLRA,Kailera Therapeutics Inc. Common Stock,Biotechnology: Pharmaceutical Preparations,109,11.609999656677246,-55.34615516662598,10,,C
KLRS,Kalaris Therapeutics Inc. Common Stock,Biotechnology: Biological Products (No Diagnostic Substances),99,2.359999895095825,-78.5063752870143,8,26,E
KLTR,Kaltura Inc. Common Stock,Computer Software: Prepackaged Software,40,1.3200000524520874,-30.158726854869755,55,18,B-
KLXE,KLX Energy Services Holdings Inc. Common Stock,Oilfield Services/Equipment,37,1.3200000524520874,-69.08664968739248,13,18,B-
KMB,Kimberly-Clark Corporation Common Stock,Containers/Packaging,102,97.58999633789062,-15.52542961202028,46,44,E
KMDA,Kamada Ltd. Ordinary Shares,Biotechnology: Pharmaceutical Preparations,109,8.079999923706055,-8.90642584042416,73,85,B-
KMI,Kinder Morgan Inc. Common Stock,Natural Gas Distribution,28,32.4900016784668,-4.419455741195222,70,84,B+
KMPR,Kemper Corporation,Property-Casualty Insurers,52,26.950000762939453,-44.25266626891374,29,42,B+
KMRK,K-Tech Solutions Company Limited Class A Ordinary Shares,Recreational Games/Products/Toys,67,1.1799999475479126,-71.97149793691479,44,,A+
KMT,Kennametal Inc. Common Stock,Industrial Machinery/Components,91,31.920000076293945,-25.357917109969918,67,95,B-
KMTS,Kestra Medical Technologies Ltd. Common Stock,Medical/Dental Instruments,96,26.979999542236328,-5.200279655117046,78,18,C
KMX,CarMax Inc,Retail-Auto Dealers and Gas Stations,110,52.61000061035156,-18.0784808309981,69,42,C
KN,Knowles Corporation Common Stock,Consumer Electronics/Appliances,104,37.560001373291016,-12.242985881252578,88,81,B-
KNDI,Kandi Technologies Group Inc. Ordinary Shares,Auto Manufacturing,137,0.6100000143051147,-51.96850208926016,25,35,A
KNF,Knife Riv Holding Co. Common Stock,Mining & Quarrying of Nonmetallic Minerals (No Fuels),91,49.84000015258789,-46.96179684457924,17,48,C-
KNRX,KNOREX LTD. Class A Ordinary Shares,Computer Software: Programming Data Processing,80,0.18799999356269836,-92.53968273866504,4,,A+
KNSA,Kiniksa Pharmaceuticals International plc Class A Ordinary Shares,Biotechnology: Pharmaceutical Preparations,109,79.77999877929688,-1.4087980912559361,95,87,B
KNSL,Kinsale Capital Group Inc. Common Stock,Property-Casualty Insurers,52,336.9800109863281,-29.07752672881445,39,94,D+
KNTK,Kinetik Holdings Inc. Class A Common Stock,Natural Gas Distribution,28,53.459999084472656,-2.976405508284541,85,89,C
KNX,Knight-Swift Transportation Holdings Inc.,Trucking Freight/Courier Services,58,64.47000122070312,-21.58171194056915,67,50,D-
KO,Coca-Cola Company (The) Common Stock,Beverages (Production/Distribution),104,88.05000305175781,-3.711911569965509,79,65,B-
KOD,Kodiak Sciences Inc Common Stock,Biotechnology: Biological Products (No Diagnostic Substances),99,99.87000274658203,0.0,99,18,B-
KODK,Eastman Kodak Company Common New,Industrial Machinery/Components,91,9.210000038146973,-36.52653416355797,71,63,C-
KOP,Koppers Holdings Inc. Common Stock,Forest Products,52,43.40999984741211,-16.884181258491683,84,33,B-
KOPN,Kopin Corporation Common Stock,Semiconductors,30,4.460000038146973,-30.203440824171636,90,43,B-
KOS,Kosmos Energy Ltd. Common Shares (DE),Oil & Gas Production,10,2.640000104904175,-19.266051366882152,93,35,C
KOSS,Koss Corporation Common Stock,Consumer Electronics/Appliances,104,3.8399999141693115,-29.927009109416993,44,63,A-
KPET,KPET Ultra Paceline Corporation Class A Ordinary Shares,,,10.020000457763672,-0.9881366494688071,56,,E
KPLT,Katapult Holdings Inc. Common Stock,Diversified Commercial Services,77,4.699999809265137,-69.30111247258341,14,34,B-
KPRX,Kiora Pharmaceuticals Inc.  Common Stock,Biotechnology: Pharmaceutical Preparations,109,2.5399999618530273,-11.188809265046363,63,8,B
KPTI,Karyopharm Therapeutics Inc. Common Stock,Biotechnology: Pharmaceutical Preparations,109,0.6050000190734863,-94.3298967690015,1,18,E
KR,Kroger Company (The) Common Stock,Food Chains,49,61.63999938964844,-17.47370567186084,55,66,B-
KRC,Kilroy Realty Corporation Common Stock,Real Estate Investment Trusts,75,34.25,-16.03961714486154,50,44,C
KREF,KKR Real Estate Finance Trust Inc. Common Stock,Real Estate Investment Trusts,75,5.96999979019165,-26.145671445137253,33,26,E
KRG,Kite Realty Group Trust Common Stock,Real Estate Investment Trusts,75,23.90999984741211,-18.868716799422593,50,91,E
KRKR,36Kr Holdings Inc. American Depositary Shares,Business Services,58,3.052999973297119,-54.02108381497598,31,35,B-
KRMD,KORU Medical Systems Inc. Common Stock (DE),Medical/Dental Instruments,96,2.9600000381469727,-54.60122627598003,18,38,C
KRMN,Karman Holdings Inc. Common Stock,Military/Government/Technical,103,32.59000015258789,-71.73215379149273,11,96,D-
KRNT,Kornit Digital Ltd. Ordinary Shares,Industrial Machinery/Components,91,18.299999237060547,0.0,82,18,A-
KRNY,Kearny Financial Corp Common Stock,Savings Institutions,14,9.069999694824219,-10.46397243476439,77,47,C-
KRO,Kronos Worldwide Inc Common Stock,Major Chemicals,80,7.610000133514404,-14.098916147425822,86,63,B-
KROS,Keros Therapeutics Inc. Common Stock,Biotechnology: Pharmaceutical Preparations,109,11.949999809265137,-45.283884039491895,43,42,B-
KRRO,Korro Bio Inc. Common Stock,Biotechnology: Pharmaceutical Preparations,109,10.15999984741211,-80.21806906800471,22,26,C
KRT,Karat Packaging Inc. Common Stock,Plastic Products,8,54.58000183105469,-0.1828794322658922,97,87,A+
KRUS,Kura Sushi USA Inc. Class A Common Stock,Restaurants,89,40.529998779296875,-48.883846246292705,22,31,E
KRYS,Krystal Biotech Inc. Common Stock,Biotechnology: Biological Products (No Diagnostic Substances),99,331.6099853515625,-12.307287927039301,84,84,D
KSCP,Knightscope Inc. Class A Common Stock,Telecommunications Equipment,84,0.6200000047683716,-91.19318170272861,4,26,E
KSPI,Joint Stock Company Kaspi.kz American Depository Shares,,,92.98999786376953,-12.614032647536233,80,66,D
KSS,Kohl's Corporation Common Stock,Department/Specialty Retail Stores,21,20.350000381469727,-15.15260030758716,85,66,A-
KT,KT Corporation Common Stock,Telecommunications Equipment,84,18.299999237060547,-25.427878751701773,50,47,D
KTB,Kontoor Brands Inc. Common Stock,Garments and Clothing,64,65.62000274658203,-25.03568693670727,38,44,C
KTCC,Key Tronic Corporation Common Stock,Electrical Products,8,2.119999885559082,-50.23474714423808,17,18,C
KTF,DWS Municipal Income Trust,Finance Companies,52,8.069999694824219,-11.207414331290256,43,,E
KTN,Structured Products Corp 8.205% CorTS 8.205% Corporate Backed Trust Securities (CorTS),Finance: Consumer Services,112,25.68000030517578,-0.07782279054447949,62,,C
KTOS,Kratos Defense & Security Solutions Inc. Common Stock,Military/Government/Technical,103,42.36000061035156,-67.59485907681993,16,93,D-
KTTA,Pasithea Therapeutics Corp. Common Stock,Biotechnology: Pharmaceutical Preparations,109,0.46799999475479126,-68.16326628256948,23,8,B-
KULR,KULR Technology Group Inc. Common Stock,Electrical Products,8,2.4600000381469727,-53.584906610996086,29,34,C-
KURA,Kura Oncology Inc. Common Stock,Biotechnology: Pharmaceutical Preparations,109,10.600000381469727,-22.001469739121305,67,18,C
KUST,Kustom Entertainment Inc. Common Stock,Radio And Television Broadcasting And Communications Equipment,78,3.9700000286102295,-98.7515723180471,3,26,A-
KVHI,KVH Industries Inc. Common Stock,Radio And Television Broadcasting And Communications Equipment,78,6.590000152587891,-43.62702832217028,35,32,E
KVUE,Kenvue Inc. Common Stock,Specialty Chemicals,106,17.700000762939453,-8.669486789703084,63,75,D
KVYO,Klaviyo Inc. Series A Common Stock,Computer Software: Prepackaged Software,40,17.31999969482422,-47.92543424871162,36,18,B-
KWR,Quaker Houghton Common Stock,Major Chemicals,80,155.9499969482422,-13.009981220312028,74,63,C
KWY,Kingsway Corporation Common Stock,Property-Casualty Insurers,52,9.399999618530273,-41.72349592308643,32,26,D+
KXIN,Kaixin Holdings Ordinary Shares,Retail-Auto Dealers and Gas Stations,110,1.350000023841858,-99.83333333038989,2,,A
KYIV,Kyivstar Group Ltd. Common Shares,Telecommunications Equipment,84,12.100000381469727,-25.170066021156355,44,40,D+
KYMR,Kymera Therapeutics Inc. Common Stock,Biotechnology: Biological Products (No Diagnostic Substances),99,112.4000015258789,-11.71156729136893,89,8,B-
KYNB,Kyntra Bio Inc. Common Stock,Biotechnology: Pharmaceutical Preparations,109,6.110000133514404,-45.3488375068668,24,99,C-
KYTX,Kyverna Therapeutics Inc. Common Stock,Biotechnology: Biological Products (No Diagnostic Substances),99,6.389999866485596,-43.2000011867947,29,8,E
KZIA,Kazia Therapeutics Limited American Depositary Shares,Biotechnology: Pharmaceutical Preparations,109,8.930000305175781,-47.15976031511657,52,,D+
L,Loews Corporation Common Stock,Property-Casualty Insurers,52,106.69000244140625,-10.594800446946973,51,66,D
LAB,Standard BioTools Inc. Common Stock,Biotechnology: Laboratory Analytical Instruments,4,0.6899999976158142,-58.928570288176395,19,18,C
LABT,Lakewood-Amedex Biotherapeutics Inc. Common Stock,Biotechnology: Pharmaceutical Preparations,109,0.7799999713897705,-99.09826592902917,2,26,C-
LAC,Lithium Americas Corp. Common Shares,Metal Mining,110,2.3499999046325684,-76.61691681559326,13,26,D
LAD,Lithia Motors Inc. Common Stock,Retail-Auto Dealers and Gas Stations,110,290.239990234375,-31.977720387950658,47,51,C-
LADR,Ladder Capital Corp Class A Common Stock,Real Estate Investment Trusts,75,8.770000457763672,-16.057612006484256,42,78,E
LAES,SEALSQ Corp Ordinary Shares,Semiconductors,30,2.109999895095825,-72.41830236873375,21,,C+
LAKE,Lakeland Industries Inc. Common Stock,Industrial Specialties,84,9.960000038146973,-42.38461799019419,45,37,D-
LAMR,Lamar Advertising Company Class A Common Stock,Real Estate Investment Trusts,75,146.47000122070312,-9.855235839966825,70,54,C+
LAND,Gladstone Land Corporation Common Stock,Real Estate Investment Trusts,75,9.479999542236328,-21.390691623524006,67,8,C+
LANV,Lanvin Group Holdings Limited Ordinary Shares,Apparel,116,0.9399999976158142,-58.407079575998935,15,,C-
LAR,Lithium Argentina AG Common Shares,Metal Mining,110,5.269999980926514,-55.30110264649881,30,64,E
LARK,Landmark Bancorp Inc. Common Stock,Major Banks,21,31.15999984741211,-6.510656658952573,76,75,C-
LASE,Laser Photonics Corporation Common Stock,Industrial Machinery/Components,91,0.7400000095367432,-83.40807167696357,11,26,E
LASR,nLIGHT Inc. Common Stock,Semiconductors,30,38.47999954223633,-54.70276524473427,28,18,D-
LAUR,Laureate Education Inc. Common Stock,Other Consumer Services,99,39.470001220703125,-2.446855872889686,74,89,D
LAW,CS Disco Inc. Common Stock,Computer Software: Prepackaged Software,40,4.420000076293945,-50.3928153536644,49,8,A-
LAZ,Lazard Inc. Common Stock,Investment Managers,58,36.75,-34.07095074219002,32,36,E
LB,LandBridge Company LLC Class A Shares Representing Limited Liability Company Interests,Oil & Gas Production,10,86.25,-3.7264592050391787,90,89,C-
LBGJ,Li Bang International Corporation Class A Ordinary Shares,Industrial Machinery/Components,91,1.8700000047683716,-99.99083333330996,1,,A
LBRDA,Liberty Broadband Corporation Class A Common Stock,Cable & Other Pay Television Services,127,35.9900016784668,-58.46029324560822,15,79,B+
LBRT,Liberty Energy Inc. Class A common stock,Oilfield Services/Equipment,37,19.0,-43.59051953382303,46,69,D
LBRX,LB Pharmaceuticals Inc Common Stock,Biotechnology: Pharmaceutical Preparations,109,37.220001220703125,-24.777684791747056,94,18,C+
LBTYA,Liberty Global Ltd. Class A Common Shares,Cable & Other Pay Television Services,127,8.65999984741211,-33.53798906458307,27,37,E
LBTYB,Liberty Global Ltd. Class B Common Shares,Cable & Other Pay Television Services,127,12.1899995803833,-32.31538353433921,54,,D
LBTYK,Liberty Global Ltd. Class C Common Shares,Cable & Other Pay Television Services,127,8.520000457763672,-32.75453507135395,27,,E
LCCC,Lakeshore Acquisition III Corp. Ordinary Shares,Blank Checks,42,10.539999961853027,-0.18939826675118399,60,,E
LCCCU,Lakeshore Acquisition III Corp. Unit,Blank Checks,42,10.800000190734863,-2.7902743071289815,62,,A
LCFY,Locafy Limited Ordinary Share,Computer Software: Programming Data Processing,80,1.7400000095367432,-68.1318681798532,10,,E
LCID,Lucid Group Inc. Common Stock,Auto Manufacturing,137,3.7899999618530273,-82.70985424880615,9,18,E
LCII,LCI Industries,Auto Parts:O.E.M.,91,78.30000305175781,-48.621431025193615,24,47,E
LCLN,Lincoln International Inc. Class A Common Stock,Investment Managers,58,24.6200008392334,-9.452003105351514,71,,B+
LCNB,LCNB Corporation Common Stock,Major Banks,21,18.520000457763672,-10.70920594686241,75,59,C-
LCTX,Lineage Cell Therapeutics Inc. Common Stock,Biotechnology: Biological Products (No Diagnostic Substances),99,0.9900000095367432,-49.489796414865836,20,26,C-
LCUT,Lifetime Brands Inc. Common Stock,Industrial Machinery/Components,91,9.520000457763672,-3.838375509180225,95,63,C
LDI,loanDepot Inc. Class A Common Stock,Finance: Consumer Services,112,0.5630000233650208,-84.2737420289608,7,18,E
LDOS,Leidos Holdings Inc. Common Stock,EDP Services,116,121.68000030517578,-38.31665402743008,36,56,D+
LE,Lands' End Inc. Common Stock,Clothing/Shoe/Accessory Stores,56,10.5,-45.1697117015094,33,99,D-
LEA,Lear Corporation Common Stock,Auto Parts:O.E.M.,91,118.02999877929688,-20.12336700175372,51,79,E
LECO,Lincoln Electric Holdings Inc. Common Shares,Industrial Machinery/Components,91,261.1300048828125,-11.826856949366881,65,55,D+
LEDS,SemiLEDS Corporation Common Stock,Semiconductors,30,2.2300000190734863,-32.42424086981457,88,57,B+
LEE,Lee Enterprises Incorporated Common Stock,Newspapers/Magazines,21,7.610000133514404,-35.28911577038313,79,63,B
LEGH,Legacy Housing Corporation Common Stock (TX),Homebuilding,98,27.809999465942383,-5.2470217904992955,81,58,A
LEGN,Legend Biotech Corporation American Depositary Shares,Biotechnology: Pharmaceutical Preparations,109,18.6200008392334,-48.676952961037934,26,35,E
LEGO,Legato Merger Corp. IV Ordinary Shares,Military/Government/Technical,103,10.0,-0.7936500427734305,57,,E
LEN,Lennar Corporation Class A Common Stock,Homebuilding,98,76.69000244140625,-41.1035045244998,31,39,D
LENZ,LENZ Therapeutics Inc. Common Stock,Biotechnology: Biological Products (No Diagnostic Substances),99,3.6449999809265137,-92.1189189601589,8,18,E
LESL,Leslie's Inc. Common Stock,Other Specialty Stores,115,0.02800000086426735,-99.73977694917599,1,52,C-
LEU,Centrus Energy Corp. Class A Common Stock,Mining & Quarrying of Nonmetallic Minerals (No Fuels),91,142.44000244140625,-67.33027466940223,20,44,D
LEVI,Levi Strauss & Co Class A Common Stock,Apparel,116,18.700000762939453,-26.75283877794317,30,64,E
LEXX,Lexaria Bioscience Corp. Common Stock,Biotechnology: Pharmaceutical Preparations,109,3.319999933242798,-83.48258771027926,5,26,B-
LFCR,Lifecore Biomedical Inc. Common Stock,Biotechnology: Pharmaceutical Preparations,109,6.449999809265137,-26.87074793154305,79,1,B-
LFMD,LifeMD Inc. Common Stock,Medical/Nursing Services,18,2.630000114440918,-59.78593073728795,13,42,D
LFS,LEIFRAS Co. Ltd. American Depositary Shares,Other Consumer Services,99,2.2100000381469727,-80.56288425337743,42,,A+
LFST,LifeStance Health Group Inc. Common Stock,Medical/Nursing Services,18,12.420000076293945,-7.174888116113342,94,90,C+
LFT,Lument Finance Trust Inc. Common Stock,Real Estate Investment Trusts,75,5.170000076293945,-69.24527058083488,9,26,E
LFTO,Liftoff Mobile Inc. Common Stock,EDP Services,116,15.40999984741211,-45.83479987991414,13,,D-
LFUS,Littelfuse Inc. Common Stock,Electrical Products,8,426.5,-12.630542630735174,86,86,D-
LFVN,Lifevantage Corporation Common Stock (Delaware),Biotechnology: Pharmaceutical Preparations,109,6.0,-43.478781149100634,58,48,E
LFWD,Lifeward Ltd. Ordinary Shares,Industrial Specialties,84,6.489999771118164,-33.23045686394806,32,18,D-
LGCL,Lucas GC Limited Ordinary Shares,Computer Software: Programming Data Processing,80,2.2300000190734863,-99.61551723809077,1,,A-
LGCY,Legacy Education Inc. Common Stock,Other Consumer Services,99,10.229999542236328,-28.611307769005034,42,65,C+
LGHL,Lion Group Holding Ltd. American Depositary Share,Investment Bankers/Brokers/Service,49,3.0999999046325684,-99.90330027271146,1,,A+
LGIH,LGI Homes Inc. Common Stock,Homebuilding,98,43.81999969482422,-33.44471122091177,40,39,E
LGL,LGL Group Inc. (The) Common Stock,Industrial Machinery/Components,91,6.829999923706055,-11.757104319405498,64,43,B-
LGN,Legence Corp. Class A Common stock,Engineering & Construction,67,51.529998779296875,-49.613767017962985,62,18,B-
LGND,Ligand Pharmaceuticals Incorporated Common Stock,Biotechnology: Pharmaceutical Preparations,109,301.80999755859375,-6.447409794306913,87,84,C+
LGO,Largo Inc. Common Shares,Mining & Quarrying of Nonmetallic Minerals (No Fuels),91,0.4699999988079071,-81.34920625534667,10,1,D
LGPS,LogProstyle Inc. Common Shares,Homebuilding,98,0.734000027179718,-50.91344726521082,33,,B-
LGVN,Longeveron Inc. Class A Common Stock,Biotechnology: Pharmaceutical Preparations,109,2.4800000190734863,-78.62069019381128,6,8,E
LH,Labcorp Holdings Inc. Common Stock,Medical Specialities,15,312.1499938964844,-7.8153941381276955,78,57,C
LHAI,Linkhome Holdings Inc. Common stock,Real Estate,99,1.0099999904632568,-93.52148825799979,16,26,A+
LHSW,Lianhe Sowell International Group Ltd Class A Ordinary Shares,Computer Software: Prepackaged Software,40,0.5199999809265137,-98.5426009627834,2,,B+
LHX,L3Harris Technologies Inc. Common Stock,Industrial Machinery/Components,91,236.97000122070312,-36.61413321685294,26,74,D-
LI,Li Auto Inc. American Depositary Shares,Auto Manufacturing,137,11.539999961853027,-51.12240718539655,23,8,D
LICN,Lichen International Limited Class A Ordinary Shares,Professional Services,47,0.9539999961853027,-88.9455390088705,9,,D+
LIDR,AEye Inc. Class A Common Stock,Auto Parts:O.E.M.,91,1.0399999618530273,-68.95522413553334,15,1,D+
LIEN,Chicago Atlantic BDC Inc. Common Stock,Finance: Consumer Services,112,9.270000457763672,-7.669317798953868,56,58,D
LIF,Life360 Inc. Common Stock,EDP Services,116,43.720001220703125,-59.341577497422335,27,59,C-
LIFE,Ethos Technologies Inc. Class A Common Stock,Specialty Insurers,112,36.959999084472656,-12.041887953754472,98,50,B-
LII,Lennox International Inc. Common Stock,Industrial Machinery/Components,91,356.44000244140625,-37.5528322671889,18,58,D-
LILA,Liberty Latin America Ltd. Class A Common Stock,Cable & Other Pay Television Services,127,8.100000381469727,-9.09090325268238,89,26,C-
LILAK,Liberty Latin America Ltd. Class C Common Stock,Cable & Other Pay Television Services,127,8.119999885559082,-8.35214220985292,89,26,E
LIME,Neutron Holdings Inc. Common Stock,Computer Software: Prepackaged Software,40,28.579999923706055,-33.94961954852922,71,,C-
LIMN,Liminatus Pharma Inc. Class A Common Stock,Biotechnology: Biological Products (No Diagnostic Substances),99,3.759999990463257,-96.33170732637731,7,,A
LIN,Linde plc Ordinary Shares,Major Chemicals,80,483.7300109863281,-11.21707411418239,55,79,B-
LINC,Lincoln Educational Services Corporation Common Stock,Other Consumer Services,99,23.489999771118164,-57.81250064229142,20,59,E
LIND,Lindblad Expeditions Holdings Inc. Common Stock,Transportation Services,90,35.81999969482422,-0.7206267268165201,97,59,B-
LINE,Lineage Inc. Common Stock,Real Estate Investment Trusts,75,34.43000030517578,-21.593748778379595,40,18,D-
LINK,Interlink Electronics Inc. Common Stock,Computer peripheral equipment,47,4.949999809265137,-36.88907565181142,78,63,A
LION,Lionsgate Studios Corp Common Shares,Movies/Entertainment,4,11.130000114440918,-32.134144065069435,76,65,C-
LIQT,LiqTech International Inc. Common Stock,Industrial Machinery/Components,91,0.4099999964237213,-86.14864894797803,6,26,B+
LITB,LightInTheBox Holding Co. Ltd. American Depositary Shares each representing twelve ordinary shares,Catalog/Specialty Distribution,67,2.990000009536743,-21.727747073583526,80,69,C
LITE,Lumentum Holdings Inc. Common Stock,Telecommunications Equipment,84,1103.35498046875,-2.6508772982288376,99,18,B+
LITS,Lite Strategy Inc. Common Stock,Biotechnology: Pharmaceutical Preparations,109,1.2699999809265137,-50.0,61,,A+
LIVE,Live Ventures Incorporated Common Stock,Other Specialty Stores,115,7.650000095367432,-63.726884589762676,12,32,C-
LIVN,LivaNova PLC Ordinary Shares,Biotechnology: Electromedical & Electrotherapeutic Apparatus,58,76.38999938964844,-10.471723267700417,75,56,D
LKFN,Lakeland Financial Corporation Common Stock,Major Banks,21,56.84000015258789,-10.769231598412631,48,50,C
LKFT,Lakefront Biotherapeutics American Depositary Shares,Biotechnology: Pharmaceutical Preparations,109,29.729999542236328,-14.174364705327847,49,75,B-
LKQ,LKQ Corporation Common Stock,Motor Vehicles,123,21.84000015258789,-35.130743522025384,28,39,D-
LLY,Eli Lilly and Company Common Stock,Biotechnology: Pharmaceutical Preparations,109,1179.27001953125,-7.893992922755255,76,89,C+
LLYVA,Liberty Live Holdings Inc. Series A Liberty Live Group Common Stock,Services-Misc. Amusement & Recreation,80,95.33000183105469,-9.200872682414218,63,,D-
LLYVK,Liberty Live Holdings Inc. Series C Liberty Live Group Common Stock,Services-Misc. Amusement & Recreation,80,98.19999694824219,-9.792397209573146,63,,C-
LMAT,LeMaitre Vascular Inc. Common Stock,Medical/Dental Instruments,96,80.69000244140625,-30.887455983735336,34,77,D+
LMB,Limbach Holdings Inc. Common Stock,Engineering & Construction,67,51.2599983215332,-55.07843480207369,17,52,B
LMND,Lemonade Inc. Common Stock,Property-Casualty Insurers,52,46.459999084472656,-51.889821651347965,22,26,D-
LMNR,Limoneira Co Common Stock,Farming/Seeds/Milling,116,12.050000190734863,-19.827009947971764,38,18,C-
LMRI,Lumexa Imaging Holdings Inc. Common Stock,Medical Specialities,15,10.539999961853027,-43.11926836867761,33,64,E
LMT,Lockheed Martin Corporation Common Stock,Military/Government/Technical,103,509.5899963378906,-23.733033726422015,50,83,E
LNAI,Lunai Bioworks Inc. Common Stock,Biotechnology: Pharmaceutical Preparations,109,1.2300000190734863,-89.74999984105429,5,,B-
LNC,Lincoln National Corporation Common Stock,Life Insurance,28,40.22999954223633,-13.454130386203877,63,71,C-
LND,Brasilagro Brazilian Agric Real Estate Co Sponsored ADR (Brazil),Farming/Seeds/Milling,116,3.7799999713897705,-13.501142554236678,57,26,B-
LNG,Cheniere Energy Inc. Common Stock,Oil/Gas Transmission,40,278.17999267578125,-5.975797184865195,77,95,C
LNKS,Linkers Industries Limited Class A Ordinary Shares,Electrical Products,8,0.9520000219345093,-99.71368420392947,7,,A
LNN,Lindsay Corporation Common Stock,Industrial Machinery/Components,91,112.0199966430664,-17.27199756774568,46,49,C-
LNSR,LENSAR Inc. Common Stock,Medical/Dental Instruments,96,6.369999885559082,-49.96072180187966,37,35,C
LNT,Alliant Energy Corporation Common Stock,Power Generation,84,65.8499984741211,-14.967653370392108,45,55,C-
LNTH,Lantheus Holdings Inc. Common Stock,Biotechnology: In Vitro & In Vivo Diagnostic Substances,112,100.1500015258789,-9.725978617339726,87,81,D-
LNZA,LanzaTech Global Inc. Common Stock,Major Chemicals,80,6.130000114440918,-85.20038535627727,14,64,C
LOAN,Manhattan Bridge Capital Inc,Real Estate Investment Trusts,75,3.430000066757202,-28.722264087750148,29,45,E
LOAR,Loar Holdings Inc. Common Stock,Military/Government/Technical,103,62.06999969482422,-24.212455997071945,36,98,C-
LOB,Live Oak Bancshares Inc. Common Stock,Major Banks,21,34.47999954223633,-21.146522053648166,41,75,D
LOBO,LOBO TECHNOLOGIES LTD. Class A Ordinary Shares,Motor Vehicles,123,0.4860000014305115,-58.103446946983205,24,,C
LOCL,Local Bounti Corporation Common Stock,Farming/Seeds/Milling,116,1.059999942779541,-69.62750888587408,16,18,A-
LOCO,El Pollo Loco Holdings Inc. Common Stock,Restaurants,89,15.220000267028809,-11.511630279557416,79,79,C
LODE,Comstock Inc. Common Stock,Major Chemicals,80,2.2100000381469727,-53.66876211773679,14,8,D-
LOGI,Logitech International S.A. Ordinary Shares,Computer peripheral equipment,47,98.2699966430664,-21.143896825006657,55,75,B-
LOMA,Loma Negra Compania Industrial Argentina Sociedad Anonima ADS,Building Materials,120,10.119999885559082,-22.865853857986995,49,62,E
LONA,LeonaBio Inc. Common Stock,Biotechnology: Biological Products (No Diagnostic Substances),99,5.75,-50.77054923147569,30,8,C
LOOP,Loop Industries Inc. Common Stock,Major Chemicals,80,0.4189999997615814,-78.17708285797076,7,8,B+
LOPE,Grand Canyon Education Inc. Common Stock,Other Consumer Services,99,159.8000030517578,-27.544774046429477,46,70,C+
LOT,Lotus Technology Inc. American Depositary Shares,Auto Manufacturing,137,0.6859999895095825,-68.09302515903627,11,,C-
LOVE,The Lovesac Company Common Stock,Other Specialty Stores,115,14.210000038146973,-24.0106980834513,39,31,C-
LOW,Lowe's Companies Inc. Common Stock,RETAIL: Building Materials,122,186.0,-34.56701824933261,31,56,D-
LPA,Logistic Properties of the Americas Ordinary Shares,Real Estate,99,2.859999895095825,-35.14739242510089,35,53,A-
LPCN,Lipocine Inc. Common Stock,Biotechnology: Pharmaceutical Preparations,109,1.7200000286102295,-84.72468922160019,14,8,B+
LPG,Dorian LPG Ltd. Common Stock,Marine Transportation,3,57.63999938964844,-1.149034415817174,96,96,B+
LPL,LG Display Co Ltd AMERICAN DEPOSITORY SHARES,Industrial Machinery/Components,91,2.890000104904175,-49.826389061356025,20,8,D
LPLA,LPL Financial Holdings Inc. Common Stock,Investment Bankers/Brokers/Service,49,330.8800048828125,-15.622741932709872,58,91,D-
LPTH,LightPath Technologies Inc. Class A Common Stock,Semiconductors,30,9.720000267028809,-46.446278394930886,38,35,D+
LPX,Louisiana-Pacific Corporation Common Stock,Forest Products,52,65.69000244140625,-32.55697387594368,34,37,D
LQDA,Liquidia Corporation Common Stock,Biotechnology: Pharmaceutical Preparations,109,27.3799991607666,-69.92200425362009,20,96,E
LQDT,Liquidity Services Inc. Common Stock,Business Services,58,43.130001068115234,-1.1686487824612013,88,88,D-
LRCX,Lam Research Corporation Common Stock,Industrial Machinery/Components,91,318.8399963378906,-26.342807877081466,90,95,D+
LRE,Lead Real Estate Co. Ltd American Depositary Shares,Homebuilding,98,1.1299999952316284,-37.74104905747818,30,,D-
LRHC,La Rosa Holdings Corp. Common Stock,Real Estate,99,1.2000000476837158,-99.8378378313941,10,26,E
LRMR,Larimar Therapeutics Inc. Common Stock,Biotechnology: Pharmaceutical Preparations,109,2.6700000762939453,-55.12604769942493,18,8,D-
LRN,Stride Inc. Common Stock,Other Consumer Services,99,85.58999633789062,-44.25193967406439,44,68,C-
LSAK,Lesaka Technologies Inc. Common Stock,Investment Bankers/Brokers/Service,49,4.679999828338623,-14.12844051145643,55,93,B
LSBK,Lake Shore Bancorp Inc. Common Stock,Savings Institutions,14,18.25,-3.1830258319758387,81,45,B-
LSCC,Lattice Semiconductor Corporation Common Stock,Semiconductors,30,126.05000305175781,-18.818831980856498,85,91,B-
LSE,Leishen Energy Holding Co. Ltd. Class A Ordinary Shares,Oil and Gas Field Machinery,27,5.168000221252441,-11.808871953846722,71,,C+
LSF,Laird Superfood Inc. Common Stock,Packaged Foods,120,2.9200000762939453,-46.075713815984706,35,34,E
LSPD,Lightspeed Commerce Inc. Subordinate Voting Shares,Computer Software: Prepackaged Software,40,10.640000343322754,-20.83332830714786,58,88,B+
LSTA,Lisata Therapeutics Inc. Common Stock,Misc Health and Biotechnology Services,30,1.059999942779541,-78.96825494439454,6,8,B-
LSTR,Landstar System Inc. Common Stock,Trucking Freight/Courier Services,58,169.11000061035156,-24.792270648106896,57,67,D+
LTBR,Lightbridge Corporation Common Stock,Professional Services,47,6.070000171661377,-78.10245194076512,12,26,E
LTC,LTC Properties Inc. Common Stock,Real Estate Investment Trusts,75,42.459999084472656,-2.0756492463333664,78,68,C-
LTH,Life Time Group Holdings Inc. Common Stock,Hotels/Resorts,74,40.619998931884766,-11.17428528647142,86,92,D
LTM,LATAM Airlines Group S.A. American Depositary Shares (each representing two thousand (2000) shares of Common Stock),Air Freight/Delivery Services,91,50.25,-26.412025833231656,51,41,C-
LTRN,Lantern Pharma Inc. Common Stock,Biotechnology: Pharmaceutical Preparations,109,0.8130000233650208,-82.40259646095993,4,26,E
LTRX,Lantronix Inc. Common Stock,Computer Communications Equipment,6,6.849999904632568,-18.934910541396977,84,76,A
LU,Lufax Holding Ltd American Depositary Shares each representing two (2) Ordinary Shares,Finance: Consumer Services,112,0.9800000190734863,-75.0636131698053,12,,C
LUCD,Lucid Diagnostics Inc. Common Stock,Medical/Dental Instruments,96,0.6380000114440918,-56.59863952198212,13,8,D
LUCK,Lucky Strike Entertainment Corporation Class A Common Stock,Services-Misc. Amusement & Recreation,80,5.010000228881836,-48.12723021077658,15,33,C-
LUCY,Innovative Eyewear Inc. Common Stock,Ophthalmic Goods,127,0.902999997138977,-54.39393997776205,21,26,A+
LUD,Luda Technology Group Limited Ordinary Shares,Steel/Iron Ore,17,3.6700000762939453,-69.02953621813501,15,,D
LULU,lululemon athletica inc. Common Stock,Apparel,116,94.5,-56.225681923947505,16,54,E
LUMN,Lumen Technologies Inc. Common Stock,Telecommunications Equipment,84,5.28000020980835,-55.367707152492926,24,8,C-
LUNG,Pulmonx Corporation Common Stock,Medical/Dental Instruments,96,1.840000033378601,-29.230765351176824,77,8,B+
LUNR,Intuitive Machines Inc. Class A Common Stock,Industrial Machinery/Components,91,13.1899995803833,-71.13785697990673,30,8,B-
LUV,Southwest Airlines Company Common Stock,Air Freight/Delivery Services,91,41.65999984741211,-22.957131932569176,60,94,B+
LUXE,LuxExperience B.V. American Depositary Shares each representing one Ordinary Share,Catalog/Specialty Distribution,67,10.210000038146973,-2.854426110386299,85,40,B+
LVLU,Lulu's Fashion Lounge Holdings Inc. Common Stock,Catalog/Specialty Distribution,67,12.050000190734863,-53.937307870715,95,18,E
LVO,LiveOne Inc. Common Stock,Restaurants,89,2.700000047683716,-61.538460754705525,14,8,D
LVS,Las Vegas Sands Corp. Common Stock,Hotels/Resorts,74,36.16999816894531,-47.037288147711465,22,89,E
LVWR,LiveWire Group Inc. Common Stock,Motor Vehicles,123,1.6100000143051147,-74.0740740029765,85,18,A+
LW,Lamb Weston Holdings Inc. Common Stock,Packaged Foods,120,47.869998931884766,-25.86612954488795,62,40,B+
LWAY,Lifeway Foods Inc. Common Stock,Packaged Foods,120,22.15999984741211,-31.456855575782093,32,50,C
LWLG,Lightwave Logic Inc. Common Stock,Containers/Packaging,102,4.96999979019165,-72.72228332879875,32,26,B+
LX,LexinFintech Holdings Ltd. American Depositary Shares,Finance: Consumer Services,112,0.7039999961853027,-86.57843591704165,6,43,E
LXEH,Lixiang Education Holding Co. Ltd. American Depositary Shares,Other Consumer Services,99,1.7100000381469727,-74.28571408084332,44,,A
LXEO,Lexeo Therapeutics Inc. Common Stock,Biotechnology: Biological Products (No Diagnostic Substances),99,3.2300000190734863,-69.61429930103658,12,8,C-
LXFR,Luxfer Holdings PLC Ordinary Shares,Major Chemicals,80,17.239999771118164,-8.953463822229523,80,52,B-
LXP,LXP Industrial Trust Common Stock (Maryland REIT),Real Estate Investment Trusts,75,61.0,-0.24530093562700195,82,31,A
LXRX,Lexicon Pharmaceuticals Inc. Common Stock,Biotechnology: Pharmaceutical Preparations,109,1.6799999475479126,-36.36364087913958,61,8,B-
LXU,LSB Industries Inc. Common Stock,Major Chemicals,80,9.8100004196167,-41.88388088064821,43,95,D
LYB,LyondellBasell Industries NV Ordinary Shares Class A (Netherlands),Major Chemicals,80,60.029998779296875,-25.607980226803306,72,61,C-
LYEL,Lyell Immunopharma Inc. Common Stock,Biotechnology: Pharmaceutical Preparations,109,8.710000038146973,-77.43523216979791,10,8,D+
LYFT,Lyft Inc. Class A Common Stock,Business Services,58,16.219999313354492,-33.98453595922793,52,71,D
LYG,Lloyds Banking Group Plc American Depositary Shares,Commercial Banks,21,5.409999847412109,-12.88245065733653,60,75,E
LYTS,LSI Industries Inc. Common Stock,Building Products,80,20.649999618530273,-22.751799215627177,51,89,D-
LYV,Live Nation Entertainment Inc. Common Stock,Services-Misc. Amusement & Recreation,80,170.3300018310547,-9.620080779440233,63,33,C-
LZ,LegalZoom.com Inc. Common Stock,EDP Services,116,5.980000019073486,-45.288198974324615,25,77,B-
LZB,La-Z-Boy Incorporated Common Stock,Home Furnishings,38,29.219999313354492,-30.130158430739552,31,61,D-
LZM,Lifezone Metals Limited Ordinary Shares,Metal Mining,110,3.4000000953674316,-44.26229264716309,33,,C
LZMH,LZ Technology Holdings Limited Class B Ordinary Shares,EDP Services,116,1.0499999523162842,-98.53760458539344,6,,D+
M,Macy's Inc Common Stock,Department/Specialty Retail Stores,21,22.670000076293945,-12.764520605234209,72,52,C
MA,Mastercard Incorporated Common Stock,Business Services,58,589.1400146484375,-1.6381965978581992,69,93,C-
MAA,Mid-America Apartment Communities Inc. Common Stock,Real Estate Investment Trusts,75,116.86000061035156,-16.862668343191768,39,61,D-
MAAS,Maase Inc. Class A Ordinary Shares,Investment Managers,58,11.5600004196167,-45.574385385183405,97,,D
MAC,Macerich Company (The) Common Stock,Real Estate Investment Trusts,75,22.25,-15.43357570510816,69,8,C
MAGN,Magnera Corporation Common Stock,Paper,79,11.5,-24.639581733199922,48,64,B-
MAIA,MAIA Biotechnology Inc. Common Stock,Biotechnology: Pharmaceutical Preparations,109,1.2200000286102295,-58.644067495247995,31,8,B-
MAIN,Main Street Capital Corporation Common Stock,Finance/Investors Services,45,53.7400016784668,-11.738142139141116,56,74,D
MAIR,Madison Air Solutions Corporation Class A Common Stock,Pollution Control Equipment,49,24.219999313354492,-44.7788441032574,23,,D
MAKO,Mako Mining Corp Common Stock,,,9.359999656677246,-15.447155241986898,90,94,B-
MAMA,Mama's Creations Inc. Common Stock,Specialty Foods,84,13.550000190734863,-34.38256445014278,44,87,B-
MAMO,Massimo Group Common Stock,Industrial Specialties,84,0.9350000023841858,-82.29166732517756,19,46,C-
MAN,ManpowerGroup Common Stock,Professional Services,47,52.779998779296875,-16.15568206574187,94,61,D
MANE,Veradermics Incorporated Common Stock,Biotechnology: Pharmaceutical Preparations,109,130.89999389648438,0.0,98,26,A
MANH,Manhattan Associates Inc. Common Stock,Computer Software: Prepackaged Software,40,204.88999938964844,-8.433140677705463,86,81,B-
MANU,Manchester United Ltd. Class A Ordinary Shares,Services-Misc. Amusement & Recreation,80,20.510000228881836,-15.212898817404453,73,34,C-
MAR,Marriott International Class A Common Stock,Hotels/Resorts,74,365.8800048828125,-8.922459373062852,73,90,C-
MARA,MARA Holdings Inc. Common Stock,EDP Services,116,9.649999618530273,-57.74956412407519,29,8,B-
MAS,Masco Corporation Common Stock,Industrial Specialties,84,68.75,-16.57424861322001,54,75,D+
MASK,3 E Network Technology Group Ltd Class A Ordinary Shares,EDP Services,116,0.8389999866485596,-94.14310647246285,5,,C-
MASS,908 Devices Inc. Common Stock,Industrial Machinery/Components,91,12.050000190734863,-5.859374912688509,95,8,B-
MAT,Mattel Inc. Common Stock,Recreational Games/Products/Toys,67,16.690000534057617,-24.684112594853158,63,33,B-
MATH,Metalpha Technology Holding Limited Ordinary Shares,Finance/Investors Services,45,1.0399999618530273,-71.73913198405263,24,,A+
MATV,Mativ Holdings Inc. Common Stock,Paper,79,11.600000381469727,-20.559552601396845,86,61,B
MATW,Matthews International Corporation Class A Common Stock,Metal Fabrications,39,18.610000610351562,-34.79233125201665,22,37,B-
MATX,Matson Inc. Common Stock,Marine Transportation,3,225.6699981689453,-5.419114670500336,93,66,C+
MAX,MediaAlpha Inc. Class A Common Stock,Business Services,58,10.09000015258789,-29.292222642513156,37,46,D
MAYS,J. W. Mays Inc. Common Stock,Building operators,34,40.95000076293945,-25.54545315829191,65,26,B-
MAZE,Maze Therapeutics Inc. Common Stock,Biotechnology: Biological Products (No Diagnostic Substances),99,27.110000610351562,-47.699428785226985,41,26,C-
MB,MasterBeef Group Ordinary Shares,Restaurants,89,3.6600000858306885,-61.675392536834536,18,,B-
MBAI,Check-Cap Ltd. Ordinary Share,Medical Electronics,106,3.255000114440918,-85.28481016751297,6,,D-
MBBC,Marathon Bancorp Inc. Common Stock,Banks,19,15.095000267028809,-2.55002911508011,78,73,B-
MBC,MasterBrand Inc. Common Stock,Home Furnishings,38,6.610000133514404,-52.17076498207203,18,32,D
MBGL,Mobility Global Inc. Common Stock,Business Services,58,18.219999313354492,-20.550640516804876,38,,D-
MBI,MBIA Inc. Common Stock,Property-Casualty Insurers,52,4.519999980926514,-41.450775857931674,20,38,E
MBIN,Merchants Bancorp Common Stock,Major Banks,21,48.91999816894531,-12.021765551889663,81,81,D+
MBIO,Mustang Bio Inc. Common Stock,Biotechnology: Pharmaceutical Preparations,109,0.4000000059604645,-77.40112936322842,10,26,E
MBLY,Mobileye Global Inc. Class A Common Stock,Computer Software: Prepackaged Software,40,7.099999904632568,-53.95590227299799,21,54,E
MBOT,Microbot Medical Inc. Common Stock,Biotechnology: Biological Products (No Diagnostic Substances),99,1.0700000524520874,-66.24605594006714,10,8,E
MBRX,Moleculin Biotech Inc. Common Stock,Biotechnology: Pharmaceutical Preparations,109,0.44200000166893005,-96.59999998716208,2,8,D
MBUU,Malibu Boats Inc. Class A Common Stock,Marine Transportation,3,21.639999389648438,-37.47472115566478,26,45,E
MBVI,M3-Brigade Acquisition VI Corp. Class A Ordinary Shares,,,10.260000228881836,0.0,59,,A+
MBWM,Mercantile Bank Corporation Common Stock,Major Banks,21,57.779998779296875,-7.016415598932035,74,84,D
MBX,MBX Biosciences Inc. Common Stock,Biotechnology: Pharmaceutical Preparations,109,53.2400016784668,-24.695892536682063,95,8,B-
MC,Moelis & Company Class A Common Stock,Investment Managers,58,57.08000183105469,-24.36848979393783,39,41,E
MCAH,Mountain Crest Acquisition 6 Corp. Ordinary Shares,Blank Checks,42,10.050000190734863,0.0,58,,D
MCB,Metropolitan Bank Holding Corp. Common Stock,Major Banks,21,86.62000274658203,-14.218764851312715,55,47,C-
MCBS,MetroCity Bankshares Inc. Common Stock,Major Banks,21,34.20000076293945,-6.988871541504227,75,88,B-
MCD,McDonald's Corporation Common Stock,Restaurants,89,235.22999572753906,-29.677753648779813,32,75,E
MCFT,MasterCraft Boat Holdings Inc. Common Stock,Marine Transportation,3,19.360000610351562,-29.291449219279265,37,57,E
MCHB,Mechanics Bancorp Class A Common Stock,Major Banks,21,14.260000228881836,-15.63819855066021,56,70,E
MCHP,Microchip Technology Incorporated Common Stock,Semiconductors,30,75.55000305175781,-26.000822604157914,59,79,D
MCHX,Marchex Inc. Class B Common Stock,Computer Software: Prepackaged Software,40,1.2799999713897705,-34.693880281762105,24,8,D+
MCK,McKesson Corporation Common Stock,Other Pharmaceuticals,67,938.8400268554688,-5.505015491706167,78,86,D
MCO,Moody's Corporation Common Stock,Finance: Consumer Services,112,464.2300109863281,-13.395041619303639,49,80,D
MCRB,Seres Therapeutics Inc. Common Stock,Biotechnology: Pharmaceutical Preparations,109,2.7100000381469727,-90.53440406012778,6,35,E
MCRI,Monarch Casino & Resort Inc. Common Stock,Hotels/Resorts,74,114.33999633789062,-14.375521413415582,69,91,E
MCRP,Micropolis AI Robotics Ordinary Shares,Auto Parts:O.E.M.,91,0.45899999141693115,-89.56818223935512,5,,E
MCS,Marcus Corporation (The) Common Stock,Movies/Entertainment,4,27.06999969482422,-12.760124944554875,93,58,B
MCY,Mercury General Corporation Common Stock,Property-Casualty Insurers,52,102.75,-7.240518576797639,67,80,C-
MD,Pediatrix Medical Group Inc. Common Stock,Hospital/Nursing Management,32,26.639999389648438,-2.7382256908097924,82,81,B-
MDA,MDA Space Ltd. Common Shares,Electronic Components,2,28.149999618530273,-42.17337830308663,41,,E
MDAI,Spectral AI Inc. Class A Common Stock,Medical/Dental Instruments,96,1.649999976158142,-38.432838244118386,43,34,B+
MDB,MongoDB Inc. Class A Common Stock,Computer Software: Prepackaged Software,40,385.92999267578125,-18.28537854002188,83,98,C+
MDBH,MDB Capital Holdings LLC Class A common,Finance: Consumer Services,112,2.049999952316284,-55.434782721369835,14,26,E
MDCX,Medicus Pharma Ltd. Common Stock,Biotechnology: Pharmaceutical Preparations,109,0.09200000017881393,-96.59259264614684,2,26,E
MDGL,Madrigal Pharmaceuticals Inc. Common Stock,Biotechnology: Pharmaceutical Preparations,109,471.75,-21.744109180666104,43,8,E
MDIA,Mediaco Holding Inc. Class A Common Stock,Broadcasting,58,1.0299999713897705,-19.531250436557468,79,18,C
MDLN,Medline Inc. Class A Common Stock,Medical/Dental Instruments,96,36.2599983215332,-27.465498891646956,37,32,B-
MDLZ,Mondelez International Inc. Class A Common Stock,Packaged Foods,120,60.40999984741211,-6.225205617870944,64,77,C-
MDRR,Medalist Diversified Inc. Common Stock,Real Estate Investment Trusts,75,10.505000114440918,-24.834194345183235,40,37,B+
MDT,Medtronic plc. Ordinary Shares,Biotechnology: Electromedical & Electrotherapeutic Apparatus,58,88.4800033569336,-13.229541241337639,56,75,C-
MDU,MDU Resources Group Inc. Common Stock (Holding Company),Mining & Quarrying of Nonmetallic Minerals (No Fuels),91,18.739999771118164,-16.64206692470307,44,60,D
MDWD,MediWound Ltd. Ordinary Shares,Medicinal Chemicals and Botanical Products,134,12.539999961853027,-36.312851083154094,26,18,D-
MDXG,MiMedx Group Inc Common Stock,Biotechnology: Pharmaceutical Preparations,109,4.670000076293945,-41.33165761414889,52,42,A-
MDXH,MDxHealth SA Ordinary Shares,Medical Specialities,15,0.5899999737739563,-88.20000052452087,18,8,C-
MEC,Mayville Engineering Company Inc. Common Stock,Industrial Specialties,84,15.109999656677246,-59.74960232239251,22,31,E
MED,MEDIFAST INC Common Stock,Packaged Foods,120,11.609999656677246,-17.248753544925776,61,8,B-
MEDP,Medpace Holdings Inc. Common Stock,Biotechnology: Commercial Physical & Biological Resarch,12,612.0499877929688,-2.8784992745301663,76,92,B-
MEGL,Magic Empire Global Limited Class A Ordinary Shares,Finance: Consumer Services,112,0.6729999780654907,-57.937501997686894,12,,E
MEI,Methode Electronics Inc. Common Stock,Electrical Products,8,15.550000190734863,-19.66606151893001,96,8,B+
MELI,MercadoLibre Inc. Common Stock,Business Services,58,1889.8499755859375,-19.947391188926456,50,57,C+
MENS,Jyong Biotech Ltd. Ordinary Shares,Biotechnology: Pharmaceutical Preparations,109,2.0999999046325684,-96.54605274509194,18,,B-
MEOH,Methanex Corporation Common Stock,Major Chemicals,80,62.099998474121094,-4.923604893538613,87,70,A-
MERC,Mercer International Inc. Common Stock,Paper,79,0.23999999463558197,-91.39784953702359,4,18,E
MESO,Mesoblast Limited American Depositary Shares,Biotechnology: Biological Products (No Diagnostic Substances),99,14.289999961853027,-31.82251628799364,33,8,D
MET,MetLife Inc. Common Stock,Life Insurance,28,98.33000183105469,-1.6208055694352796,80,60,B+
META,Meta Platforms Inc. Class A Common Stock,Computer Software: Programming Data Processing,80,718.6699829101562,-7.577263327769512,70,55,B
METC,Ramaco Resources Inc. Class A Common Stock,Coal Mining,67,8.699999809265137,-84.05132918250442,12,18,C
METCB,Ramaco Resources Inc. Class B Common Stock,Coal Mining,67,4.460000038146973,-78.92163234620696,8,18,D
MFA,MFA Financial Inc.,Real Estate Investment Trusts,75,6.880000114440918,-27.882042974055267,29,93,E
MFC,Manulife Financial Corporation Common Stock,Life Insurance,28,42.43000030517578,-4.844135097601587,77,78,D-
MFG,Mizuho Financial Group Inc. Sponosred ADR (Japan),Major Banks,21,10.609999656677246,-7.33624599633772,84,89,D
MFI,mF International Limited Class A Ordinary Shares,EDP Services,116,9.0,-76.78617515157198,20,,C-
MFIC,MidCap Financial Investment Corporation Common Stock,Finance/Investors Services,45,8.470000267028809,-26.2673506198973,33,32,E
MFIN,Medallion Financial Corp. Common Stock,Finance: Consumer Services,112,11.880000114440918,-2.782325246794437,84,41,B-
MFP,Midera Food Processing Inc. Common Stock,Industrial Machinery/Components,91,40.970001220703125,-62.92307581836821,15,,A-
MG,Mistras Group Inc Common Stock,Military/Government/Technical,103,20.770000457763672,-3.7980532145847623,92,86,A-
MGA,Magna International Inc. Common Stock,Auto Parts:O.E.M.,91,63.9900016784668,-12.4024654275124,76,77,D-
MGEE,MGE Energy Inc,Electric Utilities: Central,67,70.22000122070312,-17.34063159649327,37,66,D-
MGIH,Millennium Group International Holdings Limited Ordinary Shares,Publishing,84,1.4299999475479126,-37.55458640310273,41,,D+
MGLD,The Marygold Companies Inc. Common Stock,Finance: Consumer Services,112,2.0199999809265137,-0.49261037459082946,97,,A-
MGM,MGM Resorts International Common Stock,Hotels/Resorts,74,29.270000457763672,-42.25685292810195,25,74,E
MGN,Megan Holdings Limited Class A Ordinary Shares,Farming/Seeds/Milling,116,3.6700000762939453,-99.93492907666145,1,,A+
MGNI,Magnite Inc. Common Stock,Computer Software: Programming Data Processing,80,25.399999618530273,-1.0518132331951757,92,93,A
MGNX,MacroGenics Inc. Common Stock,Biotechnology: Pharmaceutical Preparations,109,3.740000009536743,-23.045269407590673,90,38,B-
MGPI,MGP Ingredients Inc.,Beverages (Production/Distribution),104,13.779999732971191,-46.75581932398274,20,33,D
MGRC,McGrath RentCorp Common Stock,Diversified Commercial Services,77,113.63999938964844,-7.463523317884102,56,57,D
MGRT,Mega Fortune Company Limited Ordinary Shares,EDP Services,116,102.0,-28.270040654694352,99,,B-
MGRX,Mangoceuticals Inc. Common Stock,Misc Health and Biotechnology Services,30,0.421999990940094,-84.59854053024466,33,26,A-
MGTX,MeiraGTx Holdings plc Ordinary Shares,Biotechnology: Biological Products (No Diagnostic Substances),99,10.6899995803833,-28.590518438881674,75,64,D+
MGX,Metagenomi Therapeutics Inc. Common Stock,Biotechnology: Biological Products (No Diagnostic Substances),99,1.0,-70.1492528815555,16,26,C
MGY,Magnolia Oil & Gas Corporation Class A Common Stock,Oil & Gas Production,10,24.100000381469727,-24.545636356329183,48,70,C
MGYR,Magyar Bancorp Inc. Common Stock,Savings Institutions,14,18.959999084472656,-4.387296230865556,71,68,D
MH,McGraw Hill Inc. Common Stock,Publishing,84,13.369999885559082,-25.68093354273526,71,99,B
MHH,Mastech Digital Inc Common Stock,Professional Services,47,6.730000019073486,-16.084792581793618,46,31,E
MHK,Mohawk Industries Inc. Common Stock,Home Furnishings,38,118.06999969482422,-15.724486401816506,67,87,C-
MHO,M/I Homes Inc. Common Stock,Homebuilding,98,127.81999969482422,-21.582822273113976,46,40,C-
MI,NFT Limited Class A Ordinary Share,Other Specialty Stores,115,0.9049999713897705,-95.43620789272987,23,,B+
MIAX,Miami International Holdings Inc. Common Stock,Investment Bankers/Brokers/Service,49,30.709999084472656,-45.97114883527239,22,52,D+
MICC,The Magnum Ice Cream Company N.V. Ordinary Shares,Specialty Foods,84,17.280000686645508,-15.377078246408704,68,,B-
MIDD,Middleby Corporation (The) Common Stock,Industrial Machinery/Components,91,105.94999694824219,-26.50901747865799,36,33,B+
MIMI,Mint Incorporation Limited Class A Ordinary Shares,Business Services,58,0.8799999952316284,-98.83597881879209,4,,B-
MIND,MIND Technology Inc. Common Stock (DE),Industrial Machinery/Components,91,4.5,-68.50944708178662,16,42,B-
MINE,Mayfair Gold Corp. Common Shares,Oil & Gas Production,10,2.5799999237060547,-44.39655176843389,33,26,B-
MIR,Mirion Technologies Inc. Class A Common Stock,Industrial Machinery/Components,91,16.6200008392334,-44.13445096056,36,52,B+
MIRA,MIRA Pharmaceuticals Inc. Common Stock,Biotechnology: Pharmaceutical Preparations,109,0.7459999918937683,-58.55555490799891,20,26,A-
MIRM,Mirum Pharmaceuticals Inc. Common Stock,Biotechnology: Pharmaceutical Preparations,109,86.01000213623047,-33.102592178176884,43,8,C-
MIST,Milestone Pharmaceuticals Inc. Common Shares,Biotechnology: Pharmaceutical Preparations,109,0.7649999856948853,-74.06779751425601,9,8,E
MITK,Mitek Systems Inc. Common Stock,Computer peripheral equipment,47,17.700000762939453,-12.11518719292065,88,76,C
MITQ,Moving iMage Technologies Inc. Common Stock,Industrial Machinery/Components,91,0.593999981880188,-38.31775886040375,38,18,A-
MITT,TPG Mortgage Investment Trust Inc. Common Stock,Real Estate Investment Trusts,75,5.630000114440918,-32.15536036255011,28,99,E
MKC,McCormick & Company Incorporated Common Stock,Packaged Foods,120,44.810001373291016,-36.330642599807085,27,66,D
MKDW,MKDWELL Tech Inc. Ordinary Share,Consumer Electronics/Appliances,104,1.0199999809265137,-91.50000015894571,2,,D
MKL,Markel Group Inc. Common Stock,Property-Casualty Insurers,52,1760.739990234375,-19.670602277428152,39,95,D-
MKSI,MKS Inc. Common Stock,Industrial Machinery/Components,91,264.5,-40.479765257580816,80,87,B-
MKTW,MarketWise Inc. Class A Common Stock,Computer Software: Prepackaged Software,40,19.25,-7.660718826033186,81,39,A
MKTX,MarketAxess Holdings Inc. Common Stock,Investment Bankers/Brokers/Service,49,164.5800018310547,-14.112031569053995,77,48,A
MKZR,MacKenzie Realty Capital Inc. Common Stock,Real Estate Investment Trusts,75,1.350000023841858,-75.5877039308712,11,,C+
MLAB,Mesa Laboratories Inc. Common Stock,Industrial Machinery/Components,91,127.51000213623047,-10.349429820350098,92,66,C
MLCI,Mount Logan Capital Inc. Common Stock,Investment Managers,58,3.130000114440918,-62.78823152990519,21,26,E
MLCO,Melco Resorts & Entertainment Limited American Depositary Shares,Hotels/Resorts,74,4.230000019073486,-54.95207812125964,20,70,E
MLEC,Moolec Science SA Ordinary Shares,Blank Checks,42,2.200000047683716,-87.13450293213018,5,,C
MLGO,MicroAlgo Inc. Class A Ordinary Shares,EDP Services,116,2.990000009536743,-71.87206042006706,18,,D
MLI,Mueller Industries Inc. Common Stock,Metal Fabrications,39,60.709999084472656,-13.313417181183606,68,50,D+
MLKN,MillerKnoll Inc. Common Stock,Office Equipment/Supplies/Services,64,20.8799991607666,-14.052844728344105,79,97,E
MLM,Martin Marietta Materials Inc. Common Stock,Mining & Quarrying of Nonmetallic Minerals (No Fuels),91,478.3500061035156,-32.157440058004696,28,47,D
MLP,Maui Land & Pineapple Company Inc. Common Stock,Real Estate,99,14.829999923706055,-25.55220950347943,40,26,D-
MLR,Miller Industries Inc. Common Stock,Construction/Ag Equipment/Trucks,21,52.459999084472656,-8.944752698139446,79,45,D
MLSS,Milestone Scientific Inc. Common Stock,Industrial Specialties,84,0.3499999940395355,-36.36363882663816,55,26,C-
MLTX,MoonLake Immunotherapeutics Class A Ordinary Shares,Biotechnology: Pharmaceutical Preparations,109,10.819999694824219,-51.17328623949516,22,26,E
MLYS,Mineralys Therapeutics Inc. Common Stock,Biotechnology: Pharmaceutical Preparations,109,23.3700008392334,-50.623283466894755,27,18,C
MMA,Mixed Martial Arts Group Limited Ordinary Shares,Other Consumer Services,99,0.34200000762939453,-79.39758948757886,12,,B+
MMED,MiniMed Group Inc. Common Stock,Medical/Dental Instruments,96,19.709999084472656,-17.323829872823694,81,,B-
MMI,Marcus & Millichap Inc. Common Stock,Real Estate,99,28.239999771118164,-13.069031766611383,57,63,C-
MMLP,Martin Midstream Partners L.P. Limited Partnership,Oil Refining/Marketing,140,2.0399999618530273,-34.94930056878061,26,38,D-
MMM,3M Company Common Stock,Medical/Dental Instruments,96,159.9600067138672,-12.580123053332425,61,67,D
MMS,Maximus Inc. Common Stock,Business Services,58,59.38999938964844,-39.004742738113215,35,59,C-
MMSI,Merit Medical Systems Inc. Common Stock,Medical/Dental Instruments,96,87.20999908447266,-6.406955571099648,74,85,B-
MMYT,MakeMyTrip Limited Ordinary Shares,Transportation Services,90,44.72999954223633,-52.631579585217224,23,55,E
MNDO,MIND C.T.I. Ltd. Ordinary Shares,EDP Services,116,0.949999988079071,-24.603174978613286,37,47,D+
MNDR,Mobile-health Network Solutions Class A Ordinary Shares,Computer Software: Prepackaged Software,40,0.8500000238418579,-97.01754377599347,3,,E
MNDY,monday.com Ltd. Ordinary Shares,Computer Software: Prepackaged Software,40,88.95999908447266,-56.65562429180716,44,97,C-
MNKD,MannKind Corporation Common Stock,Biotechnology: Pharmaceutical Preparations,109,3.2899999618530273,-47.02093491718007,31,42,C
MNOV,Medicinova Inc Common Stock,Biotechnology: Pharmaceutical Preparations,109,1.5199999809265137,-55.94203014730329,73,26,A
MNPR,Monopar Therapeutics Inc. Common Stock,Biotechnology: Pharmaceutical Preparations,109,78.95999908447266,-36.240308931345055,55,8,C
MNRO,Monro Inc. Common Stock,Automotive Aftermarket,123,13.569999694824219,-39.939204656158836,31,31,B-
MNSB,MainStreet Bancshares Inc. Common Stock,Major Banks,21,24.6299991607666,-3.826635791601052,74,51,B
MNSBP,MainStreet Bancshares Inc. Depositary Shares,Major Banks,21,24.5,-6.210762664175173,59,,C
MNSO,MINISO Group Holding Limited American Depositary Shares each representing four Ordinary Shares,Department/Specialty Retail Stores,21,9.600000381469727,-56.78862897381553,17,37,B-
MNST,Monster Beverage Corporation,Beverages (Production/Distribution),104,43.63999938964844,-12.667603915190817,67,80,D+
MNTK,Montauk Renewables Inc. Common Stock,Natural Gas Distribution,28,2.5299999713897705,-13.945580879284458,94,32,A-
MNTN,MNTN Inc. Class A Common Stock,Advertising,131,10.1899995803833,-44.82945338814629,43,63,B-
MNTS,Momentus Inc. Class A Common Stock,Military/Government/Technical,103,3.2699999809265137,-89.29122775040932,10,26,C-
MNY,MoneyHero Limited Class A Ordinary Shares,Business Services,58,0.6600000262260437,-58.74999897554518,14,18,E
MO,Altria Group Inc.,Medicinal Chemicals and Botanical Products,134,71.68000030517578,-2.796562718042561,74,72,B+
MOB,Mobilicom Limited Ordinary Shares,Aerospace,131,3.9600000381469727,-58.87850476545009,18,,C-
MOBI,Mobia Medical Inc. Common Stock,Medical/Dental Instruments,96,8.630000114440918,-41.01161963818131,24,,B-
MOBX,Mobix Labs Inc. Class A Common Stock,Semiconductors,30,0.8999999761581421,-91.96428579031205,6,26,A-
MOD,Modine Manufacturing Company Common Stock,Auto Parts:O.E.M.,91,181.55999755859375,-40.83874062615477,55,96,C-
MODD,Modular Medical Inc. Common Stock,Medical/Dental Instruments,96,2.7200000286102295,-86.40679661420361,9,,C
MOGU,MOGU Inc. American Depositary Shares (each  representing 25 Class A Ordinary Shares),Business Services,58,2.240000009536743,-34.50292515887601,51,18,C-
MOH,Molina Healthcare Inc Common Stock,Medical Specialities,15,196.92999267578125,-18.91881228724519,56,37,C-
MOLN,Molecular Partners AG American Depositary Shares,Biotechnology: Biological Products (No Diagnostic Substances),99,3.8499999046325684,-24.878050641315742,46,26,C
MOMO,Hello Group Inc. American Depositary Shares,Computer Software: Prepackaged Software,40,4.71999979019165,-30.65385364723181,25,82,D
MORN,Morningstar Inc. Common Stock,Investment Managers,58,204.4499969482422,-8.906936401723254,70,85,A
MOS,Mosaic Company (The) Common Stock,Agricultural Chemicals,135,18.739999771118164,-41.90104661596301,25,31,D-
MOV,Movado Group Inc. Common Stock,Consumer Specialties,19,31.56999969482422,-19.692884124822807,83,80,E
MOVE,Corvex Inc. Common Stock,Biotechnology: Electromedical & Electrotherapeutic Apparatus,58,9.84000015258789,-59.771052653741194,81,,B-
MP,MP Materials Corp. Common Stock,Metal Mining,110,46.13999938964844,-53.228587251927706,31,39,D-
MPAA,Motorcar Parts  of America Inc. Common Stock,Auto Parts:O.E.M.,91,10.420000076293945,-41.22955247984375,26,42,E
MPB,Mid Penn Bancorp Common Stock,Major Banks,21,35.70000076293945,-7.103823889037675,73,67,B
MPC,Marathon Petroleum Corporation Common Stock,Integrated oil Companies,1,455.0299987792969,-1.7934988613704017,97,95,B
MPLT,MapLight Therapeutics Inc. Common Stock,Biotechnology: Pharmaceutical Preparations,109,8.829999923706055,-77.81407011816265,6,18,C-
MPT,Medical Properties Trust Inc. common stock,Real Estate Investment Trusts,75,3.140000104904175,-44.56299012076491,18,18,E
MPTI,M-tron Industries Inc. Common Stock,Industrial Machinery/Components,91,70.62999725341797,-29.895784363853128,62,66,D
MPU,Mega Matrix Inc. Class A Ordinary Shares,Diversified Commercial Services,77,2.75,-15.123457039952404,99,,C+
MPV,Barings Participation Investors Common Stock,Finance Companies,52,16.940000534057617,-10.563696778287179,60,,C-
MPWR,Monolithic Power Systems Inc. Common Stock,Semiconductors,30,1386.2900390625,-17.719135659128995,82,85,C-
MQ,Marqeta Inc. Class A Common Stock,Computer Software: Prepackaged Software,40,18.110000610351562,-10.87597990976138,63,95,B+
MRAM,Everspin Technologies Inc. Common Stock,Semiconductors,30,16.450000762939453,-62.62212817469979,85,93,B+
MRBK,Meridian Corporation Common Stock,Major Banks,21,18.639999389648438,-9.043528810959312,62,58,A-
MRCY,Mercury Systems Inc Common Stock,Electrical Products,8,79.48999786376953,-37.017670200150555,39,47,C
MRDN,Meridian Holdings Inc. Common Stock,Computer Software: Prepackaged Software,40,11.09000015258789,-24.660326417056677,73,63,C-
MREO,Mereo BioPharma Group plc American Depositary Shares,Biotechnology: Pharmaceutical Preparations,109,0.3499999940395355,-84.84848473119904,36,8,A
MRK,Merck & Company Inc. Common Stock (new),Biotechnology: Pharmaceutical Preparations,109,145.60000610351562,-6.385772897711551,88,31,B
MRKR,Marker Therapeutics Inc. Common Stock,Biotechnology: Pharmaceutical Preparations,109,0.9700000286102295,-55.70776240794485,17,8,C-
MRLN,Merlin Inc. Common Stock,EDP Services,116,1.25,-92.2311995764714,3,,E
MRM,MEDIROM Healthcare Technologies Inc. American Depositary Share,Other Consumer Services,99,0.5529999732971191,-79.59409721354668,9,,E
MRNA,Moderna Inc. Common Stock,Biotechnology: Biological Products (No Diagnostic Substances),99,225.0,0.0,99,8,A-
MRNO,Murano Global Investments PLC Ordinary Shares,Hotels/Resorts,74,0.23199999332427979,-91.83098590366899,12,,A
MRP,Millrose Properties Inc. Class A Common Stock,Real Estate,99,22.360000610351562,-27.852654746321925,29,89,E
MRSH,Marsh Common Stock,Specialty Insurers,112,175.75999450683594,-13.241615919678528,51,70,B-
MRT,Marti Technologies Inc. Class A Ordinary Shares,Rental/Leasing Companies,57,1.8600000143051147,-29.27756907339485,63,,B-
MRTN,Marten Transport Ltd. Common Stock,Trucking Freight/Courier Services,58,12.75,-29.712591884134586,42,40,E
MRVI,Maravai LifeSciences Holdings Inc. Class A Common Stock,Biotechnology: Pharmaceutical Preparations,109,7.440000057220459,-17.333332697550453,96,18,C-
MRVL,Marvell Technology Inc. Common Stock,Semiconductors,30,275.2799987792969,-12.963978233794126,98,90,B+
MRX,Marex Group Limited Ordinary Shares,Investment Bankers/Brokers/Service,49,71.91999816894531,-8.112940777395083,94,98,B+
MS,Morgan Stanley Common Stock,Investment Bankers/Brokers/Service,49,190.02000427246094,-16.400782129573123,60,89,E
MSA,MSA Safety Incorporated Common Stock,Industrial Specialties,84,180.7100067138672,-10.250493572568132,66,88,C-
MSAI,MultiSensor AI Holdings Inc. Common Stock,Electronic Components,2,4.650000095367432,-94.12878753214316,16,8,A-
MSB,Mesabi Trust Common Stock,Precious Metals,43,18.420000076293945,-54.37743291761149,16,45,C
MSBI,Midland States Bancorp Inc. Common Stock,Major Banks,21,32.15999984741211,-5.940627088444616,90,59,C
MSC,Studio City International Holdings Limited American depositary shares each representing four  Class A ordinary shares,Hotels/Resorts,74,1.0,-77.77777777777779,8,18,E
MSCI,MSCI Inc. Common Stock,Business Services,58,565.1199951171875,-11.911356181129362,52,68,D
MSEX,Middlesex Water Company Common Stock,Water Supply,43,53.43000030517578,-11.450524626259973,55,64,D-
MSFT,Microsoft Corporation Common Stock,Computer Software: Prepackaged Software,40,535.0700073242188,-0.4791913720805008,85,93,A
MSGE,Madison Square Garden Entertainment Corp. Class A Common Stock,Services-Misc. Amusement & Recreation,80,80.83999633789062,-8.572723352212098,90,35,B
MSGM,Motorsport Games Inc. Class A Common Stock,Computer Software: Prepackaged Software,40,5.130000114440918,-4.646840049853418,92,52,B+
MSGS,Madison Square Garden Sports Corp. Class A Common Stock (New),Services-Misc. Amusement & Recreation,80,402.29998779296875,-3.372245921222372,88,64,B-
MSGY,Masonglory Limited Ordinary Shares,,,3.630000114440918,-92.75159748059365,18,,A+
MSI,Motorola Solutions Inc. Common Stock,Radio And Television Broadcasting And Communications Equipment,78,444.17999267578125,-9.346025193337958,66,80,D+
MSLE,Satellos Bioscience Inc. Common Stock,Biotechnology: Pharmaceutical Preparations,109,7.489999771118164,-42.42890361761429,53,26,C
MSM,MSC Industrial Direct Company Inc. Common Stock,Industrial Machinery/Components,91,129.50999450683594,-0.6672881909757122,87,60,B-
MSN,Emerson Radio Corporation Common Stock,Consumer Electronics/Appliances,104,0.3799999952316284,-50.0,38,,A
MSS,Maison Solutions Inc. Class A Common Stock,Food Chains,49,1.6150000095367432,-96.15476188205537,5,,A
MSTR,Strategy Inc Common Stock Class A,Computer Software: Prepackaged Software,40,154.33999633789062,-51.81242242333517,80,18,B-
MT,Arcelor Mittal NY Registry Shares NEW,Steel/Iron Ore,17,64.11000061035156,-18.580134176190576,80,67,E
MTA,Metalla Royalty & Streaming Ltd. Common Shares,Precious Metals,43,8.770000457763672,-22.73127609685567,82,64,B-
MTB,M&T Bank Corporation Common Stock,Major Banks,21,217.49000549316406,-13.851970149053471,57,72,D+
MTC,MMTec Inc. Common Shares,Computer Software: Prepackaged Software,40,4.760000228881836,-47.461368560475,98,,A+
MTCH,Match Group Inc. Common Stock,Computer Software: Programming Data Processing,80,41.09000015258789,-6.99361738502745,81,83,B-
MTD,Mettler-Toledo International Inc. Common Stock,Biotechnology: Laboratory Analytical Instruments,4,1549.989990234375,0.0,77,58,B-
MTDR,Matador Resources Company Common Stock,Oil & Gas Production,10,54.279998779296875,-15.859862073141473,71,74,C
MTEK,Maris-Tech Ltd. Ordinary Shares,Telecommunications Equipment,84,0.5809999704360962,-72.20095721070786,8,,E
MTEN,Mingteng International Corporation Inc. Class A Ordinary Shares,Building Products,80,0.9950000047683716,-99.90938069173329,12,,A-
MTEX,Mannatech Incorporated Common Stock,Medicinal Chemicals and Botanical Products,134,7.860000133514404,-22.86554997857274,88,,B+
MTG,MGIC Investment Corporation Common Stock,Property-Casualty Insurers,52,27.43000030517578,-12.837620261606785,54,52,C-
MTH,Meritage Homes Corporation Common Stock,Homebuilding,98,58.810001373291016,-30.44337479293211,35,44,D
MTLS,Materialise NV American Depositary Shares,Computer Software: Prepackaged Software,40,8.300000190734863,-5.14285496303013,89,92,B+
MTN,Vail Resorts Inc. Common Stock,Services-Misc. Amusement & Recreation,80,146.02999877929688,-7.314668987394124,65,36,C+
MTNB,Matinas Biopharma Holdings Inc. Common Stock,Biotechnology: Pharmaceutical Preparations,109,2.869999885559082,-35.794182991761815,99,26,B-
MTNE,CH4 Natural Solutions Corporation Class A Ordinary Shares,,,9.930000305175781,-0.20100004495208212,57,,E
MTR,Mesa Royalty Trust Common Stock,Oil & Gas Production,10,2.069999933242798,-61.04693816204478,12,37,D-
MTRN,Materion Corporation,Industrial Specialties,84,280.45001220703125,-12.134213095271107,95,85,B+
MTRX,Matrix Service Company Common Stock,Engineering & Construction,67,10.529999732971191,-32.500003362313215,35,63,C-
MTSI,MACOM Technology Solutions Holdings Inc. Common Stock,Semiconductors,30,330.05999755859375,-19.434679882011807,94,96,C+
MTUS,Metallus Inc. Common Shares,Steel/Iron Ore,17,19.989999771118164,-9.260103731017965,69,53,D+
MTVA,MetaVia Inc. Common Stock,Biotechnology: Pharmaceutical Preparations,109,1.409999966621399,-88.2402002207052,12,26,B-
MTW,Manitowoc Company Inc. (The) Common Stock,Construction/Ag Equipment/Trucks,21,21.670000076293945,-7.826457399721609,96,44,B-
MTX,Minerals Technologies Inc. Common Stock,Major Chemicals,80,63.599998474121094,-22.97766427945055,45,18,E
MTZ,MasTec Inc. Common Stock,Water Sewer Pipeline Comm & Power Line Construction,126,212.64999389648438,-51.395399156604114,24,71,E
MU,Micron Technology Inc. Common Stock,Semiconductors,30,1029.0,-15.195109032183751,99,96,B-
MUFG,Mitsubishi UFJ Financial Group Inc. Common Stock,Commercial Banks,21,22.3799991607666,-7.252383178053967,82,,D-
MUR,Murphy Oil Corporation Common Stock,Oil & Gas Production,10,38.68000030517578,-7.779438923897453,78,78,B-
MUSA,Murphy USA Inc. Common Stock,Retail-Auto Dealers and Gas Stations,110,529.1400146484375,-14.938765129900577,70,93,C-
MUX,McEwen Inc. Common Stock,Precious Metals,43,17.8799991607666,-38.45094791618381,44,98,C
MVBF,MVB Financial Corp. Common Stock,Major Banks,21,28.90999984741211,-8.570527893404666,67,94,B-
MVIS,MicroVision Inc. Common Stock,Industrial Machinery/Components,91,1.2000000476837158,-94.24460419314809,2,8,E
MVST,Microvast Holdings Inc. Common Stock,Industrial Machinery/Components,91,0.5789999961853027,-90.95312519441359,7,8,D
MWA,MUELLER WATER PRODUCTS Common Stock,Metal Fabrications,39,21.670000076293945,-28.268366087812545,34,88,C+
MWC,Micware Co. Ltd. American Depositary Shares,EDP Services,116,1.5800000429153442,-80.73170634552808,6,,B
MWG,Multi Ways Holdings Limited Class A Ordinary Shares,Miscellaneous manufacturing industries,127,1.4700000286102295,-61.21371917134508,31,,A+
MWH,SOLV Energy Inc. Class A Common Stock,Military/Government/Technical,103,26.209999084472656,-43.95980579871498,39,62,B-
MWYN,Marwynn Holdings Inc. Common stock,Food Distributors,52,1.3700000047683716,-6.802722577930842,92,26,B+
MX,Magnachip Semiconductor Corporation Common Stock,Semiconductors,30,3.119999885559082,-65.06159262110275,49,18,A-
MXC,Mexco Energy Corporation Common Stock,Oil & Gas Production,10,10.300000190734863,-31.420413430720117,74,,A+
MXCT,MaxCyte Inc. Common Stock,Biotechnology: Commercial Physical & Biological Resarch,12,1.0099999904632568,-44.808744984822965,30,8,B
MXL,MaxLinear Inc. Common Stock,Semiconductors,30,96.16000366210938,-24.892599719637776,99,75,B+
MYE,Myers Industries Inc. Common Stock,Plastic Products,8,30.6299991607666,-16.270746124816114,90,91,B
MYFW,First Western Financial Inc. Common Stock,Major Banks,21,29.829999923706055,-12.752263463377068,67,72,C-
MYGN,Myriad Genetics Inc. Common Stock,Biotechnology: In Vitro & In Vivo Diagnostic Substances,112,4.309999942779541,-47.31051611266508,23,18,B+
MYND,Mynd.ai Inc. American Depositary Shares,Other Consumer Services,99,0.2919999957084656,-64.60606061481795,20,,A-
MYO,Myomo Inc. Common Stock,Industrial Specialties,84,1.4299999475479126,-23.118282981188454,92,18,B
MYPS,PLAYSTUDIOS Inc.  Class A Common Stock,Computer Software: Prepackaged Software,40,4.110000133514404,-57.49741363921919,15,18,C+
MYRG,MYR Group Inc. Common Stock,Water Sewer Pipeline Comm & Power Line Construction,126,311.6300048828125,-37.81453877309021,69,79,C+
MYSE,Myseum.AI Inc. Common Stock,Telecommunications Equipment,84,1.7799999713897705,-53.2808399442864,33,26,B-
MYSZ,My Size Inc. Common Stock,Computer Software: Prepackaged Software,40,1.25,-87.59920625534667,4,8,C+
MZTI,The Marzetti Company Common Stock,Packaged Foods,120,99.30000305175781,-41.452705407756675,24,70,B-
NA,Nano Labs Ltd Class A Ordinary Shares,Semiconductors,30,2.109999895095825,-62.72084890495944,29,,A+
NAAS,NaaS Technology Inc. American Depositary Shares,Other Specialty Stores,115,3.055000066757202,-25.48780151664458,52,,D-
NABL,N-able Inc. Common Stock,Computer Software: Prepackaged Software,40,4.630000114440918,-45.529410418342145,39,58,C
NAGE,Niagen Bioscience Inc. Common Stock,Medicinal Chemicals and Botanical Products,134,2.690000057220459,-64.60526196084852,13,53,D
NAII,Natural Alternatives International Inc. Common Stock,Medicinal Chemicals and Botanical Products,134,1.1399999856948853,-76.3975154513012,8,,E
NAK,Northern Dynasty Minerals Ltd. Common Stock,Precious Metals,43,1.1200000047683716,-59.42028954208861,15,8,C-
NAKA,Nakamoto Inc. Common Stock,Medical/Nursing Services,18,8.539999961853027,-78.86138703142724,89,18,A-
NAMI,Jinxin Technology Holding Company American Depositary Shares,Other Consumer Services,99,2.190000057220459,-91.6172246613571,6,,A+
NAMM,Namib Minerals Ordinary Shares,Precious Metals,43,1.1399999856948853,-82.18750048894434,21,,B-
NAMS,NewAmsterdam Pharma Company N.V. Ordinary Shares,Biotechnology: Pharmaceutical Preparations,109,21.575000762939453,-47.9493356674924,16,8,C
NAT,Nordic American Tankers Limited Common Stock,Marine Transportation,3,8.470000267028809,-1.2820472920206383,97,86,B+
NATH,Nathan's Famous Inc. Common Stock,Restaurants,89,101.7699966430664,-4.792229721772445,61,86,B-
NATL,NCR Atleos Corporation Common Stock,Office Equipment/Supplies/Services,64,45.790000915527344,-4.861832746016859,66,82,E
NATR,Nature's Sunshine Products Inc. Common Stock,Biotechnology: Pharmaceutical Preparations,109,12.640000343322754,-54.532371617938026,15,58,E
NAUT,Nautilus Biotechnology Inc. Common Stock,Biotechnology: Laboratory Analytical Instruments,4,2.25,-43.03797537118,89,18,A-
NAVI,Navient Corporation Common Stock,Investment Bankers/Brokers/Service,49,9.109999656677246,-27.398837472658265,53,52,C
NAVN,Navan Inc. Class A Common Stock,Computer Software: Prepackaged Software,40,23.639999389648438,-22.694573418483333,84,14,C-
NB,NioCorp Developments Ltd. Common Stock,Metal Mining,110,3.369999885559082,-71.12253758759788,16,,D
NBBK,NB Bancorp Inc. Common Stock,Banks,19,22.1200008392334,-4.860211444157425,71,80,C
NBHC,National Bank Holdings Corporation Common Stock,Major Banks,21,37.93000030517578,-18.804362152109576,43,45,E
NBIS,Nebius Group N.V. Class A Ordinary Shares,Computer Software: Programming Data Processing,80,221.07000732421875,-22.888832731653743,93,34,B-
NBIX,Neurocrine Biosciences Inc. Common Stock,Biotechnology: Biological Products (No Diagnostic Substances),99,142.44000244140625,-23.212936689268872,50,81,D+
NBN,Northeast Bank Common Stock,Major Banks,21,125.98999786376953,-8.370707276960399,68,90,C-
NBP,NovaBridge Biosciences American Depositary Shares,Biotechnology: Pharmaceutical Preparations,109,1.3949999809265137,-78.73475620282646,12,,E
NBR,Nabors Industries Ltd.,Oil & Gas Production,10,80.66999816894531,-27.081261708652015,82,42,D+
NBRG,Newbridge Acquisition Limited Class A Ordinary Share,Blank Checks,42,10.09000015258789,0.0,59,64,E
NBTB,NBT Bancorp Inc. Common Stock,Major Banks,21,50.060001373291016,-7.01718324381484,72,77,D
NBTX,Nanobiotix S.A. American Depositary Shares,Biotechnology: Pharmaceutical Preparations,109,23.68000030517578,-57.000180794623546,30,,E
NC,NACCO Industries Inc. Common Stock,Coal Mining,67,35.56999969482422,-38.85864102161598,27,32,D+
NCDL,Nuveen Churchill Direct Lending Corp. Common Stock,,,10.8100004196167,-22.33490121483238,37,52,D-
NCEL,NewcelX Ltd. Ordinary Shares,Biotechnology: Pharmaceutical Preparations,109,3.0450000762939453,-83.71657779646368,35,,D+
NCEW,New Century Logistics (BVI) Limited Ordinary Shares,Integrated Freight & Logistics,138,16.799999237060547,-18.840586387133527,97,,E
NCI,Neo-Concept International Group Holdings Limited Class A Ordinary Shares,Apparel,116,0.8790000081062317,-99.08437499155602,2,,C
NCLH,Norwegian Cruise Line Holdings Ltd. Ordinary Shares,Marine Transportation,3,15.569999694824219,-37.7697865309476,23,98,D-
NCMI,National CineMedia Inc. Common Stock,Advertising,131,2.119999885559082,-51.09488553289431,12,31,D-
NCNA,NuCana plc American Depositary Share,Biotechnology: Pharmaceutical Preparations,109,1.100000023841858,-81.48148125849366,12,18,B+
NCNO,nCino Inc. Common Stock,Computer Software: Prepackaged Software,40,19.729999542236328,-27.19557466970669,54,95,B-
NCPL,Netcapital Inc. Common Stock,Finance: Consumer Services,112,1.1399999856948853,-54.032258994869586,97,,A
NCRA,Nocera Inc. Common Stock,Farming/Seeds/Milling,116,1.6100000143051147,-97.27580362796438,11,26,A-
NCT,Intercont (Cayman) Limited Class A Ordinary shares,Restaurants,89,1.4900000095367432,-99.82470588123097,1,,B+
NCTY,The9 Limited American Depository Shares,Finance: Consumer Services,112,3.5399999618530273,-68.05054164053675,18,,C
NDAQ,Nasdaq Inc. Common Stock,Investment Bankers/Brokers/Service,49,93.6500015258789,-6.315840408425277,64,61,C-
NDLS,Noodles & Company Class A Common Stock,Restaurants,89,14.220000267028809,-23.630506841511732,96,35,B-
NDRA,ENDRA Life Sciences Inc. Common Stock,Biotechnology: Electromedical & Electrotherapeutic Apparatus,58,5.460000038146973,-32.75861927218441,60,38,B
NDSN,Nordson Corporation Common Stock,Industrial Machinery/Components,91,328.1700134277344,-1.8718354768245127,84,58,C+
NE,Noble Corporation plc A Ordinary Shares,Oil & Gas Production,10,42.36000061035156,-20.417676726956735,79,63,D-
NECB,NorthEast Community Bancorp Inc. Common Stock,Banks,19,27.0,-2.9065197081415417,76,76,A
NEE,NextEra Energy Inc. Common Stock,EDP Services,116,77.37999725341797,-19.76612103663141,41,67,D
NEGG,Newegg Commerce Inc. Common Shares,Other Specialty Stores,115,11.579999923706055,-87.5,10,,E
NEM,Newmont Corporation,Precious Metals,43,117.83999633789062,-12.620023880598364,80,95,B-
NEO,NeoGenomics Inc. Common Stock,Precision Instruments,116,16.350000381469727,-17.880459534032134,93,62,B-
NEOG,Neogen Corporation Common Stock,Biotechnology: In Vitro & In Vivo Diagnostic Substances,112,11.850000381469727,-15.236045997937664,90,18,B
NEON,Neonode Inc. Common Stock,Industrial Machinery/Components,91,0.8399999737739563,-78.01047150645157,18,1,B+
NEOV,NeoVolta Inc. Common Stock,Industrial Machinery/Components,91,2.609999895095825,-56.93069439372476,37,8,B-
NEPH,Nephros Inc. Common Stock,Medical/Dental Instruments,96,3.5299999713897705,-39.032815291072446,42,82,D
NERV,Minerva Neurosciences Inc Common Stock,Biotechnology: Pharmaceutical Preparations,109,3.180000066757202,-60.59479322165613,26,8,C-
NESR,National Energy Services Reunited Corp Ordinary Shares,Oilfield Services/Equipment,37,22.780000686645508,-37.26246261339426,83,89,D
NET,Cloudflare Inc. Class A Common Stock,Computer Software: Prepackaged Software,40,360.92999267578125,0.0,95,18,A-
NEU,NewMarket Corp Common Stock,Major Chemicals,80,893.3599853515625,-6.809905082647516,83,72,C
NEUP,Neuphoria Therapeutics Inc. Common Stock,Biotechnology: Pharmaceutical Preparations,109,3.359999895095825,-82.31579002581144,22,38,E
NEWP,New Pacific Metals Corp. Common Shares,Precious Metals,43,6.579999923706055,-11.201078823178733,96,1,B-
NEWT,NewtekOne Inc. Common Stock,Major Banks,21,10.890000343322754,-28.81917553617227,37,59,C
NEXA,Nexa Resources S.A. Common Shares,Metal Mining,110,13.199999809265137,-20.235806031262538,90,74,A-
NEXM,NexMetals Mining Corp. Common Shares,,,1.7000000476837158,-73.18611976705076,14,26,E
NEXN,Nexxen International Ltd. Ordinary Shares,Computer Software: Programming Data Processing,80,8.949999809265137,-18.26484050079834,75,40,B+
NEXR,Nexera Technologies Ltd Ordinary Shares,Other Specialty Stores,115,1.0099999904632568,-99.85895824257824,2,,A-
NEXT,NextDecade Corporation Common Stock,Oil & Gas Production,10,6.619999885559082,-27.412281045733177,48,26,E
NFE,New Fortress Energy Inc. Class A Common Stock,Oil/Gas Transmission,40,4.349999904632568,-75.42373041169202,99,8,E
NFG,National Fuel Gas Company Common Stock,Oil/Gas Transmission,40,78.66000366210938,-16.864337939257023,47,66,C
NFGC,New Found Gold Corp Common Shares,Precious Metals,43,1.5700000524520874,-54.88505621129038,31,26,B+
NFLX,Netflix Inc. Common Stock,Consumer Electronics/Video Chains,130,70.30000305175781,-43.36810581868931,28,69,C-
NG,Novagold Resources Inc.,Precious Metals,43,6.710000038146973,-52.74647796988794,36,26,C
NGEN,NervGen Pharma Corp. Common stock,,,1.7300000190734863,-71.02177420649542,14,26,C-
NGG,National Grid Transco PLC National Grid PLC (NEW) American Depositary Shares,Natural Gas Distribution,28,76.4800033569336,-16.43688252249507,48,,D
NGNE,Neurogene Inc. Common Stock,Biotechnology: Pharmaceutical Preparations,109,26.399999618530273,-38.375351250003455,60,8,A-
NGS,Natural Gas Services Group Inc. Common Stock,Oilfield Services/Equipment,37,33.099998474121094,-24.693835892497408,45,58,B-
NGVC,Natural Grocers by Vitamin Cottage Inc. Common Stock,Food Chains,49,29.68000030517578,-25.554877060450465,54,65,B+
NGVT,Ingevity Corporation Common Stock,Major Chemicals,80,69.76000213623047,-10.414794303712204,65,60,C
NHC,National HealthCare Corporation Common Stock,Hospital/Nursing Management,32,227.11000061035156,-3.784224378223855,91,61,B-
NHI,National Health Investors Inc. Common Stock,Real Estate Investment Trusts,75,64.8499984741211,-26.04013227475246,35,75,D
NHIV,NewHold Investment Corp IV Class A Ordinary Shares,Blank Checks,42,10.050000190734863,-1.0826738024534932,55,,E
NHP,National Healthcare Properties Inc. Class A Common Stock,Real Estate Investment Trusts,75,15.550000190734863,-8.506098057094757,81,18,C
NHTC,Natural Health Trends Corp. Common Stock,Consumer Specialties,19,0.9300000071525574,-77.47317451818027,7,18,E
NI,NiSource Inc Common Stock,Power Generation,84,40.7599983215332,-16.395425553590393,42,51,E
NIC,Nicolet Bankshares Inc. Common Stock,Major Banks,21,162.7899932861328,-8.872300586821247,72,91,C-
NICE,NICE Ltd American Depositary Shares,Computer Software: Prepackaged Software,40,117.48999786376953,-14.664436291449089,67,49,A-
NICM,Nicola Mining Inc. American Depositary Shares,,,5.619999885559082,-31.713241820764836,35,26,D-
NINE,Nine Energy Service Inc. Common Stock,Oilfield Services/Equipment,37,7.739999771118164,-40.50730488124372,32,8,D+
NIO,NIO Inc. American depositary shares each  representing one Class A ordinary share,Auto Manufacturing,137,3.5799999237060547,-52.01072512869169,16,18,E
NIPG,NIP Group Inc. American Depositary Shares,Services-Misc. Amusement & Recreation,80,11.050000190734863,-78.49776158401613,40,,B+
NIQ,NIQ Global Intelligence plc Ordinary Shares,Computer Software: Programming Data Processing,80,18.09000015258789,-5.977129065544884,92,18,B+
NIU,Niu Technologies American Depositary Shares,Auto Manufacturing,137,1.9700000286102295,-60.912697549189446,20,18,C
NIVF,NewGenIvf Group Limited Class A Ordinary Shares,Misc Health and Biotechnology Services,30,0.07199999690055847,-99.99341563814352,1,,C
NIXX,Nixxy Inc. Common Stock,EDP Services,116,0.2849999964237213,-84.92063499572265,4,37,C
NJR,NewJersey Resources Corporation Common Stock,Oil/Gas Transmission,40,51.209999084472656,-13.896638719386068,53,65,E
NKE,Nike Inc. Common Stock,Shoe Manufacturing,66,34.709999084472656,-48.54412800254796,21,77,E
NKLR,Terra Innovatum Global N.V. Ordinary shares,Metal Fabrications,39,3.1600000858306885,-82.69441376658628,13,43,E
NKSH,National Bankshares Inc. Common Stock,Major Banks,21,42.560001373291016,-1.7090020249611593,85,71,A-
NKTR,Nektar Therapeutics  Common Stock,Biotechnology: Pharmaceutical Preparations,109,41.16999816894531,-58.973593627345686,20,18,E
NKTX,Nkarta Inc. Common Stock,Biotechnology: Pharmaceutical Preparations,109,2.25,-38.69209936714485,49,18,C-
NL,NLI Holdings Inc. Common Stock,Major Chemicals,80,6.940000057220459,-15.9159753369835,82,83,B
NLOP,Net Lease Office Properties Common Shares of Beneficial Interest,Real Estate Investment Trusts,75,9.670000076293945,-27.673895594131615,38,18,E
NLY,Annaly Capital Management Inc. Common Stock,Real Estate Investment Trusts,75,18.299999237060547,-19.960708088627864,39,88,E
NMAD,Nomad Power Solutions Inc. Common Stock,Biotechnology: Pharmaceutical Preparations,109,4.53000020980835,-43.656713541024786,64,26,B-
NMAX,Newsmax Inc. Class B Common Stock,Broadcasting,58,10.34000015258789,-13.68947789911431,85,63,B+
NMFC,New Mountain Finance Corporation Common Stock,Finance/Investors Services,45,6.730000019073486,-20.618977946842996,41,33,C-
NMG,Nouveau Monde Graphite Inc. Common Shares,Other Metals and Minerals,135,1.0499999523162842,-79.28994247011609,11,38,D-
NMIH,NMI Holdings Inc. Common Stock,Property-Casualty Insurers,52,40.0099983215332,-12.469920973758452,58,82,D-
NMR,Nomura Holdings Inc ADR American Depositary Shares,Investment Bankers/Brokers/Service,49,9.59000015258789,-11.694286779360063,72,87,D
NMRA,Neumora Therapeutics Inc. Common Stock,Biotechnology: Biological Products (No Diagnostic Substances),99,0.47600001096725464,-86.74094645271333,4,18,E
NMRK,Newmark Group Inc. Class A Common Stock,Real Estate,99,12.119999885559082,-37.04886660883769,26,54,C-
NMTC,NeuroOne Medical Technologies Corporation Common Stock,Medical/Dental Instruments,96,1.1200000047683716,-81.87702207316303,5,26,E
NN,NextNav Inc. Common Stock,Industrial Machinery/Components,91,12.350000381469727,-47.64730690298492,32,26,D
NNBR,NN Inc. Common Stock,Industrial Machinery/Components,91,3.950000047683716,-12.416854828784807,97,66,A-
NNDM,Nano Dimension Ltd. American Depositary Shares,Electrical Products,8,1.5499999523162842,-27.57009923671521,50,26,B-
NNE,Nano Nuclear Energy Inc. Common Stock,Electric Utilities: Central,67,15.34000015258789,-71.82218857540184,17,26,D+
NNI,Nelnet Inc. Common Stock,Finance: Consumer Services,112,125.26000213623047,-12.702584805643758,47,36,C+
NNN,NNN REIT Inc. Common Stock,Real Estate Investment Trusts,75,40.2400016784668,-17.79589421909421,46,72,D-
NNNN,Anbio Biotechnology Class A Ordinary Shares,Biotechnology: In Vitro & In Vivo Diagnostic Substances,112,4.659999847412109,-88.6645590410458,4,,D
NNOX,NANO-X IMAGING LTD Ordinary Shares,Medical Electronics,106,0.5379999876022339,-88.17582494396902,5,18,D-
NNVC,NanoViricides Inc. Common Stock,Biotechnology: Pharmaceutical Preparations,109,1.2999999523162842,-35.96059257940366,52,,B-
NOA,North American Construction Group Ltd. Common Shares (no par),Oilfield Services/Equipment,37,11.800000190734863,-28.765281857699097,34,44,C-
NOAH,Noah Holdings Limited American Depositary Shares,Investment Managers,58,7.570000171661377,-28.987562992432416,32,40,C
NOC,Northrop Grumman Corporation Common Stock,Industrial Machinery/Components,91,480.7200012207031,-36.84648180931352,31,57,E
NODK,NI Holdings Inc. Common Stock,Property-Casualty Insurers,52,14.789999961853027,-9.430495830054653,63,57,E
NOEM,CO2 Energy Transition Corp. Common Stock,,,10.630000114440918,-11.416665712992346,61,61,E
NOEMU,CO2 Energy Transition Corp. Unit,,,11.805399894714355,-6.67667785996382,67,,E
NOG,Northern Oil and Gas Inc. Common Stock,Oil & Gas Production,10,24.760000228881836,-14.861695691958332,76,67,C+
NOK,Nokia Corporation Sponsored American Depositary Shares,Radio And Television Broadcasting And Communications Equipment,78,10.359999656677246,-38.516323904239556,86,31,B-
NOMA,NOMADAR Corp. Class A Common Stock,Services-Misc. Amusement & Recreation,80,1.5299999713897705,-86.69565242269765,7,26,C-
NOMD,Nomad Foods Limited Ordinary Shares,Packaged Foods,120,11.079999923706055,-12.197909295175347,56,50,A-
NOV,NOV Inc. Common Stock,Oil and Gas Field Machinery,27,18.969999313354492,-12.250487306474723,71,50,D
NOVT,Novanta Inc. Common Stock,Industrial Machinery/Components,91,141.27999877929688,-16.27851924189815,71,80,D-
NOW,ServiceNow Inc. Common Stock,Computer Software: Prepackaged Software,40,140.86000061035156,-25.572496866134355,80,91,A-
NP,Neptune Insurance Holdings Inc. Class A Common Stock,Specialty Insurers,112,28.739999771118164,-18.1429812831029,58,55,D+
NPB,Northpointe Bancshares Inc. Common Stock,Major Banks,21,15.84000015258789,-17.859731771643396,37,80,D+
NPCE,Neuropace Inc. Common Stock,Medical/Dental Instruments,96,12.670000076293945,-34.31830235894223,35,18,B-
NPK,National Presto Industries Inc. Common Stock,Ordnance And Accessories,15,151.58999633789062,-3.3227082987666967,84,73,C
NPKI,NPK International Inc. Common Stock,Oil and Gas Field Machinery,27,11.34000015258789,-30.642202519823304,35,85,D
NPO,Enpro Inc. Common Stock,Metal Fabrications,39,311.45001220703125,-19.567519905387588,77,83,B-
NPT,Texxon Holding Limited Ordinary shares,Specialty Chemicals,106,2.4100000858306885,-88.24390202033811,13,,D-
NPWR,NET Power Inc. Class A Common Stock,Industrial Machinery/Components,91,1.2300000190734863,-74.63917436578444,17,26,D
NRC,NRC Health Common Stock,Biotechnology: Commercial Physical & Biological Resarch,12,20.329999923706055,-10.008310412787647,80,74,B
NRDS,NerdWallet Inc. Class A Common Stock,EDP Services,116,9.739999771118164,-38.85750417748854,43,57,D
NRDY,Nerdy Inc. Class A Common Stock,Other Consumer Services,99,6.559999942779541,-69.20187709976258,9,8,D-
NREF,NexPoint Real Estate Finance Inc. Common Stock,Real Estate Investment Trusts,75,15.380000114440918,-12.806970079463198,73,45,B-
NRG,NRG Energy Inc. Common Stock,Electric Utilities: Central,67,107.97000122070312,-40.94164559622303,22,46,D
NRGV,Energy Vault Holdings Inc. Common Stock,Industrial Machinery/Components,91,3.25,-49.922956631475245,42,18,B-
NRIM,Northrim BanCorp Inc Common Stock,Savings Institutions,14,24.239999771118164,-16.947445005233618,49,77,B-
NRIX,Nurix Therapeutics Inc. Common stock,Biotechnology: Pharmaceutical Preparations,109,22.350000381469727,-19.575388106655577,89,8,B-
NRP,Natural Resource Partners LP Limited Partnership,Coal Mining,67,111.11000061035156,-10.117859368003712,66,40,D
NRSN,NeuroSense Therapeutics Ltd. Ordinary Shares,Biotechnology: Pharmaceutical Preparations,109,3.6600000858306885,-64.80769019155099,99,8,E
NRT,North European Oil Royality Trust Common Stock,Oil & Gas Production,10,8.489999771118164,-9.391676896359014,84,44,D+
NRXP,NRX Pharmaceuticals Inc. Common Stock,Biotechnology: Pharmaceutical Preparations,109,2.8499999046325684,-38.31168884785199,45,8,E
NRXS,Neuraxis Inc. Common Stock,Biotechnology: Electromedical & Electrotherapeutic Apparatus,58,6.929999828338623,-21.33939275521476,89,26,A-
NSC,Norfolk Southern Corporation Common Stock,Railroads,33,317.7900085449219,-9.9694037469927,64,67,D
NSIT,Insight Enterprises Inc. Common Stock,Catalog/Specialty Distribution,67,163.61000061035156,-1.0642768088544363,95,92,B-
NSLR,Neostellar Capital Corp. Common Stock,Finance: Consumer Services,112,7.269999980926514,-51.240777630267054,20,74,E
NSP,Insperity Inc. Common Stock,Professional Services,47,48.72999954223633,-8.744122324515558,85,41,B-
NSPR,InspireMD Inc. Common Stock,Medical/Dental Instruments,96,0.5199999809265137,-78.51239815980271,9,8,E
NSRX,Nasus Pharma Ltd. Ordinary Shares,Biotechnology: Pharmaceutical Preparations,109,3.509999990463257,-61.63934276723988,51,,A-
NSSC,NAPCO Security Technologies Inc. Common Stock,Telecommunications Equipment,84,36.13999938964844,-22.521723869407683,43,39,D-
NSYS,Nortech Systems Incorporated Common Stock,Industrial Machinery/Components,91,11.350000381469727,-35.7304616107743,62,35,B-
NTAP,NetApp Inc. Common Stock,Electronic Components,2,237.14999389648438,0.0,97,93,A
NTB,Bank of N.T. Butterfield & Son Limited (The) Voting Ordinary Shares,Commercial Banks,21,57.5,-10.029729092029827,71,91,B-
NTCL,NETCLASS TECHNOLOGY INC Class A Ordinary Shares,Computer Software: Prepackaged Software,40,1.5,-98.96907216494846,3,,E
NTCT,NetScout Systems Inc. Common Stock,EDP Services,116,40.689998626708984,-9.25513272024241,84,72,D+
NTES,NetEase Inc. American Depositary Shares,Computer Software: Prepackaged Software,40,124.23999786376953,-16.75020078350299,47,50,B-
NTGR,NETGEAR Inc. Common Stock,Telecommunications Equipment,84,23.600000381469727,-34.46264514997927,49,61,B+
NTHI,NeOnc Technologies Holdings Inc. Common Stock,Biotechnology: Pharmaceutical Preparations,109,2.7799999713897705,-76.79465711506343,9,26,E
NTIC,Northern Technologies International Corporation Common Stock,Industrial Specialties,84,7.690000057220459,-22.159252494006676,47,34,C+
NTIP,Network-1 Technologies Inc. Common Stock,Multi-Sector Companies,75,1.5700000524520874,-3.680978095402687,76,26,A-
NTLA,Intellia Therapeutics Inc. Common Stock,Biotechnology: In Vitro & In Vivo Diagnostic Substances,112,13.069999694824219,-53.288063228540054,48,18,B-
NTNX,Nutanix Inc. Class A Common Stock,Computer Software: Prepackaged Software,40,74.62999725341797,0.0,92,94,B+
NTR,Nutrien Ltd. Common Shares,Agricultural Chemicals,135,67.4800033569336,-17.663800345254387,64,44,C-
NTRA,Natera Inc. Common Stock,Medical Specialities,15,400.7099914550781,-5.857067553658135,96,8,B+
NTRB,Nutriband Inc. Common Stock,Industrial Specialties,84,6.650000095367432,-26.02891807926805,95,26,B+
NTRP,NextTrip Inc. Common Stock,Miscellaneous manufacturing industries,127,2.069999933242798,-56.23678805717489,26,8,A
NTRS,Northern Trust Corporation Common Stock,Major Banks,21,168.2100067138672,-11.733744246060818,70,86,D-
NTSK,Netskope Inc. Class A Common Stock,Computer Software: Prepackaged Software,40,20.7549991607666,-14.447654719897685,94,18,A+
NTST,NetSTREIT Corp. Common Stock,Real Estate Investment Trusts,75,17.450000762939453,-20.732271338708287,41,69,D
NTWK,NetSol Technologies Inc. Common  Stock,Computer Software: Prepackaged Software,40,5.929999828338623,-5.271571700919209,93,,A-
NU,Nu Holdings Ltd. Class A Ordinary Shares,Finance: Consumer Services,112,16.1200008392334,-14.072491244344675,68,99,B+
NUAI,New Era Energy & Digital Inc. Common Stock,Oil & Gas Production,10,4.695000171661377,-41.74938055543361,93,26,D
NUCL,Eagle Nuclear Energy Corp. Common stock,Other Metals and Minerals,135,5.730000019073486,-56.62376985218193,26,26,C-
NUE,Nucor Corporation Common Stock,Steel/Iron Ore,17,250.3300018310547,-8.668256481578085,89,84,D+
NUS,Nu Skin Enterprises Inc. Common Stock,Other Pharmaceuticals,67,4.739999771118164,-57.69013369926264,19,36,D
NUTX,Nutex Health Inc. Common Stock,Business Services,58,206.2899932861328,-8.315558539496525,92,92,B-
NUVB,Nuvation Bio Inc. Class A Common Stock,Biotechnology: Pharmaceutical Preparations,109,5.0,-47.589098322922716,48,34,D-
NUWE,Nuwellis Inc. Common Stock,Biotechnology: Electromedical & Electrotherapeutic Apparatus,58,0.6899999976158142,-99.52949196976928,2,18,A-
NVA,Nova Minerals Corp Common Stock,Precious Metals,43,4.860000133514404,-66.17483210473425,41,,A-
NVAX,Novavax Inc. Common Stock,Biotechnology: Biological Products (No Diagnostic Substances),99,12.75,0.0,93,42,A-
NVCR,NovoCure Limited Ordinary Shares,Medical/Dental Instruments,96,14.579999923706055,-27.063531312434296,63,8,E
NVCT,Nuvectis Pharma Inc. Common Stock,Biotechnology: Pharmaceutical Preparations,109,21.1200008392334,-25.972659197588545,98,8,B-
NVDA,NVIDIA Corporation Common Stock,Semiconductors,30,229.27999877929688,-4.163186124885698,80,94,B+
NVEC,NVE Corporation Common Stock,Semiconductors,30,113.81999969482422,-14.456884388755476,93,63,B
NVGS,Navigator Holdings Ltd. Ordinary Shares (Marshall Islands),Marine Transportation,3,23.93000030517578,-4.509174720064612,87,93,B+
NVMI,Nova Ltd. Ordinary Shares,Electronic Components,2,353.0,-41.71551460903339,36,87,D-
NVNO,enVVeno Medical Corporation Common Stock,Medical/Dental Instruments,96,8.75,-72.7371875145599,19,8,E
NVO,Novo Nordisk A/S Common Stock,Biotechnology: Pharmaceutical Preparations,109,38.63999938964844,-36.59115526454448,30,51,D-
NVR,NVR Inc. Common Stock,Homebuilding,98,5899.16015625,-27.14612792923523,35,54,E
NVRI,Enviri Corporation Common Stock,Environmental Services,67,19.75,-17.22548409562259,71,34,D
NVS,Novartis AG Common Stock,Biotechnology: Pharmaceutical Preparations,109,143.75,-12.15437734305036,55,66,B-
NVST,Envista Holdings Corporation Common Stock,Medical/Dental Instruments,96,23.0,-23.992069312519327,46,68,D
NVT,nVent Electric plc Ordinary Shares,Industrial Machinery/Components,91,167.42999267578125,-9.0529839879691,89,94,C-
NVTS,Navitas Semiconductor Corporation Common Stock,Semiconductors,30,10.779999732971191,-66.0899672144839,65,18,B-
NVVE,Nuvve Holding Corp. Common Stock,Electrical Products,8,1.149999976158142,-99.66444912113035,1,18,D
NVX,NOVONIX Limited American Depository Shares,Industrial Machinery/Components,91,2.497999906539917,-91.50340156819092,6,,D-
NWAX,New America Acquisition I Corp. Class A Common Stock,Blank Checks,42,10.045000076293945,-1.7123305886736495,54,,E
NWBI,Northwest Bancshares Inc. Common Stock,Major Banks,21,14.670000076293945,-7.206950697126735,72,65,C-
NWE,NorthWestern Energy Group Inc. Common Stock,Power Generation,84,74.1500015258789,-0.6431672855476078,73,48,B-
NWFL,Norwood Financial Corp. Common Stock,Major Banks,21,33.529998779296875,-4.879436087101063,79,54,A-
NWG,NatWest Group plc American Depositary Shares (each representing two (2) Ordinary Shares),Commercial Banks,21,17.1299991607666,-10.31414231077379,66,94,D+
NWGL,CL Workshop Group Limited American Depositary Shares,,,1.1699999570846558,-33.142859595162534,98,,A+
NWL,Newell Brands Inc. Common Stock,Plastic Products,8,5.639999866485596,-11.041013710647396,85,52,C-
NWN,Northwest Natural Holding Company Common Stock,Oil/Gas Transmission,40,47.72999954223633,-12.80180867420434,53,90,D-
NWPX,NWPX Infrastructure Inc. Common Stock,Steel/Iron Ore,17,101.31999969482422,-32.426305158679604,85,95,D+
NWS,News Corporation Class B Common Stock,Newspapers/Magazines,21,32.0099983215332,-9.098818078561132,66,85,D+
NWSA,News Corporation Class A Common Stock,Newspapers/Magazines,21,29.1200008392334,-6.3225957274352425,71,85,D-
NWTG,Newton Golf Company Inc. Common Stock,Recreational Games/Products/Toys,67,1.0800000429153442,-43.15789176486532,41,26,D-
NX,Quanex Building Products Corporation Common Stock,Metal Fabrications,39,18.290000915527344,-19.93018084460504,71,63,C-
NXB,NextBoat Inc. Common Stcok,Marine Transportation,3,2.0,-47.36842039219229,29,26,B+
NXDR,Nextdoor Holdings Inc. Class A Common Stock,Computer Software: Programming Data Processing,80,2.569999933242798,-7.220218377648491,87,26,B
NXDT,NexPoint Diversified Real Estate Trust Common Stock,Real Estate Investment Trusts,75,5.150000095367432,-10.386602679142232,84,26,B-
NXE,Nexgen Energy Ltd. Common Shares,Other Metals and Minerals,135,8.75,-37.140804942225294,41,8,D
NXGL,NexGel Inc Common Stock,Medical/Dental Instruments,96,0.20000000298023224,-92.80575521444166,4,26,C
NXL,Nexalin Technology Inc. Common Stock,Biotechnology: Electromedical & Electrotherapeutic Apparatus,58,3.630000114440918,-92.79761903860853,3,8,A-
NXPI,NXP Semiconductors N.V. Common Stock,Semiconductors,30,227.52000427246094,-31.067102402960224,48,70,D-
NXPL,NextPlat Corp Common Stock,Telecommunications Equipment,84,9.0,-8.163267093517012,90,26,C
NXRT,NexPoint Residential Trust Inc. Common Stock,Real Estate Investment Trusts,75,19.350000381469727,-34.86580265126743,21,26,D-
NXST,Nexstar Media Group Inc. Common Stock,Broadcasting,58,161.4499969482422,-35.10113563951693,37,48,C
NXT,Nextpower Inc. Class A Common Stock,Industrial Machinery/Components,91,86.11000061035156,-44.942452704093625,41,78,C
NXTC,NextCure Inc. Common Stock,Biotechnology: Pharmaceutical Preparations,109,7.179999828338623,-49.68465593543618,96,8,B+
NXTS,Nexentis Technologies Inc. Common Stock,Agricultural Chemicals,135,0.8579999804496765,-97.26403072783594,3,26,E
NXTT,Next Technology Holding Inc. Ordinary Shares,EDP Services,116,5.300000190734863,-99.78909668958477,1,43,C-
NXXT,NextNRG Inc. Common Stock,Retail-Auto Dealers and Gas Stations,110,0.6439999938011169,-78.09523873241116,91,8,E
NYAX,Nayax Ltd. Ordinary Shares,Computer Software: Prepackaged Software,40,45.595001220703125,-39.85621594900775,29,48,E
NYC,American Strategic Investment Co. Class A Common Stock,Real Estate Investment Trusts,75,5.659999847412109,-50.26362222765077,17,18,D-
NYT,New York Times Company (The) Common Stock,Newspapers/Magazines,21,66.31999969482422,-22.237083146888416,48,69,D+
NYXH,Nyxoah SA Ordinary Shares,Medical/Dental Instruments,96,1.3600000143051147,-78.71674424536265,11,18,B-
O,Realty Income Corporation Common Stock,Real Estate Investment Trusts,75,54.18000030517578,-17.28082359003701,41,85,E
OABI,OmniAb Inc. Common Stock,Biotechnology: Commercial Physical & Biological Resarch,12,4.789999961853027,-4.9603174978613325,99,8,A
OBA,Oxley Bridge Acquisition Limited Class A Ordinary Shares,Blank Checks,42,10.4399995803833,0.0,61,99,C+
OBAI,Our Bond Inc. Common Stock,Telecommunications Equipment,84,0.1899999976158142,-99.42424243146722,2,26,B
OBDC,Blue Owl Capital Corporation Common Stock,Diversified Financial Services,45,10.109999656677246,-15.178859970467718,46,37,E
OBE,Obsidian Energy Ltd. Common Shares,Oil & Gas Production,10,11.119999885559082,-23.098202930682056,91,70,B-
OBIO,Orchestra BioMed Holdings Inc. Ordinary Shares,Medicinal Chemicals and Botanical Products,134,5.949999809265137,-6.299214194879221,94,34,B+
OBK,Origin Bancorp Inc. Common Stock,Major Banks,21,51.560001373291016,-6.1823345785535055,81,81,D+
OBT,Orange County Bancorp Inc. Common Stock,Major Banks,21,36.93000030517578,-5.322971549101996,79,67,C-
OC,Owens Corning Inc Common Stock New,Industrial Machinery/Components,91,114.16000366210938,-28.165111390985732,40,48,C-
OCC,Optical Cable Corporation Common Stock,Telecommunications Equipment,84,15.800000190734863,-41.30757746673069,96,57,B-
OCFC,OceanFirst Financial Corp. Common Stock,Major Banks,21,16.079999923706055,-19.766294395818296,39,79,E
OCG,Oriental Culture Holding LTD Ordinary Shares,Other Consumer Services,99,1.840000033378601,-99.97207855522976,19,,B
OCGN,Ocugen Inc. Common Stock,Biotechnology: Biological Products (No Diagnostic Substances),99,0.9559999704360962,-61.451614391791324,15,18,E
OCS,Oculis Holding AG Ordinary shares,Biotechnology: Pharmaceutical Preparations,109,8.34000015258789,-74.45635600973104,10,18,D
OCSL,Oaktree Specialty Lending Corporation Common Stock,Finance: Consumer Services,112,11.600000381469727,-10.186962909711905,56,41,D-
OCTV,Octave Intelligence plc Class B Ordinary Shares,Computer Software: Prepackaged Software,40,20.520000457763672,-18.279570055827353,64,,C+
OCUL,Ocular Therapeutix Inc. Common Stock,Biotechnology: Pharmaceutical Preparations,109,7.539999961853027,-53.196774201186805,23,8,D
ODC,Oil-Dri Corporation Of America Common Stock,Miscellaneous manufacturing industries,127,85.9800033569336,-19.033411807576407,80,41,C
ODD,ODDITY Tech Ltd. Class A Ordinary Shares,Package Goods/Cosmetics,34,21.110000610351562,-59.11291850933485,53,50,B+
ODFL,Old Dominion Freight Line Inc. Common Stock,Trucking Freight/Courier Services,58,181.97000122070312,-26.726720564067776,48,75,D-
ODTX,Odyssey Therapeutics Inc. Common Stock,Biotechnology: Biological Products (No Diagnostic Substances),99,19.0,-33.93602277888888,74,,B+
ODYS,Odysight.ai Inc. Common Stock,Electronic Components,2,2.549999952316284,-65.06849471657911,12,26,E
OEC,Orion S.A. Common Shares,Major Chemicals,80,5.769999980926514,-30.108185149413035,44,31,C
OESX,Orion Energy Systems Inc. Common Stock,Building Products,80,25.829999923706055,-15.945329292294819,99,69,B+
OFAL,OFA Group Class A Ordinary Shares,Military/Government/Technical,103,0.550000011920929,-95.52845525697452,3,,A
OFG,OFG Bancorp Common Stock,Major Banks,21,50.540000915527344,-5.666480023057985,75,92,C
OFIX,Orthofix Medical Inc. Common Stock (DE),Medical/Dental Instruments,96,9.170000076293945,-43.499689864868515,21,32,C
OFLX,Omega Flex Inc. Common Stock,Industrial Specialties,84,26.31999969482422,-27.421989707675863,38,43,B-
OFRM,Once Upon a Farm PBC Common Stock,Packaged Foods,120,16.940000534057617,-34.645059860355886,43,26,C+
OFS,OFS Capital Corporation Common Stock,Finance/Investors Services,45,4.110000133514404,-32.35582115958982,62,46,B-
OGC,OceanaGold Corporation Common Shares,,,27.600000381469727,-34.68183871199846,64,,B+
OGE,OGE Energy Corp Common Stock,Electric Utilities: Central,67,46.5,-6.017664031214942,57,48,D
OGEN,Oragenics Inc. Common Stock,Biotechnology: Pharmaceutical Preparations,109,0.46000000834465027,-66.90647387922898,17,8,D
OGI,Organigram Global Inc. Common Shares,Biotechnology: Pharmaceutical Preparations,109,0.9589999914169312,-54.54976118027823,27,64,D-
OGN,Organon & Co. Common Stock,Biotechnology: Pharmaceutical Preparations,109,13.8100004196167,0.0,88,47,A-
OGS,ONE Gas Inc. Common Stock,Oil/Gas Transmission,40,72.5,-18.664431120831683,41,67,E
OHI,Omega Healthcare Investors Inc. Common Stock,Real Estate Investment Trusts,75,44.40999984741211,-12.964847766057275,58,90,D+
OI,O-I Glass Inc. Common Stock,Containers/Packaging,102,6.079999923706055,-63.43956566125417,12,35,C-
OIA,Invesco Municipal Income Opportunities Trust Common Stock,Finance Companies,52,5.730000019073486,-7.422155929203223,50,,D-
OII,Oceaneering International Inc. Common Stock,Oilfield Services/Equipment,37,44.810001373291016,-17.187209632522904,89,81,C
OIO,OIO Group Ordinary Shares,Environmental Services,67,1.7000000476837158,-85.83333293596903,8,,C-
OIS,Oil States International Inc. Common Stock,Oil and Gas Field Machinery,27,8.170000076293945,-43.22446225593741,55,87,C-
OKE,ONEOK Inc. Common Stock,Oil & Gas Production,10,89.80000305175781,-7.906880233374491,74,82,B-
OKLO,Oklo Inc. Class A common stock,Electric Utilities: Central,67,34.70000076293945,-80.07350356921951,13,8,D
OKTA,Okta Inc. Class A Common Stock,Computer Software: Prepackaged Software,40,232.1300048828125,0.0,98,92,A-
OKUR,OnKure Therapeutics Inc. Class A Common Stock,Biotechnology: Pharmaceutical Preparations,109,2.4100000858306885,-54.26944792119357,19,8,C-
OKYO,OKYO Pharma Limited Ordinary Shares,Biotechnology: Biological Products (No Diagnostic Substances),99,1.4199999570846558,-54.34083585263585,29,,C
OLB,The OLB Group Inc. Common Stock,Business Services,58,0.4950000047683716,-66.99999968210857,64,8,A+
OLED,Universal Display Corporation Common Stock,Electrical Products,8,74.95999908447266,-49.43611230078018,26,49,D+
OLLI,Ollie's Bargain Outlet Holdings Inc. Common Stock,Department/Specialty Retail Stores,21,85.33000183105469,-35.769666608395745,55,79,B-
OLMA,Olema Pharmaceuticals Inc. Common Stock,Biotechnology: Pharmaceutical Preparations,109,7.820000171661377,-78.17471456313574,13,8,D+
OLN,Olin Corporation Common Stock,Major Chemicals,80,14.890000343322754,-49.67219373422511,17,33,C+
OLOX,Olenox Industries Inc. Common Stock,RETAIL: Building Materials,122,0.906000018119812,-98.5480769295429,2,8,A-
OLP,One Liberty Properties Inc. Common Stock,Real Estate Investment Trusts,75,21.959999084472656,-11.916799084385977,58,90,E
OM,Outset Medical Inc. Common Stock,Biotechnology: Electromedical & Electrotherapeutic Apparatus,58,4.050000190734863,-73.921440693032,28,8,B-
OMAB,Grupo Aeroportuario del Centro Norte S.A.B. de C.V. ADS,Aerospace,131,90.27999877929688,-31.17139695916332,34,90,D-
OMC,Omnicom Group Inc. Common Stock,Advertising,131,76.4800033569336,-13.125220341779787,53,81,E
OMCL,Omnicell Inc. Common Stock ($0.001 par value),Computer Manufacturing,106,35.81999969482422,-30.29772305846827,38,76,C
OMDA,Omada Health Inc. Common Stock,Medical/Nursing Services,18,21.549999237060547,-19.529504538784526,80,63,B-
OMER,Omeros Corporation Common Stock,Biotechnology: Pharmaceutical Preparations,109,19.829999923706055,-5.795721413645305,98,96,B
OMEX,Odyssey Marine Exploration Inc. Common Stock,Marine Transportation,3,0.6650000214576721,-83.85922233181246,17,35,C-
OMF,OneMain Holdings Inc. Common Stock,Finance: Consumer Services,112,56.06999969482422,-17.09365783782424,52,55,E
OMH,Ohmyhome Limited Class A Ordinary Shares,Real Estate,99,2.4649999141693115,-97.37765966577733,2,,B+
OMSE,OMS Energy Technologies Inc. Ordinary Shares,Oil and Gas Field Machinery,27,4.420000076293945,-34.80826047911162,55,,B-
ON,ON Semiconductor Corporation Common Stock,Semiconductors,30,77.52999877929688,-42.11154855583238,74,82,D
ONB,Old National Bancorp Common Stock,Major Banks,21,24.579999923706055,-9.424861531498008,62,88,C
ONC,BeOne Medicines Ltd. American Depositary Shares,Biotechnology: Pharmaceutical Preparations,109,354.4700012207031,-6.093199439854857,73,95,D+
ONCO,Onconetix Inc. Common Stock,Biotechnology: Pharmaceutical Preparations,109,0.6200000047683716,-99.69902912389885,5,26,A+
ONCY,Oncolytics Biotech Inc. Common Stock,Biotechnology: Pharmaceutical Preparations,109,0.5600000023841858,-55.90551096105967,13,8,D-
ONDS,Ondas Inc. Common Stock,Radio And Television Broadcasting And Communications Equipment,78,6.730000019073486,-51.962884303174484,25,8,C+
ONEG,OneConstruction Group Limited Ordinary Shares,Homebuilding,98,0.9919999837875366,-92.18897638830015,10,,E
ONEW,OneWater Marine Inc. Class A Common Stock,Auto & Home Supply Stores,95,9.350000381469727,-44.87027779364736,27,33,C+
ONFO,Onfolio Holdings Inc. Common Stock,EDP Services,116,0.7139999866485596,-99.04800001780191,1,26,B+
ONIT,Onity Group Inc. Common Stock,Finance: Consumer Services,112,26.600000381469727,-50.14057892733999,18,44,D
ONL,Orion Properties Inc. Common Stock,Real Estate Investment Trusts,75,2.1700000762939453,-26.590649253234776,39,52,B-
ONMD,OneMedNet Corp Class A Common Stock,Biotechnology: Commercial Physical & Biological Resarch,12,4.300000190734863,-86.30573171027277,9,26,B-
ONON,On Holding AG Class A Ordinary Shares,Shoe Manufacturing,66,35.09000015258789,-30.693266023479936,38,90,B+
ONT,Onterris Inc. Common Stock,Professional Services,47,13.8100004196167,-53.859003411942695,15,83,D
ONTO,Onto Innovation Inc. Common Stock,Industrial Machinery/Components,91,294.5299987792969,-22.174662629374133,89,80,D+
OOMA,Ooma Inc. Common Stock,EDP Services,116,20.040000915527344,-14.285707293112427,90,97,E
OPAD,Offerpad Solutions Inc. Class A Common Stock,Real Estate,99,2.7100000381469727,-56.077795710907786,93,8,D-
OPAL,OPAL Fuels Inc. Class A Common Stock,Natural Gas Distribution,28,1.7300000190734863,-37.76978284612611,26,70,E
OPBK,OP Bancorp Common Stock,Major Banks,21,14.890000343322754,-7.032531028560407,65,90,B-
OPCH,Option Care Health Inc. Common Stock,Medical/Nursing Services,18,31.06999969482422,-15.086090283531362,82,82,A-
OPEN,Opendoor Technologies Inc Common Stock,Real Estate,99,2.2200000286102295,-76.30736333271825,8,8,E
OPFI,OppFi Inc. Class A Common Stock,Finance: Consumer Services,112,5.929999828338623,-47.89103893932646,16,58,D
OPHC,OptimumBank Holdings Inc. Common Stock,Major Banks,21,8.699999809265137,-13.86139128047107,95,45,B-
OPI,Office Properties Income Trust Common shares of beneficial interest,Real Estate,99,15.520000457763672,-54.150661278082545,16,,C
OPK,OPKO Health Inc. Common Stock,Biotechnology: Pharmaceutical Preparations,109,1.3799999952316284,-20.231215027922534,67,8,C-
OPLN,OPENLANE Inc. Common Stock,Retail-Auto Dealers and Gas Stations,110,36.709999084472656,-14.428909606616692,74,77,B
OPRA,Opera Limited American Depositary Shares,Computer Software: Prepackaged Software,40,17.579999923706055,-14.285715614229023,69,72,C-
OPRT,Oportun Financial Corporation Common Stock,Finance: Consumer Services,112,8.920000076293945,0.0,95,44,A-
OPRX,OptimizeRx Corporation Common Stock,Business Services,58,8.279999732971191,-61.80811985046668,54,60,A-
OPTH,Optimi Health Corp. Common Shares,,,4.019999980926514,-33.88157843140023,24,26,C+
OPTT,Ocean Power Technologies Inc. Common Stock,Electric Utilities: Central,67,0.8500000238418579,-85.83333293596903,99,,E
OPTU,Optimum Communications Inc. Class A common stock,Cable & Other Pay Television Services,127,0.9300000071525574,-63.95348702891999,18,8,B
OPTX,Syntec Optics Holdings Inc. Class A Common Stock,Electronic Components,2,8.09000015258789,-42.664774277584925,97,,B+
OPXS,Optex Systems Holdings Inc. Common Stock,Electronic Components,2,10.109999656677246,-41.62817647336077,25,56,E
OPY,Oppenheimer Holdings Inc. Class A Common Stock (DE),Investment Bankers/Brokers/Service,49,113.94000244140625,-8.658005136538582,85,90,B
OR,OR Royalties Inc. Common Shares,Precious Metals,43,34.84000015258789,-26.603937661343245,60,98,B-
ORA,Ormat Technologies Inc. Common Stock,Electric Utilities: Central,67,88.91999816894531,-38.651007961999696,30,80,E
ORBS,Eightco Holdings Inc. Common Stock,,,0.8399999737739563,-91.66666686377198,33,38,B+
ORC,Orchid Island Capital Inc. Common Stock,Real Estate Investment Trusts,75,5.079999923706055,-30.08480493761826,29,39,E
ORCL,Oracle Corporation Common Stock,Computer Software: Prepackaged Software,40,141.39999389648438,-54.2198433983785,39,88,D+
ORGO,Organogenesis Holdings Inc. Class A Common Stock,Biotechnology: Pharmaceutical Preparations,109,1.2899999618530273,-80.27522982603318,9,8,E
ORI,Old Republic International Corporation Common Stock,Property-Casualty Insurers,52,38.16999816894531,-13.759714709957539,45,76,E
ORIC,Oric Pharmaceuticals Inc. Common Stock,Biotechnology: Pharmaceutical Preparations,109,11.989999771118164,-18.15699601826316,76,8,D
ORIO,Orion Digital Corp. Common Shares,Finance: Consumer Services,112,1.0049999952316284,-47.38219828299924,67,38,B+
ORIQ,Origin Investment Corp I Ordinary Shares,,,10.40999984741211,-0.2873537756415301,60,99,C
ORKA,Oruka Therapeutics Inc. Common Stock,Biotechnology: In Vitro & In Vivo Diagnostic Substances,112,82.11000061035156,-27.38769076690797,97,8,C-
ORKT,Orangekloud Technology Inc. Class A Ordinary Shares,Computer Software: Prepackaged Software,40,1.0099999904632568,-56.652359504940684,46,,D+
ORLY,O'Reilly Automotive Inc. Common Stock,Auto & Home Supply Stores,95,86.44999694824219,-16.10869055013818,46,80,D
ORMP,Oramed Pharmaceuticals Inc. Common Stock,Biotechnology: Pharmaceutical Preparations,109,4.329999923706055,-18.91386142362498,88,95,B
ORN,Orion Group Holdings Inc. Common,Military/Government/Technical,103,9.149999618530273,-46.61610300840302,31,46,B-
ORRF,Orrstown Financial Services Inc. Common Stock,Major Banks,21,40.900001525878906,-5.93375814977003,71,75,C-
OSBC,Old Second Bancorp Inc. Common Stock,Major Banks,21,24.610000610351562,-5.017364896628473,81,54,A-
OSCR,Oscar Health Inc. Class A Common Stock,Medical Specialities,15,33.369998931884766,-1.301397289364914,94,94,B-
OSG,Octave Specialty Group Inc. Common Stock,Property-Casualty Insurers,52,4.619999885559082,-54.166667455087904,27,64,C-
OSIS,OSI Systems Inc. Common Stock (DE),Semiconductors,30,194.91000366210938,-37.06083432190921,29,69,E
OSK,Oshkosh Corporation (Holding Company)Common Stock,Auto Manufacturing,137,125.2300033569336,-29.0489848095989,37,58,D-
OSPN,OneSpan Inc. Common Stock,EDP Services,116,18.219999313354492,-1.0857804674867966,89,70,B-
OSRH,OSR Health Inc. Common Stock,Medical/Dental Instruments,96,0.19499999284744263,-76.13219099605055,8,26,B
OSS,One Stop Systems Inc. Common Stock,Computer Manufacturing,106,7.739999771118164,-61.203010149771316,38,44,E
OSTX,OS Therapies Incorporated Common Stock,Biotechnology: Pharmaceutical Preparations,109,1.6200000047683716,-27.678571523604344,59,26,D
OSUR,OraSure Technologies Inc. Common Stock,Medical/Dental Instruments,96,3.9000000953674316,-13.333331214057075,77,63,B+
OSW,OneSpaWorld Holdings Limited Common Shares,Hotels/Resorts,74,23.739999771118164,-17.0661550592616,56,93,E
OTEX,Open Text Corporation Common Shares,EDP Services,116,23.700000762939453,-37.73109245381959,43,82,C
OTF,Blue Owl Technology Finance Corp. Common Stock,,,9.359999656677246,-28.850808155775777,36,58,D-
OTIS,Otis Worldwide Corporation Common Stock,Consumer Electronics/Appliances,104,65.94999694824219,-28.69925980573056,32,56,D-
OTLK,Outlook Therapeutics Inc. Common Stock,Biotechnology: Biological Products (No Diagnostic Substances),99,0.5989999771118164,-75.74898906179973,44,26,D+
OTLY,Oatly Group AB American Depositary Shares,Packaged Foods,120,10.59000015258789,-33.43808765459894,44,18,D+
OTTR,Otter Tail Corporation Common Stock,Electric Utilities: Central,67,87.45999908447266,-6.652800304350992,62,69,C-
OUST,Ouster Inc. Common Stock,Industrial Machinery/Components,91,39.900001525878906,-36.180420291529025,88,8,B-
OUT,OUTFRONT Media Inc. Common Stock,Real Estate Investment Trusts,75,29.979999542236328,-10.321414532033335,79,93,E
OVBC,Ohio Valley Banc Corp. Common Stock,Major Banks,21,44.7400016784668,-10.219534291970621,70,45,B-
OVID,Ovid Therapeutics Inc. Common Stock,Biotechnology: Pharmaceutical Preparations,109,2.4600000381469727,-16.89189167419779,79,18,D+
OVLY,Oak Valley Bancorp (CA) Common Stock,Major Banks,21,33.369998931884766,-4.32913443231171,67,45,A
OVV,Ovintiv Inc. (DE),Oil & Gas Production,10,63.880001068115234,-4.614006415207661,89,40,B
OWL,Blue Owl Capital Inc. Class A Common Stock,Investment Managers,58,9.489999771118164,-40.330241486868616,42,90,C+
OWLS,OBOOK Holdings Inc. Class A Common Shares,Computer Software: Prepackaged Software,40,5.360000133514404,-90.35103473063877,23,,C-
OWLT,Owlet Inc. Class A Common Stock,Industrial Machinery/Components,91,4.730000019073486,-71.3680394188452,17,18,B
OXBR,Oxbridge Re Holdings Limited Ordinary Shares,Property-Casualty Insurers,52,1.0199999809265137,-46.315789803903854,27,63,B-
OXLC,Oxford Lane Capital Corp. Common Stock,Investment Managers,58,8.5600004196167,-29.451343745976732,39,,D-
OXM,Oxford Industries Inc. Common Stock,Garments and Clothing,64,25.3799991607666,-45.44785067115511,19,54,C-
OXSQ,Oxford Square Capital Corp. Common Stock,Blank Checks,42,1.3200000524520874,-24.03087760992507,44,31,D-
OXY,Occidental Petroleum Corporation Common Stock,Oil & Gas Production,10,60.11000061035156,-8.416744984054636,81,95,B+
OZK,Bank OZK Common Stock,Major Banks,21,44.40999984741211,-16.34959555514839,41,52,E
P,Everpure Inc. Class A common stock,Electronic Components,2,154.49000549316406,0.0,98,95,B+
PAAS,Pan American Silver Corp. Common Stock,Precious Metals,43,46.27000045776367,-32.015598507968804,57,81,B
PAC,Grupo Aeroportuario Del Pacifico S.A. B. de C.V. Grupo Aeroportuario Del Pacifico S.A. de C.V. (each representing 10 Series B shares),Aerospace,131,201.5,-32.9250033142571,33,46,C+
PACB,Pacific Biosciences of California Inc. Common Stock,Biotechnology: Laboratory Analytical Instruments,4,2.3299999237060547,-18.81533043154927,93,18,A
PACH,Pioneer Acquisition I Corp Class A Ordinary Shares,,,10.380000114440918,-0.1923029309897406,61,99,E
PACK,Ranpak Holdings Corp Class A Common Stock,Containers/Packaging,102,3.7100000381469727,-51.43978922798627,18,18,E
PACS,PACS Group Inc. Common Stock,Hospital/Nursing Management,32,43.29999923706055,-10.629517945886723,93,85,C
PAG,Penske Automotive Group Inc. Common Stock,Retail-Auto Dealers and Gas Stations,110,196.16000366210938,-11.627137374789765,76,46,D
PAGS,PagSeguro Digital Ltd. Class A Common Shares,EDP Services,116,11.15999984741211,-1.9123807863365982,81,85,B-
PAHC,Phibro Animal Health Corporation Class A Common Stock,Biotechnology: Pharmaceutical Preparations,109,38.29999923706055,-35.24254485111889,56,89,A
PAL,Proficient Auto Logistics Inc. Common Stock,Transportation Services,90,3.5799999237060547,-66.0341561986433,10,18,E
PALI,Palisade Bio Inc. Common Stock,Biotechnology: Biological Products (No Diagnostic Substances),99,1.5399999618530273,-45.000000425747466,30,26,D
PAM,Pampa Energia S.A.,Electric Utilities: Central,67,80.33999633789062,-12.929446991664385,61,86,B
PAMT,PAMT CORP Common Stock,Trucking Freight/Courier Services,58,12.779999732971191,-27.220956027031782,70,26,B+
PANL,Pangaea Logistics Solutions Ltd. Common Shares,Marine Transportation,3,8.319999694824219,-9.30750354020995,87,78,B-
PANW,Palo Alto Networks Inc. Common Stock,Computer peripheral equipment,47,418.7799987792969,-0.2691064449423797,97,85,B-
PAPL,Pineapple Financial Inc. Common Stock,Finance: Consumer Services,112,0.8450000286102295,-85.55555483101665,23,38,D
PAR,PAR Technology Corporation Common Stock,Office Equipment/Supplies/Services,64,15.510000228881836,-60.9516622552428,28,18,C-
PARK,Park Dental Partners Inc. Common Stock,Misc Health and Biotechnology Services,30,20.25,-12.147502515135077,87,31,A-
PARR,Par Pacific Holdings Inc.  Common Stock,Oil & Gas Production,10,81.88999938964844,-6.571593880155058,94,88,C-
PASG,Passage Bio Inc. Common Stock,Biotechnology: Biological Products (No Diagnostic Substances),99,3.690000057220459,-81.41057941406828,12,26,C+
PASW,Ping An Biomedical Co. Ltd. Class A Ordinary Shares,Apparel,116,0.12200000137090683,-87.79999986290932,12,,A
PATH,UiPath Inc. Class A Common Stock,Computer Software: Prepackaged Software,40,13.479999542236328,-30.119238452779427,68,79,B-
PATK,Patrick Industries Inc. Common Stock,Auto Parts:O.E.M.,91,63.459999084472656,-55.833618560498934,17,49,E
PAVM,PAVmed Inc. Common Stock,Medical/Dental Instruments,96,2.7899999618530273,-83.24324308843855,7,42,E
PAVS,Paranovus Entertainment Technology Ltd. Class A Ordinary Shares,Medicinal Chemicals and Botanical Products,134,3.640000104904175,-99.99733918120987,4,,B+
PAX,Patria Investments Limited Class A Common Shares,Investment Managers,58,11.670000076293945,-30.985019143565296,46,,B-
PAY,Paymentus Holdings Inc. Class A Common Stock,Business Services,58,31.8799991607666,-28.5201788083809,72,99,C-
PAYC,Paycom Software Inc. Common Stock,Computer Software: Prepackaged Software,40,232.22000122070312,-3.4508576851493666,94,82,A-
PAYO,Payoneer Global Inc. Common Stock,Business Services,58,7.139999866485596,-0.5571025460913259,82,59,B+
PAYP,PayPay Corporation American Depository Shares,Business Services,58,15.710000038146973,-36.03420040813845,42,94,C
PAYS,Paysign Inc. Common Stock,EDP Services,116,15.369999885559082,0.0,98,90,B+
PAYX,Paychex Inc. Common Stock,Diversified Commercial Services,77,103.9800033569336,-18.34458430403312,53,72,D+
PB,Prosperity Bancshares Inc. Common Stock,Major Banks,21,66.11000061035156,-11.402703365915501,49,55,E
PBA,Pembina Pipeline Corp. Ordinary Shares (Canada),Oil & Gas Production,10,47.310001373291016,-6.8684241769288,72,54,B
PBF,PBF Energy Inc. Class A Common Stock,Integrated oil Companies,1,84.2699966430664,-5.674949521655559,98,64,B+
PBFS,Pioneer Bancorp Inc. Common Stock,Banks,19,17.399999618530273,-6.148874005946315,79,53,D
PBH,Prestige Consumer Healthcare Inc. Common Stock,Biotechnology: Pharmaceutical Preparations,109,48.22999954223633,-31.306081510970042,36,57,D+
PBHC,Pathfinder Bancorp Inc. Common Stock (MD),Major Banks,21,16.959999084472656,-7.271742834772521,75,63,B-
PBI,Pitney Bowes Inc. Common Stock,Office Equipment/Supplies/Services,64,16.799999237060547,-8.714229719525468,87,83,B+
PBK,PowerBank Corporation Common Stock,Power Generation,84,0.22699999809265137,-89.44186102215696,4,,C+
PBLS,Parabilis Medicines Inc. Common Stock,Biotechnology: Pharmaceutical Preparations,109,27.479999542236328,-34.14809527035124,40,,C
PBM,Psyence Biomedical Ltd. Common Shares,Biotechnology: Pharmaceutical Preparations,109,4.96999979019165,-96.56129744246199,72,,A
PBR,Petroleo Brasileiro S.A. Petrobras ADS,Oil & Gas Production,10,25.299999237060547,0.0,95,92,A-
PBT,Permian Basin Royalty Trust Common Stock,Oil & Gas Production,10,34.86000061035156,-3.4016818348642452,95,51,A
PBYI,Puma Biotechnology Inc Common Stock,Biotechnology: Pharmaceutical Preparations,109,10.289999961853027,0.0,93,48,B-
PCAR,PACCAR Inc. Common Stock,Motor Vehicles,123,108.04000091552734,-21.622111822143697,45,71,E
PCB,PCB Bancorp Common Stock,Major Banks,21,27.729999542236328,-8.724172454707569,77,85,B-
PCG,Pacific Gas & Electric Co. Common Stock,Power Generation,84,13.130000114440918,-30.61014753417051,26,77,C
PCLA,PicoCELA Inc. American Depositary Shares,Building Products,80,6.614999771118164,-53.085109275517304,90,,A+
PCOR,Procore Technologies Inc. Common Stock,Computer Software: Prepackaged Software,40,56.209999084472656,-29.38442190705921,65,92,B-
PCRX,Pacira BioSciences Inc. Common Stock,Biotechnology: Pharmaceutical Preparations,109,36.310001373291016,-0.21983516817584148,92,56,A-
PCSA,Processa Pharmaceuticals Inc. Common Stock,Biotechnology: Pharmaceutical Preparations,109,1.5199999809265137,-86.21315162340892,11,26,B+
PCT,PureCycle Technologies Inc. Common stock,Major Chemicals,80,3.9200000762939453,-74.09120920922877,10,8,E
PCTY,Paylocity Holding Corporation Common Stock,Computer Software: Prepackaged Software,40,153.9600067138672,-3.9071242411319096,82,86,B-
PCVX,Vaxcyte Inc. Common Stock,Biotechnology: Pharmaceutical Preparations,109,71.37999725341797,-3.305340627869613,90,8,B-
PCYO,Pure Cycle Corporation Common Stock,Water Supply,43,11.109999656677246,-6.951423390916145,57,78,C+
PD,PagerDuty Inc. Common Stock,Computer Software: Prepackaged Software,40,16.15999984741211,-1.162082749997695,94,94,B+
PDC,Perpetuals.com Ltd American Depositary Shares,EDP Services,116,3.25,-60.96096006653382,37,,B-
PDCC,Pearl Diver Credit Company Inc. Common Stock,,,7.949999809265137,-43.314409302384405,25,,E
PDD,PDD Holdings Inc. American Depositary Shares,EDP Services,116,81.3499984741211,-41.10620748682572,29,67,D
PDEX,Pro-Dex Inc. Common Stock,Medical/Dental Instruments,96,62.4900016784668,-14.875359540785505,87,77,C-
PDFS,PDF Solutions Inc. Common Stock,Computer Software: Prepackaged Software,40,54.400001525878906,-23.152986548490627,92,96,B-
PDLB,Ponce Financial Group Inc. Common Stock,Savings Institutions,14,20.049999237060547,-3.420043275498219,77,87,C-
PDM,Piedmont Realty Trust Inc. Class A Common Stock,Building operators,34,9.029999732971191,-9.337352425842004,66,8,B-
PDS,Precision Drilling Corporation Common Stock,Oil & Gas Production,10,84.13999938964844,-17.477441991795782,73,44,B-
PDSB,PDS Biotechnology Corporation Common Stock,Biotechnology: Pharmaceutical Preparations,109,1.3799999952316284,-3.4965002902287767,93,8,A
PDYN,Palladyne AI Corp. Common Stock,Computer Software: Prepackaged Software,40,5.039999961853027,-51.06796244152842,30,8,C-
PEB,Pebblebrook Hotel Trust Common Shares of Beneficial Interest,Real Estate Investment Trusts,75,19.1200008392334,-3.138101916349878,90,33,C
PEBK,Peoples Bancorp of North Carolina Inc. Common Stock,Major Banks,21,43.779998779296875,-2.797518007589761,78,8,A-
PEBO,Peoples Bancorp Inc. Common Stock,Major Banks,21,35.79999923706055,-14.362781321273054,68,80,B-
PECO,Phillips Edison & Company Inc. Common Stock,Real Estate Investment Trusts,75,37.56999969482422,-14.147737980857656,57,85,D
PED,Pedevco Corp. Common Stock,Oil & Gas Production,10,13.470000267028809,-25.907590534011447,65,97,B-
PEG,Public Service Enterprise Group Incorporated Common Stock,Power Generation,84,72.27999877929688,-14.705465561347363,42,61,C-
PEGA,Pegasystems Inc. Common Stock,EDP Services,116,35.650001525878906,-46.19875129330008,37,70,C
PEN,Penumbra Inc. Common Stock,Medical/Dental Instruments,96,319.3999938964844,-11.12966073436299,63,87,C
PENG,Penguin Solutions Inc. Common Stock,Semiconductors,30,76.27999877929688,-6.278413378390413,98,75,A-
PENN,PENN Entertainment Inc. Common Stock,Hotels/Resorts,74,15.479999542236328,-29.82774289666087,41,67,D
PEP,PepsiCo Inc. Common Stock,Beverages (Production/Distribution),104,125.97000122070312,-23.863778786934464,41,68,C-
PEPG,PepGen Inc. Common Stock,Biotechnology: Pharmaceutical Preparations,109,2.619999885559082,-63.45885833081725,45,8,C+
PERF,Perfect Corp. Class A Ordinary Share,Computer Software: Prepackaged Software,40,1.9199999570846558,-8.133969572540567,64,53,B-
PERI,Perion Network Ltd. Ordinary Shares,EDP Services,116,8.859999656677246,-19.89150704766155,46,45,D-
PESI,Perma-Fix Environmental Services Inc. Common Stock,Environmental Services,67,13.760000228881836,-29.181677752128323,69,26,E
PETS,PetMed Express Inc. Common Stock,Retail-Drug Stores and Proprietary Stores,133,1.2899999618530273,-66.9230787100406,13,1,E
PETZ,TDH Holdings Inc. Common Shares,Steel/Iron Ore,17,1.2599999904632568,-25.882355581105298,73,,C
PEW,GrabAGun Digital Holdings Inc. Common Stock,Other Specialty Stores,115,1.8600000143051147,-61.7283958187858,14,18,E
PFAI,Pinnacle Food Group Limited Class A Common Shares,Farming/Seeds/Milling,116,3.049999952316284,-39.84221205032353,68,,A-
PFE,Pfizer Inc. Common Stock,Biotechnology: Pharmaceutical Preparations,109,28.280000686645508,-2.549964712079089,77,40,B-
PFG,Principal Financial Group Inc Common Stock,Accident &Health Insurance,10,107.23999786376953,-9.509749446722449,75,56,D
PFGC,Performance Food Group Company Common Stock,Food Distributors,52,94.87999725341797,-18.66266951366584,48,57,E
PFIS,Peoples Financial Services Corp. Common Stock,Major Banks,21,67.25,-6.662044203259343,83,46,D
PFLT,PennantPark Floating Rate Capital Ltd. Common Stock,Finance: Consumer Services,112,6.679999828338623,-23.646509469070597,39,51,E
PFS,Provident Financial Services Inc Common Stock,Savings Institutions,14,22.09000015258789,-11.77201960597748,64,49,E
PFSA,Profusa Inc. Common Stock,Medical/Dental Instruments,96,1.4199999570846558,-99.9439842226002,1,26,A
PFSI,PennyMac Financial Services Inc. Common Stock,Finance: Consumer Services,112,59.900001525878906,-62.03376200345657,15,40,E
PFX,PhenixFIN Corporation Common Stock,Finance: Consumer Services,112,44.94499969482422,-17.3956996492035,61,99,B-
PG,Procter & Gamble Company (The) Common Stock,Package Goods/Cosmetics,34,151.22999572753906,-8.190066676312979,64,64,B-
PGC,Peapack-Gladstone Financial Corporation Common Stock,Commercial Banks,21,43.369998931884766,-10.165647615019324,82,91,E
PGEN,Precigen Inc. Common Stock,Biotechnology: Pharmaceutical Preparations,109,7.809999942779541,-8.76168738401466,96,38,A-
PGNY,Progyny Inc. Common Stock,Misc Health and Biotechnology Services,30,27.93000030517578,-13.689741105130505,78,75,B-
PGR,Progressive Corporation (The) Common Stock,Property-Casualty Insurers,52,217.42999267578125,-7.226656548260657,54,76,D-
PGY,Pagaya Technologies Ltd. Class A Ordinary Shares,Finance: Consumer Services,112,18.219999313354492,-39.90765337486221,54,89,D-
PH,Parker-Hannifin Corporation Common Stock,Metal Fabrications,39,962.5599975585938,-10.1847881094295,68,75,D+
PHAR,Pharming Group N.V. ADS each representing 10 ordinary shares,Biotechnology: Pharmaceutical Preparations,109,9.789999961853027,-53.77714909918754,17,53,B+
PHAT,Phathom Pharmaceuticals Inc. Common Stock,Biotechnology: Pharmaceutical Preparations,109,7.25,-59.90044230866407,14,8,C
PHG,Koninklijke Philips N.V. NY Registry Shares,Medical Electronics,106,24.239999771118164,-23.474515663416128,38,93,E
PHI,PLDT Inc. Sponsored ADR,Telecommunications Equipment,84,18.399999618530273,-18.852597189900035,53,58,D+
PHIN,PHINIA Inc. Common Stock,Auto Parts:O.E.M.,91,57.83000183105469,-31.793469898273663,35,90,D-
PHIO,Phio Pharmaceuticals Corp. Common Stock,Biotechnology: Pharmaceutical Preparations,109,0.9789999723434448,-58.51694848047045,29,26,C+
PHM,PulteGroup Inc. Common Stock,Homebuilding,98,112.12000274658203,-20.844467205631368,42,56,E
PHOE,Phoenix Asia Holdings Limited Ordinary Shares,Engineering & Construction,67,17.510000228881836,-86.8464536725174,68,,B+
PHR,Phreesia Inc. Common Stock,Business Services,58,10.8100004196167,-54.656038798543186,38,97,C-
PHUN,Phunware Inc. Common Stock,EDP Services,116,2.109999895095825,-29.666670163472496,47,8,B+
PHVS,Pharvaris N.V. Ordinary Shares,Biotechnology: Pharmaceutical Preparations,109,31.100000381469727,-19.96912019300051,72,8,B-
PI,Impinj Inc. Common Stock,Industrial Machinery/Components,91,189.6300048828125,-21.611342229699424,84,36,B-
PICS,PicS N.V. Class A Common Shares,Finance: Consumer Services,112,13.600000381469727,-28.42105062384355,51,96,B-
PII,Polaris Inc. Common Stock,Industrial Specialties,84,51.599998474121094,-30.18814775269568,31,68,D-
PIII,P3 Health Partners Inc. Class A Common Stock,Medical/Nursing Services,18,4.949999809265137,-69.94535509633269,52,18,D-
PIM,Putnam Master Intermediate Income Trust Common Stock,Finance Companies,52,3.0,-5.5492723910328,49,,E
PINE,Alpine Income Property Trust Inc. Common Stock,Real Estate Investment Trusts,75,17.920000076293945,-16.192481708441342,65,63,C-
PINS,Pinterest Inc. Class A Common Stock,Computer Software: Programming Data Processing,80,21.399999618530273,-39.273556755797145,42,77,B-
PIPR,Piper Sandler Companies Common Stock,Investment Bankers/Brokers/Service,49,65.27999877929688,-29.245651231944215,32,67,E
PJT,PJT Partners Inc. Class A Common Stock,Investment Managers,58,137.27999877929688,-27.94689484596784,34,81,E
PK,Park Hotels & Resorts Inc. Common Stock,Hotels/Resorts,74,15.170000076293945,-4.653356053157099,87,95,C
PKBK,Parke Bancorp Inc. Common Stock,Major Banks,21,32.189998626708984,-7.804694977252769,80,69,D-
PKE,Park Aerospace Corp. Common Stock,Military/Government/Technical,103,26.3799991607666,-30.704858885731777,51,75,D-
PKG,Packaging Corporation of America Common Stock,Containers/Packaging,102,230.50999450683594,-9.87767176166814,68,68,C-
PKOH,Park-Ohio Holdings Corp. Common Stock,Industrial Specialties,84,49.029998779296875,-6.627308424059231,97,76,B-
PKX,POSCO HOLDINGS INC. American Depositary Shares (Each representing 1/4th of a share of Common Stock),Steel/Iron Ore,17,57.47999954223633,-37.3310087470192,70,,C
PL,Planet Labs PBC Class A Common Stock,Radio And Television Broadcasting And Communications Equipment,78,17.18000030517578,-66.57587588489471,23,18,D-
PLAB,Photronics Inc. Common Stock,Semiconductors,30,29.6200008392334,-46.10625667277046,53,76,C+
PLAG,Planet Green Holdings Corp. Common Stock,Packaged Foods,120,0.7099999785423279,-87.7796904382987,7,37,A
PLAY,Dave & Buster's Entertainment Inc. Common Stock,Restaurants,89,6.900000095367432,-67.40670727207973,12,18,D
PLBC,Plumas Bancorp,Finance Companies,52,60.959999084472656,-4.105711220514707,83,66,B+
PLBL,Polibeli Group Ltd Class A Ordinary Shares,Consumer Electronics/Appliances,104,5.639999866485596,-52.000001136292795,20,,C+
PLBY,Playboy Inc. Common Stock,Other Specialty Stores,115,0.9829999804496765,-63.72693850138001,21,35,E
PLCE,Children's Place Inc. (The) Common Stock,Clothing/Shoe/Accessory Stores,56,1.4199999570846558,-84.51472251613602,6,1,E
PLD,Prologis Inc. Common Stock,Real Estate Investment Trusts,75,129.49000549316406,-13.022734344668796,55,92,D+
PLG,Platinum Group Metals Ltd. Ordinary Shares (Canada),Precious Metals,43,1.2899999618530273,-62.93103578210679,22,38,C
PLGO,Pelagos Insurance Capital Limited Common Shares,Property-Casualty Insurers,52,24.280000686645508,-5.983873618206892,77,95,D-
PLMR,Palomar Holdings Inc. Common stock,Property-Casualty Insurers,52,130.75999450683594,-9.687316030902482,56,73,C
PLNT,Planet Fitness Inc. Common Stock,Hotels/Resorts,74,47.97999954223633,-57.14923727859629,21,89,D-
PLOW,Douglas Dynamics Inc. Common Stock,Construction/Ag Equipment/Trucks,21,39.189998626708984,-27.157994703094722,61,58,B-
PLPC,Preformed Line Products Company Common Stock,Water Sewer Pipeline Comm & Power Line Construction,126,397.25,-17.3294985623737,92,87,D+
PLRX,Pliant Therapeutics Inc. Common Stock,Biotechnology: Pharmaceutical Preparations,109,1.0199999809265137,-45.45454661360515,30,18,C-
PLRZ,Polyrizon Ltd. Ordinary Shares,Biotechnology: Pharmaceutical Preparations,109,8.98799991607666,-47.65288365673279,30,,D
PLSE,Pulse Biosciences Inc Common Stock (DE),Medical/Dental Instruments,96,53.810001373291016,-2.518114801515847,99,1,B+
PLSM,Pulsenmore Ltd. Ordinary Shares,Medical/Dental Instruments,96,1.850000023841858,-74.86413056682267,8,,C-
PLTK,Playtika Holding Corp. Common Stock,EDP Services,116,2.2899999618530273,-46.27728097474322,16,47,D
PLTR,Palantir Technologies Inc. Class A Common Stock,Computer Software: Prepackaged Software,40,209.0500030517578,0.0,91,97,A+
PLUG,Plug Power Inc. Common Stock,Industrial Machinery/Components,91,1.6799999475479126,-59.420289813341284,18,26,D+
PLUR,Pluri Inc. Common Stock,Biotechnology: Biological Products (No Diagnostic Substances),99,0.949999988079071,-78.98230106000268,8,26,C
PLUS,ePlus inc. Common Stock,Retail: Computer Software & Peripheral Equipment,13,93.30000305175781,-3.562131556862458,74,45,D+
PLUT,Plutus Financial Group Limited Ordinary Shares,Investment Bankers/Brokers/Service,49,2.069999933242798,-44.65240834319678,17,,D+
PLX,Protalix BioTherapeutics Inc. (DE) Common Stock,Biotechnology: Biological Products (No Diagnostic Substances),99,2.7799999713897705,-11.746035326214887,81,64,B+
PLXS,Plexus Corp. Common Stock,Electrical Products,8,262.5400085449219,-13.5869915687433,88,82,C-
PLYX,Polaryx Therapeutics Inc. Common Stock,Biotechnology: Pharmaceutical Preparations,109,2.0,-94.28571428571428,9,26,E
PM,Philip Morris International Inc Common Stock,Medicinal Chemicals and Botanical Products,134,201.19000244140625,0.0,83,48,A-
PMA,Ming Shing Group Holdings Limited Ordinary Shares,Engineering & Construction,67,1.2699999809265137,-52.788105802540855,52,,C-
PMAX,Powell Max Limited Class A Ordinary Shares,Other Consumer Services,99,0.6899999976158142,-98.16000000635783,3,,A
PMCB,PharmaCyte  Biotech Inc. Common Stock,Biotechnology: Biological Products (No Diagnostic Substances),99,0.4043999910354614,-66.85246052853489,12,26,C-
PMEC,Primech Holdings Ltd. Ordinary Shares,Diversified Commercial Services,77,0.5740000009536743,-74.14414443440293,22,,B+
PMI,Picard Medical Inc. Common Stock,Medical/Dental Instruments,96,9.479999542236328,-98.5636364329945,14,26,A+
PMM,Putnam Managed Municipal Income Trust Common Stock,Investment Managers,58,5.829999923706055,-10.229028976963473,48,,E
PMN,ProMIS Neurosciences Inc. Common Shares (ON),Biotechnology: Pharmaceutical Preparations,109,9.609999656677246,-61.23437151364535,31,26,C-
PMO,Putnam Municipal Opportunities Trust Common Stock,Finance Companies,52,9.420000076293945,-11.335214958281014,43,,D-
PMT,PennyMac Mortgage Investment Trust Common Shares of Beneficial Interest,Real Estate Investment Trusts,75,7.360000133514404,-39.61578365487309,22,73,E
PMTS,CPI Card Group Inc. Common Stock,Publishing,84,25.540000915527344,-16.26229208023822,93,84,B+
PMVP,PMV Pharmaceuticals Inc. Common Stock,Biotechnology: Pharmaceutical Preparations,109,1.5199999809265137,-15.555554378179826,79,26,A+
PN,PN Smart Energy Limited Class A Ordinary Shares,Retail: Computer Software & Peripheral Equipment,13,2.4649999141693115,-89.58597420268677,9,,A
PNBK,Patriot National Bancorp Inc. Common Stock,Major Banks,21,0.8799999952316284,-54.1666658905645,19,26,E
PNC,PNC Financial Services Group Inc. (The) Common Stock,Major Banks,21,219.2100067138672,-14.69432008696031,55,87,E
PNFP,Pinnacle Financial Partners Inc. Common stock,Major Banks,21,93.98999786376953,-13.38747042512245,53,89,C-
PNNT,PennantPark Investment Corporation Common Stock,Finance: Consumer Services,112,3.180000066757202,-41.384328608443035,30,54,E
PNR,Pentair plc. Ordinary Share,Industrial Machinery/Components,91,52.470001220703125,-52.021379927003906,14,49,E
PNRG,PrimeEnergy Resources Corporation Common Stock,Oil & Gas Production,10,214.8699951171875,-21.17465864343603,80,50,B-
PNTG,The Pennant Group Inc. Common Stock,Medical/Nursing Services,18,39.72999954223633,-6.473634721360522,84,92,C-
PNW,Pinnacle West Capital Corporation Common Stock,Electric Utilities: Central,67,98.91999816894531,-8.732331271224925,58,54,C-
POAS,Phaos Technology Holdings (Cayman) Limited Class A Ordinary Shares,Industrial Machinery/Components,91,0.1379999965429306,-97.90909093125792,4,,C-
POCI,Precision Optics Corporation Inc. Common stock,Biotechnology: Electromedical & Electrotherapeutic Apparatus,58,4.579999923706055,-23.15436418805753,61,,D
PODC,PodcastOne Inc. Common Stock,Computer Software: Programming Data Processing,80,2.1500000953674316,-56.82730748729128,31,18,C
PODD,Insulet Corporation Common Stock,Medical/Dental Instruments,96,135.27999877929688,-60.942370798986815,17,97,B-
POET,POET Technologies Inc. Common Shares,Semiconductors,30,6.96999979019165,-66.11570299660517,39,8,D
POLA,Polar Power Inc. Common Stock,Industrial Machinery/Components,91,1.1399999856948853,-78.3681216352782,14,26,D-
POM,POMDOCTOR LIMITED American Depositary Shares,Other Specialty Stores,115,0.7699999809265137,-99.29757347050374,4,,B-
PONO,Pono Capital Four Inc. Class A Ordinary Shares,Blank Checks,42,10.039999961853027,-0.19881169909965468,58,,A+
PONY,Pony AI Inc. American Depositary Shares,EDP Services,116,6.039999961853027,-72.84172651073119,15,18,D-
POOL,Pool Corporation Common Stock,Industrial Specialties,84,159.5399932861328,-45.9555125453394,20,44,E
POR,Portland General Electric Co Common Stock,Electric Utilities: Central,67,45.38999938964844,-14.377725501777283,44,47,D-
POST,Post Holdings Inc. Common Stock,Packaged Foods,120,74.81999969482422,-34.71773903117275,28,39,E
POWI,Power Integrations Inc. Common Stock,Semiconductors,30,49.119998931884766,-43.53075789000794,50,48,B-
POWL,Powell Industries Inc. Common Stock,Electrical Products,8,191.92999267578125,-40.35678224735811,80,88,C-
POWW,Outdoor Holding Company Common Stock,Ordnance And Accessories,15,2.2300000190734863,-12.890622307895628,74,63,B
PPBT,Purple Biotech Ltd. American Depositary Shares,Biotechnology: Pharmaceutical Preparations,109,1.3300000429153442,-87.45283023536142,10,63,A-
PPC,Pilgrim's Pride Corporation Common Stock,Meat/Poultry/Fish,96,28.649999618530273,-34.52924881756149,36,47,C
PPCB,Propanc Biopharma Inc. Common Stock,Biotechnology: Pharmaceutical Preparations,109,0.48570001125335693,-98.96659572073754,3,26,A
PPG,PPG Industries Inc. Common Stock,Paints/Coatings,58,103.95999908447266,-19.509194488540516,51,60,E
PPHC,Public Policy Holding Company Inc. Common Stock,,,11.130000114440918,-23.032126326319247,72,26,A-
PPIH,Perma-Pipe International Holdings Inc. Common Stock,Pollution Control Equipment,49,31.31999969482422,-11.249648959222192,76,94,B+
PPL,PPL Corporation Common Stock,Electric Utilities: Central,67,34.25,-12.553637210893276,48,69,B-
PPLI,People Incorporated Common Stock,Computer Software: Programming Data Processing,80,40.88999938964844,-14.132716701365034,58,54,B-
PPSI,Pioneer Power Solutions Inc. Common Stock,Electrical Products,8,3.075000047683716,-49.42434068635063,36,26,B-
PPT,Putnam Premier Income Trust Common Stock,Finance Companies,52,3.25,-6.110783793638741,50,,C+
PPTA,Perpetua Resources Corp. Common Shares,Precious Metals,43,20.639999389648438,-44.545946499948755,39,26,E
PR,Permian Resources Corporation Class A Common Stock,Oil & Gas Production,10,23.030000686645508,-5.343194579272836,90,77,C
PRAA,PRA Group Inc. Common Stock,Finance: Consumer Services,112,20.030000686645508,-9.896531268077124,78,46,B-
PRAX,Praxis Precision Medicines Inc. Common Stock,Biotechnology: Pharmaceutical Preparations,109,259.8599853515625,-32.73626319893397,94,8,D
PRCH,Porch Group Inc. Common Stock,Computer Software: Prepackaged Software,40,17.559999465942383,-2.7685493620467794,95,33,C-
PRCT,PROCEPT BioRobotics Corporation Common Stock,Medical/Dental Instruments,96,18.399999618530273,-50.20297905653814,22,18,D
PRDO,Perdoceo Education Corporation Common Stock,Other Consumer Services,99,33.709999084472656,-10.300441469822886,51,81,D
PRE,Prenetics Global Limited Class A Ordinary Share,Blank Checks,42,21.84000015258789,-16.799999418712797,85,26,C
PRFX,PRF Technologies Ltd. Ordinary Shares,Biotechnology: Pharmaceutical Preparations,109,0.8790000081062317,-87.70629375689455,8,,A+
PRG,PROG Holdings Inc. Common Stock,Diversified Commercial Services,77,30.479999542236328,-35.65842071022599,39,75,E
PRGO,Perrigo Company plc Ordinary Shares,Biotechnology: Pharmaceutical Preparations,109,15.0600004196167,-26.510285964576884,85,46,A
PRGS,Progress Software Corporation Common Stock (DE),Computer Software: Prepackaged Software,40,39.33000183105469,-16.087043466307314,67,84,B-
PRHI,Presurance Holdings Inc. Common Stock,Property-Casualty Insurers,52,8.279999732971191,-30.42016808069592,92,33,B+
PRI,Primerica Inc. Common Stock,Life Insurance,28,275.2900085449219,-15.320126931057555,54,72,D
PRIM,Primoris Services Corporation Common Stock,Water Sewer Pipeline Comm & Power Line Construction,126,83.5999984741211,-58.72311984204697,25,36,A
PRK,Park National Corporation Common Stock,Major Banks,21,176.5,-16.510286963263844,63,82,C-
PRKS,United Parks & Resorts Inc. Common Stock,Biotechnology: Electromedical & Electrotherapeutic Apparatus,58,32.66999816894531,-39.19598278934671,25,44,E
PRLB,Proto Labs Inc. Common stock,Metal Fabrications,39,93.83999633789062,-4.904746607536536,93,86,B+
PRLD,Prelude Therapeutics Incorporated Common Stock,Biotechnology: Pharmaceutical Preparations,109,3.890000104904175,-41.32729958131828,89,8,C
PRM,Perimeter Solutions SA Common Stock,Major Chemicals,80,27.75,-26.548435953876293,54,69,D
PRMB,Primo Brands Corporation Class A Common Stock,Beverages (Production/Distribution),104,19.270000457763672,-23.707993457468255,44,97,D+
PRME,Prime Medicine Inc. Common Stock,Biotechnology: Biological Products (No Diagnostic Substances),99,3.990000009536743,-37.36263608760569,59,26,B-
PROF,Profound Medical Corp. Common Stock,Medical/Dental Instruments,96,6.900000095367432,-20.231209252471448,53,18,A-
PROK,ProKidney Corp. Class A Ordinary Shares,Biotechnology: Biological Products (No Diagnostic Substances),99,1.7400000095367432,-47.272726221846476,36,8,B-
PROP,Prairie Operating Co. Common Stock,Finance: Consumer Services,112,0.4350000023841858,-82.59999990463257,7,34,D
PROV,Provident Financial Holdings Inc. Common Stock,Savings Institutions,14,18.260000228881836,-2.4051249471426894,73,66,A+
PRPL,Purple Innovation Inc. Common Stock,Home Furnishings,38,1.8700000047683716,-91.91351349289353,2,18,E
PRPO,Precipio Inc.  Common Stock,Biotechnology: Laboratory Analytical Instruments,4,23.1200008392334,-28.575836879438477,57,26,D+
PRQR,ProQR Therapeutics N.V. Ordinary Shares,Biotechnology: Pharmaceutical Preparations,109,1.6299999952316284,-46.557376369998124,35,,D
PRSO,Peraso Inc. Common Stock,Semiconductors,30,0.4000000059604645,-82.75861993662382,9,18,E
PRSU,Pursuit Attractions and Hospitality Inc. Common Stock,Business Services,58,52.939998626708984,-5.413618952849609,85,53,C-
PRTA,Prothena Corporation plc Ordinary Shares,Biotechnology: Pharmaceutical Preparations,109,8.84000015258789,-23.1972200104233,45,18,B
PRTH,Priority Technology Holdings Inc. Common Stock,Business Services,58,7.809999942779541,0.0,84,61,B+
PRTS,CarParts.com Inc. Common Stock,Auto & Home Supply Stores,95,8.640000343322754,-13.599996566772464,91,26,A-
PRU,Prudential Financial Inc. Common Stock,Life Insurance,28,113.08999633789062,-8.578624532174883,66,95,C-
PRVA,Privia Health Group Inc. Common Stock,Medical/Nursing Services,18,20.850000381469727,-25.800711393516362,33,98,B-
PRZO,ParaZero Technologies Ltd. Ordinary Shares,Military/Government/Technical,103,0.6150000095367432,-65.64245683558067,31,,A
PS,Pershing Square Inc. Common Stock,Investment Managers,58,54.59000015258789,-8.462798086413315,97,,B
PSA,Public Storage Common Stock,Real Estate Investment Trusts,75,289.8599853515625,-11.388648761911945,54,59,D-
PSBD,Palmer Square Capital BDC Inc. Common Stock,,,9.619999885559082,-12.841848143527146,48,33,B-
PSEC,Prospect Capital Corporation Common Stock,Finance: Consumer Services,112,1.7200000286102295,-35.89941413677582,25,56,D
PSFE,Paysafe Limited Common Shares,Business Services,58,5.769999980926514,-54.531125518349064,18,18,D
PSHG,Performance Shipping Inc. Common Shares,Marine Transportation,3,1.659999966621399,-34.90196087597792,42,36,D
PSIG,PS International Group Ltd. Ordinary Shares,Integrated Freight & Logistics,138,5.099999904632568,-56.962027506702675,98,,A
PSIX,Power Solutions International Inc. Common Stock,Industrial Machinery/Components,91,50.06999969482422,-49.30646816181794,60,51,B-
PSMT,PriceSmart Inc. Common Stock,Department/Specialty Retail Stores,21,168.8800048828125,-14.33121467756745,72,72,C-
PSN,Parsons Corporation Common Stock,EDP Services,116,45.08000183105469,-48.426953503725755,22,39,D-
PSNL,Personalis Inc. Common Stock,Medical Specialities,15,16.0,-12.948853478986422,95,8,B
PSNY,Polestar Automotive Holding UK PLC Class A ADS,Auto Manufacturing,137,5.260000228881836,-80.7959096528138,4,,E
PSNYW,Polestar Automotive Holding UK PLC Class C-1 ADS (ADW),Auto Manufacturing,137,4.110000133514404,-55.80645108363549,81,,A+
PSO,Pearson Plc Common Stock,Books,7,16.969999313354492,-3.142534129994712,75,,B-
PSQH,PSQ Holdings Inc. Class A Common Stock,Advertising,131,3.7699999809265137,-89.48396055400686,10,18,C
PSTL,Postal Realty Trust Inc. Class A Common Stock,Real Estate Investment Trusts,75,22.760000228881836,-7.912954368784664,83,92,C
PSUS,Pershing Square USA Ltd. Common Shares,,,37.7599983215332,-12.145186775940854,49,,B+
PSX,Phillips 66 Common Stock,Integrated oil Companies,1,278.17999267578125,-1.214493378411785,96,95,D+
PTC,PTC Inc. Common Stock,Computer Software: Prepackaged Software,40,194.4499969482422,-5.547189216400716,88,79,B+
PTCT,PTC Therapeutics Inc. Common Stock,Biotechnology: Pharmaceutical Preparations,109,64.69999694824219,-27.749866283257298,37,35,C-
PTEN,Patterson-UTI Energy Inc. Common Stock,Oil & Gas Production,10,11.3100004196167,-13.992389751257072,91,1,C+
PTGX,Protagonist Therapeutics Inc. Common Stock,Biotechnology: Pharmaceutical Preparations,109,143.72999572753906,-9.387214631199425,93,96,C-
PTHS,Pelthos Therapeutics Inc. Common Stock,Biotechnology: Biological Products (No Diagnostic Substances),99,20.5,-45.21645910444524,28,18,D
PTLE,PTL LTD Class A Ordinary Shares,Oil Refining/Marketing,140,6.900000095367432,-69.41489247025918,19,,C
PTLO,Portillo's Inc. Class A Common Stock,Restaurants,89,4.019999980926514,-38.1538464472844,27,68,C-
PTN,Palatin Technologies Inc. Common Stock,Biotechnology: Pharmaceutical Preparations,109,8.600000381469727,-69.28571292332241,29,26,B-
PTON,Peloton Interactive Inc. Class A Common Stock,Recreational Games/Products/Toys,67,5.119999885559082,-34.86005345308053,35,87,B-
PTRN,Pattern Group Inc. Series A Common Stock,Catalog/Specialty Distribution,67,18.420000076293945,-37.346937703073436,68,49,C+
PUBM,PubMatic Inc. Class A Common Stock,Computer Software: Programming Data Processing,80,18.639999389648438,-2.8154374709870256,96,39,B+
PUK,Prudential Public Limited Company Common Stock,Life Insurance,28,23.920000076293945,-27.405463341376002,32,,D
PULM,Pulmatrix Inc. Common Stock,Biotechnology: Pharmaceutical Preparations,109,1.4600000381469727,-70.85828400305633,27,26,B+
PUMP,ProPetro Holding Corp. Common Stock,Oilfield Services/Equipment,37,9.09000015258789,-50.054946310234214,43,32,D-
PURR,Hyperliquid Strategies Inc Common Stock,Finance: Consumer Services,112,11.109999656677246,-21.14975488742853,98,,A
PUSA,Aureus Greenway Holdings Inc. Common Stock,Hotels/Resorts,74,2.5850000381469727,-66.92258452693636,23,26,D
PVH,PVH Corp. Common Stock,Garments and Clothing,64,81.3499984741211,-17.595113100588577,61,31,B-
PVLA,Palvella Therapeutics Inc. Common Stock,Biotechnology: Pharmaceutical Preparations,109,138.77000427246094,-12.243091135486228,84,26,D
PW,Power REIT (MD) Common Stock,Real Estate Investment Trusts,75,6.949999809265137,-46.207432134484016,26,35,D+
PWP,Perella Weinberg Partners Class A Common Stock,Finance: Consumer Services,112,15.670000076293945,-34.876383449981944,41,92,C
PWR,Quanta Services Inc. Common Stock,Engineering & Construction,67,705.9400024414062,-10.069694091650039,88,94,C
PWRL,Powerlaw Corp. Common Stock,,,11.850000381469727,-58.92547582397625,15,,B-
PXED,Phoenix Education Partners Inc. Common Stock,Other Consumer Services,99,26.010000228881836,-30.340276353855288,29,37,C-
PXLW,Pixelworks Inc.  Common Stock,Semiconductors,30,5.940000057220459,-60.998028655565896,39,37,D
PXS,Pyxis Tankers Inc. Common Stock,Marine Transportation,3,7.789999961853027,-3.827165494039775,98,76,A-
PYPD,PolyPid Ltd. Ordinary Shares,Biotechnology: Pharmaceutical Preparations,109,5.070000171661377,-9.139780627558725,77,8,C
PYPL,PayPal Holdings Inc. Common Stock,Diversified Commercial Services,77,55.529998779296875,-25.87555749189776,65,67,A-
PYT,PPlus Tr GSC-2 Tr Ctf Fltg Rate,Finance: Consumer Services,112,23.219999313354492,-2.8451896068172333,60,,E
PYXS,Pyxis Oncology Inc. Common Stock,Biotechnology: Pharmaceutical Preparations,109,2.0299999713897705,-61.98502034862332,54,8,E
PZG,Paramount Gold Nevada Corp. Common Stock,Metal Mining,110,1.159999966621399,-56.55430960767911,44,26,E
PZZA,Papa John's International Inc. Common Stock,Restaurants,89,19.75,-62.91132685314456,12,40,E
Q,Qnity Electronics Inc. Common Stock,Semiconductors,30,126.5999984741211,-27.872768229325594,71,41,C
QBTS,D-Wave Quantum Inc. Common Shares,EDP Services,116,14.569999694824219,-67.4631529879354,21,8,C-
QCLS,Q/C Technologies Inc. Common Stock,Biotechnology: In Vitro & In Vivo Diagnostic Substances,112,0.6299999952316284,-90.8959539265059,2,26,D
QCOM,QUALCOMM Incorporated Common Stock,Radio And Television Broadcasting And Communications Equipment,78,175.5,-29.445111148367197,67,59,B-
QCRH,QCR Holdings Inc. Common Stock,Major Banks,21,97.20999908447266,-8.664268467722058,72,69,C-
QDEL,QuidelOrtho Corporation Common Stock,Biotechnology: In Vitro & In Vivo Diagnostic Substances,112,13.420000076293945,-62.068966446730364,18,18,B-
QFIN,Qfin Holdings Inc. American Depositary Shares,Finance: Consumer Services,112,6.199999809265137,-75.15895215948657,8,46,E
QGEN,Qiagen N.V. Common Shares,Biotechnology: Biological Products (No Diagnostic Substances),99,45.380001068115234,-17.73381569589748,63,59,B-
QH,Quhuo Limited American Depository Shares,,,3.575000047683716,-68.39080534883945,99,,B-
QLYS,Qualys Inc. Common Stock,Computer Software: Prepackaged Software,40,202.4199981689453,0.0,95,70,C-
QMCO,Quantum Corporation Common Stock,Electronic Components,2,30.43000030517578,-11.797100564707886,99,26,A+
QNC,Quantum eMotion Corp. Common Shares,,,1.5800000429153442,-58.311344094503845,12,26,D-
QNCX,Quince Therapeutics Inc. Common Stock,Biotechnology: Biological Products (No Diagnostic Substances),99,31.729999542236328,-96.39431823383678,55,37,B-
QNRX,Quoin Pharmaceuticals Ltd. American Depositary Shares,Medical/Dental Instruments,96,4.5,-79.82062711230316,25,18,B-
QNST,QuinStreet Inc. Common Stock,Business Services,58,15.729999542236328,-28.564944526645796,62,98,D
QNT,Quantinuum Inc. Class A Common Stock,EDP Services,116,41.29999923706055,-50.342671460486486,18,,E
QNTM,Quantum Biopharma Ltd. Class B Subordinate Voting Shares,Biotechnology: Pharmaceutical Preparations,109,2.940000057220459,-81.61350782173984,15,26,B-
QRHC,Quest Resource Holding Corporation Common Stock,Environmental Services,67,1.3799999952316284,-42.73859144880634,56,18,B
QS,QuantumScape Corporation Class A Common Stock,Industrial Machinery/Components,91,4.579999923706055,-75.1626909378497,13,18,C+
QSI,Quantum-Si Incorporated Class A Common Stock,Industrial Machinery/Components,91,1.5299999713897705,-41.82509867627835,93,18,A
QSR,Restaurant Brands International Inc. Common Shares,Restaurants,89,70.94999694824219,-12.241173472435484,55,79,B-
QTEX,QTREX Quantum Ltd. Ordinary Shares,Medical/Dental Instruments,96,1.8700000047683716,-39.28571262695789,98,,A-
QTI,QT Imaging Holdings Inc. Common Stock,Biotechnology: Electromedical & Electrotherapeutic Apparatus,58,2.680000066757202,-92.23188386447188,10,18,D+
QTRX,Quanterix Corporation Common Stock,Biotechnology: Laboratory Analytical Instruments,4,3.2799999713897705,-59.30521339171651,24,34,B-
QTTB,Q32 Bio Inc. Common Stock,Biotechnology: Pharmaceutical Preparations,109,8.34000015258789,-60.991578671844756,93,38,E
QTWO,Q2 Holdings Inc. Common Stock,Computer Software: Prepackaged Software,40,58.599998474121094,-22.373824172214718,65,97,B+
QUAD,Quad Graphics Inc Class A Common Stock,Publishing,84,9.34000015258789,-13.042227487044944,89,98,B-
QUBT,Quantum Computing Inc. Common Stock,Computer Software: Prepackaged Software,40,7.440000057220459,-65.8402211998904,27,18,B-
QUCY,Quantum Cyber N.V. Ordinary Shares,Biotechnology: Pharmaceutical Preparations,109,1.350000023841858,-62.078650406162126,91,,B
QUIK,QuickLogic Corporation Common Stock,Semiconductors,30,10.850000381469727,-54.296543866568506,73,8,D+
QURE,uniQure N.V. Ordinary Shares,Biotechnology: Pharmaceutical Preparations,109,22.59000015258789,-67.99829816613513,28,26,E
QXL,Quantum X Labs Inc. Common Stock,Computer Software: Prepackaged Software,40,3.930000066757202,-42.62773545296851,91,38,A-
QXO,QXO Inc. Common Stock,RETAIL: Building Materials,122,10.8100004196167,-60.06649227379353,15,33,E
R,Ryder System Inc. Common Stock,Rental/Leasing Companies,57,238.5500030517578,-14.561353997238392,70,75,C-
RACC,Research Alliance Corporation III Class A Ordinary Shares,,,10.180000305175781,-65.25597074999425,48,,E
RACD,Research Alliance Corporation IV Class A Ordinary Shares,,,11.699999809265137,-10.069180603921401,75,,A+
RACE,Ferrari N.V. Common Shares,Auto Manufacturing,137,389.9100036621094,-10.681725379133045,60,65,D-
RADX,Radiopharm Theranostics Limited American Depositary Shares,Biotechnology: Pharmaceutical Preparations,109,1.1299999952316284,-89.36970853183232,3,,D-
RAIL,FreightCar America Inc. Common Stock,Railroads,33,6.25,-57.77027081450552,20,42,D
RAIN,Rain Enhancement Technologies Holdco Inc. Class A Common Stock,Industrial Machinery/Components,91,0.6700000166893005,-91.7589174999,4,26,A-
RAL,Ralliant Corporation Common Stock,Industrial Machinery/Components,91,73.19999694824219,-1.0275853780939648,90,37,C+
RAMP,LiveRamp Holdings Inc. Common Stock,EDP Services,116,37.560001373291016,-1.1838909974043799,83,97,C
RAND,Rand Capital Corporation Common Stock,Finance: Consumer Services,112,10.020000457763672,-33.821043177532616,46,63,B-
RANI,Rani Therapeutics Holdings Inc. Class A Common Stock,Biotechnology: Pharmaceutical Preparations,109,0.7990000247955322,-71.96491047256572,78,18,C-
RAPP,Rapport Therapeutics Inc. Common Stock,Biotechnology: Pharmaceutical Preparations,109,30.649999618530273,-41.619048345656616,44,8,D+
RARE,Ultragenyx Pharmaceutical Inc. Common Stock,Biotechnology: Pharmaceutical Preparations,109,15.479999542236328,-57.63547029453346,12,18,B+
RAVE,Rave Restaurant Group Inc. Common Stock,Food Distributors,52,2.299999952316284,-33.90804770947573,27,47,E
RAYA,Erayak Power Solution Group Inc. Class A Ordinary Shares,Metal Fabrications,39,1.7100000381469727,-97.36517719885552,5,,E
RBA,RB Global Inc. Common Stock,Business Services,58,85.83999633789062,-27.4525784749026,30,59,B-
RBB,RBB Bancorp Common Stock,Major Banks,21,25.420000076293945,-8.396018346913714,75,48,D
RBBN,Ribbon Communications Inc. Common Stock,EDP Services,116,1.7000000476837158,-57.92079050159257,17,42,D-
RBC,RBC Bearings Incorporated Common Stock,Metal Fabrications,39,503.67999267578125,-22.37821798680778,53,95,B-
RBCAA,Republic Bancorp Inc. Class A Common Stock,Major Banks,21,90.93000030517578,-9.168971919482871,80,62,C-
RBKB,Rhinebeck Bancorp Inc. Common Stock,Banks,19,12.859999656677246,-2.796673457001042,85,52,A+
RBLX,Roblox Corporation Class A Common Stock,Computer Software: Prepackaged Software,40,48.09000015258789,-65.29301313515703,23,8,D
RBNE,Robin Energy Ltd. Common Stock,Marine Transportation,3,2.2300000190734863,-97.82968367973383,2,63,E
RBRK,Rubrik Inc. Class A Common Stock,Computer Software: Prepackaged Software,40,125.13999938964844,-0.5246451876776415,96,18,B+
RC,Ready Capital Corporation Common Stock,Real Estate Investment Trusts,75,1.2999999523162842,-61.48878207720205,20,18,B-
RCAT,Red Cat Holdings Inc. Common Stock,Computer Software: Prepackaged Software,40,5.769999980926514,-66.76267408950474,12,18,D-
RCEL,Avita Medical Inc. Common Stock,Medical/Dental Instruments,96,13.210000038146973,-0.9002242028949614,99,18,A+
RCI,Rogers Communication Inc. Common Stock,Cable & Other Pay Television Services,127,29.780000686645508,-25.22418906689532,39,39,E
RCKT,Rocket Pharmaceuticals Inc. Common Stock,Biotechnology: Pharmaceutical Preparations,109,2.559999942779541,-51.69811602545267,21,8,C
RCKY,Rocky Brands Inc. Common Stock,Shoe Manufacturing,66,44.93000030517578,-11.186320642497815,86,84,B-
RCL,Royal Caribbean Cruises Ltd. Common Stock,Marine Transportation,3,282.260009765625,-17.555944650297405,51,84,D
RCMT,RCM Technologies Inc. Common Stock,Professional Services,47,41.380001068115234,-1.5230827764786237,95,68,B+
RCON,Recon Technology Ltd. Class A Ordinary Shares,Oilfield Services/Equipment,37,1.1100000143051147,-99.72794117296444,1,,C-
RCT,RedCloud Holdings plc Ordinary Shares,Computer Software: Programming Data Processing,80,0.12800000607967377,-93.96226353823987,5,,D+
RCUS,Arcus Biosciences Inc. Common Stock,Biotechnology: Pharmaceutical Preparations,109,24.40999984741211,-22.67975900103022,74,1,D+
RDCM,Radcom Ltd. Ordinary Shares,Computer peripheral equipment,47,10.289999961853027,-36.24535098525078,26,42,C-
RDDT,Reddit Inc. Class A Common Stock,EDP Services,116,159.91000366210938,-38.24199274498864,32,89,B-
RDGT,Ridgetech Inc. Ordinary Shares,Retail-Drug Stores and Proprietary Stores,133,1.0099999904632568,-99.86719263767742,6,,B-
RDHL,Redhill Biopharma Ltd. American Depositary Shares,Biotechnology: Pharmaceutical Preparations,109,0.5389999747276306,-70.54645015915091,13,,A+
RDI,Reading International Inc Class A Common Stock,Movies/Entertainment,4,1.8899999856948853,-19.230766879501104,94,38,B+
RDIB,Reading International Inc Class B Common Stock,Movies/Entertainment,4,12.930000305175781,-29.80455889456618,87,38,B+
RDN,Radian Group Inc. Common Stock,Property-Casualty Insurers,52,33.93000030517578,-13.95587892727541,49,88,B-
RDNT,RadNet Inc. Common Stock,Medical Specialities,15,70.91000366210938,-16.062972485323034,67,34,B-
RDNW,RideNow Group Inc. Class B Common Stock,EDP Services,116,4.940000057220459,-40.19370556495503,43,63,D
RDVT,Red Violet Inc. Common Stock,Computer Software: Prepackaged Software,40,79.77999877929688,-0.5856713030568561,93,93,B+
RDW,Redwire Corporation Common Stock,Military/Government/Technical,103,9.579999923706055,-63.01158276136807,53,8,B+
RDWR,Radware Ltd. Ordinary Shares,Business Services,58,30.979999542236328,-3.5792140916550697,77,55,B
RDY,Dr. Reddy's Laboratories Ltd Common Stock,Biotechnology: Pharmaceutical Preparations,109,12.479999542236328,-18.280858039787653,47,80,C+
RDZN,Roadzen Inc. Ordinary Shares,Specialty Insurers,112,1.1299999952316284,-53.11203506276492,36,8,C
REA,Rare Earths Americas Inc. Common Stock,Metal Mining,110,10.039999961853027,-63.62318904678802,17,,C-
REAL,The RealReal Inc. Common Stock,Other Specialty Stores,115,9.75,-42.30769100545152,37,8,D+
REAX,The Real Brokerage Inc. Common Shares,Real Estate,99,15.649999618530273,-63.34894768406338,14,18,C
REBN,Reborn Coffee Inc. Common Stock,Restaurants,89,2.0,-30.0699275049103,75,26,C
RECT,Rectitude Holdings Ltd Ordinary Shares,Industrial Machinery/Components,91,1.2599999904632568,-64.6753242760104,41,,B
REED,Reed's Inc. Common Stock,Beverages (Production/Distribution),104,0.6399999856948853,-94.66666678587595,6,18,C-
REFI,Chicago Atlantic Real Estate Finance Inc. Common Stock,Real Estate Investment Trusts,75,9.420000076293945,-17.353103375453117,40,43,C
REFR,Research Frontiers Incorporated Common Stock,Multi-Sector Companies,75,0.5899999737739563,-75.0,22,26,A-
REG,Regency Centers Corporation Common Stock,Real Estate Investment Trusts,75,72.05000305175781,-11.974322335411003,51,78,E
REGN,Regeneron Pharmaceuticals Inc. Common Stock,Biotechnology: Pharmaceutical Preparations,109,746.5399780273438,-12.381025039291792,71,67,C+
REI,Ring Energy Inc. Common Stock,Oil & Gas Production,10,1.309999942779541,-33.838387365645715,77,60,B-
REKR,Rekor Systems Inc. Common Stock,Telecommunications Equipment,84,0.3370000123977661,-89.46874976949766,7,26,E
RELL,Richardson Electronics Ltd. Common Stock,Electronic Components,2,20.790000915527344,-4.443997735048944,94,70,A-
RELX,RELX PLC PLC American Depositary Shares (Each representing One Ordinary Share),Business Services,58,36.130001068115234,-20.66844880593458,55,,B+
RELY,Remitly Global Inc. Common Stock,Business Services,58,24.1299991607666,-10.364044976300912,89,98,C
RENT,Rent the Runway Inc. Class A Common Stock,Other Specialty Stores,115,1.7699999809265137,-81.15016063673349,7,42,D-
RENX,RenX Enterprises Corp. Common Stock,Real Estate,99,1.6699999570846558,-94.11971838198538,13,26,B-
REPL,Replimune Group Inc. Common Stock,Biotechnology: Biological Products (No Diagnostic Substances),99,13.420000076293945,-16.020022148161605,97,8,B+
REPX,Riley Exploration Permian Inc. Common Stock,Oil & Gas Production,10,45.369998931884766,0.0,92,72,A-
RERE,ATRenew Inc. American Depositary Shares (every three of which representing two Class A ordinary shares),Other Specialty Stores,115,3.759999990463257,-39.32118498843913,35,87,B+
RES,RPC Inc. Common Stock,Oilfield Services/Equipment,37,5.960000038146973,-24.544998048279755,66,69,C+
RETO,ReTo Eco-Solutions Inc. Class A Shares,Industrial Machinery/Components,91,1.3200000524520874,-99.71304346685824,1,,C
REVB,Revelation Biosciences Inc. Common Stock,Biotechnology: Pharmaceutical Preparations,109,0.7599999904632568,-87.07483034572154,11,8,E
REX,REX American Resources Corporation,Major Chemicals,80,42.09000015258789,-17.72869374878041,68,95,A-
REXR,Rexford Industrial Realty Inc. Common Stock,Real Estate Investment Trusts,75,36.7400016784668,-12.83854330461035,61,33,B+
REYN,Reynolds Consumer Products Inc. Common Stock,Containers/Packaging,102,22.010000228881836,-18.305542753458514,43,59,C-
REZI,Resideo Technologies Inc. Common Stock,Wholesale Distributors,,17.06999969482422,-44.87732649740265,17,63,E
RF,Regions Financial Corporation Common Stock,Major Banks,21,27.030000686645508,-15.727968801846771,50,50,D
RFIL,RF Industries Ltd. Common Stock,Electrical Products,8,8.3100004196167,-61.34883525759675,33,68,D-
RFL,Rafael Holdings Inc. Class B Common Stock,Real Estate,99,1.600000023841858,-57.67195672084635,63,26,D
RGA,Reinsurance Group of America Incorporated Common Stock,Life Insurance,28,255.97999572753906,0.0,81,94,B+
RGC,Regencell Bioscience Holdings Limited Ordinary Shares,Medicinal Chemicals and Botanical Products,134,7.349999904632568,-86.10060560482032,24,,A
RGCO,RGC Resources Inc. Common Stock,Oil & Gas Production,10,22.290000915527344,-15.317983097334997,54,46,C-
RGEN,Repligen Corporation Common Stock,Biotechnology: Biological Products (No Diagnostic Substances),99,173.8800048828125,-10.633705947767059,82,36,C
RGLD,Royal Gold Inc. Common Stock,Precious Metals,43,236.22999572753906,-21.88108539166913,70,81,D-
RGNT,Regentis Biomaterials Ltd. Ordinary Shares,Biotechnology: Pharmaceutical Preparations,109,1.600000023841858,-82.978722459863,7,,B-
RGNX,REGENXBIO Inc. Common Stock,Biotechnology: Biological Products (No Diagnostic Substances),99,8.069999694824219,-49.49937468086524,19,35,C
RGP,Resources Connection Inc. Common Stock,Business Services,58,2.8299999237060547,-43.66080862887818,18,8,E
RGR,Sturm Ruger & Company Inc. Common Stock,Ordnance And Accessories,15,43.2599983215332,-7.123719110475724,70,47,B+
RGS,Regis Corporation Common Stock,Other Consumer Services,99,29.450000762939453,-4.352062724077843,71,98,A-
RGTI,Rigetti Computing Inc. Common Stock,EDP Services,116,14.029999732971191,-75.09762212464824,23,18,C+
RH,RH Common Stock,Other Specialty Stores,115,116.98999786376953,-49.768140433800376,21,49,E
RHI,Robert Half Inc. Common Stock,Professional Services,47,33.93000030517578,-25.16541642922967,77,43,D
RHLD,Resolute Holdings Management Common Stock,Finance: Consumer Services,112,118.16999816894531,-47.79785275527752,40,,D+
RHP,Ryman Hospitality Properties Inc. (REIT),Real Estate Investment Trusts,75,120.27999877929688,-10.67428609244777,79,83,C
RICK,RCI Hospitality Holdings Inc. Common Stock,Restaurants,89,26.06999969482422,-16.588911774886405,56,66,D+
RIG,Transocean Ltd (Switzerland) Common Stock,Oil & Gas Production,10,5.510000228881836,-27.308703372811426,78,64,B-
RIGL,Rigel Pharmaceuticals Inc. Common Stock,Biotechnology: Pharmaceutical Preparations,109,49.08000183105469,-3.6891626514781395,90,54,B+
RILY,BRC Group Holdings Inc. Common Stock,Investment Managers,58,5.110000133514404,-52.15355816948828,23,53,D
RIME,Algorhythm Holdings Inc. Common Stock,Diversified Electronic Products,,0.14000000059604645,-95.97701149917465,3,26,E
RIO,Rio Tinto Plc Common Stock,Metal Mining,110,94.77999877929688,-13.547630939318644,77,,D
RIOT,Riot Platforms Inc. Common Stock,Finance: Consumer Services,112,16.885000228881836,-41.14674132251124,42,8,C
RITM,Rithm Capital Corp. Common Stock,Real Estate Investment Trusts,75,8.640000343322754,-22.253813745316087,42,36,D+
RIVN,Rivian Automotive Inc. Class A Common Stock,Auto Manufacturing,137,13.960000038146973,-37.81737388093014,35,18,D-
RJET,Republic Airways Holdings Inc. Common Stock,Air Freight/Delivery Services,91,17.200000762939453,-32.14989939206367,40,46,C-
RJF,Raymond James Financial Inc. Common Stock,Investment Bankers/Brokers/Service,49,158.3800048828125,-12.284409123963147,53,78,D+
RKDA,Arcadia Biosciences Inc. Common Stock,Farming/Seeds/Milling,116,0.2639999985694885,-95.18248179469671,4,35,E
RKLB,Rocket Lab Corporation Common Stock,Military/Government/Technical,103,68.20999908447266,-54.59628501342698,44,8,B+
RKT,Rocket Companies Inc. Class A Common Stock,Finance: Consumer Services,112,11.479999542236328,-51.02389385377259,23,63,C-
RKTO,Rocket One Inc. Common Stock,Biotechnology: Pharmaceutical Preparations,109,0.6489999890327454,-70.76576663654215,25,26,A
RL,Ralph Lauren Corporation Common Stock,Garments and Clothing,64,371.2799987792969,-9.897804564467771,61,74,C+
RLAY,Relay Therapeutics Inc. Common Stock,Biotechnology: Biological Products (No Diagnostic Substances),99,17.8799991607666,-13.831329345703125,95,8,E
RLGT,Radiant Logistics Inc. Common Stock,Integrated Freight & Logistics,138,9.210000038146973,-6.1162115780334485,81,61,B+
RLI,RLI Corp. Common Stock (DE),Property-Casualty Insurers,52,55.709999084472656,-16.14175791956821,46,59,C
RLJ,RLJ Lodging Trust Common Shares of Beneficial Interest $0.01 par value,Real Estate Investment Trusts,75,11.210000038146973,-8.941308638142132,88,50,D
RLMD,Relmada Therapeutics Inc. Common Stock,Biotechnology: Pharmaceutical Preparations,109,3.390000104904175,-56.870228405601566,27,26,E
RLYB,Rallybio Corporation Common Stock,Biotechnology: Pharmaceutical Preparations,109,17.020000457763672,-1.1614335863284087,98,8,A
RM,Regional Management Corp. Common Stock,Finance: Consumer Services,112,33.5099983215332,-22.279348765079288,35,46,B
RMBI,Richmond Mutual Bancorporation Inc. Common Stock,Major Banks,21,15.319999694824219,-5.1980207952935675,69,44,C+
RMBS,Rambus Inc. Common Stock,Semiconductors,30,107.47000122070312,-37.02683762184633,66,82,B+
RMCF,Rocky Mountain Chocolate Factory Inc. Common Stock,Specialty Foods,84,1.0399999618530273,-64.26117074989195,22,79,A+
RMCO,Royalty Management Holding Corporation Class A Common Stock,Multi-Sector Companies,75,2.509999990463257,-44.39585458556472,47,38,B-
RMD,ResMed Inc. Common Stock,Medical/Dental Instruments,96,230.0500030517578,-16.33658685196684,59,55,B-
RMIX,Suncrete Inc. Class A Common Stock,Building Materials,120,11.100000381469727,-55.31400840062675,31,,D-
RMNI,Rimini Street Inc. (DE) Common Stock,Business Services,58,4.159999847412109,-26.371685359386255,55,52,C
RMR,The RMR Group Inc. Class A Common Stock,Professional Services,47,17.709999084472656,-15.279721884446207,69,39,E
RMSG,Real Messenger Corporation Ordinary Shares,Computer Software: Programming Data Processing,80,0.30000001192092896,-90.62499976716936,10,,B
RMT,Royce Micro-Cap Trust Inc. Common Stock,Investment Managers,58,13.289999961853027,-7.908949995202342,75,,C-
RMTI,Rockwell Medical Inc. Common Stock,Biotechnology: Pharmaceutical Preparations,109,7.889999866485596,-37.38095533640558,60,18,B+
RNA,Atrium Therapeutics Inc. Common Stock,Biotechnology: Pharmaceutical Preparations,109,8.399999618530273,-49.21403171964421,16,,C
RNAC,Cartesian Therapeutics Inc. Common Stock,Biotechnology: Pharmaceutical Preparations,109,7.054999828338623,-33.380550267371014,37,32,C-
RNAZ,TransCode Therapeutics Inc. Common Stock,Biotechnology: Pharmaceutical Preparations,109,1.8600000143051147,-87.7872615219265,3,26,D-
RNG,RingCentral Inc. Class A Common Stock,EDP Services,116,79.2699966430664,-0.6890541892516144,98,93,A-
RNGR,Ranger Energy Services Inc. Class A Common Stock,Oilfield Services/Equipment,37,15.420000076293945,-15.69879464552919,61,78,C-
RNR,RenaissanceRe Holdings Ltd. Common Stock,Property-Casualty Insurers,52,331.3800048828125,-1.8281386234787367,74,65,C+
RNST,Renasant Corporation Common Stock,Major Banks,21,39.0099983215332,-11.422300032204602,57,89,E
RNTX,Rein Therapeutics Inc. Common Stock,Biotechnology: Pharmaceutical Preparations,109,0.7940000295639038,-57.76595576713937,21,26,C
RNW,ReNew Energy Global plc Class A Ordinary Shares,Electric Utilities: Central,67,6.880000114440918,-15.06173098238105,76,57,C+
RNXT,RenovoRx Inc. Common Stock,Biotechnology: Pharmaceutical Preparations,109,1.2799999713897705,-49.20634995722657,84,26,B-
ROAD,Construction Partners Inc. Class A Common Stock,Military/Government/Technical,103,86.80999755859375,-38.204726509985285,30,84,D-
ROC,Rank One Computing Corporation Common stock,Computer Software: Prepackaged Software,40,3.880000114440918,-46.9220226427855,22,,D-
ROCK,Gibraltar Industries Inc. Common Stock,Steel/Iron Ore,17,36.65999984741211,-50.84473190218253,28,32,E
ROG,Rogers Corporation Common Stock,Major Chemicals,80,147.41000366210938,-11.778079542227182,89,79,B-
ROIV,Roivant Sciences Ltd. Common Shares,Biotechnology: Pharmaceutical Preparations,109,35.439998626708984,-15.235595640643307,91,8,D
ROK,Rockwell Automation Inc. Common Stock,Industrial Machinery/Components,91,432.5899963378906,-12.353043307713207,67,81,C-
ROKU,Roku Inc. Class A Common Stock,Cable & Other Pay Television Services,127,152.85000610351562,-4.325230746690245,87,87,D
ROL,Rollins Inc. Common Stock,Diversified Commercial Services,77,31.979999542236328,-50.6962448088635,16,55,E
ROLR,High Roller Technologies Inc. Common Stock,Services-Misc. Amusement & Recreation,80,4.449999809265137,-81.263158697831,78,43,E
ROMA,Roma Green Finance Limited Class A Ordinary Shares,Professional Services,47,8.739999771118164,-15.473891275226714,99,,C-
ROOT,Root Inc. Class A Common Stock,Property-Casualty Insurers,52,49.130001068115234,-45.92780020021493,28,88,C
ROP,Roper Technologies Inc. Common Stock,Computer Software: Programming Data Processing,80,364.0899963378906,-29.043221628383144,44,79,D+
ROST,Ross Stores Inc. Common Stock,Clothing/Shoe/Accessory Stores,56,222.41000366210938,-12.690566652332592,75,84,E
RPAY,Repay Holdings Corporation Class A Common Stock,Business Services,58,3.869999885559082,-25.576922547887747,59,18,D
RPC,Ridgepost Capital Inc. Class A Common Stock,Investment Managers,58,7.940000057220459,-27.39352700714013,47,73,B-
RPD,Rapid7 Inc. Common Stock,Computer Software: Prepackaged Software,40,13.739999771118164,-28.99225064472818,89,58,B-
RPGL,Republic Power Group Limited Class A Ordinary Shares,Computer Software: Prepackaged Software,40,40.0,-99.93724899598394,11,,B+
RPID,Rapid Micro Biosystems Inc. Class A Common Stock,Biotechnology: Laboratory Analytical Instruments,4,0.8939999938011169,-80.89743532921277,7,18,E
RPM,RPM International Inc. Common Stock,Paints/Coatings,58,97.7300033569336,-17.822994339775278,44,52,C-
RPRX,Royalty Pharma plc Class A Ordinary Shares,Biotechnology: Pharmaceutical Preparations,109,56.93000030517578,-10.991242776617739,84,82,C+
RPT,Rithm Property Trust Inc. Common stock,Real Estate Investment Trusts,75,10.779999732971191,-35.3180005225534,26,48,E
RR,Richtech Robotics Inc. Class B Common Stock,Industrial Machinery/Components,91,1.6399999856948853,-75.63150102456223,21,26,B
RRBI,Red River Bancshares Inc. Common Stock,Hotels/Resorts,74,100.2699966430664,-3.102055092513778,82,88,D+
RRC,Range Resources Corporation Common Stock,Oil & Gas Production,10,40.88999938964844,-13.754428013002007,71,91,B
RRGB,Red Robin Gourmet Burgers Inc. Common Stock,Restaurants,89,8.609999656677246,-18.696888266113852,95,31,B-
RRR,Red Rock Resorts Inc. Class A Common Stock,Hotels/Resorts,74,49.5099983215332,-26.038897488123204,32,88,D
RRX,Regal Rexnord Corporation Common Stock,Metal Fabrications,39,165.02999877929688,-30.559070632096763,43,76,D-
RS,Reliance Inc. Common Stock,Metal Fabrications,39,402.45001220703125,-5.974014640195657,83,59,C-
RSG,Republic Services Inc. Common Stock,Environmental Services,67,216.8800048828125,-5.782316217008443,55,56,D+
RSI,Rush Street Interactive Inc. Class A Common Stock,Services-Misc. Amusement & Recreation,80,18.899999618530273,-45.24913276969672,30,84,E
RSKD,Riskified Ltd. Class A Ordinary Shares,Business Services,58,8.529999732971191,0.0,96,18,A
RSSS,Research Solutions Inc Common Stock,EDP Services,116,2.0,-42.19653242919864,26,97,C
RSVR,Reservoir Media Inc. Common Stock,Services-Misc. Amusement & Recreation,80,9.600000381469727,-13.513513049099446,68,39,C-
RTB,RTB Digital Inc. Common Stock,Professional Services,47,8.149999618530273,-57.72821925169611,47,,D
RTO,Rentokil Initial plc American Depositary Shares (each representing five (5) Ordinary Shares),Other Consumer Services,99,20.239999771118164,-40.817243350940124,19,,E
RTX,RTX Corporation Common Stock,Aerospace,131,185.97000122070312,-17.526277577592687,54,72,D
RUBI,Rubico Inc. Common Stock,Marine Transportation,3,0.5,-99.99937254901961,1,,E
RUM,RUM Group Inc. Class A Common Stock,Computer Software: Programming Data Processing,80,6.960000038146973,-31.964805966887834,74,18,B+
RUN,Sunrun Inc. Common Stock,Industrial Machinery/Components,91,7.639999866485596,-64.3157406775551,11,48,E
RUSHA,Rush Enterprises Inc. Common Stock Cl A,Retail-Auto Dealers and Gas Stations,110,44.52000045776367,-19.0813605055032,64,45,D+
RUSHB,Rush Enterprises Inc. Class B,Retail-Auto Dealers and Gas Stations,110,57.34000015258789,0.0,87,45,B+
RVLV,Revolve Group Inc. Class A Common Stock,Catalog/Specialty Distribution,67,21.690000534057617,-31.03338630243526,37,76,D
RVMD,Revolution Medicines Inc. Common Stock,Biotechnology: Biological Products (No Diagnostic Substances),99,189.75999450683594,-14.193986098114674,97,8,C
RVP,Retractable Technologies Inc. Common Stock,Medical/Dental Instruments,96,0.6600000262260437,-37.735843221332075,39,38,E
RVSB,Riverview Bancorp Inc Common Stock,Savings Institutions,14,5.96999979019165,-1.104400286512941,75,50,B+
RVSN,Rail Vision Ltd. Ordinary Share,Railroads,33,3.4700000286102295,-99.40683760194698,7,,C-
RVTY,Revvity Inc. Common Stock,Biotechnology: Laboratory Analytical Instruments,4,154.17999267578125,-2.0208489592247303,93,44,B+
RWAY,Runway Growth Finance Corp. Common Stock,Finance: Consumer Services,112,6.394999980926514,-24.75002404289365,62,63,D-
RWT,Redwood Trust Inc. Common Stock,Real Estate Investment Trusts,75,3.1700000762939453,-46.7649053687755,16,26,D-
RXO,RXO Inc. Common Stock,Transportation Services,90,29.079999923706055,-0.7508509183721146,93,32,B+
RXRX,Recursion Pharmaceuticals Inc. Class A Common Stock,Biotechnology: Biological Products (No Diagnostic Substances),99,4.360000133514404,-35.78792108970003,74,8,A-
RXST,RxSight Inc. Common Stock,Ophthalmic Goods,127,4.809999942779541,-63.25439353162571,24,18,C-
RXT,Rackspace Technology Inc. Common Stock,Computer Software: Programming Data Processing,80,3.9000000953674316,-48.20717149134458,98,8,B-
RY,Royal Bank Of Canada Common Stock,Commercial Banks,21,191.91000366210938,-11.386020580797506,70,85,E
RYAAY,Ryanair Holdings plc American Depositary Shares,Air Freight/Delivery Services,91,54.2400016784668,-25.413901778585835,35,,C
RYAM,Rayonier Advanced Materials Inc. Common Stock,Paper,79,7.019999980926514,-40.25531931126372,43,8,E
RYAN,Ryan Specialty Holdings Inc. Class A Common Stock,Specialty Insurers,112,37.0099983215332,-35.93151913757111,34,44,C-
RYDE,Ryde Group Ltd. Class A Ordinary Shares,Business Services,58,0.5699999928474426,-61.74496716784172,66,,A
RYET,Ruanyun Edai Technology Inc. Ordinary shares,Computer Software: Prepackaged Software,40,0.9200000166893005,-37.83783751129669,31,,C
RYM,RYTHM Inc. Common Stock,Farming/Seeds/Milling,116,21.100000381469727,-54.95303092926237,35,63,D+
RYN,Rayonier Inc. REIT Common Stock,Real Estate Investment Trusts,75,18.979999542236328,-20.031878001470783,37,49,C-
RYOJ,rYojbaba Co. Ltd. Common Shares,Professional Services,47,2.9100000858306885,-68.0921039216406,59,,D
RYTM,Rhythm Pharmaceuticals Inc. Common Stock,Biotechnology: Pharmaceutical Preparations,109,90.77999877929688,-22.81925126724681,43,8,D
RYZ,Ryerson Holding Corporation Common Stock,Metal Fabrications,39,26.229999542236328,-14.86006963705523,62,57,E
RZLT,Rezolute Inc. Common Stock (NV),Biotechnology: Pharmaceutical Preparations,109,4.869999885559082,-55.48446003332978,81,18,B-
RZLV,Rezolve AI PLC Ordinary Shares,Computer Software: Programming Data Processing,80,1.909999966621399,-66.95501907802301,16,,D-
S,SentinelOne Inc. Class A Common Stock,Computer Software: Prepackaged Software,40,26.270000457763672,0.0,95,18,B+
SA,Seabridge Gold Inc. Common Shares New,Precious Metals,43,28.079999923706055,-28.640404034137035,62,61,D
SABR,Sabre Corporation Common Stock,Computer Software: Programming Data Processing,80,1.899999976158142,-18.454933975446774,79,42,C
SABS,SAB Biotherapeutics Inc. Common Stock,Biotechnology: Biological Products (No Diagnostic Substances),99,2.9800000190734863,-35.076254466062906,39,26,B-
SACH,Sachem Capital Corp. Common Shares,Real Estate Investment Trusts,75,0.8460000157356262,-37.468835802047394,40,32,B-
SAFE,Safehold Inc. New Common Stock,Real Estate Investment Trusts,75,12.0,-29.064356661700064,29,46,E
SAFT,Safety Insurance Group Inc. Common Stock,Property-Casualty Insurers,52,103.81999969482422,-0.1154538616156775,91,41,A
SAFX,XCF Global Inc. Class A Common Stock,Major Chemicals,80,0.31200000643730164,-73.78151332479301,23,43,B-
SAGT,SAGTEC GLOBAL LIMITED Class A Ordinary shares,Computer Software: Prepackaged Software,40,0.5080000162124634,-81.04477598662365,7,,B-
SAGU,Shreya Acquisition Group Class A Ordinary Shares,Blank Checks,42,10.010000228881836,-0.5958239102352825,58,,E
SAH,Sonic Automotive Inc. Common Stock,Retail-Auto Dealers and Gas Stations,110,60.560001373291016,-45.95488946745717,30,56,E
SAIA,Saia Inc. Common Stock,Trucking Freight/Courier Services,58,336.75,-30.872030653645233,37,58,B-
SAIC,Science Applications International Corporation Common Stock,EDP Services,116,134.66000366210938,0.0,86,49,B-
SAIH,SAIHEAT Limited Class A Ordinary Shares,EDP Services,116,25.610000610351562,-19.211356485857646,98,,B+
SAIL,SailPoint Inc. Common Stock,Computer Software: Prepackaged Software,40,20.770000457763672,-10.858364215191497,90,18,B-
SAM,Boston Beer Company Inc. (The) Common Stock,Beverages (Production/Distribution),104,170.50999450683594,-34.43183906527136,34,53,C
SAMG,Silvercrest Asset Management Group Inc. Class A Common Stock,Investment Managers,58,10.229999542236328,-31.626834014880934,34,36,C+
SAN,Banco Santander S.A. Sponsored ADR (Spain),Commercial Banks,21,13.489999771118164,-10.365451161768569,73,71,D+
SANA,Sana Biotechnology Inc. Common Stock,Biotechnology: Biological Products (No Diagnostic Substances),99,2.7899999618530273,-52.87162287336269,23,18,C-
SANG,Sangoma Technologies Corporation Common Shares,Computer Software: Programming Data Processing,80,4.849999904632568,-10.185188537435385,74,26,B+
SANM,Sanmina Corporation Common Stock,Electrical Products,8,217.49000549316406,-23.072296068864894,88,97,B
SAP,SAP  SE ADS,Computer Software: Prepackaged Software,40,214.77999877929688,-22.087395622580285,76,81,B-
SAR,Saratoga Investment Corp New,Investment Managers,58,15.029999732971191,-32.21390767642662,27,34,E
SARO,StandardAero Inc. Common Stock,Aerospace,131,20.170000076293945,-39.10023935152908,22,92,E
SATL,Satellogic Inc. Class A Common Stock,Radio And Television Broadcasting And Communications Equipment,78,5.150000095367432,-52.04841522234731,83,26,B-
SB,Safe Bulkers Inc Common Stock ($0.001 par value),Marine Transportation,3,8.529999732971191,-7.080616019567154,93,78,B+
SBAC,SBA Communications Corporation Class A Common Stock,Real Estate Investment Trusts,75,182.49000549316406,-17.38117944433142,50,65,C
SBC,SBC Medical Group Holdings Incorporated Common Stock,Medical/Nursing Services,18,5.420000076293945,0.0,92,97,A
SBCF,Seacoast Banking Corporation of Florida Common Stock,Major Banks,21,31.739999771118164,-11.662090755917099,53,78,C-
SBET,Sharplink Inc. Common Stock,Computer Software: Prepackaged Software,40,8.59000015258789,-49.321535304177644,78,26,B+
SBFG,SB Financial Group Inc. Common Stock,Major Banks,21,29.209999084472656,-4.94630810415253,87,64,B+
SBFM,Sunshine Biopharma Inc. Common Stock,Biotechnology: Pharmaceutical Preparations,109,0.33799999952316284,-98.46363636580381,2,1,C-
SBGI,Sinclair Inc. Class A Common Stock,Broadcasting,58,12.729999542236328,-21.838319915015305,43,34,C
SBH,Sally Beauty Holdings Inc. (Name to be changed from Sally Holdings Inc.) Common Stock,Other Specialty Stores,115,15.899999618530273,-7.45052772938476,68,65,D-
SBLK,Star Bulk Carriers Corp. Common Shares,Marine Transportation,3,29.700000762939453,-8.55910966279978,90,78,C-
SBMT,Silver Bow Mining Corp. Common Shares,Precious Metals,43,7.800000190734863,-27.441858690838483,44,26,B+
SBR,Sabine Royalty Trust Common Stock,Oil & Gas Production,10,72.36000061035156,-5.650033375346808,63,45,E
SBRA,Sabra Health Care REIT Inc. Common Stock,Real Estate Investment Trusts,75,18.959999084472656,-14.03953480951332,57,42,E
SBS,Companhia de saneamento Basico Do Estado De Sao Paulo - Sabesp American Depositary Shares (Each repstg 250 Common Shares),Water Supply,43,6.739999771118164,-4.829144568116273,83,64,B+
SBSI,Southside Bancshares Inc. Common Stock,Major Banks,21,30.200000762939453,-14.521984375069163,49,55,D
SBSW,D/B/A Sibanye-Stillwater Limited ADS,Precious Metals,43,10.0,-49.17259367730596,51,,B-
SBUX,Starbucks Corporation Common Stock,Restaurants,89,90.75,-16.35173584024361,51,69,E
SBXE,SilverBox Corp V Class A Ordinary Shares,,,10.149999618530273,-0.2947022175456615,58,,C
SCAG,Scage Future American Depositary Shares,Construction/Ag Equipment/Trucks,21,0.18799999356269836,-93.64864894797803,4,,D
SCCO,Southern Copper Corporation Common Stock,Metal Mining,110,209.2100067138672,-4.774688384199788,88,95,C-
SCHL,Scholastic Corporation Common Stock,Books,7,38.599998474121094,-17.935593268724826,64,45,D
SCHW,Charles Schwab Corporation (The) Common Stock,Investment Bankers/Brokers/Service,49,96.69999694824219,-14.914214122361525,53,94,D-
SCI,Service Corporation International Common Stock,Other Consumer Services,99,76.91000366210938,-11.529213773352732,50,50,E
SCKT,Socket Mobile Inc. Common Stock,Computer Manufacturing,106,0.6000000238418579,-71.83098630962535,30,18,A+
SCL,Stepan Company Common Stock,Package Goods/Cosmetics,34,61.029998779296875,-7.237802305660113,79,68,D
SCLX,Scilex Holding Company Common Stock,Biotechnology: Biological Products (No Diagnostic Substances),99,2.9200000762939453,-79.16694648493483,7,26,E
SCM,Stellus Capital Investment Corporation Common Stock,Finance/Investors Services,45,7.159999847412109,-41.05238991768554,27,58,D
SCNI,Scinai Immunotherapeutics Ltd. American Depositary Shares,Biotechnology: Biological Products (No Diagnostic Substances),99,1.1799999475479126,-92.18543100835961,5,,A-
SCNX,Scienture Holdings Inc. Common Stock,Other Pharmaceuticals,67,3.759999990463257,-94.21538463005653,6,26,D-
SCOR,comScore Inc. Common Stock,Business Services,58,4.03000020980835,-55.17241031801379,12,43,E
SCPQ,Social Commerce Partners Corporation Class A Ordinary Shares,,,10.069999694824219,-0.29703649022181366,58,,A+
SCPQU,Social Commerce Partners Corporation Unit,,,10.300000190734863,-0.5791454433467291,59,,E
SCSC,ScanSource Inc. Common Stock,Retail: Computer Software & Peripheral Equipment,13,60.93000030517578,-2.0732897624857416,89,50,D+
SCWO,374Water Inc. Common Stock,Metal Fabrications,39,2.5399999618530273,-62.647060432236046,51,26,C
SCYX,SCYNEXIS Inc. Common Stock,Biotechnology: Pharmaceutical Preparations,109,4.079999923706055,-54.05405550534804,25,38,A
SCZM,Santacruz Silver Mining Ltd. Common Shares,,,9.109999656677246,-43.62623921598529,84,46,C-
SD,SandRidge Energy Inc. Common Stock,Oil & Gas Production,10,13.84000015258789,-20.54961131299966,63,76,C-
SDA,SunCar Technology Group Inc. Class A Ordinary Shares,Automotive Aftermarket,123,0.4569999873638153,-80.87866245586888,6,,B-
SDEV,Stablecoin Development Corporation Common Stock,Biotechnology: Pharmaceutical Preparations,109,1.5399999618530273,-98.39248443340757,27,31,A
SDGR,Schrodinger Inc. Common Stock,Biotechnology: Pharmaceutical Preparations,109,27.280000686645508,-16.319012381852616,95,38,B+
SDHC,Smith Douglas Homes Corp. Class A Common Stock,Homebuilding,98,10.149999618530273,-54.196752308571824,16,36,C-
SDOT,Sadot Group Inc. Common Stock,Restaurants,89,9.079999923706055,-94.11917080139676,5,34,A
SDRL,Seadrill Limited Common Shares,Oil & Gas Production,10,46.150001525878906,-15.784667575929012,80,63,B-
SDST,Stardust Power Inc. Common Stock,Major Chemicals,80,0.0560000017285347,-99.2101551407147,1,8,D
SE,Sea Limited American Depositary Shares each representing one Class A Ordinary Share,Other Consumer Services,99,95.25,-49.33510638297872,30,71,C-
SEAT,Vivid Seats Inc. Class A Common Stock,Services-Misc. Amusement & Recreation,80,3.2100000381469727,-75.91897932093524,8,18,E
SEB,Seaboard Corporation Common Stock,Farming/Seeds/Milling,116,3976.0,-33.20897377113455,38,77,D-
SECZ,Securitize Corp. Common Stock,Finance: Consumer Services,112,13.819999694824219,-16.89717142362651,89,,A
SEDG,SolarEdge Technologies Inc. Common Stock,Semiconductors,30,32.209999084472656,-58.97338146981337,29,35,C+
SEED,Origin Agritech Limited Common Stock,Farming/Seeds/Milling,116,0.699999988079071,-65.00000059604645,15,,D
SEER,Seer Inc. Class A Common Stock,Biotechnology: Laboratory Analytical Instruments,4,2.190000057220459,-7.594929832503395,70,8,A-
SEG,Seaport Entertainment Group Inc. Common Stock,Services-Misc. Amusement & Recreation,80,22.25,-23.87957458620713,47,18,E
SEGG,Sports Entertainment Gaming Global Corporation Common Stock,Computer Software: Prepackaged Software,40,1.600000023841858,-95.31615915986876,5,,D+
SEI,Solaris Energy Infrastructure Inc. Class A Common Stock,Oil and Gas Field Machinery,27,76.4000015258789,-7.637156351068974,88,93,B-
SEIC,SEI Investments Company Common Stock,Investment Bankers/Brokers/Service,49,104.69999694824219,-6.2080090259642,81,77,B+
SELF,Global Self Storage Inc. Common Stock,Real Estate Investment Trusts,75,4.900000095367432,-12.315227935037775,54,42,B-
SENEA,Seneca Foods Corp. Class A Common Stock,Packaged Foods,120,178.33999633789062,-13.970094687667023,84,92,C
SENEB,Seneca Foods Corp. Class B Common Stock,Packaged Foods,120,175.5800018310547,-15.801082405949495,84,92,D-
SENS,Senseonics Holdings Inc. Common Stock,Medical/Dental Instruments,96,8.979999542236328,-13.152810350889421,90,26,A-
SEPN,Septerna Inc. Common Stock,Biotechnology: Pharmaceutical Preparations,109,38.369998931884766,-20.37767166355873,91,8,C
SER,Serina Therapeutics Inc. Common Stock,Biotechnology: Pharmaceutical Preparations,109,2.0,-64.15770560312724,31,26,B-
SERA,Sera Prognostics Inc. Class A Common Stock,Medical Specialities,15,2.0399999618530273,-45.6000010172526,37,8,C
SERV,Serve Robotics Inc. Common Stock,Industrial Specialties,84,4.349999904632568,-75.39592856591119,11,18,C-
SES,SES AI Corporation Class A Common Stock,Industrial Machinery/Components,91,0.7799999713897705,-77.96610226567697,22,8,B+
SEV,Aptera Motors Corp. Class B Common Stock,Auto Manufacturing,137,1.6399999856948853,-84.87084905341666,14,,D+
SEVN,Seven Hills Realty Trust Common Stock,Real Estate Investment Trusts,75,6.900000095367432,-28.328460908898013,34,55,E
SEZL,Sezzle Inc. Common Stock,Finance: Consumer Services,112,128.63999938964844,-31.774066662658086,91,95,C+
SF,Stifel Financial Corporation Common Stock,Investment Bankers/Brokers/Service,49,70.33999633789062,-19.70940872844983,43,74,E
SFBC,Sound Financial Bancorp Inc. Common Stock,Savings Institutions,14,42.459999084472656,-13.169738733030645,47,56,B
SFBS,ServisFirst Bancshares Inc. Common Stock,Major Banks,21,38.40999984741211,-15.670462449555089,49,70,C-
SFD,Smithfield Foods Inc. Common Stock,Meat/Poultry/Fish,96,18.610000610351562,-35.42830549896442,28,56,D
SFHG,Samfine Creation Holdings Group Limited Class A Ordinary Share,Publishing,84,2.130000114440918,-55.85491816288126,25,,D
SFIX,Stitch Fix Inc. Class A Common Stock,Catalog/Specialty Distribution,67,2.8399999141693115,-49.64539040070978,24,18,D+
SFL,SFL Corporation Ltd,Marine Transportation,3,13.34000015258789,-2.9818170720880666,92,68,B-
SFM,Sprouts Farmers Market Inc. Common Stock,Food Chains,49,65.13999938964844,-42.91973552235178,28,60,D-
SFNC,Simmons First National Corporation Class A Common Stock,Major Banks,21,22.18000030517578,-7.184828149539535,69,75,B
SFST,Southern First Bancshares Inc. Common Stock,Major Banks,21,59.650001525878906,-7.662534156599355,70,71,E
SFWL,Shengfeng Development Limited Class A Ordinary Shares,Trucking Freight/Courier Services,58,8.4399995803833,-37.48148458975332,99,,B-
SG,Sweetgreen Inc. Class A Common Stock,Restaurants,89,9.630000114440918,-5.680704422517513,86,18,A-
SGA,Saga Communications Inc. Class A Common Stock (FL),Broadcasting,58,8.359999656677246,-29.441533293077505,33,34,E
SGC,Superior Group of Companies Inc. Common Stock,Apparel,116,13.050000190734863,-6.649464977578412,80,60,B-
SGHC,Super Group (SGHC) Limited Ordinary Shares,Services-Misc. Amusement & Recreation,80,11.289999961853027,-27.291413255668907,42,80,E
SGHT,Sight Sciences Inc. Common Stock,Medical/Dental Instruments,96,8.890000343322754,-5.0213603695936415,97,18,A-
SGI,Somnigroup International Inc. Common Stock,Home Furnishings,38,62.189998626708984,-36.078695333319956,28,48,C-
SGLY,Singularity Future Technology Ltd. Common Stock,Integrated Freight & Logistics,138,0.7200000286102295,-93.80378626763138,2,38,B+
SGML,Sigma Lithium Corporation Common Shares,Metal Mining,110,9.350000381469727,-60.46511402840022,35,36,D+
SGMT,Sagimet Biosciences Inc. Series A Common Stock,Biotechnology: Pharmaceutical Preparations,109,8.930000305175781,-20.053713122814642,90,8,B
SGP,SpyGlass Pharma Inc. Common Stock,Medical/Dental Instruments,96,24.920000076293945,-16.037736455318562,73,,A-
SGRP,SPAR Group Inc. Common Stock,Business Services,58,0.6800000071525574,-40.350875817067276,35,63,E
SGRY,Surgery Partners Inc. Common Stock,Hospital/Nursing Management,32,13.890000343322754,-39.45074097665726,37,18,B
SGU,Star Group L.P. Common Stock,Other Specialty Stores,115,12.989999771118164,-1.9321473659882904,67,54,C+
SHAK,Shake Shack Inc. Class A Common Stock,Restaurants,89,66.9000015258789,-36.09704846141154,35,65,B-
SHAZ,SharonAI Holdings Inc. Class A Common Stock,EDP Services,116,37.93000030517578,-59.0830619699443,47,26,E
SHBI,Shore Bancshares Inc Common Stock,Major Banks,21,22.270000457763672,-8.948013257401922,78,61,C
SHC,Sotera Health Company Common Stock,Misc Health and Biotechnology Services,30,18.059999465942383,-7.715892960801596,65,98,C-
SHEL,Shell PLC American Depositary Shares (each representing two (2) Ordinary Shares),Oil & Gas Production,10,100.18000030517578,-0.019956730215009433,86,74,A-
SHEN,Shenandoah Telecommunications Co Common Stock,Telecommunications Equipment,84,10.40999984741211,-39.12280926792949,29,8,D
SHFS,SHF Holdings Inc. Class A Common Stock,Finance: Consumer Services,112,0.42899999022483826,-99.1743649003392,2,26,D-
SHG,Shinhan Financial Group Co Ltd American Depositary Shares,Major Banks,21,75.5199966430664,-10.595482950511814,82,60,C-
SHIM,Shimmick Corporation Common Stock,Military/Government/Technical,103,3.130000114440918,-53.07346208937316,39,18,C-
SHIP,Seanergy Maritime Holdings Corp. Common Stock,Marine Transportation,3,17.110000610351562,-7.697034545978942,93,86,C-
SHLS,Shoals Technologies Group Inc. Class A Common Stock,Semiconductors,30,8.739999771118164,-31.558344104799318,60,40,B-
SHMD,SCHMID Group N.V. Class A Ordinary Shares,Industrial Machinery/Components,91,3.819999933242798,-63.33973219507454,39,,B-
SHO,Sunstone Hotel Investors Inc. Sunstone Hotel Investors Inc. Common Shares,Hotels/Resorts,74,11.3100004196167,-3.790694008701956,77,72,C-
SHOE,Shoe Station Group Inc. Common Stock,Clothing/Shoe/Accessory Stores,56,12.75,-37.92802975292193,25,37,E
SHOO,Steven Madden Ltd. Common Stock,Shoe Manufacturing,66,44.29999923706055,-9.26231606306034,73,78,C
SHOP,Shopify Inc. Class A Subordinate Voting Shares,Computer Software: Prepackaged Software,40,170.85000610351562,-4.558398220055082,85,94,C
SHOTU,RMG ML Sports Holdings Unit,,,10.010000228881836,-0.2988021223623072,56,,A+
SHPH,Shuttle Pharmaceuticals Holdings Inc. Common Stock,Biotechnology: Pharmaceutical Preparations,109,5.329999923706055,-88.80252080973523,48,,A+
SHW,Sherwin-Williams Company (The) Common Stock,RETAIL: Building Materials,122,319.3599853515625,-13.677469561102285,49,60,D-
SI,Shoulder Innovations Inc. Common Stock,Medical/Dental Instruments,96,18.1299991607666,-25.237116862818144,69,18,B
SIBN,SI-BONE Inc. Common Stock,Medical/Dental Instruments,96,19.3700008392334,-9.485975773285048,79,18,B-
SID,Companhia Siderurgica Nacional S.A. Common Stock,Steel/Iron Ore,17,1.2799999713897705,-39.62263959970868,54,18,B-
SIDU,Sidus Space Inc. Class A Common Stock,Telecommunications Equipment,84,1.5499999523162842,-75.0,18,26,D
SIEB,Siebert Financial Corp. Common Stock,Investment Bankers/Brokers/Service,49,2.259999990463257,-44.33497481982661,67,43,A
SIF,SIFCO Industries Inc. Common Stock,Aerospace,131,23.75,-15.869640860367618,98,61,C+
SIFY,Sify Technologies Limited American Depositary Shares,Computer Software: Programming Data Processing,80,12.850000381469727,-25.936598853370185,36,47,C-
SIG,Signet Jewelers Limited Common Shares,Consumer Specialties,19,105.22000122070312,-0.632730354903388,80,89,B-
SIGA,SIGA Technologies Inc. Common Stock,Biotechnology: Pharmaceutical Preparations,109,3.2799999713897705,-56.2756322915306,22,8,B+
SIGI,Selective Insurance Group Inc. Common Stock,Property-Casualty Insurers,52,84.22000122070312,-15.5212102993729,50,87,D+
SII,Sprott Inc. Common Shares,Finance: Consumer Services,112,115.76000213623047,-29.976823381894093,71,94,B
SILC,Silicom Ltd Ordinary Shares,Computer Communications Equipment,6,58.91999816894531,-4.428229179828347,99,8,B-
SILO,Silo Pharma Inc. Common Stock,Apparel,116,1.4700000286102295,-85.28528466176637,4,26,E
SIM,Grupo Simec S.A.B. de C.V. American Depositary Shares,Steel/Iron Ore,17,28.700000762939453,-16.44832012274553,53,93,E
SIMO,Silicon Motion Technology Corporation American Depositary Shares,Semiconductors,30,263.8999938964844,-21.509036811664718,96,92,B-
SIND,Sinda Ltd. Common Stock,Precious Metals,43,14.020000457763672,-21.763390635748458,77,,D
SINT,SiNtx Technologies Inc. Common Stock,Medical/Dental Instruments,96,2.109999895095825,-51.49425422173542,41,26,A-
SION,Sionna Therapeutics Inc. Common Stock,Biotechnology: Pharmaceutical Preparations,109,4.900000095367432,-90.39968650573287,2,26,C
SIRI,SiriusXM Holdings Inc. Common Stock,Broadcasting,58,26.510000228881836,-17.915039796119892,68,54,C-
SITC,SITE Centers Corp. Common Stock,Real Estate Investment Trusts,75,3.0999999046325684,-40.29158541279416,27,56,A-
SITE,SiteOne Landscape Supply Inc. Common Stock,Professional and commerical equipment,,87.16000366210938,-46.60949239687021,23,47,D
SITM,SiTime Corporation Common Stock,Semiconductors,30,612.3699951171875,-32.07059409142193,92,63,B-
SJ,Scienjoy Holding Corporation Class A Ordinary Shares,EDP Services,116,0.9700000286102295,-38.993710173133124,75,,C
SJM,The J.M. Smucker Company Common Stock,Packaged Foods,120,119.83000183105469,-9.452920396714692,81,85,A
SJT,San Juan Basin Royalty Trust Common Stock,Oil & Gas Production,10,3.799999952316284,-40.993790084586024,54,26,B+
SKE,Skeena Resources Limited Common Shares,Precious Metals,43,32.59000015258789,-14.506817770845771,87,26,C+
SKHY,SK hynix Inc. American Depositary Shares,Semiconductors,30,169.02999877929688,-14.902081949290091,64,98,D
SKIL,Skillsoft Corp. Class A Common Stock,Computer Software: Prepackaged Software,40,6.110000133514404,-65.88497942172086,32,18,C-
SKIN,SkinHealth Systems Inc. Class A Common Stock,Medical/Dental Instruments,96,0.550000011920929,-65.40880500786969,11,18,E
SKK,SKK Holdings Limited Class A Ordinary Shares,Water Sewer Pipeline Comm & Power Line Construction,126,5.449999809265137,-55.2912223390432,92,,A
SKM,SK Telecom Co. Ltd. Common Stock,Telecommunications Equipment,84,34.2400016784668,-25.565213742463488,85,54,C-
SKT,Tanger Inc. Common Stock,Real Estate Investment Trusts,75,35.08000183105469,-16.05350477529508,52,57,D+
SKWD,Skyward Specialty Insurance Group Inc. Common Stock,Property-Casualty Insurers,52,58.31999969482422,-11.138195740535473,75,73,B+
SKY,Champion Homes Inc. Common Stock,Homebuilding,98,79.62999725341797,-18.29468704960758,58,40,B-
SKYA,SkyAI Inc. Common Stock,Medical/Dental Instruments,96,1.8200000524520874,-72.91666504054784,65,26,B-
SKYE,Skye Bioscience Inc. Common Stock,Biotechnology: Pharmaceutical Preparations,109,1.690000057220459,-87.7890170622256,4,18,D-
SKYH,Sky Harbour Group Corporation Class A Common Stock,Real Estate,99,9.40999984741211,-18.10269769486372,47,43,E
SKYQ,Sky Quarry Inc. Common Stock,Environmental Services,67,2.450000047683716,-80.54011105647115,11,26,A+
SKYW,SkyWest Inc. Common Stock,Air Freight/Delivery Services,91,96.5199966430664,-16.750047774196254,54,66,D
SKYX,SKYX Platforms Corp. Common Stock,Building Products,80,1.100000023841858,-64.85623055517554,34,8,D
SLAB,Silicon Laboratories Inc. Common Stock,Semiconductors,30,222.0399932861328,-0.34111748438730993,84,72,B-
SLB,SLB Limited Common Shares,Oilfield Services/Equipment,37,48.95000076293945,-18.129803441203318,74,41,D+
SLBT,SL Science Holding Limited Ordinary Shares,Biotechnology: Biological Products (No Diagnostic Substances),99,1.5099999904632568,-88.21417453877208,4,,C
SLDB,Solid Biosciences Inc. Common Stock,Biotechnology: Biological Products (No Diagnostic Substances),99,6.869999885559082,-38.38564914260827,45,8,B+
SLDE,Slide Insurance Holdings Inc. Common Stock,Property-Casualty Insurers,52,25.139999389648438,-5.060423624443622,88,92,B+
SLDP,Solid Power Inc. Class A Common Stock,Industrial Machinery/Components,91,2.384999990463257,-71.97414892694272,25,8,B+
SLE,Super League Enterprise Inc. Common Stock,Services-Misc. Amusement & Recreation,80,4.989999771118164,-90.12272421634286,72,18,A-
SLF,Sun Life Financial Inc. Common Stock,Life Insurance,28,76.98999786376953,-7.619955569620918,76,55,D-
SLG,SL Green Realty Corp Common Stock,Real Estate Investment Trusts,75,48.40999984741211,-18.05431817514075,64,18,B-
SLGB,Smart Logistics Global Limited Class A Ordinary Shares,Integrated Freight & Logistics,138,0.2720000147819519,-94.84848477322646,5,,B
SLGL,Sol-Gel Technologies Ltd. Ordinary Shares,Biotechnology: Pharmaceutical Preparations,109,71.7699966430664,-26.74288481288709,81,1,C
SLGN,Silgan Holdings Inc. Common Stock,Containers/Packaging,102,35.439998626708984,-26.367053428447218,32,54,C-
SLI,Standard Lithium Ltd. Common Shares,Major Chemicals,80,1.5800000429153442,-72.03539794254475,10,1,D+
SLM,SLM Corporation Common Stock,Finance: Consumer Services,112,22.520000457763672,-25.706079012035875,42,44,C-
SLMT,Brera Holdings PLC Class B Ordinary Shares,Services-Misc. Amusement & Recreation,80,3.065000057220459,-98.36620471348535,5,,B
SLN,Silence Therapeutics Plc American Depository Share,Biotechnology: Pharmaceutical Preparations,109,9.859999656677246,-36.098512886160826,92,8,E
SLND,Southland Holdings Inc. Common Stock,Military/Government/Technical,103,0.7820000052452087,-83.7083338714308,22,26,A+
SLNG,Stabilis Solutions Inc. Common Stock,Oil/Gas Transmission,40,5.440000057220459,-17.450683895899864,88,18,A-
SLNH,Soluna Holdings Inc. Common Stock,EDP Services,116,0.8999999761581421,-79.63800994065211,24,1,C
SLQT,SelectQuote Inc. Common Stock,Specialty Insurers,112,0.3580000102519989,-83.19248868463247,8,18,E
SLRC,SLR Investment Corp. Common Stock,Finance/Investors Services,45,11.369999885559082,-25.913128714617393,35,58,C+
SLS,SELLAS Life Sciences Group Inc. Common Stock,Biotechnology: Pharmaceutical Preparations,109,11.649999618530273,-24.644245861679593,99,8,B-
SLSN,Solesence Inc. Common Stock,Package Goods/Cosmetics,34,1.0199999809265137,-74.37185989853432,51,42,B-
SLSR,Solaris Resources Inc. Common Shares,,,6.829999923706055,-38.63432296964411,39,26,D+
SLVM,Sylvamo Corporation Common Stock,Paper,79,32.650001525878906,-38.1681016686951,28,32,D
SLXN,Silexion Therapeutics Corp Ordinary Shares,Biotechnology: Biological Products (No Diagnostic Substances),99,0.2150000035762787,-99.4624999910593,1,26,B-
SM,SM Energy Company Common Stock,Oil & Gas Production,10,37.0,-10.389926908221659,92,74,B-
SMA,SmartStop Self Storage REIT Inc. Common Stock,Real Estate Investment Trusts,75,32.83000183105469,-9.078780892043813,60,63,C-
SMBC,Southern Missouri Bancorp Inc. Common Stock,Banks,19,69.93000030517578,-11.540018694033105,69,59,C
SMBK,SmartFinancial Inc. Common Stock,Major Banks,21,50.02000045776367,-6.030432297722688,82,71,D
SMC,Summit Midstream Corporation Common Stock,Natural Gas Distribution,28,31.950000762939453,-8.609835241300345,79,63,B-
SMCI,Super Micro Computer Inc. Common Stock,Computer Manufacturing,106,41.86000061035156,-27.802688960254184,89,95,A-
SMFG,Sumitomo Mitsui Financial Group Inc Unsponsored American Depositary Shares (Japan),Commercial Banks,21,25.1299991607666,-8.817127548128889,80,87,D
SMG,Scotts Miracle-Gro Company (The) Common Stock,Agricultural Chemicals,135,49.86000061035156,-31.394861792441443,32,44,D
SMHI,SEACOR Marine Holdings Inc. Common Stock,Marine Transportation,3,8.569999694824219,-13.955826686737238,82,35,E
SMID,Smith-Midland Corporation Common Stock,Building Materials,120,22.399999618530273,-44.06991249627221,21,52,E
SMJF,SMJ International Holdings Inc. Class A Ordinary Shares,RETAIL: Building Materials,122,1.5299999713897705,-86.59070997501557,6,,A+
SMMT,Summit Therapeutics Inc. Common Stock,Biotechnology: Pharmaceutical Preparations,109,17.59000015258789,-33.320694798396936,52,18,B+
SMP,Standard Motor Products Inc. Common Stock,Auto Parts:O.E.M.,91,36.66999816894531,-16.747815899152553,52,52,C+
SMPL,The Simply Good Foods Company Common Stock,Packaged Foods,120,10.180000305175781,-59.984276370012736,19,33,B-
SMR,NuScale Power Corporation Class A Common Stock,Metal Fabrications,39,7.199999809265137,-86.52442491457806,15,8,D
SMRT,SmartRent Inc. Class A Common Stock,EDP Services,116,1.1699999570846558,-44.811319799854346,44,18,B-
SMSI,Smith Micro Software Inc. Common Stock,Computer Software: Prepackaged Software,40,2.609999895095825,-42.63736734757613,34,18,D
SMTC,Semtech Corporation Common Stock,Semiconductors,30,187.3000030517578,-5.020280958261258,97,60,B
SMTI,Sanara MedTech Inc. Common Stock,Industrial Specialties,84,35.06999969482422,-0.5952355208013405,92,18,B-
SMTK,SmartKem Inc. Common Stock,Semiconductors,30,1.149999976158142,-99.18727916879283,1,26,C+
SMWB,Similarweb Ltd. Ordinary Shares,Computer Software: Programming Data Processing,80,9.050000190734863,-2.58342058238602,96,18,B-
SMX,SMX (Security Matters) Public Limited Company Ordinary Shares,Industrial Machinery/Components,91,3.7899999618530273,-99.89822551800691,2,,E
SMXT,Solarmax Technology Inc. Common Stock,Engineering & Construction,67,4.260000228881836,-66.19047539754972,20,,A
SN,SharkNinja Inc. Ordinary Shares,Consumer Electronics/Appliances,104,184.97999572753906,-4.085867913447238,93,88,D+
SNA,Snap-On Incorporated Common Stock,Industrial Machinery/Components,91,360.3699951171875,-13.523195183792991,51,51,E
SNAL,Snail Inc. Class A Common Stock,Computer Software: Prepackaged Software,40,2.2699999809265137,-73.29411787145278,15,18,C+
SNAP,Snap Inc. Class A Common Stock,Computer Software: Programming Data Processing,80,6.230000019073486,-31.463147255285495,70,18,B+
SND,Smart Sand Inc. Common Stock,Mining & Quarrying of Nonmetallic Minerals (No Fuels),91,5.28000020980835,-7.314673719022657,92,45,B+
SNDA,Sonida Senior Living Inc. Common Stock,Hospital/Nursing Management,32,35.2400016784668,-18.17970297617244,64,1,E
SNDK,Sandisk Corporation Common Stock,Electronic Components,2,1581.8199462890625,-32.25610508398019,99,66,B+
SNDL,SNDL Inc. Common Shares,Medicinal Chemicals and Botanical Products,134,1.2200000286102295,-56.66074586815952,28,26,D-
SNDR,Schneider National Inc. Common Stock,Trucking Freight/Courier Services,58,31.5,-18.276614466525032,67,54,D-
SNDX,Syndax Pharmaceuticals Inc. Common Stock,Biotechnology: Pharmaceutical Preparations,109,16.989999771118164,-32.44532791722152,29,8,E
SNES,SenesTech Inc. Common Stock,Agricultural Chemicals,135,0.6700000166893005,-83.77723975487108,6,18,D-
SNEX,StoneX Group Inc. Common Stock,Investment Bankers/Brokers/Service,49,61.2400016784668,-33.91842052596391,67,96,C
SNFCA,Security National Financial Corporation Class A Common Stock,Finance: Consumer Services,112,9.180000305175781,-8.01602478712421,62,55,B+
SNGX,Soligenix Inc. Common Stock,Biotechnology: Pharmaceutical Preparations,109,0.36000001430511475,-79.88826692865184,13,26,A-
SNN,Smith & Nephew SNATS Inc. Common Stock,Industrial Specialties,84,27.239999771118164,-24.72023109346019,33,,D-
SNOA,Sonoma Pharmaceuticals Inc. Common Stock,Biotechnology: Pharmaceutical Preparations,109,1.2300000190734863,-71.91780851744363,16,,B-
SNOW,Snowflake Inc. Common Stock,Computer Software: Prepackaged Software,40,368.8900146484375,0.0,96,98,B+
SNPS,Synopsys Inc. Common Stock,Computer Software: Prepackaged Software,40,509.989990234375,-4.596304893077152,75,78,B-
SNT,Senstar Technologies Corporation Common Shares,Telecommunications Equipment,84,1.5199999809265137,-71.32075610895853,13,39,C-
SNTG,Sentage Holdings Inc. Class A Ordinary Shares,Finance: Consumer Services,112,1.7400000095367432,-44.76190613150502,28,,B+
SNTI,Senti Biosciences Holdings Inc. Common Stock,Biotechnology: Biological Products (No Diagnostic Substances),99,0.3140000104904175,-86.86192482393189,5,18,B+
SNWV,SANUWAVE Health Inc. Common Stock,Medical/Dental Instruments,96,5.619999885559082,-84.09734051699618,6,43,B-
SNX,TD SYNNEX Corporation Common Stock,Retail: Computer Software & Peripheral Equipment,13,273.3699951171875,-5.593949101308581,91,93,B
SNY,Sanofi ADS,Biotechnology: Pharmaceutical Preparations,109,40.06999969482422,-19.1957414201569,40,72,E
SO,Southern Company (The) Common Stock,Electric Utilities: Central,67,86.16999816894531,-11.612457159000511,44,69,C-
SOAR,Volato Group Inc. Class A Common Stock,Transportation Services,90,0.3100000023841858,-91.31691548793883,82,43,A+
SOBO,South Bow Corporation Common Shares,Natural Gas Distribution,28,33.220001220703125,-12.81180551571639,68,59,D
SOBR,SOBR Safe Inc. Common Stock,Newspapers/Magazines,21,0.06199999898672104,-98.39793279534518,1,26,E
SOC,Sable Offshore Corp. Common Stock,Oil & Gas Production,10,3.7200000286102295,-81.0687017769598,11,26,C+
SOFI,SoFi Technologies Inc. Common Stock,Finance: Consumer Services,112,15.800000190734863,-50.9469089108062,26,92,D-
SOGP,Sound Group Inc. American Depositary Shares,Computer Software: Programming Data Processing,80,10.84000015258789,-38.58995131633899,43,,D-
SOHU,Sohu.com Limited American Depositary Shares,EDP Services,116,12.739999771118164,-26.0162585416713,39,34,D+
SOLS,Solstice Advanced Materials Inc. Common Stock,Aerospace,131,61.349998474121094,-30.66395700876946,63,51,C+
SOLV,Solventum Corporation Common Stock,Medical/Dental Instruments,96,87.29000091552734,-5.571182810324215,78,51,B-
SON,Sonoco Products Company Common Stock,Containers/Packaging,102,47.91999816894531,-20.128491883675704,52,48,D-
SONM,DNA X Inc. Common Stock,Telecommunications Equipment,84,3.6389999389648438,-78.42404774772605,36,36,A
SONO,Sonos Inc. Common Stock,Consumer Electronics/Appliances,104,17.260000228881836,-9.916490781115018,74,38,C
SONY,Sony Group Corporation American Depositary Shares,Consumer Electronics/Appliances,104,24.1200008392334,-20.290810783894443,64,47,B
SOPH,SOPHiA GENETICS SA Ordinary Shares,Biotechnology: Biological Products (No Diagnostic Substances),99,7.409999847412109,-16.9282535422265,92,18,B
SOR,Source Capital Inc. Cmn Shs of BI,Investment Managers,58,45.5,-4.599450210488165,59,,C-
SORA,AsiaStrategy Ordinary Shares,Other Specialty Stores,115,2.4000000953674316,-60.591132426366634,56,,A
SOS,SOS Limited Class A Ordinary Shares,Finance: Consumer Services,112,0.29499998688697815,-86.59090997758973,4,,E
SOTK,Sono-Tek Corporation Common Stock,Industrial Machinery/Components,91,7.079999923706055,0.0,93,,B-
SOUN,SoundHound AI Inc Class A Common Stock,Computer Software: Prepackaged Software,40,5.389999866485596,-74.81308428707452,17,18,D-
SOWG,Sow Good Inc. Common Stock,Packaged Foods,120,2.240000009536743,-84.60481113283333,8,26,B+
SPAI,Safe Pro Group Inc. Common Stock,Industrial Specialties,84,4.059999942779541,-54.63687118097382,42,26,B+
SPB,Spectrum Brands Holdings Inc. Common Stock,Industrial Machinery/Components,91,77.37000274658203,-14.495064241004062,73,85,D-
SPCB,SuperCom Ltd. Ordinary Shares (Israel),Semiconductors,30,9.109999656677246,-26.294499112257274,46,,C
SPCE,Virgin Galactic Holdings Inc. Common Stock,Transportation Services,90,2.8399999141693115,-62.23404359876867,51,8,B+
SPCX,Space Exploration Technologies Corp. Class A Common Stock,Computer Software: Programming Data Processing,80,162.57000732421875,-23.094750085807682,68,,A
SPFI,South Plains Financial Inc. Common Stock,Major Banks,21,42.31999969482422,-7.547052196808113,61,75,B+
SPG,Simon Property Group Inc. Common Stock,Real Estate Investment Trusts,75,199.4199981689453,-14.84562253927998,61,54,E
SPGI,S&P Global Inc. Common Stock,Finance: Consumer Services,112,407.82000732421875,-20.55533433834249,43,79,C-
SPH,Suburban Propane Partners L.P. Common Stock,Other Specialty Stores,115,17.09000015258789,-14.92020138659812,47,32,E
SPHL,Springview Holdings Ltd Class A Ordinary Shares,Homebuilding,98,2.309999942779541,-86.73176356677045,29,,A+
SPHR,Sphere Entertainment Co. Class A Common Stock,Services-Misc. Amusement & Recreation,80,106.41000366210938,-39.67003020959855,65,34,D-
SPIR,Spire Global Inc. Class A Common Stock,Telecommunications Equipment,84,10.270000457763672,-59.693875030335676,23,42,E
SPMC,Sound Point Meridian Capital Inc. Common Stock,,,7.840000152587891,-44.41894872304027,22,,D-
SPNT,SiriusPoint Ltd. Common Shares,Property-Casualty Insurers,52,24.959999084472656,-5.131130402405626,75,73,A-
SPOK,Spok Holdings Inc. Common Stock,Telecommunications Equipment,84,10.729999542236328,-27.116446544414796,48,43,B-
SPOT,Spotify Technology S.A. Ordinary Shares,Broadcasting,58,529.1400146484375,-23.539097241643713,58,95,C+
SPPL,SIMPPLE LTD. Ordinary Shares,Diversified Commercial Services,77,1.899999976158142,-70.67901279991347,14,,E
SPRB,Spruce Biosciences Inc. Common Stock,Biotechnology: Pharmaceutical Preparations,109,44.04999923706055,-75.10033444960287,19,8,C-
SPRC,SciSparc Ltd. Ordinary Shares,Biotechnology: Pharmaceutical Preparations,109,4.46999979019165,-89.03605656119034,26,,A
SPRO,Spero Therapeutics Inc. Common Stock,Biotechnology: Pharmaceutical Preparations,109,1.2000000476837158,-59.731542281774594,11,42,C-
SPRU,Spruce Power Holding Corporation Class A Common Stock,Auto Parts:O.E.M.,91,1.559999942779541,-75.85139421722013,11,63,B-
SPRY,ARS Pharmaceuticals Inc. Common Stock,Biotechnology: Pharmaceutical Preparations,109,4.230000019073486,-67.61102692830056,10,26,E
SPSC,SPS Commerce Inc. Common Stock,Computer Software: Prepackaged Software,40,84.58999633789062,-25.168085940566176,81,46,B-
SPT,Sprout Social Inc Class A Common Stock,Computer Software: Prepackaged Software,40,11.0,-6.303234970571758,89,74,B-
SPTX,Seaport Therapeutics Inc. Common Stock,Biotechnology: Pharmaceutical Preparations,109,18.149999618530273,-34.80603621030108,42,,C-
SPWH,Sportsman's Warehouse Holdings Inc. Common Stock,Other Specialty Stores,115,1.100000023841858,-63.087247758345335,24,18,B+
SPWR,SunPower Inc. Common Stock,Semiconductors,30,0.2849999964237213,-86.49289049321123,5,26,B-
SPXC,SPX Technologies Inc. Common Stock,Industrial Machinery/Components,91,169.4600067138672,-31.228438701604077,31,91,D
SQFT,Presidio Property Trust Inc. Class A Common Stock,Real Estate Investment Trusts,75,0.8669999837875366,-86.10576898094699,4,26,A
SQM,Sociedad Quimica y Minera S.A. Common Stock,Mining & Quarrying of Nonmetallic Minerals (No Fuels),91,63.90999984741211,-31.170988029546276,55,73,D
SQNS,Sequans Communications S.A. American Depositary Shares (each representing one hundred (100) Ordinary Shares),Semiconductors,30,2.7100000381469727,-70.92274541970266,23,43,D+
SR,Spire Inc. Common Stock,Oil/Gas Transmission,40,78.41999816894531,-15.910257073127,46,92,E
SRAD,Sportradar Group AG Class A Ordinary Shares,Computer Software: Programming Data Processing,80,12.489999771118164,-54.598329090505324,20,40,B-
SRBK,SR Bancorp Inc. Common stock,Banks,19,17.94499969482422,-11.669635626314035,64,79,D
SRCE,1st Source Corporation Common Stock,Major Banks,21,83.9000015258789,-7.619465087203336,80,70,C-
SRE,DBA Sempra Common Stock,Natural Gas Distribution,28,81.33999633789062,-17.183598098796814,38,72,E
SRFM,Surf Air Mobility Inc. Common Stock,Transportation Services,90,0.9459999799728394,-82.57826869467361,21,26,C+
SRG,Seritage Growth Properties Class A Common Stock,Real Estate,99,1.600000023841858,-62.52927327895008,12,26,D
SRI,Stoneridge Inc. Common Stock,Auto Parts:O.E.M.,91,6.349999904632568,-30.752455269346957,49,8,D
SRL,Scully Royalty Ltd.,Commercial Banks,21,5.099999904632568,-49.70414465527166,33,,E
SRPT,Sarepta Therapeutics Inc. Common Stock (DE),Biotechnology: Pharmaceutical Preparations,109,17.850000381469727,-26.99386574855982,35,74,C-
SRRK,Scholar Rock Holding Corporation Common Stock,Biotechnology: Biological Products (No Diagnostic Substances),99,42.189998626708984,-29.730183238891406,40,18,C-
SRTA,Strata Critical Medical Inc. Class A Common Stock,Transportation Services,90,4.53000020980835,-29.984538536218952,44,34,D-
SRTS,Sensus Healthcare Inc. Common Stock,Medical/Dental Instruments,96,2.950000047683716,-44.33962374490616,31,18,B-
SRXH,SRX Global Inc. Common Stock,Beverages (Production/Distribution),104,1.4600000381469727,-95.72025195178881,5,26,B-
SRZN,Surrozen Inc. Common Stock,Biotechnology: Biological Products (No Diagnostic Substances),99,29.690000534057617,-13.009084075902743,92,26,B-
SSB,SouthState Bank Corporation Common Stock,Major Banks,21,100.25,-10.162197965804666,60,73,C-
SSBI,Summit State Bank Common Stock,Major Banks,21,12.220000267028809,-12.714283806937077,47,35,E
SSD,Simpson Manufacturing Company Inc. Common Stock,Industrial Machinery/Components,91,171.1199951171875,-18.27376305708124,49,76,D
SSII,SS Innovations International Inc. Common Stock,Medical/Dental Instruments,96,2.6449999809265137,-73.49699296345038,14,18,C-
SSL,Sasol Ltd. American Depositary Shares,Oil & Gas Production,10,15.109999656677246,-0.19815512526549783,96,,B+
SSM,Sono Group N.V. Ordinary Shares,Auto Manufacturing,137,1.1799999475479126,-87.31182878121348,3,43,A-
SSMR,Sunshine Silver Mining & Refining Company Common Stock,Precious Metals,43,14.890000343322754,-21.383316137991738,51,,B-
SSNC,SS&C Technologies Holdings Inc. Common Stock,Computer Software: Prepackaged Software,40,81.02999877929688,-8.564591456035986,70,86,B+
SSP,E.W. Scripps Company (The) Class A Common Stock,Broadcasting,58,2.859999895095825,-44.573643804850136,54,18,C-
SSRM,SSR Mining Inc. Common Stock,Precious Metals,43,35.5099983215332,-9.436370439510345,89,81,B+
SST,System1 Inc. Class A Common Stock,Computer Software: Programming Data Processing,80,2.3399999141693115,-70.52896854778523,21,18,A+
SSTI,SoundThinking Inc. Common Stock,Computer Software: Prepackaged Software,40,8.359999656677246,-30.333336194356285,53,8,B
SSTK,Shutterstock Inc. Common Stock,EDP Services,116,4.349999904632568,-82.4273954467311,6,32,D-
SSYS,Stratasys Ltd. Ordinary Shares (Israel),Computer peripheral equipment,47,7.980000019073486,-35.85208771504149,36,48,B+
ST,Sensata Technologies Holding plc Ordinary Shares,Industrial Machinery/Components,91,42.290000915527344,-20.821550857905148,73,74,B-
STAA,STAAR Surgical Company Common Stock,Ophthalmic Goods,127,21.670000076293945,-35.00299946875707,33,83,D+
STAG,Stag Industrial Inc. Common Stock,Real Estate Investment Trusts,75,36.0099983215332,-13.432991991836118,50,55,B-
STAK,STAK Inc. Class A Ordinary Shares,Oil and Gas Field Machinery,27,1.0800000429153442,-88.34951467547299,67,,A
STBA,S&T Bancorp Inc. Common Stock,Major Banks,21,48.04999923706055,-9.293205310876262,75,59,C
STC,Stewart Information Services Corporation Common Stock,Specialty Insurers,112,50.70000076293945,-32.18755392437836,26,60,D-
STE,STERIS plc (Ireland) Ordinary Shares,Industrial Specialties,84,214.39999389648438,-19.507671191128438,45,73,D-
STEM,Stem Inc. Class A Common Stock,Industrial Machinery/Components,91,4.159999847412109,-86.03558335158088,8,8,D+
STEP,StepStone Group Inc. Class A Common Stock,Investment Managers,58,44.099998474121094,-40.332792981983836,39,18,B-
STEX,Streamex Corp. Common Stock,Biotechnology: Electromedical & Electrotherapeutic Apparatus,58,0.4909999966621399,-92.09339784789033,7,26,B-
STFS,Star Fashion Culture Holdings Limited Class A Ordinary Shares,Advertising,131,3.799999952316284,-79.22362076488326,11,,C+
STG,Sunlands Technology Group American Depositary Shares representing Class A ordinary shares,Other Consumer Services,99,2.680000066757202,-65.53054618797982,14,39,E
STGW,Stagwell Inc. Class A Common Stock,Advertising,131,8.649999618530273,-7.4866388703763835,90,32,B+
STHO,Star Holdings Shares of Beneficial Interest,Real Estate,99,8.3100004196167,-16.314197741914416,52,38,B-
STI,Solidion Technology Inc. Common Stock,Industrial Machinery/Components,91,5.690000057220459,-84.07054909639095,32,26,C-
STIM,Neuronetics Inc. Common Stock,Medical/Dental Instruments,96,2.130000114440918,-35.454541053982084,77,18,D
STKE,Sol Strategies Inc. Common Shares,,,1.5299999713897705,-63.309353875371,59,26,A-
STKH,Steakholder Foods Ltd. American Depositary Shares,Packaged Foods,120,0.5860000252723694,-95.2588993402132,3,,E
STKS,The ONE Group Hospitality Inc. Common Stock,Restaurants,89,1.5,-46.61921599484948,24,18,D
STLA,Stellantis N.V. Common Shares,Auto Manufacturing,137,4.480000019073486,-63.03630312396798,14,,E
STLD,Steel Dynamics Inc.,Steel/Iron Ore,17,238.3800048828125,-15.301795599729962,85,89,D
STM,STMicroelectronics N.V. Common Stock,Semiconductors,30,52.060001373291016,-34.6643600636925,87,53,C
STN,Stantec Inc Common Stock,Military/Government/Technical,103,66.86000061035156,-40.777305993657166,29,66,C-
STNE,StoneCo Ltd. Class A Common Shares,EDP Services,116,12.460000038146973,-22.214481860404856,62,82,B+
STNG,Scorpio Tankers Inc. Common Shares,Marine Transportation,3,85.13999938964844,-3.4146365106378362,87,77,B-
STOK,Stoke Therapeutics Inc. Common Stock,Biotechnology: Pharmaceutical Preparations,109,24.739999771118164,-35.48891589184044,28,26,C
STRA,Strategic Education Inc. Common Stock,Other Consumer Services,99,82.38999938964844,-5.275002361760683,57,70,B-
STRL,Sterling Infrastructure Inc. Common Stock,Military/Government/Technical,103,513.0,-48.37683850490829,78,98,C-
STRO,Sutro Biopharma Inc. Common Stock,Biotechnology: Biological Products (No Diagnostic Substances),99,14.270000457763672,-65.11855167199087,40,8,E
STRR,Star Equity Holdings Inc. Common Stock,Professional Services,47,10.319999694824219,-12.616432445824078,49,18,A-
STRS,Stratus Properties Inc. Common Stock,Homebuilding,98,17.940000534057617,-31.350390013505525,38,,E
STRT,STRATTEC SECURITY CORPORATION Common Stock,Auto Parts:O.E.M.,91,63.72999954223633,-29.897704350441543,31,50,C-
STRW,Strawberry Fields REIT Inc. Common Stock,Real Estate Investment Trusts,75,12.930000305175781,-10.466851124799936,61,71,B+
STRZ,Starz Entertainment Corp. Common Shares,Movies/Entertainment,4,23.790000915527344,-21.251235893764274,92,18,D+
STT,State Street Corporation Common Stock,Major Banks,21,174.9600067138672,-9.458022414356615,83,81,D
STTK,Shattuck Labs Inc. Common Stock,Biotechnology: Pharmaceutical Preparations,109,5.96999979019165,-25.930527551069794,87,18,B-
STUB,StubHub Holdings Inc. Class A Common Stock,Services-Misc. Amusement & Recreation,80,6.119999885559082,-69.59761480026799,14,18,C
STVN,Stevanato Group S.p.A. Ordinary Shares,Medical/Dental Instruments,96,19.399999618530273,-29.482151568086778,59,41,C
STWD,STARWOOD PROPERTY TRUST INC. Starwood Property Trust Inc.,Real Estate Investment Trusts,75,12.710000038146973,-26.373580053326307,27,57,E
STX,Seagate Technology Holdings PLC Ordinary Shares (Ireland),Electronic Components,2,783.0,-28.321959016701204,97,83,D+
STXS,Stereotaxis Inc. Common Stock,Biotechnology: Electromedical & Electrotherapeutic Apparatus,58,1.1100000143051147,-67.06231299705323,12,18,E
STZ,Constellation Brands Inc. Common Stock,Beverages (Production/Distribution),104,122.63999938964844,-25.347294302843657,36,88,B+
SU,Suncor Energy  Inc. Common Stock,Integrated oil Companies,1,72.2300033569336,0.0,90,77,B-
SUGP,SU Group Holdings Limited Class A Ordinary Shares,Diversified Commercial Services,77,2.2300000190734863,-99.29138864551221,1,,D
SUI,Sun Communities Inc. Common Stock,Real Estate Investment Trusts,75,114.0,-14.515835231937935,46,40,B-
SUIG,Sui Group Holdings Limited Common Stock,Finance Companies,52,1.399999976158142,-65.85365832383827,43,26,B+
SUJA,Suja Life Inc. Class A Common Stock,Beverages (Production/Distribution),104,10.859999656677246,-39.159667089132796,30,,E
SUNB,Sunbelt Rentals Holdings Inc. Common Stock,Diversified Commercial Services,77,75.16999816894531,-11.387875423142624,64,57,C-
SUNE,SUNation Energy Inc. Common Stock,Telecommunications Equipment,84,2.2799999713897705,-61.22449103716458,86,26,A+
SUNS,Sunrise Realty Trust Inc. Common Stock,Real Estate Investment Trusts,75,5.849999904632568,-34.36564068824081,24,44,E
SUPN,Supernus Pharmaceuticals Inc. Common Stock,Biotechnology: Pharmaceutical Preparations,109,42.66999816894531,-25.140354089569627,37,18,C-
SUPV,Grupo Supervielle S.A. American Depositary Shares each Representing five Class B shares,Commercial Banks,21,7.130000114440918,-44.55676279323354,35,46,D-
SUPX,SuperX AI Technology Limited Ordinary Shares,,,7.010000228881836,-90.12536915082869,22,,D
SURG,SurgePays Inc. Common Stock,Advertising,131,0.1420000046491623,-95.1202748982522,4,38,A-
SUZ,Suzano S.A. American Depositary Shares (each representing One Ordinary Share),Paper,79,8.569999694824219,-25.209570262986315,52,39,C+
SVC,Service Properties Trust Common Shares of Beneficial Interest,Real Estate Investment Trusts,75,7.150000095367432,-38.91031866566965,30,26,C-
SVCC,Stellar V Capital Corp. Class A Ordinary Shares,,,10.6899995803833,-0.27985714457283706,60,65,E
SVCCU,Stellar V Capital Corp. Unit,Blank Checks,42,10.855999946594238,-5.435536764146365,60,,A+
SVCO,Silvaco Group Inc. Common Stock,Computer Software: Prepackaged Software,40,8.125,-41.080492947962234,79,35,B+
SVM,Silvercorp Metals Inc. Common Shares,Precious Metals,43,10.489999771118164,-33.15688478990585,77,36,D+
SVRA,Savara Inc. Common Stock,Biotechnology: Pharmaceutical Preparations,109,4.920000076293945,-29.10662772725602,51,26,C
SVRE,SaverOne 2014 Ltd. American Depositary Shares,EDP Services,116,1.149999976158142,-93.43607336694708,5,,B+
SVRN,OceanPal Inc. Common Stock,Marine Transportation,3,44.0,-34.65023198661814,99,,B+
SVV,Savers Value Village Inc. Common Stock,Other Specialty Stores,115,9.229999542236328,-32.28173540176871,46,48,C
SW,Smurfit WestRock plc Ordinary Shares,Containers/Packaging,102,41.290000915527344,-18.706624366383874,53,79,D-
SWAG,Stran & Company Inc. Common Stock,Advertising,131,1.3899999856948853,-58.5074619323805,23,44,E
SWBI,Smith & Wesson Brands Inc. Common Stock,Ordnance And Accessories,15,13.979999542236328,-14.555054900320485,72,81,B-
SWIM,Latham Group Inc. Common Stock,Plastic Products,8,6.039999961853027,-24.310777601297573,50,49,E
SWK,Stanley Black & Decker Inc. Common Stock,Industrial Machinery/Components,91,88.56999969482422,-14.095375576472158,75,73,D+
SWKS,Skyworks Solutions Inc. Common Stock,Semiconductors,30,76.3499984741211,-16.511753939879537,85,36,C-
SWMR,Swarmer Inc Common Stock,Computer Software: Prepackaged Software,40,12.6899995803833,-83.83851232435849,6,,C-
SWVL,Swvl Holdings Corp Class A Common Shares,Business Services,58,3.9200000762939453,-50.62972231682562,98,,A-
SWX,Southwest Gas Holdings Inc. Common Stock (DE),Oil & Gas Production,10,84.13999938964844,-9.25575951702241,53,99,D+
SXC,SunCoke Energy Inc. Common Stock,Steel/Iron Ore,17,9.9399995803833,-5.960266155441884,88,58,B
SXI,Standex International Corporation Common Stock,Industrial Machinery/Components,91,285.010009765625,-20.234492898175304,69,83,C-
SXT,Sensient Technologies Corporation Common Stock,Major Chemicals,80,130.3699951171875,-5.150965433430099,87,65,B+
SXTC,China SXT Pharmaceuticals Inc. Class A Ordinary Shares,Biotechnology: Pharmaceutical Preparations,109,0.14900000393390656,-99.99937916665027,1,,C
SXTP,60 Degrees Pharmaceuticals Inc. Common Stock,Biotechnology: Pharmaceutical Preparations,109,0.9649999737739563,-86.59722223142047,11,26,C-
SY,So-Young International Inc. American Depository Shares,EDP Services,116,2.490000009536743,-44.29529918546182,71,8,B+
SYBT,Stock Yards Bancorp Inc. Common Stock,Major Banks,21,75.08999633789062,-14.343400234719827,64,64,C-
SYF,Synchrony Financial Common Stock,Finance: Consumer Services,112,72.80000305175781,-16.68377019735172,52,76,C-
SYK,Stryker Corporation Common Stock,Medical/Dental Instruments,96,277.3299865722656,-27.810427192352737,29,77,D-
SYM,Symbotic Inc. Class A Common Stock,Industrial Machinery/Components,91,42.630001068115234,-51.16838536323869,30,98,B-
SYNA,Synaptics Incorporated Common Stock $0.001 Par Value,Semiconductors,30,119.81999969482422,-18.804639325134932,89,74,B+
SYNX,Silynxcom Ltd. Ordinary Shares,Consumer Electronics/Appliances,104,0.8519999980926514,-52.92817541285274,24,,C-
SYPR,Sypris Solutions Inc. Common Stock,Industrial Machinery/Components,91,2.059999942779541,-50.71770269430117,36,18,B-
SYRE,Spyre Therapeutics Inc. Common Stock,Biotechnology: Pharmaceutical Preparations,109,85.69000244140625,-21.327576311107833,98,8,D+
SYY,Sysco Corporation Common Stock,Food Distributors,52,78.13999938964844,-12.444752044800534,58,50,C
T,AT&T Inc.,Telecommunications Equipment,84,22.18000030517578,-21.068783606764562,49,72,C-
TAC,TransAlta Corporation Ordinary Shares,Electric Utilities: Central,67,13.130000114440918,-25.08736033527912,48,44,C-
TACT,TransAct Technologies Incorporated Common Stock,Computer peripheral equipment,47,4.489999771118164,-23.116444284192326,56,18,E
TAK,Takeda Pharmaceutical Company Limited American Depositary Shares (each representing 1/2 of a share of Common Stock),Biotechnology: Pharmaceutical Preparations,109,18.729999542236328,-1.679788491548495,77,,B-
TAL,TAL Education Group American Depositary Shares,Other Consumer Services,99,12.859999656677246,-0.38729815124580735,80,96,B
TALO,Talos Energy Inc. Common Stock,Oil & Gas Production,10,16.799999237060547,-8.346975957521796,89,35,C
TANH,Tantech Holdings Ltd. Class A Common Shares,Major Chemicals,80,17.010000228881836,-80.99441315208733,15,,B-
TAOP,Taoping Inc. Ordinary Shares,Computer Software: Prepackaged Software,40,0.41999998688697815,-86.66666748662472,4,,D
TAOX,Tao Synergies Inc. Common Stock,Biotechnology: Pharmaceutical Preparations,109,3.8399999141693115,-60.00000248352677,34,37,B-
TAP,Molson Coors Beverage Company Class B Common Stock,Beverages (Production/Distribution),104,37.20000076293945,-29.245471800512533,38,33,D-
TARA,Protara Therapeutics Inc.  Common Stock,Biotechnology: Biological Products (No Diagnostic Substances),99,2.755000114440918,-63.558199268610004,13,18,E
TARS,Tarsus Pharmaceuticals Inc. Common Stock,Biotechnology: Biological Products (No Diagnostic Substances),99,73.16000366210938,-19.409556459705403,70,18,B-
TASK,TaskUs Inc. Class A Common Stock,EDP Services,116,8.140000343322754,-14.975668367802319,82,68,B-
TATT,TAT Technologies Ltd. Ordinary Shares,Aerospace,131,33.88999938964844,-44.54262960045244,25,96,C-
TAYD,Taylor Devices Inc. Common Stock,Industrial Machinery/Components,91,58.91999816894531,-34.49694255926627,72,,C-
TBBB,BBB Foods Inc. Class A Common Shares,Food Chains,49,55.59000015258789,0.0,94,8,B+
TBBK,The Bancorp Inc Common Stock,Major Banks,21,48.25,-39.9427406032331,22,91,D-
TBCH,Turtle Beach Corporation Common Stock,Telecommunications Equipment,84,13.239999771118164,-22.527796062580673,63,42,B-
TBI,TrueBlue Inc. Common Stock,Professional Services,47,8.869999885559082,-18.248851855270043,94,18,B-
TBLA,Taboola.com Ltd. Ordinary Shares,Computer Software: Programming Data Processing,80,3.450000047683716,-38.17204131084758,32,99,D-
TBLD,Thornburg Income Builder Opportunities Trust Common Stock,Investment Managers,58,20.459999084472656,-8.691862833147646,55,,E
TBN,Tamboran Resources Corporation Common stock,Oil & Gas Production,10,34.02000045776367,-31.94639064711655,71,8,C+
TC,Token Cat Limited American Depositary Shares,Business Services,58,1.5499999523162842,-91.76408088496113,7,,C
TCBI,Texas Capital Bancshares Inc. Common Stock,Major Banks,21,90.33999633789062,-15.977070006927018,45,56,C-
TCBK,TriCo Bancshares Common Stock,Major Banks,21,51.40999984741211,-16.005890197807883,58,60,D
TCBS,Texas Community Bancshares Inc. Common Stock,Banks,19,17.0,-7.692170665735398,56,83,C-
TCBX,Third Coast Bancshares Inc. Common Stock,Banks,19,41.34000015258789,-10.383699988331808,62,80,C
TCI,Transcontinental Realty Investors Inc. Common Stock,Real Estate Investment Trusts,75,47.75,-18.944151886468497,66,31,B-
TCMD,Tactile Systems Technology Inc. Common Stock,Medical/Dental Instruments,96,22.440000534057617,-32.10287124940514,47,71,C+
TCOM,Trip.com Group Limited American Depositary Shares,Business Services,58,38.900001525878906,-50.73454663510941,23,67,D
TCPC,BlackRock TCP Capital Corp. Common Stock,Finance/Investors Services,45,4.010000228881836,-22.205492844028008,71,38,B-
TCRT,Alaunos Therapeutics Inc. Common Stock,Biotechnology: Pharmaceutical Preparations,109,0.7900000214576721,-81.88073400766417,5,26,C
TCRX,TScan Therapeutics Inc. Common Stock,Biotechnology: Biological Products (No Diagnostic Substances),99,0.23800000548362732,-90.55555526646776,3,8,E
TCX,Tucows Inc. Class A Common Stock,EDP Services,116,9.140000343322754,-63.29317074960564,16,26,E
TD,Toronto Dominion Bank (The) Common Stock,Commercial Banks,21,115.0999984741211,-7.13154897844862,77,56,C
TDAY,USA TODAY Co. Inc. Common Stock,Newspapers/Magazines,21,6.820000171661377,-24.473971502351823,70,53,D+
TDC,Teradata Corporation Common Stock,Computer Software: Prepackaged Software,40,30.59000015258789,-19.2449860347643,69,96,B-
TDG,Transdigm Group Incorporated Common Stock,Military/Government/Technical,103,1107.989990234375,-23.58689722521552,37,86,D
TDIC,Dreamland Limited Class A Ordinary Shares,Other Consumer Services,99,1.690000057220459,-99.77836064823337,3,,A
TDOC,Teladoc Health Inc. Common Stock,Medical/Nursing Services,18,5.769999980926514,-40.63786190933638,24,18,C+
TDS,Telephone and Data Systems Inc. Common Shares,Telecommunications Equipment,84,33.529998779296875,-29.33314166579033,39,63,D-
TDTH,Trident Digital Tech Holdings Ltd American Depository Shares,Business Services,58,0.9490000009536743,-96.53902261738455,3,,D
TDUP,ThredUp Inc. Class A Common Stock,Catalog/Specialty Distribution,67,2.4800000190734863,-73.64505781840663,8,8,A
TDW,Tidewater Inc. Common Stock,Marine Transportation,3,85.41999816894531,-15.097905127975297,86,54,B
TDY,Teledyne Technologies Incorporated Common Stock,Industrial Machinery/Components,91,613.6599731445312,-11.231016348822676,59,61,B-
TE,T1 Energy Inc. Common Stock,Industrial Machinery/Components,91,3.390000104904175,-71.84385286009226,19,18,E
TEAD,Teads Holding Co. Common Stock,Computer Software: Programming Data Processing,80,0.5440000295639038,-68.37209183051823,19,18,B-
TEAM,Atlassian Corporation Class A Common Stock,Computer Software: Prepackaged Software,40,206.7899932861328,0.0,98,63,B+
TECH,Bio-Techne Corp Common Stock,Biotechnology: Biological Products (No Diagnostic Substances),99,72.45999908447266,-0.20658521500896976,75,61,B+
TECK,Teck Resources Ltd Ordinary Shares,Mining & Quarrying of Nonmetallic Minerals (No Fuels),91,68.05000305175781,-5.318086623794627,87,75,C
TECX,Tectonic Therapeutic Inc. Common Stock,Biotechnology: Biological Products (No Diagnostic Substances),99,23.329999923706055,-38.49195956762876,47,8,E
TEL,TE Connectivity plc Ordinary Shares,Electronic Components,2,218.2899932861328,-11.380093606279996,60,92,E
TELA,TELA Bio Inc. Common Stock,Medical/Dental Instruments,96,1.1100000143051147,-27.450978100551872,86,18,A
TELO,Telomir Pharmaceuticals Inc. Common Stock,Biotechnology: Pharmaceutical Preparations,109,1.1200000047683716,-41.96891009290727,33,26,B-
TEM,Tempus AI Inc. Class A Common Stock,Computer Software: Programming Data Processing,80,70.93000030517578,-28.555599136482858,79,8,B+
TEN,Tsakos Energy Navigation Ltd Common Shares,Marine Transportation,3,51.400001525878906,-2.6699485149516144,96,,B+
TENB,Tenable Holdings Inc. Common Stock,Computer Software: Prepackaged Software,40,41.59000015258789,-2.4853489692089115,94,97,A
TENX,Tenax Therapeutics Inc. Common Stock,Biotechnology: Pharmaceutical Preparations,109,1.8700000047683716,-89.7925762231498,2,26,C+
TEO,Telecom Argentina SA,Telecommunications Equipment,84,12.369999885559082,-22.5907369217111,75,95,B-
TER,Teradyne Inc. Common Stock,Electrical Products,8,402.67999267578125,-16.742170698697866,94,92,B-
TEVA,Teva Pharmaceutical Industries Limited American Depositary Shares,Biotechnology: Pharmaceutical Preparations,109,41.099998474121094,0.0,91,45,B+
TEX,Terex Corporation Common Stock,Construction/Ag Equipment/Trucks,21,50.66999816894531,-31.884988154210635,33,69,D
TFC,Truist Financial Corporation Common Stock,Major Banks,21,46.11000061035156,-14.829532727375605,48,84,B-
TFII,TFI International Inc. Common Shares,Trucking Freight/Courier Services,58,114.12999725341797,-29.63740366635802,48,65,D-
TFIN,Triumph Financial Inc. Common Stock,Major Banks,21,62.529998779296875,-22.878641629054474,49,71,C-
TFPM,Triple Flag Precious Metals Corp. Common Shares,Precious Metals,43,31.209999084472656,-24.16222646678614,58,94,C
TFSL,TFS Financial Corporation Common Stock,Savings Institutions,14,16.06999969482422,-12.040114505490374,71,82,B-
TFX,Teleflex Incorporated Common Stock,Medical/Dental Instruments,96,125.12000274658203,-11.918338571951391,57,34,D
TG,Tredegar Corporation Common Stock,Metal Fabrications,39,7.03000020980835,-32.07729516228219,41,85,C
TGB,Trekor Metals Limited Common Shares,Precious Metals,43,8.850000381469727,-8.574379106809161,91,96,C
TGE,The Generation Essentials Group Class A Ordinary Shares,Newspapers/Magazines,21,1.0800000429153442,-47.31706985187692,39,,A-
TGEN,Tecogen Inc. Common Stock,Industrial Machinery/Components,91,2.4200000762939453,-79.95028883611593,13,18,D
TGHL,The GrowHub Limited Class A Ordinary Shares,EDP Services,116,0.7720000147819519,-51.13924089789943,90,,B-
TGL,Treasure Global Inc. Common Stock,Business Services,58,1.100000023841858,-95.67610062598371,3,,C+
TGLS,Tecnoglass Inc. Common Stock,Electronic Components,2,37.56999969482422,-41.22258222572081,28,41,B-
TGS,Transportadora de Gas del Sur SA TGS Common Stock,Natural Gas Distribution,28,25.709999084472656,-27.208382484102366,41,88,C-
TGT,Target Corporation Common Stock,Department/Specialty Retail Stores,21,153.63999938964844,-9.565012689611041,89,85,C
TGTX,TG Therapeutics Inc. Common Stock,Biotechnology: Pharmaceutical Preparations,109,55.369998931884766,-6.247887496790671,90,72,B-
TH,Target Hospitality Corp. Common Stock,Hotels/Resorts,74,18.40999984741211,-14.17249793659564,94,8,D-
THC,Tenet Healthcare Corporation Common Stock,Hospital/Nursing Management,32,263.7799987792969,-6.051213056658877,88,87,C
THCH,TH International Limited Ordinary shares,Restaurants,89,1.0,-63.50364976206435,10,18,D
THFF,First Financial Corporation Common Stock,Major Banks,21,72.79000091552734,-11.407409264552125,74,58,D-
THG,Hanover Insurance Group Inc,Property-Casualty Insurers,52,219.3300018310547,-5.7982218330246855,77,79,C-
THH,TryHard Holdings Limited Ordinary Shares,Services-Misc. Amusement & Recreation,80,1.3700000047683716,-99.75113533065061,5,,B+
THM,International Tower Hill Mines Ltd. Ordinary Shares (Canada),Metal Mining,110,2.4000000953674316,-33.51800096648687,70,37,A-
THO,Thor Industries Inc. Common Stock,Homebuilding,98,63.869998931884766,-46.1939479082751,26,36,D-
THRM,Gentherm Inc Common Stock,Auto Parts:O.E.M.,91,29.68000030517578,-30.658424807712635,42,80,E
THRY,Thryv Holdings Inc. Common Stock,Advertising,131,1.409999966621399,-88.68378842452161,5,31,C
TIC,TIC Solutions Inc. Common Stock,Business Services,58,8.90999984741211,-33.15829033452148,63,18,B-
TIGO,Millicom International Cellular S.A. Common Stock,Telecommunications Equipment,84,79.4800033569336,-23.16921441694879,81,50,D-
TIGR,UP Fintech Holding Ltd American Depositary Share representing fifteen Class A Ordinary Shares,Investment Bankers/Brokers/Service,49,4.449999809265137,-59.982015691887725,20,55,C-
TII,Titan Mining Corporation Common Shares,,,2.2100000381469727,-57.003889191576384,40,,D-
TIL,Instil Bio Inc. Common Stock,Biotechnology: Biological Products (No Diagnostic Substances),99,6.739999771118164,-68.05687370016679,26,26,D
TILE,Interface Inc. Common Stock,Home Furnishings,38,34.72999954223633,-11.600576948938269,79,91,E
TIMB,TIM S.A. American Depositary Shares (Each representing 5 Common Shares),Telecommunications Equipment,84,17.979999542236328,-35.21746346287392,30,65,D
TIPT,Tiptree Inc. Common Stock,Property-Casualty Insurers,52,17.25,-9.004739336492895,52,50,D-
TISI,Team Inc. Common Stock,Other Consumer Services,99,26.15999984741211,-9.979351933330227,95,18,C
TITN,Titan Machinery Inc. Common Stock,Other Specialty Stores,115,22.6299991607666,-13.69183923189279,86,18,D
TJGC,TJGC Group Limited Ordinary Shares,Advertising,131,33.279998779296875,-4.354072336180148,99,,A-
TJX,TJX Companies Inc. (The) Common Stock,Clothing/Shoe/Accessory Stores,56,138.75999450683594,-17.34587906204975,43,73,B-
TK,Teekay Corporation Ltd. Common Stock,Marine Transportation,3,15.270000457763672,-0.6506143691605626,94,,A
TKC,Turkcell Iletisim Hizmetleri AS Common Stock,Telecommunications Equipment,84,5.019999980926514,-29.79021099343718,34,61,E
TKLF,Tokyo Lifestyle Co. Ltd. American Depositary Shares,Other Specialty Stores,115,1.5099999904632568,-59.9681876806746,13,,D
TKNO,Alpha Teknova Inc. Common Stock,Biotechnology: In Vitro & In Vivo Diagnostic Substances,112,8.84000015258789,-5.251873259646578,97,8,A
TKO,TKO Group Holdings Inc. Class A Common Stock,Services-Misc. Amusement & Recreation,80,178.00999450683594,-19.915466171709483,46,78,D
TKR,Timken Company (The) Common Stock,Metal Fabrications,39,116.12000274658203,-19.878218699081874,74,78,B-
TLF,Tandy Leather Factory Inc. Common Stock,Apparel,116,2.490000009536743,-7.089554197301151,69,79,A+
TLIH,Ten-League International Holdings Limited Ordinary Shares,,,5.75,-2.542374456658214,90,,B-
TLK,PT Telekomunikasi Indonesia Tbk,Telecommunications Equipment,84,12.829999923706055,-40.67072990027667,29,,E
TLN,Talen Energy Corporation Common Stock,Electric Utilities: Central,67,378.57000732421875,-14.83239430276294,56,71,B-
TLNC,Talon Capital Corp. Class A Ordinary Shares,,,10.220000267028809,-1.541424331869834,56,,B
TLPH,Talphera Inc. Common Stock,Biotechnology: Pharmaceutical Preparations,109,1.0800000429153442,-26.530610755402495,48,8,B+
TLRY,Tilray Brands Inc. Common Stock,Medicinal Chemicals and Botanical Products,134,3.5399999618530273,-83.1428573245094,12,33,E
TLS,Telos Corporation Common Stock,EDP Services,116,4.630000114440918,-40.33505183146019,42,88,B+
TLSA,Tiziana Life Sciences Ltd. Common Shares,Biotechnology: Pharmaceutical Preparations,109,1.190000057220459,-44.39252341654698,32,,B
TLSI,TriSalus Life Sciences Inc. Common Stock,Medical Specialities,15,4.059999942779541,-45.866667429606125,37,8,B-
TLX,Telix Pharmaceuticals Limited American Depositary Shares,Biotechnology: Pharmaceutical Preparations,109,11.210000038146973,-12.626655457462633,75,,B+
TLYS,Tilly's Inc. Common Stock,Clothing/Shoe/Accessory Stores,56,4.460000038146973,-18.16513405074143,94,39,B-
TM,Toyota Motor Corporation Common Stock,Auto Manufacturing,137,185.3000030517578,-25.369524321418968,49,73,D+
TMC,TMC the metals company Inc. Common Stock,Metal Mining,110,3.3550000190734863,-68.6155271209731,17,8,D+
TMCI,Treace Medical Concepts Inc. Common Stock,Medical/Dental Instruments,96,3.950000047683716,-43.165465380043344,79,8,D-
TMCR,The Metals Royalty Company Inc. Common Stock,Precious Metals,43,2.9700000286102295,-81.08280213572024,6,43,D+
TMDE,TMD Energy Limited Ordinary Shares,Oil Refining/Marketing,140,0.6349999904632568,-84.28217830546708,19,,A-
TMDX,TransMedics Group Inc. Common Stock,Biotechnology: Electromedical & Electrotherapeutic Apparatus,58,77.87000274658203,-48.231615679770336,28,58,D
TME,Tencent Music Entertainment Group American Depositary Shares each representing two Class A Ordinary Shares,Broadcasting,58,8.380000114440918,-63.708494410853376,23,61,B+
TMO,Thermo Fisher Scientific Inc Common Stock,Industrial Machinery/Components,91,658.02001953125,-3.176817040018032,83,51,B+
TMP,Tompkins Financial Corporation Common Stock,Major Banks,21,95.7300033569336,-5.4144805623062116,82,80,B-
TMQ,Trilogy Metals Inc. Common Stock,Precious Metals,43,2.799999952316284,-73.58490706084244,21,26,E
TMS,Teamshares Inc. Common Stock,,,6.519999980926514,-47.84000015258789,23,,B+
TMUS,T-Mobile US Inc. Common Stock,Telecommunications Equipment,84,148.5800018310547,-34.061123217504715,25,67,E
TNC,Tennant Company Common Stock,Industrial Machinery/Components,91,65.93000030517578,-27.34497540941706,31,45,B-
TNDM,Tandem Diabetes Care Inc. Common Stock,Medical/Dental Instruments,96,16.110000610351562,-42.99362887517929,43,18,D
TNET,TriNet Group Inc. Common Stock,Business Services,58,65.44999694824219,-8.253234898725935,85,63,B-
TNGX,Tango Therapeutics Inc.,Biotechnology: Pharmaceutical Preparations,109,23.809999465942383,-27.62918431109006,95,8,C
TNK,Teekay Tankers Ltd.,Marine Transportation,3,106.13999938964844,-0.45020009807585915,95,91,B+
TNL,Travel   Leisure Co. Common  Stock,Hotels/Resorts,74,62.619998931884766,-19.439365615057802,40,85,E
TNMG,TNL Mediagene Ordinary Shares,Advertising,131,3.759999990463257,-65.56776589566348,99,,A+
TNON,Tenon Medical Inc. Common Stock,Medical/Dental Instruments,96,3.4100000858306885,-92.44739762882143,4,26,A+
TNXP,Tonix Pharmaceuticals Holding Corp. Common Stock,Biotechnology: Pharmaceutical Preparations,109,7.300000190734863,-67.61313267868573,11,18,E
TNYA,Tenaya Therapeutics Inc. Common Stock,Biotechnology: Biological Products (No Diagnostic Substances),99,0.5799999833106995,-72.38095192141542,18,18,D-
TOL,Toll Brothers Inc. Common Stock,Homebuilding,98,133.1300048828125,-19.4138184558886,48,46,D-
TOMZ,TOMI Environmental Solutions Inc. Common Stock,Major Chemicals,80,1.6100000143051147,-50.30864168005624,21,26,D-
TONX,TON Strategy Company Common Stock,Other Consumer Services,99,3.2200000286102295,-47.213113459807744,58,38,B+
TOON,Kartoon Studios Inc. Common Stock,Movies/Entertainment,4,0.5440000295639038,-56.47999763488769,33,38,C
TOP,TOP Financial Group Limited Class A Ordinary Shares,Investment Bankers/Brokers/Service,49,14.920000076293945,-10.81888532855535,98,,C-
TOPP,Toppoint Holdings Inc. Common Stock,Trucking Freight/Courier Services,58,0.1599999964237213,-94.18181831186469,3,26,B
TOPS,TOP Ships Inc. Common Stock,Marine Transportation,3,0.5,-91.8831166820555,6,60,B-
TORO,Toro Corp. Common Stock,Marine Transportation,3,4.409999847412109,-34.95575647575434,81,45,C
TOST,Toast Inc. Class A Common Stock,EDP Services,116,31.309999465942383,-19.75910020853743,57,84,D-
TOUR,Tuniu Corporation American Depositary Shares,Transportation Services,90,4.949999809265137,-35.99941455033539,36,42,B-
TOVX,Theriva Biologics Inc. Common Stock,Biotechnology: Pharmaceutical Preparations,109,0.2199999988079071,-73.80952313373416,37,26,B+
TOWN,TowneBank Common Stock,Major Banks,21,34.959999084472656,-9.104718741039585,60,,D-
TOYO,TOYO Co. Ltd Ordinary Shares,Miscellaneous manufacturing industries,127,4.369999885559082,-74.278987966864,18,,D+
TPB,Turning Point Brands Inc. Common Stock,Tobacco,,57.380001068115234,-59.7435358469806,18,50,E
TPC,Tutor Perini Corporation Common Stock,General Bldg Contractors - Nonresidential Bldgs,,83.36000061035156,-15.808827382144896,76,98,D
TPCS,TechPrecision Corporation Common stock,Metal Fabrications,39,5.75,-7.704655178233388,85,8,A+
TPET,Trio Petroleum Corp. Common Stock,Oil & Gas Production,10,1.6200000047683716,-90.76923034077747,6,26,A
TPG,TPG Inc. Class A Common Stock,Investment Managers,58,45.2599983215332,-32.58764981596121,52,75,C
TPL,Texas Pacific Land Corporation Common Stock,Oil & Gas Production,10,360.9800109863281,-32.9160609205964,55,67,B-
TPR,Tapestry Inc. Common Stock,Apparel,116,116.23999786376953,-29.19004874403248,37,96,D
TPST,Tempest Therapeutics Inc. Common Stock,Biotechnology: Pharmaceutical Preparations,109,0.7599999904632568,-93.57565515329972,9,8,C+
TPVG,TriplePoint Venture Growth BDC Corp. Common Stock,Other Consumer Services,99,4.699999809265137,-19.004803941958926,57,59,D+
TR,Tootsie Roll Industries Inc. Common Stock,Specialty Foods,84,37.47999954223633,-15.952528351346862,49,50,D-
TRAD,APEX Tech Acquisition Inc. Ordinary Shares,Investment Bankers/Brokers/Service,49,10.050000190734863,-0.2976164007763349,58,,B-
TRAK,ReposiTrak Inc. Common Stock,EDP Services,116,7.860000133514404,-49.389463133827036,31,65,C+
TRAW,Traws Pharma Inc. Common Stock,Biotechnology: Pharmaceutical Preparations,109,0.44999998807907104,-85.62300410140878,8,8,B-
TRAX,First Tracks Biotherapeutics Inc. Ordinary Shares,Biotechnology: Pharmaceutical Preparations,109,31.850000381469727,-33.5350550949933,87,,B-
TRC,Tejon Ranch Co Common Stock,Real Estate,99,16.350000381469727,-20.166011977926168,46,63,C
TRDA,Entrada Therapeutics Inc. Common Stock,Biotechnology: Pharmaceutical Preparations,109,5.670000076293945,-64.62882199987935,22,18,D-
TREE,LendingTree Inc. Common Stock,Finance: Consumer Services,112,25.190000534057617,-62.96132959443279,11,72,C-
TREX,Trex Company Inc. Common Stock,Forest Products,52,44.779998779296875,-15.732029932954939,60,45,B-
TRGP,Targa Resources Inc. Common Stock,Natural Gas Distribution,28,286.70001220703125,-5.14474368667287,88,99,B-
TRGS,TRG Latin America Acquisitions Corp. Class A Ordinary Shares,Blank Checks,42,9.970000267028809,-0.5982000751719729,57,,A+
TRI,Thomson Reuters Corporation Common Shares,Publishing,84,103.20999908447266,-34.19399896075876,56,77,B-
TRIB,Trinity Biotech plc American Depositary Shares,Biotechnology: In Vitro & In Vivo Diagnostic Substances,112,6.860000133514404,-82.13541702884766,8,,C-
TRIN,Trinity Capital Inc. Common Stock,Finance: Consumer Services,112,17.100000381469727,-7.835061890136186,75,74,D+
TRIP,TripAdvisor Inc. Common Stock,Computer Software: Programming Data Processing,80,8.680000305175781,-48.086120444736224,16,50,C-
TRLV,Trulieve Cannabis Corp. Subordinate Voting Shares,Medicinal Chemicals and Botanical Products,134,10.670000076293945,-17.923076336200417,87,18,C
TRMB,Trimble Inc. Common Stock,Industrial Machinery/Components,91,60.09000015258789,-28.053157845072306,47,83,B+
TRMD,TORM plc Class A Common Stock,Marine Transportation,3,39.939998626708984,-2.704021025533754,96,73,C+
TRMK,Trustmark Corporation Common Stock,Major Banks,21,44.209999084472656,-8.38416279044214,62,74,C-
TRN,Trinity Industries Inc. Common Stock,Railroads,33,25.520000457763672,-32.96558796339253,29,97,D
TRNO,Terreno Realty Corporation Common Stock,Real Estate,99,64.79000091552734,-12.956476880331792,61,61,B+
TRNR,Interactive Strength Inc. Common Stock,Consumer Electronics/Appliances,104,2.0899999141693115,-99.12698414057895,6,26,E
TRNS,Transcat Inc. Common Stock,Electrical Products,8,86.2300033569336,-11.794188346303013,71,37,B-
TRON,Tron Inc. Common Stock,Recreational Games/Products/Toys,67,1.2549999952316284,-69.61259175651332,19,46,C-
TROO,TROOPS Inc. Ordinary Shares,Diversified Financial Services,45,1.7400000095367432,-65.33864509665594,30,,A-
TROW,T. Rowe Price Group Inc. Common Stock,Investment Bankers/Brokers/Service,49,105.16000366210938,-12.501471953719168,60,71,D+
TROX,Tronox Holdings plc Ordinary Shares (UK),Major Chemicals,80,3.630000114440918,-64.8954975612055,18,18,E
TRP,TC Energy Corporation Common Stock,Natural Gas Distribution,28,60.04999923706055,-14.024354077234701,57,76,D-
TRS,TriMas Corporation Common Stock,Industrial Specialties,84,38.150001525878906,-15.19577789909472,56,54,B-
TRSG,Tungray Technologies Inc Class A Ordinary Shares,Industrial Machinery/Components,91,1.1490000486373901,-32.41176374065837,35,,E
TRST,TrustCo Bank Corp NY Common Stock,Major Banks,21,53.59000015258789,-9.338522078778311,80,57,C
TRT,Trio-Tech International Common Stock,Industrial Machinery/Components,91,5.670000076293945,-71.72069679776605,42,18,C-
TRTX,TPG RE Finance Trust Inc. Common Stock,Real Estate Investment Trusts,75,5.869999885559082,-30.593847090979065,24,77,E
TRU,TransUnion Common Stock,Finance: Consumer Services,112,65.4800033569336,-25.195778761501597,36,76,D-
TRUG,TruGolf Holdings Inc. Class A Common Stock,Recreational Games/Products/Toys,67,1.8899999856948853,-99.23790323157465,1,26,A
TRUP,Trupanion Inc. Common Stock,Medical Specialities,15,26.059999465942383,-40.79963835769051,36,58,C+
TRV,The Travelers Companies Inc. Common Stock,Property-Casualty Insurers,52,368.75,-6.849914051715755,82,88,B-
TRVG,trivago N.V. American Depositary Shares,EDP Services,116,4.190000057220459,-37.36920745317141,79,42,C+
TRVI,Trevi Therapeutics Inc. Common Stock,Biotechnology: Pharmaceutical Preparations,109,13.1899995803833,-32.358976510854866,60,8,E
TRX,TRX Gold Corporation Common Stock,Precious Metals,43,1.1699999570846558,-46.33027884145635,87,38,B-
TS,Tenaris S.A. American Depositary Shares,Steel/Iron Ore,17,57.34000015258789,-10.43423436543086,82,75,C
TSAT,Telesat Corporation Class A Common Shares and Class B Variable Voting Shares,Metal Fabrications,39,45.959999084472656,-25.146583155862935,85,18,C
TSBK,Timberland Bancorp Inc. Common Stock,Banks,19,44.81999969482422,-4.638298521650597,78,93,B-
TSCO,Tractor Supply Company Common Stock,RETAIL: Building Materials,122,33.70000076293945,-38.77710598229092,36,50,B-
TSEM,Tower Semiconductor Ltd. Ordinary Shares,Semiconductors,30,228.7100067138672,-27.817578567712854,94,73,B-
TSHA,Taysha Gene Therapies Inc. Common Stock,Biotechnology: Biological Products (No Diagnostic Substances),99,4.489999771118164,-35.6733558904179,39,8,C-
TSLA,Tesla Inc. Common Stock,Auto Manufacturing,137,382.70001220703125,-21.878825754772436,49,41,B+
TSLX,Sixth Street Specialty Lending Inc. Common Stock,Investment Managers,58,17.350000381469727,-17.0537323553104,50,54,C
TSM,Taiwan Semiconductor Manufacturing Company Ltd.,Semiconductors,30,453.30999755859375,-6.687935580644999,85,98,B+
TSN,Tyson Foods Inc. Common Stock,Meat/Poultry/Fish,96,53.43000030517578,-20.896980493912054,46,71,C+
TSQ,Townsquare Media Inc. Class A Common Stock,Broadcasting,58,4.300000190734863,-40.67043448414207,23,33,E
TSSI,TSS Inc. Common Stock,Professional Services,47,9.699999809265137,-52.12241016938781,32,60,B-
TT,Trane Technologies plc,Auto Parts:O.E.M.,91,476.9800109863281,-5.0356208752613485,69,75,C+
TTAM,Titan America SA Common Shares,Mining & Quarrying of Nonmetallic Minerals (No Fuels),91,13.079999923706055,-32.09886848065423,29,60,E
TTAN,ServiceTitan Inc. Class A Common Stock,Computer Software: Prepackaged Software,40,72.58999633789062,-34.1945445159377,42,18,C
TTC,Toro Company (The) Common Stock,Tools/Hardware,,95.79000091552734,-4.674734481194854,69,62,B+
TTD,The Trade Desk Inc. Class A Common Stock,Computer Software: Programming Data Processing,80,12.079999923706055,-77.68335546769153,10,55,C-
TTE,TotalEnergies SE Ordinary Shares,Oil & Gas Production,10,86.11000061035156,-6.9186100597021465,81,92,D-
TTEC,TTEC Holdings Inc. Common Stock,Professional Services,47,1.5800000429153442,-59.27835061048673,13,39,B+
TTEK,Tetra Tech Inc. Common Stock,Military/Government/Technical,103,33.34000015258789,-21.26065214185203,62,46,D
TTGT,TechTarget Inc. Common Stock,Telecommunications Equipment,84,3.940000057220459,-39.103552009485455,42,26,C
TTI,Tetra Technologies Inc. Common Stock,Oil & Gas Production,10,6.110000133514404,-50.40584184363828,25,65,D
TTMI,TTM Technologies Inc. Common Stock,Electrical Products,8,121.01000213623047,-45.36054478293,88,95,B-
TTRX,Turn Therapeutics Inc. Common Stock,Biotechnology: Pharmaceutical Preparations,109,12.0,-21.773142890252352,98,26,A-
TTWO,Take-Two Interactive Software Inc. Common Stock,Services-Misc. Amusement & Recreation,80,213.44000244140625,-18.62442506846356,40,18,C
TU,Telus Corporation Ordinary Shares,Telecommunications Equipment,84,7.71999979019165,-46.422324644446725,18,51,E
TULP,Bloomia Holdings Inc. Common Stock,Farming/Seeds/Milling,116,2.7300000190734863,-47.9999996366955,21,18,D-
TURB,Turbo Energy S.A. American Depositary Shares,Industrial Machinery/Components,91,0.9800000190734863,-80.59405976119618,13,,A
TUSK,Mammoth Energy Services Inc. Common Stock,Oilfield Services/Equipment,37,2.819999933242798,-26.562500097012776,77,42,D
TUYA,Tuya Inc. American Depositary Shares each representing one Class A Ordinary Share,Computer Software: Prepackaged Software,40,1.7200000286102295,-34.39904156550363,32,59,D
TV,Grupo Televisa S.A.B. Common Stock,Broadcasting,58,2.2100000381469727,-35.75581391319318,30,18,D+
TVA,Texas Ventures Acquisition III Corp Class A Ordinary Share,,,10.579999923706055,-9.18454703742906,53,32,C-
TVC,Tennessee Valley Authority Common Stock,Electric Utilities: Central,67,23.84000015258789,-1.6100061447371306,56,,A-
TVE,Tennessee Valley Authority,Electric Utilities: Central,67,23.079999923706055,-5.420163351264618,51,,A
TVGN,Tevogen Bio Holdings Inc. Common Stock,Biotechnology: Biological Products (No Diagnostic Substances),99,6.78000020980835,-82.03973454355405,39,26,A
TVIV,Texas Ventures Acquisition IV Corp Class A Ordinary Shares,,,9.949999809265137,-0.20060639145431658,56,,E
TVRD,Tvardi Therapeutics Inc. Common Stock,Biotechnology: Pharmaceutical Preparations,109,1.0299999713897705,-97.60353656966052,4,18,D
TVTX,Travere Therapeutics Inc. Common Stock,Biotechnology: Pharmaceutical Preparations,109,52.125,-22.80064782059984,91,64,D+
TW,Tradeweb Markets Inc. Class A Common Stock,Investment Bankers/Brokers/Service,49,111.08000183105469,-12.001162883467476,65,75,B+
TWAV,TaoWeave Inc. Common Stock,Computer Software: Programming Data Processing,80,1.4700000286102295,-51.803276996976464,40,37,B-
TWFG,TWFG Inc. Class A Common Stock,Specialty Insurers,112,24.760000228881836,-20.51364195153057,58,90,C
TWG,Top Wealth Group Holding Limited Class A Ordinary Shares,Packaged Foods,120,0.09399999678134918,-99.57292141842869,1,,D-
TWI,Titan International Inc. (DE) Common Stock,Steel/Iron Ore,17,6.949999809265137,-39.03508735238752,38,63,D+
TWIN,Twin Disc Incorporated Common Stock,Industrial Machinery/Components,91,26.260000228881836,-8.5654566270438,92,93,B
TWLO,Twilio Inc. Class A Common Stock,Computer Software: Prepackaged Software,40,289.4700012207031,-3.9167485057508555,97,97,B+
TWLV,Twelve Seas Investment Company III Class A Ordinary Shares,Blank Checks,42,10.069999694824219,-2.9865165337081168,59,,B-
TWST,Twist Bioscience Corporation Common Stock,Biotechnology: Biological Products (No Diagnostic Substances),99,159.77999877929688,-22.058537180830797,99,8,B-
TX,Ternium S.A. Ternium S.A. American Depositary Shares (each representing ten shares USD1.00 par value),Steel/Iron Ore,17,58.18000030517578,0.0,91,64,A
TXG,10x Genomics Inc. Class A Common Stock,Biotechnology: Laboratory Analytical Instruments,4,80.6500015258789,-17.48516135810719,99,73,B-
TXMD,TherapeuticsMD Inc. Common Stock,Biotechnology: Pharmaceutical Preparations,109,2.059999942779541,-25.631770506709206,81,38,C
TXN,Texas Instruments Incorporated Common Stock,Semiconductors,30,283.739990234375,-14.170953153174281,86,79,D
TXNM,TXNM Energy Inc. Common Stock,Electric Utilities: Central,67,58.61000061035156,-0.7377417804921182,61,69,C-
TXRH,Texas Roadhouse Inc. Common Stock,Restaurants,89,161.5,-24.341220746735626,42,54,D+
TXT,Textron Inc. Common Stock,Aerospace,131,74.16000366210938,-26.35627552449078,32,53,E
TY,Tri Continental Corporation Common Stock,Finance Companies,52,34.779998779296875,-2.725091848367378,64,,B
TYG,Tortoise Energy Infrastructure Corporation Common Stock,Investment Managers,58,39.52000045776367,-16.94254325871207,50,,E
TYGO,Tigo Energy Inc. Common Stock,Semiconductors,30,0.8889999985694885,-82.77131734770597,8,8,E
TYL,Tyler Technologies Inc. Common Stock,Computer Software: Prepackaged Software,40,329.54998779296875,-36.46494317572733,40,81,D
TYRA,Tyra Biosciences Inc. Common Stock,Biotechnology: Pharmaceutical Preparations,109,19.940000534057617,-49.65917640292447,27,8,C-
TZOO,Travelzoo Common Stock,Advertising,131,5.21999979019165,-56.8951285038771,15,33,E
U,Unity Software Inc. Common Stock,Computer Software: Prepackaged Software,40,46.880001068115234,-5.2354964396159716,93,91,B
UA,Under Armour Inc. Class C Common Stock,Apparel,116,4.78000020980835,-39.34009974126138,30,18,D-
UAA,Under Armour Inc. Class A Common Stock,Apparel,116,4.929999828338623,-39.43489409822072,31,18,D
UAL,United Airlines Holdings Inc. Common Stock,Air Freight/Delivery Services,91,107.45999908447266,-21.04915244831759,53,65,C-
UAMY,United States Antimony Corporation Common Stock,Metal Fabrications,39,3.680000066757202,-78.93531647740753,11,31,D+
UAVS,AgEagle Aerial Systems Inc. Common Stock,Aerospace,131,0.8100000023841858,-66.80327936930861,25,26,D
UBCP,United Bancorp Inc. Common Stock,Major Banks,21,14.65999984741211,-11.668217191460407,60,49,C
UBER,Uber Technologies Inc. Common Stock,Business Services,58,71.51000213623047,-28.289208523009833,40,78,C-
UBS,UBS Group AG Registered Ordinary Shares,Major Banks,21,48.130001068115234,-13.621679803136432,66,59,C
UBSI,United Bankshares Inc. Common Stock,Major Banks,21,45.459999084472656,-7.174520049281274,70,55,C-
UCAR,U Power Limited Class A Ordinary Shares,Auto Parts:O.E.M.,91,4.260000228881836,-80.54794382152721,97,,C
UCB,United Community Banks Inc. Common Stock,Major Banks,21,33.380001068115234,-9.336423294733686,55,72,C-
UCL,uCloudlink Group Inc. American Depositary Shares,Telecommunications Equipment,84,0.2669999897480011,-89.03490776089211,3,42,E
UCTT,Ultra Clean Holdings Inc. Common Stock,Semiconductors,30,68.58999633789062,-51.897048811646464,89,64,C-
UDR,UDR Inc. Common Stock,Real Estate Investment Trusts,75,34.119998931884766,-16.306380666114663,45,92,D-
UE,Urban Edge Properties Common Shares of Beneficial Interest,Real Estate,99,19.360000610351562,-17.504900632906818,46,60,E
UEC,Uranium Energy Corp. Common Stock,Other Metals and Minerals,135,9.1899995803833,-54.369414801935,25,26,C
UEIC,Universal Electronics Inc. Common Stock,Consumer Electronics/Appliances,104,5.360000133514404,-5.4673710512922025,87,37,B-
UFCS,United Fire Group Inc. Common Stock,Property-Casualty Insurers,52,55.13999938964844,-2.234046280392954,90,86,B-
UFG,Uni-Fuels Holdings Limited Class A Ordinary Shares,Oil Refining/Marketing,140,0.3959999978542328,-72.11267536463562,9,,B
UFI,Unifi Inc. New Common Stock,Textiles,34,6.090000152587891,-24.72187839650689,87,18,C-
UFPI,UFP Industries Inc. Common Stock,Forest Products,52,74.20999908447266,-35.0259983432615,32,46,E
UFPT,UFP Technologies Inc. Common Stock,Medical/Dental Instruments,96,288.9700012207031,-13.699078849260172,86,71,B+
UG,United-Guardian Inc. Common Stock,Package Goods/Cosmetics,34,7.0,-11.392400784668776,66,59,C-
UGI,UGI Corporation Common Stock,Natural Gas Distribution,28,37.119998931884766,-5.771317204904991,66,35,B+
UGP,Ultrapar Participacoes S.A. (New) American Depositary Shares (Each representing one Common Share),Oil/Gas Transmission,40,7.900000095367432,0.0,94,96,A-
UHAL,U-Haul Holding Company Common Stock,Rental/Leasing Companies,57,57.38999938964844,-23.754481268553384,52,32,C-
UHS,Universal Health Services Inc. Common Stock,Hospital/Nursing Management,32,177.35000610351562,-27.052832926289895,56,81,B-
UHT,Universal Health Realty Income Trust Common Stock,Real Estate Investment Trusts,75,37.56999969482422,-16.430031815773138,48,61,E
UI,Ubiquiti Inc. Common Stock,Radio And Television Broadcasting And Communications Equipment,78,657.2899780273438,-39.213030321914076,66,79,C
UIS,Unisys Corporation New Common Stock,EDP Services,116,2.2200000286102295,-53.55648679565144,20,18,C-
UK,Ucommune International Ltd Class A Ordinary Shares,Business Services,58,2.0190000534057617,-81.64545405994762,12,,B-
UL,Unilever PLC American Depositary Shares (each representing One Ordinary Share),Package Goods/Cosmetics,34,62.2599983215332,-14.372038830958033,60,,D-
ULBI,Ultralife Corporation Common Stock,Industrial Machinery/Components,91,6.260000228881836,-21.257856867037038,58,54,A
ULCC,Frontier Group Holdings Inc. Common Stock,Air Freight/Delivery Services,91,5.860000133514404,-27.295287488420726,79,18,C
ULH,Universal Logistics Holdings Inc. Common Stock,Trucking Freight/Courier Services,58,17.350000381469727,-29.23452146622535,58,55,B-
ULS,UL Solutions Inc. Class A Common Stock,Precision Instruments,116,69.98999786376953,-33.04520414262012,34,82,C
ULTA,Ulta Beauty Inc. Common Stock,Other Specialty Stores,115,570.3699951171875,-19.304775019539242,68,54,B-
UMAC,Unusual Machines Inc. Common Stock,Radio And Television Broadcasting And Communications Equipment,78,20.829999923706055,-38.84322054067676,88,37,C+
UMBF,UMB Financial Corporation Common Stock,Major Banks,21,130.3000030517578,-13.994350181199888,59,63,C+
UMC,United Microelectronics Corporation (NEW) Common Stock,Semiconductors,30,22.959999084472656,-16.587138748050258,97,91,C-
UMH,UMH Properties Inc. Common Stock,Real Estate Investment Trusts,75,15.170000076293945,-8.943576139045483,60,54,C
UNB,Union Bankshares Inc. Common Stock,Major Banks,21,22.899999618530273,-11.307962474259337,50,52,D
UNCY,Unicycive Therapeutics Inc. Common Stock,Biotechnology: Pharmaceutical Preparations,109,4.110000133514404,-51.98598210234151,25,26,D-
UNF,Unifirst Corporation Common Stock,Other Consumer Services,99,260.8500061035156,-13.278472984636524,78,50,E
UNFI,United Natural Foods Inc. Common Stock,Food Distributors,52,44.5099983215332,-19.83069532682412,62,69,E
UNH,UnitedHealth Group Incorporated Common Stock (DE),Medical Specialities,15,379.29998779296875,-12.5391207385531,63,68,C
UNIT,Uniti Group Inc. Common Stock,Real Estate Investment Trusts,75,6.869999885559082,-46.11764795639935,28,8,E
UNM,Unum Group Common Stock,Accident &Health Insurance,10,91.66999816894531,-5.0740411529084035,74,41,B+
UNP,Union Pacific Corporation Common Stock,Railroads,33,278.3399963378906,-9.976281612179195,71,51,C-
UNTY,Unity Bancorp Inc. Common Stock,Major Banks,21,54.33000183105469,-11.860951262652408,58,51,D
UONE,Urban One Inc. Class A Common Stock,Broadcasting,58,4.050000190734863,-73.1965566991583,16,18,C-
UONEK,Urban One Inc. Class D Common Stock,Broadcasting,58,3.9200000762939453,-64.0366952891462,21,8,C-
UP,Wheels Up Experience Inc. Class A Common Stock,Transportation Services,90,3.809999942779541,-90.02617835946252,7,18,D
UPB,Upstream Bio Inc. Common Stock,Biotechnology: Pharmaceutical Preparations,109,4.699999809265137,-85.58282199615394,8,26,E
UPBD,Upbound Group Inc. Common Stock,Diversified Commercial Services,77,15.399999618530273,-30.616077407166532,30,64,E
UPC,Universe Pharmaceuticals Inc. Class A Ordinary Shares,Biotechnology: Pharmaceutical Preparations,109,4.150000095367432,-65.92775048122186,44,,B-
UPLD,Upland Software Inc. Common Stock,Computer Software: Prepackaged Software,40,3.5999999046325684,-85.71428652523323,10,48,C-
UPS,United Parcel Service Inc. Common Stock,Trucking Freight/Courier Services,58,94.56999969482422,-18.384451202569664,48,37,D
UPST,Upstart Holdings Inc. Common stock,Finance: Consumer Services,112,24.100000381469727,-54.30413421600343,19,98,C-
UPWK,Upwork Inc. Common Stock,EDP Services,116,8.600000381469727,-61.103572392289585,22,60,B-
UPXI,Upexi Inc. Common Stock,Medicinal Chemicals and Botanical Products,134,1.100000023841858,-83.9416052677907,42,26,B+
URBN,Urban Outfitters Inc. Common Stock,Clothing/Shoe/Accessory Stores,56,82.18000030517578,-0.9282660294090861,75,91,C+
URG,Ur Energy Inc Common Shares (Canada),Precious Metals,43,1.0099999904632568,-51.904760174740396,19,8,D
URGN,UroGen Pharma Ltd. Ordinary Shares,Biotechnology: Pharmaceutical Preparations,109,36.83000183105469,-26.764762058926106,92,8,C-
URI,United Rentals Inc. Common Stock,Diversified Commercial Services,77,1056.3699951171875,-9.310447637626728,72,85,D
UROY,Uranium Royalty Corp. Common Stock,Investment Bankers/Brokers/Service,49,4.179999828338623,-23.44322712207817,86,99,B-
USAR,USA Rare Earth Inc. Class A Common Stock,Metal Mining,110,12.5600004196167,-67.52843764084449,20,18,D-
USAS,Americas Gold and Silver Corporation Common Shares no par value,Metal Mining,110,4.360000133514404,-56.530406285236865,48,37,C
USAU,U.S. Gold Corp. Common Stock,Metal Mining,110,13.770000457763672,-39.07079546310973,33,,C-
USB,U.S. Bancorp Common Stock,Major Banks,21,57.08000183105469,-11.930400250121009,63,65,D-
USBC,USBC Inc. Common Stock,Industrial Machinery/Components,91,0.5099999904632568,-51.88679075529661,83,26,B-
USCB,USCB Financial Holdings Inc. Class A Common Stock,Major Banks,21,22.040000915527344,-6.13287331679323,77,72,C-
USDE,StablecoinX Inc. Class A Common Stock,Finance: Consumer Services,112,12.300000190734863,-28.695651068203688,99,,A+
USEA,United Maritime Corporation Common Stock,Marine Transportation,3,2.5399999618530273,-16.613034924189197,88,36,C
USFD,US Foods Holding Corp. Common Stock,Food Distributors,52,97.43000030517578,-12.177755398343237,73,86,C
USGO,U.S. GoldMining Inc. Common stock,Precious Metals,43,6.230000019073486,-60.64434586797557,17,26,C-
USIO,Usio Inc. Common Stock,Investment Bankers/Brokers/Service,49,2.7799999713897705,-5.4421796842397345,96,35,B+
USLM,United States Lime & Minerals Inc. Common Stock,Mining & Quarrying of Nonmetallic Minerals (No Fuels),91,108.58000183105469,-22.059500683029587,44,70,D
USNA,USANA Health Sciences Inc. Common Stock,Medicinal Chemicals and Botanical Products,134,14.65999984741211,-44.131097655160524,20,33,C+
USPH,U.S. Physical Therapy Inc. Common Stock,Medical/Nursing Services,18,84.66999816894531,-6.767486914904941,72,39,B-
UTHR,United Therapeutics Corporation Common Stock,Biotechnology: Pharmaceutical Preparations,109,549.1599731445312,-7.976411931454397,67,73,C
UTI,Universal Technical Institute Inc Common Stock,Other Consumer Services,99,20.639999389648438,-59.68750179279593,13,51,D-
UTL,UNITIL Corporation Common Stock,Power Generation,84,52.2599983215332,-5.842170480810516,61,53,C
UTMD,Utah Medical Products Inc. Common Stock,Medical/Dental Instruments,96,74.54000091552734,-2.765461316602935,77,45,B-
UTSI,UTStarcom Holdings Corp. Ordinary Shares,Telecommunications Equipment,84,2.259999990463257,-31.306990374846187,43,,B+
UTZ,Utz Brands Inc Class A Common Stock,Packaged Foods,120,14.300000190734863,-0.13966134438245792,95,60,B+
UUU,Universal Safety Products Inc. Common Stock,Electronic Components,2,5.199999809265137,-30.48128614965917,75,26,B+
UUUU,Energy Fuels Inc Ordinary Shares (Canada),Mining & Quarrying of Nonmetallic Minerals (No Fuels),91,9.960000038146973,-64.06926304161702,16,26,D
UVE,UNIVERSAL INSURANCE HOLDINGS INC Common Stock,Property-Casualty Insurers,52,45.849998474121094,-2.3845065307095736,87,84,B+
UVSP,Univest Financial Corporation Common Stock,Major Banks,21,40.900001525878906,-9.066961202562718,75,88,B+
UVV,Universal Corporation Common Stock,Farming/Seeds/Milling,116,42.0,-24.769235247420674,33,31,E
UWMC,UWM Holdings Corporation Class A Common Stock,Finance: Consumer Services,112,1.0800000429153442,-80.96713186849016,7,32,D-
UXIN,Uxin Limited ADS,Business Services,58,1.1299999952316284,-71.96029934486364,9,1,B-
UZX,Linkage Global Inc. Class A Ordinary Shares,Catalog/Specialty Distribution,67,1.1299999952316284,-97.75455058070585,2,,D
V,Visa Inc.,Business Services,58,385.45001220703125,0.0,74,59,C+
VABK,Virginia National Bankshares Corporation Common Stock,Major Banks,21,48.5,-1.4628224356895703,79,74,B+
VAC,Marriott Vacations Worldwide Corporation Common Stock,Real Estate,99,105.33999633789062,-14.8859483800581,91,82,C
VAL,Valaris Limited Common Shares,Oil & Gas Production,10,83.6500015258789,-26.247572847534663,83,44,B
VALE,VALE S.A.  American Depositary Shares Each Representing one common share,Metal Mining,110,13.619999885559082,-21.388401138308943,61,50,B-
VALN,Valneva SE American Depositary Shares,Biotechnology: Biological Products (No Diagnostic Substances),99,5.78000020980835,-51.793158297372365,35,8,B-
VALU,Value Line Inc. Common Stock,Investment Managers,58,43.880001068115234,-1.2601205578282482,79,40,B+
VANI,Vivani Medical Inc. Common Stock (DE),Biotechnology: Electromedical & Electrotherapeutic Apparatus,58,1.25,-33.155080384353695,50,26,D+
VATE,INNOVATE Corp. Common Stock,Metal Fabrications,39,7.21999979019165,-64.0079761594726,69,33,B+
VBIO,Valion Bio Inc. Common Stock,Biotechnology: Electromedical & Electrotherapeutic Apparatus,58,2.140000104904175,-97.15614603999445,2,26,B+
VBNK,VersaBank Common Shares,Commercial Banks,21,22.040000915527344,-6.929938515794786,88,79,B+
VC,Visteon Corporation Common Stock,Auto Parts:O.E.M.,91,85.43000030517578,-30.794350559733896,32,55,E
VCEL,Vericel Corporation Common Stock,Biotechnology: Biological Products (No Diagnostic Substances),99,40.099998474121094,-16.99441661309693,57,53,B-
VCIG,VCI Global Limited Ordinary Share,Diversified Commercial Services,77,0.5099999904632568,-99.98746312707809,1,,E
VCRE,Vicore Pharma Holding AB American Depositary Shares,,,9.0,-44.61538461538461,15,,C-
VCTR,Victory Capital Holdings Inc. Class A Common Stock,Investment Managers,58,112.44000244140625,-6.757323774638446,93,93,B-
VCYT,Veracyte Inc. Common Stock,Medical Specialities,15,45.22999954223633,-25.227313130762763,67,82,C+
VECO,Veeco Instruments Inc. Common Stock,Industrial Machinery/Components,91,52.279998779296875,-37.042391374153716,88,48,B+
VEEA,Veea Inc. Common Stock,Blank Checks,42,5.699999809265137,-69.12242637075965,32,26,A
VEEE,Twin Vee PowerCats Co. Common Stock,Marine Transportation,3,9.864999771118164,-90.05143262727839,8,26,B+
VEEV,Veeva Systems Inc. Class A Common Stock,Computer Software: Prepackaged Software,40,296.1300048828125,-0.9929793246728491,91,81,A-
VEL,Velocity Financial Inc. Common Stock,Finance: Consumer Services,112,14.729999542236328,-29.046245761868626,31,57,E
VELO,Velo3D Inc. Common stock,Industrial Machinery/Components,91,8.670000076293945,-71.6759232165387,39,18,C+
VENU,Venu Holding Corporation Common Stock,Services-Misc. Amusement & Recreation,80,1.340000033378601,-90.3458211647675,6,26,E
VEON,VEON Ltd. ADS,Telecommunications Equipment,84,76.80999755859375,-0.49229805777109004,92,37,A+
VERA,Vera Therapeutics Inc. Class A Common Stock,Biotechnology: Pharmaceutical Preparations,109,29.8799991607666,-46.32656701355037,24,26,C
VERI,Veritone Inc. Common Stock,EDP Services,116,0.5529999732971191,-93.40882061182239,5,26,E
VERU,Veru Inc. Common Stock,Biotechnology: Pharmaceutical Preparations,109,2.4600000381469727,-44.46952294647056,42,8,C-
VERX,Vertex Inc. Class A Common Stock,Computer Software: Prepackaged Software,40,12.949999809265137,-50.07710276542752,37,99,C+
VET,Vermilion Energy Inc. Common (Canada),Oil & Gas Production,10,11.869999885559082,-16.350844533007603,85,33,A
VFC,V.F. Corporation Common Stock,Garments and Clothing,64,15.0,-29.532938157992117,40,39,B-
VFF,Village Farms International Inc. Common Shares,,,2.680000066757202,-35.88516323402838,62,53,B+
VFS,VinFast Auto Ltd. Ordinary Shares,Auto Manufacturing,137,3.059999942779541,-35.71429000753723,41,18,C-
VG,Venture Global Inc. Class A common stock,Oil/Gas Transmission,40,13.15999984741211,-24.627807996850372,77,86,B-
VGAS,Verde Clean Fuels Inc. Class A Common Stock,Major Chemicals,80,1.059999942779541,-68.35820976252226,21,18,D
VGNT,Versigent PLC Ordinary Shares,,,44.189998626708984,-12.007173332182797,87,,D-
VGZ,Vista Gold Corp Common Stock,Precious Metals,43,2.6500000953674316,-13.114749613195166,90,8,A-
VHC,VirnetX Holding Corp Common Stock,Multi-Sector Companies,75,11.5,-53.70370398809396,35,8,B-
VHCP,Vine Hill Capital Investment Corp. II Class A Ordinary Shares,,,10.069999694824219,-0.29703649022181366,58,,E
VHI,Valhi Inc. Common Stock,Major Chemicals,80,14.210000038146973,-23.847801959560535,57,68,C-
VHUB,VenHub Global Inc. Common Stock,Industrial Machinery/Components,91,0.41999998688697815,-94.8019803112283,6,26,E
VIA,Via Transportation Inc. Class A Common Stock,Computer Software: Prepackaged Software,40,32.369998931884766,-39.97775125401187,93,26,A
VIAV,Viavi Solutions Inc. Common Stock,Semiconductors,30,45.459999084472656,-17.838428375114134,97,88,A-
VICI,VICI Properties Inc. Common Stock,Real Estate Investment Trusts,75,22.8799991607666,-22.07473705107438,35,49,E
VICR,Vicor Corporation Common Stock,Industrial Machinery/Components,91,266.07000732421875,-29.941016330656968,98,84,B
VIDA,VIDA Global Inc. Class A Common Stock,Computer Software: Prepackaged Software,40,1.4700000286102295,-73.70304135090778,15,,E
VIK,Viking Holdings Ltd Ordinary Shares,Marine Transportation,3,81.62000274658203,-24.607425516328398,63,48,D-
VINP,Vinci Compass Investments Ltd. Class A Common Shares,Investment Managers,58,11.539999961853027,-9.309151739290266,73,41,A-
VIOT,Viomi Technology Co. Ltd American Depositary Shares,Consumer Electronics/Appliances,104,1.659999966621399,-47.69090930536901,92,,A-
VIPS,Vipshop Holdings Limited American Depositary Shares each representing two ordinary shares,Catalog/Specialty Distribution,67,12.899999618530273,-33.781670821233526,31,89,C+
VIR,Vir Biotechnology Inc. Common Stock,Biotechnology: Biological Products (No Diagnostic Substances),99,11.699999809265137,-0.6791165154455991,93,35,C
VIRC,Virco Manufacturing Corporation Common Stock,Industrial Specialties,84,6.480000019073486,-11.8489430794952,63,35,A-
VIRT,Virtu Financial Inc. Class A Common Stock,Investment Bankers/Brokers/Service,49,57.5099983215332,-15.028638850856812,87,81,B
VISN,Vistance Networks Inc. Common Stock,Radio And Television Broadcasting And Communications Equipment,78,6.050000190734863,-17.604082256618835,72,46,B-
VIST,Vista Energy S.A.B. de C.V. American Depositary Shares each representing one series A share with no par value,Oil & Gas Production,10,66.26000213623047,-16.39116449687007,86,90,B-
VITL,Vital Farms Inc. Common Stock,Packaged Foods,120,9.329999923706055,-78.64011021400906,12,40,B-
VIV,Telefonica Brasil S.A. American Depositary Shares (Each representing One Common Share),Telecommunications Equipment,84,12.199999809265137,-24.557816180847613,46,67,B-
VIVK,Vivakor Inc. Common Stock,,,3.799999952316284,-99.97853834885171,1,26,E
VIVO,VivoPower PLC Class A Ordinary Shares,Power Generation,84,3.0999999046325684,-53.03030379657028,40,,C-
VIVS,VivoSim Labs Inc. Common Stock,Biotechnology: Biological Products (No Diagnostic Substances),99,0.18000000715255737,-94.59459425595932,2,,D+
VKI,Invesco Advantage Municipal Income Trust II Common Shares of Beneficial Interest (DE),Finance Companies,52,7.78000020980835,-16.910788134933775,39,,E
VKTX,Viking Therapeutics Inc. Common Stock,Biotechnology: Pharmaceutical Preparations,109,28.510000228881836,-32.32850817452571,31,8,D+
VLGEA,Village Super Market Inc. Class A Common Stock,Food Chains,49,44.029998779296875,-5.586735714269942,77,58,B-
VLN,Valens Semiconductor Ltd. Ordinary Shares,Semiconductors,30,1.7300000190734863,-50.99150047889716,59,18,C
VLO,Valero Energy Corporation Common Stock,Integrated oil Companies,1,433.75,-2.2645308853989965,97,98,B-
VLRS,Controladora Vuela Compania de Aviacion S.A.B. de C.V. American Depositary Shares each representing ten (10) Ordinary Participation Certificates,Air Freight/Delivery Services,91,6.230000019073486,-41.392286434597544,28,18,C
VLTO,Veralto Corp Common Stock,Electrical Products,8,96.93000030517578,-7.050839382679531,58,53,B-
VLY,Valley National Bancorp Common Stock,Major Banks,21,12.619999885559082,-16.253409930527763,55,61,D-
VMAR,Vision Marine Technologies Inc. Common Shares,Marine Transportation,3,6.070000171661377,-99.90746950957833,3,26,B-
VMC,Vulcan Materials Company (Holding Company) Common Stock,Mining & Quarrying of Nonmetallic Minerals (No Fuels),91,244.5800018310547,-25.542050953690833,32,59,C-
VMD,Viemed Healthcare Inc. Common Shares,Misc Health and Biotechnology Services,30,9.520000457763672,-22.789939037548468,64,53,B
VMET,Versamet Royalties Corporation Common Stock,,,8.770000457763672,-35.18107442092479,38,99,C-
VMI,Valmont Industries Inc. Common Stock,Metal Fabrications,39,467.80999755859375,-19.594810074368986,60,91,C-
VNCE,Vince Holding Corp. Common Stock,Clothing/Shoe/Accessory Stores,56,11.09000015258789,-16.991014688797712,99,61,A
VNDA,Vanda Pharmaceuticals Inc. Common Stock,Biotechnology: Pharmaceutical Preparations,109,4.570000171661377,-52.19665302227459,22,8,E
VNET,VNET Group Inc. American Depositary Shares,Computer Software: Programming Data Processing,80,5.53000020980835,-60.58445962181614,16,8,D+
VNO,Vornado Realty Trust Common Stock,Real Estate Investment Trusts,75,33.630001068115234,-17.795157190051647,50,36,C
VNOM,Viper Energy Inc. Class A Common Stock,Oil & Gas Production,10,42.9900016784668,-13.040132387741876,69,61,C-
VNRX,VolitionRX Limited Common Stock,Biotechnology: In Vitro & In Vivo Diagnostic Substances,112,0.20999999344348907,-98.25000005463758,2,26,C-
VNT,Vontier Corporation Common Stock,Industrial Machinery/Components,91,32.2400016784668,-25.16435638865232,46,73,C-
VNTG,Vantage Corp Class A Ordinary Shares,Integrated Freight & Logistics,138,0.6399999856948853,-46.66666997803569,20,,A
VOD,Vodafone Group Plc American Depositary Shares,Telecommunications Equipment,84,15.5600004196167,-11.990949371977422,74,,C-
VOR,Vor Biopharma Inc. Common Stock,Biotechnology: Biological Products (No Diagnostic Substances),99,19.899999618530273,-38.37101562619984,75,38,C
VOXR,Vox Royalty Corp. Common Stock,Precious Metals,43,5.119999885559082,-19.63522984911441,71,96,D
VOYA,Voya Financial Inc. Common Stock,Life Insurance,28,94.66999816894531,-9.717721134936097,78,46,B-
VOYG,Voyager Technologies Inc. Class A Common Stock,Military/Government/Technical,103,27.260000228881836,-47.34402165763589,37,18,D+
VPG,Vishay Precision Group Inc. Common Stock,Electrical Products,8,72.62999725341797,-51.550933574037636,90,48,B
VRA,Vera Bradley Inc. Common Stock,Apparel,116,5.139999866485596,0.0,94,35,B+
VRAX,Virax Biolabs Group Limited Ordinary Shares,Biotechnology: In Vitro & In Vivo Diagnostic Substances,112,1.8700000047683716,-89.12790743127391,7,,A
VRCA,Verrica Pharmaceuticals Inc. Common Stock,Biotechnology: Pharmaceutical Preparations,109,4.110000133514404,-54.83516526127217,22,18,B-
VRDN,Viridian Therapeutics Inc. Common Stock,Medical Specialities,15,18.65999984741211,-44.760211599390374,46,18,D
VREX,Varex Imaging Corporation Common Stock,Industrial Machinery/Components,91,18.459999084472656,-0.6458602783969369,94,63,B
VRM,Vroom Inc. Common Stock,Retail-Auto Dealers and Gas Stations,110,9.3100004196167,-65.19626011358244,29,26,A-
VRNS,Varonis Systems Inc. Common Stock,Computer Software: Prepackaged Software,40,50.119998931884766,-20.69620517904299,90,18,B-
VRRM,Verra Mobility Corporation Class A Common Stock,Transportation Services,90,2.940000057220459,-88.14037939232598,6,37,D
VRSK,Verisk Analytics Inc. Common Stock,Diversified Commercial Services,77,177.6300048828125,-26.462888937178786,40,47,B-
VRSN,VeriSign Inc. Common Stock,EDP Services,116,303.739990234375,-1.7317335462802008,78,57,A
VRT,Vertiv Holdings LLC Class A Common Stock,Industrial Machinery/Components,91,242.77999877929688,-35.441074327833,68,97,E
VRTS,Virtus Investment Partners Inc. Common Stock,Investment Managers,58,131.22000122070312,-28.016042726138433,34,56,E
VRTX,Vertex Pharmaceuticals Incorporated Common Stock,Biotechnology: Pharmaceutical Preparations,109,510.0799865722656,-8.581266312075863,73,53,B-
VRXA,Veraxa Biotech AG Ordinary Shares,Biotechnology: Pharmaceutical Preparations,109,1.2599999904632568,-94.91730559124728,5,,C-
VS,Versus Systems Inc. Common Stock,EDP Services,116,1.0499999523162842,-55.31914915203131,23,31,D
VSA,VisionSys AI Inc. American Depositary Shares,Other Consumer Services,99,1.940000057220459,-99.88242423895633,6,1,B+
VSAT,ViaSat Inc. Common Stock,Radio And Television Broadcasting And Communications Equipment,78,72.01000213623047,-19.819614637836093,91,34,B+
VSEC,VSE Corporation Common Stock,Military/Government/Technical,103,173.6300048828125,-28.688184684745377,38,85,B-
VSH,Vishay Intertechnology Inc. Common Stock,Electrical Products,8,34.040000915527344,-47.384044067440826,92,70,C
VSME,VS Media Holdings Limited Class A Ordinary Shares,Publishing,84,0.7829999923706055,-97.44117652742004,10,,A+
VSNT,Versant Media Group Inc. Class A Common Stock,Broadcasting,58,30.639999389648438,-33.29033355447821,33,,B-
VST,Vistra Corp. Common Stock,Electric Utilities: Central,67,161.47999572753906,-22.96986313893451,54,89,B-
VSTD,Vestand Inc. Class A Common Stock,Restaurants,89,0.0010000000474974513,-99.93975903207199,1,,B+
VSTM,Verastem Inc. Common Stock,Biotechnology: Pharmaceutical Preparations,109,8.380000114440918,-21.240602969530197,88,26,B-
VSTS,Vestis Corporation Common Stock,Consumer Specialties,19,14.130000114440918,-14.363635670055041,95,72,B+
VSXY,Victorias Secret & Co. Common Stock,Clothing/Shoe/Accessory Stores,56,82.87000274658203,-17.105129804259523,94,68,C
VTAK,Catheter Precision Inc. Common Stock,Medical/Dental Instruments,96,1.1399999856948853,-96.20000004768372,2,26,B-
VTEX,VTEX Class A Common Shares,Computer Software: Prepackaged Software,40,3.9700000286102295,-13.129105481696811,51,98,B-
VTGN,Vistagen Therapeutics Inc. Common Stock,Biotechnology: Pharmaceutical Preparations,109,0.23999999463558197,-95.10204102113215,12,26,A+
VTIX,Virtuix Holdings Inc. Class A Common Stock,Computer peripheral equipment,47,1.0700000524520874,-95.61295580472128,3,,E
VTMX,Corporacion Inmobiliaria Vesta S.A.B de C.V. American Depositary Shares each representing ten (10) Common Shares,Real Estate,99,33.869998931884766,-6.887733592963807,68,84,B+
VTN,Invesco Trust for Investment Grade New York Municipals Common Stock,Finance Companies,52,9.460000038146973,-17.64812294390724,37,,D-
VTOL,Bristow Group Inc. Common Stock,Transportation Services,90,40.689998626708984,-18.17688995381943,50,59,B-
VTR,Ventas Inc. Common Stock,Real Estate Investment Trusts,75,82.04000091552734,-17.90130884276251,60,66,D
VTRS,Viatris Inc. Common Stock,Biotechnology: Pharmaceutical Preparations,109,17.639999389648438,-3.4482816219499335,89,67,C
VTS,Vitesse Energy Inc. Common Stock,Oil & Gas Production,10,17.280000686645508,-18.35714482683296,55,31,A-
VTSI,VirTra Inc. Common Stock,Miscellaneous manufacturing industries,127,2.690000057220459,-56.959999084472656,19,8,D+
VTVT,vTv Therapeutics Inc. Class A Common Stock,Biotechnology: Pharmaceutical Preparations,109,31.18000030517578,-27.004564687361377,56,34,D
VUZI,Vuzix Corporation Common Stock,Radio And Television Broadcasting And Communications Equipment,78,2.559999942779541,-50.19455234869674,45,18,B-
VVOS,Vivos Therapeutics Inc. Common Stock,Medical/Dental Instruments,96,0.14900000393390656,-95.31446538345992,3,26,C+
VVV,Valvoline Inc. Common Stock,Major Chemicals,80,30.270000457763672,-24.832381143100022,36,50,D-
VVX,V2X Inc. Common Stock,Diversified Commercial Services,77,71.44000244140625,-21.33024516897416,67,91,B+
VWAV,VisionWave Holdings Inc. Common Stock,Computer Software: Prepackaged Software,40,5.739999771118164,-97.9760226912608,1,14,E
VYGR,Voyager Therapeutics Inc. Common Stock,Biotechnology: Biological Products (No Diagnostic Substances),99,2.450000047683716,-54.0337695543496,17,18,E
VYX,NCR Voyix Corporation Common Stock,Office Equipment/Supplies/Services,64,7.150000095367432,-39.96641320762876,32,40,C
VZ,Verizon Communications Inc. Common Stock,Telecommunications Equipment,84,41.650001525878906,-17.79188617973103,60,41,D-
VZLA,Vizsla Silver Corp. Common Shares,Precious Metals,43,3.549999952316284,-48.250730565254294,50,26,D
W,Wayfair Inc. Class A Common Stock,Catalog/Specialty Distribution,67,105.73999786376953,-11.180180467699497,83,50,C
WAB,Westinghouse Air Brake Technologies Corporation Common Stock,Railroads,33,285.42999267578125,-6.561822694670571,81,90,B
WABC,Westamerica Bancorporation Common Stock,Major Banks,21,58.65999984741211,-5.3284112095332015,75,73,A-
WAFD,WaFd Inc. Common Stock,Major Banks,21,29.43000030517578,-24.59709491196167,38,83,D-
WAFDP,WaFd Inc. Depositary Shares,Major Banks,21,15.140000343322754,-7.630358308614838,50,,D-
WAFU,Wah Fu Education Group Limited Ordinary Shares,Other Consumer Services,99,1.4500000476837158,-29.95168625864685,37,,A
WAL,Western Alliance Bancorporation Common Stock (DE),Major Banks,21,74.2699966430664,-21.505548795778672,43,52,D
WASH,Washington Trust Bancorp Inc. Common Stock,Major Banks,21,37.06999969482422,-6.545916681933517,78,53,E
WAT,Waters Corporation Common Stock,Biotechnology: Laboratory Analytical Instruments,4,433.7699890136719,-2.1409602812965223,82,33,B+
WATT,Energous Corporation Common Stock,Radio And Television Broadcasting And Communications Equipment,78,11.329999923706055,-67.93093875883383,73,8,C-
WAVE,Eco Wave Power Global AB (publ) American Depositary Shares,Electric Utilities: Central,67,5.860000133514404,-40.927418463249985,28,26,B+
WAY,Waystar Holding Corp. Common Stock,EDP Services,116,26.68000030517578,-32.66027000393312,58,79,A-
WB,Weibo Corporation American Depositary Share,Computer Software: Programming Data Processing,80,6.539999961853027,-43.40606401414566,24,41,E
WBI,WaterBridge Infrastructure LLC Class A Shares Representing Limited Liability Company Interests,Oilfield Services/Equipment,37,29.979999542236328,-17.074017177401934,72,33,B-
WBTN,WEBTOON Entertainment Inc. Common stock,Publishing,84,10.350000381469727,-44.11447016389809,30,18,B-
WBUY,WEBUY GLOBAL LTD. Class A Ordinary Shares,Other Specialty Stores,115,0.6919999718666077,-82.95566547735335,14,,A+
WBX,Wallbox N.V. Class A Ordinary Shares,Industrial Specialties,84,2.7699999809265137,-61.47427039107212,19,,B+
WCC,WESCO International Inc. Common Stock,Telecommunications Equipment,84,365.69000244140625,-4.79054233953482,86,90,C
WCN,Waste Connections Inc. Common Shares,Environmental Services,67,152.8300018310547,-13.844531528150439,41,53,D
WCT,Wellchange Holdings Company Limited Class A Ordinary shares,Computer Software: Prepackaged Software,40,0.9760000109672546,-95.11999994516373,10,,D-
WD,Walker & Dunlop Inc Common Stock,Finance: Consumer Services,112,33.0099983215332,-59.63705137511239,15,36,D-
WDAY,Workday Inc. Class A Common Stock,EDP Services,116,186.58999633789062,-24.048521297429993,79,97,B
WDC,Western Digital Corporation Common Stock,Electronic Components,2,397.2799987792969,-46.74462875587818,94,80,C-
WDFC,WD-40 Company Common Stock,Major Chemicals,80,202.2899932861328,-23.333180662160323,45,79,D-
WDS,Woodside Energy Group Limited American Depositary Shares each representing one Ordinary Share,Oil & Gas Production,10,22.56999969482422,-6.696985545546241,85,,B-
WEAV,Weave Communications Inc. Common Stock,Computer Software: Prepackaged Software,40,7.380000114440918,-2.766798865944309,76,92,B+
WEC,WEC Energy Group Inc. Common Stock,Power Generation,84,103.73999786376953,-11.952629517755541,45,59,E
WELL,Welltower Inc. Common Stock,Real Estate Investment Trusts,75,225.47000122070312,-10.214958111580764,74,85,C
WEN,Wendy's Company (The) Common Stock,Restaurants,89,6.230000019073486,-31.107574368872903,32,46,D
WENC,West Enclave Merger Corp. Ordinary Shares,Blank Checks,42,10.020000457763672,0.0,58,,A+
WERN,Werner Enterprises Inc. Common Stock,Trucking Freight/Courier Services,58,32.70000076293945,-30.577247865066948,45,62,E
WEST,Westrock Coffee Company Common Stock,Beverages (Production/Distribution),104,8.180000305175781,-15.930105960768604,93,26,B-
WETH,Wetouch Technology Inc. Common Stock,Computer peripheral equipment,47,0.9300000071525574,-72.79060070668913,19,,E
WETO,Wetour Robotics Limited Ordinary Shares,Other Transportation,,1.059999942779541,-99.48039218491199,1,,B-
WEX,WEX Inc. common stock,Business Services,58,172.42999267578125,-15.16359523946802,69,91,E
WEYS,Weyco Group Inc. Common Stock,Apparel,116,51.459999084472656,-1.0765116654424034,94,44,B+
WF,Woori Financial Group Inc. American Depositary Shares (each representing three (3) shares of Common Stock),Commercial Banks,21,72.91999816894531,-13.673496963235475,79,49,C-
WFC,Wells Fargo & Company Common Stock,Major Banks,21,83.55000305175781,-11.893926429820368,51,86,B-
WFCF,Where Food Comes From Inc. Common Stock,Computer Software: Prepackaged Software,40,13.479999542236328,-25.64809615983267,69,41,B-
WFF,WF Holding Limited Ordinary Shares,Miscellaneous manufacturing industries,127,12.289999961853027,0.0,99,,A+
WFG,West Fraser Timber Co. Ltd Common stock,Forest Products,52,64.25,-15.025660176542177,53,8,B-
WFRD,Weatherford International plc Ordinary Shares,Oil and Gas Field Machinery,27,77.91999816894531,-29.846010759601494,48,84,C
WGO,Winnebago Industries Inc. Common Stock,Homebuilding,98,23.389999389648438,-51.40985983421395,23,44,E
WGS,GeneDx Holdings Corp. Class A Common Stock,Retail: Computer Software & Peripheral Equipment,13,67.33000183105469,-59.80658324545514,35,41,B-
WH,Wyndham Hotels & Resorts Inc. Common Stock,Hotels/Resorts,74,74.05999755859375,-16.662321150979874,46,52,C
WHD,Cactus Inc. Class A Common Stock,Oil and Gas Field Machinery,27,63.43000030517578,-13.784212712765553,87,65,B-
WHF,WhiteHorse Finance Inc. Common Stock,Finance Companies,52,7.019999980926514,-3.3057884351098243,73,48,B-
WHG,Westwood Holdings Group Inc Common Stock,Investment Managers,58,18.920000076293945,-6.255360803580912,70,91,B+
WHK,WhiteHawk Minerals Corp Class A Common Stock,Oil & Gas Production,10,26.25,-8.408931822202092,57,,C
WHLR,Wheeler Real Estate Investment Trust Inc. Common Stock,Real Estate Investment Trusts,75,0.5720000267028809,-99.99898538380391,1,8,B-
WHR,Whirlpool Corporation Common Stock,Consumer Electronics/Appliances,104,28.829999923706055,-68.53017931058145,12,68,E
WHWK,Whitehawk Therapeutics Inc. Common Stock,Biotechnology: Pharmaceutical Preparations,109,3.5199999809265137,-30.98039124022075,78,8,D
WIMI,WiMi Hologram Cloud Inc. Class B Ordinary Shares,Computer Software: Prepackaged Software,40,0.6430000066757202,-86.1720431507881,6,,E
WINA,Winmark Corporation Common Stock,Other Specialty Stores,115,291.8599853515625,-38.93988581413343,20,47,E
WING,Wingstop Inc. Common Stock,Restaurants,89,122.26000213623047,-56.76193297208575,17,76,B-
WIT,Wipro Limited Common Stock,EDP Services,116,1.7000000476837158,-43.813472489013186,26,50,B-
WIX,Wix.com Ltd. Ordinary Shares,Computer Software: Programming Data Processing,80,76.55999755859375,-47.395904156683464,70,44,C
WK,Workiva Inc. Class A Common Stock,Computer Software: Prepackaged Software,40,73.25,-21.498229646825497,76,90,B+
WKC,World Kinect Corporation Common Stock,Oil Refining/Marketing,140,36.40999984741211,-8.952971810291544,86,63,A-
WKHS,Workhorse Group Inc. Common Stock,Auto Manufacturing,137,2.950000047683716,-78.05059419801273,34,8,A-
WKSP,Worksport Ltd. Common Stock,Auto Parts:O.E.M.,91,0.41499999165534973,-89.03566757610072,7,8,B-
WLDN,Willdan Group Inc. Common Stock,Military/Government/Technical,103,75.12000274658203,-44.330812666762256,41,91,C-
WLDS,Wearable Devices Ltd. Ordinary Share,Computer Communications Equipment,6,1.3700000047683716,-96.27818540163807,10,,A
WLFC,Willis Lease Finance Corporation Common Stock,Industrial Specialties,84,40.880001068115234,-48.76038388519133,21,83,E
WLK,Westlake Corporation Common Stock,Major Chemicals,80,62.290000915527344,-48.858205597470715,25,63,D
WLTH,Wealthfront Corporation Common Stock,Finance: Consumer Services,112,10.819999694824219,-22.437277112807365,59,33,B+
WLY,John Wiley & Sons Inc. Common Stock,Books,7,49.63999938964844,-10.250695130071996,85,40,C
WLYB,John Wiley & Sons Inc. Common Stock,Books,7,47.900001525878906,-11.84320307877309,80,40,D-
WM,Waste Management Inc. Common Stock,Environmental Services,67,208.8300018310547,-14.202449595545662,44,78,C
WMB,Williams Companies Inc. (The) Common Stock,Natural Gas Distribution,28,72.66999816894531,-7.130666783147377,68,80,B-
WMG,Warner Music Group Corp. Class A Common Stock,Services-Misc. Amusement & Recreation,80,28.719999313354492,-16.28281152251514,53,94,B-
WMK,Weis Markets Inc. Common Stock,Food Chains,49,72.98999786376953,-11.255159071426979,59,44,B-
WMS,Advanced Drainage Systems Inc. Common Stock,Containers/Packaging,102,125.79000091552734,-27.990878069850943,36,74,D+
WMT,Walmart Inc. Common Stock,Department/Specialty Retail Stores,21,111.3499984741211,-16.828185010906182,53,78,C-
WNC,Wabash National Corporation Common Stock,Construction/Ag Equipment/Trucks,21,13.199999809265137,-7.215400100485569,85,8,B-
WNEB,Western New England Bancorp Inc. Common Stock,Savings Institutions,14,13.510000228881836,-8.319451423151424,62,40,B-
WNW,Meiwu Technology Company Limited Ordinary Shares,Catalog/Specialty Distribution,67,2.140000104904175,-99.00465111399805,7,,A
WOK,WORK Medical Technology Group LTD Class A Ordinary Shares,Medical/Dental Instruments,96,1.5299999713897705,-99.99831868135011,5,,B-
WOLF,Wolfspeed Inc. Common Stock New,Semiconductors,30,30.610000610351562,-58.353740666188344,77,18,D+
WOOF,Petco Health and Wellness Company Inc. Class A Common Stock,Other Specialty Stores,115,2.2300000190734863,-41.62303512972998,27,69,D-
WOR,Worthington Enterprises Inc. Common Shares,Steel/Iron Ore,17,62.45000076293945,0.0,77,86,B+
WPC,W. P. Carey Inc. REIT,Real Estate Investment Trusts,75,63.369998931884766,-16.16150283703277,45,80,E
WPM,Wheaton Precious Metals Corp Common Shares (Canada),Precious Metals,43,138.64999389648438,-15.965908292203645,80,92,C
WPP,WPP plc American Depositary Shares,Advertising,131,25.3799991607666,-6.013833023764404,88,,B-
WPRT,Westport Fuel Systems Inc Common Shares,Industrial Machinery/Components,91,1.8200000524520874,-26.31578820360869,42,8,E
WRAP,Wrap Technologies Inc. Common Stock,Ordnance And Accessories,15,1.4199999570846558,-54.193548362287345,18,26,B-
WRB,W.R. Berkley Corporation Common Stock,Property-Casualty Insurers,52,71.91000366210938,-5.790878753504214,57,61,B-
WRBY,Warby Parker Inc. Class A Common Stock,Ophthalmic Goods,127,25.299999237060547,-16.611736618918403,55,99,C+
WRD,WeRide Inc. American Depositary Shares,EDP Services,116,4.809999942779541,-59.81620855908738,16,18,D-
WRLD,World Acceptance Corporation Common Stock,Finance: Consumer Services,112,175.47999572753906,-21.601217758113535,59,50,E
WRN,Western Copper and Gold Corporation Common Stock,Metal Mining,110,2.0999999046325684,-48.14815294486373,36,43,E
WS,Worthington Steel Inc. Common Shares,Steel/Iron Ore,17,36.04999923706055,-24.94999798681591,69,41,C-
WSBC,WesBanco Inc. Common Stock,Major Banks,21,36.59000015258789,-13.513572731027757,61,73,B+
WSBF,Waterstone Financial Inc. Common Stock (MD),Savings Institutions,14,19.479999542236328,-8.68878659286285,74,41,B+
WSBK,Winchester Bancorp Inc. Common Stock,,,12.90999984741211,-2.676219274199587,70,,C-
WSC,WillScot Holdings Corporation Class A Common Stock,Misc Corporate Leasing Services,123,17.06999969482422,-41.0702753215667,25,54,E
WSE,Wise Group plc Class A Ordinary Shares,Diversified Commercial Services,77,11.869999885559082,-22.922076755921918,32,,D-
WSFS,WSFS Financial Corporation Common Stock,Major Banks,21,75.38999938964844,-8.160080271373161,77,87,D-
WSHP,WeShop Holdings Limited Class A Ordinary Shares,Other Specialty Stores,115,4.829999923706055,-97.58500003814697,14,,A
WSM,Williams-Sonoma Inc. Common Stock (DE),Home Furnishings,38,241.77999877929688,-3.9717213632865733,82,71,B-
WSO,Watsco Inc. Common Stock,Industrial Machinery/Components,91,279.8999938964844,-38.20738023176604,23,43,E
WSO-B,Watsco Inc.,,,310.8999938964844,-30.831791557837118,34,43,E
WST,West Pharmaceutical Services Inc. Common Stock,Medical/Dental Instruments,96,366.0,-2.855932022169394,83,85,B
WT,WisdomTree Inc. Common Stock,Investment Bankers/Brokers/Service,49,22.610000610351562,-9.704473707382865,91,89,B-
WTBA,West Bancorporation Common Stock,Major Banks,21,28.3700008392334,-5.684837396309317,82,80,C-
WTF,Waton Financial Limited Ordinary Shares,Investment Bankers/Brokers/Service,49,2.6700000762939453,-55.050504199097006,26,,C
WTFC,Wintrust Financial Corporation Common Stock,Major Banks,21,143.25,-13.876749498701646,51,67,D-
WTI,W&T Offshore Inc. Common Stock,Oil & Gas Production,10,3.630000114440918,-25.70988367854773,92,63,B+
WTM,White Mountains Insurance Group Ltd. Common Stock,Property-Casualty Insurers,52,2060.6298828125,-11.157149408813593,51,8,B-
WTRG,Essential Utilities Inc. Common Stock,Water Supply,43,38.97999954223633,-7.190477280389695,57,49,D-
WTS,Watts Water Technologies Inc. Class A Common Stock,Metal Fabrications,39,352.7200012207031,-9.918004460325413,76,89,C
WTTR,Select Water Solutions Inc. Class A common stock,Oilfield Services/Equipment,37,19.760000228881836,-10.929703207368814,91,93,C
WTW,Willis Towers Watson Public Limited Company Ordinary Shares,Specialty Insurers,112,296.260009765625,-15.253344786707101,51,68,E
WU,Western Union Company (The) Common Stock,Business Services,58,6.119999885559082,-34.739067525031345,27,39,D-
WULF,TeraWulf Inc. Common Stock,EDP Services,116,13.770000457763672,-52.48446971955656,34,8,C-
WVE,Wave Life Sciences Ltd. Ordinary Shares,Biotechnology: Pharmaceutical Preparations,109,3.4600000381469727,-83.76349073271099,9,8,D-
WVVI,Willamette Valley Vineyards Inc. Common Stock,Beverages (Production/Distribution),104,2.109999895095825,-45.89743991026658,23,,B+
WW,WW International Inc.  Common Stock,Other Consumer Services,99,14.859999656677246,-57.445588671615724,38,47,B-
WWD,Woodward Inc. Common Stock,Industrial Machinery/Components,91,335.510009765625,-23.057339890004247,54,95,E
WWR,Westwater Resources Inc. Common Stock,Metal Mining,110,0.46000000834465027,-86.78160902806201,23,26,E
WWW,Wolverine World Wide Inc. Common Stock,Shoe Manufacturing,66,19.43000030517578,-28.120798133143367,62,79,C
WXM,WF International Limited Ordinary Shares,Engineering & Construction,67,3.4149999618530273,-90.59228640873778,23,,C+
WY,Weyerhaeuser Company Common Stock,Real Estate Investment Trusts,75,19.100000381469727,-27.640581274289854,30,39,E
WYFI,WhiteFiber Inc. Ordinary Shares,Finance: Consumer Services,112,15.6899995803833,-64.9542117043636,17,26,D
WYHG,Wing Yip Food Holdings Group Limited American Depositary Shares,Specialty Foods,84,3.0799999237060547,-68.66734539561574,61,,A
WYNN,Wynn Resorts Limited Common stock,Hotels/Resorts,74,75.1500015258789,-43.12373703720043,21,88,E
WYY,WidePoint Corporation Common Stock,EDP Services,116,7.289999961853027,-63.910892641014904,57,53,C+
XAIR,Beyond Air Inc. Common Stock,Medical/Dental Instruments,96,2.25,-95.83333333333334,3,18,C-
XBIO,Xenetic Biosciences Inc. Common Stock,Biotechnology: Pharmaceutical Preparations,109,2.130000114440918,-77.48414264427272,19,26,B+
XBIT,XBiotech Inc. Common Stock,Biotechnology: Pharmaceutical Preparations,109,2.2899999618530273,-22.108846350906408,45,26,B-
XBP,XBP Global Holdings Inc. Common Stock,EDP Services,116,3.2100000381469727,-62.10153557323312,40,,A-
XCH,XCHG Limited American Depositary Share,Electrical Products,8,2.940000057220459,-92.53807120974503,2,,B+
XCUR,Exicure Inc. Common Stock,Biotechnology: Pharmaceutical Preparations,109,1.0499999523162842,-85.59670839765839,7,26,B+
XE,X-Energy Inc. Class A Common Stock,Metal Fabrications,39,13.710000038146973,-61.89549690779448,16,,D+
XEL,Xcel Energy Inc. Common Stock,Power Generation,84,73.77999877929688,-10.035122659520447,46,71,C+
XELB,Xcel Brands Inc. Common Stock,Multi-Sector Companies,75,0.6000000238418579,-75.30864167248568,8,26,C-
XENE,Xenon Pharmaceuticals Inc. Common Shares,Biotechnology: Pharmaceutical Preparations,109,36.439998626708984,-48.64712641367167,21,18,D-
XERS,Xeris Biopharma Holdings Inc. Common Stock,Biotechnology: Pharmaceutical Preparations,109,10.479999542236328,0.0,90,53,A-
XFLH,XFLH Capital Corporation Ordinary Shares,Blank Checks,42,10.069999694824219,-1.5640259488920005,59,,A+
XFLT,XAI Floating Rate & Alternative Income Trust Common Shares of Beneficial Interest,Investment Managers,58,18.940000534057617,-14.856593167925014,61,,C
XFOR,X4 Pharmaceuticals Inc. Common Stock,Biotechnology: Biological Products (No Diagnostic Substances),99,2.9100000858306885,-37.6873653471109,24,26,C-
XGN,Exagen Inc. Common Stock,Medical Specialities,15,8.420000076293945,-29.59866179399694,96,8,A-
XHG,XChange TEC.INC American Depositary Shares,Real Estate,99,2.2799999713897705,-50.64935004616651,98,,A+
XHLD,TEN Holdings Inc. Common Stock,Business Services,58,0.48500001430511475,-96.25482608920103,4,26,A-
XHR,Xenia Hotels & Resorts Inc. Common Stock,Hotels/Resorts,74,18.020000457763672,-16.779599789968614,75,56,C-
XLO,Xilio Therapeutics Inc. Common Stock,Biotechnology: Pharmaceutical Preparations,109,9.050000190734863,-23.949575791225143,46,18,B-
XMAX,XMAX Inc. Common Stock,Home Furnishings,38,8.739999771118164,-6.423986848688445,85,38,D-
XMTR,Xometry Inc. Class A Common Stock,Business Services,58,111.06999969482422,0.0,96,92,A-
XNCR,Xencor Inc. Common Stock,Biotechnology: Pharmaceutical Preparations,109,24.6299991607666,-15.938567228312506,96,8,B+
XNDU,Xanadu Quantum Technologies Limited Class B Subordinate Voting Shares,Computer Manufacturing,106,3.9000000953674316,-89.20265722398811,8,26,E
XNET,Xunlei Limited American Depositary Shares,Computer Software: Prepackaged Software,40,5.010000228881836,-50.0,25,40,B-
XOM,ExxonMobil Holdings Corporation Common Stock,Integrated oil Companies,1,168.94000244140625,-0.22442999431535604,86,70,C
XOS,Xos Inc. Common Stock,Auto Parts:O.E.M.,91,3.2100000381469727,-56.97050909205732,91,18,A-
XP,XP Inc. Class A Common Stock,Investment Bankers/Brokers/Service,49,32.220001220703125,0.0,97,62,A
XPEL,XPEL Inc. Common Stock,Industrial Specialties,84,44.43000030517578,-19.144677546317336,58,73,D+
XPER,Xperi Inc. Common Stock,Computer Software: Prepackaged Software,40,5.210000038146973,-39.69907602870162,26,89,E
XPEV,XPeng Inc. American depositary shares each representing two Class A ordinary shares,Auto Manufacturing,137,9.899999618530273,-64.73103054448654,14,8,D
XPL,Solitario Resources Corp. Common Stock,Precious Metals,43,0.5699999928474426,-40.0,25,26,D-
XPO,XPO Inc. Common Stock,Transportation Services,90,183.47000122070312,-19.661074071243057,64,63,D
XPOF,Xponential Fitness Inc. Class A Common Stock,Services-Misc. Amusement & Recreation,80,4.949999809265137,-45.00000211927626,19,18,C-
XPON,Expion360 Inc. Common Stock,Industrial Machinery/Components,91,4.159999847412109,-79.48718093411362,16,8,A
XPRO,Expro Ltd Ordinary Shares,Oilfield Services/Equipment,37,16.170000076293945,-14.715185352849458,68,49,C
XRAY,DENTSPLY SIRONA Inc. Common Stock,Medical/Dental Instruments,96,8.829999923706055,-39.850138009923405,22,47,C-
XRN,Chiron Real Estate Inc. Common Stock,Real Estate Investment Trusts,75,33.59000015258789,-10.67964247580857,55,63,D
XRTX,XORTX Therapeutics Inc. Common Shares,Biotechnology: Pharmaceutical Preparations,109,1.409999966621399,-74.36363697052002,12,26,B-
XRX,Xerox Holdings Corporation Common Stock,Computer peripheral equipment,47,2.75,-23.43685872188681,84,40,C-
XSLL,Xsolla SPAC 1 Class A Ordinary Shares,Blank Checks,42,10.0,-0.09990238414763208,58,,C-
XTIA,XTI Aerospace Inc. Common Stock,EDP Services,116,0.906000018119812,-70.3921557169426,13,18,C-
XTLB,XTL Biopharmaceuticals Ltd. American Depositary Shares,Biotechnology: Pharmaceutical Preparations,109,1.9800000190734863,-69.6319014591144,16,18,C+
XTNT,Xtant Medical Holdings Inc. Common Stock,Biotechnology: Biological Products (No Diagnostic Substances),99,0.33000001311302185,-64.13043400797366,17,42,B+
XWEL,XWELL Inc. Common Stock,Other Consumer Services,99,0.8199999928474426,-51.76470765605512,57,26,E
XXI,Twenty One Capital Inc. Class A Common Stock,Finance: Consumer Services,112,6.289999961853027,-72.35164851932736,36,,B-
XXII,22nd Century Group Inc. Common Stock,Medicinal Chemicals and Botanical Products,134,0.8119999766349792,-99.8318840628085,2,8,C-
XYF,X Financial American Depositary Shares each representing six Class A Ordinary Shares,Finance: Consumer Services,112,5.150000095367432,-59.584202370927144,57,48,B-
XYL,Xylem Inc. Common Stock New,Fluid Controls,21,102.70999908447266,-31.906003977880793,28,,D
XYZ,Block Inc. Class A Common Stock,Computer Software: Prepackaged Software,40,77.23999786376953,-8.968769295467439,65,47,D
XZO,Exzeo Group Inc. Common Stock,Property-Casualty Insurers,52,15.979999542236328,-34.103094671190405,38,75,C-
YAAS,Youxin Technology Ltd Class A Ordinary shares,Computer Software: Prepackaged Software,40,1.0800000429153442,-65.38461273943874,38,,D
YALA,Yalla Group Limited American Depositary Shares each representing one Class A Ordinary Share,Computer Software: Programming Data Processing,80,5.510000228881836,-27.973854115132667,38,53,D-
YB,Yuanbao Inc. American Depositary Shares,Specialty Insurers,112,12.104999542236328,-45.359378513776505,23,88,B-
YCBD,cbdMD Inc. Common Stock,Package Goods/Cosmetics,34,0.38999998569488525,-82.81938374573446,10,26,D-
YDDL,One and One Green Technologies. Inc Class A Ordinary Shares,Industrial Specialties,84,1.340000033378601,-91.26466740515292,8,,E
YDES,YD Bio Limited Ordinary Shares,Medical Specialities,15,6.730000019073486,-66.50074679961332,95,,B
YDKG,Yueda Digital Holding Class A Ordinary Share,Advertising,131,0.8600000143051147,-99.73780487368747,20,,A+
YELP,Yelp Inc. Common Stock,Other Consumer Services,99,18.59000015258789,-45.04877580135701,18,56,D+
YETI,YETI Holdings Inc. Common Stock,Recreational Games/Products/Toys,67,39.790000915527344,-24.468487689780826,47,86,C
YEXT,Yext Inc. Common Stock,EDP Services,116,6.929999828338623,-21.871477815675078,86,95,B-
YHC,LQR House Inc. Common Stock,Beverages (Production/Distribution),104,1.399999976158142,-98.7387387602179,3,38,B-
YHGJ,Yunhong Green CTI Ltd. Common Stock,Specialty Chemicals,106,2.75,-70.49356126559545,28,26,C
YHNA,YHN Acquisition I Limited Ordinary Shares,,,11.09000015258789,-2.290750838267097,62,71,E
YI,111 Inc. American Depositary Shares,Retail-Drug Stores and Proprietary Stores,133,3.1500000953674316,-62.41050056861977,27,18,B-
YIBO,Planet Image International Limited Class A Ordinary Shares,Industrial Machinery/Components,91,1.0499999523162842,-26.573427214681523,63,,E
YICC,Yorkville International Capital Corp. Class A Ordinary Shares,Blank Checks,42,9.899999618530273,-0.5025144893802347,55,,E
YJ,Yunji Inc. American Depository Shares,Other Specialty Stores,115,1.7899999618530273,-57.8823538387523,81,,A+
YMAT,J-Star Holding Co. Ltd. Class A Ordinary Shares,Recreational Games/Products/Toys,67,1.2899999618530273,-86.20320952703264,12,,B
YMM,Full Truck Alliance Co. Ltd. American Depositary Shares (each representing 20 Class A Ordinary Shares),Computer Software: Prepackaged Software,40,8.5600004196167,-34.33595285432831,41,56,B-
YMT,Yimutian Inc. American Depositary Shares,EDP Services,116,0.9909999966621399,-99.80337301653529,1,,D-
YORW,York Water Company (The) Common Stock,Water Supply,43,31.059999465942383,-9.507676495035767,57,67,B-
YOU,Clear Secure Inc. Class A Common Stock,Computer Software: Prepackaged Software,40,43.43000030517578,-29.915524330331156,65,96,E
YOUL,Youlife Group Inc. American Depositary Shares,Other Consumer Services,99,0.3610000014305115,-82.89099434224774,9,,B-
YPF,YPF Sociedad Anonima Common Stock,Integrated oil Companies,1,50.040000915527344,-13.140079178308529,89,68,A-
YQ,17 Education & Technology Group Inc. American Depositary Shares,Other Consumer Services,99,3.390000104904175,-45.585873282094646,86,26,B-
YRD,Yiren Digital Ltd. American Depositary Shares each representing two ordinary shares,Finance: Consumer Services,112,1.0,-84.2519682674253,11,31,D
YSG,Yatsen Holding Limited American Depositary Shares each representing twenty (20) Class A Ordinary Shares,Package Goods/Cosmetics,34,2.5799999237060547,-70.68181968424926,16,18,D+
YSS,York Space Systems Inc. Common Stock,Military/Government/Technical,103,7.110000133514404,-83.63636361641021,4,,E
YSWY,Yesway Inc. Class A Common Stock,Food Chains,49,20.719999313354492,-26.420456585127962,52,,D-
YSXT,YSX Tech. Co. Ltd Class A Ordinary Shares,Automotive Aftermarket,123,1.2999999523162842,-55.78231540766252,85,,B+
YTRA,Yatra Online Inc. Ordinary Shares,Transportation Services,90,0.9150000214576721,-52.09423887707094,27,18,B+
YUM,Yum! Brands Inc.,Restaurants,89,144.82000732421875,-13.09920687169106,45,79,B+
YUMC,Yum China Holdings Inc. Common Stock,Restaurants,89,42.91999816894531,-24.568550400276322,48,75,B+
YXT,YXT.COM GROUP HOLDING LIMITED American Depository Shares,Computer Software: Prepackaged Software,40,2.0799999237060547,-91.1224929721978,9,,B+
YYAI,AiRWA Inc. Common Stock,Recreational Games/Products/Toys,67,0.7110000252723694,-99.99149521500871,1,,B-
Z,Zillow Group Inc. Class C Capital Stock,Business Services,58,29.010000228881836,-62.82675565280547,18,83,E
ZBAO,Zhibao Technology Inc. Class A Ordinary Shares,Specialty Insurers,112,0.05700000002980232,-95.51181095386957,2,,B-
ZBH,Zimmer Biomet Holdings Inc. Common Stock,Industrial Specialties,84,89.13999938964844,-13.353988694997575,47,70,C
ZBIO,Zenas BioPharma Inc. Common Stock,Biotechnology: Pharmaceutical Preparations,109,27.260000228881836,-36.85429375697418,81,18,B-
ZBRA,Zebra Technologies Corporation Class A Common Stock,Industrial Machinery/Components,91,387.17999267578125,0.0,92,77,B+
ZCMD,Zhongchao Inc. Class A Ordinary Shares,Other Consumer Services,99,1.590000033378601,-99.86968922200049,3,,A
ZD,Ziff Davis Inc. Common Stock,Telecommunications Equipment,84,56.52000045776367,-4.543149245571287,87,89,B
ZDAI,DirectBooking Technology Co. Ltd. Class A Ordinary Shares,General Bldg Contractors - Nonresidential Bldgs,,1.3600000143051147,-87.85714252262699,9,,D+
ZDGE,Zedge Inc. Class B Common Stock,Computer Software: Prepackaged Software,40,2.930000066757202,-29.093013602788066,43,37,C-
ZENA,ZenaTech Inc. Common Stock,Computer Software: Prepackaged Software,40,1.1100000143051147,-83.40807167696357,11,,D+
ZEO,Zeo Energy Corporation Class A Common Stock,Industrial Machinery/Components,91,0.2639999985694885,-86.73366847717023,6,18,D
ZEPP,Zepp Health Corporation American depositary shares each representing sixteen Class A ordinary shares,Computer Manufacturing,106,3.7200000286102295,-93.92851313723328,7,18,D
ZETA,Zeta Global Holdings Corp. Class A Common Stock,Computer Software: Prepackaged Software,40,33.09000015258789,-1.9265011663995968,95,94,B+
ZG,Zillow Group Inc. Class A Common Stock,Business Services,58,29.8700008392334,-59.949047860178915,20,83,E
ZGN,Ermenegildo Zegna N.V. Ordinary Shares,Apparel,116,12.680000305175781,-16.852457015240773,71,,C-
ZH,Zhihu Inc. American Depositary Shares each representing three (3) Class A Ordinary Shares,Business Services,58,3.4700000286102295,-28.453606250676543,52,18,B-
ZIM,ZIM Integrated Shipping Services Ltd. Ordinary Shares,Marine Transportation,3,29.989999771118164,-1.704360714069808,92,31,C-
ZION,Zions Bancorporation N.A. Common Stock,Major Banks,21,62.4900016784668,-14.186505743414946,56,76,E
ZIP,ZipRecruiter Inc. Class A Common Stock,Computer Software: Programming Data Processing,80,4.170000076293945,-24.043711290635816,87,,B
ZJK,ZJK Industrial Co. Ltd. Class A Ordinary Shares,Metal Fabrications,39,1.909999966621399,-46.348314681990466,35,,B-
ZJYL,JIN MEDICAL INTERNATIONAL LTD. Class A Ordinary Shares,Industrial Specialties,84,2.059999942779541,-76.32183921905691,24,,B
ZKH,ZKH Group Limited American Depositary Shares each representing thirty-five (35) Class A Ordinary Shares,RETAIL: Building Materials,122,2.0299999713897705,-46.43799493873209,18,18,D+
ZKIN,ZK International Group Co. Ltd Ordinary Share,Metal Fabrications,39,1.7599999904632568,-43.04206992392749,74,,A+
ZLAB,Zai Lab Limited American Depositary Shares,Biotechnology: Pharmaceutical Preparations,109,24.989999771118164,-23.577984134359465,78,18,B
ZM,Zoom Communications Inc. Class A Common Stock,Computer Software: Programming Data Processing,80,97.73999786376953,-12.63854105897062,76,92,B-
ZNB,Zeta Network Group Class A Ordinary Shares,Engineering & Construction,67,0.9300000071525574,-99.94216417865967,2,,A-
ZNTL,Zentalis Pharmaceuticals Inc. Common Stock,Biotechnology: Pharmaceutical Preparations,109,2.640000104904175,-60.06051359184254,31,,C-
ZONE,CleanCore Solutions Inc. Class B Common Stock,Industrial Machinery/Components,91,0.13099999725818634,-93.70192297772896,4,26,C+
ZOOZ,ZOOZ Strategy Ltd. Ordinary Shares,Industrial Machinery/Components,91,6.989999771118164,-83.4360197991824,50,,C+
ZS,Zscaler Inc. Common Stock,EDP Services,116,233.72999572753906,-30.493352554861442,91,18,B+
ZSQR,Z Squared Inc. Common Stock,Finance: Consumer Services,112,5.659999847412109,-69.8936166111405,12,,B-
ZSTK,ZeroStack Corp. Common Stock,Biotechnology: Pharmaceutical Preparations,109,4.619999885559082,-76.84210672241414,81,,B+
ZTG,Zenta Group Company Limited Class A Ordinary Shares,Professional Services,47,0.6850000023841858,-93.47619045348394,5,,A+
ZTO,ZTO Express (Cayman) Inc. American Depositary Shares each representing one Class A ordinary share.,Trucking Freight/Courier Services,58,20.149999618530273,-22.14064809910371,40,57,D-
ZTS,Zoetis Inc. Class A Common Stock,Biotechnology: Pharmaceutical Preparations,109,74.80999755859375,-48.31777463430812,25,52,C-
ZUMZ,Zumiez Inc. Common Stock,Clothing/Shoe/Accessory Stores,56,14.479999542236328,-52.7106494272753,20,32,D-
ZURA,Zura Bio Limited Class A Ordinary Shares,Biotechnology: Biological Products (No Diagnostic Substances),99,4.0,-43.181817873942954,28,26,E
ZVIA,Zevia PBC Class A Common Stock,Beverages (Production/Distribution),104,1.2100000381469727,-55.3505527264,22,18,D
ZVRA,Zevra Therapeutics Inc. Common Stock,Biotechnology: Pharmaceutical Preparations,109,11.390000343322754,-22.779658689337257,66,96,B-
ZWS,Zurn Elkay Water Solutions Corporation Common Stock,Industrial Machinery/Components,91,46.56999969482422,-12.234808386404072,55,83,C-
ZYBT,Zhengye Biotechnology Holding Limited Class A Ordinary Shares,Biotechnology: Pharmaceutical Preparations,109,1.7300000190734863,-78.40199788215253,95,,A+
ZYME,Zymeworks Inc. Common Stock,Biotechnology: Pharmaceutical Preparations,109,25.790000915527344,-16.94041369010726,76,8,B-
