symbol,name,industry,industry_rank,price,pct_off_high,rs_rating,eps_rating,ad_rating
A,Agilent Technologies Inc. Common Stock,Biotechnology: Laboratory Analytical Instruments,52,135.1999969482422,-13.478499515026654,54,77,B-
AA,Alcoa Corporation Common Stock,Aluminum,,49.060001373291016,-41.448859246641234,46,61,E-
AACB,Artius II Acquisition Inc. Class A Ordinary Shares,,,10.5600004196167,0.0,50,,D
AACG,ATA Creativity Global American Depositary Shares,Other Consumer Services,121,0.9998999834060669,-60.78823521161987,44,37,A
AAL,American Airlines Group Inc. Common Stock,Air Freight/Delivery Services,22,15.670000076293945,-13.66390961079893,79,38,B
AAME,Atlantic American Corporation Common Stock,Life Insurance,24,1.6299999952316284,-53.8243623670656,15,,E
AAMI,Acadian Asset Management Inc. Common Stock,Investment Managers,67,80.62000274658203,-2.538682837441142,91,80,E+
AAOI,Applied Optoelectronics Inc. Common Stock,Semiconductors,2,125.44999694824219,-43.769612946565786,98,4,E
AAON,AAON Inc. Common Stock,Industrial Machinery/Components,77,112.93000030517578,-23.771558589915344,79,82,C-
AAP,Advance Auto Parts Inc.,Auto & Home Supply Stores,97,55.40999984741211,-15.003209601301393,54,74,C+
AAPG,Ascentage Pharma Group International American Depository Shares,Biotechnology: Pharmaceutical Preparations,77,19.239999771118164,-59.83298714359459,15,,E
AAPL,Apple Inc. Common Stock,Computer Manufacturing,17,314.8599853515625,-0.7721194497122164,79,79,B-
AARD,Aardvark Therapeutics Inc. Common Stock,Biotechnology: Pharmaceutical Preparations,77,6.260000228881836,-64.04365144315412,33,11,A
AAT,American Assets Trust Inc. Common Stock,Real Estate Investment Trusts,41,25.18000030517578,-1.2936100382015536,81,38,B-
AAUC,Allied Gold Corporation Common Shares,,,22.600000381469727,-29.39705852384674,53,11,E+
ABAT,American Battery Technology Company Common Stock,Metal Mining,85,2.609999895095825,-76.96381365691933,30,9,A-
ABBV,AbbVie Inc. Common Stock,Biotechnology: Pharmaceutical Preparations,77,244.77999877929688,-6.239708924009635,70,73,B+
ABCB,Ameris Bancorp Common Stock,Major Banks,20,90.11000061035156,-1.680306481056082,69,83,C
ABCL,AbCellera Biologics Inc. Common Shares,Biotechnology: Pharmaceutical Preparations,77,6.739999771118164,-16.995075540520176,91,4,A-
ABEO,Abeona Therapeutics Inc. Common Stock,Biotechnology: Pharmaceutical Preparations,77,7.059999942779541,-2.351315018609512,82,4,A-
ABEV,Ambev S.A. American Depositary Shares (Each representing 1 Common Share),Beverages (Production/Distribution),101,3.0899999141693115,-9.655230295739658,71,62,D
ABG,Asbury Automotive Group Inc Common Stock,Retail-Auto Dealers and Gas Stations,104,212.7899932861328,-19.18958401663331,36,61,C
ABLV,Able View Global Inc. Class B Ordinary Shares,Other Consumer Services,121,1.059999942779541,-13.821144199818802,88,,A-
ABM,ABM Industries Incorporated Common Stock,Diversified Commercial Services,77,45.29999923706055,-6.348216044659649,55,66,B
ABNB,Airbnb Inc. Class A Common Stock,Diversified Commercial Services,77,146.5399932861328,-1.604780438585962,62,55,C+
ABOS,Acumen Pharmaceuticals Inc. Common Stock,Biotechnology: Biological Products (No Diagnostic Substances),67,2.5299999713897705,-24.925814323283156,78,4,A
ABR,Arbor Realty Trust Common Stock,Real Estate Investment Trusts,41,5.0,-55.70813774096026,13,37,E
ABSI,Absci Corporation Common Stock,Biotechnology: Commercial Physical & Biological Resarch,16,10.229999542236328,-11.962137323686173,99,4,A
ABT,Abbott Laboratories Common Stock,Biotechnology: Pharmaceutical Preparations,77,88.95999908447266,-33.851817687750966,23,73,D
ABTC,American Bitcoin Corp. Class A Common Stock,EDP Services,126,5.400000095367432,-96.13318988086016,3,,E-
ABTS,Abits Group Inc Ordinary Shares,Computer Software: Programming Data Processing,112,1.190000057220459,-88.4128529291265,9,,A+
ABUS,Arbutus Biopharma Corporation Common Stock,Biotechnology: Pharmaceutical Preparations,77,4.610000133514404,-11.685817647415087,63,61,B-
ABVC,ABVC BioPharma Inc. Common Stock,Biotechnology: Pharmaceutical Preparations,77,1.340000033378601,-62.56983067219123,16,4,A-
ABVX,Abivax SA American Depositary Shares,Biotechnology: Pharmaceutical Preparations,77,134.91000366210938,-7.157108300336157,99,20,B+
ABX,Abacus Global Management Inc. Class A Common Stock,Investment Managers,67,11.140000343322754,-7.166663805643713,92,91,A-
ACA,Arcosa Inc. Common Stock,Metal Fabrications,37,145.0800018310547,-0.2063578495540952,86,93,A-
ACAD,ACADIA Pharmaceuticals Inc. Common Stock,Biotechnology: Pharmaceutical Preparations,77,25.489999771118164,-9.158944204341612,67,44,B+
ACB,Aurora Cannabis Inc. Common Shares,Medicinal Chemicals and Botanical Products,134,2.6600000858306885,-57.303369539535275,15,9,E
ACCL,Acco Group Holdings Limited Class A Ordinary Shares,Professional Services,104,1.8799999952316284,-58.31485809707516,25,,E-
ACCO,Acco Brands Corporation Common Stock,Publishing,109,3.9000000953674316,-10.344823428292626,69,57,B+
ACCS,ACCESS Newswire Inc. Common Stock,Publishing,109,6.920000076293945,-44.058204201178256,21,55,E+
ACDC,ProFrac Holding Corp. Class A Common Stock,Oilfield Services/Equipment,11,5.340000152587891,-34.79852959482114,48,4,D-
ACEL,Accel Entertainment Inc.,Services-Misc. Amusement & Recreation,87,12.5,-6.785979550832899,59,95,C-
ACET,Adicet Bio Inc. Common Stock,Biotechnology: Pharmaceutical Preparations,77,8.829999923706055,-46.935094665934294,52,4,B+
ACFN,Acorn Energy Inc. Common Stock,Military/Government/Technical,103,18.049999237060547,-40.974495480400805,34,4,A-
ACGL,Arch Capital Group Ltd. Common Stock,Property-Casualty Insurers,41,101.52999877929688,-1.4845709446354438,57,94,C-
ACH,Accendra Health Inc. Common Stock,Medical Specialities,24,3.609999895095825,-56.18932044453261,47,29,B-
ACHC,Acadia Healthcare Company Inc. Common Stock,Medical Specialities,24,31.600000381469727,-1.0025053072035384,87,39,A-
ACHR,Archer Aviation Inc. Class A Common Stock,Aerospace,101,4.849999904632568,-64.44281684342619,15,4,D
ACHV,Achieve Life Sciences Inc. Common Shares,Biotechnology: In Vitro & In Vivo Diagnostic Substances,95,6.309999942779541,-3.369069830937499,95,4,A-
ACI,Albertsons Companies Inc. Class A Common Stock,Food Chains,64,14.609999656677246,-31.69283941219716,28,53,E+
ACIC,American Coastal Insurance Corporation Common Stock,Property-Casualty Insurers,41,10.829999923706055,-11.636895808975156,42,78,C
ACIU,AC Immune SA Common Stock,Biotechnology: Pharmaceutical Preparations,77,2.4100000858306885,-39.5989954869574,26,4,E+
ACIW,ACI Worldwide Inc. Common Stock,Computer Software: Prepackaged Software,118,55.11000061035156,-2.3391807330951697,75,57,B+
ACLS,Axcelis Technologies Inc. Common Stock,Industrial Machinery/Components,77,142.24000549316406,-25.762003673258683,90,64,D+
ACM,AECOM Common Stock,Military/Government/Technical,103,68.55000305175781,-48.40084878869584,18,85,E+
ACMR,ACM Research Inc. Class A Common Stock,Industrial Machinery/Components,77,98.8949966430664,-22.06241853671711,97,56,B+
ACN,Accenture plc Class A Ordinary Shares (Ireland),Business Services,90,134.55999755859375,-52.40423662399962,13,73,E-
ACNB,ACNB Corporation Common Stock,Major Banks,20,59.630001068115234,-2.644896215322068,80,93,B
ACNT,Ascent Industries Co. Common Stock,Steel/Iron Ore,46,15.010000228881836,-15.579304560118546,61,9,E
ACOG,Alpha Cognition Inc. Common Stock,,,8.050000190734863,-23.551753135102505,66,4,B-
ACON,Aclarion Inc. Common Stock,Medical Specialities,24,2.6700000762939453,-72.44581845288036,12,4,C-
ACR,ACRES Commercial Realty Corp. Common Stock,Real Estate Investment Trusts,41,17.510000228881836,-27.16306338585789,34,38,B+
ACRE,Ares Commercial Real Estate Corporation Common Stock,Real Estate Investment Trusts,41,4.460000038146973,-16.644553327784205,44,44,D
ACRS,Aclaris Therapeutics Inc. Common Stock,Biotechnology: Pharmaceutical Preparations,77,5.429999828338623,-4.90368139996048,97,4,B+
ACRV,Acrivon Therapeutics Inc. Common Stock,Biotechnology: Pharmaceutical Preparations,77,2.130000114440918,-29.235876372441506,81,4,A
ACT,Enact Holdings Inc. Common Stock,Specialty Insurers,109,45.650001525878906,-0.1312569673932229,71,78,C-
ACTG,Acacia Research Corporation (Acacia Tech) Common Stock,Multi-Sector Companies,95,4.369999885559082,-15.31007723283626,54,33,E+
ACTU,Actuate Therapeutics Inc. Common stock,Biotechnology: Pharmaceutical Preparations,77,1.7300000190734863,-80.16055084751787,10,20,A+
ACU,Acme United Corporation. Common Stock,Industrial Machinery/Components,77,46.7400016784668,-4.179832940880212,59,53,C+
ACVA,ACV Auctions Inc. Class A Common Stock,Business Services,90,7.230000019073486,-55.72565797396125,53,44,B+
ACXP,Acurx Pharmaceuticals Inc. Common Stock,Biotechnology: Pharmaceutical Preparations,77,1.649999976158142,-82.81250093132255,7,4,E
AD,Array Digital Infrastructure Inc. Common Shares,Telecommunications Equipment,73,34.15999984741211,-22.45418263074087,42,77,E
ADAG,Adagene Inc. American Depositary Shares,Biotechnology: Pharmaceutical Preparations,77,3.609999895095825,-24.47699295727509,91,9,A-
ADAM,Adamas Trust Inc. Common Stock,Real Estate Investment Trusts,41,9.149999618530273,-3.785495285880669,83,62,B-
ADBE,Adobe Inc. Common Stock,Computer Software: Prepackaged Software,118,220.77999877929688,-40.789014490182026,21,90,E+
ADC,Agree Realty Corporation Common Stock,Real Estate Investment Trusts,41,77.98999786376953,-3.4485282762600655,58,76,D+
ADCT,ADC Therapeutics SA Common Shares,Biotechnology: Pharmaceutical Preparations,77,1.2300000190734863,-74.79508216744371,5,4,E-
ADEA,Adeia Inc. Common Stock,Computer Software: Prepackaged Software,118,27.940000534057617,-16.764473449149108,87,77,C
ADGM,Adagio Medical Holdings Inc Common Stock,Medical/Dental Instruments,126,0.5799999833106995,-75.42372842829515,6,20,E-
ADI,Analog Devices Inc. Common Stock,Semiconductors,2,392.75,-11.83667273186505,84,92,E+
ADIL,Adial Pharmaceuticals Inc Common Stock,Biotechnology: Pharmaceutical Preparations,77,2.6500000953674316,-83.17460256909567,31,4,A+
ADM,Archer-Daniels-Midland Company Common Stock,Packaged Foods,124,82.27999877929688,-2.1757244296458422,82,52,C
ADMA,ADMA Biologics Inc Common Stock,Biotechnology: Biological Products (No Diagnostic Substances),67,8.869999885559082,-56.47693694396878,16,88,E+
ADNT,Adient plc Ordinary Shares,Auto Parts:O.E.M.,56,19.260000228881836,-28.903654040614914,33,62,D-
ADP,Automatic Data Processing Inc. Common Stock,Diversified Commercial Services,77,246.44000244140625,-18.541032024258907,52,78,B
ADPT,Adaptive Biotechnologies Corporation Common Stock,Biotechnology: Biological Products (No Diagnostic Substances),67,21.43000030517578,-4.202058555174515,90,4,A-
ADSE,ADS-TEC ENERGY PLC Ordinary Shares,Industrial Specialties,90,12.0600004196167,-7.087820917296595,51,,B+
ADSK,Autodesk Inc. Common Stock,Computer Software: Prepackaged Software,118,205.9199981689453,-36.98705811544458,24,94,D-
ADT,ADT Inc. Common Stock,Diversified Commercial Services,77,6.730000019073486,-22.14847918007048,32,88,D-
ADTN,ADTRAN Holdings Inc. Common Stock,Telecommunications Equipment,73,12.600000381469727,-35.051543148307076,69,73,E+
ADUR,Aduro Clean Technologies Inc. Common Stock,Major Chemicals,59,16.030000686645508,-7.8205793601837765,81,20,B
ADUS,Addus HomeCare Corporation Common Stock,Medical/Nursing Services,27,108.5,-11.608961303462317,51,72,B-
ADV,Advantage Solutions Inc. Class A Common Stock,Business Services,90,40.20000076293945,-17.9591821164501,82,20,C
ADVB,Advanced Biomed Inc. Common Stock,Medical Specialities,24,5.090000152587891,-68.18749904632568,14,35,A
ADXN,Addex Therapeutics Ltd American Depositary Shares,Biotechnology: Pharmaceutical Preparations,77,5.800000190734863,-47.031960805813874,22,,E+
AEBI,Aebi Schmidt Holding AG Common Stock,Auto Manufacturing,140,12.0600004196167,-22.582663238120215,43,,C-
AEC,Anfield Energy Inc. Common Shares,Metal Mining,85,4.53000020980835,-58.36396909779693,20,,E+
AEE,Ameren Corporation Common Stock,Power Generation,48,112.94999694824219,-4.538541886775327,60,72,D+
AEG,Aegon Ltd. New York Registry Shares,Life Insurance,24,8.850000381469727,0.0,71,4,C
AEHL,Antelope Enterprise Holdings Limited Class A Ordinary Shares,Building Materials,40,0.8166000247001648,-96.85681278256915,6,,A+
AEHR,Aehr Test Systems Common Stock,Electrical Products,3,72.01000213623047,-38.231256643325615,98,37,D
AEI,Alset Inc. Common Stock (TX),Real Estate,90,1.2100000381469727,-71.662762446092,15,,B
AEIS,Advanced Energy Industries Inc. Common Stock,Industrial Machinery/Components,77,305.20001220703125,-21.528254019866843,84,87,E-
AEM,Agnico Eagle Mines Limited Common Stock,Precious Metals,111,144.41000366210938,-42.59657431362993,28,98,E
AEMD,Aethlon Medical Inc. Common Stock,Medical/Dental Instruments,126,0.6850000023841858,-96.8721460533516,3,,A+
AENT,Alliance Entertainment Holding Corporation Class A Common Stock,Durable Goods,128,5.920000076293945,-29.77461610933474,35,57,C+
AEO,American Eagle Outfitters Inc. Common Stock,Clothing/Shoe/Accessory Stores,88,16.149999618530273,-41.622835680979044,51,86,E+
AEON,AEON Biopharma Inc. Class A Common Stock,Biotechnology: Pharmaceutical Preparations,77,0.3569999933242798,-74.50000004257475,6,9,A+
AEP,American Electric Power Company Inc. Common Stock,Electric Utilities: Central,52,134.94000244140625,-2.7038718970275433,65,60,D+
AER,AerCap Holdings N.V. Ordinary Shares,Diversified Commercial Services,77,146.75,-4.698868831391334,60,90,C-
AERO,Grupo Aeromexico S.A.B. de C.V. American Depositary Shares (each representing ten (10) Common Shares),Air Freight/Delivery Services,22,15.649999618530273,-31.68921989190636,31,52,E+
AERT,Aeries Technology Inc. Class A Ordinary Share,Professional Services,104,6.385000228881836,-27.443180789878564,73,,A
AES,The AES Corporation Common Stock,Electric Utilities: Central,52,14.800000190734863,-13.295807707173402,58,98,D+
AESI,Atlas Energy Solutions Inc. Common Stock,Mining & Quarrying of Nonmetallic Minerals (No Fuels),73,14.699999809265137,-25.569621218910697,77,4,D+
AEVA,Aeva Technologies Inc. Common Stock,Auto Parts:O.E.M.,56,19.81999969482422,-38.50449898750146,69,4,C+
AEYE,AudioEye Inc. Common Stock,Computer Software: Prepackaged Software,118,7.059999942779541,-54.0663630751697,26,75,E+
AFBI,Affinity Bancshares Inc. Common Stock (MD),Banks,19,22.649999618530273,-0.13227815803275034,60,70,D
AFCG,Advanced Flower Capital Inc. Common Stock,Real Estate,90,2.869999885559082,-38.69174235689853,41,42,C+
AFG,American Financial Group Inc. Common Stock,Property-Casualty Insurers,41,141.14999389648438,-1.53471371702808,58,78,C
AFJK,Aimei Health Technology Co. Ltd Ordinary Share,,,11.6899995803833,-86.79096092612056,12,,E-
AFJKU,Aimei Health Technology Co. Ltd Unit,,,28.010000228881836,-62.83667346668358,76,,E
AFL,AFLAC Incorporated Common Stock,Accident &Health Insurance,14,122.05000305175781,-1.0137874850459583,64,65,C-
AFRI,Forafric Global PLC Ordinary Shares,Packaged Foods,124,10.720000267028809,-4.9645343900631245,67,,B+
AFRM,Affirm Holdings Inc. Class A Common Stock,Finance: Consumer Services,116,84.44999694824219,-8.385770591605823,82,76,B+
AFYA,Afya Limited Class A Common Shares,Other Consumer Services,121,14.050000190734863,-11.412355013389618,38,67,D
AG,First Majestic Silver Corp. Ordinary Shares (Canada),Precious Metals,111,16.93000030517578,-47.06240403185203,62,90,D-
AGBK,AGI Inc Class A Common Shares,Commercial Banks,10,7.070000171661377,-41.08333190282186,23,,D-
AGCC,Agencia Comercial Spirits Ltd Class A Ordinary Shares,Beverages (Production/Distribution),101,15.0,-37.395657040234234,92,,D
AGCO,AGCO Corporation Common Stock,Industrial Machinery/Components,77,114.13999938964844,-18.54753679189225,45,68,D-
AGEN,Agenus Inc. Common Stock,Biotechnology: Biological Products (No Diagnostic Substances),67,5.079999923706055,-25.622255044630005,64,33,A+
AGI,Alamos Gold Inc. Class A Common Shares,Precious Metals,111,29.3700008392334,-46.81104006894032,24,97,E-
AGIG,Abundia Global Impact Group Inc. Common stock,Oil & Gas Production,30,1.059999942779541,-91.01694978266327,11,,D
AGIO,Agios Pharmaceuticals Inc. Common Stock,Biotechnology: Pharmaceutical Preparations,77,39.91999816894531,-12.244456592662889,67,4,A-
AGL,agilon health inc. Common Stock,Misc Health and Biotechnology Services,8,122.61000061035156,0.0,99,30,A-
AGM,Federal Agricultural Mortgage Corporation Common Stock,Finance Companies,48,198.8800048828125,-2.0826132218146776,73,75,B-
AGMB,AgomAb Therapeutics NV American Depositary Shares,Biotechnology: Biological Products (No Diagnostic Substances),67,12.039999961853027,-32.435464825793346,40,,B-
AGMH,AGM Group Holdings Inc. Class A Ordinary Shares,EDP Services,126,1.100000023841858,-89.36170205407056,19,,A
AGNC,AGNC Investment Corp. Common Stock,Real Estate Investment Trusts,41,11.180000305175781,-1.8295356006818198,68,31,C+
AGNT,AGNT Inc. Common Stock,Real Estate,90,4.28000020980835,-63.0824052122029,11,33,D-
AGO,Assured Guaranty Ltd. Common Stock,Property-Casualty Insurers,41,82.68000030517578,-9.459139268747553,44,75,D
AGPU,Axe Compute Inc. Common Stock,Industrial Specialties,90,7.010000228881836,-61.0555542839898,76,,A
AGRO,Adecoagro S.A. Common Shares,Farming/Seeds/Milling,88,10.4399995803833,-31.225300589594372,52,53,E
AGRZ,Agroz Inc. Ordinary Shares,Farming/Seeds/Milling,88,0.3959999978542328,-93.64365976497821,12,,E-
AGX,Argan Inc. Common Stock,Engineering & Construction,45,620.739990234375,-22.266608262060682,95,94,E+
AGYS,Agilysys Inc. Common Stock (DE),EDP Services,126,104.26000213623047,-26.119610442409748,71,78,A
AHCO,AdaptHealth Corp. Common Stock,Medical/Nursing Services,27,10.1899995803833,-23.841558346585344,42,31,D-
AHG,Akso Health Group ADS,Business Services,90,1.5199999809265137,-39.20000076293946,27,30,D
AHMA,Ambitions Enterprise Management Co. L.L.C Class A Ordinary Shares,Services-Misc. Amusement & Recreation,87,1.7699999809265137,-95.23039624948757,61,,A+
AHR,American Healthcare REIT Inc. Common Stock,Real Estate Investment Trusts,41,54.72999954223633,-0.5632292298955233,78,71,B-
AHRT,AH Realty Trust Inc. Common Stock,Real Estate,90,7.079999923706055,-1.3927563652283204,68,4,C+
AHT,Ashford Hospitality Trust Inc Common Stock,Real Estate Investment Trusts,41,3.190000057220459,-54.49358126869426,25,4,B+
AI,C3.ai Inc. Class A Common Stock,Computer Software: Prepackaged Software,118,9.149999618530273,-68.62140032095262,20,4,D-
AIB,AIB Data Centers Inc. Common Stock,Investment Bankers/Brokers/Service,77,1.7599999904632568,-51.24653624355469,24,,B+
AIDX,20/20 Biolabs Inc. Common Stock,Precision Instruments,36,0.5490000247955322,-97.6981131404003,2,,A+
AIFA,All In FutureTech Alliance Inc. Common Stock,Services-Misc. Amusement & Recreation,87,2.049999952316284,-82.38831708031469,25,4,A
AIFC,AI Financial Corporation Common Stock,Finance: Consumer Services,116,0.5383999943733215,-93.99777058700512,5,93,E
AIFF,Firefly Neuroscience Inc. Common Stock,Computer Software: Prepackaged Software,118,1.1200000047683716,-63.27868779414892,15,,C+
AIFU,AIFU Inc. Class A Ordinary Share,Specialty Insurers,109,36.0,-80.43478260869566,24,39,B
AIG,American International Group Inc. New Common Stock,Life Insurance,24,79.0,-7.617424868978739,47,93,C+
AIHS,Senmiao Technology Limited Common Stock,Finance: Consumer Services,116,1.3801000118255615,-64.3384999318628,37,,A
AII,American Integrity Insurance Group Inc. Common Stock,Property-Casualty Insurers,41,18.68000030517578,-24.701750134393883,45,51,B
AIIO,Robo.ai Inc. Class B Ordinary Shares,Auto Manufacturing,140,3.990000009536743,-92.38549638673923,98,,A+
AIIR,Air Global PLC Ordinary Shares,Tobacco,,7.309999942779541,-51.26666704813639,19,,E
AIM,AIM ImmunoTech Inc. Common Stock,Biotechnology: Biological Products (No Diagnostic Substances),67,0.26600000262260437,-97.03517846835939,4,4,A+
AIMD,Ainos Inc. Common Stock,Computer peripheral equipment,43,1.899999976158142,-55.294118208043706,33,,A+
AIN,Albany International Corporation Common Stock,Textiles,32,73.7300033569336,-3.3556134852171904,78,56,B-
AIOS,AIOS Tech Inc. Class A Common Shares,Metal Fabrications,37,13.380000114440918,-85.45652161473814,16,,A
AIOT,PowerFleet Inc. Common Stock,Telecommunications Equipment,73,4.300000190734863,-23.893803218507294,59,77,B+
AIP,Arteris Inc. Common Stock,Semiconductors,2,33.40999984741211,-31.24099661968678,97,4,B-
AIR,AAR Corp. Common Stock,Aerospace,101,134.4600067138672,-6.371418325740774,85,95,B
AIRE,reAlpha Tech Corp. Common Stock,Real Estate,90,1.600000023841858,-95.58620683078108,2,11,E-
AIRG,Airgain Inc. Common Stock,Radio And Television Broadcasting And Communications Equipment,27,6.184999942779541,-16.305817936084853,80,9,D
AIRI,Air Industries Group Common Stock,Military/Government/Technical,103,2.690000057220459,-24.01129699977829,26,4,E-
AIRJ,AirJoule Technologies Corporation Class A Common Stock,Industrial Machinery/Components,77,4.010000228881836,-39.150225553377105,53,11,C+
AIRO,AIRO Group Holdings Inc. Common Stock,Aerospace,101,6.869999885559082,-75.7072145730065,12,20,B
AIRS,AirSculpt Technologies Inc. Common Stock,Medical/Nursing Services,27,4.199999809265137,-63.94849831080942,78,4,B+
AIRT,Air T Inc. Common Stock,Air Freight/Delivery Services,22,27.1299991607666,-15.1922495940102,76,,A
AISP,Airship AI Holdings Inc. Class A Common Stock,Computer Software: Prepackaged Software,118,2.1600000858306885,-69.05444011564053,18,4,E-
AIT,Applied Industrial Technologies Inc. Common Stock,Industrial Specialties,90,327.489990234375,-4.671950256544322,73,82,C-
AIV,Apartment Investment and Management Company Common Stock,Real Estate Investment Trusts,41,2.7799999713897705,-15.11318470148656,38,97,D
AIXC,AIxCrypto Holdings Inc. Common Stock,Biotechnology: Pharmaceutical Preparations,77,0.9901999831199646,-83.52412736423153,8,4,E
AIXI,XIAO-I Corporation American Depositary Shares,Computer Software: Prepackaged Software,118,1.7400000095367432,-96.15724369159587,1,,E-
AIZ,Assurant Inc. Common Stock,Property-Casualty Insurers,41,276.9800109863281,-1.1174090639096579,80,91,C+
AJG,Arthur J. Gallagher & Co. Common Stock,Specialty Insurers,109,253.8300018310547,-18.615190380243853,43,79,B
AKA,a.k.a. Brands Holding Corp. Common Stock,Catalog/Specialty Distribution,59,11.029999732971191,-25.97315425932082,52,4,D-
AKAM,Akamai Technologies Inc. Common Stock,Business Services,90,126.11000061035156,-21.738859942894596,88,74,C+
AKAN,Akanda Corp. Common Shares,Medicinal Chemicals and Botanical Products,134,9.479999542236328,-91.17584961819094,86,,A
AKBA,Akebia Therapeutics Inc. Common Stock,Biotechnology: Pharmaceutical Preparations,77,1.399999976158142,-65.08728438281103,20,20,A
AKO-A,Embotelladora Andina S.A.,,,22.600000381469727,-13.559773594755564,57,61,D
AKO-B,Embotelladora Andina S.A.,,,30.399999618530273,-6.222331555806182,69,65,B+
AKR,Acadia Realty Trust Common Stock,Real Estate Investment Trusts,41,21.360000610351562,-4.300351563234384,58,99,E+
AKTS,Aktis Oncology Inc. Common stock,Biotechnology: Pharmaceutical Preparations,77,25.174999237060547,-21.889545160962353,77,9,B+
AKTX,Akari Therapeutics plc ADS,Biotechnology: Pharmaceutical Preparations,77,13.420000076293945,-70.44052945979688,92,,A+
ALAB,Astera Labs Inc. Common Stock,Semiconductors,2,361.7799987792969,-25.100408470040215,97,96,A-
ALAR,Alarum Technologies Ltd. American Depositary Share,Computer Software: Prepackaged Software,118,2.2100000381469727,-87.01527627081302,3,45,E-
ALB,Albemarle Corporation Common Stock,Major Chemicals,59,128.75,-40.13604361069244,57,39,E
ALBT,Avalon GloboCare Corp. Common Stock,Biotechnology: Biological Products (No Diagnostic Substances),67,0.25619998574256897,-91.37373793688297,5,,E-
ALC,Alcon Inc. Ordinary Shares,Ophthalmic Goods,120,66.86000061035156,-27.144500729887323,28,88,E+
ALCO,Alico Inc. Common Stock,,,40.95000076293945,-7.78349508966818,60,32,B
ALDF,Aldel Financial II Inc. Class A Ordinary Shares,,,10.699999809265137,-0.27958745807121765,48,,D
ALDX,Aldeyra Therapeutics Inc. Common Stock,Biotechnology: Pharmaceutical Preparations,77,1.9299999475479126,-67.23259777084695,17,4,B+
ALEC,Alector Inc. Common Stock,Biotechnology: Biological Products (No Diagnostic Substances),67,1.3899999856948853,-58.13252970950491,15,20,E
ALG,Alamo Group Inc. Common Stock,Industrial Machinery/Components,77,163.16000366210938,-29.423972152020717,31,45,D+
ALGM,Allegro MicroSystems Inc. Common Stock,Semiconductors,2,52.31999969482422,-24.84918467287356,90,82,B-
ALGN,Align Technology Inc. Common Stock,Industrial Specialties,90,178.4600067138672,-13.866497122931387,53,68,C+
ALGS,Aligos Therapeutics Inc. Common Stock,Biotechnology: Biological Products (No Diagnostic Substances),67,6.105000019073486,-54.08048150402652,17,20,A
ALGT,Allegiant Travel Company Common Stock,Air Freight/Delivery Services,22,104.29000091552734,-12.479021726742701,86,88,B+
ALH,Alliance Laundry Holdings Inc. Common Stock,Industrial Machinery/Components,77,25.84000015258789,-4.047531155721518,56,,C-
ALHC,Alignment Healthcare Inc. Common Stock,Medical Specialities,24,21.200000762939453,-13.680776775513682,68,94,D+
ALIT,Alight Inc. Class A Common Stock,Business Services,90,21.940000534057617,-80.41738094125854,40,20,B+
ALK,Alaska Air Group Inc. Common Stock,Air Freight/Delivery Services,22,46.869998931884766,-26.605075972568592,49,38,C+
ALKS,Alkermes plc Ordinary Shares,Biotechnology: Pharmaceutical Preparations,77,51.599998474121094,-6.555600627594371,92,67,A-
ALKT,Alkami Technology Inc. Common Stock,Computer Software: Prepackaged Software,118,17.059999465942383,-41.13181595783456,28,73,B
ALL,Allstate Corporation (The) Common Stock,Property-Casualty Insurers,41,250.35000610351562,-2.3786335789257484,73,97,B-
ALLE,Allegion plc Ordinary Shares,Diversified Commercial Services,77,136.50999450683594,-23.46243560606547,32,69,D+
ALLO,Allogene Therapeutics Inc. Common Stock,Biotechnology: Biological Products (No Diagnostic Substances),67,1.850000023841858,-39.54248175045989,44,20,D
ALLR,Allarity Therapeutics Inc. Common Stock,Biotechnology: Pharmaceutical Preparations,77,1.159999966621399,-41.11675381853974,39,,D-
ALLT,Allot Ltd. Ordinary Shares,Computer Communications Equipment,17,8.729999542236328,-24.086960502292797,47,91,B+
ALLY,Ally Financial Inc. Common Stock,Major Banks,20,45.349998474121094,-4.021167250537372,60,69,C-
ALM,Almonty Industries Inc. Common Shares,Other Metals and Minerals,132,15.789999961853027,-32.578992696776766,92,,E+
ALMS,Alumis Inc. Common Stock,Biotechnology: Pharmaceutical Preparations,77,27.280000686645508,-9.966992166525268,99,4,A-
ALMU,Aeluma Inc. Common Stock,Semiconductors,2,17.040000915527344,-45.887580059127195,49,20,C-
ALNT,Allient Inc. Common Stock,Electrical Products,3,88.77999877929688,-13.747208281284129,92,85,D+
ALNY,Alnylam Pharmaceuticals Inc. Common Stock,Biotechnology: Pharmaceutical Preparations,77,281.260009765625,-42.74255749629868,23,99,E
ALOT,AstroNova Inc. Common Stock,Computer peripheral equipment,43,28.549999237060547,-0.07000510317574093,98,80,A+
ALOV,Aldabra 4 Liquidity Opportunity Vehicle Inc. Class A Ordinary Shares,,,9.960000038146973,-0.3999996185302779,47,,D
ALOY,REalloys Inc. Common Stock,EDP Services,126,10.770000457763672,-58.38485005018582,53,,B-
ALP,Alpha Compute Corp Common Stock,Oil & Gas Production,30,0.33309999108314514,-96.94683780254903,9,4,A
ALPS,ALPS Group Inc Ordinary Share,,,0.477400004863739,-81.35156189318512,6,,E+
ALRM,Alarm.com Holdings Inc. Common Stock,Computer Software: Prepackaged Software,118,52.22999954223633,-11.713996489266265,56,55,B
ALRS,Alerus Financial Corporation Common Stock,Major Banks,20,31.239999771118164,-1.0139407485400764,83,87,B
ALSN,Allison Transmission Holdings Inc. Common Stock,Auto Parts:O.E.M.,56,115.05999755859375,-15.186818916898615,62,71,D-
ALT,Altimmune Inc. Common Stock,Biotechnology: Pharmaceutical Preparations,77,2.930000066757202,-52.588994366608624,25,4,D-
ALTG,Alta Equipment Group Inc. Class A Common Stock,Industrial Machinery/Components,77,6.619999885559082,-23.20185645652456,49,4,E+
ALTI,AlTi Global Inc. Class A Common Stock,Investment Managers,67,3.4600000381469727,-33.333333333333336,33,94,B+
ALTO,Alto Ingredients Inc. Common Stock,Major Chemicals,59,5.619999885559082,-6.176959928163961,98,38,B+
ALV,Autoliv Inc. Common Stock,Auto Parts:O.E.M.,56,121.4800033569336,-7.753055581432966,54,66,C-
ALVO,Alvotech Ordinary Shares,Biotechnology: Biological Products (No Diagnostic Substances),67,3.299999952316284,-66.36085819407923,16,33,E-
ALX,Alexander's Inc. Common Stock,Real Estate Investment Trusts,41,276.260009765625,-1.8788770224467566,73,,C
ALXO,ALX Oncology Holdings Inc. Common Stock,Biotechnology: Pharmaceutical Preparations,77,2.0,-23.076920255401323,94,20,A
ALZN,Alzamend Neuro Inc. Common Stock,Biotechnology: Pharmaceutical Preparations,77,1.2100000381469727,-65.72237824493261,26,11,E
AM,Antero Midstream Corporation Common Stock,Natural Gas Distribution,20,22.760000228881836,-2.5563613709566613,74,74,C
AMAL,Amalgamated Financial Corp. Common Stock (DE),Major Banks,20,46.400001525878906,-1.360542893691108,84,53,B-
AMAT,Applied Materials Inc. Common Stock,Semiconductors,2,595.7000122070312,-17.6071905661091,97,81,C
AMBA,Ambarella Inc. Ordinary Shares,Semiconductors,2,72.9000015258789,-23.672913940575402,65,58,B
AMBO,Ambow Education Holding Ltd. American Depository Shares (each representing twenty (20) Class A Ordinary Shares),Other Consumer Services,121,2.200000047683716,-61.73912960550059,21,82,E-
AMBP,Ardagh Metal Packaging S.A. Ordinary Shares,Containers/Packaging,59,4.420000076293945,-8.48860981135413,61,50,C+
AMBQ,Ambiq Micro Inc. Common Stock,Semiconductors,2,85.4800033569336,-5.526082907264662,98,,A-
AMBR,Amber International Holding Limited American Depositary Shares,Finance: Consumer Services,116,1.409999966621399,-84.69055417175561,9,,E+
AMC,AMC Entertainment Holdings Inc. Class A Common Stock,Movies/Entertainment,67,1.9600000381469727,-44.63276668734757,50,20,A-
AMCI,AMC Robotics Corporation Common Stock,Home Furnishings,51,5.460000038146973,-75.4054060788058,17,,A
AMCR,Amcor plc Ordinary Shares,Miscellaneous manufacturing industries,115,42.779998779296875,-12.883751265822585,51,41,C
AMCX,AMC Global Media Inc. Class A Common Stock,Cable & Other Pay Television Services,104,9.819999694824219,-6.8311221027957725,82,37,C-
AMD,Advanced Micro Devices Inc. Common Stock,Semiconductors,2,548.1300048828125,-5.642865465758328,98,91,B+
AME,AMETEK Inc.,Industrial Machinery/Components,77,233.9600067138672,-3.2983366318150242,65,61,C-
AMG,Affiliated Managers Group Inc. Common Stock,Investment Managers,67,366.0,-0.11189750771309903,85,75,C+
AMGN,Amgen Inc. Common Stock,Biotechnology: Biological Products (No Diagnostic Substances),67,355.25,-7.787341120785351,63,68,D+
AMH,American Homes 4 Rent Common Shares of Beneficial Interest,Real Estate Investment Trusts,41,33.86000061035156,-4.0704839416174305,59,78,C
AMIX,Autonomix Medical Inc. Common Stock,Medical/Dental Instruments,126,5.190000057220459,-86.49492579753775,7,,E-
AMKR,Amkor Technology Inc. Common Stock,Semiconductors,2,70.19999694824219,-24.95992019433384,95,85,C+
AMLX,Amylyx Pharmaceuticals Inc. Common Stock,Biotechnology: Pharmaceutical Preparations,77,18.200000762939453,-2.673796682355889,87,4,B+
AMN,AMN Healthcare Services Inc,Professional Services,104,32.5,-9.141740050086966,94,53,B
AMOD,Alpha Modus Holdings Inc. Class A Common Stock,Multi-Sector Companies,95,4.119999885559082,-94.43243258708233,2,,D
AMP,Ameriprise Financial Inc. Common Stock,Investment Managers,67,518.5999755859375,-4.302066403790638,56,82,C+
AMPG,Amplitech Group Inc. Common Stock,Telecommunications Equipment,73,7.03000020980835,-27.5257696078147,98,,A
AMPH,Amphastar Pharmaceuticals Inc. Common Stock,Biotechnology: Pharmaceutical Preparations,77,18.80500030517578,-38.964619827523926,26,41,E+
AMPL,Amplitude Inc. Class A Common Stock,Computer Software: Prepackaged Software,118,9.6899995803833,-25.69018704961469,69,90,A
AMPX,Amprius Technologies Inc. Common Stock,Industrial Machinery/Components,77,11.119999885559082,-51.462243738010386,45,,E
AMPY,Amplify Energy Corp. Common Stock,Oil & Gas Production,30,4.130000114440918,-37.707389997697085,30,31,E
AMR,Alpha Metallurgical Resources Inc. Common Stock,Coal Mining,108,153.94000244140625,-38.33767025636844,32,4,E
AMRC,Ameresco Inc. Class A Common Stock,Engineering & Construction,45,25.0,-42.169788885668055,42,30,E+
AMRN,Amarin Corporation plc,Biotechnology: Pharmaceutical Preparations,77,14.369999885559082,-29.037037602177374,34,88,D-
AMRX,Amneal Pharmaceuticals Inc. Class A Common Stock,Biotechnology: Pharmaceutical Preparations,77,16.690000534057617,-3.6374086135513406,89,86,B
AMRZ,Amrize Ltd Ordinary Shares,Building Materials,40,49.77000045776367,-23.680053882371332,36,,E+
AMS,American Shared Hospital Services Common Stock,Medical Specialities,24,1.3899999856948853,-54.27631568628004,23,20,A-
AMSC,American Superconductor Corporation Common Stock,Metal Fabrications,37,35.459999084472656,-46.82063748922898,35,97,E
AMSF,AMERISAFE Inc. Common Stock,Property-Casualty Insurers,41,34.060001373291016,-22.664812761560725,38,43,B+
AMST,Amesite Inc. Common Stock,Computer Software: Prepackaged Software,118,1.0399999618530273,-73.12661517810916,8,11,A+
AMT,American Tower Corporation (REIT) Common Stock,Real Estate Investment Trusts,41,168.8300018310547,-24.531159048306716,37,85,D
AMTB,Amerant Bancorp Inc. Class A Common Stock,Major Banks,20,25.6299991607666,-2.0259965204011188,74,69,C+
AMTD,AMTD IDEA Group American Depositary Shares each representing six (6) Class A Ordinary Shares,Finance: Consumer Services,116,0.949999988079071,-28.571431772537213,36,,D
AMTM,Amentum Holdings Inc. Common Stock,Business Services,90,20.489999771118164,-45.403675892413546,22,99,E+
AMTX,Aemetis Inc. (DE) Common Stock,Major Chemicals,59,1.659999966621399,-54.64481071877793,19,20,C
AMWL,American Well Corporation Class A Common Stock,Business Services,90,10.880000114440918,-1.180745792356086,94,20,A
AMZE,Amaze Holdings Inc. Common Stock,Beverages (Production/Distribution),101,0.09200000017881393,-99.19298242756717,4,,E-
AMZN,Amazon.com Inc. Common Stock,Catalog/Specialty Distribution,59,247.49000549316406,-10.000358455874192,53,94,C
AN,AutoNation Inc. Common Stock,Retail-Auto Dealers and Gas Stations,104,196.27999877929688,-13.601547184035322,38,60,C-
ANAB,AnaptysBio Inc. Common Stock,Biotechnology: Pharmaceutical Preparations,77,62.5099983215332,-10.456953863855134,97,52,B-
ANDE,Andersons Inc. (The) Common Stock,Farming/Seeds/Milling,88,74.91999816894531,-5.38943859412484,87,89,C+
ANDG,Andersen Group Inc. Class A Common Stock,Business Services,90,42.90999984741211,-1.2655297944013322,93,,B+
ANET,Arista Networks Inc. Common Stock,Computer Communications Equipment,17,182.57000732421875,-2.34809543859672,83,80,C+
ANF,Abercrombie & Fitch Company Common Stock,Clothing/Shoe/Accessory Stores,88,92.87000274658203,-28.47901549381011,45,65,B-
ANGH,Anghami Inc. Ordinary Shares,Telecommunications Equipment,73,3.299999952316284,-47.94952881871344,30,,A-
ANGI,Angi Inc. Class A Common Stock,Advertising,94,6.099999904632568,-67.72486757802949,12,40,B-
ANGO,AngioDynamics Inc. Common Stock,Medical/Dental Instruments,126,13.0,-4.831624119945699,79,20,B
ANGX,Angel Studios Inc. Class A Common Stock,Movies/Entertainment,67,4.090000152587891,-74.43749904632568,63,,A-
ANIK,Anika Therapeutics Inc. Common Stock,Medical/Dental Instruments,126,15.520000457763672,-5.018357938597385,83,20,C+
ANIP,ANI Pharmaceuticals Inc.,Biotechnology: Pharmaceutical Preparations,77,80.55000305175781,-18.47990583747142,53,95,D+
ANIX,Anixa Biosciences Inc. Common Stock,Biotechnology: Pharmaceutical Preparations,77,3.190000057220459,-38.88888533646207,42,11,A
ANL,Adlai Nortye Ltd. American Depositary Shares,Biotechnology: Pharmaceutical Preparations,77,9.199999809265137,-44.578315675613325,99,,E
ANNA,AleAnna Inc. Class A Common Stock,Oil & Gas Production,30,3.359999895095825,-67.1875002910383,30,99,B
ANNX,Annexon Inc. Common Stock,Biotechnology: Pharmaceutical Preparations,77,5.550000190734863,-20.258618386265226,84,20,A-
ANPA,Rich Sparkle Holdings Limited Ordinary Shares,Other Consumer Services,121,4.400000095367432,-97.2132496596514,9,,A
ANRO,Alto Neuroscience Inc. Common Stock,Biotechnology: Pharmaceutical Preparations,77,27.799999237060547,-0.96188265300714,99,4,A
ANTA,Antalpha Platform Holding Company Class A Ordinary Shares,Investment Bankers/Brokers/Service,77,4.360000133514404,-67.82287769637333,8,93,E-
ANTX,AN2 Therapeutics Inc. Common Stock,Biotechnology: Pharmaceutical Preparations,77,4.760000228881836,-12.820509237628219,99,20,B+
ANVS,Annovis Bio Inc. Common Stock,Biotechnology: Pharmaceutical Preparations,77,1.7100000381469727,-66.47058686033111,24,20,D+
ANY,Sphere 3D Corp. Common Shares,Finance: Consumer Services,116,1.8899999856948853,-82.00000013623918,20,,A+
AOMR,Angel Oak Mortgage REIT Inc. Common Stock,Real Estate,90,8.949999809265137,-1.4317193340664391,56,40,B
AON,Aon plc Class A Ordinary Shares (Ireland),Specialty Insurers,109,358.8900146484375,-4.112555171465726,53,73,B
AORT,Artivion Inc. Common Stock,Medical/Dental Instruments,126,23.1299991607666,-51.43817207207575,13,99,D
AOS,A.O. Smith Corporation Common Stock,Consumer Electronics/Appliances,122,60.869998931884766,-23.926844275366555,34,56,D
AOSL,Alpha and Omega Semiconductor Limited Common Shares,Semiconductors,2,34.810001373291016,-34.71492578296089,82,4,B
AOUT,American Outdoor Brands Inc. Common Stock,Recreational Games/Products/Toys,97,14.09000015258789,-1.7433751557867527,91,20,A+
AP,Ampco-Pittsburgh Corporation Common Stock,Fluid Controls,52,7.980000019073486,-34.59016275546845,95,20,E-
APA,APA Corporation Common Stock,Oil & Gas Production,30,34.529998779296875,-21.691542520975283,80,56,D-
APAC,StoneBridge Acquisition II Corporation Class A Ordinary Shares,,,10.15999984741211,-0.0983306667336814,48,,D+
APAM,Artisan Partners Asset Management Inc. Class A Common Stock,Investment Managers,67,38.36000061035156,-12.87150296822871,42,50,C+
APC,ARKO Petroleum Corp. Class A Common Stock,Oil Refining/Marketing,128,19.8799991607666,-7.74942058198298,62,,B+
APD,Air Products and Chemicals Inc. Common Stock,Major Chemicals,59,299.3999938964844,-4.707345373817262,57,82,B
APEI,American Public Education Inc. Common Stock,Other Consumer Services,121,58.040000915527344,-4.633584729778284,84,96,C+
APG,APi Group Corporation Common Stock,Engineering & Construction,45,41.5099983215332,-15.9716659122215,52,48,D-
APGE,Apogee Therapeutics Inc. Common Stock,Biotechnology: Biological Products (No Diagnostic Substances),67,133.9600067138672,0.0,97,4,A+
APH,Amphenol Corporation Common Stock,Electrical Products,3,158.3699951171875,-10.180360402336309,76,98,B-
API,Agora Inc. American Depositary Shares,Computer Software: Prepackaged Software,118,3.9800000190734863,-24.334603690320566,47,4,A-
APLD,Applied Digital Corporation Common Stock,Medical/Dental Instruments,126,28.469999313354492,-42.65861341713118,84,20,E+
APLE,Apple Hospitality REIT Inc. Common Shares,Real Estate Investment Trusts,41,16.68000030517578,-1.6468216122449753,86,70,C+
APLM,Apollomics Inc. Class A Ordinary Shares,Biotechnology: Pharmaceutical Preparations,77,15.699999809265137,-57.16234882506288,81,,A-
APM,Aptorum Group Limited Class A Ordinary Shares,Biotechnology: Pharmaceutical Preparations,77,0.8148000240325928,-80.82823472864487,23,,B-
APO,Apollo Global Management Inc. (New) Common Stock,Investment Managers,67,119.93000030517578,-21.917589456330234,41,84,E+
APOG,Apogee Enterprises Inc. Common Stock,Auto Parts:O.E.M.,56,38.529998779296875,-21.238756701843187,49,84,B+
APP,Applovin Corporation Class A Common Stock,Computer Software: Programming Data Processing,112,448.9800109863281,-38.797706389272854,44,96,D-
APPF,AppFolio Inc. Class A Common Stock,Computer Software: Prepackaged Software,118,174.4600067138672,-45.69338312408804,36,91,B-
APPN,Appian Corporation Class A Common Stock,Computer Software: Prepackaged Software,118,25.18000030517578,-44.82909587661644,41,40,C
APPS,Digital Turbine Inc. Common Stock,Multi-Sector Companies,95,9.819999694824219,-26.22089117028732,98,74,A
APRE,Aprea Therapeutics Inc. Common stock,Biotechnology: Pharmaceutical Preparations,77,0.7283999919891357,-64.98076833140918,17,20,B
APT,Alpha Pro Tech Ltd. Common Stock,Industrial Specialties,90,5.119999885559082,-22.891566438103194,60,79,B-
APTV,Aptiv PLC Ordinary Shares,Auto Parts:O.E.M.,56,58.060001373291016,-34.52125569838431,27,82,D
APUS,Apimeds Pharmaceuticals US Inc. Common Stock,Biotechnology: Pharmaceutical Preparations,77,0.7324000000953674,-98.1196406014137,2,,C+
APVO,Aptevo Therapeutics Inc. Common Stock,Biotechnology: Pharmaceutical Preparations,77,4.619999885559082,-92.07818945518771,10,,E
APWC,Asia Pacific Wire & Cable Corporation Ltd. Ordinary Shares (Bermuda),Telecommunications Equipment,73,1.4600000381469727,-34.821427145934834,36,89,A+
APXT,Apex Treasury Corporation Class A Ordinary Share,Computer Software: Prepackaged Software,118,10.069999694824219,-0.09920862061038038,47,,D
APYX,Apyx Medical Corporation Common Stock,Medical/Dental Instruments,126,4.21999979019165,-13.168730982316902,84,20,B+
AQB,AquaBounty Technologies Inc. Common Stock,Meat/Poultry/Fish,81,0.9599999785423279,-66.31578909943528,42,,C+
AQMS,Aqua Metals Inc. Common Stock,Metal Fabrications,37,2.75,-90.71573287615351,12,4,E-
AQN,Algonquin Power & Utilities Corp. Common Shares,Electric Utilities: Central,52,5.809999942779541,-14.948471886642755,41,45,D
AQST,Aquestive Therapeutics Inc. Common Stock,Biotechnology: Pharmaceutical Preparations,77,4.039999961853027,-46.06141408132639,36,20,E
AR,Antero Resources Corporation Common Stock,Oil & Gas Production,30,33.91999816894531,-24.87265332759031,42,74,D-
ARAI,Arrive AI Inc. Common Stock,Diversified Commercial Services,77,0.38109999895095825,-96.80285237825731,3,,B-
ARAY,Accuray Incorporated Common Stock,Medical/Dental Instruments,126,0.2639999985694885,-85.72972999096264,6,20,C-
ARBB,ARB IOT Group Limited Ordinary Shares,EDP Services,126,4.489999771118164,-62.58333524068196,36,,E-
ARBE,Arbe Robotics Ltd. Ordinary Shares,EDP Services,126,0.8740000128746033,-67.50929389281517,27,20,A
ARBK,Argo Blockchain plc American Depositary Shares,Finance: Consumer Services,116,3.0999999046325684,-98.24119464721711,12,,B+
ARCB,ArcBest Corporation Common Stock,Trucking Freight/Courier Services,7,151.5800018310547,-12.492783302822218,93,29,D
ARCC,Ares Capital Corporation Common Stock,Finance: Consumer Services,116,18.790000915527344,-10.931938965864019,47,45,D+
ARCI,Archimedes Tech SPAC Partners III Co. Ordinary Share,,,10.069999694824219,0.0,49,,D+
ARCO,Arcos Dorados Holdings Inc. Class A Shares,Restaurants,97,8.199999809265137,-12.971699354528921,55,89,B-
ARCT,Arcturus Therapeutics Holdings Inc. Common Stock,Biotechnology: Pharmaceutical Preparations,77,6.369999885559082,-72.4956825236298,15,20,D
ARDT,Ardent Health Inc. Common Stock,Hospital/Nursing Management,85,9.800000190734863,-35.56870370705935,36,71,C-
ARDX,Ardelyx Inc. Common Stock,Biotechnology: Pharmaceutical Preparations,77,5.159999847412109,-35.41927415236971,33,20,E
ARE,Alexandria Real Estate Equities Inc. Common Stock,Real Estate Investment Trusts,41,47.5,-42.374420948509226,32,63,C
AREC,American Resources Corporation Class A Common Stock,Coal Mining,108,1.850000023841858,-72.83406696936375,30,,B+
AREN,The Arena Group Holdings Inc. Common Stock,EDP Services,126,0.9150000214576721,-87.36187775712654,4,35,E-
ARES,Ares Management Corporation Class A Common Stock,Investment Managers,67,120.30000305175781,-35.28612809995707,35,96,D
ARGX,argenx SE American Depositary Shares,Biotechnology: Biological Products (No Diagnostic Substances),67,859.4299926757812,-8.54014139127135,67,93,D+
ARHS,Arhaus Inc. Class A Common Stock,Other Specialty Stores,112,7.829999923706055,-35.812612088604524,39,37,B-
ARI,Apollo Commercial Real Estate Finance Inc,Real Estate Investment Trusts,41,10.609999656677246,-5.436725453065416,54,43,E
ARIS,Aris Mining Corporation Common Shares,,,14.529999732971191,-35.93474630749757,66,88,E+
ARKO,ARKO Corp. Common Stock,Food Chains,64,7.650000095367432,-11.45833574787325,92,30,B-
ARKR,Ark Restaurants Corp. Common Stock,Restaurants,97,5.739999771118164,-36.151280119507376,25,20,D+
ARL,American Realty Investors Inc. Common Stock,Other Consumer Services,121,18.149999618530273,-22.568262777302973,75,29,A+
ARLO,Arlo Technologies Inc. Common Stock,Consumer Electronics/Appliances,122,13.1899995803833,-32.150209783815185,34,99,D+
ARM,Arm Holdings plc American Depositary Shares,Semiconductors,2,281.1700134277344,-36.019201088871874,95,83,B+
ARMK,Aramark Common Stock,Restaurants,97,58.0,-0.25795618562821643,85,86,B
ARMP,Armata Pharmaceuticals Inc. Common Stock,Biotechnology: Biological Products (No Diagnostic Substances),67,3.9200000762939453,-73.51351333935823,29,20,D
AROC,Archrock Inc. Common Stock,Natural Gas Distribution,20,38.529998779296875,-8.152567154811507,85,90,C+
AROW,Arrow Financial Corporation Common Stock,Major Banks,20,40.79999923706055,-3.0187793367631444,82,79,B-
ARQ,Arq Inc. Common Stock,Major Chemicals,59,2.2200000286102295,-71.2807241509384,17,9,B-
ARQQ,Arqit Quantum Inc. Ordinary Shares,Computer Software: Prepackaged Software,118,18.729999542236328,-67.85653098490612,32,,A
ARQT,Arcutis Biotherapeutics Inc. Common Stock,Biotechnology: Pharmaceutical Preparations,77,26.809999465942383,-14.070516633485731,77,33,B-
ARR,ARMOUR Residential REIT Inc.,Real Estate Investment Trusts,41,17.110000610351562,-4.120792029682407,60,,D+
ARRY,Array Technologies Inc. Common Stock,Miscellaneous manufacturing industries,115,6.28000020980835,-47.491637209214055,25,20,E+
ARTL,Artelo Biosciences Inc. Common Stock,Biotechnology: Pharmaceutical Preparations,77,1.159999966621399,-97.9155436930546,2,4,D
ARTNA,Artesian Resources Corporation Class A Common Stock,Water Supply,65,34.41999816894531,-0.174017906286561,57,68,C
ARTV,Artiva Biotherapeutics Inc. Common Stock,Biotechnology: Biological Products (No Diagnostic Substances),67,9.350000381469727,-30.171768919092457,98,,C
ARTW,Art's-Way Manufacturing Co. Inc. Common Stock,Industrial Machinery/Components,77,2.369999885559082,-48.59002566335442,45,80,C
ARVN,Arvinas Inc. Common Stock,Biotechnology: Pharmaceutical Preparations,77,8.270000457763672,-40.202454783907605,28,4,D
ARW,Arrow Electronics Inc. Common Stock,Electronic Components,5,206.5,-12.064047017057188,88,89,D+
ARWR,Arrowhead Pharmaceuticals Inc. Common Stock,Biotechnology: Pharmaceutical Preparations,77,71.91000366210938,-17.3163129207922,95,33,E+
ARX,Accelerant Holdings Class A Common Shares,Specialty Insurers,109,12.670000076293945,-57.8369371115721,27,20,B
AS,Amer Sports Inc. Ordinary Shares,Apparel,43,34.310001373291016,-18.2316441327391,40,84,C-
ASA,ASA  Gold and Precious Metals Limited,Precious Metals,111,51.790000915527344,-36.25001396951162,47,,E
ASAN,Asana Inc. Class A Common Stock,Computer Software: Prepackaged Software,118,7.460000038146973,-51.400652425047724,28,90,B+
ASB,Associated Banc-Corp Common Stock,Major Banks,20,30.709999084472656,-2.010213991856702,68,62,C-
ASBP,Aspire Biopharma Holdings Inc. Common Stock,Biotechnology: Pharmaceutical Preparations,77,6.03000020980835,-74.44915206635763,98,,E
ASC,Ardmore Shipping Corporation Common Stock,Marine Transportation,9,16.18000030517578,-15.808949084193136,82,92,D
ASH,Ashland Inc. Common Stock,Specialty Chemicals,118,66.73999786376953,-1.737338540911959,75,31,B-
ASIC,Ategrity Specialty Insurance Company Holdings Common Stock,Property-Casualty Insurers,41,24.450000762939453,-3.8158902849850462,79,,A-
ASIX,AdvanSix Inc. Common Stock,Major Chemicals,59,21.030000686645508,-19.047479547437916,43,30,D
ASLE,AerSale Corporation Common Stock,Industrial Specialties,90,6.010000228881836,-33.22221967909071,32,29,E+
ASM,Avino Silver & Gold Mines Ltd. Common Shares (Canada),Metal Mining,85,5.980000019073486,-46.797151771840376,54,94,D
ASMB,Assembly Biosciences Inc. Common Stock,Biotechnology: Pharmaceutical Preparations,77,26.760000228881836,-30.493505899008223,48,,A
ASML,ASML Holding N.V. New York Registry Shares,Industrial Machinery/Components,77,1775.6400146484375,-10.74673943696367,90,78,C
ASND,Ascendis Pharma A/S Ordinary Share,Biotechnology: Pharmaceutical Preparations,77,265.57000732421875,-4.188608722976173,76,63,B+
ASO,Academy Sports and Outdoors Inc. Common Stock,Other Specialty Stores,112,46.43000030517578,-23.67578651650164,30,57,E+
ASPI,ASP Isotopes Inc. Common Stock,Major Chemicals,59,4.699999809265137,-66.54804451629471,20,,E+
ASPN,Aspen Aerogels Inc. Common Stock,RETAIL: Building Materials,114,5.269999980926514,-40.24943125543334,72,4,B-
ASPS,Altisource Portfolio Solutions S.A. Common Stock,Other Consumer Services,121,6.909999847412109,-54.05585196184568,27,40,C+
ASR,Grupo Aeroportuario del Sureste S.A. de C.V. Common Stock,Aerospace,101,275.6099853515625,-26.321606711928457,30,43,E+
ASRV,AmeriServ Financial Inc. Common Stock,Major Banks,20,3.8299999237060547,-4.476176997717774,67,43,C
ASST,Strive Inc. Class A Common Stock,Computer Software: Prepackaged Software,118,12.40999984741211,-93.0359146689455,15,,D+
ASTC,Astrotech Corporation (DE) Common Stock,Biotechnology: Laboratory Analytical Instruments,52,8.859999656677246,-82.20883575820672,97,11,A+
ASTE,Astec Industries Inc. Common Stock,Construction/Ag Equipment/Trucks,32,55.939998626708984,-13.740931063731665,63,38,D
ASTH,Astrana Health Inc. Common Stock,Professional Services,104,49.0,-1.6261821942557764,93,83,A-
ASTI,Ascent Solar Technologies Inc. Common Stock,Semiconductors,2,3.940000057220459,-56.31929204804826,78,,A-
ASTL,Algoma Steel Group Inc. Common Shares,Steel/Iron Ore,46,3.6600000858306885,-47.86324649893183,22,20,E+
ASTS,AST SpaceMobile Inc. Class A Common Stock,Telecommunications Equipment,73,68.81999969482422,-48.290629206944224,32,4,E+
ASUR,Asure Software Inc Common Stock,EDP Services,126,8.1899995803833,-22.443188873655583,34,92,B-
ASX,ASE Technology Holding Co. Ltd. American Depositary Shares (each representing Two Common Shares),Semiconductors,2,40.36000061035156,-9.649809421545674,98,90,C-
ASYS,Amtech Systems Inc. Common Stock,Industrial Machinery/Components,77,18.68000030517578,-22.134220577755702,95,74,D-
ATAI,AtaiBeckley Inc. Common Stock,Biotechnology: Pharmaceutical Preparations,77,5.670000076293945,-12.093019473438693,90,4,A
ATAT,Atour Lifestyle Holdings Limited American Depositary Shares,Hotels/Resorts,39,31.030000686645508,-26.485574890496487,30,93,E+
ATCH,AtlasClear Holdings Inc. Common Stock,Finance: Consumer Services,116,0.17910000681877136,-88.94444405607399,17,35,D
ATCX,Atlas Critical Minerals Corporation Common Stock,Precious Metals,111,3.6500000953674316,-70.46925407157603,10,,E+
ATEC,Alphatec Holdings Inc. Common Stock,Medical/Dental Instruments,126,8.970000267028809,-60.44973480453714,18,20,D+
ATEN,A10 Networks Inc. Common Stock,Computer Communications Equipment,17,37.63999938964844,-1.2332752904114619,95,70,B
ATER,Aterian Inc. Common Stock,Home Furnishings,51,1.2100000381469727,-12.949636647508845,84,20,A
ATEX,Anterix Inc. Common Stock,Telecommunications Equipment,73,105.7699966430664,-2.2503628730492165,99,61,A
ATGL,Alpha Technology Group Limited Class A Ordinary Shares,EDP Services,126,10.539999961853027,-68.93146588389939,11,,B-
ATHE,Alterity Therapeutics Limited American Depositary Shares,Biotechnology: Pharmaceutical Preparations,77,5.03000020980835,-23.206105903272967,79,,A+
ATHM,Autohome Inc. American Depositary Shares each representing four class A ordinary shares.,EDP Services,126,20.860000610351562,-27.78401992556965,45,36,B+
ATHR,Aether Holdings Inc. Common Stock,Computer Software: Prepackaged Software,118,4.369999885559082,-67.04374200506642,64,11,B+
ATI,ATI Inc. Common Stock,Steel/Iron Ore,46,189.44000244140625,-7.178202831769321,92,96,C+
ATII,Archimedes Tech SPAC Partners II Co. Ordinary Shares,,,10.800000190734863,-5.096660086760895,52,,C
ATIIU,Archimedes Tech SPAC Partners II Co. Unit,Blank Checks,71,11.699999809265137,-27.55417903638383,61,,E
ATKR,Atkore Inc. Common Stock,Industrial Machinery/Components,77,73.58000183105469,-13.850838688469524,58,28,C-
ATLC,Atlanticus Holdings Corporation Common Stock,Finance: Consumer Services,116,97.83000183105469,-11.393896760979738,91,97,B-
ATLO,Ames National Corporation Common Stock,Major Banks,20,29.280000686645508,-5.089139952708887,80,77,C+
ATLX,Atlas Lithium Corporation Common Stock,Mining & Quarrying of Nonmetallic Minerals (No Fuels),73,3.190000057220459,-57.181206189384866,17,,E
ATMU,Atmus Filtration Technologies Inc. Common Stock,Auto Parts:O.E.M.,56,52.06999969482422,-20.499140856343335,50,56,D-
ATNI,ATN International Inc. Common Stock,Telecommunications Equipment,73,23.799999237060547,-18.80391751508007,72,20,D-
ATNM,Actinium Pharmaceuticals Inc. (Delaware) Common Stock,Biotechnology: Pharmaceutical Preparations,77,0.8950999975204468,-52.13369009422443,18,4,D-
ATO,Atmos Energy Corporation Common Stock,Oil/Gas Transmission,48,178.4499969482422,-6.672588493025799,52,62,D
ATOM,Atomera Incorporated Common Stock,Semiconductors,2,6.389999866485596,-47.23369077089726,90,20,C-
ATOS,Atossa Therapeutics Inc. Common Stock,Biotechnology: Pharmaceutical Preparations,77,2.259999990463257,-87.23163902232545,4,,E-
ATPC,Agape ATP Corporation Common Stock,Medical/Nursing Services,27,2.5999999046325684,-96.46258516376521,10,,A+
ATR,AptarGroup Inc. Common Stock,Plastic Products,29,128.27999877929688,-19.81003458382421,41,54,D+
ATRA,Atara Biotherapeutics Inc. Common Stock,Biotechnology: Biological Products (No Diagnostic Substances),67,8.039999961853027,-55.5555561413146,53,40,A+
ATRC,AtriCure Inc. Common Stock,Medical/Dental Instruments,126,34.31999969482422,-19.075690124251555,54,20,B+
ATRO,Astronics Corporation Common Stock,Military/Government/Technical,103,72.44999694824219,-16.867474836786545,92,85,D
ATS,ATS Corporation Common Shares,Industrial Machinery/Components,77,27.170000076293945,-23.20520278112771,37,73,E
ATXG,Addentax Group Corp. Common Stock,Professional Services,104,3.890000104904175,-76.63663547130128,9,,B
ATYR,aTyr Pharma Inc. Common Stock,Biotechnology: Biological Products (No Diagnostic Substances),67,0.4860000014305115,-92.6475039090186,9,20,E
AU,AngloGold Ashanti PLC Ordinary Shares,Precious Metals,111,80.33999633789062,-35.532751843994305,55,95,D-
AUB,Atlantic Union Bankshares Corporation Common Stock,Major Banks,20,41.81999969482422,-3.172028190428211,68,70,C
AUBN,Auburn National Bancorporation Inc. Common Stock,Major Banks,20,27.0,-6.5096925740931955,62,66,A-
AUC,ATIF Holdings Limited Ordinary Shares,Professional Services,104,7.829999923706055,-34.29003287119027,41,,A
AUDC,AudioCodes Ltd. Common Stock,Telecommunications Equipment,73,9.970000267028809,-3.420125520635331,62,36,B-
AUGO,Aura Minerals Inc. Common Shares,,,57.06999969482422,-47.16452543823731,76,35,E+
AUID,authID Inc. Common Stock,Computer Software: Prepackaged Software,118,1.159999966621399,-74.3078626594883,28,20,A
AUNA,Auna SA Class A Ordinary Shares,Medical/Nursing Services,27,5.059999942779541,-25.25849398766098,31,78,D
AUPH,Aurinia Pharmaceuticals Inc Ordinary Shares,Biotechnology: Pharmaceutical Preparations,77,15.979999542236328,-14.178309226680796,76,93,C
AUR,Aurora Innovation Inc. Class A Common Stock,EDP Services,126,6.130000114440918,-27.023804847345122,79,,C
AURA,Aura Biosciences Inc. Common Stock,Biotechnology: Biological Products (No Diagnostic Substances),67,7.0,-21.34831123559121,64,,B+
AURE,Aurelion Inc. Class A Ordinary Shares,Finance: Consumer Services,116,1.649999976158142,-85.89743587131069,9,,A+
AUST,Austin Gold Corp. Common Shares,Precious Metals,111,1.0299999713897705,-63.73239427751739,15,,E+
AUTL,Autolus Therapeutics plc American Depositary Share,Biotechnology: Biological Products (No Diagnostic Substances),67,1.4500000476837158,-45.89552195652686,28,,D-
AUUD,Auddia Inc. Common Stock,EDP Services,126,1.2899999618530273,-96.6038777360534,2,,A+
AVA,Avista Corporation Common Stock,Power Generation,48,41.81999969482422,-1.4376634597317084,59,53,D
AVAH,Aveanna Healthcare Holdings Inc. Common Stock,Medical/Nursing Services,27,9.34000015258789,-9.05550402846128,88,97,A-
AVAT,Avalanche Treasury Corporation Class A Common Stock,Finance: Consumer Services,116,0.5478000044822693,-94.84180781181402,1,,E-
AVAV,AeroVironment Inc. Common Stock,Aerospace,101,143.47000122070312,-64.99280044863067,11,52,B+
AVB,AvalonBay Communities Inc. Common Stock,Real Estate Investment Trusts,41,191.75,-2.515424583109205,58,44,C-
AVBC,Avidia Bancorp Inc. Common Stock,Banks,19,20.3799991607666,-5.165196008253881,72,,C
AVBH,Avidbank Holdings Inc. Common stock,Commercial Banks,10,32.11000061035156,-4.177850735020828,75,,C-
AVBP,ArriVent BioPharma Inc. Common Stock,Biotechnology: Pharmaceutical Preparations,77,32.540000915527344,-6.332759518267661,86,4,B
AVD,American Vanguard Corporation Common Stock ($0.10 Par Value),Agricultural Chemicals,128,2.640000104904175,-54.561099295963466,24,,C
AVGO,Broadcom Inc. Common Stock,Semiconductors,2,389.1099853515625,-19.071826096747657,66,96,D-
AVIR,Atea Pharmaceuticals Inc. Common Stock,Biotechnology: Pharmaceutical Preparations,77,4.699999809265137,-23.577240058817672,67,4,C-
AVNS,Avanos Medical Inc. Common Stock,Industrial Specialties,90,24.93000030517578,-0.4790376668244778,95,47,B
AVNT,Avient Corporation Common Stock,Major Chemicals,59,35.810001373291016,-15.964990130960267,52,71,C-
AVNW,Aviat Networks Inc. Common Stock,Radio And Television Broadcasting And Communications Equipment,27,21.190000534057617,-20.755419912363248,39,29,B-
AVO,Mission Produce Inc. Common Stock,Farming/Seeds/Milling,88,13.359999656677246,-12.907434655902627,50,40,B
AVPT,AvePoint Inc. Class A Common Stock,Computer Software: Prepackaged Software,118,12.989999771118164,-32.72915520257258,54,78,A-
AVR,Anteris Technologies Global Corp. Common Stock,Industrial Specialties,90,8.949999809265137,-15.326394818652101,95,,B
AVT,Avnet Inc. Common Stock,Electronic Components,5,86.05000305175781,-7.403418950634377,88,87,C
AVTR,Avantor Inc. Common Stock,Biotechnology: Laboratory Analytical Instruments,52,11.289999961853027,-27.628207142458027,55,32,A-
AVTX,Avalo Therapeutics Inc. Common Stock,Biotechnology: Pharmaceutical Preparations,77,18.420000076293945,-19.45780760665953,94,,B+
AVX,Avax One Technology Ltd. Common Shares,Finance: Consumer Services,116,4.349999904632568,-94.99654959457324,4,,D
AVXL,Anavex Life Sciences Corp. Common Stock,Biotechnology: Biological Products (No Diagnostic Substances),67,2.430000066757202,-81.87919392686534,10,20,C+
AVY,Avery Dennison Corporation Common Stock,Containers/Packaging,59,157.16000366210938,-19.498135300253196,35,48,D
AWI,Armstrong World Industries Inc Common Stock,Plastic Products,29,155.52999877929688,-23.202064457797288,30,55,D
AWK,American Water Works Company Inc. Common Stock,Water Supply,65,131.57000732421875,-8.162582132427332,43,49,C-
AWR,American States Water Company Common Stock,Water Supply,65,85.01000213623047,-0.04703223291244729,67,61,C+
AWRE,Aware Inc. Common Stock,Computer Software: Prepackaged Software,118,1.2699999809265137,-56.802722577930844,23,20,C
AWX,Avalon Holdings Corporation Common Stock,Environmental Services,73,2.549999952316284,-49.504953346443045,43,,C
AX,Axos Financial Inc. Common Stock,Savings Institutions,11,97.7699966430664,-3.207608578004306,59,87,D+
AXG,Solowin Holdings Class A Ordinary Share,Investment Bankers/Brokers/Service,77,3.2699999809265137,-34.072581536750015,37,,D
AXGN,Axogen Inc. Common Stock,Biotechnology: Electromedical & Electrotherapeutic Apparatus,81,38.77000045776367,-16.064079648304553,94,81,D
AXIA,AXIA Energia American Depositary Shares (Each representing one Common Share),Electric Utilities: Central,52,10.289999961853027,-23.380493462182805,54,,D-
AXIL,AXIL Brands Inc. Common Stock,Package Goods/Cosmetics,83,6.140100002288818,-38.555989357174084,42,67,B
AXON,Axon Enterprise Inc. Common Stock,Ordnance And Accessories,35,547.260009765625,-37.16660411106623,57,75,A-
AXP,American Express Company Common Stock,Finance: Consumer Services,116,355.05999755859375,-6.9991745947192925,57,69,C
AXR,AMREP Corporation Common Stock,Homebuilding,59,25.610000610351562,-9.792176255947782,51,56,C+
AXS,Axis Capital Holdings Limited Common Stock,Property-Casualty Insurers,41,112.44000244140625,-1.8248462063796156,65,88,B-
AXSM,Axsome Therapeutics Inc. Common Stock,Biotechnology: Pharmaceutical Preparations,77,235.25999450683594,-7.8026428674922705,92,4,B
AXTA,Axalta Coating Systems Ltd. Common Shares,Paints/Coatings,46,32.119998931884766,-9.699186934323933,59,55,B-
AXTI,AXT Inc Common Stock,Semiconductors,2,57.56999969482422,-59.12092668727826,99,20,E
AYA,Aya Gold & Silver Inc. Common Shares,Precious Metals,111,20.040000915527344,-7.350893698245087,88,96,B+
AYI,Acuity Inc. Common Stock,Building Products,63,327.4800109863281,-13.056866191691318,55,75,B
AYTU,Aytu BioPharma Inc.  Common Stock,Biotechnology: Pharmaceutical Preparations,77,2.200000047683716,-24.13793188496518,32,11,E
AZ,A2Z Cust2Mate Solutions Corp. Common Shares,Industrial Machinery/Components,77,5.539999961853027,-53.44537697945528,16,,E
AZI,Autozi Internet Technology (Global) Ltd. Class A Ordinary Shares,Automotive Aftermarket,128,1.3700000047683716,-99.0214285680226,5,,A+
AZIO,Azio AI Holdings Inc. Common Stock,Auto Parts:O.E.M.,56,1.9199999570846558,-52.94117664245861,92,,D-
AZN,AstraZeneca PLC Ordinary Shares,Biotechnology: Pharmaceutical Preparations,77,164.5,-21.148497818919086,37,80,E
AZO,AutoZone Inc. Common Stock,Auto & Home Supply Stores,97,3032.070068359375,-30.369911835460883,28,55,D
AZTA,Azenta Inc.,Industrial Machinery/Components,77,25.440000534057617,-37.96634582962227,32,20,C
AZTR,Azitra Inc Common Stock,Biotechnology: Pharmaceutical Preparations,77,0.12870000302791595,-91.85443040935337,6,,A+
AZZ,AZZ Inc.,Industrial Specialties,90,149.99000549316406,-6.198968123712167,78,86,C-
B,Barrick Mining Corporation Common Shares,Precious Metals,111,36.4900016784668,-30.25281221460875,56,,D-
BA,Boeing Company (The) Common Stock,Aerospace,101,217.11000061035156,-13.896487858142825,41,65,D+
BABA,Alibaba Group Holding Limited American Depositary Shares each representing eight Ordinary share,Business Services,90,112.31999969482422,-40.13333400565712,29,35,B
BAC,Bank of America Corporation Common Stock,Major Banks,20,60.619998931884766,0.0,71,79,C+
BAER,Bridger Aerospace Group Holdings Inc. Common Stock,Aerospace,101,1.909999966621399,-41.59021474733391,38,20,D+
BAFN,BayFirst Financial Corp. Common Stock,Major Banks,20,5.5,-63.98166447202917,15,20,E
BAH,Booz Allen Hamilton Holding Corporation Common Stock,Professional Services,104,63.560001373291016,-43.70593271419073,18,71,E
BAK,Braskem SA ADR,Major Chemicals,59,2.6700000762939453,-46.81274728209943,24,4,E-
BALL,Ball Corporation Common Stock,Containers/Packaging,59,60.459999084472656,-10.17810539654761,55,72,C-
BALY,Bally's Corporation Common Stock,Hotels/Resorts,39,13.0600004196167,-32.887970020320225,56,,B
BAM,Brookfield Asset Management Inc Class A Limited Voting Shares,Other Consumer Services,121,47.52000045776367,-22.01559514938606,38,83,D-
BANC,Banc of California Inc. Common Stock,Major Banks,20,20.59000015258789,-2.185268889049574,69,67,C-
BAND,Bandwidth Inc. Class A Common Stock,Computer Software: Prepackaged Software,118,75.7699966430664,-3.40388285981289,99,65,A
BANF,BancFirst Corporation Common Stock,Major Banks,20,115.02999877929688,-14.244612991385907,43,57,C
BANL,CBL International Limited Class B Ordinary Shares,Oil Refining/Marketing,128,0.4196999967098236,-55.82105242354057,26,,B-
BANR,Banner Corporation Common Stock,Major Banks,20,69.05000305175781,0.0,58,85,C
BAOS,Baosheng Media Group Holdings Limited Ordinary shares,Business Services,90,2.380000114440918,-51.02880557495227,26,,E-
BAP,Credicorp Ltd. Common Stock,Commercial Banks,10,392.239990234375,-2.138172045712483,86,68,B
BARK,BARK Inc. Class A Common Stock,Other Specialty Stores,112,9.260000228881836,-57.90908986871892,23,20,C
BATL,Battalion Oil Corporation Common Stock,Oil & Gas Production,30,1.6799999475479126,-93.9306360945604,49,20,B-
BATRA,Atlanta Braves Holdings Inc. Series A Common Stock,Services-Misc. Amusement & Recreation,87,57.0099983215332,-1.0414898150696184,74,20,C+
BATRK,Atlanta Braves Holdings Inc. Series C Common Stock,Services-Misc. Amusement & Recreation,87,52.08000183105469,-1.4942256795727804,73,20,C+
BAX,Baxter International Inc. Common Stock,Medical/Dental Instruments,126,21.799999237060547,-24.75434925570226,53,20,C+
BB,BlackBerry Limited Common Stock,Computer Software: Prepackaged Software,118,11.010000228881836,-14.051523276911205,98,79,A-
BBAI,BigBear.ai Inc. Common Stock,Computer Software: Prepackaged Software,118,3.0999999046325684,-65.20763234880462,15,20,D-
BBAR,Banco BBVA Argentina S.A. ADS,Commercial Banks,10,20.049999237060547,-8.081880429725263,85,64,A-
BBBY,Bed Bath & Beyond Inc. Common Stock,Catalog/Specialty Distribution,59,5.150000095367432,-57.47316068231423,27,20,E
BBCP,Concrete Pumping Holdings Inc. Common Stock,Engineering & Construction,45,10.430000305175781,-13.443982239972785,87,32,A
BBD,Banco Bradesco Sa American Depositary Shares,Major Banks,20,3.630000114440918,-11.799631564922198,57,,C
BBDC,Barings BDC Inc. Common Stock,Diversified Financial Services,23,8.489999771118164,-5.306344650735639,50,53,D
BBDO,Banco Bradesco Sa American Depositary Shares (each representing one Common Share),Major Banks,20,3.180000066757202,-13.152257272567091,55,,C-
BBGI,Beasley Broadcast Group Inc. Class A Common Stock,Broadcasting,104,22.700000762939453,-14.37193298018724,99,4,B+
BBIO,BridgeBio Pharma Inc. Common Stock,Biotechnology: Pharmaceutical Preparations,77,84.08999633789062,-6.742821287034973,81,4,A
BBLG,Bone Biologics Corp Common Stock,Industrial Specialties,90,1.2599999904632568,-58.823528953443706,21,,A-
BBN,BlackRock Taxable Municipal Bond Trust Common Shares of Beneficial Interest,Finance Companies,48,15.949999809265137,-4.06973762896834,49,,D
BBNX,Beta Bionics Inc. Common Stock,Medical/Dental Instruments,126,16.860000610351562,-47.29602772434704,74,20,A-
BBOT,BridgeBio Oncology Therapeutics Inc. Common Stock,Biotechnology: Pharmaceutical Preparations,77,8.819999694824219,-35.761107145764505,28,20,C
BBSI,Barrett Business Services Inc. Common Stock,Professional Services,104,38.459999084472656,-21.161365694365596,58,33,B+
BBT,Beacon Financial Corporation Common stock,Banks,19,30.09000015258789,-6.378698070344935,61,89,D+
BBUC,Brookfield Business Corporation Class A Subordinate Voting Shares,Engineering & Construction,45,30.450000762939453,-18.77687964978638,36,31,E-
BBVA,Banco Bilbao Vizcaya Argentaria S.A. Common Stock,Commercial Banks,10,25.670000076293945,-1.7980081267355175,81,78,C
BBW,Build-A-Bear Workshop Inc. Common Stock,Recreational Games/Products/Toys,97,32.90999984741211,-55.72546847667319,19,60,C
BBWI,Bath & Body Works Inc.,Clothing/Shoe/Accessory Stores,88,20.040000915527344,-37.06266285458864,35,76,C+
BBY,Best Buy Co. Inc. Common Stock,Consumer Electronics/Video Chains,139,83.9800033569336,0.0,79,66,B+
BC,Brunswick Corporation Common Stock,Industrial Machinery/Components,77,77.5,-12.206964530873165,59,35,D
BCAB,BioAtla Inc. Common Stock,Biotechnology: Biological Products (No Diagnostic Substances),67,4.059999942779541,-93.344262388886,8,20,B-
BCAL,California BanCorp Common Stock,Major Banks,20,20.940000534057617,-1.0864409135920572,73,52,B
BCAR,D. Boral ARC Acquisition I Corp. Class A Ordinary Shares,Blank Checks,71,10.399999618530273,-5.368518333716599,51,,C
BCAT,BlackRock Capital Allocation Term Trust Common Shares of Beneficial Interest,Finance/Investors Services,73,15.979999542236328,-0.8684943530296252,73,,D+
BCAX,Bicara Therapeutics Inc. Common Stock,Biotechnology: Pharmaceutical Preparations,77,28.100000381469727,-7.565787058953077,93,11,A-
BCBP,BCB Bancorp Inc. (NJ) Common Stock,Savings Institutions,11,10.359999656677246,-9.677424450828697,73,32,D-
BCC,Boise Cascade L.L.C. Common Stock,RETAIL: Building Materials,114,74.08999633789062,-18.132310861581725,35,35,C
BCDA,BioCardia Inc. Common Stock,Biotechnology: Biological Products (No Diagnostic Substances),67,0.8019999861717224,-66.58333523737052,12,,A+
BCE,BCE Inc. Common Stock,Telecommunications Equipment,73,21.200000762939453,-17.789770949196317,37,58,E+
BCG,Binah Capital Group Inc. Common Stock,Finance: Consumer Services,116,1.4800000190734863,-52.41157334418867,19,78,C+
BCH,Banco De Chile ADS,Commercial Banks,10,40.970001220703125,-6.247654017770632,74,,B-
BCHT,Birchtech Corp. Common Stock,Industrial Machinery/Components,77,1.8700000047683716,-60.63157884698165,21,,A-
BCIC,BCP Investment Corporation Common Stock,Finance: Consumer Services,116,7.300000190734863,-40.66832385372727,24,,D-
BCML,BayCom Corp Common Stock,Major Banks,20,33.540000915527344,-0.8865225641484065,72,73,B-
BCO,Brinks Company (The) Common Stock,Integrated Freight & Logistics,141,109.12000274658203,-19.317882840437495,47,,C
BCPC,Balchem Corporation Common Stock,Major Chemicals,59,160.86000061035156,-12.223068082460742,45,61,D
BCRX,BioCryst Pharmaceuticals Inc. Common Stock,Biotechnology: Biological Products (No Diagnostic Substances),67,9.739999771118164,-12.331232474302512,68,40,B+
BCS,Barclays PLC Common Stock,Commercial Banks,10,27.530000686645508,-3.097497942601224,78,80,C+
BCSF,Bain Capital Specialty Finance Inc. Common Stock,Finance/Investors Services,73,12.789999961853027,-6.946728055117224,48,,D
BCSS,Bain Capital GSS Investment Corp. Class A Ordinary Shares,,,10.1899995803833,-0.8754878883822537,46,,D
BCTX,BriaCell Therapeutics Corp. Common Shares,Biotechnology: Pharmaceutical Preparations,77,3.700000047683716,-81.68316877258721,10,32,E+
BCX,BlackRock Resources Common Shares of Beneficial Interest,Finance/Investors Services,73,11.640000343322754,-12.68745522302911,58,,D
BCYC,Bicycle Therapeutics plc American Depositary Shares,Biotechnology: Pharmaceutical Preparations,77,4.210000038146973,-52.53663931832606,16,20,B-
BDC,Belden Inc Common Stock,Telecommunications Equipment,73,104.76000213623047,-30.522714616209058,30,80,E+
BDCI,BTC Development Corp. Class A Ordinary Shares,Blank Checks,71,10.100000381469727,-0.9803865653465582,46,,D+
BDCIU,BTC Development Corp. Unit,Blank Checks,71,10.25,-2.10124413961682,47,,D+
BDJ,Blackrock Enhanced Equity Dividend Trust,Finance Companies,48,9.739999771118164,0.0,62,,C-
BDL,Flanigan's Enterprises Inc. Common Stock,Restaurants,97,40.75,-13.242497464448677,82,70,E-
BDMD,Baird Medical Investment Holdings Ltd Ordinary Share,Medical/Dental Instruments,126,1.100000023841858,-68.02325565277273,14,,C
BDN,Brandywine Realty Trust Common Stock,Real Estate Investment Trusts,41,3.109999895095825,-24.6872545489775,51,20,C+
BDRX,Biodexa Pharmaceuticals plc American Depositary Shs,Biotechnology: Pharmaceutical Preparations,77,2.2699999809265137,-95.83486242031832,5,,A+
BDSX,Biodesix Inc. Common Stock,Medical Specialities,24,21.1299991607666,-13.755105466258765,98,4,A
BDTX,Black Diamond Therapeutics Inc. Common Stock,Biotechnology: Biological Products (No Diagnostic Substances),67,1.8600000143051147,-61.80698032826372,14,40,D+
BDX,Becton Dickinson and Company Common Stock,Medical/Dental Instruments,126,150.64999389648438,-17.64337379789165,47,43,C+
BE,Bloom Energy Corporation Class A Common Stock,Industrial Machinery/Components,77,243.39999389648438,-29.622671793843235,99,84,E
BEAM,Beam Therapeutics Inc. Common Stock,Biotechnology: Biological Products (No Diagnostic Substances),67,30.889999389648438,-18.539027211910874,66,33,C
BEAT,Heartbeam Inc. Common Stock,Medical/Dental Instruments,126,0.5608000159263611,-83.69767422679955,6,,E-
BEBE,TGE Value Creative Solutions Corp Class A Ordinary Shares,Diversified Commercial Services,77,9.989999771118164,0.0,46,,D+
BEEM,Beam Global Common Stock,Semiconductors,2,1.059999942779541,-72.68041465168153,13,,A+
BEEP,Mobile Infrastructure Corporation Common Stock,Blank Checks,71,1.8200000524520874,-55.17241186939312,16,20,E
BEKE,KE Holdings Inc American Depositary Shares (each representing three Class A Ordinary Shares),Real Estate,90,16.100000381469727,-19.45998063078751,40,92,D
BELFA,Bel Fuse Inc. Class A Common Stock,Electrical Products,3,234.86000061035156,-19.355838426494742,92,92,C
BELFB,Bel Fuse Inc. Class B Common Stock,Electrical Products,3,279.3900146484375,-16.1091738289599,93,92,D+
BEN,Franklin Resources Inc. Common Stock,Investment Managers,67,33.13999938964844,-3.774678539192411,83,79,C+
BENF,Beneficient Class A Common Stock,Finance: Consumer Services,116,2.859999895095825,-76.00671244303356,23,,A
BEPC,Brookfield Renewable Corporation Brookfield Renewable Corporation Class A Subordinate Voting Shares,Electric Utilities: Central,52,34.529998779296875,-20.662576196718398,36,20,E+
BESS,Bimergen Energy Corporation Common Stock,Electric Utilities: Central,52,4.03000020980835,-70.14814659401223,33,,A+
BETA,Beta Technologies Inc. Class A Common Stock,Aerospace,101,18.209999084472656,-50.516305809773684,22,,C+
BETR,Better Home & Finance Holding Company Class A Common Stock,Finance: Consumer Services,116,24.559999465942383,-71.46508707677003,29,20,E+
BF-A,Brown Forman Corporation,,,25.709999084472656,-15.239098169686383,37,38,D
BF-B,Brown Forman Corporation,,,25.100000381469727,-17.252331478144534,35,45,D-
BFAM,Bright Horizons Family Solutions Inc. Common Stock,Other Consumer Services,121,73.08999633789062,-41.574742422550514,23,57,C-
BFC,Bank First Corporation Common Stock,Major Banks,20,146.3800048828125,-4.320544070211774,64,50,D+
BFH,Bread Financial Holdings Inc. Common Stock,Business Services,90,98.48999786376953,-9.417828728974342,86,80,C-
BFLY,Butterfly Network Inc. Class A Common Stock,Medical Electronics,134,7.75,-13.01907819615764,98,20,A
BFRG,Bullfrog AI Holdings Inc. Common Stock,Biotechnology: Pharmaceutical Preparations,77,0.6927000284194946,-58.76785416389192,14,,B-
BFRI,Biofrontera Inc. Common Stock,Biotechnology: Pharmaceutical Preparations,77,1.059999942779541,-8.620691958562443,61,20,B
BFS,Saul Centers Inc. Common Stock,Real Estate Investment Trusts,41,36.25,-4.303065000405337,65,46,C
BFST,Business First Bancshares Inc. Common Stock,Major Banks,20,30.18000030517578,-3.9465301340140035,67,52,B-
BG,Bunge Limited Common Shares,Packaged Foods,124,116.62999725341797,-11.247246021463319,74,49,D-
BGC,BGC Group Inc. Class A Common Stock,Investment Bankers/Brokers/Service,77,10.9399995803833,-13.51778727046039,59,88,E
BGDE,Big Digital Energy Inc. Common Stock,Finance: Consumer Services,116,6.699999809265137,-80.05952347162898,51,,B
BGI,Birks Group Inc. Common Stock,Consumer Specialties,37,0.5493999719619751,-58.3787916567589,15,,A-
BGIN,Bgin Blockchain Limited Class A Ordinary Shares,Finance: Consumer Services,116,1.899999976158142,-61.693549162391314,9,,D
BGL,Blue Gold Limited Class A Ordinary Shares,Metal Mining,85,0.2329999953508377,-99.1633752525696,1,,A
BGLC,BioNexus Gene Lab Corp Common stock,Medical Specialities,24,1.6399999856948853,-77.15877402640045,9,,E-
BGM,BGM Group Ltd. Class A Ordinary Shares,Biotechnology: Pharmaceutical Preparations,77,0.31220000982284546,-97.34297863980557,7,,A+
BGMS,Bio Green Med Solution Inc. Common Stock,Biotechnology: Pharmaceutical Preparations,77,0.9049999713897705,-94.72303211941805,12,20,A+
BGS,B&G Foods Inc. Common Stock,Packaged Foods,124,3.7899999618530273,-31.34912573460059,32,20,E+
BGSF,BGSF Inc. Common Stock,Professional Services,104,5.570000171661377,-15.349540482605583,62,20,D-
BGSI,Boyd Group Services Inc. Common Shares,,,96.31999969482422,-47.04353117873603,17,,E+
BH,Biglari Holdings Inc. Class B Common Stock,Restaurants,97,384.80999755859375,-19.313514483723303,64,,B-
BHB,Bar Harbor Bankshares Inc. Common Stock,Major Banks,20,37.34000015258789,-4.427948696568606,70,91,B+
BHC,Bausch Health Companies Inc. Common Stock,Biotechnology: Pharmaceutical Preparations,77,4.75,-43.04556459119391,22,40,E-
BHE,Benchmark Electronics Inc. Common Stock,Electrical Products,3,82.76000213623047,-16.124451533355998,93,87,D-
BHF,Brighthouse Financial Inc. Common Stock,Life Insurance,24,65.9000015258789,-1.0659046358908464,69,29,C-
BHK,Blackrock Core Bond Trust,Finance Companies,48,9.100000381469727,-3.293401582365141,46,,D
BHM,Bluerock Homes Trust Inc. Class A Common Stock,Real Estate Investment Trusts,41,8.779999732971191,-37.82132721404673,25,,C-
BHP,BHP Group Limited American Depositary Shares (Each representing two Ordinary Shares),Coal Mining,108,84.3499984741211,-9.447131409131536,83,,D-
BHR,Braemar Hotels & Resorts Inc. Common Stock,Real Estate Investment Trusts,41,2.0799999237060547,-33.75796642626128,25,63,C-
BHRB,Burke & Herbert Financial Services Corp. Common Stock,Major Banks,20,70.37000274658203,-3.2847709173696504,64,72,B-
BHST,BioHarvest Sciences Inc. Common Stock,,,2.7899999618530273,-77.94466366808332,9,,E-
BHV,BlackRock Virginia Municipal Bond Trust,Finance/Investors Services,73,12.704999923706055,-4.113208122973178,75,,A-
BHVN,Biohaven Ltd. Common Shares,Biotechnology: Pharmaceutical Preparations,77,14.9399995803833,-17.504146455722967,76,4,A
BIAF,bioAffinity Technologies Inc. Common Stock,Biotechnology: Commercial Physical & Biological Resarch,16,0.7093999981880188,-93.5214610909146,4,,E-
BIDU,Baidu Inc. ADS,Computer Software: Programming Data Processing,112,109.7300033569336,-32.482155751747435,41,36,D
BIIB,Biogen Inc. Common Stock,Biotechnology: Biological Products (No Diagnostic Substances),67,191.9499969482422,-11.392700631623553,70,57,E+
BIII,Black Spade Acquisition III Co Class A Ordinary Shares,Blank Checks,71,9.9399995803833,-0.4008012393562077,45,,D
BILI,Bilibili Inc. American Depositary Shares,EDP Services,126,17.479999542236328,-51.33630168904438,18,99,E+
BILL,BILL Holdings Inc. Common Stock,EDP Services,126,41.369998931884766,-26.53170320910807,39,99,B+
BIO,Bio-Rad Laboratories Inc. Class A Common Stock,Biotechnology: Laboratory Analytical Instruments,52,298.3399963378906,-12.188374882151399,50,40,C+
BIO-B,Bio-Rad Laboratories Inc.,,,309.3699951171875,-3.659068316724412,61,75,E
BIOA,BioAge Labs Inc. Common Stock,Biotechnology: Pharmaceutical Preparations,77,22.780000686645508,-9.24302653213096,98,11,A-
BIOX,Bioceres Crop Solutions Corp. Ordinary Shares,Agricultural Chemicals,128,0.3499999940395355,-91.33663372910031,5,9,E
BIPC,Brookfield Infrastructure Corporation Brookfield Infrastructure Corporation,Oil & Gas Production,30,39.709999084472656,-20.56379605031117,40,,D-
BIRD,Smartbird Inc. Class A Common Stock,Apparel,43,2.950000047683716,-82.63684468849426,21,20,A
BIRK,Birkenstock Holding plc Ordinary Shares,Shoe Manufacturing,66,44.36000061035156,-16.928840182048212,53,78,C-
BIVI,BioVie Inc. Class A Common Stock,Biotechnology: Pharmaceutical Preparations,77,1.5800000429153442,-82.43468523605057,36,11,D+
BIYA,Baiya International Group Inc Class A Ordinary Shares,Diversified Commercial Services,77,3.5,-85.12221017320185,82,,A+
BJ,BJ's Wholesale Club Holdings Inc. Common Stock,Department/Specialty Retail Stores,52,89.70999908447266,-18.430627071974016,40,48,D-
BJDX,Bluejay Diagnostics Inc. Common Stock,Medical/Dental Instruments,126,1.25,-91.07142857142857,7,,A+
BJRI,BJ's Restaurants Inc. Common Stock,Restaurants,97,61.630001068115234,-1.2181412549577608,92,72,A-
BKD,Brookdale Senior Living Inc. Common Stock,Hospital/Nursing Management,85,14.1899995803833,-15.384620196512632,83,4,D
BKE,Buckle Inc. (The) Common Stock,Clothing/Shoe/Accessory Stores,88,42.47999954223633,-25.604778502750236,29,65,E+
BKH,Black Hills Corporation Common Stock,Electric Utilities: Central,52,75.54000091552734,-0.7417816212310302,68,48,D+
BKKT,Bakkt Inc. Class A Common Stock,Finance: Consumer Services,116,8.199999809265137,-81.79396171717612,13,9,B
BKNG,Booking Holdings Inc. Common Stock,Transportation Services,116,174.85000610351562,-23.674262293061897,32,93,C+
BKR,Baker Hughes Company Class A Common Stock,Oil and Gas Field Machinery,32,57.775001525878906,-16.796033907493513,64,96,D
BKSY,BlackSky Technology Inc. Class A Common Stock,Radio And Television Broadcasting And Communications Equipment,27,25.670000076293945,-50.28084535108255,33,20,E
BKT,BlackRock Income Trust Inc. (The),Investment Bankers/Brokers/Service,77,10.5600004196167,-3.28959705086872,45,,D
BKTI,BK Technologies Corporation Common Stock,Radio And Television Broadcasting And Communications Equipment,27,81.26000213623047,-16.183594951929702,66,87,D
BKU,BankUnited Inc. Common Stock,Savings Institutions,11,47.95000076293945,-4.5411692908506325,64,50,D
BKV,BKV Corporation Common Stock,Oil & Gas Production,30,25.59000015258789,-20.42910362561119,49,83,D+
BKYI,BIO-key International Inc. Common Stock,Computer Software: Prepackaged Software,118,5.0,-51.45631157854113,23,4,E
BL,BlackLine Inc. Common Stock,Computer Software: Prepackaged Software,118,29.110000610351562,-50.51844347387863,18,88,C+
BLBD,Blue Bird Corporation Common Stock,Construction/Ag Equipment/Trucks,32,77.27999877929688,-2.91457253680536,86,78,C+
BLCO,Bausch + Lomb Corporation Common Shares,Ophthalmic Goods,120,15.960000038146973,-14.193549941820738,49,61,D+
BLDP,Ballard Power Systems Inc. Common Shares,Industrial Machinery/Components,77,2.9700000286102295,-53.448276248651894,65,20,D+
BLDR,Builders FirstSource Inc. Common Stock,RETAIL: Building Materials,114,75.16000366210938,-49.6280408282267,18,30,D
BLFS,BioLife Solutions Inc. Common Stock,Biotechnology: Electromedical & Electrotherapeutic Apparatus,81,28.649999618530273,-0.4862844478812245,78,63,A-
BLIN,Bridgeline Digital Inc. Common Stock,Computer Software: Prepackaged Software,118,1.2200000286102295,-22.292994404376877,75,20,A
BLIV,BeLive Holdings Ordinary Share,EDP Services,126,2.380000114440918,-41.70952711957202,26,,E
BLK,BlackRock Inc. Common Stock,Investment Bankers/Brokers/Service,77,1025.43994140625,-13.35311744100327,41,73,D-
BLKB,Blackbaud Inc. Common Stock,Computer Software: Prepackaged Software,118,29.899999618530273,-58.24605590883337,14,97,C+
BLLN,BillionToOne Inc. Class A Common Stock,Medical Specialities,24,124.87000274658203,-4.0789600767792145,85,,A-
BLMN,Bloomin' Brands Inc. Common Stock,Restaurants,97,8.3100004196167,-19.4799894028142,72,73,B
BLND,Blend Labs Inc. Class A Common Stock,Computer Software: Programming Data Processing,112,1.7799999713897705,-59.26773414178148,25,20,B-
BLNE,Beeline Holdings Inc. Common Stock,Finance: Consumer Services,116,1.059999942779541,-75.63218468922987,9,,E-
BLNK,Blink Charging Co. Common Stock,Industrial Specialties,90,0.5688999891281128,-77.24400043487549,18,20,D-
BLRX,BioLineRx Ltd. American Depositary Shares,Biotechnology: Pharmaceutical Preparations,77,3.049999952316284,-35.10638135976512,47,,E-
BLSH,Bullish Ordinary Shares,Finance: Consumer Services,116,24.850000381469727,-66.70239676267491,10,20,E
BLTE,Belite Bio Inc American Depositary Shares,Biotechnology: Pharmaceutical Preparations,77,146.67999267578125,-22.921707659727563,84,20,D-
BLW,Blackrock Limited Duration Income Trust,Other Consumer Services,121,12.739999771118164,-4.403503796600205,45,,C-
BLX,Bladex Inc. Class E Common Stock,Commercial Banks,10,57.36000061035156,-8.633319965486653,75,57,D
BLZE,Backblaze Inc. Class A Common Stock,Computer Software: Prepackaged Software,118,16.549999237060547,-7.178915827944953,99,96,A+
BMA,Banco Macro S.A.  ADR (representing Ten Class B Common Shares),Commercial Banks,10,92.16000366210938,-8.867854195459191,82,86,B+
BMBL,Bumble Inc. Class A Common Stock,Computer Software: Programming Data Processing,112,2.930000066757202,-65.81096649832145,18,81,B+
BMEA,Biomea Fusion Inc. Common Stock,Biotechnology: Pharmaceutical Preparations,77,1.2899999618530273,-51.685396067718735,20,20,E+
BMGL,Basel Medical Group Ltd Ordinary Shares,Medical/Nursing Services,27,8.119999885559082,-77.8867112864339,29,,A+
BMHL,Bluemount Holdings Limited Class B Ordinary Shares,Finance: Consumer Services,116,6.090000152587891,-1.1363587103598194,92,,A+
BMI,Badger Meter Inc. Common Stock,Industrial Machinery/Components,77,141.4600067138672,-41.84629449274039,25,72,D+
BMM,Blue Moon Metals Inc. Common Shares,,,6.349999904632568,-24.940899810877138,68,,E-
BMNR,BitMine Immersion Technologies Inc. Common Stock,Finance: Consumer Services,116,16.290000915527344,-74.22526892098071,11,38,D+
BMO,Bank Of Montreal Common Stock,Commercial Banks,10,180.86000061035156,0.0,85,58,C
BMR,Beamr Imaging Ltd. Ordinary Share,Computer Software: Prepackaged Software,118,1.3700000047683716,-61.62464900877641,17,,C+
BMRA,Biomerica Inc. Common Stock,Biotechnology: In Vitro & In Vivo Diagnostic Substances,95,1.6299999952316284,-60.62801816910881,15,11,E
BMRC,Bank of Marin Bancorp Common Stock,Major Banks,20,28.260000228881836,-2.3496900228993867,63,50,B+
BMRN,BioMarin Pharmaceutical Inc. Common Stock,Biotechnology: Pharmaceutical Preparations,77,58.63999938964844,-8.489391832023784,52,50,B-
BMY,Bristol-Myers Squibb Company Common Stock,Biotechnology: Pharmaceutical Preparations,77,56.95000076293945,-6.707217621736916,63,36,D+
BN,Brookfield Corporation Class A Limited Voting Shares,Building operators,83,43.65999984741211,-10.908987450887963,44,31,D
BNAI,Brand Engagement Network Inc. Common Stock,EDP Services,126,13.720000267028809,-78.22222179836697,97,35,A
BNC,CEA Industries Inc. Common Stock,Industrial Machinery/Components,77,2.890000104904175,-94.98133168211955,15,,A
BNED,Barnes & Noble Education Inc Common Stock,Other Specialty Stores,112,12.390000343322754,-9.82532351007126,79,34,B+
BNGO,Bionano Genomics Inc. Common Stock,Biotechnology: Laboratory Analytical Instruments,52,1.149999976158142,-76.62601710721121,19,20,D+
BNKK,Bonk Inc. Common Stock,Package Goods/Cosmetics,83,1.309999942779541,-96.88095251719156,5,,A-
BNL,Broadstone Net Lease Inc. Common Stock,Real Estate Investment Trusts,41,21.8700008392334,-0.3190505611682104,76,78,C+
BNR,Burning Rock Biotech Limited American Depositary Shares,Medical Specialities,24,9.9399995803833,-75.79152642978444,47,4,C-
BNRG,Brenmiller Energy Ltd Ordinary Shares,Building Products,63,0.7504000067710876,-99.09915968873995,1,,E-
BNS,Bank Nova Scotia Halifax Pfd 3 Ordinary Shares,Major Banks,20,88.98999786376953,0.0,83,72,C+
BNT,Brookfield Wealth Solutions Ltd. Class A Exchangeable Limited Voting Shares,Property-Casualty Insurers,41,43.81999969482422,-11.368030132161522,43,29,D-
BNTC,Benitec Biopharma Inc. Common Stock,Biotechnology: Pharmaceutical Preparations,77,12.979999542236328,-21.428576376725815,51,11,E+
BNTX,BioNTech SE American Depositary Share,Biotechnology: Biological Products (No Diagnostic Substances),67,90.4000015258789,-24.25003829401261,33,4,C
BNY,The Bank of New York Mellon Corporation Common Stock,Major Banks,20,154.5,0.0,84,86,C-
BNZI,Banzai International Inc. Class A Common Stock,Computer Software: Prepackaged Software,118,2.740000009536743,-96.65853657373567,1,,A-
BOBS,Bob's Discount Furniture Inc. Common Stock,Other Specialty Stores,112,15.600000381469727,-30.758988433069547,61,,A-
BOC,Boston Omaha Corporation Class A Common Stock,Real Estate,90,14.100000381469727,-6.560634599784166,58,,B+
BODI,The Beachbody Company Inc. Class A Common Stock,Other Consumer Services,121,11.15999984741211,-30.46728736508033,90,63,D+
BOF,BranchOut Food Inc. Common Stock,Packaged Foods,124,4.130000114440918,-18.860510989550427,84,,A
BOH,Bank of Hawaii Corporation Common Stock,Major Banks,20,82.08000183105469,-1.1798648643683518,67,65,D+
BOKF,BOK Financial Corporation Common Stock,Major Banks,20,138.4499969482422,-1.9753670606143636,67,74,D+
BOLD,Boundless Bio Inc. Common Stock,Biotechnology: Pharmaceutical Preparations,77,2.4600000381469727,-5.384610446952321,96,20,A+
BOLT,Bolt Biotherapeutics Inc. Common Stock,Biotechnology: Pharmaceutical Preparations,77,4.050000190734863,-42.87729049968229,22,20,E+
BON,Bon Natural Life Limited Class A Ordinary Shares,Medicinal Chemicals and Botanical Products,134,1.2000000476837158,-47.36841830080122,24,,A-
BOOM,DMC Global Inc. Common Stock,Industrial Specialties,90,6.489999771118164,-27.647719309735443,44,20,D+
BOOT,Boot Barn Holdings Inc. Common Stock,Clothing/Shoe/Accessory Stores,88,155.6999969482422,-25.137032336410602,37,67,D
BORR,Borr Drilling Limited Common Shares,Oil & Gas Production,30,4.420000076293945,-33.131618955899775,78,40,E
BOSC,B.O.S. Better Online Solutions Common Stock,Computer Communications Equipment,17,4.210000038146973,-36.21211971242673,32,49,E
BOTJ,Bank of the James Financial Group Inc. Common Stock,Major Banks,20,26.079999923706055,-0.1149011334515726,88,84,B+
BOW,Bowhead Specialty Holdings Inc. Common Stock,Property-Casualty Insurers,41,30.84000015258789,-9.133761342233992,69,87,B+
BOX,Box Inc. Class A Common Stock,Computer Software: Prepackaged Software,118,30.0,-10.581220023215643,61,95,B
BOXL,Boxlight Corporation Class A Common Stock,Other Consumer Services,121,3.9100000858306885,-97.723037469115,5,,A+
BP,BP p.l.c. Common Stock,Integrated oil Companies,6,41.400001525878906,-12.085677557410657,63,97,D
BPAC,Blueport Acquisition Ltd Class A Ordinary Shares,,,10.130000114440918,-0.09862158326672255,48,,D+
BPOP,Popular Inc. Common Stock,Major Banks,20,169.0,-0.9146327280274646,81,69,C+
BPRN,Princeton Bancorp Inc. Common Stock (PA),Major Banks,20,38.130001068115234,-2.1806015497770503,67,53,B+
BQ,Boqii Holding Limited Class A Ordinary Shares,Other Specialty Stores,112,0.8147000074386597,-95.1991747766452,10,,A+
BR,Broadridge Financial Solutions Inc. Common Stock,Business Services,90,146.02000427246094,-44.16283228264851,22,68,D+
BRAG,Bragg Gaming Group Inc. Common Shares,Office Equipment/Supplies/Services,57,1.7400000095367432,-63.17460222949885,18,,C
BRAI,Braiin Limited Common Stock,EDP Services,126,5.800000190734863,-60.92521743421173,12,,A+
BRBI,BRBI BR Partners S.A. ADSs,Finance: Consumer Services,116,11.739999771118164,-48.0076972186318,22,,E
BRBR,BellRing Brands Inc. Common Stock,Packaged Foods,124,12.100000381469727,-79.40425466983876,10,49,B+
BRBS,Blue Ridge Bankshares Inc. Common Stock,Major Banks,20,3.490000009536743,-11.41486144722278,51,80,B-
BRC,Brady Corporation Common Stock,Miscellaneous manufacturing industries,115,90.33000183105469,-5.693109882580504,68,85,C
BRCB,Black Rock Coffee Bar Inc. Class A Common Stock,Restaurants,97,8.029999732971191,-71.15661031264486,7,,C-
BRCC,BRC Inc. Class A Common Stock,Beverages (Production/Distribution),101,1.1699999570846558,-42.36453332146329,62,70,C-
BRFH,Barfresh Food Group Inc. Common Stock,Packaged Foods,124,1.8700000047683716,-53.71287073204183,13,,E-
BRIA,BrilliA Inc Class A Ordinary Shares,Apparel,43,1.5700000524520874,-62.16867430425725,26,,E-
BRID,Bridgford Foods Corporation Common Stock,Specialty Foods,90,6.420000076293945,-24.470587337718285,27,11,E-
BRK-A,Berkshire Hathaway Inc.,,,737000.0,-4.308705051383754,47,,D+
BRK-B,Berkshire Hathaway Inc.,,,491.0899963378906,-4.421868264272566,47,,D+
BRKR,Bruker Corporation Common Stock,Biotechnology: Laboratory Analytical Instruments,52,59.83000183105469,-4.493909993923417,87,46,B+
BRLS,Borealis Foods Inc. Class A Common Shares,Packaged Foods,124,1.0,-75.06234556303643,13,,A
BRLT,Brilliant Earth Group Inc. Class A Common Stock,Consumer Specialties,37,1.2000000476837158,-58.904109029793176,25,,D
BRN,Barnwell Industries Inc. Common Stock,Oil & Gas Production,30,1.0299999713897705,-25.899281871225664,34,11,C+
BRNS,Barinthus Biotherapeutics plc American Depositary Shares,Biotechnology: Pharmaceutical Preparations,77,0.6122000217437744,-68.92385721559296,26,,A
BRO,Brown & Brown Inc. Common Stock,Specialty Insurers,109,68.5,-35.995337251559015,29,49,C+
BROS,Dutch Bros Inc. Class A Common Stock,Restaurants,97,64.05000305175781,-13.725747717167735,66,70,C+
BRR,ProCap Financial Inc. Common Stock,Finance: Consumer Services,116,1.9299999475479126,-82.0130472517647,14,,A
BRSL,Brightstar Lottery PLC Trading under the Legal Name to begin at the market open on July 21 2025. Ordinary Shares,Services-Misc. Amusement & Recreation,87,10.710000038146973,-38.3833454149776,24,66,E+
BRSP,BrightSpire Capital Inc. Class A Common Stock,Real Estate Investment Trusts,41,5.349999904632568,-9.210836150257462,51,,D-
BRT,BRT Apartments Corp. (MD) Common Stock,Real Estate Investment Trusts,41,14.729999542236328,-5.758161008412655,52,20,B+
BRTX,BioRestorative Therapies Inc. Common Stock (NV),Managed Health Care,,0.33000001311302185,-82.06521700398683,16,,A+
BRUN,Boost Run Inc. Class A Common Stock,EDP Services,126,25.639999389648438,-34.59183956473526,96,,C+
BRX,Brixmor Property Group Inc. Common Stock,Real Estate Investment Trusts,41,31.639999389648438,-1.9178917416718066,70,87,D+
BRZE,Braze Inc. Class A Common Stock,Computer Software: Prepackaged Software,118,26.190000534057617,-27.6319383037256,56,20,B-
BSAC,Banco Santander - Chile ADS,Commercial Banks,10,33.849998474121094,-5.14538818660254,70,50,C+
BSBK,Bogota Financial Corp. Common Stock,Banks,19,9.029999732971191,-4.84720810580982,55,42,B-
BSBR,Banco Santander Brasil SA American Depositary Shares each representing one unit,Commercial Banks,10,5.389999866485596,-23.82597279389521,38,,D-
BSET,Bassett Furniture Industries Incorporated Common Stock,Home Furnishings,51,21.489999771118164,0.0,86,45,A
BSIN,Big Sky Industrial Inc. Common Stock,Oil & Gas Production,30,1.190000057220459,-16.783209729412405,76,,A
BSRR,Sierra Bancorp Common Stock,Major Banks,20,41.08000183105469,-1.4395356759308475,78,80,C+
BST,BlackRock Science and Technology Trust Common Shares of Beneficial Interest,Finance Companies,48,47.7599983215332,-5.817394628671446,77,,C
BSVN,Bank7 Corp. Common stock,Major Banks,20,50.79999923706055,-1.8357502665496628,69,66,A-
BSX,Boston Scientific Corporation Common Stock,Medical/Dental Instruments,126,42.630001068115234,-60.5788780204155,10,88,E
BSY,Bentley Systems Incorporated Class B Common Stock,Computer Software: Prepackaged Software,118,31.149999618530273,-46.596025203728175,23,59,C
BTAI,BioXcel Therapeutics Inc. Common Stock,Biotechnology: Pharmaceutical Preparations,77,1.0299999713897705,-84.85294202207278,17,4,E
BTBD,BT Brands Inc. Common Stock,Restaurants,97,1.149999976158142,-62.04620504895016,20,,B-
BTBT,Bit Digital Inc. Ordinary Shares,Finance: Consumer Services,116,1.649999976158142,-60.90047255468684,24,,C-
BTCS,BTCS Inc. Common Stock,Finance: Consumer Services,116,1.0099999904632568,-84.45513660261352,6,,E-
BTCT,BTC Digital Ltd. Ordinary Shares,Other Consumer Services,121,0.8999999761581421,-76.98209830174633,10,,A+
BTDR,Bitdeer Technologies Group Class A Ordinary Shares,Finance: Consumer Services,116,12.359999656677246,-52.277992900686264,41,4,E+
BTE,Baytex Energy Corp Common Shares,Oil & Gas Production,30,4.239999771118164,-20.024982063479225,86,,D
BTG,B2Gold Corp Common shares (Canada),Precious Metals,111,3.7899999618530273,-38.427888128200536,29,88,E+
BTGO,BitGo Holdings Inc. Class A Common Stock,Finance: Consumer Services,116,5.179999828338623,-71.98485726089672,6,,E-
BTI,British American Tobacco  Industries p.l.c. Common Stock ADR,Medicinal Chemicals and Botanical Products,134,58.20000076293945,-11.530008324660368,59,,D-
BTMD,Biote Corp. Class A Common Stock,Medicinal Chemicals and Botanical Products,134,2.190000057220459,-51.868132628215214,36,52,E-
BTOC,Armlogi Holding Corp. Common Stock,Office Equipment/Supplies/Services,57,0.29829999804496765,-82.24404718105146,14,11,A-
BTOG,Bit Origin Limited Class A Ordinary Shares,Finance: Consumer Services,116,0.932200014591217,-98.00811959446996,2,,E-
BTQ,BTQ Technologies Corp. Common Stock,,,3.450000047683716,-75.60113179691054,28,,B-
BTSG,BrightSpring Health Services Inc. Common Stock,Medical/Nursing Services,27,69.66999816894531,-2.6683481604504955,97,97,B-
BTSGU,BrightSpring Health Services Inc. Tangible Equity Unit,Medical/Nursing Services,27,230.92999267578125,-2.0694647951047584,96,,B+
BTT,BlackRock Municipal 2030 Target Term Trust,Investment Managers,67,22.829999923706055,-0.6390003645880715,49,,D+
BTTC,Black Titan Corporation Ordinary Shares,Biotechnology: Biological Products (No Diagnostic Substances),67,0.800000011920929,-96.6638864587471,5,,E-
BTU,Peabody Energy Corporation Common Stock,Coal Mining,108,24.040000915527344,-38.94700537730507,40,20,D
BTX,BlackRock Technology and Private Equity Term Trust Common Shares of Beneficial Interest,,,8.529999732971191,-9.447986582956602,78,,C-
BTZ,BlackRock Credit Allocation Income Trust,Finance/Investors Services,73,10.25,-2.1541661003398493,46,,D+
BUD,Anheuser-Busch Inbev SA Sponsored ADR (Belgium),Beverages (Production/Distribution),101,79.37000274658203,-6.722286799255006,70,80,C-
BUDA,Buda Juice Inc. Common Stock,Beverages (Production/Distribution),101,10.609999656677246,-2.302025855463896,70,,C+
BULL,Webull Corporation Class A Ordinary Shares,Investment Bankers/Brokers/Service,77,7.53000020980835,-57.553549566174944,44,20,B+
BUR,Burford Capital Limited Ordinary Shares,Finance: Consumer Services,116,4.079999923706055,-71.28172019018201,13,36,D-
BURL,Burlington Stores Inc. Common Stock,Department/Specialty Retail Stores,52,334.30999755859375,-3.8841956992519133,65,73,D+
BURU,Nuburu Inc. Common Stock,Industrial Machinery/Components,77,0.12620000541210175,-96.14067259485596,5,,C
BUSE,First Busey Corporation Class A Common Stock,Major Banks,20,29.309999465942383,-2.8505157712190643,72,85,C
BUUU,BUUU Group Limited Class A Ordinary Share,Services-Misc. Amusement & Recreation,87,19.100000381469727,-17.064699036047728,98,,A-
BV,BrightView Holdings Inc. Common Stock,Business Services,90,14.34000015258789,-11.916464694310491,61,31,B
BVC,BitVentures Limited Ordinary Shares,,,11.319999694824219,-23.25423935712394,99,,A+
BVFL,BV Financial Inc. Common Stock,Savings Institutions,11,21.049999237060547,-3.5730677479227757,71,42,B+
BVN,Buenaventura Mining Company Inc.,Metal Mining,85,31.030000686645508,-26.880843329881277,68,,E+
BVS,Bioventus Inc. Class A Common Stock,Medical/Dental Instruments,126,11.5600004196167,-5.400980630032204,87,99,B+
BW,Babcock & Wilcox Enterprises Inc. Common Stock,Building Products,63,11.09000015258789,-49.24485144635074,99,20,E-
BWA,BorgWarner Inc. Common Stock,Auto Parts:O.E.M.,56,64.04000091552734,-16.8635571460775,86,66,C-
BWAY,BrainsWay Ltd. American Depositary Shares,Medical/Dental Instruments,126,14.449999809265137,-15.841585643230271,88,93,D-
BWB,Bridgewater Bancshares Inc. Common Stock,Major Banks,20,21.549999237060547,-0.5996359146000496,73,76,B
BWEN,Broadwind Inc. Common Stock,Metal Fabrications,37,5.090000152587891,0.0,97,4,A
BWFG,Bankwell Financial Group Inc. Common Stock,Major Banks,20,58.31999969482422,-3.1872542001088577,79,74,C+
BWIN,The Baldwin Insurance Group Inc. Class A Common Stock,Specialty Insurers,109,26.510000228881836,-38.33449826972119,45,30,A
BWLP,BW LPG Limited Common Shares,Transportation Services,116,20.93000030517578,-4.485347021504871,88,83,C-
BWMN,Bowman Consulting Group Ltd. Common Stock,Professional Services,104,27.190000534057617,-38.802610066851216,26,35,D-
BWMX,Betterware de Mexico S.A.P.I. de C.V. Ordinary Shares,Catalog/Specialty Distribution,59,18.030000686645508,-4.350130918990914,82,86,C-
BWXT,BWX Technologies Inc. Common Stock,Industrial Machinery/Components,77,179.8300018310547,-24.473294082792197,38,69,E
BX,Blackstone Inc. Common Stock,Investment Managers,67,124.55999755859375,-31.999173310490804,33,58,C-
BXC,Bluelinx Holdings Inc. Common Stock,Wholesale Distributors,,55.7599983215332,-35.283198756344994,27,30,B-
BXMT,Blackstone Mortgage Trust Inc. Common Stock,Real Estate Investment Trusts,41,17.100000381469727,-13.085259639285397,38,,D-
BXP,BXP Inc. Common Stock,Real Estate Investment Trusts,41,67.72000122070312,-10.38076027665442,61,66,B-
BY,Byline Bancorp Inc. Common Stock,Major Banks,20,37.20000076293945,-2.948085087748975,76,71,C+
BYAH,Park Ha Biological Technology Co. Ltd. Class A Ordinary Shares,Package Goods/Cosmetics,83,0.40400001406669617,-99.20784310967315,2,,A+
BYD,Boyd Gaming Corporation Common Stock,Hotels/Resorts,39,86.08999633789062,-4.0245270157975295,49,67,D+
BYFC,Broadway Financial Corporation Class A Common Stock,Savings Institutions,11,9.75,-6.249996561270366,78,63,C-
BYND,Beyond Meat Inc. Common Stock,Packaged Foods,124,0.621399998664856,-85.48130915412546,13,20,E+
BYRN,Byrna Technologies Inc. Common Stock,Industrial Machinery/Components,77,3.5399999618530273,-87.18783905401027,5,46,E-
BYSI,BeyondSpring Inc. Ordinary Shares,Biotechnology: Pharmaceutical Preparations,77,1.3300000429153442,-43.40425119620186,20,,D
BZ,KANZHUN LIMITED American Depository Shares,Computer Software: Programming Data Processing,112,14.229999542236328,-42.47249395163032,30,92,C-
BZAI,Blaize Holdings Inc. Common Stock,Blank Checks,71,1.149999976158142,-81.71701139693882,8,20,C-
BZFD,BuzzFeed Inc. Class A Common Stock,Telecommunications Equipment,73,1.3799999952316284,-46.09374898136591,87,20,A
BZH,Beazer Homes USA Inc. Common Stock,Homebuilding,59,32.56999969482422,0.0,87,28,A-
BZUN,Baozun Inc. American Depositary Shares,Catalog/Specialty Distribution,59,2.7200000286102295,-42.97693837554475,41,20,C+
C,Citigroup Inc. Common Stock,Major Banks,20,133.27000427246094,-8.512386937839523,76,74,D-
CAAP,Corporacion America Airports SA Common Shares,Aerospace,101,24.860000610351562,-18.08896112722983,58,87,D-
CAAS,China Automotive Systems Inc. Ordinary Share,Auto Parts:O.E.M.,56,4.380000114440918,-12.749001372854075,49,,C+
CABA,Cabaletta Bio Inc. Common Stock,Biotechnology: Biological Products (No Diagnostic Substances),67,2.6700000762939453,-35.66265024248031,57,20,C+
CABO,Cable One Inc. Common Stock,Cable & Other Pay Television Services,104,43.0099983215332,-75.90206221923566,6,43,E
CABR,Caring Brands Inc. Common Stock,Package Goods/Cosmetics,83,1.309999942779541,-13.815792156718809,82,,B+
CAC,Camden National Corporation Common Stock,Major Banks,20,53.84000015258789,-3.4952513549730613,75,82,C+
CACC,Credit Acceptance Corporation Common Stock,Finance: Consumer Services,116,617.780029296875,-5.998171360005722,78,69,B+
CACI,CACI International Inc. Class A Common Stock,EDP Services,126,468.54998779296875,-29.24236456825271,32,68,D-
CADL,Candel Therapeutics Inc. Common Stock,Biotechnology: Biological Products (No Diagnostic Substances),67,9.869999885559082,-4.729727677185281,94,4,B+
CAE,CAE Inc. Ordinary Shares,Industrial Machinery/Components,77,24.920000076293945,-26.813507680873517,31,,E+
CAG,ConAgra Brands Inc. Common Stock,Packaged Foods,124,14.149999618530273,-27.538422483666615,34,47,D
CAH,Cardinal Health Inc. Common Stock,Other Pharmaceuticals,138,230.11000061035156,-4.004841614716059,76,92,C-
CAI,Caris Life Sciences Inc. Common Stock,Medical Specialities,24,16.950000762939453,-56.870226229024134,19,20,D-
CAKE,Cheesecake Factory Incorporated (The) Common Stock,Restaurants,97,80.44000244140625,-2.8032861707824597,85,80,B
CAL,Caleres Inc. Common Stock,Shoe Manufacturing,66,11.3100004196167,-26.64617685544075,29,51,C
CALC,CalciMedica Inc. Common Stock,Biotechnology: Pharmaceutical Preparations,77,0.7444000244140625,-88.95548887695931,14,,E-
CALM,Cal-Maine Foods Inc. Common Stock,Farming/Seeds/Milling,88,83.13999938964844,-26.72989299334295,50,48,C-
CALX,Calix Inc Common Stock,Telecommunications Equipment,73,39.060001373291016,-42.911425871654444,22,87,D-
CALY,Callaway Golf Company Common Stock,Recreational Games/Products/Toys,97,18.979999542236328,-1.4025997805905077,93,37,B
CAMP,CAMP4 Therapeutics Corporation Common Stock,,,4.449999809265137,-37.5876614608712,84,,A+
CAMT,Camtek Ltd. Ordinary Shares,Electronic Components,5,149.89999389648438,-27.745112770949966,68,42,D-
CAN,Canaan Inc. American Depositary Shares,Semiconductors,2,0.28999999165534973,-85.85365861459265,7,20,B-
CANF,Can-Fite Biopharma Ltd American Depositary Shares each representing two (2) Ordinary Shares,Biotechnology: Pharmaceutical Preparations,77,3.2200000286102295,-84.66666653042748,17,,A+
CANG,Cango Inc. Class A Ordinary Shares,Computer Software: Prepackaged Software,118,0.20000000298023224,-92.72727261890064,3,20,A
CAPR,Capricor Therapeutics Inc. Common Stock,Biotechnology: Pharmaceutical Preparations,77,20.68000030517578,-41.48273849494758,88,20,E-
CAPS,Capstone Holding Corp. Common Stock,RETAIL: Building Materials,114,0.25679999589920044,-85.57303370636019,5,,A
CAR,Avis Budget Group Inc. Common Stock,Rental/Leasing Companies,134,159.77999877929688,-77.62090769420682,25,20,E+
CARE,Carter Bankshares Inc. Common Stock,Major Banks,20,31.969999313354492,-7.574445873592694,90,59,B-
CARG,CarGurus Inc. Class A Common Stock,EDP Services,126,34.04999923706055,-12.759415060186797,41,59,B-
CARL,Carlsmed Inc. Common Stock,Medical/Dental Instruments,126,10.800000190734863,-36.43319401867136,36,20,C
CARR,Carrier Global Corporation Common Stock,Industrial Machinery/Components,77,69.76000213623047,-12.573856421252593,61,36,C-
CARS,Cars.com Inc. Common Stock,EDP Services,126,11.270000457763672,-18.274108129516854,49,60,B
CART,Maplebear Inc. Common Stock,Business Services,90,47.709999084472656,-7.842382339948695,66,49,C+
CASH,Pathward Financial Inc. Common Stock,Major Banks,20,90.97000122070312,-8.910431211012682,59,59,C-
CASS,Cass Information Systems Inc Common Stock,Business Services,90,52.06999969482422,-1.0076022712389054,75,48,C+
CAST,FreeCast Inc. Class A Common Stock,EDP Services,126,2.7899999618530273,-71.64634229076444,8,11,A+
CASY,Casey's General Stores Inc. Common Stock,Retail-Auto Dealers and Gas Stations,104,847.1900024414062,-7.540274222552501,85,91,B-
CAT,Caterpillar Inc. Common Stock,Construction/Ag Equipment/Trucks,32,933.3400268554688,-12.354211150570848,92,86,E+
CATO,Cato Corporation (The) Class A Common Stock,Clothing/Shoe/Accessory Stores,88,3.2300000190734863,-31.567793164195546,42,54,B
CATX,Perspective Therapeutics Inc. Common Stock,Medical/Dental Instruments,126,3.049999952316284,-46.01770087018138,25,4,E
CATY,Cathay General Bancorp Common Stock,Major Banks,20,61.38999938964844,-2.986724756807013,75,85,C-
CAVA,CAVA Group Inc. Common Stock,Restaurants,97,69.97000122070312,-28.15483965580533,34,43,E+
CB,Chubb Limited  Common Stock,Property-Casualty Insurers,41,346.2200012207031,-4.139328197583758,65,90,C-
CBAN,Colony Bankcorp Inc. Common Stock,Major Banks,20,20.399999618530273,-4.135343231767319,61,54,D
CBAT,CBAK Energy Technology Limited Ordinary Shares,Industrial Machinery/Components,77,0.5023000240325928,-57.789915976488324,12,,E-
CBC,Central Bancompany Inc. Class A Common Stock,,,30.920000076293945,-2.7367122182386017,80,,C+
CBFV,CB Financial Services Inc. Common Stock,Major Banks,20,35.790000915527344,-6.577917952048329,59,71,B+
CBIO,Crescent Biopharma Inc. Common Stock,Biotechnology: Pharmaceutical Preparations,77,15.305000305175781,-43.272792569116646,61,9,A
CBK,Commercial Bancgroup Inc. Common Stock,Major Banks,20,32.810001373291016,-1.8546183853572207,80,,B+
CBL,CBL & Associates Properties Inc. Common Stock,Real Estate Investment Trusts,41,52.40999984741211,-5.191749267837576,91,97,B
CBLL,CeriBell Inc. Common Stock,Biotechnology: Electromedical & Electrotherapeutic Apparatus,81,19.1299991607666,-18.35254412463363,60,11,D+
CBNA,Chain Bridge Bancorp Inc. Class A Common Stock,Major Banks,20,41.369998931884766,-5.934517138512108,79,80,B
CBNK,Capital Bancorp Inc. Common Stock,Major Banks,20,35.11000061035156,-2.8769042092095964,64,46,B-
CBOE,Cboe Global Markets Inc. Common Stock,Investment Bankers/Brokers/Service,77,274.9800109863281,-24.855096280151944,52,90,E
CBRE,CBRE Group Inc Common Stock Class A,Real Estate,90,133.1300048828125,-22.4229331569724,33,86,D
CBRL,Cracker Barrel Old Country Store Inc Common Stock,Restaurants,97,53.36000061035156,-24.130621128563735,90,32,A
CBSH,Commerce Bancshares Inc. Common Stock,Major Banks,20,57.90999984741211,-6.152467661775818,56,77,C-
CBT,Cabot Corporation Common Stock,Major Chemicals,59,87.73999786376953,-6.059960995333736,72,49,C
CBU,Community Financial System Inc. Common Stock,Major Banks,20,67.87999725341797,-0.8327242077968533,65,59,C-
CBUS,Cibus Inc. Class A Common Stock,Agricultural Chemicals,128,2.390000104904175,-40.98765450994918,90,20,A+
CBZ,CBIZ Inc. Common Stock,Business Services,90,40.91999816894531,-47.41035926889592,43,68,B+
CC,Chemours Company (The) Common Stock,Major Chemicals,59,18.6299991607666,-33.084540576624086,65,,E
CCAP,Crescent Capital BDC Inc. Common stock,Finance: Consumer Services,116,11.0,-21.745936117669405,31,,E+
CCB,Coastal Financial Corporation Common Stock,Major Banks,20,78.8499984741211,-33.72278921990996,26,61,D
CCBG,Capital City Bank Group Common Stock,Major Banks,20,49.34000015258789,-1.8500105365170216,65,70,B
CCC,CCC Intelligent Solutions Holdings Inc. Common Stock,Computer Software: Prepackaged Software,118,6.070000171661377,-39.48155201133532,31,81,A-
CCCC,C4 Therapeutics Inc. Common Stock,Biotechnology: Biological Products (No Diagnostic Substances),67,3.809999942779541,-18.415420117014,90,20,C
CCEC,Capital Clean Energy Carriers Corp. Common Share,Marine Transportation,9,22.684999465942383,-5.73298664192926,66,35,B
CCEL,Cryo-Cell International Inc. Common Stock,Misc Health and Biotechnology Services,8,3.4000000953674316,-35.96986568727366,31,,A-
CCEP,Coca-Cola Europacific Partners plc Ordinary Shares,Beverages (Production/Distribution),101,105.5,-3.4438426290799407,66,,C+
CCG,Cheche Group Inc. Class A Ordinary Shares,Specialty Insurers,109,0.44130000472068787,-70.57999968528748,11,,A-
CCHH,CCH Holdings Ltd Class A Ordinary Shares,Restaurants,97,1.7100000381469727,-88.69047585258137,96,,E-
CCI,Crown Castle Inc. Common Stock,Real Estate Investment Trusts,41,79.05000305175781,-27.264723267022994,33,82,D-
CCIX,Churchill Capital Corp IX Ordinary Shares,EDP Services,126,10.869999885559082,-0.6398509827160948,47,,D+
CCIXU,Churchill Capital Corp IX Unit,EDP Services,126,11.5600004196167,-3.66666316986084,56,,E-
CCJ,Cameco Corporation Common Stock,Other Metals and Minerals,132,91.56999969482422,-31.71004385436863,39,,E
CCK,Crown Holdings Inc.,Containers/Packaging,59,109.5,-5.049238181437243,55,46,C-
CCL,Carnival Corporation Ltd. Common Shares,Marine Transportation,9,26.5,-21.195777697008968,37,67,C-
CCLD,CareCloud Inc. Common Stock,Computer Software: Prepackaged Software,118,2.319999933242798,-39.58333372138442,26,40,E
CCM,Concord Medical Services Holdings Limited American Depositary Shares (Each represents thirty (30) Class A ordinary shares),Medical/Nursing Services,27,4.369999885559082,-36.666669200583904,39,,E+
CCNE,CNB Financial Corporation Common Stock,Major Banks,20,33.43000030517578,-2.593238337885706,78,73,C
CCO,Clear Channel Outdoor Holdings Inc. Common Stock,Advertising,94,2.4100000858306885,-0.8230444599618192,85,40,C
CCOI,Cogent Communications Holdings Inc.,Telecommunications Equipment,73,12.25,-76.124894528069,7,20,E
CCRN,Cross Country Healthcare Inc. Common Stock $0.0001 Par Value,Professional Services,104,13.220000267028809,-7.097676090640215,80,20,B
CCS,Century Communities Inc. Common Stock,Homebuilding,59,65.27999877929688,-11.837359310276463,56,36,B-
CCSI,Consensus Cloud Solutions Inc. Common Stock,Computer Software: Prepackaged Software,118,38.099998474121094,-1.702786057772987,91,71,B+
CCTG,CCSC Technology International Holdings Limited Class A Ordinary Shares,Building Products,63,0.890999972820282,-96.19230774638686,30,,A+
CCU,Compania Cervecerias Unidas S.A. Common Stock,Beverages (Production/Distribution),101,11.109999656677246,-26.14509636206712,33,45,B-
CCXI,Churchill Capital Corp XI Class A Ordinary Shares,Blank Checks,71,15.970000267028809,-16.3874348268472,90,,A+
CCZ,Comcast Holdings ZONES,Cable & Other Pay Television Services,104,66.5,0.0,56,,C
CD,Chaince Digital Holdings Inc. Ordinary Shares,Finance: Consumer Services,116,3.119999885559082,-91.2824816827387,11,,A
CDE,Coeur Mining Inc. Common Stock,Precious Metals,111,16.0,-41.00195998833066,41,,E
CDIO,Cardio Diagnostics Holdings Inc. Common stock,Biotechnology: In Vitro & In Vivo Diagnostic Substances,95,1.7999999523162842,-72.51908549770076,20,,B
CDLR,Cadeler A/S American Depositary Share (each representing four (4) Ordinary Shares),Marine Transportation,9,23.209999084472656,-21.50828771048241,50,,D
CDLX,Cardlytics Inc. Common Stock,Computer Software: Programming Data Processing,112,4.21999979019165,-86.47435997756665,5,20,E-
CDNA,CareDx Inc. Common Stock,Medical Specialities,24,28.93000030517578,-1.1953564660582838,93,58,A-
CDNL,Cardinal Infrastructure Group Inc. Class A Common Stock,Military/Government/Technical,103,69.72000122070312,-26.07358389826395,98,,B
CDNS,Cadence Design Systems Inc. Common Stock,Computer Software: Prepackaged Software,118,376.79998779296875,-9.507919369511065,72,69,C
CDP,COPT Defense Properties Common Shares of Beneficial Interest,Real Estate Investment Trusts,41,36.54999923706055,-2.973185522499122,77,49,B
CDRE,Cadre Holdings Inc. Common Stock,Industrial Specialties,90,28.3799991607666,-38.189623472176784,25,49,D-
CDRO,Codere Online Luxembourg S.A. Ordinary Shares,Services-Misc. Amusement & Recreation,87,9.449999809265137,-7.3529413139668875,71,,D+
CDT,CDT Equity Inc. Common Stock,Biotechnology: Pharmaceutical Preparations,77,0.3499999940395355,-99.92424242553257,1,,A+
CDTG,CDT Environmental Technology Investment Holdings Limited ordinary shares,Miscellaneous,142,1.7300000190734863,-93.70909083973278,2,,E-
CDW,CDW Corporation Common Stock,Retail: Computer Software & Peripheral Equipment,57,139.3800048828125,-22.014660486514913,43,51,B-
CDXS,Codexis Inc. Common Stock,Major Chemicals,59,2.130000114440918,-36.03603113388728,37,20,D+
CDZI,CADIZ Inc. Common Stock,Water Supply,65,3.9600000381469727,-42.77456655364983,32,,B+
CDZIP,Cadiz Inc. Depositary Shares,Water Supply,65,22.200000762939453,-5.099981728035385,77,,B+
CE,Celanese Corporation Common Stock,Major Chemicals,59,47.75,-31.036970720379486,31,63,E
CECO,CECO Environmental Corp. Common Stock,Pollution Control Equipment,71,82.8499984741211,-16.875689780101666,92,85,D+
CEG,Constellation Energy Corporation Common Stock,Electric Utilities: Central,52,256.42999267578125,-36.26249176419293,25,78,E
CELC,Celcuity Inc. Common Stock,Medical Specialities,24,111.05000305175781,-23.403223669247375,98,20,C
CELH,Celsius Holdings Inc. Common Stock,Beverages (Production/Distribution),101,30.139999389648438,-53.53068284609584,18,97,D
CELU,Celularity Inc. Class A Common Stock,Biotechnology: Pharmaceutical Preparations,77,0.7549999952316284,-81.80722944863493,9,,A
CELZ,Creative Medical Technology Holdings Inc. Common Stock,Finance: Consumer Services,116,0.842199981212616,-84.93381112301546,5,4,A+
CENN,Cenntro Inc. Common Stock,Auto Manufacturing,140,3.190000057220459,-92.28462244129918,8,,D-
CENT,Central Garden & Pet Company Common Stock,Consumer Specialties,37,42.36000061035156,-6.179403812263839,71,70,C
CENTA,Central Garden & Pet Company Class A Common Stock Nonvoting,Consumer Specialties,37,37.119998931884766,-6.120389295924989,68,45,C+
CENX,Century Aluminum Company Common Stock,Aluminum,,46.08000183105469,-32.99403216460589,73,99,E
CEPF,Cantor Equity Partners IV Inc. Class A Ordinary Shares,Blank Checks,71,10.449999809265137,-1.6007540313169755,49,,D+
CEPO,Cantor Equity Partners I Inc. Class A Ordinary Shares,Blank Checks,71,10.654999732971191,-30.08530253941447,44,,D+
CEPS,Cantor Equity Partners VI Inc. Class A Ordinary Shares,Blank Checks,71,10.359999656677246,-0.7662828249186293,49,,D+
CEPU,Central Puerto S.A. American Depositary Shares (each represents ten Common Shares),Electric Utilities: Central,52,14.869999885559082,-17.158778531862286,66,94,C-
CEPV,Cantor Equity Partners V Inc. Class A Ordinary Shares,,,10.449999809265137,0.0,49,,C
CERS,Cerus Corporation Common Stock,EDP Services,126,3.069999933242798,-6.402440243253826,93,20,A-
CERT,Certara Inc. Common Stock,Computer Software: Prepackaged Software,118,6.670000076293945,-50.95588316760671,27,20,B+
CET,Central Securities Corporation Common Stock,Finance/Investors Services,73,53.06999969482422,-1.2664622347987597,55,,D
CETX,Cemtrex Inc. Common Stock,Electrical Products,3,2.700000047683716,-98.66666664311914,2,9,A+
CETY,Clean Energy Technologies Inc. Common Stock,Metal Fabrications,37,0.9442999958992004,-79.6924736229584,30,,A-
CEV,Eaton Vance California Municipal Income Trust Shares of Beneficial Interest,Finance/Investors Services,73,10.600000381469727,0.0,58,,C-
CEVA,CEVA Inc. Common Stock,Computer Software: Programming Data Processing,112,43.529998779296875,-13.04435160778512,95,46,A-
CF,CF Industries Holdings Inc. Common Stock,Agricultural Chemicals,128,119.19000244140625,-13.0257172656272,72,74,D
CFBK,CF Bankshares Inc. Common Stock,Major Banks,20,32.400001525878906,-2.156719447453681,75,54,B+
CFFI,C&F Financial Corporation Common Stock,Major Banks,20,77.08000183105469,-10.559292691920042,61,71,A
CFFN,Capitol Federal Financial Inc. Common Stock,Savings Institutions,11,8.489999771118164,-1.5081219972949755,79,65,C-
CFG,Citizens Financial Group Inc. Common Stock,Major Banks,20,70.31999969482422,-2.482319928410015,77,71,D+
CFR,Cullen/Frost Bankers Inc. Common Stock,Major Banks,20,157.3800048828125,-0.3293154108750418,68,82,C-
CG,The Carlyle Group Inc. Common Stock,Investment Managers,67,45.47999954223633,-33.06388342705382,27,31,E+
CGAU,Centerra Gold Inc. Common Shares,Precious Metals,111,16.020000457763672,-23.378870958928378,78,73,E+
CGBD,Carlyle Secured Lending Inc. Common Stock,Finance: Consumer Services,116,10.420000076293945,-16.251812945839806,37,,D-
CGC,Canopy Growth Corporation Common Shares,Medicinal Chemicals and Botanical Products,134,0.9587000012397766,-50.067707152687916,25,20,D
CGEM,Cullinan Therapeutics Inc. Common Stock,Biotechnology: Biological Products (No Diagnostic Substances),67,17.770000457763672,-3.8419864830079753,94,4,B+
CGEN,Compugen Ltd. Ordinary Shares,Biotechnology: Biological Products (No Diagnostic Substances),67,2.299999952316284,-25.806450868620434,61,65,D-
CGNT,Cognyte Software Ltd. Ordinary Shares,Computer Software: Prepackaged Software,118,9.069999694824219,-25.898693918066595,49,20,D-
CGNX,Cognex Corporation Common Stock,Industrial Machinery/Components,77,65.02999877929688,-10.204362850726179,88,81,C+
CGON,CG Oncology Inc. Common stock,Biotechnology: Biological Products (No Diagnostic Substances),67,71.7699966430664,-4.6119103126317835,90,4,C
CGTL,Creative Global Technology Holdings Limited Class A Ordinary Shares,Retail: Computer Software & Peripheral Equipment,57,4.429999828338623,-94.3205130405915,4,,A+
CGTX,Cognition Therapeutics Inc. Common Stock,Biotechnology: Biological Products (No Diagnostic Substances),67,1.0099999904632568,-68.23899467734282,48,4,E
CHA,Chagee Holdings Limited American Depositary Shares,Restaurants,97,11.279999732971191,-55.76889205271054,30,47,B-
CHAI,Core AI Holdings Inc. Common Shares,Telecommunications Equipment,73,0.46000000834465027,-97.52688172628788,3,,A+
CHCI,Comstock Holding Companies Inc. Class A Common Stock,Real Estate,90,16.040000915527344,-17.701379661909,62,76,A+
CHCO,City Holding Company Common Stock,Major Banks,20,134.1699981689453,-0.8058527148879446,60,82,C-
CHCT,Community Healthcare Trust Incorporated Common Stock,Real Estate Investment Trusts,41,17.690000534057617,-4.32665898844502,67,71,C-
CHD,Church & Dwight Company Inc. Common Stock,Package Goods/Cosmetics,83,95.41000366210938,-9.061854922681434,52,59,D-
CHDN,Churchill Downs Incorporated Common Stock,Services-Misc. Amusement & Recreation,87,83.5,-28.99055821035511,31,53,C
CHE,Chemed Corp,Medical/Nursing Services,27,491.8900146484375,-0.07718820438266105,69,48,B-
CHEC,Chenghe Acquisition III Co. Class A Ordinary Share,,,10.180000305175781,-0.29382696238104966,48,,C-
CHEF,The Chefs' Warehouse Inc. Common Stock,Food Distributors,11,98.79000091552734,0.0,91,94,B+
CHGG,Chegg Inc. Common Stock,Other Consumer Services,121,0.8228999972343445,-55.27717487464723,22,20,D
CHH,Choice Hotels International Inc. Common Stock,Hotels/Resorts,39,108.31999969482422,-19.039084743771706,40,67,D
CHKP,Check Point Software Technologies Ltd. Ordinary Shares,Computer Software: Prepackaged Software,118,137.02000427246094,-38.55605189575743,24,82,D
CHMG,Chemung Financial Corp Common Stock,Major Banks,20,74.76000213623047,-1.992654257198212,84,66,C+
CHMI,Cherry Hill Mortgage Investment Corporation Common Stock,Real Estate Investment Trusts,41,2.299999952316284,-11.780624364147641,40,47,D-
CHNR,China Natural Resources Inc. Common Stock,Precious Metals,111,3.759999990463257,-47.55927544694338,37,,E-
CHOW,ChowChow Cloud International Holdings Limited Ordinary Shares,Computer Software: Prepackaged Software,118,0.3763999938964844,-97.01506737395371,7,,A+
CHPT,ChargePoint Holdings Inc. Common Stock,Industrial Specialties,90,6.300000190734863,-52.84430873779131,29,20,B
CHR,Cheer Holding Inc. Class A Ordinary Share,EDP Services,126,1.850000023841858,-99.38023449787542,11,,A
CHRD,Chord Energy Corporation Common Stock,Oil & Gas Production,30,121.98999786376953,-17.768786388768465,64,34,D-
CHRN,ChronoScale Holdings Corporation Common Stock,Industrial Machinery/Components,77,23.010000228881836,-10.883034466130004,99,,A-
CHRS,Coherus Oncology Inc. Common Stock,Biotechnology: Biological Products (No Diagnostic Substances),67,1.4500000476837158,-42.23107357796852,45,40,C
CHRW,C.H. Robinson Worldwide Inc. Common Stock,Integrated Freight & Logistics,141,199.61000061035156,0.0,87,48,C
CHSN,Chanson International Holding Class A Ordinary Shares,Packaged Foods,124,1.0700000524520874,-99.89384920114563,1,,A+
CHT,Chunghwa Telecom Co. Ltd.,Telecommunications Equipment,73,41.439998626708984,-6.904347270168964,46,,D-
CHTR,Charter Communications Inc. Class A Common Stock New,Cable & Other Pay Television Services,104,127.91000366210938,-67.99128941946265,9,55,E+
CHWY,Chewy Inc. Class A Common Stock,Catalog/Specialty Distribution,59,20.350000381469727,-51.925349631002625,16,89,E+
CHYM,Chime Financial Inc. Class A Common Stock,Finance: Consumer Services,116,21.459999084472656,-40.71823582268318,34,63,A-
CI,The Cigna Group Common Stock,Medical Specialities,24,303.3500061035156,-0.7999140147821548,56,67,C
CIA,Citizens Inc. Class A Common Stock ($1.00 Par),Life Insurance,24,5.53000020980835,-13.322882278773351,66,50,A-
CIEN,Ciena Corporation Common Stock,Telecommunications Equipment,73,446.92999267578125,-28.719299413751,98,92,E
CIFR,Cipher Digital Inc. Common Stock,Finance: Consumer Services,116,19.8700008392334,-31.905412503683316,91,,C+
CIG,Comp En De Mn Cemig ADS American Depositary Shares,Electric Utilities: Central,52,2.180000066757202,-16.690935881166556,52,,D+
CIGI,Colliers International Group Inc. Subordinate Voting Shares,Real Estate,90,95.08999633789062,-43.68274966341508,20,35,D
CIIT,Tianci International Inc. Common Stock,Oil & Gas Production,30,0.4316999912261963,-94.98606261974234,2,35,A+
CIM,Chimera Investment Corporation Common Stock,Real Estate Investment Trusts,41,13.039999961853027,-3.346216328284235,53,40,D+
CINF,Cincinnati Financial Corporation Common Stock,Property-Casualty Insurers,41,180.02999877929688,-6.249023629788065,65,99,D+
CING,Cingulate Inc. Common Stock,Biotechnology: Pharmaceutical Preparations,77,4.710000038146973,-59.605487994990504,43,20,C+
CINT,CI&T Inc Class A Common Shares,EDP Services,126,3.369999885559082,-40.45936437436605,18,82,E
CION,CION Investment Corporation Common Stock,Finance/Investors Services,73,6.420000076293945,-31.819882397957066,27,20,E+
CIRC,Circle8 Group Inc. Common Stock,Biotechnology: Laboratory Analytical Instruments,52,0.7099999785423279,-85.94059501532394,4,,A+
CISO,CISO Global Inc. Common Stock,Professional Services,104,0.2680000066757202,-80.85714205430476,9,,B+
CISS,C3is Inc. Common Stock,Marine Transportation,9,1.5700000524520874,-99.72446470935648,1,29,A-
CITR,CitroTech Inc. Common Stock,Environmental Services,73,4.889999866485596,-51.536176486266896,13,,D
CIVB,Civista Bancshares Inc. Common Stock,Major Banks,20,27.920000076293945,-3.72413766795191,78,52,B
CIX,CompX International Inc. Common Stock,Industrial Machinery/Components,77,25.079999923706055,-14.225575086508979,59,54,B-
CJMB,Callan JMB Inc. Common Stock,Business Services,90,0.7508999705314636,-86.87237765604351,7,,E
CKX,CKX Lands Inc. Common Stock,Oil & Gas Production,30,11.0,-11.218727238146176,54,,A-
CL,Colgate-Palmolive Company Common Stock,Package Goods/Cosmetics,83,91.02999877929688,-7.609712983804906,61,48,D+
CLAR,Clarus Corporation Common Stock,Recreational Games/Products/Toys,97,3.259999990463257,-16.38372380652734,54,20,B-
CLB,Core Laboratories Inc. Common Stock,Oilfield Services/Equipment,11,11.550000190734863,-41.20398811054786,24,34,E
CLBK,Columbia Financial Inc. Common Stock,Savings Institutions,11,21.3799991607666,-0.3959980955837161,82,65,C+
CLBT,Cellebrite DI Ltd. Ordinary Shares,Computer Software: Prepackaged Software,118,16.18000030517578,-17.28015978043257,62,36,A-
CLDI,Calidi Biotherapeutics Inc. Common Stock,Biotechnology: Biological Products (No Diagnostic Substances),67,0.12200000137090683,-98.68307424250114,3,4,E-
CLDT,Chatham Lodging Trust (REIT) Common Shares of Beneficial Interest,Real Estate Investment Trusts,41,13.260000228881836,-1.6183516444716606,94,65,B+
CLDX,Celldex Therapeutics Inc.,Biotechnology: In Vitro & In Vivo Diagnostic Substances,95,38.16999816894531,-4.407718814873974,83,20,B+
CLF,Cleveland-Cliffs Inc. Common Stock,Metal Mining,85,9.789999961853027,-39.4932028603156,35,20,D-
CLFD,Clearfield Inc. Common Stock,Telecommunications Equipment,73,33.0099983215332,-35.60281037374434,50,28,C
CLGN,CollPlant Biotechnologies Ltd Ordinary Shares,Industrial Specialties,90,0.36500000953674316,-88.41269846075456,13,4,C-
CLH,Clean Harbors Inc. Common Stock,Environmental Services,73,305.1600036621094,-2.7223488086081993,68,73,D-
CLIK,Click Holdings Limited Class A Ordinary Share,Diversified Commercial Services,77,1.399999976158142,-88.7820510616199,4,,A
CLIR,ClearSign Technologies Corporation Common Stock (DE),Industrial Machinery/Components,77,3.7100000381469727,-65.00000089969271,13,,E+
CLLS,Cellectis S.A. American Depositary Shares,Biotechnology: Pharmaceutical Preparations,77,2.875,-46.26168128506814,34,,D-
CLMB,Climb Global Solutions Inc. Common Stock,Retail: Computer Software & Peripheral Equipment,57,25.579999923706055,-28.537227625613216,41,51,C+
CLMT,Calumet Inc. Common Stock,Integrated oil Companies,6,39.56999969482422,-0.025270681575917386,94,4,C+
CLNE,Clean Energy Fuels Corp. Common Stock,Natural Gas Distribution,20,2.3299999237060547,-23.856210219742458,49,20,A-
CLNN,Clene Inc. Common Stock,Biotechnology: Pharmaceutical Preparations,77,6.190000057220459,-50.47999954223632,53,,A
CLOV,Clover Health Investments Corp. Class A Common Stock,Medical Specialities,24,4.820000171661377,-10.90572444346668,96,63,A-
CLPR,Clipper Realty Inc. Common Stock,Real Estate Investment Trusts,41,2.869999885559082,-29.991712519213863,30,20,E-
CLPS,CLPS Incorporation Common Stock,Computer Software: Prepackaged Software,118,0.8503999710083008,-47.50617478362962,30,,A+
CLPT,ClearPoint Neuro Inc. Common Stock,Medical/Dental Instruments,126,15.960000038146973,-46.08108164708573,76,,A
CLRB,Cellectar Biosciences Inc.  Common Stock,Biotechnology: Pharmaceutical Preparations,77,2.630000114440918,-57.374390892704064,23,,A+
CLRO,ClearOne Inc. Common Stock,Telecommunications Equipment,73,6.619999885559082,-52.16763141204711,86,4,A+
CLS,Celestica Inc. Common Stock,Electrical Products,3,345.0299987792969,-26.96231938248028,80,94,D+
CLSK,CleanSpark Inc. Common Stock,Finance: Consumer Services,116,13.449999809265137,-42.02586479759661,57,38,B+
CLST,Catalyst Bancorp Inc. Common Stock,Savings Institutions,11,16.75,-2.046785810888063,67,60,C
CLVT,Clarivate Plc Ordinary Shares,EDP Services,126,2.319999933242798,-48.78587581034682,23,20,B+
CLW,Clearwater Paper Corporation Common Stock,Paper,124,15.039999961853027,-51.23216638314132,25,20,D
CLWT,Euro Tech Holdings Company Limited Common Stock,Professional and commerical equipment,,1.6200000047683716,-15.18324434141266,82,,A+
CLX,Clorox Company (The) Common Stock,Specialty Chemicals,118,94.75,-24.659039998301367,31,43,E+
CLYM,Climb Bio Inc. Common Stock,Biotechnology: Pharmaceutical Preparations,77,13.239999771118164,-5.428573063441688,99,4,A-
CM,Canadian Imperial Bank of Commerce Common Stock,Commercial Banks,10,118.56999969482422,0.0,83,75,D+
CMBT,CMB.TECH NV Ordinary Shares,Marine Transportation,9,15.779999732971191,-4.676525239173845,90,,B
CMC,Commercial Metals Company Common Stock,Steel/Iron Ore,46,66.19000244140625,-19.936566870106233,56,69,E
CMCL,Caledonia Mining Corporation Plc Common Shares,Precious Metals,111,17.049999237060547,-54.527964982843535,16,90,E-
CMCM,Cheetah Mobile Inc. American Depositary Shares each representing fifty (50) Class A Ordinary Shares,Computer Software: Prepackaged Software,118,3.0299999713897705,-67.24324355254302,9,20,E-
CMCO,Columbus McKinnon Corporation Common Stock,Construction/Ag Equipment/Trucks,32,13.180000305175781,-42.914277188746354,26,46,E+
CMCSA,Comcast Corporation Class A Common Stock,Cable & Other Pay Television Services,104,23.190000534057617,-27.514908396217496,27,52,D+
CMCT,Creative Media & Community Trust Corporation Common stock,Real Estate Investment Trusts,41,2.819999933242798,-99.78105590580412,2,20,A
CMDB,Costamare Bulkers Holdings Limited Common Stock,Marine Transportation,9,19.940000534057617,0.0,86,,B
CME,CME Group Inc. Class A Common Stock,Investment Bankers/Brokers/Service,77,243.61000061035156,-23.198258460267283,33,72,E
CMG,Chipotle Mexican Grill Inc. Common Stock,Restaurants,97,36.43000030517578,-33.54615011313966,35,51,B-
CMI,Cummins Inc. Common Stock,Industrial Machinery/Components,77,675.5399780273438,-7.153760621634309,86,51,E+
CMII,Columbus Circle Capital Corp II Class A Ordinary Shares,Blank Checks,71,10.13010025024414,-0.19605289688684469,50,,A-
CMMB,Chemomab Therapeutics Ltd. American Depositary Share,Biotechnology: Pharmaceutical Preparations,77,1.5299999713897705,-67.30769171987528,18,20,E-
CMND,Clearmind Medicine Inc. Common Shares,Biotechnology: Pharmaceutical Preparations,77,1.9299999475479126,-99.5945378261454,1,11,A
CMP,Compass Minerals Intl Inc Common Stock,Mining & Quarrying of Nonmetallic Minerals (No Fuels),73,29.799999237060547,-11.071319815879088,81,50,B-
CMPR,Cimpress plc Ordinary Shares (Ireland),Publishing,109,98.5199966430664,-5.704447284047354,88,77,B
CMPS,COMPASS Pathways Plc American Depository Shares,Biotechnology: Pharmaceutical Preparations,77,13.390000343322754,-11.14797203399055,98,4,A-
CMPX,Compass Therapeutics Inc. Common Stock,Biotechnology: Biological Products (No Diagnostic Substances),67,2.190000057220459,-67.26457341570855,10,20,E
CMRC,Commerce.com Inc. Series 1 Common Stock,Computer Software: Prepackaged Software,118,3.1500000953674316,-42.831216614909785,36,68,B
CMRE,Costamare Inc. Common Stock $0.0001 par value,Marine Transportation,9,15.279999732971191,-14.119202811779264,65,54,D-
CMS,CMS Energy Corporation Common Stock,Power Generation,48,75.08000183105469,-5.350103836207332,50,55,D+
CMT,Core Molding Technologies Inc Common Stock,Plastic Products,29,23.600000381469727,-16.75484986273481,66,37,D
CMTG,Claros Mortgage Trust Inc. Common Stock,Real Estate,90,2.299999952316284,-41.77215380883334,25,4,C-
CMTL,Comtech Telecommunications Corp. Common Stock,Radio And Television Broadcasting And Communications Equipment,27,1.8600000143051147,-68.89632093022477,10,20,E-
CMTV,Community Bancorp. Common Stock,Major Banks,20,39.11000061035156,-6.463811931578545,90,68,A
CNA,CNA Financial Corporation Common Stock,Property-Casualty Insurers,41,50.90999984741211,-1.9264111017905372,67,47,C-
CNC,Centene Corporation Common Stock,Medical Specialities,24,68.72000122070312,0.0,94,33,B+
CNCK,Coincheck Group N.V. Ordinary Shares,Finance: Consumer Services,116,2.869999885559082,-63.578682184286905,49,20,A+
CNDT,Conduent Incorporated Common Stock,Business Services,90,1.5399999618530273,-47.972974932219856,26,4,B
CNET,ZW Data Action Technologies Inc. Common Stock,Computer Software: Programming Data Processing,112,0.970300018787384,-61.949018159548785,35,,A+
CNEY,CN Energy Group Inc. Class A Ordinary Shares,Major Chemicals,59,0.75,-72.01492607022584,42,,A+
CNF,CNFinance Holdings Limited American Depositary Shares each representing two hundred (200) Ordinary Shares,Finance: Consumer Services,116,2.23009991645813,-71.77088747421836,10,,E-
CNH,CNH Industrial N.V. Common Shares,Construction/Ag Equipment/Trucks,32,10.420000076293945,-21.370861362749572,37,47,D+
CNI,Canadian National Railway Company Common Stock,Railroads,24,124.79000091552734,-0.41496820141845303,73,48,C
CNK,Cinemark Holdings Inc Cinemark Holdings Inc. Common Stock,Movies/Entertainment,67,29.3700008392334,-13.643039433383397,56,40,D
CNL,Collective Mining Ltd. Common Shares,,,12.989999771118164,-37.51804137047259,36,,D-
CNM,Core & Main Inc. Class A Common Stock,Durable Goods,128,45.220001220703125,-32.48731120581218,27,54,E+
CNMD,CONMED Corporation Common Stock,Biotechnology: Electromedical & Electrotherapeutic Apparatus,81,41.75,-24.90872006094843,42,96,A
CNNE,Cannae Holdings Inc. Common Stock,Restaurants,97,14.869999885559082,-29.31309647065181,42,20,C+
CNO,CNO Financial Group Inc. Common Stock,Accident &Health Insurance,14,52.189998626708984,-1.3980760895526356,80,55,C
CNOB,ConnectOne Bancorp Inc. Common Stock,Major Banks,20,32.40999984741211,-3.1380731195172262,76,65,D+
CNP,CenterPoint Energy Inc (Holding Co) Common Stock,Electric Utilities: Central,52,43.7599983215332,-2.841923996393314,62,66,C-
CNQ,Canadian Natural Resources Limited Common Stock,Oil & Gas Production,30,42.619998931884766,-14.012181286393533,69,69,D
CNR,Core Natural Resources Inc. Common Stock,Coal Mining,108,86.47000122070312,-23.55194291775663,42,32,D-
CNS,Cohen & Steers Inc Common Stock,Investment Managers,67,77.06999969482422,-2.9955913717258142,67,48,C
CNSP,CNS Pharmaceuticals Inc. Common Stock,Biotechnology: Pharmaceutical Preparations,77,4.860000133514404,-54.79910529169511,64,,A+
CNTB,Connect Biopharma Holdings Limited Ordinary Shares,Biotechnology: Pharmaceutical Preparations,77,2.3550000190734863,-36.1788622613892,60,9,A
CNTN,Canton Strategic Holdings Inc. Common Stock,Biotechnology: Pharmaceutical Preparations,77,2.299999952316284,-70.16861295802188,30,,C+
CNTX,Context Therapeutics Inc. Common Stock,Biotechnology: Pharmaceutical Preparations,77,0.6229000091552734,-81.46130867252576,8,,E-
CNTY,Century Casinos Inc. Common Stock,Hotels/Resorts,39,1.2599999904632568,-54.67625886940708,19,20,E
CNVS,Cineverse Corp. Class A Common Stock,Consumer Electronics/Video Chains,139,2.619999885559082,-60.06097700590893,37,42,A+
CNX,CNX Resources Corporation Common Stock,Oil & Gas Production,30,32.369998931884766,-24.031920985185618,35,88,D-
CNXC,Concentrix Corporation Common Stock,Computer Software: Prepackaged Software,118,23.56999969482422,-60.590784811637974,15,45,D
CNXN,PC Connection Inc. Common Stock,Catalog/Specialty Distribution,59,77.58999633789062,-1.1466448596940793,77,81,B-
COCH,Envoy Medical Inc. Class A Common Stock,Industrial Specialties,90,0.7587000131607056,-55.370588712956234,40,4,A+
COCO,The Vita Coco Company Inc. Common Stock,Beverages (Production/Distribution),101,74.02999877929688,-11.890024116769515,92,91,D-
COCP,Cocrystal Pharma Inc. Common Stock,Biotechnology: Pharmaceutical Preparations,77,0.9402999877929688,-51.530929893879154,17,,E
CODA,Coda Octopus Group Inc. Common stock,Industrial Machinery/Components,77,10.0,-40.33412969310465,41,59,E-
CODI,D/B/A Compass Diversified Holdings Shares of Beneficial Interest,Home Furnishings,51,9.75,-21.874997134391972,81,50,D+
CODX,Co-Diagnostics Inc. Common Stock,Medical/Dental Instruments,126,2.569999933242798,-93.20105824043755,34,,A+
COE,51Talk Online Education Group American depositary shares each representing 60 Class A ordinary shares,Other Consumer Services,121,16.34000015258789,-70.59035322406794,13,20,D
COF,Capital One Financial Corporation Common Stock,Major Banks,20,205.2899932861328,-19.764258530189593,42,41,C-
COFS,ChoiceOne Financial Services Inc. Common Stock,Major Banks,20,32.88999938964844,-4.417321896262627,66,85,C
COGT,Cogent Biosciences Inc. Common Stock,Biotechnology: Pharmaceutical Preparations,77,38.5099983215332,-8.549043544619185,94,4,B-
COHN,Cohen & Company Inc.,Investment Bankers/Brokers/Service,77,13.989999771118164,-50.21543389023515,57,96,D
COHR,Coherent Corp. Common Stock,Electronic Components,5,310.7699890136719,-27.20139184571827,95,83,E+
COHU,Cohu Inc. Common Stock,Electrical Products,3,55.779998779296875,-24.529838972402874,96,32,C+
COIN,Coinbase Global Inc. Class A Common Stock,Finance: Consumer Services,116,161.5,-61.527466656430654,17,40,D+
COKE,Coca-Cola Consolidated Inc. Common Stock,Beverages (Production/Distribution),101,177.14999389648438,-18.22408008357277,71,80,E+
COLB,Columbia Banking System Inc. Common Stock,Major Banks,20,32.25,-0.7997488002359887,73,84,C
COLD,Americold Realty Trust Inc. Common Stock,Real Estate Investment Trusts,41,15.899999618530273,-2.1538485013521624,75,30,B+
COLL,Collegium Pharmaceutical Inc. Common Stock,Biotechnology: Pharmaceutical Preparations,77,35.02000045776367,-29.73515178461472,42,97,C+
COLM,Columbia Sportswear Company Common Stock,Apparel,43,62.70000076293945,-7.5084822006869505,63,41,D+
COMP,Compass Inc. Class A Common Stock,EDP Services,126,11.680000305175781,-13.99116074524802,89,96,B+
CON,Concentra Group Holdings Parent Inc. Common Stock,Medical Specialities,24,30.899999618530273,-3.16515272238006,88,66,B+
COO,The Cooper Companies Inc. Common Stock,Ophthalmic Goods,120,68.51000213623047,-18.749997172455167,37,88,B-
COOK,Traeger Inc. Common Stock,Consumer Electronics/Appliances,122,66.79000091552734,-33.87128622225015,88,63,B+
COOT,Australian Oilseeds Holdings Limited Ordinary Shares,Packaged Foods,124,0.42739999294281006,-83.81060697123254,17,,E-
COP,ConocoPhillips Common Stock,Integrated oil Companies,6,111.87000274658203,-15.768768516564336,58,37,D-
COR,Cencora Inc. Common Stock,Other Pharmaceuticals,138,302.2799987792969,-19.01403948047905,40,81,D
CORT,Corcept Therapeutics Incorporated Common Stock,Biotechnology: Pharmaceutical Preparations,77,90.47000122070312,-3.796256550476873,94,31,A-
CORZ,Core Scientific Inc. Common Stock,Finance: Consumer Services,116,22.09000015258789,-24.24554091844986,82,20,D
COSM,Cosmos Health Inc. Common Stock,Other Pharmaceuticals,138,0.30709999799728394,-75.43200016021729,17,,A+
COSO,CoastalSouth Bancshares Inc. Common Stock,Major Banks,20,26.489999771118164,-3.8824372843202837,65,52,D+
COST,Costco Wholesale Corporation Common Stock,Department/Specialty Retail Stores,52,921.75,-15.769606217474397,41,65,E+
COTY,Coty Inc. Class A Common Stock,Package Goods/Cosmetics,83,2.25,-56.310680420687035,20,20,A-
COUR,Coursera Inc. Common Stock,Computer Software: Prepackaged Software,118,5.710000038146973,-55.03936910312937,25,20,B-
COYA,Coya Therapeutics Inc. Common Stock,Biotechnology: Pharmaceutical Preparations,77,4.869999885559082,-33.83152449436636,39,,D-
CP,Canadian Pacific Kansas City Limited Common Shares,Railroads,24,91.3499984741211,0.0,69,49,C-
CPA,Copa Holdings S.A. Class A Common Stock,Air Freight/Delivery Services,22,147.32000732421875,-6.27902217945866,77,75,B
CPAC,Cementos Pacasmayo S.A.A. American Depositary Shares (Each representing five Common Shares),Building Materials,40,11.960000038146973,-5.826769938833431,86,72,A
CPAY,Corpay Inc. Common Stock,Business Services,90,356.1600036621094,-2.1887790387579042,64,77,C-
CPB,The Campbell's Company Common Stock,Packaged Foods,124,22.100000381469727,-30.93342328602392,37,75,C
CPBI,Central Plains Bancshares Inc. Common Stock,Savings Institutions,11,19.5,-2.500000000000002,69,,B
CPF,Central Pacific Financial Corp New,Major Banks,20,38.290000915527344,-1.5681249008325793,76,61,C
CPHC,Canterbury Park Holding Corporation 'New' Common Stock,Services-Misc. Amusement & Recreation,87,15.819999694824219,-13.13931998002701,43,,B+
CPHI,China Pharma Holdings Inc. Common Stock,Biotechnology: Pharmaceutical Preparations,77,0.614799976348877,-69.26000118255615,13,50,E-
CPIX,Cumberland Pharmaceuticals Inc. Common Stock,Biotechnology: Pharmaceutical Preparations,77,6.985000133514404,-2.0336602889084787,96,20,A
CPK,Chesapeake Utilities Corporation Common Stock,Oil & Gas Production,30,131.1300048828125,-4.122534139127454,51,57,B
CPNG,Coupang Inc. Class A Common Stock,Catalog/Specialty Distribution,59,17.739999771118164,-47.0921550343994,20,4,C
CPOP,Pop Culture Group Co. Ltd Class A Ordinary Shares,Services-Misc. Amusement & Recreation,87,0.4921000003814697,-75.99512137424938,67,,A+
CPRI,Capri Holdings Limited Ordinary Shares,Apparel,43,16.68000030517578,-39.69631092844574,25,30,E+
CPRT,Copart Inc. (DE) Common Stock,Retail-Auto Dealers and Gas Stations,104,27.520000457763672,-44.926956602991176,19,54,E+
CPRX,Catalyst Pharmaceuticals Inc. Common Stock,Biotechnology: Pharmaceutical Preparations,77,31.489999771118164,-0.03174675835503349,84,55,C+
CPS,Cooper-Standard Holdings Inc. Common Stock,Auto Parts:O.E.M.,56,27.549999237060547,-39.0486752830999,37,20,D
CPSH,CPS Technologies Corp. Common Stock,Building Materials,40,4.619999885559082,-60.1380515553531,74,29,B+
CPSS,Consumer Portfolio Services Inc. Common Stock,Finance: Consumer Services,116,9.5,-7.766991999228168,59,53,B-
CPT,Camden Property Trust Common Stock,Real Estate Investment Trusts,41,112.9800033569336,-3.9122286124222194,60,33,C-
CR,Crane Company Common Stock,Metal Fabrications,37,216.47000122070312,-3.1843978862219346,65,39,C-
CRAI,CRA International Inc. Common Stock,Other Consumer Services,121,164.1199951171875,-25.98503070696555,35,45,C
CRBG,Corebridge Financial Inc. Common Stock,Life Insurance,24,30.68000030517578,-11.675899104269972,57,20,C
CRBP,Corbus Pharmaceuticals Holdings Inc. Common Stock,Biotechnology: Pharmaceutical Preparations,77,9.029999732971191,-53.35744086628304,35,20,C
CRBU,Caribou Biosciences Inc. Common Stock,Biotechnology: Biological Products (No Diagnostic Substances),67,1.75,-38.38027982786514,35,20,B+
CRC,California Resources Corporation Common Stock,Oil & Gas Production,30,52.31999969482422,-24.896722804675807,44,31,E+
CRCL,Circle Internet Group Inc. Class A Common Stock,Finance: Consumer Services,116,63.220001220703125,-73.10702708512929,11,63,E
CRCT,Cricut Inc. Class A Common Stock,Industrial Machinery/Components,77,4.480000019073486,-31.607914555689966,41,48,B
CRD-A,Crawford & Company,,,10.979999542236328,-8.117157175824751,51,47,A-
CRD-B,Crawford & Company,,,10.0,-10.811871257570338,46,47,C
CRDF,Cardiff Oncology Inc. Common Stock,Biotechnology: Biological Products (No Diagnostic Substances),67,1.309999942779541,-70.56179777688864,13,4,E+
CRDL,Cardiol Therapeutics Inc. Class A Common Shares,Biotechnology: Biological Products (No Diagnostic Substances),67,1.149999976158142,-29.447854017034935,40,,A
CRDO,Credo Technology Group Holding Ltd Ordinary Shares,Semiconductors,2,236.17999267578125,-21.929128238495508,94,91,D-
CRE,Cre8 Enterprise Limited Class A Ordinary Shares,Publishing,109,3.1700000762939453,-96.37631463803243,30,,A+
CREG,Smart Powerr Corp. Common Stock,Business Services,90,1.5299999713897705,-93.34782621134883,2,,A+
CRESY,Cresud S.A.C.I.F. y A. American Depositary Shares,Real Estate,90,10.90999984741211,-22.67895029856225,45,51,C-
CREX,Creative Realities Inc. Common Stock,EDP Services,126,3.3299999237060547,-19.759039826932245,48,4,D+
CRGO,Freightos Limited Ordinary shares,Integrated Freight & Logistics,141,1.25,-69.51219441279422,13,20,E+
CRGY,Crescent Energy Company Class A Common Stock,Oil & Gas Production,30,10.010000228881836,-27.42117419637049,49,30,E+
CRH,CRH PLC Ordinary Shares,Building Materials,40,103.91000366210938,-20.341554130483253,35,32,D
CRI,Carter's Inc. Common Stock,Apparel,43,38.0,-13.150762992068588,67,39,D+
CRIS,Curis Inc. Common Stock,Biotechnology: Biological Products (No Diagnostic Substances),67,4.650000095367432,-87.6329779678904,4,4,A+
CRK,Comstock Resources Inc. Common Stock,Oil & Gas Production,30,12.979999542236328,-52.575816060516125,16,82,E+
CRL,Charles River Laboratories International Inc. Common Stock,Biotechnology: Commercial Physical & Biological Resarch,16,231.2100067138672,-1.0231161503434838,79,20,B+
CRM,Salesforce Inc. Common Stock,Computer Software: Prepackaged Software,118,167.55999755859375,-37.473376448786375,24,96,C-
CRMD,CorMedix Inc. Common Stock,Biotechnology: Pharmaceutical Preparations,77,8.270000457763672,-44.23465610040962,41,92,C-
CRML,Critical Metals Corp. Ordinary Shares,Metal Mining,85,7.929999828338623,-73.54020684009474,59,,D+
CRMT,America's Car-Mart Inc Common Stock,Retail-Auto Dealers and Gas Stations,104,4.28000020980835,-92.9115598971586,3,29,A+
CRNC,Cerence Inc. Common Stock,Computer Software: Prepackaged Software,118,10.239999771118164,-24.260359286911214,60,45,B+
CRNT,Ceragon Networks Ltd. Ordinary Shares,Radio And Television Broadcasting And Communications Equipment,27,2.299999952316284,-28.125002561137048,42,20,C-
CRNX,Crinetics Pharmaceuticals Inc. Common Stock,Biotechnology: Pharmaceutical Preparations,77,83.70999908447266,0.0,96,20,A+
CRON,Cronos Group Inc. Common Share,Medicinal Chemicals and Botanical Products,134,2.75,-15.902140182250957,60,51,C
CROX,Crocs Inc. Common Stock,Shoe Manufacturing,66,131.1699981689453,-1.2125324786511404,85,34,B+
CRS,Carpenter Technology Corporation Common Stock,Steel/Iron Ore,46,576.8699951171875,-6.843763404572067,93,98,C+
CRSP,CRISPR Therapeutics AG Common Shares,Biotechnology: Biological Products (No Diagnostic Substances),67,50.459999084472656,-34.27976050179517,31,20,C
CRSR,Corsair Gaming Inc. Common Stock,Computer peripheral equipment,43,9.649999618530273,-20.510713792211966,86,63,A
CRT,Cross Timbers Royalty Trust Common Stock,Oil & Gas Production,30,9.329999923706055,-14.054070341993718,53,,E
CRTO,Criteo S.A. American Depositary Shares,Advertising,94,22.389999389648438,-9.826824573318117,61,50,A
CRUS,Cirrus Logic Inc. Common Stock,Semiconductors,2,137.36000061035156,-23.219672835857562,53,76,E
CRVL,CorVel Corp. Common Stock,Specialty Insurers,109,62.08000183105469,-36.6465933417395,37,66,C+
CRVO,CervoMed Inc. Common Stock,Biotechnology: Pharmaceutical Preparations,77,3.0799999237060547,-71.18802577543583,11,,A+
CRVS,Corvus Pharmaceuticals Inc. Common Stock,Biotechnology: Pharmaceutical Preparations,77,14.970000267028809,-41.34012539770685,96,20,C-
CRWD,CrowdStrike Holdings Inc. Class A Common Stock,Computer Software: Prepackaged Software,118,210.72999572753906,0.0,95,92,B+
CRWS,Crown Crafts Inc Common Stock,Textiles,32,2.940000057220459,-2.970294225053449,62,82,B
CRWV,CoreWeave Inc. Class A Common Stock,Computer Software: Prepackaged Software,118,79.94000244140625,-46.25882188813025,20,20,E
CSAI,Cloudastructure Inc. Class A Common Stock,Computer Software: Programming Data Processing,112,0.42399999499320984,-79.21568613128449,8,,A
CSAN,Cosan S.A. ADS,Retail-Auto Dealers and Gas Stations,104,3.069999933242798,-48.40336081251131,19,20,E
CSBR,Champions Oncology Inc. Common Stock,Biotechnology: Biological Products (No Diagnostic Substances),67,5.659999847412109,-32.296649762522534,31,37,C
CSCO,Cisco Systems Inc. Common Stock (DE),Computer Communications Equipment,17,117.08999633789062,-9.59382661985665,91,75,C+
CSGP,CoStar Group Inc. Common Stock,Real Estate,90,27.68000030517578,-71.41381825699973,10,73,E+
CSHR,CoinShares PLC Ordinary Shares,Investment Bankers/Brokers/Service,77,4.389999866485596,-49.01277535962439,12,,C
CSIQ,Canadian Solar Inc. Common Shares (ON),Semiconductors,2,15.1899995803833,-54.764744633409656,55,20,D-
CSL,Carlisle Companies Incorporated Common Stock,Specialty Chemicals,118,338.3500061035156,-21.26583508200649,39,46,E+
CSPI,CSP Inc. Common Stock,EDP Services,126,8.140000343322754,-45.102429070559516,24,63,E-
CSQ,Calamos Strategic Total Return Common Stock,Finance Companies,48,20.459999084472656,-1.63461617816838,63,,C-
CSR,D/B/A Centerspace Common Stock,Real Estate Investment Trusts,41,55.150001525878906,-18.8485818582213,36,40,E+
CSTE,Caesarstone Ltd. Ordinary Shares,Building Materials,40,2.549999952316284,0.0,89,4,A
CSTL,Castle Biosciences Inc. Common Stock,Medical Specialities,24,23.1200008392334,-46.28252707380287,38,20,C+
CSTM,Constellium SE Ordinary Shares (France),Metal Fabrications,37,29.15999984741211,-19.33610341195373,87,90,E
CSV,Carriage Services Inc. Common Stock,Other Consumer Services,121,38.290000915527344,-25.695714311306382,27,43,C-
CSW,CSW Industrials Inc. Common Stock,Home Furnishings,51,292.8500061035156,-12.45676142047235,48,74,C
CSWC,Capital Southwest Corporation Common Stock,Textiles,32,23.899999618530273,-0.5823681017692595,64,,D+
CSX,CSX Corporation Common Stock,Railroads,24,49.91999816894531,0.0,82,59,C
CTAS,Cintas Corporation Common Stock,Garments and Clothing,67,184.3300018310547,-17.762277741515874,43,85,C
CTBI,Community Trust Bancorp Inc. Common Stock,Major Banks,20,72.25,-2.457134740546507,77,67,C+
CTEV,Claritev Corporation Class A Common Stock,Business Services,90,28.360000610351562,-60.92587504149495,55,4,B-
CTGO,Contango Silver & Gold Inc. Common Stock,Precious Metals,111,17.110000610351562,-48.30815287278987,20,,D-
CTKB,Cytek Biosciences Inc. Common Stock,Biotechnology: Laboratory Analytical Instruments,52,4.619999885559082,-21.42857490406085,56,4,E-
CTM,Castellum Inc. Common Stock,Professional Services,104,0.6402000188827515,-57.033556054687786,20,,A
CTMX,CytomX Therapeutics Inc. Common Stock,Biotechnology: Pharmaceutical Preparations,77,3.6600000858306885,-45.77777650621202,48,,B+
CTNM,Contineum Therapeutics Inc. Class A Common Stock,Biotechnology: Pharmaceutical Preparations,77,14.569999694824219,-11.104330461254875,93,4,A
CTNT,Cheetah Net Supply Chain Service Inc Class A Common Stock,Motor Vehicles,122,1.7200000286102295,-99.58851673956694,1,,B
CTO,CTO Realty Growth Inc. Common Stock,Real Estate Investment Trusts,41,21.610000610351562,-1.4591869145970549,78,81,C+
CTOR,Citius Oncology Inc. Common Stock,Biotechnology: Pharmaceutical Preparations,77,0.6499999761581421,-70.58823688061335,14,11,C
CTOS,Custom Truck One Source Inc. Common Stock,Diversified Commercial Services,77,10.569999694824219,-11.695910952156542,92,94,C+
CTRE,CareTrust REIT Inc. Common Stock,Real Estate Investment Trusts,41,40.4900016784668,-3.666368432239886,67,72,C+
CTRI,Centuri Holdings Inc. Common Stock,Oil & Gas Production,30,26.280000686645508,-37.12918381265127,48,40,E
CTRM,Castor Maritime Inc. Common Shares,Marine Transportation,9,2.069999933242798,-21.590914735288102,52,79,A
CTRN,Citi Trends Inc. Common Stock,Clothing/Shoe/Accessory Stores,88,63.18000030517578,-0.6447552231927833,91,69,B
CTSH,Cognizant Technology Solutions Corporation Class A Common Stock,EDP Services,126,43.029998779296875,-49.76479083329556,15,49,E-
CTSO,Cytosorbents Corporation Common Stock,Medical/Dental Instruments,126,0.38850000500679016,-67.62500086923437,11,20,A
CTVA,Corteva Inc. Common Stock,Farming/Seeds/Milling,88,84.91000366210938,-2.1210332425252165,67,54,C
CTW,CTW Class A Ordinary Shares,EDP Services,126,2.6500000953674316,-40.31531393658603,54,,B+
CTXR,Citius Pharmaceuticals Inc. Common Stock,Biotechnology: Pharmaceutical Preparations,77,0.5320000052452087,-70.76923132345823,10,11,E
CUB,Lionheart Holdings Class A Ordinary Shares,Blank Checks,71,10.795000076293945,-1.0540767435981424,47,,D
CUBE,CubeSmart Common Shares,Real Estate Investment Trusts,41,40.52000045776367,-1.9639739068372686,54,,C-
CUBI,Customers Bancorp Inc Common Stock,Major Banks,20,76.29000091552734,-6.0583650097417845,57,85,D
CUE,Cue Biopharma Inc. Common Stock,Biotechnology: Pharmaceutical Preparations,77,31.280000686645508,-14.953774538315823,96,33,A
CULP,Culp Inc. Common Stock,Textiles,32,3.7899999618530273,-19.70338706944861,57,4,A
CUPR,Cuprina Holdings (Cayman) Limited Class A Ordinary Shares,Biotechnology: Pharmaceutical Preparations,77,4.090000152587891,-94.56116978913855,35,,A+
CURB,Curbline Properties Corp. Common Stock,Real Estate,90,30.31999969482422,-4.232470496039575,77,44,D-
CURI,CuriosityStream Inc. Class A Common Stock,Movies/Entertainment,67,2.609999895095825,-48.37601216589118,20,4,D+
CURR,Currenc Group Inc. Ordinary Shares,Business Services,90,2.9600000381469727,-34.075719620586284,85,,C
CURV,Torrid Holdings Inc. Common Stock,Clothing/Shoe/Accessory Stores,88,2.0299999713897705,-30.71672610449845,66,20,B
CURX,Curanex Pharmaceuticals Inc Common Stock,Biotechnology: Pharmaceutical Preparations,77,0.20999999344348907,-97.70742361417378,5,,E-
CUZ,Cousins Properties Incorporated Common Stock,Real Estate Investment Trusts,41,31.049999237060547,0.0,77,29,C+
CV,CapsoVision Inc. Common Stock,Biotechnology: Electromedical & Electrotherapeutic Apparatus,81,6.360000133514404,-55.89459015350453,66,,A-
CVBF,CVB Financial Corporation Common Stock,Major Banks,20,22.59000015258789,-1.3602574233413378,66,48,C+
CVCO,Cavco Industries Inc. Common Stock When Issued,Homebuilding,59,561.8300170898438,-19.480909019340274,55,58,B-
CVE,Cenovus Energy Inc Common Stock,Oil & Gas Production,30,27.510000228881836,-13.007439308853941,87,72,D
CVEO,Civeo Corporation (Canada) Common Shares,Hotels/Resorts,39,32.02000045776367,-9.955007814443517,78,4,B
CVGI,Commercial Vehicle Group Inc. Common Stock,Auto Parts:O.E.M.,56,4.809999942779541,-16.78201093112022,96,63,E
CVI,CVR Energy Inc. Common Stock,Integrated oil Companies,6,33.58000183105469,-15.820064780748888,62,4,C
CVKD,Cadrenal Therapeutics Inc. Common Stock,Biotechnology: Pharmaceutical Preparations,77,2.4200000762939453,-82.95774571267982,5,,E-
CVLG,Covenant Logistics Group Inc. Class A Common Stock,Trucking Freight/Courier Services,7,46.459999084472656,-0.08602347425235024,94,54,B+
CVLT,Commvault Systems Inc. Common Stock,Computer Software: Prepackaged Software,118,148.6300048828125,-23.939408373476056,77,55,A-
CVM,Cel-Sci Corporation Common Stock,Biotechnology: Biological Products (No Diagnostic Substances),67,1.149999976158142,-91.18098175212937,3,11,E
CVNA,Carvana Co. Class A Common Stock,Retail-Auto Dealers and Gas Stations,104,70.37999725341797,-26.449999521618082,39,79,E+
CVR,Chicago Rivet & Machine Co. Common Stock,Industrial Machinery/Components,77,9.850000381469727,-32.671254259107165,32,,E+
CVRX,CVRx Inc. Common Stock,Medical/Dental Instruments,126,5.159999847412109,-52.26642324593848,16,20,C+
CVS,CVS Health Corporation Common Stock,Retail-Drug Stores and Proprietary Stores,137,106.18000030517578,0.0,87,67,B
CVSA,Covista Inc. Common Shares,Other Consumer Services,121,132.11000061035156,-14.464225820203147,61,87,B-
CVU,CPI Aerostructures Inc. Common Stock,Military/Government/Technical,103,5.269999980926514,-4.007282319919703,91,,A-
CVV,CVD Equipment Corporation Common Stock,Industrial Machinery/Components,77,7.199999809265137,-11.330050360346789,95,20,B-
CVX,Chevron Corporation Common Stock,Integrated oil Companies,6,181.75999450683594,-13.130582019163484,60,36,D-
CW,Curtiss-Wright Corporation Common Stock,Industrial Machinery/Components,77,752.1699829101562,-5.121288093752563,77,77,D-
CWBC,Community West Bancshares Common Stock,Major Banks,20,26.8700008392334,-2.148573433758316,74,67,B
CWCO,Consolidated Water Co. Ltd. Ordinary Shares,Water Supply,65,28.889999389648438,-24.14524756705778,32,81,D-
CWD,CaliberCos Inc. Class A Common Stock,Real Estate,90,0.7170000076293945,-92.1295276108615,8,4,A+
CWEN,Clearway Energy Inc. Class C Common Stock,Electric Utilities: Central,52,34.45000076293945,-16.505084429534932,49,28,D-
CWH,Camping World Holdings Inc. Class A Common Stock,Retail-Auto Dealers and Gas Stations,104,6.179999828338623,-67.01840438527711,14,20,D
CWK,Cushman & Wakefield Ltd. Common Shares,Real Estate,90,12.869999885559082,-25.17442258903936,37,59,B-
CWST,Casella Waste Systems Inc. Class A Common Stock,Environmental Services,73,96.45999908447266,-13.844230195380236,51,29,B
CWT,California Water Service Group Common Stock,Water Supply,65,50.0099983215332,-0.4379877019870082,62,42,C+
CX,Cemex S.A.B. de C.V. Sponsored ADR,Building Materials,40,12.800000190734863,-5.308907575641275,78,41,C+
CXAI,CXApp Inc. Class A Common Stock,EDP Services,126,0.15000000596046448,-86.60714238197829,10,,A
CXDO,Crexendo Inc. Common Stock,Telecommunications Equipment,73,7.96999979019165,-23.877749886119272,80,76,B-
CXM,Sprinklr Inc. Class A Common Stock,Computer Software: Prepackaged Software,118,5.679999828338623,-39.25134121282481,29,99,C+
CXT,Crane NXT Co. Common Stock,Metal Fabrications,37,50.65999984741211,-25.657927882639953,43,36,B
CXW,CoreCivic Inc. Common Stock,Real Estate Investment Trusts,41,31.360000610351562,-1.6619592017581342,90,95,A-
CYAB,Cyabra Inc. Common Stock,Computer Software: Prepackaged Software,118,0.3635999858379364,-90.14634200001008,2,,E-
CYCN,Cyclerion Therapeutics Inc. Common Stock,Biotechnology: Pharmaceutical Preparations,77,3.8299999237060547,-39.968654310256554,89,,B-
CYCU,Cycurion Inc. Common Stock,EDP Services,126,0.48660001158714294,-96.60247714979077,3,,E-
CYD,China Yuchai International Limited Common Stock,Industrial Machinery/Components,77,45.45000076293945,-23.88209435635623,75,,D-
CYH,Community Health Systems Inc. Common Stock,Hospital/Nursing Management,85,3.190000057220459,-27.66439529261151,44,37,C
CYN,Cyngn Inc. Common Stock,EDP Services,126,1.2300000190734863,-86.92879873519068,8,,B
CYPH,Cypherpunk Technologies Inc. Common Stock,Biotechnology: Pharmaceutical Preparations,77,0.7318000197410583,-75.36026893294361,58,4,B+
CYRX,CryoPort Inc. Common Stock,Biotechnology: Pharmaceutical Preparations,77,16.06999969482422,-2.6060624556107914,93,4,A-
CYTK,Cytokinetics Incorporated Common Stock,Biotechnology: Pharmaceutical Preparations,77,81.93000030517578,-6.108184392126736,87,4,B+
CZFS,Citizens Financial Services Inc. Common Stock,Major Banks,20,71.31999969482422,-3.790634915292923,68,71,B+
CZNC,Citizens & Northern Corp Common Stock,Major Banks,20,22.93000030517578,-4.61730685556928,61,43,B+
CZR,Caesars Entertainment Inc. Common Stock,Hotels/Resorts,39,29.850000381469727,-3.2101159734757356,66,20,C+
CZWI,Citizens Community Bancorp Inc. Common Stock,Savings Institutions,11,22.969999313354492,-4.091863959776687,81,85,A-
D,Dominion Energy Inc. Common Stock,Electric Utilities: Central,52,71.30000305175781,0.0,73,57,B
DAC,Danaos Corporation Common Stock,Marine Transportation,9,129.58999633789062,-3.076956084992899,81,85,C-
DAIC,CID HoldCo Inc. Common Stock,EDP Services,126,1.4299999475479126,-99.00866554762709,2,,E-
DAIO,Data I/O Corporation Common Stock,Electrical Products,3,3.4000000953674316,-20.187795476718485,73,9,A-
DAKT,Daktronics Inc. Common Stock,Miscellaneous manufacturing industries,115,19.84000015258789,-28.452937323821303,51,97,C
DAL,Delta Air Lines Inc. Common Stock,Air Freight/Delivery Services,22,85.51000213623047,-8.476259980122435,83,79,B-
DAN,Dana Incorporated Common Stock,Auto Parts:O.E.M.,56,27.06999969482422,-30.222655617384397,63,99,E
DAO,Youdao Inc. American Depositary Shares each representing one Class A Ordinary Share,Other Consumer Services,121,13.949999809265137,-1.5525777406089292,85,46,B-
DAR,Darling Ingredients Inc. Common Stock,Packaged Foods,124,61.83000183105469,-4.642187965511935,87,59,C
DARE,Dare Bioscience Inc. Common Stock,Biotechnology: Pharmaceutical Preparations,77,2.069999933242798,-36.69724937868993,49,4,B+
DASH,DoorDash Inc. Class A Common Stock,EDP Services,126,187.7899932861328,-33.34634776912099,38,68,B
DAVA,Endava plc American Depositary Shares (each representing one Class A Ordinary Share),EDP Services,126,2.8499999046325684,-81.20052814433848,7,30,E
DAVE,Dave Inc. Class A Common Stock,Finance: Consumer Services,116,417.0,0.0,96,88,A
DB,Deutsche Bank AG Common Stock,Major Banks,20,35.63999938964844,-8.40627336027705,60,56,B-
DBCA,D. Boral Acquisition I Corp. Class A Ordinary Shares,Blank Checks,71,9.989999771118164,-0.19980476829525307,47,,C-
DBCAU,D. Boral Acquisition I Corp. Unit,Blank Checks,71,10.229999542236328,-0.29240434674705496,50,,C-
DBD,Diebold Nixdorf Incorporated Common stock,Office Equipment/Supplies/Services,57,85.56999969482422,-3.6048181471820873,75,99,C-
DBGI,Digital Brands Group Inc. Common Stock,Clothing/Shoe/Accessory Stores,88,0.7299000024795532,-95.89482579138607,2,,B+
DBI,Designer Brands Inc. Class A Common Stock,Clothing/Shoe/Accessory Stores,88,5.309999942779541,-41.243849161333216,64,61,E
DBRG,DigitalBridge Group Inc.,Real Estate Investment Trusts,41,15.729999542236328,-0.3799960089426735,68,79,D
DBVT,DBV Technologies S.A. American Depositary Shares,Biotechnology: Biological Products (No Diagnostic Substances),67,15.920000076293945,-35.12632647775988,42,,B-
DBX,Dropbox Inc. Class A Common Stock,Computer Software: Prepackaged Software,118,29.969999313354492,-6.838666399784088,69,48,B-
DC,Dakota Gold Corp. Common Stock,Metal Mining,85,4.380000114440918,-37.42856979370117,29,11,D
DCBO,Docebo Inc. Common Shares,Computer Software: Prepackaged Software,118,18.270000457763672,-43.26086948795509,34,97,D+
DCGO,DocGo Inc. Common Stock,Medical/Nursing Services,27,0.6448000073432922,-62.72832368587953,23,20,A
DCH,Dauch Corporation Common Stock,Auto Parts:O.E.M.,56,5.170000076293945,-42.555554707845054,33,20,E
DCI,Donaldson Company Inc. Common Stock,Pollution Control Equipment,71,89.7300033569336,-18.3244977804519,57,74,C-
DCO,Ducommun Incorporated Common Stock,Military/Government/Technical,103,168.75,-11.300919842312751,90,77,B-
DCOM,Dime Commercial Bancshares Inc. Common Stock,Major Banks,20,39.880001068115234,-3.3914674238890274,79,70,C
DCOY,Decoy Therapeutics Inc. Common Stock,Biotechnology: Pharmaceutical Preparations,77,5.75,-96.80555555555556,10,,A+
DCTH,Delcath Systems Inc. Common Stock,Medical/Dental Instruments,126,13.140000343322754,-2.8106516388666902,75,40,B+
DCX,Digital Currency X Technology Inc. Class A Ordinary Shares,Auto Manufacturing,140,0.9591000080108643,-99.97130161555921,3,,E-
DD,DuPont de Nemours Inc. Common Stock,Major Chemicals,59,134.1699981689453,-12.515070888644663,66,63,D-
DDC,DDC Enterprise Limited Class A Ordinary Shares,Packaged Foods,124,0.6500999927520752,-96.73644583201715,3,,E-
DDD,3D Systems Corporation Common Stock,Computer Software: Prepackaged Software,118,2.9700000286102295,-23.453609767787686,85,40,B
DDI,DoubleDown Interactive Co. Ltd. American Depository Shares,EDP Services,126,11.329999923706055,-7.510204704440371,76,92,B+
DDL,Dingdong (Cayman) Limited American Depositary Shares (each two representing three Ordinary Shares),Catalog/Specialty Distribution,59,2.299999952316284,-28.125002561137048,40,99,E
DDOG,Datadog Inc. Class A Common Stock,Computer Software: Prepackaged Software,118,270.7300109863281,-2.4361164315646944,97,95,A-
DDS,Dillard's Inc. Common Stock,Department/Specialty Retail Stores,52,527.3900146484375,-24.606314138452724,39,69,E+
DDT,Dillard's Capital Trust I,Department/Specialty Retail Stores,52,26.579999923706055,0.0,54,,D+
DE,Deere & Company Common Stock,Industrial Machinery/Components,77,584.4000244140625,-11.300026503985372,62,49,D
DEA,Easterly Government Properties Inc. Common Stock,Real Estate Investment Trusts,41,24.700000762939453,-3.28895897602417,64,34,C
DEC,Diversified Energy Company Common Stock,,,13.34000015258789,-25.64990405927595,39,,D+
DECK,Deckers Outdoor Corporation Common Stock,Shoe Manufacturing,66,106.5999984741211,-13.969820576546022,49,57,C+
DEFT,Defi Technologies Inc. Common Stock,Finance: Consumer Services,116,0.4657999873161316,-86.61494296657659,6,4,E
DEI,Douglas Emmett Inc. Common Stock,Real Estate Investment Trusts,41,12.470000267028809,-21.217488470691503,60,29,B-
DELL,Dell Technologies Inc. Class C Common Stock,Computer Manufacturing,17,457.5400085449219,-1.807018427453977,99,91,A-
DEO,Diageo plc Common Stock,Beverages (Production/Distribution),101,80.94000244140625,-27.253038612508497,38,,D+
DERM,Journey Medical Corporation Common Stock,Biotechnology: Pharmaceutical Preparations,77,7.119999885559082,-23.11015432427439,64,4,A
DFDV,DeFi Development Corp. Common Stock,Finance: Consumer Services,116,3.119999885559082,-89.7233207416495,8,20,D+
DFH,Dream Finders Homes Inc. Class A Common Stock,Homebuilding,59,15.75,-49.17715354525891,29,36,C-
DFIN,Donnelley Financial Solutions Inc. Common Stock,Other Consumer Services,121,46.650001525878906,-28.374015825049415,33,51,B-
DFLI,Dragonfly Energy Holdings Corp. Common Stock (NV),Industrial Machinery/Components,77,1.6699999570846558,-91.5228431857407,15,20,B
DFNS,T3 Defense Inc. Common Stock,Professional Services,104,0.07289999723434448,-99.44856281571975,1,40,E-
DFSC,DEFSEC Technologies Inc. Common Stock,Computer Software: Prepackaged Software,118,2.0250000953674316,-79.27328556306999,20,11,B
DFTX,Definium Therapeutics Inc. Common Shares,Medicinal Chemicals and Botanical Products,134,45.97999954223633,-5.098041654918795,99,4,A
DG,Dollar General Corporation Common Stock,Department/Specialty Retail Stores,52,120.13999938964844,-22.346805590047293,51,49,C
DGICA,Donegal Group Inc. Class A Common Stock,Property-Casualty Insurers,41,18.760000228881836,-8.530254000505167,53,55,B
DGICB,Donegal Group Inc. Class B Common Stock,Property-Casualty Insurers,41,26.149999618530273,-2.059929320948184,91,55,A
DGII,Digi International Inc. Common Stock,Computer Communications Equipment,17,67.62999725341797,-9.76651099783119,91,88,C+
DGNX,Diginex Limited Ordinary Shares,EDP Services,126,1.159999966621399,-99.5380694531791,2,,A+
DGX,Quest Diagnostics Incorporated Common Stock,Medical Specialities,24,206.0,-4.250739019671257,66,58,C-
DGXX,Digi Power X Inc. Subordinate Voting Shares,Finance: Consumer Services,116,4.079999923706055,-51.77305076466981,91,,B
DH,Definitive Healthcare Corp. Class A Common Stock,Computer Software: Prepackaged Software,118,0.8486999869346619,-80.26279187700175,9,20,A
DHC,Diversified Healthcare Trust Common Shares of Beneficial Interest,Real Estate Investment Trusts,41,8.90999984741211,-7.284077359760999,93,4,B-
DHI,D.R. Horton Inc. Common Stock,Homebuilding,59,149.99000549316406,-17.7682493552211,50,42,C-
DHR,Danaher Corporation Common Stock,Industrial Machinery/Components,77,199.0500030517578,-17.41866350444239,41,47,C+
DHT,DHT Holdings Inc.,Marine Transportation,9,18.18000030517578,-8.917829964639512,85,95,C-
DHX,DHI Group Inc. Common Stock,Business Services,90,3.950000047683716,-1.496263784873919,92,92,A-
DIBS,1stdibs.com Inc. Common Stock,Catalog/Specialty Distribution,59,4.630000114440918,-27.993775458043636,69,20,A
DIN,Dine Brands Global Inc. Common Stock,Restaurants,97,35.68000030517578,-6.919771539255903,82,84,B
DINO,HF Sinclair Corporation Common Stock,Natural Gas Distribution,20,83.11000061035156,0.0,92,81,B+
DIOD,Diodes Incorporated Common Stock,Semiconductors,2,95.12999725341797,-22.50733496416093,88,72,E+
DIS,Walt Disney Company (The) Common Stock,Services-Misc. Amusement & Recreation,87,95.87000274658203,-20.889689611343854,33,53,D
DIT,AMCON Distributing Company Common Stock,Food Distributors,11,70.5,-26.148339715962166,32,41,E
DJCO,Daily Journal Corp. (S.C.) Common Stock,Newspapers/Magazines,30,570.6799926757812,-14.14730746360313,71,38,C+
DJT,Trump Media & Technology Group Corp. Common Stock,Computer Software: Programming Data Processing,112,9.029999732971191,-54.53172479629978,19,,A-
DK,Delek US Holdings Inc. Common Stock,Integrated oil Companies,6,60.95000076293945,0.0,94,96,A-
DKI,DarkIris Inc. Class A Ordinary Shares,Computer Software: Prepackaged Software,118,4.900000095367432,-57.75862125664345,99,,C+
DKNG,DraftKings Inc. Class A Common Stock,Services-Misc. Amusement & Recreation,87,25.209999084472656,-47.72963026384528,29,99,C+
DKS,Dick's Sporting Goods Inc Common Stock,Other Specialty Stores,112,211.3699951171875,-11.623532744320375,45,43,D-
DLB,Dolby Laboratories Common Stock,Multi-Sector Companies,95,48.5099983215332,-35.443396868168854,21,57,E+
DLHC,DLH Holdings Corp.,Professional Services,104,5.25,-20.091326288772137,33,29,E
DLO,DLocal Limited Class A Common Shares,Business Services,90,14.84000015258789,-4.677424897688621,63,55,A-
DLPN,Dolphin Entertainment Inc. Common Stock,Other Consumer Services,121,1.125,-38.18681496825857,23,,D+
DLR,Digital Realty Trust Inc. Common Stock,Real Estate Investment Trusts,41,173.11000061035156,-14.538675400116773,45,76,E
DLTH,Duluth Holdings Inc. Class B Common Stock,Clothing/Shoe/Accessory Stores,88,4.099999904632568,-14.046123248910503,89,20,A
DLTR,Dollar Tree Inc. Common Stock,Department/Specialty Retail Stores,52,124.55999755859375,-11.790955572299655,70,66,B
DLX,Deluxe Corporation Common Stock,Publishing,109,24.6299991607666,-21.806818250628236,66,86,D-
DLXY,Delixy Holdings Limited Class A Ordinary Shares,Oil Refining/Marketing,128,0.46309998631477356,-93.10863094087141,9,,A
DMAC,DiaMedica Therapeutics Inc. Common Stock,Biotechnology: Pharmaceutical Preparations,77,7.429999828338623,-20.873274156777754,79,,A-
DMC,Del Monte Corporation Ordinary Shares,,,27.989999771118164,-33.90499714943525,23,37,E+
DMII,Drugs Made In America Acquisition II Corp. Ordinary Shares,Blank Checks,71,10.095000267028809,-0.04950608170363191,48,,D
DMIIU,Drugs Made In America Acquisition II Corp. Unit,,,10.15999984741211,-0.6357020208567876,47,,C-
DMRA,Damora Therapeutics Inc. Common Stock,Biotechnology: Pharmaceutical Preparations,77,30.989999771118164,-9.226712580098583,98,,A+
DMRC,Digimarc Corporation Common Stock,EDP Services,126,6.710000038146973,-59.16007356352155,31,32,E
DNA,Ginkgo Bioworks Holdings Inc. Class A Common Stock,Biotechnology: Biological Products (No Diagnostic Substances),67,9.039999961853027,-43.99008485929108,51,4,B
DNLI,Denali Therapeutics Inc. Common Stock,Biotechnology: Biological Products (No Diagnostic Substances),67,22.649999618530273,-16.758543253845748,82,4,D-
DNMX,Dynamix Corporation III Class A Ordinary Shares,Blank Checks,71,10.020000457763672,-0.1991982486588051,46,,D
DNMXU,Dynamix Corporation III Unit,Blank Checks,71,10.149999618530273,-0.09842745110260065,46,,D
DNN,Denison Mines Corp Ordinary Shares (Canada),Other Metals and Minerals,132,3.1700000762939453,-27.459950587884585,61,4,D-
DNOW,DNOW Inc. Common Stock,Oil and Gas Field Machinery,32,13.119999885559082,-22.228813083122066,44,20,D
DNTH,Dianthus Therapeutics Inc. Common Stock,Biotechnology: Pharmaceutical Preparations,77,101.27999877929688,0.0,98,4,B-
DNUT,Krispy Kreme Inc. Common Stock,Food Chains,64,3.3299999237060547,-29.148934918218362,39,20,D+
DOC,Healthpeak Properties Inc. Common Stock,Real Estate Investment Trusts,41,21.65999984741211,-1.231192220731292,80,74,C+
DOCN,DigitalOcean Holdings Inc. Common Stock,Computer Software: Programming Data Processing,112,126.30000305175781,-30.332611986798106,98,72,D-
DOCS,Doximity Inc. Class A Common Stock,EDP Services,126,21.799999237060547,-70.97976778488277,14,46,D
DOCU,DocuSign Inc. Common Stock,Computer Software: Prepackaged Software,118,49.380001068115234,-41.91271635426775,29,83,C
DOGZ,Dogness (International) Corporation Class A Common Stock,Miscellaneous manufacturing industries,115,0.9649999737739563,-93.96120149300762,5,,A+
DOLE,Dole plc Ordinary Shares,Farming/Seeds/Milling,88,14.100000381469727,-12.847948370345296,43,38,D
DOMH,Dominari Holdings Inc. Common Stock,Biotechnology: Pharmaceutical Preparations,77,2.809999942779541,-54.79409516841221,25,,E+
DOMO,Domo Inc. Class B Common Stock,Computer Software: Prepackaged Software,118,3.309999942779541,-81.81318788997156,17,20,B
DOO,BRP Inc. Common Subordinate Voting Shares,Industrial Specialties,90,58.81999969482422,-27.576354002332316,33,38,D
DORM,Dorman Products Inc. Common Stock,Auto Parts:O.E.M.,56,138.6199951171875,-16.664663839714645,65,61,B-
DOUG,Douglas Elliman Inc. Common Stock,Real Estate,90,1.850000023841858,-40.51446668023583,31,40,C
DOV,Dover Corporation Common Stock,Industrial Machinery/Components,77,214.14999389648438,-7.77596339040878,60,81,D
DOW,Dow Inc. Common Stock,Major Chemicals,59,30.309999465942383,-26.87315879100819,52,9,E+
DOX,Amdocs Limited Ordinary Shares,EDP Services,126,51.959999084472656,-40.14025661856354,19,46,E+
DOYU,DouYu International Holdings Limited ADS,Computer Software: Programming Data Processing,112,4.610000133514404,-49.50711855717539,22,63,D+
DPRO,Draganfly Inc. Common Shares,Aerospace,101,4.75,-65.50472155342668,22,4,C+
DPZ,Domino's Pizza Inc Common Stock,Food Distributors,11,309.8500061035156,-34.95275678780625,24,51,D-
DQ,DAQO New Energy Corp. American Depositary Shares each representing five ordinary shares,Semiconductors,2,11.84000015258789,-66.8254395960461,10,20,E-
DRCT,Direct Digital Holdings Inc. Class A Common Stock,Advertising,94,2.569999933242798,-98.03666917259358,8,4,A
DRD,DRDGOLD Limited American Depositary Shares,Precious Metals,111,20.729999542236328,-46.577338645079934,29,,E
DRH,Diamondrock Hospitality Company Common Stock,Real Estate Investment Trusts,41,12.100000381469727,-2.2495341591219686,84,76,C
DRI,Darden Restaurants Inc. Common Stock,Restaurants,97,195.74000549316406,-9.06327714446592,48,73,D-
DRIO,DarioHealth Corp. Common Stock,Medical/Dental Instruments,126,6.53000020980835,-62.36311201017281,15,4,B+
DRMA,Dermata Therapeutics Inc. Common Stock,Biotechnology: Pharmaceutical Preparations,77,1.3200000524520874,-81.91780797310899,14,4,A-
DRS,Leonardo DRS Inc. Common Stock,Industrial Machinery/Components,77,44.369998931884766,-10.706379234964702,43,79,C
DRTS,Alpha Tau Medical Ltd. Ordinary Shares,Medical/Dental Instruments,126,12.34000015258789,-9.097603491930373,98,4,A-
DRUG,Bright Minds Biosciences Inc. Common Stock,Biotechnology: Pharmaceutical Preparations,77,74.02999877929688,-22.87336739224538,83,11,E
DRVN,Driven Brands Holdings Inc. Common Stock,Automotive Aftermarket,128,15.479999542236328,-19.416968870400765,56,95,B+
DSGN,Design Therapeutics Inc. Common Stock,Biotechnology: Pharmaceutical Preparations,77,13.670000076293945,-13.426218433697134,94,20,C
DSGR,Distribution Solutions Group Inc. Common Stock,Industrial Specialties,90,27.59000015258789,-17.0474998649487,42,36,C-
DSGX,Descartes Systems Group Inc. (The) Common Stock,Computer Software: Prepackaged Software,118,71.82499694824219,-33.36580727508309,33,76,C+
DSP,Viant Technology Inc. Class A Common Stock,Computer Software: Programming Data Processing,112,12.699999809265137,-14.131170777407064,74,40,B+
DSS,DSS Inc. Common Stock,Containers/Packaging,59,0.5648999810218811,-67.34682226625539,12,29,A+
DSWL,Deswell Industries Inc. Common Shares,Plastic Products,29,3.4600000381469727,-11.00422948304567,64,,A-
DSX,Diana Shipping inc. common stock,Marine Transportation,9,2.119999885559082,-26.58145573076599,59,84,E
DSY,Big Tree Cloud Holdings Limited Class A Ordinary Shares,Containers/Packaging,59,3.4600000381469727,-93.70909083973278,19,,A+
DT,Dynatrace Inc. Common Stock,Computer Software: Prepackaged Software,118,45.040000915527344,-17.67501065758521,61,45,B
DTCX,Datacentrex Inc. Common Stock,EDP Services,126,2.0899999141693115,-86.4812425031545,17,,C+
DTE,DTE Energy Company Common Stock,Electric Utilities: Central,52,149.07000732421875,-3.4708188860796962,58,,D+
DTI,Drilling Tools International Corporation Common Stock,Oil and Gas Field Machinery,32,2.259999990463257,-49.665921922743465,26,20,E-
DTIL,Precision BioSciences Inc. Common Stock,Biotechnology: Biological Products (No Diagnostic Substances),67,8.579999923706055,-7.543101609993441,91,33,A
DTM,DT Midstream Inc. Common Stock,Natural Gas Distribution,20,148.25999450683594,-1.645224158122105,78,83,C
DTSS,Datasea Intelligent Technology Ltd. Class A Ordinary Shares,Computer Software: Prepackaged Software,118,0.815500020980835,-64.54347661357292,20,,A
DTST,Data Storage Corporation Common Stock,EDP Services,126,3.440000057220459,-35.09434087881624,27,,D
DUK,Duke Energy Corporation (Holding Company) Common Stock,Power Generation,48,126.37000274658203,-4.4942329483404375,52,68,D
DUKR,DUKE Robotics Corp. Common Stock,Aerospace,101,5.440000057220459,-55.91572131318324,99,,E-
DUO,Fangdd Network Group Ltd. Class A Ordinary Shares,Real Estate,90,0.6150000095367432,-87.86982270781235,5,,A-
DUOL,Duolingo Inc. Class A Common Stock,Computer Software: Prepackaged Software,118,128.35000610351562,-67.16047300528733,28,93,C+
DUOT,Duos Technologies Group Inc. Common Stock,Computer Software: Prepackaged Software,118,8.460000038146973,-42.213115848692276,55,,C-
DV,DoubleVerify Holdings Inc. Common Stock,Computer Software: Programming Data Processing,112,11.600000381469727,-28.703134264913487,50,,A
DVA,DaVita Inc. Common Stock,Misc Health and Biotechnology Services,8,232.41000366210938,-1.4000267098391528,93,91,B
DVLT,Datavault AI Inc. Common Stock,Semiconductors,2,0.38609999418258667,-88.71052673773679,8,,D
DVN,Devon Energy Corporation Common Stock,Oil & Gas Production,30,43.400001525878906,-16.057823561654505,64,35,D-
DWSN,Dawson Geophysical Company Common Stock,Oil & Gas Production,30,4.199999809265137,-44.51783733125902,97,58,E+
DWTX,Dogwood Therapeutics Inc. Common Stock,Biotechnology: Pharmaceutical Preparations,77,1.4299999475479126,-81.92161851917403,10,20,D-
DX,Dynex Capital Inc. Common Stock,Real Estate Investment Trusts,41,13.220000267028809,-4.314312539940435,59,31,C-
DXC,DXC Technology Company Common Stock,EDP Services,126,9.15999984741211,-40.635128540214524,17,31,B
DXCM,DexCom Inc. Common Stock,Medical/Dental Instruments,126,74.12000274658203,-17.212103476849695,58,91,B
DXF,Eason Technology Limited American Depositary Shares (each representing sixty-thousand (60000) Ordinary Shares),Finance: Consumer Services,116,0.5400000214576721,-91.21951198237485,6,,A+
DXLG,Destination XL Group Inc. Common Stock,Clothing/Shoe/Accessory Stores,88,0.6270999908447266,-60.310128239767,27,20,A
DXPE,DXP Enterprises Inc. Common Stock,Industrial Machinery/Components,77,163.52000427246094,-9.911294572650908,82,77,D+
DXR,Daxor Corporation Common Stock,Medical/Dental Instruments,126,10.649999618530273,-27.796612755726958,45,,D+
DXST,Decent Holding Inc Class A Ordinary Shares,Miscellaneous,142,2.1500000953674316,-95.84541044373444,5,,A+
DXYZ,Destiny Tech100 Inc. Common Stock,,,25.950000762939453,-63.57383276096809,29,,E-
DY,Dycom Industries Inc. Common Stock,Water Sewer Pipeline Comm & Power Line Construction,1,418.8699951171875,-21.73580239845806,80,95,D-
DYAI,Dyadic International Inc. Common Stock,Biotechnology: Biological Products (No Diagnostic Substances),67,1.2100000381469727,-6.923070574652989,79,,C
DYN,Dyne Therapeutics Inc. Common Stock,Biotechnology: Pharmaceutical Preparations,77,23.780000686645508,-2.0996303403011396,92,4,A-
DYNC,Dynamix Corporation Class A Ordinary Shares,,,10.789999961853027,-10.008338883839919,49,,C
DYOR,Insight Digital Partners II Class A Ordinary Shares,Blank Checks,71,10.0600004196167,-0.3960392113094846,47,,D+
E,ENI S.p.A. Common Stock,Oil & Gas Production,30,49.54999923706055,-13.01729631388583,74,37,E+
EA,Electronic Arts Inc. Common Stock,Services-Misc. Amusement & Recreation,87,206.64999389648438,0.0,59,58,D+
EAF,GrafTech International Ltd. Common Stock,Industrial Machinery/Components,77,6.619999885559082,-66.5993946140785,14,20,E+
EAI,Entergy Arkansas LLC First Mortgage Bonds 4.875% Series Due September 1 2066,Electric Utilities: Central,52,19.989999771118164,-4.931584959031888,42,,D-
EARN,Ellington Credit Company Common Shares of Beneficial Interest,Real Estate Investment Trusts,41,4.380000114440918,-15.111661742161974,39,,D-
EAT,Brinker International Inc. Common Stock,Restaurants,97,185.3300018310547,-2.0816834957822827,75,72,B
EBAY,eBay Inc. Common Stock,Business Services,90,112.54000091552734,-5.134502583988465,77,74,C-
EBC,Eastern Bankshares Inc. Common Stock,Savings Institutions,11,22.440000534057617,-1.1888972316147828,72,82,B
EBF,Ennis Inc. Common Stock,Office Equipment/Supplies/Services,57,21.020000457763672,-3.7900769773040244,62,47,C
EBMT,Eagle Bancorp Montana Inc. Common Stock,Major Banks,20,23.200000762939453,-5.03479135027165,74,70,B-
EBON,Ebang International Holdings Inc. Class A Ordinary Shares,Semiconductors,2,2.0185000896453857,-62.758301453279984,19,,A+
EBS,Emergent BioSolutions Inc. Common Stock,Biotechnology: Pharmaceutical Preparations,77,7.5,-46.04316398684176,28,29,D-
EC,Ecopetrol S.A. American Depositary Shares,Oil & Gas Production,30,16.15999984741211,-2.533172968797359,90,39,B-
ECAT,BlackRock ESG Capital Allocation Term Trust Common Shares of Beneficial Interest,Finance/Investors Services,73,15.890000343322754,0.0,64,,C
ECBK,ECB Bancorp Inc. Common Stock,Banks,19,20.110000610351562,-0.9847309741499277,70,93,B
ECG,Everus Construction Group Inc. Common Stock,Homebuilding,59,138.27999877929688,-18.254909088613005,87,87,E+
ECHO,EchoStar  Corporation Common Stock,Telecommunications Equipment,73,94.5,-33.356842054857395,81,4,E-
ECL,Ecolab Inc. Common Stock,Package Goods/Cosmetics,83,269.75,-12.044727674696453,45,83,C-
ECO,Okeanis Eco Tankers Corp. Common Stock,Marine Transportation,9,56.72999954223633,0.0,93,97,C
ECOR,electroCore Inc. Common Stock,Biotechnology: Electromedical & Electrotherapeutic Apparatus,81,6.150000095367432,-40.57971141355537,49,,E
ECPG,Encore Capital Group Inc Common Stock,Finance Companies,48,89.58999633789062,-4.478094185561943,92,78,C
ECVT,Ecovyst Inc. Common Stock,Major Chemicals,59,12.180000305175781,-18.637273961831234,65,63,E+
ECX,ECARX Holdings Inc. Class A Ordinary shares,EDP Services,126,1.2100000381469727,-54.16666704295861,24,20,E
ED,Consolidated Edison Inc. Common Stock,Power Generation,48,111.95999908447266,-2.21910370838323,58,58,D+
EDBL,Edible Garden AG Incorporated Common Stock,Farming/Seeds/Milling,88,3.4800000190734863,-87.11111104046857,90,20,A+
EDHL,Everbright Digital Holding Limited Ordinary Shares,Advertising,94,3.640000104904175,-81.04166687362722,28,,A+
EDIT,Editas Medicine Inc. Common Stock,Biotechnology: Biological Products (No Diagnostic Substances),67,3.1600000858306885,-23.85542136834796,56,20,A-
EDN,Empresa Distribuidora Y Comercializadora Norte S.A. (Edenor) American Depositary Shares,Electric Utilities: Central,52,25.200000762939453,-29.431527838103854,47,68,B-
EDRY,EuroDry Ltd. Common Shares,Marine Transportation,9,23.3799991607666,-7.9165036518327625,93,63,A-
EDSA,Edesa Biotech Inc. Common Shares,Biotechnology: Pharmaceutical Preparations,77,6.739999771118164,-63.12910548169681,98,4,A-
EDTK,Skillful Craftsman Education Technology Limited Ordinary Share,Other Consumer Services,121,0.9449999928474426,-17.105262745120186,39,,C-
EDU,New Oriental Education & Technology Group Inc. Sponsored ADR representing 10 Ordinary Share (Cayman Islands),Other Consumer Services,121,49.59000015258789,-21.003672314255596,35,93,D
EDUC,Educational Development Corporation Common Stock,Consumer Specialties,37,1.4800000190734863,-17.777774539994518,53,40,E
EE,Excelerate Energy Inc. Class A Common Stock,Oil/Gas Transmission,48,38.72999954223633,-9.297669672943742,80,53,B-
EEFT,Euronet Worldwide Inc. Common Stock,Investment Bankers/Brokers/Service,77,77.22000122070312,-27.30182608428333,42,54,D+
EEIQ,EpicQuest Education Group International Limited Common Stock,Other Consumer Services,121,2.4600000381469727,-87.60080635470109,7,,A+
EFC,Ellington Financial Inc. Common Stock,Real Estate,90,13.619999885559082,0.0,61,96,C-
EFOI,Energy Focus Inc. Common Stock,Building Products,63,3.0,-53.77503689059253,81,20,A
EFOR,Everforth Inc. Common Stock,Professional Services,104,17.110000610351562,-69.2542674910891,6,49,D-
EFSC,Enterprise Financial Services Corporation Common Stock,Major Banks,20,65.29000091552734,-2.406577838012103,67,47,C+
EFSI,Eagle Financial Services Inc Common Stock,Major Banks,20,41.904998779296875,-2.840255642200684,65,82,C+
EFT,Eaton Vance Floating Rate Income Trust Common Shares of Beneficial Interest,Finance Companies,48,10.800000190734863,-7.49615024075494,43,,D+
EFX,Equifax Inc. Common Stock,Finance: Consumer Services,116,166.92999267578125,-35.87974191358217,23,67,D
EFXT,Enerflex Ltd Common Shares,Industrial Machinery/Components,77,24.260000228881836,-14.452966785960019,94,46,D
EG,Everest Group Ltd. Common Stock,Property-Casualty Insurers,41,371.8500061035156,-1.5983509250809602,61,94,C+
EGAN,eGain Corporation Common Stock,Computer Software: Prepackaged Software,118,6.590000152587891,-57.37386716476512,23,99,D+
EGBN,Eagle Bancorp Inc. Common Stock,Major Banks,20,26.860000610351562,-7.7926488699401,68,58,D+
EGO,Eldorado Gold Corporation Ordinary Shares,Precious Metals,111,29.479999542236328,-40.46449986244751,43,83,D
EGP,EastGroup Properties Inc. Common Stock,Real Estate Investment Trusts,41,211.25,-1.570214888574295,71,84,C
EGY,VAALCO Energy Inc.  Common Stock,Oil & Gas Production,30,5.429999828338623,-17.70749949576803,78,4,D+
EH,EHang Holdings Limited ADS,Aerospace,101,5.449999809265137,-72.73636882607985,6,20,E-
EHC,Encompass Health Corporation Common Stock,Hospital/Nursing Management,85,108.7300033569336,-14.023513277874821,43,81,C
EHGO,Eshallgo Inc. Class A Ordinary Shares,Diversified Commercial Services,77,1.8799999952316284,-85.67073161867245,6,,A+
EHLD,Euroholdings Ltd. Common Stock,Marine Transportation,9,8.359999656677246,-5.20528305583885,68,38,D-
EHTH,eHealth Inc. Common Stock,Specialty Insurers,109,1.5700000524520874,-72.21238892120785,16,20,D+
EIC,Eagle Point Income Company Inc. Common Stock,Finance/Investors Services,73,10.050000190734863,-20.436444105867913,39,,D-
EIG,Employers Holdings Inc Common Stock,Property-Casualty Insurers,41,50.130001068115234,-3.466203016527125,70,42,B
EIKN,Eikon Therapeutics Inc. Common Stock,Biotechnology: Biological Products (No Diagnostic Substances),67,10.1899995803833,-37.33087677155559,26,,A
EIX,Edison International Common Stock,Electric Utilities: Central,52,76.58000183105469,0.0,80,,C
EJH,E-Home Household Service Holdings Limited Ordinary Shares,Other Consumer Services,121,1.6698999404907227,-97.76602014650071,6,,A
EL,Estee Lauder Companies Inc. (The) Common Stock,Package Goods/Cosmetics,83,80.86000061035156,-31.922636852047535,38,31,C-
ELA,Envela Corporation Common Stock,Consumer Specialties,37,22.31999969482422,-22.71468025128659,97,97,C
ELAB,PMGC Holdings Inc. Common Stock,Biotechnology: Pharmaceutical Preparations,77,1.1200000047683716,-99.4832041350776,1,,A+
ELAN,Elanco Animal Health Incorporated Common Stock,Biotechnology: Pharmaceutical Preparations,77,25.549999237060547,-4.806262698187669,76,32,C
ELBM,Electra Battery Materials Corporation Common Stock,Industrial Machinery/Components,77,0.5771999955177307,-91.77777781928782,16,,B
ELC,Entergy Louisiana Inc. Collateral Trust Mortgage Bonds 4.875 % Series due September 1 2066,Electric Utilities: Central,52,20.020000457763672,-4.3190076830145525,45,,D
ELDN,Eledon Pharmaceuticals Inc. Common Stock,Biotechnology: Pharmaceutical Preparations,77,4.050000190734863,-7.11009021299418,88,,B+
ELE,Elemental Royalty Corporation Common Stock,Precious Metals,111,16.229999542236328,-32.8291171915333,35,45,A
ELF,e.l.f. Beauty Inc. Common Stock,Package Goods/Cosmetics,83,72.25,-50.739755299664544,28,30,B+
ELLO,Ellomay Capital Ltd Ordinary Shares (Israel),Electric Utilities: Central,52,18.094999313354492,-39.25814448725681,28,20,E
ELMD,Electromed Inc. Common Stock,Biotechnology: Electromedical & Electrotherapeutic Apparatus,81,44.34000015258789,-4.253943343304045,95,88,A-
ELME,Elme Communities Common Stock,Real Estate Investment Trusts,41,1.5399999618530273,-51.5723292602494,15,,E-
ELOG,Eastern International Ltd. Ordinary Shares,Integrated Freight & Logistics,141,0.8199999928474426,-72.39057289736289,12,,A+
ELPC,Companhia Paranaense de Energia (COPEL) American Depositary Shares (each representing four (4) Common Shares),Electric Utilities: Central,52,11.970000267028809,-10.600726949075312,74,62,D
ELPW,Elong Power Holding Limited Class A Ordinary Shares,Industrial Machinery/Components,77,0.3003999888896942,-99.99427591484586,1,,A
ELS,Equity Lifestyle Properties Inc. Common Stock,Real Estate Investment Trusts,41,64.08000183105469,-4.634350801549592,52,67,C-
ELSE,Electro-Sensors Inc. Common Stock,Industrial Machinery/Components,77,7.699999809265137,-0.1297046541161806,93,,A-
ELTK,Eltek Ltd. Ordinary Shares,Electrical Products,3,8.846199989318848,-23.409525166804247,40,29,B
ELTX,Elicio Therapeutics Inc. Common Stock,Biotechnology: Pharmaceutical Preparations,77,3.109999895095825,-79.05724030164622,5,4,A+
ELUT,Elutia Inc. Class A Common Stock,Biotechnology: Biological Products (No Diagnostic Substances),67,0.9120000004768372,-62.00000149011606,31,65,E+
ELV,Elevance Health Inc. Common Stock,Medical Specialities,24,426.7900085449219,0.0,78,43,B-
ELVA,Electrovaya Inc. Common Shares,Industrial Machinery/Components,77,7.889999866485596,-35.64437423175156,72,83,E
ELVN,Enliven Therapeutics Inc. Common Stock,Biotechnology: Pharmaceutical Preparations,77,51.72999954223633,-0.8624008438244846,94,4,A
ELVR,Elevra Lithium Limited American Depository Shares,Mining & Quarrying of Nonmetallic Minerals (No Fuels),73,63.11000061035156,-38.32698184199661,92,,E+
ELWT,Elauwit Connection Inc. Common Stock,Telecommunications Equipment,73,7.309999942779541,-17.307694382340543,72,,B-
EMA,Emera Incorporated Common Shares,Electric Utilities: Central,52,54.150001525878906,0.0,61,,D+
EMAT,Evolution Metals & Technologies Corp. Common Stock,Industrial Machinery/Components,77,5.5,-71.05263157894737,8,,E-
EMBC,Embecta Corp. Common Stock,Medical/Dental Instruments,126,3.0999999046325684,-79.12708831985668,4,46,E+
EMBJ,Embraer S.A. Common Stock,Aerospace,101,64.91000366210938,-18.456377736524054,49,81,D+
EME,EMCOR Group Inc. Common Stock,Engineering & Construction,45,774.739990234375,-17.908345405629134,63,90,E
EML,Eastern Company (The) Common Stock,Industrial Machinery/Components,77,25.360000610351562,-13.712143120071985,70,,A-
EMN,Eastman Chemical Company Common Stock,Major Chemicals,59,67.2300033569336,-15.427668008164353,42,42,D-
EMP,Entergy Mississippi LLC First Mortgage Bonds 4.90% Series Due October 1 2066,Electric Utilities: Central,52,20.084999084472656,-3.5350079739191576,44,,D
EMPD,Empery Digital Inc. Common stock,Auto Manufacturing,140,3.6500000953674316,-83.10967148414137,15,,C+
EMR,Emerson Electric Company Common Stock,Consumer Electronics/Appliances,122,136.08999633789062,-15.167867634847587,42,59,D
ENB,Enbridge Inc Common Stock,Natural Gas Distribution,20,55.88999938964844,-3.704344403798454,69,,D+
ENGN,enGene Therapeutics Inc. Common Stock,Biotechnology: Biological Products (No Diagnostic Substances),67,1.8949999809265137,-84.42892383692092,4,11,E
ENGS,Energys Group Limited Ordinary Shares,Engineering & Construction,45,2.930000066757202,-76.02291323460332,95,,A+
ENIC,Enel Chile S.A. American Depositary Shares (Each representing 50 shares of Common Stock),Electric Utilities: Central,52,4.409999847412109,-5.364807042619013,64,34,C
ENJ,Entergy New Orleans LLC First Mortgage Bonds 5.0% Series due December 1 2052,Power Generation,48,20.0,-7.7421147441258835,45,,C
ENLT,Enlight Renewable Energy Ltd. Ordinary Shares,Electric Utilities: Central,52,90.25,-15.983986652039517,96,48,C+
ENLV,Enlivex Ltd. Ordinary Shares,Biotechnology: Pharmaceutical Preparations,77,6.050000190734863,-77.8388265208381,7,,E-
ENO,Entergy New Orleans LLC First Mortgage Bonds 5.50% Series due April 1 2066,Power Generation,48,21.260000228881836,-7.655717992762812,42,,D-
ENOV,Enovis Corporation Common Stock,Industrial Specialties,90,24.649999618530273,-26.020408630558013,31,20,C+
ENPH,Enphase Energy Inc. Common Stock,Semiconductors,2,44.98500061035156,-37.805890402953956,80,30,B-
ENR,Energizer Holdings Inc. Common Stock,Industrial Machinery/Components,77,20.40999984741211,-27.75854393680336,45,54,C+
ENS,EnerSys Common Stock,Industrial Machinery/Components,77,201.22999572753906,-17.209369162416376,88,70,E
ENSC,Ensysce Biosciences Inc. Common Stock,Biotechnology: Pharmaceutical Preparations,77,0.29249998927116394,-88.6186771646297,5,20,A+
ENSG,The Ensign Group Inc. Common Stock,Hospital/Nursing Management,85,166.72999572753906,-22.692563971259005,39,72,E
ENTA,Enanta Pharmaceuticals Inc. Common Stock,Biotechnology: Pharmaceutical Preparations,77,13.109999656677246,-22.1958494962732,71,20,C+
ENTG,Entegris Inc. Common Stock,Plastic Products,29,140.6300048828125,-23.570649520210594,81,71,E+
ENTX,Entera Bio Ltd. Ordinary Shares,Biotechnology: Biological Products (No Diagnostic Substances),67,1.6200000047683716,-48.40764488389053,59,4,A+
ENVA,Enova International Inc. Common Stock,Finance: Consumer Services,116,230.63999938964844,-4.76504816051505,93,91,A-
ENVB,Enveric Biosciences Inc. Common Stock,Biotechnology: Pharmaceutical Preparations,77,1.3200000524520874,-92.41379263568292,6,,A
ENVX,Enovix Corporation Common Stock,Industrial Machinery/Components,77,5.059999942779541,-68.23603361052348,14,20,E+
EOG,EOG Resources Inc. Common Stock,Oil & Gas Production,30,138.00999450683594,-7.210919960260609,67,65,D
EOLS,Evolus Inc. Common Stock,Biotechnology: Pharmaceutical Preparations,77,6.269999980926514,-35.02590436494282,64,20,B-
EONR,EON Resources Inc. Class A Common Stock,Oil & Gas Production,30,0.546999990940094,-64.24836593668506,55,,C
EOSE,Eos Energy Enterprises Inc. Class A Common Stock,Industrial Machinery/Components,77,4.289999961853027,-77.64460738685591,12,63,E
EOT,Eaton Vance Municipal Income Trust EATON VANCE NATIONAL MUNICIPAL OPPORTUNITIES TRUST,Investment Bankers/Brokers/Service,77,17.5,-1.1857656427366692,55,,C-
EP,Empire Petroleum Corporation Common Stock,Oil & Gas Production,30,2.5899999141693115,-53.75000074505807,22,20,E-
EPAC,Enerpac Tool Group Corp. Common Stock,Industrial Machinery/Components,77,34.150001525878906,-21.79427450537088,34,88,C-
EPAM,EPAM Systems Inc. Common Stock,EDP Services,126,84.5,-61.833783952357294,12,85,D
EPC,Edgewell Personal Care Company Common Stock,Package Goods/Cosmetics,83,27.450000762939453,-1.1879046636046109,80,30,A-
EPD,Enterprise Products Partners L.P. Common Stock,Natural Gas Distribution,20,37.72999954223633,-5.2010043580520975,67,51,D+
EPM,Evolution Petroleum Corporation Inc. Common Stock,Oil & Gas Production,30,3.8499999046325684,-22.026764192342164,39,35,D-
EPOW,E-Power Inc. Class A Ordinary Shares,Business Services,90,0.5278000235557556,-62.299997675418815,12,,A-
EPR,EPR Properties Common Stock,Real Estate Investment Trusts,41,59.540000915527344,-0.5013356221516885,62,53,C-
EPRT,Essential Properties Realty Trust Inc. Common Stock,Real Estate Investment Trusts,41,31.200000762939453,-7.9170528838191645,50,90,D+
EPRX,Eupraxia Pharmaceuticals Inc. Common Stock,Pharmaceuticals and Biotechnology,,6.340000152587891,-30.099224190649064,39,,C+
EPSM,Epsium Enterprise Limited Class A Ordinary Shares,Beverages (Production/Distribution),101,1.2799999713897705,-99.072463788848,9,,A+
EPSN,Epsilon Energy Ltd. Common Share,Oil & Gas Production,30,5.5,-18.960145769124782,49,,D
EQ,Equillium Inc. Common Stock,Biotechnology: Pharmaceutical Preparations,77,2.759999990463257,-13.75000158324835,99,20,B
EQBK,Equity Bancshares Inc. Class A Common Stock,Major Banks,20,48.970001220703125,-2.4501982540693246,62,88,B
EQH,Equitable Holdings Inc. Common Stock,Specialty Insurers,109,47.29999923706055,-11.990919586684045,56,68,C+
EQIX,Equinix Inc. Common Stock REIT,Real Estate Investment Trusts,41,1023.5399780273438,-8.280012207688214,70,74,E+
EQNR,Equinor ASA,Integrated oil Companies,6,36.189998626708984,-13.772993625085128,79,54,D+
EQPT,EquipmentShare.com Inc Class A Common Stock,Diversified Commercial Services,77,17.34000015258789,-49.92780936252037,15,,E+
EQR,Equity Residential Common Shares of Beneficial Interest,Real Estate Investment Trusts,41,68.72000122070312,-2.0384893429378548,64,62,D+
EQS,Equus Total Return Inc. Common Stock,Finance/Investors Services,73,1.190000057220459,-52.20883322639606,25,,E-
EQT,EQT Corporation Common Stock,Oil & Gas Production,30,49.810001373291016,-26.467894744074073,35,82,D-
EQX,Equinox Gold Corp. Common Shares,Precious Metals,111,9.5,-49.25167987269556,30,86,E
ERAS,Erasca Inc. Common Stock,Biotechnology: Pharmaceutical Preparations,77,19.5,-13.217620846073396,99,20,A-
ERIC,Ericsson American Depositary Shares,Radio And Television Broadcasting And Communications Equipment,27,10.140000343322754,-26.20086963438458,56,44,E
ERIE,Erie Indemnity Company Class A Common Stock,Specialty Insurers,109,238.47000122070312,-33.997724183239065,28,66,C-
ERII,Energy Recovery Inc. Common Stock,Industrial Machinery/Components,77,8.65999984741211,-52.181117860028635,17,32,C
ERNA,Ernexa Therapeutics Inc. Common Stock,Biotechnology: Pharmaceutical Preparations,77,6.059999942779541,-89.03167431171124,12,,A+
ERO,Ero Copper Corp. Common Shares,Metal Mining,85,25.889999389648438,-31.922166130221708,56,,D
ES,Eversource Energy (D/B/A) Common Stock,Electric Utilities: Central,52,74.63999938964844,-0.2938835411560259,62,53,C
ESAB,ESAB Corporation Common Stock,Industrial Machinery/Components,77,87.16999816894531,-35.19634144819756,23,77,C-
ESCA,Escalade Incorporated Common Stock,Recreational Games/Products/Toys,97,18.170000076293945,-11.76765554468716,77,72,B
ESE,ESCO Technologies Inc. Common Stock,Telecommunications Equipment,73,325.4599914550781,-8.273707264687102,84,92,D-
ESEA,Euroseas Ltd. Common Stock (Marshall Islands),Marine Transportation,9,71.70999908447266,-3.1392447432186055,77,48,C+
ESI,Element Solutions Inc. Common Stock,Major Chemicals,59,40.650001525878906,-17.19290812889527,84,81,E-
ESLA,Estrella Immunopharma Inc. Common Stock,Biotechnology: Biological Products (No Diagnostic Substances),67,0.8159999847412109,-73.24590172135872,15,,E
ESLT,Elbit Systems Ltd. Ordinary Shares,Military/Government/Technical,103,736.2999877929688,-27.237739144805694,67,83,C-
ESNT,Essent Group Ltd. Common Shares,Property-Casualty Insurers,41,65.01000213623047,-1.5194976229317314,59,49,B-
ESOA,Energy Services of America Corporation Common Stock,Water Sewer Pipeline Comm & Power Line Construction,1,16.239999771118164,-16.028957378549524,88,95,E+
ESP,Espey Mfg. & Electronics Corp. Common Stock,Industrial Machinery/Components,77,58.18000030517578,-19.099305904911112,70,90,B-
ESQ,Esquire Financial Holdings Inc. Common Stock,Commercial Banks,10,119.27999877929688,-3.518562299410577,63,60,D+
ESRT,Empire State Realty Trust Inc. Class A Common Stock,Real Estate Investment Trusts,41,5.539999961853027,-31.31298357265928,33,39,B
ESS,Essex Property Trust Inc. Common Stock,Real Estate Investment Trusts,41,298.1300048828125,-0.06703372052901946,69,79,C
ESTA,Establishment Labs Holdings Inc. Common Shares,Industrial Specialties,90,86.58999633789062,-5.428136034541264,92,4,B-
ESTC,Elastic N.V. Ordinary Shares,Computer Software: Prepackaged Software,118,62.31999969482422,-34.03196899592421,46,99,B+
ETD,Ethan Allen Interiors Inc. Common Stock,Home Furnishings,51,22.229999542236328,-23.080686952470074,37,36,C
ETN,Eaton Corporation PLC Ordinary Shares,Industrial Machinery/Components,77,415.5199890136719,-4.649137138550907,63,52,D-
ETO,Eaton Vance Tax-Advantage Global Dividend Opp Common Stock,Investment Managers,67,30.899999618530273,-0.6430892620137074,63,,D+
ETON,Eton Pharmaceuticals Inc. Common Stock,Biotechnology: Pharmaceutical Preparations,77,37.5099983215332,-1.341404866096807,95,96,B+
ETOR,eToro Group Ltd. Class A Common Shares,Investment Bankers/Brokers/Service,77,38.13999938964844,-41.39520848715019,49,83,B-
ETR,Entergy Corporation Common Stock,Electric Utilities: Central,52,115.41000366210938,-1.661551583248877,70,55,D
ETS,Elite Express Holding Inc. Class A Common Stock,Trucking Freight/Courier Services,7,0.8600000143051147,-75.42857101985386,62,,A+
ETSY,Etsy Inc. Common Stock,Business Services,90,83.05999755859375,0.0,85,99,B
ETX,Eaton Vance Municipal Income 2028 Term Trust Common Shares of Beneficial Interest,Investment Managers,67,18.649999618530273,-2.16095061654894,50,,D
EU,enCore Energy Corp. Common Shares,Other Metals and Minerals,132,1.25,-69.28747058283908,10,4,E+
EUDA,EUDA Health Holdings Limited Ordinary Shares,Medical/Nursing Services,27,11.180000305175781,-85.62982022283715,23,,A
EVAX,Evaxion A/S American Depositary Share,Biotechnology: Biological Products (No Diagnostic Substances),67,3.0299999713897705,-72.479564864664,20,20,E+
EVC,Entravision Communications Corporation Common Stock,Broadcasting,104,11.550000190734863,-14.317503093781847,99,4,A
EVCM,EverCommerce Inc. Common Stock,Computer Software: Prepackaged Software,118,10.979999542236328,-18.059702576016747,41,99,B
EVER,EverQuote Inc. Class A Common Stock,Computer Software: Programming Data Processing,112,25.75,-7.6067483867779835,81,77,B+
EVEX,Eve Holding Inc. Common Stock,Aerospace,101,2.390000104904175,-67.30505986850383,14,4,E+
EVF,Eaton Vance Senior Income Trust Common Stock,Investment Bankers/Brokers/Service,77,4.96999979019165,-4.898932056516592,43,,D+
EVGN,Evogene Ltd Ordinary Shares,Agricultural Chemicals,128,0.4830999970436096,-66.91095997115461,8,20,E+
EVGO,EVgo Inc. Class A Common Stock,EDP Services,126,1.7599999904632568,-64.87026127629409,16,20,D-
EVH,Evolent Health Inc Class A Common Stock,Other Consumer Services,121,6.190000057220459,-45.89160590674549,90,65,A-
EVI,EVI Industries Inc.  Common Stock,Other Consumer Services,121,16.75,-50.77705099637833,17,48,C+
EVLV,Evolv Technologies Holdings Inc. Class A Common Stock,Computer peripheral equipment,43,6.010000228881836,-31.392693243696655,35,20,D+
EVMN,Evommune Inc. Common Stock,Biotechnology: Pharmaceutical Preparations,77,11.989999771118164,-62.02090628121266,10,,E-
EVN,Eaton Vance Municipal Income Trust Common Stock,Investment Managers,67,11.130000114440918,-1.154530300163481,55,,C-
EVO,Evotec SE American Depositary Shares,Biotechnology: Pharmaceutical Preparations,77,2.140000104904175,-49.76525845244188,15,33,E-
EVR,Evercore Inc. Class A Common Stock,Investment Managers,67,342.20001220703125,-10.220327184852673,51,84,D
EVRG,Evergy Inc. Common Stock,Power Generation,48,86.44999694824219,-1.9062752269751404,67,,D+
EVTC,Evertec Inc. Common Stock,EDP Services,126,29.06999969482422,-22.511404883112153,39,38,C+
EVTL,Vertical Aerospace Ltd. Ordinary Shares,Aerospace,101,1.6399999856948853,-77.47252831826417,7,,E+
EW,Edwards Lifesciences Corporation Common Stock,Industrial Specialties,90,90.08999633789062,-5.347766285947753,65,48,C
EWBC,East West Bancorp Inc. Common Stock,Major Banks,20,131.2100067138672,-1.0706462464507793,70,68,D+
EWTX,Edgewise Therapeutics Inc. Common Stock,Biotechnology: Pharmaceutical Preparations,77,39.72999954223633,-17.828333410389963,95,4,B-
EXC,Exelon Corporation Common Stock,Power Generation,48,46.91999816894531,-5.823720366233887,52,51,D+
EXE,Expand Energy Corporation Common Stock,Oil & Gas Production,30,87.80999755859375,-27.721185187399456,32,75,D-
EXEL,Exelixis Inc. Common Stock,Biotechnology: Biological Products (No Diagnostic Substances),67,55.77000045776367,-2.329243523465596,79,88,B-
EXFY,Expensify Inc. Class A Common Stock,Computer Software: Prepackaged Software,118,1.809999942779541,-22.317596478690493,87,20,A+
EXK,Endeavour Silver Corporation Ordinary Shares (Canada),Precious Metals,111,8.079999923706055,-42.776204042539014,43,,D-
EXLS,ExlService Holdings Inc. Common Stock,Business Services,90,27.31999969482422,-39.26189423552423,21,64,D+
EXOD,Exodus Movement Inc. Class A Common Stock,Finance: Consumer Services,116,5.190000057220459,-86.40649550619074,7,,E
EXOZ,eXoZymes Inc. Common Stock,Biotechnology: Biological Products (No Diagnostic Substances),67,7.0,-57.57575757575757,15,,E-
EXP,Eagle Materials Inc Common Stock,Building Materials,40,204.99000549316406,-14.987410323471472,38,46,D
EXPD,Expeditors International of Washington Inc. Common Stock,Integrated Freight & Logistics,141,178.22000122070312,0.0,83,52,B
EXPE,Expedia Group Inc. Common Stock,Transportation Services,116,266.2799987792969,-11.24613076550397,68,36,B-
EXPO,Exponent Inc. Common Stock,Professional Services,104,62.08000183105469,-21.4605360657809,35,56,C
EXR,Extra Space Storage Inc Common Stock,Real Estate Investment Trusts,41,145.5,-2.594331310851805,53,58,C-
EXTR,Extreme Networks Inc. Common Stock,Computer Communications Equipment,17,33.02000045776367,-2.046866346628906,95,66,B+
EYE,National Vision Holdings Inc. Common Stock,Ophthalmic Goods,120,20.110000610351562,-31.737945569214745,24,76,D-
EYPT,EyePoint Inc. Common Stock,Biotechnology: Laboratory Analytical Instruments,52,13.729999542236328,-27.16180761601764,46,20,C
EZGO,EZGO Technologies Ltd. Ordinary Shares,Motor Vehicles,122,1.2300000190734863,-99.9356862735125,1,,A
EZPW,EZCORP Inc. Class A Non Voting Common Stock,Other Specialty Stores,112,31.860000610351562,-10.480470711560553,89,94,E
EZRA,Reliance Global Group Inc. Common Stock,Specialty Insurers,109,2.5899999141693115,-95.63708675801317,2,20,B-
F,Ford Motor Company Common Stock,Auto Manufacturing,140,13.9399995803833,-20.068812193206973,68,,B
FA,First Advantage Corporation Common Stock,EDP Services,126,21.149999618530273,0.0,90,63,A
FABC,Fabric.AI Inc. Common Stock,Telecommunications Equipment,73,2.6500000953674316,-68.48989127885801,24,4,A
FAC,Factorial Energy Inc. Class A Common Stock,Industrial Machinery/Components,77,6.079999923706055,-72.28805936322551,13,,E-
FAF,First American Corporation (New) Common Stock,Specialty Insurers,109,69.76000213623047,-1.8156240114270195,68,90,C-
FAMI,Farmmi Inc. Class A Ordinary Shares,Packaged Foods,124,0.1882999986410141,-90.7241378672483,2,,E-
FANG,Diamondback Energy Inc. Common Stock,Oil & Gas Production,30,190.69000244140625,-10.272451793303816,73,34,D-
FAST,Fastenal Company Common Stock,RETAIL: Building Materials,114,45.7400016784668,-7.76244562311772,51,59,D-
FATE,Fate Therapeutics Inc. Common Stock,Biotechnology: Biological Products (No Diagnostic Substances),67,2.990000009536743,-3.858517350701862,97,20,A
FATN,FatPipe Inc. Common Stock,Computer Software: Prepackaged Software,118,4.920000076293945,-44.6569191643582,91,,A
FBGL,FBS Global Limited Ordinary Shares,Miscellaneous manufacturing industries,115,0.6000000238418579,-56.521737252531665,33,,A+
FBIN,Fortune Brands Innovations Inc. Common Stock,Forest Products,97,50.619998931884766,-20.49768506938201,57,46,A-
FBIO,Fortress Biotech Inc. Common Stock,Biotechnology: Pharmaceutical Preparations,77,3.7300000190734863,-14.840184437995163,87,,A
FBIZ,First Business Financial Services Inc. Common Stock,Major Banks,20,63.29999923706055,-2.2544824753072623,68,73,C+
FBK,FB Financial Corporation Common Stock,Major Banks,20,58.400001525878906,-4.519789902761707,56,66,C+
FBLA,FB Bancorp Inc. Common Stock,Banks,19,15.199999809265137,-0.6535972563600612,70,35,B-
FBLG,FibroBiologics Inc. Common Stock,Biotechnology: Pharmaceutical Preparations,77,0.8515999913215637,-94.06136692984708,4,,E+
FBNC,First Bancorp Common Stock,Major Banks,20,63.97999954223633,-2.0964023930731823,73,58,C+
FBP,First BanCorp. New Common Stock,Major Banks,20,26.719999313354492,0.0,75,69,C
FBRT,Franklin BSP Realty Trust Inc. Common Stock,Real Estate Investment Trusts,41,8.069999694824219,-22.395847567320303,32,,D+
FBRX,Forte Biosciences Inc. Common Stock,Biotechnology: Pharmaceutical Preparations,77,43.20000076293945,-2.0852180217992844,97,,A+
FBYD,Falcon's Beyond Global Inc. Class A Common Stock,Services-Misc. Amusement & Recreation,87,10.720000267028809,-48.4615352873265,53,99,E-
FC,Franklin Covey Company Common Stock,Other Consumer Services,121,20.5,-19.765163944644936,47,81,E
FCAP,First Capital Inc. Common Stock,Savings Institutions,11,61.75,-10.384415913420163,80,76,A-
FCBC,First Community Bankshares Inc. (VA) Common Stock,Major Banks,20,43.689998626708984,-4.272569651658964,70,46,C-
FCCO,First Community Corporation Common Stock,Major Banks,20,32.369998931884766,-2.734374641798998,66,62,B
FCEL,FuelCell Energy Inc. Common Stock,Industrial Machinery/Components,77,21.350000381469727,-40.71090981222599,99,4,A-
FCF,First Commonwealth Financial Corporation Common Stock,Major Banks,20,20.420000076293945,-1.6377656495151327,69,82,C
FCFS,FirstCash Holdings Inc. Common Stock,Other Specialty Stores,112,210.05999755859375,-9.678768793588066,78,74,E+
FCHL,Fitness Champs Holdings Limited Common Stock,Services-Misc. Amusement & Recreation,87,1.159999966621399,-99.9641975318944,1,,A
FCN,FTI Consulting Inc. Common Stock,Professional Services,104,159.33999633789062,-14.805112881426897,37,66,D
FCNCA,First Citizens BancShares Inc. Class A Common Stock,Major Banks,20,2062.25,-6.215185189173955,50,78,D
FCNCP,First Citizens BancShares Inc. Depositary Shares,Major Banks,20,20.34000015258789,-6.039465296381808,44,,D
FCPT,Four Corners Property Trust Inc. Common Stock,Real Estate Investment Trusts,41,25.149999618530273,-0.8306677403495444,52,50,C
FCUV,Focus Universal Inc. Common Stock,Industrial Machinery/Components,77,3.2200000286102295,-98.35040979561899,2,,A+
FCX,Freeport-McMoRan Inc. Common Stock,Metal Mining,85,61.95000076293945,-13.622420930666978,65,76,E+
FDBC,Fidelity D & D Bancorp Inc. Common Stock,Major Banks,20,51.0,-4.404870742894262,71,60,B
FDMT,4D Molecular Therapeutics Inc. Common Stock,Biotechnology: Biological Products (No Diagnostic Substances),67,11.699999809265137,-12.030077883640411,90,33,A
FDS,FactSet Research Systems Inc. Common Stock,Computer Software: Programming Data Processing,112,252.61000061035156,-41.61035930384941,36,51,B
FDSB,Fifth District Bancorp Inc. Common Stock,Savings Institutions,11,17.649999618530273,0.0,76,,B
FDUS,Fidus Investment Corporation Common Stock,Finance/Investors Services,73,20.43000030517578,0.0,64,51,A-
FDX,FedEx Corporation Common Stock,Air Freight/Delivery Services,22,313.6600036621094,-7.059038426497999,83,68,D-
FE,FirstEnergy Corp. Common Stock,Electric Utilities: Central,52,49.22999954223633,-4.1846456353258565,58,53,D
FEAM,5E Advanced Materials Inc. Common Stock,Mining & Quarrying of Nonmetallic Minerals (No Fuels),73,1.3200000524520874,-81.2366726214264,11,11,D
FEBO,Fenbo Holdings Limited Class A Ordinary Shares,Home Furnishings,51,0.8100000023841858,-42.142855987256866,25,,A+
FEDU,Four Seasons Education (Cayman) Inc. American Depositary Shares each ADS representing 10 ordinary shares,Other Consumer Services,121,10.03499984741211,-40.445106111405224,29,,D-
FEED,ENvue Medical Inc. Common Stock,Industrial Specialties,90,0.4629000127315521,-95.67383157959753,2,,E-
FEIM,Frequency Electronics Inc. Common Stock,Electrical Products,3,58.93000030517578,-23.616332936288376,89,46,E+
FELE,Franklin Electric Co. Inc. Common Stock,Metal Fabrications,37,104.47000122070312,-4.641835455101495,56,52,C-
FEMY,Femasys Inc. Common Stock,Medical/Dental Instruments,126,3.5999999046325684,-82.69230751596258,5,,E-
FENC,Fennec Pharmaceuticals Inc. Common Stock,Biotechnology: Biological Products (No Diagnostic Substances),67,11.15999984741211,0.0,90,32,A
FENG,Phoenix New Media Limited American Depositary Shares each representing 48 Class A ordinary shares.,Broadcasting,104,1.440000057220459,-53.99361007762543,20,20,C-
FER,Ferrovial N.V. Ordinary Shares,Military/Government/Technical,103,63.720001220703125,-13.49246530959929,48,,D-
FERG,Ferguson Enterprises Inc. Common Stock,Miscellaneous,142,234.67999267578125,-12.000387244371801,43,50,D+
FET,Forum Energy Technologies Inc. Common Stock,Oil and Gas Field Machinery,32,52.2400016784668,-19.057947106569305,89,56,D-
FF,FutureFuel Corp.  Common shares,Major Chemicals,59,4.71999979019165,-4.998398173860618,76,91,B
FFAI,Faraday Future Intelligent Electric Inc. Class A Common Stock,Auto Manufacturing,140,0.1582999974489212,-94.7233334183693,3,,E
FFBC,First Financial Bancorp. Common Stock,Major Banks,20,34.22999954223633,-1.2691048455350074,80,71,B-
FFIN,First Financial Bankshares Inc. Common Stock,Major Banks,20,34.63999938964844,-6.542471983844155,55,58,C
FFIV,F5 Inc. Common Stock,Computer Communications Equipment,17,431.260009765625,0.0,87,62,B
FG,F&G Annuities & Life Inc. Common Stock,Life Insurance,24,30.260000228881836,-11.830099983227383,61,44,C-
FGBI,First Guaranty Bancshares Inc. Common Stock,Savings Institutions,11,10.015000343322754,-6.576491661799699,63,63,A+
FGI,FGI Industries Ltd. Ordinary Shares,Industrial Specialties,90,4.739999771118164,-58.12720937364152,61,4,A-
FGL,Founder Group Limited Class A Ordinary Shares,Engineering & Construction,45,1.2200000286102295,-99.10294115543365,5,,A+
FGMC,FG Merger II Corp. Common stock,,,9.600000381469727,-35.52719838737456,40,,E-
FGMCU,FG Merger II Corp. Unit,,,10.350000381469727,-44.50401826718448,43,,E-
FGNX,FG Nexus Inc. Common Stock,Property-Casualty Insurers,41,5.670000076293945,-97.03916445102145,10,9,B
FHB,First Hawaiian Inc. Common Stock,Major Banks,20,28.530000686645508,-5.965720029134525,62,86,E
FHI,Federated Hermes Inc. Common Stock,Investment Managers,67,58.7400016784668,-2.1652218808083767,64,59,D+
FHN,First Horizon Corporation Common Stock,Major Banks,20,25.719999313354492,-1.2667943699459783,60,71,C-
FHTX,Foghorn Therapeutics Inc. Common Stock,Biotechnology: Pharmaceutical Preparations,77,5.380000114440918,-19.46107406144989,61,,A
FIBK,First Interstate BancSystem Inc. Common Stock (DE),Major Banks,20,38.939998626708984,-1.1173246050582453,72,73,C
FICO,Fair Isaac Corporation Common Stock,Business Services,90,1210.52001953125,-35.59522289465006,37,93,D-
FIEE,FiEE Inc Common Stock,Telecommunications Equipment,73,3.25,-57.79220674668861,26,,E-
FIG,Figma Inc. Class A Common Stock,Computer Software: Prepackaged Software,118,23.860000610351562,-80.4426224505315,21,20,A-
FIGR,Figure Technology Solutions Inc. Class A Common Stock,Finance: Consumer Services,116,29.959999084472656,-59.46421647949137,22,99,C+
FIGS,FIGS Inc. Class A Common Stock,Apparel,43,9.720000267028809,-43.224300288854124,51,95,E+
FINS,Angel Oak Financial Strategies Income Term Trust Common Shares of Beneficial Interest,Finance/Investors Services,73,12.819999694824219,-1.0038619023600925,52,,D+
FINV,FinVolution Group American Depositary Shares,Finance: Consumer Services,116,4.590000152587891,-53.951353589659,26,43,C-
FINW,FinWise Bancorp Common Stock,Major Banks,20,13.989999771118164,-37.794575751466965,28,41,B
FIP,FTAI Infrastructure Inc. Common Stock,Oil Refining/Marketing,128,4.460000038146973,-36.3200044880269,27,20,D-
FIRY,Firy Inc. Class A Common Stock,EDP Services,126,8.039999961853027,-35.42168606404509,96,20,A-
FIS,Fidelity National Information Services Inc. Common Stock,Business Services,90,40.58000183105469,-48.87322450373961,19,99,D
FISI,Financial Institutions Inc. Common Stock,Major Banks,20,38.779998779296875,-3.2193684186475613,81,66,B-
FISV,Fiserv Inc. Common Stock,Business Services,90,49.540000915527344,-70.39737131238346,14,60,E
FITB,Fifth Third Bancorp Common Stock,Major Banks,20,57.04999923706055,-1.502070026568525,75,38,C+
FIVE,Five Below Inc. Common Stock,Department/Specialty Retail Stores,52,193.11000061035156,-22.041905705724986,60,89,E
FIVN,Five9 Inc. Common Stock,EDP Services,126,25.579999923706055,-12.277091709325827,85,99,A-
FIX,Comfort Systems USA Inc. Common Stock,Engineering & Construction,45,1775.0999755859375,-14.101554446994335,95,99,E
FIZZ,National Beverage Corp. Common Stock,Beverages (Production/Distribution),101,30.920000076293945,-28.27172982323618,38,51,B-
FJET,Starfighters Space Inc. Common Stock,Air Freight/Delivery Services,22,4.730000019073486,-84.98412692357623,19,,B+
FKWL,Franklin Wireless Corp. Common Stock,Telecommunications Equipment,73,2.380000114440918,-53.69649462523799,13,34,E-
FLD,Fold Holdings Inc. Class A Common Stock,Finance: Consumer Services,116,0.42899999022483826,-90.5298019789057,3,,A+
FLEX,Flex Ltd. Ordinary Shares,Electrical Products,3,132.24000549316406,-18.405627496135168,96,86,B+
FLG,Flagstar Bank N.A. Common Stock,Banks,19,14.960000038146973,-2.094238877070942,69,63,D+
FLGT,Fulgent Genetics Inc. Common Stock,Medical Specialities,24,20.459999084472656,-33.67909617024802,56,20,B-
FLL,Full House Resorts Inc. Common Stock,Hotels/Resorts,39,2.5199999809265137,-49.09090751458785,34,20,C+
FLNA,Filana Therapeutics Inc. Common Stock,Biotechnology: Pharmaceutical Preparations,77,1.090000033378601,-76.50861929433236,10,20,E
FLNC,Fluence Energy Inc. Class A Common Stock,Industrial Machinery/Components,77,15.609999656677246,-51.5668635482887,70,20,D
FLNG,FLEX LNG Ltd. Ordinary Shares,Marine Transportation,9,30.809999465942383,-5.078905854178684,76,45,D-
FLNT,Fluent Inc. Common Stock,Advertising,94,3.6649999618530273,-9.729063706737161,83,20,A+
FLO,Flowers Foods Inc. Common Stock,Packaged Foods,124,8.289999961853027,-46.22236104800847,27,37,B
FLOC,Flowco Holdings Inc. Class A Common Stock,Oil and Gas Field Machinery,32,20.530000686645508,-26.913490298596145,54,59,C-
FLR,Fluor Corporation Common Stock,Military/Government/Technical,103,51.119998931884766,-9.95244227641402,56,,D+
FLS,Flowserve Corporation Common Stock,Fluid Controls,52,69.58999633789062,-23.939473789542497,54,93,E
FLUT,Flutter Entertainment plc Ordinary Shares,Computer Software: Programming Data Processing,112,108.47000122070312,-64.85094002742231,17,32,C+
FLUX,Flux Power Holdings Inc. Common Stock,Industrial Machinery/Components,77,0.7166000008583069,-89.24023998083487,7,20,E-
FLWS,1-800-FLOWERS.COM Inc. Common Stock,Other Specialty Stores,112,3.8499999046325684,-44.5244975088007,41,20,C
FLX,BingEx Limited American Depositary Shares,Trucking Freight/Courier Services,7,2.1500000953674316,-48.317303504111344,20,40,D-
FLXS,Flexsteel Industries Inc. Common Stock,Home Furnishings,51,71.62999725341797,-5.9973751677816045,92,69,B+
FLY,Firefly Aerospace Inc. Common Stock,Military/Government/Technical,103,21.549999237060547,-64.29163250716323,12,20,E-
FLYE,Fly-E Group Inc. Common Stock,Aerospace,101,2.0399999618530273,-98.6855670090423,8,,A+
FLYW,Flywire Corporation Voting Common Stock,Business Services,90,17.59000015258789,-6.186665852864581,86,99,A-
FLYX,flyExclusive Inc. Class A Common Stock,Transportation Services,116,1.5199999809265137,-78.97648717957681,9,,D-
FLZH,Flash Sports & Media Holdings Inc. Common Stock,Services-Misc. Amusement & Recreation,87,1.840000033378601,-94.92973274467093,2,,A+
FMAO,Farmers & Merchants Bancorp Inc. Common Stock,Savings Institutions,11,29.809999465942383,-4.480848835027585,69,69,C+
FMBH,First Mid Bancshares Inc. Common Stock,Major Banks,20,48.040000915527344,-2.6545037469063115,73,56,B-
FMC,FMC Corporation Common Stock,Major Chemicals,59,10.720000267028809,-74.7129409086369,9,20,D-
FMFC,Kandal M Venture Limited Class A Ordinary Shares,Apparel,43,0.25999999046325684,-98.32041344863183,6,,A+
FMNB,Farmers National Banc Corp. Common Stock,Major Banks,20,14.260000228881836,-4.03768130321459,54,45,C
FMS,Fresenius Medical Care AG American Depositary Shares (Each representing 1/2 of an Ordinary Share),Misc Health and Biotechnology Services,8,24.139999389648438,-8.379135397184323,47,48,D+
FMST,Foremost Clean Energy Ltd. Common Shares,Other Metals and Minerals,132,1.7200000286102295,-60.00000110892357,26,,D+
FMX,Fomento Economico Mexicano S.A.B. de C.V. Common Stock,Beverages (Production/Distribution),101,133.1699981689453,0.0,79,79,C
FN,Fabrinet Ordinary Shares,Telecommunications Equipment,73,482.7799987792969,-35.32492695927871,57,85,E-
FNB,F.N.B. Corporation Common Stock,Major Banks,20,18.989999771118164,-2.264542085161003,65,66,C-
FND,Floor & Decor Holdings Inc. Common Stock,RETAIL: Building Materials,114,56.16999816894531,-37.878788645854165,34,49,B-
FNF,Fidelity National Financial Inc. Common Stock,Specialty Insurers,109,49.900001525878906,-11.845168653830951,47,59,C-
FNGR,FingerMotion Inc. Common Stock,Computer Software: Prepackaged Software,118,0.36230000853538513,-82.9103760333534,4,,A-
FNKO,Funko Inc. Class A Common Stock,Recreational Games/Products/Toys,97,5.550000190734863,-5.612243491213464,89,20,B
FNLC,First Bancorp Inc  (ME) Common Stock,Major Banks,20,33.790000915527344,-3.8590860984095032,79,60,A
FNRN,First Northern Community Bancorp Common stock,Savings Institutions,11,18.18000030517578,-1.1956484669322198,87,85,D
FNUC,Frontier Nuclear and Minerals Inc. Common Shares,Other Metals and Minerals,132,1.690000057220459,-73.34384831945742,11,,D
FNV,Franco-Nevada Corporation,Precious Metals,111,202.9499969482422,-27.456518736960422,39,95,E+
FNWB,First Northwest Bancorp Common Stock,Banks,19,11.279999732971191,-0.616745781020589,78,73,C+
FNWD,Finward Bancorp Common Stock,Major Banks,20,36.29999923706055,-8.186664266123033,62,78,D-
FOA,Finance of America Companies Inc. Class A Common Stock,Finance: Consumer Services,116,26.34000015258789,-9.856260193169641,72,54,A-
FOCL,EDAP TMS S.A. American Depositary Shares,Biotechnology: Electromedical & Electrotherapeutic Apparatus,81,5.414999961853027,-1.1861324269018647,97,4,B+
FOFO,Hang Feng Technology Innovation Co. Ltd. Ordinary Shares,Professional Services,104,3.0999999046325684,-93.11111132303873,8,,A+
FOR,Forestar Group Inc Common Stock,Real Estate,90,30.34000015258789,-5.128203293069067,71,47,C+
FORM,FormFactor Inc. FormFactor Inc. Common Stock,Semiconductors,2,116.33000183105469,-27.26192261705084,96,89,E-
FORR,Forrester Research Inc. Common Stock,Diversified Commercial Services,77,10.3100004196167,-8.192334462343364,87,20,A+
FORTY,Formula Systems (1985) Ltd. American Depositary Shares,EDP Services,126,111.02999877929688,-35.75895847834324,34,92,D-
FOSL,Fossil Group Inc. Common Stock,Consumer Specialties,37,4.03000020980835,-28.16399083962692,82,9,B+
FOUR,Shift4 Payments Inc. Class A Common Stock,Business Services,90,50.0099983215332,-53.17854183631194,26,,B
FOX,Fox Corporation Class B Common Stock,Broadcasting,104,49.5,-26.555454216867336,33,49,E
FOXA,Fox Corporation Class A Common Stock,Broadcasting,104,54.869998931884766,-27.553332548284292,33,60,E
FOXF,Fox Factory Holding Corp. Common Stock,Motor Vehicles,122,17.3799991607666,-42.84774992445244,31,20,E+
FOXX,Foxx Development Holdings Inc. Common Stock,Computer Communications Equipment,17,2.9600000381469727,-62.43654828478409,14,11,A+
FPH,Five Point Holdings LLC Class A Common Shares,Real Estate,90,5.199999809265137,-19.8767335492644,38,40,B-
FPI,Farmland Partners Inc. Common Stock,Real Estate Investment Trusts,41,9.65999984741211,-24.620914621195922,35,,D-
FPS,Forgent Power Solutions Inc. Class A Common Stock,Industrial Machinery/Components,77,41.18000030517578,-36.243996531985815,83,36,E-
FR,First Industrial Realty Trust Inc. Common Stock,Real Estate Investment Trusts,41,64.75,-0.5376320773036958,70,89,C
FRAF,Franklin Financial Services Corporation Common Stock,Major Banks,20,61.814998626708984,-3.414064645767212,79,84,C+
FRBA,First Bank Common Stock,Commercial Banks,10,17.280000686645508,-3.9466319816886086,56,,B-
FRD,Friedman Industries Inc. Common Stock,Steel/Iron Ore,46,35.0,-6.467125300272347,95,76,A
FRGT,Freight Technologies Inc. Ordinary Shares,Integrated Freight & Logistics,141,4.389999866485596,-91.98173540367928,11,,B
FRHC,Freedom Holding Corp. Common Stock,Investment Bankers/Brokers/Service,77,148.91000366210938,-21.684020121956358,45,,B-
FRME,First Merchants Corporation Common Stock,Major Banks,20,43.29999923706055,-2.2352712982665945,61,39,C
FRMEP,First Merchants Corporation Depository Shares,Major Banks,20,25.799999237060547,-0.11614667725172723,51,,B-
FRMI,Fermi Inc. Common Stock,Real Estate Investment Trusts,41,6.739999771118164,-79.28066392855904,22,,C+
FRMM,Forum Markets Incorporated Common Stock,Biotechnology: Pharmaceutical Preparations,77,6.800000190734863,-93.64485963482723,96,20,A
FRO,Frontline Plc Ordinary Shares,Marine Transportation,9,38.380001068115234,-10.494402723665308,91,89,D+
FROG,JFrog Ltd. Ordinary Shares,Computer Software: Prepackaged Software,118,91.16999816894531,-7.064220604451821,96,92,A
FRPH,FRP Holdings Inc. Common Stock,Real Estate,90,23.889999389648438,-13.095672649848467,46,31,B-
FRPT,Freshpet Inc. Common Stock,Packaged Foods,124,54.22999954223633,-36.573099950600785,30,99,D-
FRSH,Freshworks Inc. Class A Common Stock,Computer Software: Prepackaged Software,118,10.470000267028809,-29.113067416830173,51,40,B+
FRST,Primis Financial Corp. Common Stock,Major Banks,20,15.670000076293945,-5.885883271406556,80,94,A-
FRSX,Foresight Autonomous Holdings Ltd. American Depositary Shares,Computer Software: Prepackaged Software,118,1.3899999856948853,-86.76190489814395,6,,E-
FRT,Federal Realty Investment Trust Common Stock,Real Estate Investment Trusts,41,122.11000061035156,-2.0675808990810784,74,82,C-
FSBC,Five Star Bancorp Common Stock,Major Banks,20,47.650001525878906,-3.8539140324589494,84,73,B-
FSBW,FS Bancorp Inc. Common Stock,Banks,19,43.2599983215332,-2.4357280724809693,57,50,C+
FSEA,First Seacoast Bancorp Inc. Common Stock,Savings Institutions,11,16.889999389648438,-0.295166132425162,85,,A-
FSI,Flexible Solutions International Inc. Common Stock (CDA),Major Chemicals,59,5.860000133514404,-47.911109924316406,40,,E+
FSK,FS KKR Capital Corp. Common Stock,Investment Managers,67,10.789999961853027,-42.81159876522243,32,,D+
FSLR,First Solar Inc. Common Stock,Semiconductors,2,220.5800018310547,-30.68970877264582,58,94,C-
FSLY,Fastly Inc. Class A Common Stock,Computer Software: Prepackaged Software,118,20.899999618530273,-37.61194143722306,95,20,C-
FSM,Fortuna Mining Corp. Common Shares,Precious Metals,111,8.510000228881836,-37.701315344494255,37,,D-
FSP,Franklin Street Properties Corp. Common Stock,Real Estate Investment Trusts,41,0.48919999599456787,-71.1985959295601,10,4,E-
FSS,Federal Signal Corporation Common Stock,Auto Manufacturing,140,118.33000183105469,-11.601672425284537,49,94,C-
FSTR,L.B. Foster Company Common Stock,Metal Fabrications,37,41.83000183105469,-7.394280436758782,89,84,B-
FSUN,FirstSun Capital Bancorp Common Stock,Major Banks,20,35.29999923706055,-14.734304502393037,36,50,D-
FSV,FirstService Corporation Common Shares,Real Estate,90,144.7100067138672,-30.041122361783547,33,59,D+
FTAI,FTAI Aviation Ltd. Common Stock,Misc Corporate Leasing Services,15,206.22000122070312,-33.260810671606464,60,95,E
FTCI,FTC Solar Inc. Common Stock,Semiconductors,2,4.610000133514404,-63.11999893188476,33,20,C
FTDR,Frontdoor Inc. Common Stock,Diversified Commercial Services,77,74.43000030517578,-5.868217285388666,76,,B-
FTEK,Fuel Tech Inc. Common Stock,Pollution Control Equipment,71,1.600000023841858,-55.92286574656802,37,20,A+
FTF,Franklin Limited Duration Income Trust Common Shares of Beneficial Interest,Finance/Investors Services,73,5.820000171661377,-1.5627706828733046,46,,D+
FTFT,Future FinTech Group Inc. Common Stock,Business Services,90,1.6399999856948853,-87.10691862211758,14,33,E-
FTH,Faeth Therapeutics Inc. Common Stock,Biotechnology: Pharmaceutical Preparations,77,33.119998931884766,-8.407082213372608,98,,A-
FTHM,Fathom Holdings Inc. Common Stock,Real Estate,90,0.9200999736785889,-67.60211262373525,26,20,A+
FTI,TechnipFMC plc Ordinary Share,Oil and Gas Field Machinery,32,74.56999969482422,-3.0772983722822445,89,93,D+
FTK,Flotek Industries Inc. Common Stock,Major Chemicals,59,26.770000457763672,0.0,93,59,A-
FTLF,FitLife Brands Inc. Common Stock,Medicinal Chemicals and Botanical Products,134,11.109999656677246,-46.48362459447022,37,,E-
FTNT,Fortinet Inc. Common Stock,Computer peripheral equipment,43,166.8300018310547,0.0,96,91,B+
FTRE,Fortrea Holdings Inc. Common Stock,Medical Specialities,24,18.030000686645508,-2.0108638019326164,96,43,A-
FTRK,FAST TRACK GROUP Ordinary shares,Package Goods/Cosmetics,83,0.4300000071525574,-56.30081348828844,31,,A+
FTS,Fortis Inc. Common Shares,Electric Utilities: Central,52,57.720001220703125,-0.8417761062982643,63,,D+
FTV,Fortive Corporation Common Stock,Industrial Machinery/Components,77,60.68000030517578,-4.591192199687654,60,42,D+
FTW,Presidio Production Company Class A Common Stock,Oil & Gas Production,30,12.170000076293945,-11.742631358287781,70,,C+
FUBO,FuboTV Inc. Class A Common Stock,Movies/Entertainment,67,9.539999961853027,-82.56578993232259,8,20,C-
FUFU,BitFuFu Inc. Class A Ordinary Shares,Finance: Consumer Services,116,1.4500000476837158,-66.2004647884099,9,11,E
FUL,H. B. Fuller Company Common Stock,Home Furnishings,51,56.02000045776367,-16.653866572468868,34,72,E
FULC,Fulcrum Therapeutics Inc. Common Stock,Biotechnology: Pharmaceutical Preparations,77,3.5899999141693115,-75.41096013445501,7,20,E-
FULT,Fulton Financial Corporation Common Stock,Major Banks,20,24.209999084472656,-1.0220768984357864,75,53,C
FUN,Six Flags Entertainment Corporation Common Stock New,Services-Misc. Amusement & Recreation,87,18.809999465942383,-42.89617410399485,37,20,E+
FUNC,First United Corporation Common Stock,Major Banks,20,44.5099983215332,-3.616288377233745,75,94,A-
FUND,Sprott Focus Trust Inc. Common Stock,Investment Managers,67,9.789999961853027,-5.1759474637771525,65,,D+
FURY,Fury Gold Mines Limited Common Shares,Precious Metals,111,0.5338000059127808,-43.513226459996865,32,,E+
FUSB,First US Bancshares Inc. Common Stock,Major Banks,20,16.510000228881836,-2.767958339371024,72,54,C+
FUSE,Fusemachines Inc. Common stock,EDP Services,126,1.0,-94.80249474066453,5,,A
FUTU,Futu Holdings Limited American Depositary Shares,Investment Bankers/Brokers/Service,77,98.12999725341797,-49.90767533216201,14,49,E-
FVCB,FVCBankcorp Inc. Common Stock,Major Banks,20,17.489999771118164,-2.235883913789971,77,60,B-
FVR,FrontView REIT Inc. Common Stock,Real Estate Investment Trusts,41,21.469999313354492,0.0,88,34,B
FVRR,Fiverr International Ltd. Ordinary Shares no par value,Business Services,90,11.069999694824219,-59.015181040290955,20,90,B+
FWDI,Forward Industries Inc. Common Stock,Plastic Products,29,4.539999961853027,-88.35897445678711,16,11,A
FWONA,Liberty Media Corporation Series A Liberty Formula One Common Stock,Broadcasting,104,92.13999938964844,-7.238500260611447,54,,B-
FWONK,Liberty Media Corporation Series C Liberty Formula One Common Stock,Broadcasting,104,100.87000274658203,-6.886364772804898,54,,B-
FWRD,Forward Air Corporation Common Stock,Integrated Freight & Logistics,141,12.789999961853027,-60.36566538450126,11,20,D
FWRG,First Watch Restaurant Group Inc. Common Stock,Restaurants,97,12.140000343322754,-36.67188161185585,33,36,C+
FXHO,UTime Limited Class A Ordinary Shares,Consumer Electronics/Appliances,122,20.860000610351562,-99.68865670730818,8,,A+
FXNC,First National Corporation Common Stock,Major Banks,20,29.229999542236328,-5.526829225290353,72,79,B-
G,Genpact Limited Common Stock,Professional Services,104,29.520000457763672,-38.47932251730965,21,71,E+
GAB,Gabelli Equity Trust Inc. (The) Common Stock,Investment Managers,67,5.659999847412109,-5.160419935049809,50,,D+
GABC,German American Bancorp Inc. Common Stock,Major Banks,20,47.20000076293945,-1.7894310981636852,68,85,B-
GAIA,Gaia Inc. Class A Common Stock,Movies/Entertainment,67,2.0799999237060547,-66.77316537290949,12,20,E-
GAIN,Gladstone Investment Corporation Business Development Company,Finance: Consumer Services,116,16.520000457763672,-1.8087619185820802,72,,D
GALT,Galectin Therapeutics Inc. Common Stock,Biotechnology: Pharmaceutical Preparations,77,5.340000152587891,-17.972350770483857,95,,A+
GAM,General American Investors Inc. Common Stock,Investment Managers,67,64.4000015258789,-1.257282550561989,61,,D
GAMB,Gambling.com Group Limited Ordinary Shares,Services-Misc. Amusement & Recreation,87,1.8600000143051147,-84.08896423378548,5,50,E-
GAME,GameSquare Holdings Inc. Common Stock,Services-Misc. Amusement & Recreation,87,0.3544999957084656,-84.65367945932032,16,4,B+
GANX,Gain Therapeutics Inc. Common Stock,Biotechnology: Pharmaceutical Preparations,77,1.6799999475479126,-59.808612044473634,30,,A
GAP,Gap Inc. (The) Common Stock,Clothing/Shoe/Accessory Stores,88,20.1299991607666,-29.75890489584416,29,94,E
GASS,StealthGas Inc. Common Stock,Marine Transportation,9,8.770000457763672,-15.591913686511017,63,69,D-
GATX,GATX Corporation Common Stock,Transportation Services,116,177.74000549316406,-11.130431186859436,46,86,D
GAU,Galiano Gold Inc.,Mining & Quarrying of Nonmetallic Minerals (No Fuels),73,1.8200000524520874,-49.0196054205834,26,86,E
GAUZ,Gauzy Ltd. Ordinary Shares,Industrial Machinery/Components,77,0.37059998512268066,-94.98511513101118,4,,A
GBAB,Guggenheim Taxable Municipal Bond & Investment Grade Debt Trust Common Shares of Beneficial Interest,Investment Managers,67,14.180000305175781,-5.082193153751724,45,,D+
GBCI,Glacier Bancorp Inc. Common Stock,Major Banks,20,51.790000915527344,-1.351275351126835,60,60,B-
GBDC,Golub Capital BDC Inc. Common Stock,Finance: Consumer Services,116,13.020000457763672,-6.363353228507074,48,34,D+
GBFH,GBank Financial Holdings Inc. Common Stock,Commercial Banks,10,30.59000015258789,-30.255358579798486,38,,B
GBLI,Global Indemnity Group LLC Class A Common Stock,Property-Casualty Insurers,41,27.290000915527344,-9.497665240631836,42,,C
GBR,New Concept Energy Inc Common Stock,Oil & Gas Production,30,0.6722999811172485,-44.438019841154116,25,,D-
GBTG,Global Business Travel Group Inc. Class A Common Stock,Transportation Services,116,9.40999984741211,-1.0515286967714865,86,57,A-
GBX,Greenbrier Companies Inc. (The) Common Stock,Railroads,24,47.34000015258789,-19.0384889390392,40,47,D-
GCBC,Greene County Bancorp Inc. Common Stock,Banks,19,32.369998931884766,-6.607042485888314,85,64,A
GCDT,Green Circle Decarbonize Technology Limited Ordinary Shares,Industrial Machinery/Components,77,0.5557000041007996,-90.00539550683888,4,,A+
GCL,GCL Global Holdings Ltd Ordinary Shares,Computer Software: Prepackaged Software,118,0.41499999165534973,-89.90267693007374,7,,A+
GCMG,GCM Grosvenor Inc. Class A Common Stock,Investment Managers,67,13.8100004196167,0.0,80,68,B+
GCO,Genesco Inc. Common Stock,Clothing/Shoe/Accessory Stores,88,34.349998474121094,-19.592702498626636,70,30,D-
GCT,GigaCloud Technology Inc Class A Ordinary Shares,Catalog/Specialty Distribution,59,35.400001525878906,-31.660227707972986,58,96,D-
GCTK,GlucoTrack Inc. Common Stock,Medical/Dental Instruments,126,0.5291000008583069,-95.00377721213715,4,,A+
GCTS,GCT Semiconductor Holding Inc. Common Stock,Semiconductors,2,2.390000104904175,-35.92493049107708,94,,A-
GD,General Dynamics Corporation Common Stock,Marine Transportation,9,369.5,-1.9581842462316978,62,59,C-
GDC,GD Culture Group Limited Common Stock,Steel/Iron Ore,46,1.4600000381469727,-99.93997944344719,1,,E-
GDDY,GoDaddy Inc. Class A Common Stock,EDP Services,126,91.0999984741211,-46.345484376927956,29,86,C+
GDEV,GDEV Inc. Ordinary Shares,EDP Services,126,11.850000381469727,-67.26519300629015,18,,C+
GDHG,Golden Heaven Group Holdings Ltd. Class A Ordinary Shares,Services-Misc. Amusement & Recreation,87,1.5199999809265137,-91.6939888289817,10,,D
GDOT,Green Dot Corporation Class A Common Stock $0.001 par value,Finance: Consumer Services,116,13.329999923706055,-12.59016443471439,63,33,C
GDRX,GoodRx Holdings Inc. Class A Common Stock,EDP Services,126,3.009999990463257,-41.21093637222655,50,40,B+
GDS,GDS Holdings Limited ADS,Computer Software: Programming Data Processing,112,32.06999969482422,-32.51262755494203,26,97,D-
GDTC,CytoMed Therapeutics Limited Ordinary Shares,Biotechnology: Pharmaceutical Preparations,77,1.0199999809265137,-62.081785902247674,22,,B
GDV,Gabelli Dividend & Income Trust Common Shares of Beneficial Interest,Investment Managers,67,29.899999618530273,0.0,61,,D+
GDYN,Grid Dynamics Holdings Inc. Class A Common Stock,Computer Software: Prepackaged Software,118,5.829999923706055,-47.048139850055726,24,40,B-
GE,GE Aerospace Common Stock,Consumer Electronics/Appliances,122,353.7300109863281,-6.58867174712735,71,93,C
GECC,Great Elm Capital Corp. Common Stock,Finance: Consumer Services,116,5.329999923706055,-46.05214348449691,32,,D+
GEF,Greif Inc. Class A Common Stock,,,71.6500015258789,-5.116977793799338,59,36,C-
GEG,Great Elm Group Inc. Common Stock,Computer Software: Prepackaged Software,118,2.1600000858306885,-30.09708265926072,44,40,A
GEHC,GE HealthCare Technologies Inc. Common Stock,Medical Electronics,134,61.65999984741211,-29.997164165620692,25,42,E
GELS,Gelteq Limited Ordinary Shares,Biotechnology: Pharmaceutical Preparations,77,0.5300999879837036,-72.81538589635541,12,,A+
GEMI,Gemini Space Station Inc. Class A Common Stock,Investment Bankers/Brokers/Service,77,4.340000152587891,-86.65436626231111,9,,B+
GEN,Gen Digital Inc. Common Stock,Computer Software: Prepackaged Software,118,26.56999969482422,-15.768509081304849,66,80,B+
GENB,Generate Biomedicines Inc. Common Stock,Biotechnology: Pharmaceutical Preparations,77,14.210000038146973,-18.380240306209984,62,,B-
GENC,Gencor Industries Inc. Common Stock,Construction/Ag Equipment/Trucks,32,15.5,-5.832315539909471,52,58,B-
GENI,Genius Sports Limited Ordinary Shares,Services-Misc. Amusement & Recreation,87,6.420000076293945,-52.61992630314667,42,20,B+
GENK,GEN Restaurant Group Inc. Class A Common Stock,Restaurants,97,1.7300000190734863,-63.26963895834468,24,20,C+
GEO,Geo Group Inc (The) REIT,Homebuilding,59,29.780000686645508,-2.264518025133555,90,86,B+
GEOS,Geospace Technologies Corporation Common Stock (Texas),Industrial Machinery/Components,77,7.289999961853027,-74.34002111577949,11,4,E+
GERN,Geron Corporation Common Stock,Biotechnology: Pharmaceutical Preparations,77,1.3799999952316284,-29.230771205834337,38,20,C-
GETY,Getty Images Holdings Inc. Class A Common Stock,Business Services,90,0.651199996471405,-72.40677858398956,10,20,A+
GEV,GE Vernova Inc. Common Stock,Industrial Machinery/Components,77,1066.010009765625,-9.264931731704651,89,94,D+
GEVO,Gevo Inc. Common Stock,Major Chemicals,59,1.4299999475479126,-48.56115243652213,21,4,D
GFAI,Guardforce AI Co. Limited Ordinary Shares,Diversified Commercial Services,77,0.382999986410141,-73.02816915597218,13,,A+
GFF,Griffon Corporation Common Stock,Building Products,63,90.83000183105469,-6.8696780806936975,66,54,D+
GFI,Gold Fields Limited American Depositary Shares,Precious Metals,111,33.33000183105469,-44.23542125480546,32,,E
GFL,GFL Environmental Inc. Subordinate voting shares no par value,Environmental Services,73,38.65999984741211,-24.17830484482887,36,40,C+
GFR,Greenfire Resources Ltd. Common Shares,Oil & Gas Production,30,6.110000133514404,-11.705201356202044,72,4,C+
GFS,GlobalFoundries Inc. Ordinary Shares,Semiconductors,2,63.38999938964844,-29.433801792705772,89,78,E+
GFUZ,General Fusion Group Ltd. Common Shares,Electric Utilities: Central,52,13.760000228881836,0.0,83,,A+
GGAL,Grupo Financiero Galicia S.A. American Depositary Shares,Commercial Banks,10,50.79999923706055,-13.53560473552874,65,36,A-
GGB,Gerdau S.A. Common Stock,Steel/Iron Ore,46,4.610000133514404,-5.770640847139874,79,57,C-
GGG,Graco Inc. Common Stock,Fluid Controls,52,73.80999755859375,-21.894781526091645,30,48,D-
GGN,GAMCO Global Gold Natural Resources & Income Trust,Finance/Investors Services,73,4.909999847412109,-14.141098383542127,44,,E+
GGR,Gogoro Inc. Ordinary Shares,Auto Manufacturing,140,3.799999952316284,-51.89873536147667,30,20,D
GGRP,The Glimpse Group Inc. Common Stock,EDP Services,126,0.8086000084877014,-55.325964969591745,41,9,B-
GGZ,Gabelli Global Small and Mid Cap Value Trust (The) Common Shares of Beneficial Interest,Investment Managers,67,16.010000228881836,-2.7338935639147244,60,,D
GH,Guardant Health Inc. Common Stock,Medical Specialities,24,160.11000061035156,-6.2423162121033275,97,4,A
GHC,Graham Holdings Company Common Stock,Other Consumer Services,121,1178.1199951171875,-0.9843538158253118,63,80,C
GHG,GreenTree Hospitality Group Ltd. American depositary shares each representing one Class A ordinary share,Hotels/Resorts,39,1.1344000101089478,-56.20077035899119,18,66,B-
GHM,Graham Corporation Common Stock,Industrial Machinery/Components,77,107.05000305175781,-13.522899862641314,90,77,C-
GHRS,GH Research PLC Ordinary Shares,Biotechnology: Pharmaceutical Preparations,77,26.770000457763672,-6.037203675579339,93,4,B+
GIB,CGI Inc. Common Stock,Professional Services,104,65.55999755859375,-35.60181985929057,23,54,E+
GIBO,GIBO Holdings Limited Class A Ordinary Shares,Computer Software: Prepackaged Software,118,28.0,-94.10526315789474,11,,A+
GIC,Global Industrial Company Common Stock,Industrial Machinery/Components,77,33.68000030517578,-9.934327315564506,57,57,B-
GIFT,Giftify Inc. Common Stock,Catalog/Specialty Distribution,59,0.8564000129699707,-32.03174448794217,23,,B
GIGM,GigaMedia Limited Ordinary Shares,Computer Software: Programming Data Processing,112,1.4299999475479126,-23.118282981188454,39,20,A-
GIII,G-III Apparel Group LTD. Common Stock,Apparel,43,34.18000030517578,-3.9007879098001297,77,98,C+
GIL,Gildan Activewear Inc. Class A Sub. Vot. Common Stock,Apparel,43,51.52000045776367,-28.386627590986436,33,31,E-
GILD,Gilead Sciences Inc. Common Stock,Biotechnology: Biological Products (No Diagnostic Substances),67,130.0399932861328,-15.508349724782288,55,86,C-
GILT,Gilat Satellite Networks Ltd. Ordinary Shares,Radio And Television Broadcasting And Communications Equipment,27,11.9399995803833,-42.73381600992736,35,99,E
GIPR,Generation Income Properties Inc. Common Stock,Real Estate Investment Trusts,41,1.2799999713897705,-93.11827986484897,3,4,A+
GIS,General Mills Inc. Common Stock,Packaged Foods,124,36.459999084472656,-24.461727460711725,35,58,B
GITS,Global Interactive Technologies Inc. Common Stock,Computer Software: Programming Data Processing,112,2.200000047683716,-49.656748162540154,82,,A+
GIW,GigCapital8 Corp. Class A Ordinary Shares,,,10.09000015258789,-0.1978190382642242,48,,D
GIX,GigCapital9 Corp. Class A Ordinary Share,Blank Checks,71,9.9399995803833,-0.10050481480938789,47,,D+
GJH,Synthetic Fixed-Income Securities Inc 6.375% (STRATS) Cl A-1,Finance: Consumer Services,116,9.270000457763672,-3.9216166922933726,48,,E+
GJO,Synthetic Fixed-Income Securities Inc. on behalf of STRATS(SM) Trust for Wal-Mart Stores Inc. Securities Series 2004-5,Finance: Consumer Services,116,24.809999465942383,-0.640768329242758,49,,B
GJP,Synthetic Fixed-Income Securities Inc. on behalf of STRATS (SM) Trust for Dominion Resources Inc. Securities Series 2005-6 Floating Rate Structured Repackaged Asset-Backed Trust Securities (STRATS) Certificates,Finance: Consumer Services,116,24.75,0.0,50,,B-
GJR,Synthetic Fixed-Income Securities Inc. STRATS Trust for Procter&Gamble Securities Series 2006-1,Finance: Consumer Services,116,25.200000762939453,0.0,52,,B+
GJS,Goldman Sachs Group Securities STRATS Trust for Goldman Sachs Group Securities Series 2006-2,Finance: Consumer Services,116,23.75670051574707,0.0,51,,C-
GKOS,Glaukos Corporation Common Stock,Medical/Dental Instruments,126,152.4499969482422,-1.6895661651054605,86,20,B-
GL,Globe Life Inc. Common Stock,Life Insurance,24,178.99000549316406,-0.6494217057963936,81,78,C
GLAD,Gladstone Capital Corporation Common Stock,Textiles,32,19.799999237060547,-25.496515757589023,48,58,C-
GLAS,Glass House Brands Inc. Subordinate Voting Shares,Medicinal Chemicals and Botanical Products,134,11.420000076293945,-15.918125001272665,86,4,C
GLBE,Global-E Online Ltd. Ordinary Shares,Computer Software: Prepackaged Software,118,38.75,-6.828564900621126,66,99,B
GLBS,Globus Maritime Limited Common Stock,Marine Transportation,9,2.7300000190734863,-13.880127653967255,94,,A
GLDG,GoldMining Inc. Common Shares,Precious Metals,111,0.8500000238418579,-60.28037466475173,19,,E-
GLE,Global Engine Group Holding Limited Class A Ordinary Shares,EDP Services,126,0.43799999356269836,-87.83333318984067,24,,A+
GLIBA,Liberty Capital Corporation Series A GCI Group Common Stock,Cable & Other Pay Television Services,104,21.75,-45.935868139483084,13,,A
GLIBK,Liberty Capital Corporation Series C GCI Group Common Stock,Cable & Other Pay Television Services,104,21.540000915527344,-46.203795147331725,13,,B-
GLMD,Galmed Pharmaceuticals Ltd. Ordinary Shares,Biotechnology: Pharmaceutical Preparations,77,0.5113000273704529,-78.05579209817361,9,,E-
GLND,Greenland Energy Company Common Stock,Oil & Gas Production,30,2.140000104904175,-83.53846073150635,4,,E-
GLNG,Golar Lng Ltd,Marine Transportation,9,51.91999816894531,-9.026811609556805,71,49,D-
GLOB,Globant S.A. Common Shares,EDP Services,126,30.920000076293945,-66.85959371390247,10,56,C+
GLOO,Gloo Holdings Inc. Class A Common Stock,EDP Services,126,3.380000114440918,-64.42105142693771,9,20,E
GLPI,Gaming and Leisure Properties Inc. Common Stock,Real Estate Investment Trusts,41,43.84000015258789,-9.001871288926367,44,71,E+
GLRE,Greenlight Capital Re Ltd. Class A Ordinary Shares,Property-Casualty Insurers,41,16.6299991607666,-12.473688627544199,63,4,D+
GLSI,Greenwich LifeSciences Inc. Common Stock,Biotechnology: Pharmaceutical Preparations,77,19.010000228881836,-43.36361982224294,62,4,E-
GLU,Gabelli Global Utility Common Shares of Beneficial Ownership,Finance/Investors Services,73,19.600000381469727,-7.289832763355353,57,,D
GLUE,Monte Rosa Therapeutics Inc. Common Stock,Biotechnology: Biological Products (No Diagnostic Substances),67,23.459999084472656,-7.309365549213553,97,4,A-
GLW,Corning Incorporated Common Stock,Telecommunications Equipment,73,187.63999938964844,-26.614260394225663,96,89,C-
GLXG,Galaxy Payroll Group Limited Class A Ordinary Shares,Diversified Commercial Services,77,1.2999999523162842,-81.26801236890844,9,,A+
GLXY,Galaxy Digital Inc. Class A Common Stock,Investment Bankers/Brokers/Service,77,24.219999313354492,-43.49043637786401,42,20,D-
GM,General Motors Company Common Stock,Auto Manufacturing,140,76.87000274658203,-10.60541896541184,66,86,D-
GMAB,Genmab A/S ADS,Biotechnology: Pharmaceutical Preparations,77,28.729999542236328,-18.704019756116274,49,,D+
GME,GameStop Corporation Common Stock,Electronics Distribution,,22.43000030517578,-18.996027906941503,42,92,D-
GMED,Globus Medical Inc. Class A Common Stock,Medical/Dental Instruments,126,75.81999969482422,-21.689733594496808,46,96,E
GMEX,GMEX ROBOTICS CORPORATION Class A Ordinary Shares,Recreational Games/Products/Toys,97,1.4600000381469727,-99.97763069233602,1,,E-
GMHS,Gamehaus Holdings Inc. Class A Ordinary Shares,EDP Services,126,0.9154000282287598,-60.02619897477928,24,,B
GMM,Global Mofy AI Limited Class A Ordinary Shares,Computer Software: Programming Data Processing,112,3.390000104904175,-97.65397916615628,1,,A+
GMTL,Guardian Metal Resources PLC ADS,Metal Mining,85,10.359999656677246,-49.80620172947734,17,,E-
GNE,Genie Energy Ltd. Class B Common Stock Stock,Power Generation,48,14.029999732971191,-35.04150908538893,36,,D+
GNK,Genco Shipping & Trading Limited Ordinary Shares New (Marshall Islands),Marine Transportation,9,25.450000762939453,-4.664451504415734,85,91,C
GNL,Global Net Lease Inc. Common Stock,Real Estate Investment Trusts,41,8.8100004196167,-7.8409313558243205,59,4,D-
GNLN,Greenlane Holdings Inc. Class A Common Stock,Durable Goods,128,2.450000047683716,-93.80060723860034,6,,A
GNLX,Genelux Corporation Common Stock,Biotechnology: Pharmaceutical Preparations,77,2.890000104904175,-64.92718221869558,38,,D
GNPX,Genprex Inc. Common Stock,Biotechnology: Pharmaceutical Preparations,77,0.46320000290870667,-98.89714285021736,3,33,E
GNRC,Generac Holdlings Inc. Common Stock,Metal Fabrications,37,225.1199951171875,-23.827573726631524,80,55,E
GNS,Genius Group Limited Ordinary Shares,Services-Misc. Amusement & Recreation,87,0.18299999833106995,-88.41772193920914,4,,A
GNSS,Genasys Inc. Common Stock,Consumer Electronics/Appliances,122,1.7000000476837158,-34.10852333508051,28,32,C
GNT,GAMCO Natural Resources Gold & Income Trust,Finance/Investors Services,73,8.1899995803833,-9.090382685094244,62,,C+
GNTA,Genenta Science S.p.A. American Depositary Shares,Biotechnology: Biological Products (No Diagnostic Substances),67,1.25,-79.83870905718369,59,,A+
GNTX,Gentex Corporation Common Stock,Auto Parts:O.E.M.,56,23.700000762939453,-16.791377328979074,48,57,D-
GNW,Genworth Financial Inc Common Stock,Life Insurance,24,9.710000038146973,0.0,67,41,C
GO,Grocery Outlet Holding Corp. Common Stock,Food Chains,64,9.829999923706055,-47.320471575087694,51,20,C+
GOAI,Eva Live Inc. Common Stock,Computer Software: Programming Data Processing,112,2.4600000381469727,-67.71653444760541,7,,B-
GOGO,Gogo Inc. Common Stock,Telecommunications Equipment,73,3.4600000381469727,-79.08101664674751,11,45,E
GOLD,Gold.com Inc. Common Stock,Other Specialty Stores,112,39.06999969482422,-38.56837814461731,70,75,E+
GOLF,Acushnet Holdings Corp. Common Stock,Recreational Games/Products/Toys,97,112.41999816894531,-5.1548136955003265,80,45,B
GOOD,Gladstone Commercial Corporation Real Estate Investment Trust,Real Estate,90,12.569999694824219,-1.8119635707679715,59,,C-
GOOG,Alphabet Inc. Class C Capital Stock,Computer Software: Programming Data Processing,112,357.3299865722656,-10.398696712656797,83,95,D
GOOGL,Alphabet Inc. Class A Common Stock,Computer Software: Programming Data Processing,112,359.510009765625,-10.654032175677274,84,95,D
GOOS,Canada Goose Holdings Inc. Subordinate Voting Shares,Apparel,43,9.449999809265137,-37.99212630452824,22,42,E+
GORO,Gold Resource Corporation Common Stock,Precious Metals,111,1.2400000095367432,-28.735632026411295,79,,B-
GOSS,Gossamer Bio Inc. Common Stock,Biotechnology: Pharmaceutical Preparations,77,0.14010000228881836,-96.3034299815581,2,20,E-
GOTU,Gaotu Techedu Inc. American Depositary Shares,Other Consumer Services,121,1.809999942779541,-54.63659302121931,21,9,C-
GOVX,GeoVax Labs Inc. Common Stock,Biotechnology: Pharmaceutical Preparations,77,1.0499999523162842,-95.06462998287554,6,,A+
GP,GreenPower Motor Company Inc. Common Shares,Construction/Ag Equipment/Trucks,32,1.4600000381469727,-67.55555470784505,47,,A-
GPC,Genuine Parts Company Common Stock,Automotive Aftermarket,128,122.16000366210938,-16.50667185057658,51,39,B+
GPCR,Structure Therapeutics Inc. American Depositary Shares,Biotechnology: Pharmaceutical Preparations,77,50.59000015258789,-46.06034794886915,85,20,B-
GPGI,GPGI Inc. Class A Common Stock,Finance: Consumer Services,116,14.649999618530273,-43.63302347522304,28,20,D+
GPI,Group 1 Automotive Inc. Common Stock,Retail-Auto Dealers and Gas Stations,104,299.17999267578125,-38.43672396583464,23,64,E+
GPK,Graphic Packaging Holding Company,Containers/Packaging,59,10.329999923706055,-54.57997994972503,23,43,C-
GPMT,Granite Point Mortgage Trust Inc. Common Stock,Real Estate Investment Trusts,41,1.340000033378601,-51.90381683295704,21,20,E+
GPN,Global Payments Inc. Common Stock,Business Services,90,75.88999938964844,-14.5796619976709,47,37,C
GPOR,Gulfport Energy Corporation Common Shares,Oil & Gas Production,30,151.49000549316406,-31.911545798483722,26,90,C-
GPRE,Green Plains Inc. Common Stock,Major Chemicals,59,17.1200008392334,-6.191776223378643,90,63,C-
GPRK,Geopark Ltd Common Shares,Oil & Gas Production,30,10.350000381469727,-12.13921378537065,81,69,C+
GPRO,GoPro Inc. Class A Common Stock,Industrial Machinery/Components,77,0.6977999806404114,-75.7708349683218,14,20,E
GPUS,Hyperscale Data Inc. Common Stock,Industrial Machinery/Components,77,0.1324000060558319,-88.683759751091,9,,E-
GRAB,Grab Holdings Limited Class A Ordinary Shares,Business Services,90,3.799999952316284,-41.08527031492692,28,92,C
GRAF,Graf Global Corp. Class A ordinary shares,,,10.819999694824219,-4.247791927509947,48,,E
GRAL,GRAIL Inc. Common Stock,Medical Specialities,24,73.12000274658203,-36.998100736934056,81,20,C+
GRAN,Grande Group Limited Class A Ordinary Shares,Finance: Consumer Services,116,1.409999966621399,-76.83968449169338,15,,A+
GRBK,Green Brick Partners Inc. Common Stock,Homebuilding,59,72.30999755859375,-10.274226523824648,56,45,C
GRC,Gorman-Rupp Company (The) Common Stock,Fluid Controls,52,80.02999877929688,-12.76433328662332,90,91,E+
GRCE,Grace Therapeutics Inc. Common Stock,Biotechnology: Pharmaceutical Preparations,77,2.4600000381469727,-52.046783951873834,18,,E
GRDN,Guardian Pharmacy Services Inc. Class A Common Stock,Retail-Drug Stores and Proprietary Stores,137,39.66999816894531,-8.594477478784047,85,77,C+
GRDX,GridAI Technologies Corp. Common Stock,Biotechnology: Pharmaceutical Preparations,77,3.8399999141693115,-43.529414610879144,91,,A-
GREE,Greenidge Generation Holdings Inc. Class A Common Stock,Finance: Consumer Services,116,2.0799999237060547,-7.555558946397567,83,,A
GRFS,Grifols S.A. American Depositary Shares,Biotechnology: Pharmaceutical Preparations,77,7.019999980926514,-33.757376811367266,24,,D-
GRI,GRI Bio Inc. Common Stock,Biotechnology: Pharmaceutical Preparations,77,1.5700000524520874,-97.51896320679808,5,20,E
GRML,Greenland Mines Ltd. Common Stock,Biotechnology: Biological Products (No Diagnostic Substances),67,0.1800999939441681,-86.75735352575057,6,,E-
GRMN,Garmin Ltd. Common Stock (Switzerland),Industrial Machinery/Components,77,241.38999938964844,-9.367807524706285,48,74,D+
GRND,Grindr Inc. Common Stock,Computer Software: Programming Data Processing,112,15.640000343322754,-28.486512376965333,64,,A-
GRNQ,Greenpro Capital Corp. Common Stock,EDP Services,126,1.3899999856948853,-54.1254125802076,15,,A+
GRNT,Granite Ridge Resources Inc. Common Stock,Oil & Gas Production,30,4.610000133514404,-22.83159310985805,36,29,D-
GRO,Brazil Potash Corp. Common Shares,Mining & Quarrying of Nonmetallic Minerals (No Fuels),73,2.25,-42.159384593244745,43,,E-
GROV,Grove Collaborative Holdings Inc. Class A Common Stock,Catalog/Specialty Distribution,59,1.090000033378601,-30.573248601094217,24,20,E
GROW,U.S. Global Investors Inc. Class A Common Stock,Investment Managers,67,2.9200000762939453,-17.518376477462326,70,29,B+
GROY,Gold Royalty Corp. Common Shares,Precious Metals,111,2.5899999141693115,-50.28790988088956,21,,E
GRPN,Groupon Inc. Common Stock,Advertising,94,25.600000381469727,-30.60449768222754,90,20,A-
GRRR,Gorilla Technology Group Inc. Ordinary shares,Computer Software: Prepackaged Software,118,16.770000457763672,-23.00275514662282,70,,C+
GRVY,GRAVITY Co. Ltd. American Depository Shares,Business Services,90,62.20000076293945,-14.771173058558063,49,,B-
GRWG,GrowGeneration Corp. Common Stock,RETAIL: Building Materials,114,1.4900000095367432,-32.272728307188025,73,4,B+
GRX,The Gabelli Healthcare & Wellness Trust Common Shares of Beneficial Interest,Finance/Investors Services,73,9.454999923706055,-2.425177160512848,53,,C
GS,Goldman Sachs Group Inc. (The) Common Stock,Investment Bankers/Brokers/Service,77,1140.0,0.0,85,76,B-
GSAT,Globalstar Inc. Common Stock,Telecommunications Equipment,73,80.1500015258789,-5.069286703572951,92,4,C
GSBC,Great Southern Bancorp Inc. Common Stock,Major Banks,20,76.95999908447266,-5.1749684427349845,75,51,C
GSBD,Goldman Sachs BDC Inc. Common Stock,Investment Managers,67,8.899999618530273,-12.841666802866259,45,31,E+
GSHD,Goosehead Insurance Inc. Class A Common Stock,Specialty Insurers,109,50.29999923706055,-51.36807590771759,31,94,B+
GSIT,GSI Technology Common Stock,Semiconductors,2,6.199999809265137,-52.197381020675614,57,20,C
GSIW,Garden Stage Limited Class A Ordinary Shares,Investment Bankers/Brokers/Service,77,28.399999618530273,-91.79190762470223,46,,B
GSK,GSK plc American Depositary Shares (Each representing two Ordinary Shares),Biotechnology: Pharmaceutical Preparations,77,51.25,-14.78547662618005,57,45,D
GSL,Global Ship Lease Inc New Class A Common Shares,Marine Transportation,9,41.2400016784668,-0.9710513870009985,80,47,D+
GSM,Ferroglobe PLC Ordinary Shares,Metal Mining,85,3.440000057220459,-37.45361714523765,21,20,E
GSUN,Golden Sun Technology Group Limited Class A Ordinary Shares,Other Consumer Services,121,0.32710000872612,-89.41423890576208,6,,A+
GT,The Goodyear Tire & Rubber Company Common Stock,Automotive Aftermarket,128,6.659999847412109,-42.28769610548001,27,43,B-
GTBP,GT Biopharma Inc. Common Stock,Biotechnology: Pharmaceutical Preparations,77,0.36899998784065247,-82.75701075925062,14,4,C+
GTE,Gran Tierra Energy Inc. Common Stock,Oil & Gas Production,30,6.570000171661377,-30.91482635606768,72,,D-
GTEC,Greenland Technologies Holding Corporation Class A Ordinary Shares,Industrial Machinery/Components,77,0.5620999932289124,-71.89500033855438,13,,B
GTEN,Gores Holdings X Inc. Class A ordinary shares,,,10.489999771118164,-0.6628849026227179,48,,C-
GTES,Gates Industrial Corporation plc Ordinary Shares,Industrial Machinery/Components,77,26.239999771118164,-9.57960249067391,54,49,D+
GTIM,Good Times Restaurants Inc. Common Stock,Restaurants,97,1.4299999475479126,-29.556651837344027,52,99,B
GTLB,GitLab Inc. Class A Common Stock,Computer Software: Prepackaged Software,118,32.97999954223633,-35.38401459510323,65,20,B
GTLS,Chart Industries Inc. Common Stock,Metal Fabrications,37,209.91000366210938,0.0,55,30,D
GTM,ZoomInfo Technologies Inc Common Stock,Computer Software: Prepackaged Software,118,3.0199999809265137,-75.2459014086786,6,88,C-
GTN,Gray Media Inc. Common Stock,Broadcasting,104,3.809999942779541,-37.26814377151019,23,20,D-
GTX,Garrett Motion Inc. Common Stock,Auto Parts:O.E.M.,56,31.68000030517578,-12.558651102813933,96,67,C+
GTY,Getty Realty Corporation Common Stock,Real Estate,90,34.45000076293945,-0.40473948838061213,73,72,C-
GURE,Gulf Resources Inc. (NV) Common Stock,Major Chemicals,59,3.490000009536743,-57.38705508732874,15,91,D-
GUTS,Fractyl Health Inc. Common Stock,Medical/Dental Instruments,126,0.800000011920929,-66.24472360545244,39,63,C
GV,Visionary Holdings Inc. Common Shares,Other Consumer Services,121,0.17970000207424164,-93.58214267376735,6,,A
GVA,Granite Construction Incorporated Common Stock,Military/Government/Technical,103,120.93000030517578,-24.540814276527556,56,35,E
GVH,Globavend Holdings Limited Ordinary Shares,Integrated Freight & Logistics,141,4.46999979019165,-70.9740266174224,91,,A+
GWAV,Greenwave Technology Solutions Inc. Common Stock,Metal Fabrications,37,2.990000009536743,-90.62695910566754,13,,A
GWH,ESS Tech Inc. Common Stock,Industrial Machinery/Components,77,0.8694999814033508,-90.3922656013475,13,4,B+
GWRE,Guidewire Software Inc. Common Stock,Computer Software: Prepackaged Software,118,140.7100067138672,-46.269282079465036,29,54,C
GWRS,Global Water Resources Inc. Common Stock,Water Supply,65,7.070000171661377,-33.90725231308893,27,,B-
GWW,W.W. Grainger Inc. Common Stock,Office Equipment/Supplies/Services,57,1371.0699462890625,-1.48095155685517,79,83,C+
GXAI,Gaxos.ai Inc. Common Stock,Computer Software: Prepackaged Software,118,1.1200000047683716,-59.42028954208861,28,,A+
GXO,GXO Logistics Inc. Common Stock,Transportation Services,116,49.66999816894531,-24.271991245330348,34,81,D
GYRE,Gyre Therapeutics Inc. Common Stock,Biotechnology: Pharmaceutical Preparations,77,6.340000152587891,-28.523108969710254,29,31,D+
GYRO,Gyrodyne LLC Common Stock,Building operators,83,6.230000019073486,-41.9925497966294,19,,E-
H,Hyatt Hotels Corporation Class A Common Stock,Hotels/Resorts,39,189.6999969482422,-6.1309315721558955,74,52,C-
HAE,Haemonetics Corporation Common Stock,Medical/Dental Instruments,126,74.41000366210938,-14.628269233933889,69,31,B-
HAFC,Hanmi Financial Corporation Common Stock,Major Banks,20,32.040000915527344,-3.4358028305099486,74,60,C+
HAFN,Hafnia Limited Common Shares,Transportation Services,116,7.480000019073486,-17.89476047805465,77,73,D-
HAIN,Hain Celestial Group Inc. (The) Common Stock,Packaged Foods,124,0.5950000286102295,-72.32558129219315,10,20,E
HAL,Halliburton Company Common Stock,Oilfield Services/Equipment,11,35.41999816894531,-17.238988093646434,73,79,D-
HALO,Halozyme Therapeutics Inc. Common Stock,Biotechnology: Biological Products (No Diagnostic Substances),67,75.05000305175781,-7.993130645408241,66,79,B-
HAO,Haoxi Health Technology Limited Class A Ordinary Shares,Advertising,94,0.2849999964237213,-99.86083984756988,1,,E-
HAPN,Happen Inc. Common Stock,Finance: Consumer Services,116,19.950000762939453,-7.553286221173783,79,77,D+
HAS,Hasbro Inc. Common Stock,Recreational Games/Products/Toys,97,78.41999816894531,-24.856192053900017,40,51,E+
HASI,HA Sustainable Infrastructure Capital Inc. Common Stock,Finance/Investors Services,73,38.459999084472656,-10.210492042248031,71,36,D
HAYW,Hayward Holdings Inc. Common Stock,Industrial Machinery/Components,77,15.880000114440918,-8.261117247952576,52,54,C
HBAN,Huntington Bancshares Incorporated Common Stock,Major Banks,20,17.850000381469727,-5.581573994725863,56,42,C-
HBB,Hamilton Beach Brands Holding Company Class A Common Stock,Home Furnishings,51,21.610000610351562,-6.16587075100421,70,81,B+
HBCP,Home Bancorp Inc. Common Stock,Banks,19,68.38999938964844,-3.2125731033300298,68,81,C+
HBIO,Harvard Bioscience Inc. Common Stock,Biotechnology: Laboratory Analytical Instruments,52,5.929999828338623,-24.936711939839327,75,9,C+
HBM,Hudbay Minerals Inc. Ordinary Shares (Canada),Metal Mining,85,22.5,-29.381758139489776,78,,D-
HBNB,Hotel101 Global Holdings Corp. Class A Ordinary Shares,Hotels/Resorts,39,5.300000190734863,-46.99999809265136,59,,A-
HBNC,Horizon Bancorp Inc. Common Stock,Major Banks,20,19.6200008392334,-3.444876309565692,72,33,B
HBT,HBT Financial Inc. Common Stock,Major Banks,20,31.770000457763672,-2.9627402900870847,74,43,B-
HCA,HCA Healthcare Inc. Common Stock,Hospital/Nursing Management,85,363.6000061035156,-33.06722453506379,26,61,E
HCAI,Huachen AI Parking Management Technology Holding Co. Ltd. Class A Ordinary Shares,Miscellaneous manufacturing industries,115,7.760000228881836,-71.88405753033324,19,,A+
HCAT,Health Catalyst Inc Common Stock,Computer Software: Programming Data Processing,112,2.2899999618530273,-44.00978297264704,82,97,A+
HCC,Warrior Met Coal Inc. Common Stock,Coal Mining,108,83.33000183105469,-24.437792207612517,63,95,E+
HCI,HCI Group Inc. Common Stock,Property-Casualty Insurers,41,179.94000244140625,-12.164371317696654,64,72,B-
HCIC,Hennessy Capital Investment Corp. VIII Class A Ordinary Shares,,,9.979999542236328,-0.2000045776367143,47,,D+
HCKT,Hackett Group Inc (The). Common Stock,Professional Services,104,9.8100004196167,-58.83970039281529,13,65,D-
HCM,HUTCHMED (China) Limited American Depositary Shares,Biotechnology: Pharmaceutical Preparations,77,11.25,-41.43674890076743,20,,D
HCSG,Healthcare Services Group Inc. Common Stock,Hospital/Nursing Management,85,23.979999542236328,-4.652087849066611,85,86,B-
HCTI,Healthcare Triangle Inc. Common Stock,EDP Services,126,1.7400000095367432,-99.83120889022157,4,,A+
HCWB,HCW Biologics Inc. Common Stock,Biotechnology: Pharmaceutical Preparations,77,4.5,-87.54152787078948,52,63,A+
HCWC,Healthy Choice Wellness Corp. Class A Common Stock,Food Chains,64,0.18790000677108765,-79.79569835204695,12,,A+
HD,Home Depot Inc. (The) Common Stock,RETAIL: Building Materials,114,337.739990234375,-18.5764236444105,39,44,C
HDB,HDFC Bank Limited Common Stock,Commercial Banks,10,25.969999313354492,-33.38356889560371,28,75,C
HDL,SUPER HI INTERNATIONAL HOLDING LTD. American Depositary Shares,Restaurants,97,12.65999984741211,-38.123165132397595,23,56,E+
HDRN,Hadron Energy Inc. Common Stock,Electric Utilities: Central,52,1.9500000476837158,-83.36177471625545,2,,E-
HDSN,Hudson Technologies Inc. Common Stock,Industrial Specialties,90,6.230000019073486,-40.32566791688746,31,34,B
HE,Hawaiian Electric Industries Inc. Common Stock,Electric Utilities: Central,52,13.520000457763672,-20.8430883011967,51,51,D-
HEI,Heico Corporation Common Stock,Aerospace,101,345.6099853515625,-5.3926835670221385,60,85,B-
HEI-A,Heico Corporation,,,249.6999969482422,-9.525975469906179,50,81,B-
HELE,Helen of Troy Limited Common Stock,Home Furnishings,51,27.219999313354492,-8.841263372519359,86,36,B-
HELP,Cybin Inc. Common Stock,Biotechnology: Pharmaceutical Preparations,77,6.679999828338623,-23.306546508812943,54,,A
HEPS,D-Market Electronic Services & Trading American Depositary Shares,Catalog/Specialty Distribution,59,2.950000047683716,-10.334344015548657,54,20,B+
HERE,Here Group Limited American Depositary Shares,Other Consumer Services,121,1.850000023841858,-84.18803372648898,6,96,E
HESM,Hess Midstream LP Class A Representing Limited Partner Interests,Oil & Gas Production,30,39.849998474121094,-2.1605722514253634,66,56,C-
HFBL,Home Federal Bancorp Inc. of Louisiana Common Stock,Savings Institutions,11,22.079999923706055,-3.580784753204491,84,76,C+
HFFG,HF Foods Group Inc. Common Stock,Food Distributors,11,1.649999976158142,-55.5256075689351,17,31,E-
HFWA,Heritage Financial Corporation Common Stock,Banks,19,29.610000610351562,-2.050939269841945,71,56,C
HG,Hamilton Insurance Group Ltd. Class B Common Shares,Property-Casualty Insurers,41,34.86000061035156,-0.8250381306920684,85,94,B
HGBL,Heritage Global Inc. Common Stock,Business Services,90,1.2400000095367432,-43.3789964777194,25,47,E+
HGTY,Hagerty Inc. Class A Common Stock,Specialty Insurers,109,12.25,-11.360345365363544,58,40,B
HGV,Hilton Grand Vacations Inc. Common Stock,Hotels/Resorts,39,49.189998626708984,-10.056683375585173,55,82,D+
HHH,Howard Hughes Holdings Inc. Common Stock,Real Estate Investment Trusts,41,72.05000305175781,-19.810791012411755,46,41,C+
HHS,Harte Hanks Inc. Common Stock,Advertising,94,2.390000104904175,-38.87467896573169,22,20,B+
HIFS,Hingham Institution for Savings Common Stock,Banks,19,287.7900085449219,-13.482172854312147,45,,D-
HIG,The Hartford Insurance Group Inc. Common Stock,Property-Casualty Insurers,41,138.14999389648438,-2.8781387371795253,53,93,C-
HIHO,Highway Holdings Limited Common Stock,Metal Fabrications,37,0.8432000279426575,-52.36157982887204,23,,A+
HII,Huntington Ingalls Industries Inc. Common Stock,Marine Transportation,9,280.0,-38.02276388626852,29,48,E
HIMS,Hims & Hers Health Inc. Class A Common Stock,Medical/Nursing Services,27,35.150001525878906,-46.88727506226695,66,40,B+
HIMX,Himax Technologies Inc. American Depositary Shares,Semiconductors,2,14.119999885559082,-40.60142554399474,91,35,B+
HIND,Vyome Holdings Inc. Common Stock,Medical/Dental Instruments,126,2.180000066757202,-86.09693862035442,15,,C
HIPO,Hippo Holdings Inc. Common Stock,Property-Casualty Insurers,41,28.520000457763672,-24.649929702735797,44,99,A-
HIT,Health In Tech Inc. Class A Common Stock,Specialty Insurers,109,1.0700000524520874,-71.61803560038416,18,37,E+
HITI,High Tide Inc. Common Shares,Other Specialty Stores,112,2.1600000858306885,-45.728641319616884,28,35,A
HIVE,HIVE Digital Technologies Ltd. Common Shares,Finance: Consumer Services,116,3.180000066757202,-54.31034411885084,67,4,B
HIW,Highwoods Properties Inc. Common Stock,Real Estate Investment Trusts,41,32.09000015258789,0.0,78,45,B+
HKD,AMTD Digital Inc. American Depositary Shares (every five of which represent two Class A Ordinary Shares),Finance: Consumer Services,116,1.6200000047683716,-45.08474648872074,43,,D+
HKIT,Hitek Global Inc. Class A Ordinary Share,Computer Software: Prepackaged Software,118,3.6600000858306885,-99.97648192715933,1,,A+
HKPD,Cellyan Biotechnology Co. Ltd Class A Ordinary Shares,Other Pharmaceuticals,138,0.45559999346733093,-73.81609247297479,11,,A+
HL,Hecla Mining Company Common Stock,Mining & Quarrying of Nonmetallic Minerals (No Fuels),73,15.5,-51.252354836919764,71,40,D+
HLF,Herbalife Ltd. Common Shares,Other Pharmaceuticals,138,12.239999771118164,-38.677353043367916,44,52,E+
HLI,Houlihan Lokey Inc. Class A Common Stock,Investment Managers,67,136.92999267578125,-33.74918855372201,25,50,C-
HLIO,Helios Technologies Inc. Common Stock,Metal Fabrications,37,81.05999755859375,-12.595335509422123,89,88,D
HLIT,Harmonic Inc. Common Stock,Radio And Television Broadcasting And Communications Equipment,27,13.670000076293945,-20.105204040591406,85,67,B
HLLY,Holley Inc. Common Stock,Auto Parts:O.E.M.,56,2.6500000953674316,-39.6355312992553,33,42,B+
HLMN,Hillman Solutions Corp. Common Stock,Industrial Machinery/Components,77,7.940000057220459,-26.070761392634477,34,55,C
HLN,Haleon plc American Depositary Shares (Each representing two Ordinary Shares),Package Goods/Cosmetics,83,9.699999809265137,-12.789478133806309,47,,C-
HLNE,Hamilton Lane Incorporated Class A Common Stock,Investment Managers,67,82.41999816894531,-47.71401384618959,18,60,D
HLP,Hongli Group Inc. Ordinary Shares,Industrial Machinery/Components,77,1.1100000143051147,-35.08771990976345,75,,A+
HLT,Hilton Worldwide Holdings Inc. Common Stock,Hotels/Resorts,39,325.8599853515625,-6.9556323979878325,60,76,E
HLX,Helix Energy Solutions Group Inc. Common Stock,Oilfield Services/Equipment,11,9.529999732971191,-9.668250609696184,76,30,D
HMC,Honda Motor Company Ltd. Common Stock,Auto Manufacturing,140,28.09000015258789,-19.39741353662624,47,,C+
HMH,HMH Holding Inc. Class A Common Stock,Oil and Gas Field Machinery,32,19.940000534057617,-17.8070884339119,52,,B-
HMN,Horace Mann Educators Corporation Common Stock,Property-Casualty Insurers,41,52.29999923706055,-3.3628967678193455,73,,C+
HMR,Heidmar Maritime Holdings Corp. Common Stock,Marine Transportation,9,1.0800000429153442,-33.7423284616714,49,,A
HMY,Harmony Gold Mining Company Limited,Precious Metals,111,15.239999771118164,-40.34875395051487,35,,D
HNGE,Hinge Health Inc. Class A Common Stock,EDP Services,126,89.30999755859375,-0.766669379340279,96,31,A
HNI,HNI Corporation Common Stock,Office Equipment/Supplies/Services,57,39.689998626708984,-23.048400135198797,43,51,B
HNNA,Hennessy Advisors Inc. Common Stock,Investment Managers,67,9.979999542236328,-18.440103622525207,43,46,C
HNRG,Hallador Energy Company Common Stock,Electric Utilities: Central,52,17.239999771118164,-27.593447468244968,48,,C
HNST,The Honest Company Inc. Common Stock,Catalog/Specialty Distribution,59,3.9600000381469727,-19.999996146770293,73,20,B-
HNVR,Hanover Bancorp Inc. Common Stock,Major Banks,20,24.43000030517578,-0.32639707449608757,60,53,B-
HODO,House of Doge Inc. Common Stock,Services-Misc. Amusement & Recreation,87,1.2999999523162842,-93.22916718406807,3,,A+
HOFT,Hooker Furnishings Corporation Common Stock,Home Furnishings,51,14.350000381469727,-19.517664369753916,75,52,A-
HOG,Harley-Davidson Inc. Common Stock,Motor Vehicles,122,25.079999923706055,-16.54164763872047,58,35,D
HOLO,MicroCloud Hologram Inc. Ordinary Shares,Computer Software: Programming Data Processing,112,1.5299999713897705,-74.54243073008288,10,,D+
HOMB,Home BancShares Inc. Common Stock,Major Banks,20,29.0,-3.7636016847182763,51,56,C
HON,Honeywell International Inc. Common Stock,Aerospace,101,222.67999267578125,-13.928293257125846,44,42,D-
HOOD,Robinhood Markets Inc. Class A Common Stock,Investment Bankers/Brokers/Service,77,113.44999694824219,-25.587044501997124,73,72,A-
HOPE,Hope Bancorp Inc. Common Stock,Major Banks,20,13.390000343322754,-4.08309235864357,69,57,C-
HOUR,Hour Loop Inc. Common Stock,Catalog/Specialty Distribution,59,2.0399999618530273,-64.21052578743803,55,,A
HOV,Hovnanian Enterprises Inc. Class A Common Stock,Homebuilding,59,128.75999450683594,-17.54611200865499,61,30,B-
HOVNP,Hovnanian Enterprises Inc Dep Shr Srs A Pfd,Homebuilding,59,20.530000686645508,-4.03357156358215,61,,C-
HOVR,New Horizon Aircraft Ltd. Class A Ordinary Share,Aerospace,101,1.7300000190734863,-55.75447618677114,36,38,E
HOWL,Werewolf Therapeutics Inc. Common Stock,Biotechnology: Pharmaceutical Preparations,77,0.3440999984741211,-84.28767171308425,5,20,E+
HP,Helmerich & Payne Inc. Common Stock,Oil & Gas Production,30,33.7400016784668,-18.757518251393424,81,20,E+
HPAI,Helport AI Limited Ordinary Shares,Computer Software: Prepackaged Software,118,0.5899999737739563,-88.06392893187123,3,,A+
HPE,Hewlett Packard Enterprise Company Common Stock,Retail: Computer Software & Peripheral Equipment,57,49.560001373291016,-11.478186784580767,96,63,A
HPK,HighPeak Energy Inc. Common Stock,Oil & Gas Production,30,7.489999771118164,-26.818706331629528,69,4,C
HPP,Hudson Pacific Properties Inc. Common Stock,Real Estate,90,15.539999961853027,-27.687295824273285,92,4,A-
HPQ,HP Inc. Common Stock,Computer Manufacturing,17,24.6299991607666,-15.031095421473495,66,55,B
HQ,Horizon Quantum Holdings Ltd. Class A Ordinary Shares,EDP Services,126,21.190000534057617,-44.80333193292174,97,,A+
HQH,abrdn Healthcare Investors Shares of Beneficial Interest,Finance Companies,48,21.040000915527344,-4.753278541455952,74,,C
HQI,HireQuest Inc. Common Stock (DE),Professional Services,104,12.630000114440918,-10.930889685306312,79,47,A-
HQL,abrdn Life Sciences Investors Shares of Beneficial Interest,Investment Managers,67,19.920000076293945,-4.36869827530082,83,,B-
HQY,HealthEquity Inc. Common Stock,Business Services,90,94.5,-10.375571119211314,57,92,B-
HR,Healthcare Realty Trust Incorporated Common Stock,Real Estate Investment Trusts,41,20.889999389648438,0.0,77,20,C
HRB,H&R Block Inc. Common Stock,Other Consumer Services,121,40.939998626708984,-24.57953177246244,52,71,B-
HRI,Herc Holdings Inc. Common Stock,Misc Corporate Leasing Services,15,147.24000549316406,-17.906075634802576,72,43,B
HRL,Hormel Foods Corporation Common Stock,Meat/Poultry/Fish,81,24.809999465942383,-12.69868595518121,60,67,C
HRMY,Harmony Biosciences Holdings Inc. Common Stock,Biotechnology: Pharmaceutical Preparations,77,34.810001373291016,-14.07059290153645,63,59,B
HROW,Harrow Inc. Common Stock,Biotechnology: Pharmaceutical Preparations,77,41.369998931884766,-24.50730016815993,55,20,B-
HRTG,Heritage Insurance Holdings Inc. Common Stock,Property-Casualty Insurers,41,27.5,-11.689144062277812,59,84,B
HRTX,Heron Therapeutics Inc. Common Stock,Biotechnology: Pharmaceutical Preparations,77,0.42989999055862427,-79.72169746390095,5,20,E
HRZN,Horizon Technology Finance Corporation Common Stock,Finance: Consumer Services,116,4.710000038146973,-33.04071936181159,35,63,C-
HSAI,Hesai Group American Depositary Share,Industrial Machinery/Components,77,15.609999656677246,-47.6174494754215,16,99,D-
HSBC,HSBC Holdings plc. Common Stock,Savings Institutions,11,99.25,0.0,83,,D+
HSCS,HeartSciences Inc. Common Stock,Industrial Specialties,90,2.619999885559082,-39.77011625290172,40,11,A+
HSDT,Solana Company Class A Common Stock (DE),Biotechnology: Electromedical & Electrotherapeutic Apparatus,81,1.75,-92.74761682194604,10,4,E
HSHP,Himalaya Shipping Ltd. Common Shares,Marine Transportation,9,15.6899995803833,0.0,93,99,C-
HSIC,Henry Schein Inc. Common Stock,Medical Specialities,24,86.91000366210938,0.0,70,47,C+
HSLV,Highlander Silver Corp. Common Shares,,,4.590000152587891,-30.87349028792563,19,63,E
HST,Host Hotels & Resorts Inc. Common Stock,Real Estate Investment Trusts,41,23.3799991607666,-3.3973977509717757,84,85,C-
HSTM,HealthStream Inc. Common Stock,Computer Software: Programming Data Processing,112,28.420000076293945,-2.57715457906037,76,90,B
HSY,The Hershey Company Common Stock,Specialty Foods,90,171.4600067138672,-26.875665236822353,37,72,E+
HTB,HomeTrust Bancshares Inc. Common Stock,Savings Institutions,11,48.529998779296875,-4.468504905227677,67,81,C
HTCO,High-Trend International Group Class A Ordinary Shares,Marine Transportation,9,3.0799999237060547,-91.94139239839252,6,,A-
HTCR,Heartcore Enterprises Inc. Common Stock,EDP Services,126,2.9000000953674316,-86.79565658039404,12,,A
HTFL,Heartflow Inc. Common Stock,Medical/Dental Instruments,126,25.489999771118164,-36.13129574398879,29,20,E
HTGC,Hercules Capital Inc. Common Stock,Investment Managers,67,16.040000915527344,-10.435813831381935,47,74,D+
HTH,Hilltop Holdings Inc.,Major Banks,20,38.279998779296875,-4.156234112391832,63,55,C-
HTHT,H World Group Limited American Depositary Shares,Hotels/Resorts,39,41.209999084472656,-24.563569446711963,43,96,E+
HTLD,Heartland Express Inc. Common Stock,Trucking Freight/Courier Services,7,15.039999961853027,-7.148549645664415,89,4,C+
HTLM,HomesToLife Ltd Ordinary Shares,Other Specialty Stores,112,2.0,-48.32041190846008,29,,A
HTO,H2O America Common Stock,Water Supply,65,62.939998626708984,0.0,72,45,C+
HTOO,Fusion Fuel Green PLC Class A Ordinary Shares,Industrial Machinery/Components,77,2.5999999046325684,-62.804005868849174,18,,D
HTT,High Templar Tech Limited American depositary shares each representing one Class A ordinary share,Finance: Consumer Services,116,2.680000066757202,-46.61354428406652,30,40,B
HTZ,Hertz Global Holdings Inc Common Stock,Rental/Leasing Companies,134,1.840000033378601,-76.73830507113615,4,20,E-
HUBB,Hubbell Inc Common Stock,Electrical Products,3,483.8900146484375,-12.997357784625807,50,65,D-
HUBC,Hub Cyber Security Ltd. Ordinary Shares,Computer Communications Equipment,17,1.2599999904632568,-99.99804195805679,1,,A+
HUBG,Hub Group Inc. Class A Common Stock,Integrated Freight & Logistics,141,47.279998779296875,-9.411044554558568,75,,C
HUBS,HubSpot Inc. Common Stock,Computer Software: Prepackaged Software,118,209.67999267578125,-62.61722525421158,18,99,B-
HUDI,Huadi International Group Co. Ltd. Ordinary Shares,Steel/Iron Ore,46,0.8525999784469604,-52.633333275936266,17,,E-
HUHU,HUHUTECH International Group Inc. Ordinary Shares,Metal Fabrications,37,4.900000095367432,-58.11965662181326,14,,E-
HUIZ,Huize Holding Limited American Depositary Shares,Specialty Insurers,109,1.22160005569458,-70.98337186162436,12,,B-
HUM,Humana Inc. Common Stock,Medical Specialities,24,406.7699890136719,-0.6472630372599597,94,32,B+
HUMA,Humacyte Inc. Common Stock,Biotechnology: Biological Products (No Diagnostic Substances),67,0.7071999907493591,-74.09523861507627,18,20,E
HUN,Huntsman Corporation Common Stock,Major Chemicals,59,11.90999984741211,-25.047202076261176,52,4,E-
HURA,TuHURA Biosciences Inc. Common Stock,Biotechnology: Pharmaceutical Preparations,77,2.380000114440918,-26.76922724797175,83,,E
HURC,Hurco Companies Inc. Common Stock,Industrial Machinery/Components,77,22.600000381469727,-3.087475655131733,81,20,A-
HURN,Huron Consulting Group Inc. Common Stock,Professional Services,104,109.73500061035156,-40.8691671906274,23,83,C-
HUT,Hut 8 Corp. Common Stock,Finance: Consumer Services,116,98.33000183105469,-26.078786142835884,97,20,C-
HUYA,HUYA Inc. American depositary shares each  representing one Class A ordinary share,Computer Software: Programming Data Processing,112,2.390000104904175,-48.03962913835884,27,9,E+
HVII,Hennessy Capital Investment Corp. VII Ordinary Shares,,,10.46500015258789,-3.990820928129879,48,34,D
HVMC,Highview Merger Corp. Class A Ordinary Share,,,10.170000076293945,-0.2941150346291277,48,,D+
HVT,Haverty Furniture Companies Inc. Common Stock,Other Specialty Stores,112,25.190000534057617,-5.023846489576245,67,50,B
HVT-A,Haverty Furniture Companies Inc.,,,28.600000381469727,-23.07105820565659,80,44,A+
HWBK,Hawthorn Bancshares Inc. Common Stock,Major Banks,20,38.5,-4.300272338855116,75,39,B+
HWC,Hancock Whitney Corporation Common Stock,Major Banks,20,76.0199966430664,0.0,71,38,C
HWH,HWH International Inc. Common Stock,Other Pharmaceuticals,138,1.190000057220459,-80.80645009952822,30,,A+
HWKN,Hawkins Inc. Common Stock,Specialty Chemicals,118,138.24000549316406,-24.792094239155695,33,57,E
HWM,Howmet Aerospace Inc. Common Stock,Metal Fabrications,37,276.7799987792969,-2.2773053549549838,80,98,D
HXHX,Haoxin Holdings Limited Class A Ordinary Shares,Trucking Freight/Courier Services,7,0.5685999989509583,-66.55294217634363,20,,A+
HXL,Hexcel Corporation Common Stock,Major Chemicals,59,101.87999725341797,0.0,85,68,C+
HY,Hyster-Yale Inc. Class A common stock,Construction/Ag Equipment/Trucks,32,32.349998474121094,-23.016524604259914,34,4,D-
HYFM,Hydrofarm Holdings Group Inc. Common Stock,Consumer Specialties,37,0.699999988079071,-84.94623712424335,8,4,E-
HYFT,MindWalk Holdings Corp. Common Stock,Biotechnology: Pharmaceutical Preparations,77,1.4800000190734863,-53.75000009313226,45,4,B+
HYLN,Hyliion Holdings Corp. Class A Common Stock,Construction/Ag Equipment/Trucks,32,4.090000152587891,-49.506173333713235,97,20,C+
HYMC,Hycroft Mining Holding Corporation Class A Common Stock,Precious Metals,111,21.860000610351562,-60.782203171701,96,,D-
HYNE,Hoyne Bancorp Inc. Common Stock,Banks,19,16.520000457763672,-1.4319795217220932,62,,C-
HYPD,Hyperion DeFi Inc. Common Stock,Biotechnology: Pharmaceutical Preparations,77,2.9600000381469727,-81.46524740980686,14,,C+
HYPR,Hyperfine Inc. Class A Common Stock,Biotechnology: Electromedical & Electrotherapeutic Apparatus,81,1.0399999618530273,-52.72727548583474,36,20,E-
HZO,MarineMax Inc.  (FL) Common Stock,Auto & Home Supply Stores,97,34.16999816894531,-9.45946833796356,78,20,B
IAG,Iamgold Corporation Ordinary Shares,Precious Metals,111,14.989999771118164,-38.99063916441206,64,,D-
IART,Integra LifeSciences Holdings Corporation Common Stock,Medical/Dental Instruments,126,18.399999618530273,-2.0755789142872683,90,57,B+
IAUX,i-80 Gold Corp. Common Shares,Precious Metals,111,1.3600000143051147,-34.6153815293452,74,40,E+
IBCP,Independent Bank Corporation Common Stock,Major Banks,20,35.88999938964844,-2.2070881647200835,59,82,C
IBEX,IBEX Limited Common Shares,EDP Services,126,33.849998474121094,-19.404765537806924,55,90,C+
IBG,Innovation Beverage Group Limited Ordinary Shares,Beverages (Production/Distribution),101,0.995199978351593,-97.1767376500664,7,,C
IBIO,iBio Inc. Common Stock,Biotechnology: Pharmaceutical Preparations,77,1.440000057220459,-53.09445965689624,55,11,E+
IBKR,Interactive Brokers Group Inc. Class A Common Stock,Investment Bankers/Brokers/Service,77,95.61000061035156,-1.249740847228431,84,95,C+
IBM,International Business Machines Corporation Common Stock,Computer Manufacturing,17,217.07000732421875,-34.06736929178884,27,70,E-
IBN,ICICI Bank Limited Common Stock,Commercial Banks,10,29.0,-15.054560147119144,41,60,C
IBO,Impact BioMedical Inc. Common Stock,Biotechnology: Pharmaceutical Preparations,77,0.47999998927116394,-38.46153757981291,23,,E
IBOC,International Bancshares Corporation Common Stock,Major Banks,20,75.22000122070312,-3.341041485886842,57,,C-
IBP,Installed Building Products Inc. Common Stock,Homebuilding,59,224.39999389648438,-34.150471164935226,32,45,D
IBRX,ImmunityBio Inc. Common Stock,Biotechnology: Biological Products (No Diagnostic Substances),67,7.880000114440918,-31.774891910719905,97,4,B
IBTA,Ibotta Inc. Class A Common Stock,Advertising,94,30.450000762939453,-24.083768886602964,46,37,D-
ICCC,ImmuCell Corporation Common Stock,Biotechnology: In Vitro & In Vivo Diagnostic Substances,95,11.720000267028809,0.0,93,43,A
ICCM,IceCure Medical Ltd. Ordinary Shares,Medical/Dental Instruments,126,3.5999999046325684,-89.91596686919468,3,,A+
ICE,Intercontinental Exchange Inc. Common Stock,Investment Bankers/Brokers/Service,77,137.61000061035156,-26.044564944368243,28,87,D-
ICFI,ICF International Inc. Common Stock,Professional Services,104,76.3499984741211,-23.648050086729356,39,48,B-
ICG,Intchains Group Limited American Depositary Shares,Semiconductors,2,0.8300999999046326,-73.30868077476075,9,29,A
ICHR,Ichor Holdings Ordinary Shares,Semiconductors,2,94.8499984741211,-15.52369121363909,99,35,B+
ICL,ICL Group Ltd. Ordinary Shares,Agricultural Chemicals,128,5.010000228881836,-27.50826290271301,29,58,D-
ICLR,ICON plc Ordinary Shares,Biotechnology: Commercial Physical & Biological Resarch,16,167.97000122070312,-17.223535020507853,71,37,A-
ICMB,Investcorp Credit Management BDC Inc. Common Stock,Finance: Consumer Services,116,0.8230999708175659,-73.36245975143203,5,,E-
ICON,Icon Energy Corp. Common stock,Marine Transportation,9,0.9508000016212463,-94.16687088267184,8,,E-
ICU,SeaStar Medical Holding Corporation Common Stock,Medical/Dental Instruments,126,4.800000190734863,-61.29031985160827,72,20,A-
ICUI,ICU Medical Inc. Common Stock,Medical/Dental Instruments,126,153.49000549316406,-3.7257651982063433,68,59,B-
IDA,IDACORP Inc. Common Stock,Electric Utilities: Central,52,151.58999633789062,-1.9152420934446024,67,59,C+
IDAI,T Stamp Inc. Class A Common Stock,Computer Software: Prepackaged Software,118,2.259999990463257,-51.502144539375294,20,,A
IDCC,InterDigital Inc. Common Stock,Multi-Sector Companies,95,265.4849853515625,-32.57985061475057,31,51,C-
IDN,Intellicheck Inc. Common Stock,Computer Software: Prepackaged Software,118,4.079999923706055,-54.6162399601642,15,94,D-
IDR,Idaho Strategic Resources Inc. Common Stock,Precious Metals,111,30.799999237060547,-41.51158502410409,41,,E
IDT,IDT Corporation Class B Common Stock,Telecommunications Equipment,73,62.380001068115234,-8.224309356420767,74,80,B+
IDXX,IDEXX Laboratories Inc. Common Stock,Biotechnology: In Vitro & In Vivo Diagnostic Substances,95,540.6799926757812,-29.477748494680277,34,86,D
IDYA,IDEAYA Biosciences Inc. Common Stock,Biotechnology: Pharmaceutical Preparations,77,36.650001525878906,-9.528503963433899,76,20,B
IE,Ivanhoe Electric Inc. Common Stock,Metal Mining,85,9.170000076293945,-53.96586324712507,17,4,E
IEP,Icahn Enterprises L.P. Common Stock,Auto Parts:O.E.M.,56,7.440000057220459,-5.218356698570126,53,20,D
IESC,IES Holdings Inc. Common Stock,Engineering & Construction,45,616.1500244140625,-19.61932292172197,88,91,E
IEX,IDEX Corporation Common Stock,Fluid Controls,52,222.74000549316406,-2.0174256409196234,72,60,C-
IFBD,Infobird Co. Ltd Ordinary Shares,Computer Software: Prepackaged Software,118,1.149999976158142,-14.49814485532601,64,,A+
IFF,International Flavors & Fragrances Inc. Common Stock,Major Chemicals,59,74.66999816894531,-10.926879949937051,59,63,D+
IFRX,InflaRx N.V. Common Stock,Biotechnology: Pharmaceutical Preparations,77,2.009999990463257,-26.642336369805662,95,4,A
IFS,Intercorp Financial Services Inc. Common Shares,Commercial Banks,10,59.970001220703125,-1.1700709968719192,86,,B-
IGC,IGC Pharma Inc. Common Stock,Biotechnology: Pharmaceutical Preparations,77,0.2669999897480011,-43.191491398891216,25,,E
IGI,Western Asset Investment Grade Opportunity Trust Inc. Common Stock,Investment Managers,67,16.084199905395508,-1.3134369090832876,46,,D
IGIC,International General Insurance Holdings Ltd. Ordinary Share,Property-Casualty Insurers,41,27.709999084472656,-2.874173089510945,69,50,C
IH,iHuman Inc. American depositary shares each representing five Class A ordinary shares,Other Consumer Services,121,1.399999976158142,-53.21650656615271,21,37,A-
IHG,Intercontinental Hotels Group American Depositary Shares (Each representing one Ordinary Share),Hotels/Resorts,39,158.74000549316406,-8.838223716817629,72,55,D
IHRT,iHeartMedia Inc. Class A Common Stock,Broadcasting,104,3.799999952316284,-39.968404453131804,76,20,E
IHS,IHS Holding Limited Ordinary Shares,Telecommunications Equipment,73,8.210000038146973,-5.956466567650576,64,65,D
IHT,InnSuites Hospitality Trust Shares of Beneficial Interest,Investment Bankers/Brokers/Service,77,1.7300000190734863,-47.422116047692164,74,11,A+
III,Information Services Group Inc. Common Stock,Professional Services,104,3.930000066757202,-34.12883428571154,28,68,C+
IIIN,Insteel Industries Inc. Common Stock,Steel/Iron Ore,46,29.670000076293945,-22.146879088626072,26,35,C-
IIIV,i3 Verticals Inc. Class A Common Stock,Computer Software: Prepackaged Software,118,20.8700008392334,-36.96768210657003,28,99,B-
IIM,Invesco Value Municipal Income Trust Common Stock,Investment Managers,67,12.850000381469727,-1.153843219463646,57,,D+
IIPR,Innovative Industrial Properties Inc. Common Stock,Real Estate,90,63.720001220703125,-1.1173202877479804,81,44,C-
IKT,Inhibikase Therapeutics Inc. Common Stock,Biotechnology: Biological Products (No Diagnostic Substances),67,2.059999942779541,-3.7383251496717174,71,9,A-
ILAG,Intelligent Living Application Group Inc. Ordinary Shares,Office Equipment/Supplies/Services,57,3.700000047683716,-57.61740845709251,30,,E-
ILLR,Triller Group Inc. Common Stock,Investment Managers,67,2.309999942779541,-84.39189247966596,98,,A+
ILMN,Illumina Inc. Common Stock,Medical Specialities,24,191.1999969482422,-1.610664772973991,92,72,B+
ILPT,Industrial Logistics Properties Trust Common Shares of Beneficial Interest,Real Estate Investment Trusts,41,8.930000305175781,-4.594010334121235,91,20,B+
IMA,ImageneBio Inc. Common Stock,Biotechnology: Biological Products (No Diagnostic Substances),67,6.019999980926514,-66.36871447363303,24,,A
IMAX,Imax Corporation Common Stock,Industrial Machinery/Components,77,38.4900016784668,-14.409604995191971,68,95,D-
IMCC,IM Cannabis Corp. Common Shares,Medicinal Chemicals and Botanical Products,134,0.14149999618530273,-95.86257330325448,3,,A
IMCR,Immunocore Holdings plc American Depositary Shares,Biotechnology: Biological Products (No Diagnostic Substances),67,33.470001220703125,-16.772345906483142,48,53,A-
IMDX,Insight Molecular Diagnostics Inc. Common Stock,Biotechnology: In Vitro & In Vivo Diagnostic Substances,95,4.460000038146973,-47.405657088387166,78,4,D-
IMKTA,Ingles Markets Incorporated Class A Common Stock,Food Chains,64,89.94999694824219,-5.37293290930938,69,65,D+
IMMP,Immutep Limited American Depositary Shares,Biotechnology: Pharmaceutical Preparations,77,0.4327999949455261,-86.3899375515777,17,,A
IMMR,Immersion Corporation Common Stock,Computer peripheral equipment,43,6.769999980926514,-10.606921004811188,57,42,C+
IMMX,Immix Biopharma Inc. Common Stock,Biotechnology: Pharmaceutical Preparations,77,10.680000305175781,-11.148087367354375,98,4,B
IMNM,Immunome Inc. Common Stock,Biotechnology: Pharmaceutical Preparations,77,22.59000015258789,-16.24026426503391,87,,B
IMNN,Imunon Inc. Common Stock,Biotechnology: Pharmaceutical Preparations,77,1.9700000286102295,-75.63978596637251,9,,E+
IMO,Imperial Oil Limited Common Stock,Integrated oil Companies,6,122.5199966430664,-10.987904309788732,76,38,D
IMOS,ChipMOS TECHNOLOGIES INC. American Depositary Shares,Semiconductors,2,64.47000122070312,-14.936006805754044,97,47,B
IMPP,Imperial Petroleum Inc. Common Shares,Marine Transportation,9,4.940000057220459,-22.204722339971383,75,71,C
IMRN,Immuron Limited American Depositary Shares,Biotechnology: Pharmaceutical Preparations,77,1.2400000095367432,-47.23404000603046,70,,A+
IMRX,Immuneering Corporation Class A Common Stock,Biotechnology: Pharmaceutical Preparations,77,5.210000038146973,-43.73650205863881,44,20,B
IMSR,Terrestrial Energy Inc. Common Stock,,,5.355000019073486,-80.23985260629334,13,,E+
IMTE,Integrated Media Technology Limited Ordinary Shares,Consumer Electronics/Appliances,122,0.5095000267028809,-64.618055107141,16,,A+
IMTX,Immatics N.V. Ordinary Shares,Biotechnology: Biological Products (No Diagnostic Substances),67,9.350000381469727,-21.22998760223377,50,,E
IMUX,Immunic Inc. Common Stock,Biotechnology: Pharmaceutical Preparations,77,14.6899995803833,-4.67229249940403,91,4,B
IMVT,Immunovant Inc. Common Stock,Biotechnology: Biological Products (No Diagnostic Substances),67,38.77000045776367,-5.646141850106812,94,4,A-
IMXI,International Money Express Inc. Common Stock,Business Services,90,13.859999656677246,-13.048933365505388,44,35,E
INAB,IN8bio Inc. Common Stock,Biotechnology: Biological Products (No Diagnostic Substances),67,1.3799999952316284,-46.718145136532385,22,,E
INBK,First Internet Bancorp Common Stock,Major Banks,20,26.469999313354492,-7.415183028746863,64,54,C
INBS,Intelligent Bio Solutions Inc. Common Stock,Medical/Dental Instruments,126,2.25,-90.0,8,11,B+
INBX,Inhibrx Biosciences Inc. Common Stock,Biotechnology: Biological Products (No Diagnostic Substances),67,93.20999908447266,-34.285108931878284,96,11,C
INCR,Intercure Ltd. Ordinary Shares,Biotechnology: Pharmaceutical Preparations,77,0.9900000095367432,-42.77456655364983,41,,A
INCY,Incyte Corp. Common Stock,Biotechnology: Commercial Physical & Biological Resarch,16,114.87999725341797,-3.071211181865474,81,92,B
INDB,Independent Bank Corp. Common Stock,Major Banks,20,84.19000244140625,-0.952938304227946,67,70,C-
INDI,indie Semiconductor Inc. Class A Common Stock,Semiconductors,2,4.170000076293945,-30.499998728434242,69,20,A-
INDO,Indonesia Energy Corporation Limited Ordinary Shares,Oil & Gas Production,30,2.940000057220459,-56.379819628202846,35,,C+
INDP,Indaptus Therapeutics Inc. Common Stock,Biotechnology: Pharmaceutical Preparations,77,2.630000114440918,-79.09379864553986,29,4,A+
INDV,Indivior Pharmaceuticals Inc. Common Stock,Biotechnology: Pharmaceutical Preparations,77,40.22999954223633,-3.825011280851809,91,96,B-
INEO,INNEOVA Holdings Limited Class A Ordinary Shares,Motor Vehicles,122,0.711899995803833,-43.04800033569336,53,,A
INFQ,Infleqtion Inc. Common Stock,EDP Services,126,10.449999809265137,-47.40815617565768,20,,B
INFU,InfuSystems Holdings Inc. Common Stock,Medical/Dental Instruments,126,9.1899995803833,-14.828548536852349,60,42,A
INFY,Infosys Limited American Depositary Shares,EDP Services,126,11.050000190734863,-44.16975802324844,19,79,E
ING,ING Group N.V. Common Stock,Commercial Banks,10,32.75,-0.6371331623355125,79,77,C
INGM,Ingram Micro Holding Corporation Common Stock,Retail: Computer Software & Peripheral Equipment,57,29.450000762939453,-6.921613997961962,78,46,D-
INGN,Inogen Inc Common Stock,Industrial Specialties,90,6.329999923706055,-29.27374236194765,35,20,D
INGR,Ingredion Incorporated Common Stock,Packaged Foods,124,98.19999694824219,-25.634654552454926,28,47,D-
INKT,MiNK Therapeutics Inc. Common Stock,Biotechnology: Biological Products (No Diagnostic Substances),67,11.40999984741211,-71.90347284923784,23,4,B+
INLF,INLIF LIMITED Class A Ordinary Shares,Industrial Machinery/Components,77,2.809999942779541,-99.93816021252687,1,,A+
INLX,Intellinetics Inc. Common Stock,Computer Software: Prepackaged Software,118,5.400000095367432,-61.42857074737549,15,,B
INM,InMed Pharmaceuticals Inc. Common Shares,Biotechnology: Pharmaceutical Preparations,77,1.559999942779541,-50.78864652257862,84,4,A+
INMB,INmune Bio Inc. Common stock,Biotechnology: Biological Products (No Diagnostic Substances),67,2.0199999809265137,-36.075951706960026,80,,A+
INMD,InMode Ltd. Ordinary Shares,Biotechnology: Electromedical & Electrotherapeutic Apparatus,81,14.920000076293945,-10.228644266529807,49,54,B+
INN,Summit Hotel Properties Inc. Common Stock,Real Estate Investment Trusts,41,6.539999961853027,-7.4964667176776745,83,20,B
INNV,InnovAge Holding Corp. Common Stock,Medical/Nursing Services,27,11.609999656677246,-4.128819274774365,96,87,A-
INO,Inovio Pharmaceuticals Inc. Common Stock,Medical/Dental Instruments,126,1.159999966621399,-59.581881084450686,28,,B+
INOD,Innodata Inc. Common Stock,EDP Services,126,67.13999938964844,-44.7407412430877,81,75,B+
INR,Infinity Natural Resources Inc. Class A Common Stock,Oil & Gas Production,30,12.90999984741211,-32.865313807954685,30,31,D-
INSE,Inspired Entertainment Inc. Common Stock,Computer Software: Prepackaged Software,118,7.010000228881836,-28.615066733896498,33,20,D
INSG,Inseego Corp. Common Stock,Telecommunications Equipment,73,8.010000228881836,-60.52242549308109,17,63,E-
INSM,Insmed Incorporated Common Stock,Biotechnology: Pharmaceutical Preparations,77,110.11000061035156,-47.916371646094255,23,20,E
INSP,Inspire Medical Systems Inc. Common Stock,Medical/Dental Instruments,126,49.150001525878906,-65.86568535952149,16,74,B-
INSW,International Seaways Inc. Common Stock,Marine Transportation,9,88.12000274658203,-2.0671266292059287,94,82,D+
INTA,Intapp Inc. Common Stock,Computer Software: Prepackaged Software,118,27.739999771118164,-41.808263401215264,36,20,B+
INTC,Intel Corporation Common Stock,Semiconductors,2,107.76000213623047,-23.541932546063272,98,49,B-
INTG,Intergroup Corporation (The) Common Stock,Building operators,83,39.84000015258789,-18.560912420723387,94,65,A-
INTJ,Intelligent Group Limited Class A Ordinary Shares,Professional Services,104,3.880000114440918,-88.24242389563358,5,,A+
INTR,Inter & Co. Inc. Class A Common Shares,Commercial Banks,10,5.699999809265137,-43.46570612923385,19,,E+
INTS,Intensity Therapeutics Inc. Common stock,Biotechnology: Biological Products (No Diagnostic Substances),67,4.869999885559082,-85.2424245892149,18,4,A-
INTT,inTest Corporation Common Stock,Electrical Products,3,14.8100004196167,-21.640207838436066,89,69,E
INTU,Intuit Inc. Common Stock,Computer Software: Prepackaged Software,118,282.42999267578125,-64.62641161191507,11,74,E+
INTZ,Intrusion Inc. Common Stock,Computer Communications Equipment,17,0.9283000230789185,-57.995474793870414,25,20,A+
INUV,Inuvo Inc.,Advertising,94,1.2400000095367432,-78.91156487409958,8,63,A-
INV,Innventure Inc. Common Stock,Blank Checks,71,4.545000076293945,-37.909836479383664,43,20,E
INVA,Innoviva Inc. Common Stock,Biotechnology: Pharmaceutical Preparations,77,21.739999771118164,-10.313531450518976,55,93,D
INVE,Identiv Inc. Common Stock,Computer peripheral equipment,43,2.9700000286102295,-43.85633175751722,26,20,D
INVH,Invitation Homes Inc. Common Stock,Real Estate,90,30.229999542236328,-3.1655120906664336,62,70,C
INVX,Innovex International Inc. Common Stock,Oil and Gas Field Machinery,32,25.719999313354492,-17.165861689762274,73,32,D-
INVZ,Innoviz Technologies Ltd. Ordinary shares,Auto Parts:O.E.M.,56,0.6284000277519226,-73.5966387590053,13,20,D-
IONQ,IonQ Inc. Common Stock,EDP Services,126,39.290000915527344,-52.13789417920574,42,52,D
IONR,ioneer Ltd American Depositary Shares,Mining & Quarrying of Nonmetallic Minerals (No Fuels),73,3.819999933242798,-49.60422200934399,36,,A-
IONS,Ionis Pharmaceuticals Inc. Common Stock,Biotechnology: Pharmaceutical Preparations,77,54.93000030517578,-36.49710947378523,29,20,E-
IOR,Income Opportunity Realty Investors Inc. Common Stock,Real Estate Investment Trusts,41,19.21500015258789,-1.3097029777073388,53,50,B+
IOSP,Innospec Inc. Common Stock,Major Chemicals,59,81.63999938964844,-6.580711555784246,52,44,D+
IOT,Samsara Inc. Class A Common Stock,EDP Services,126,36.900001525878906,-18.398937351233556,67,63,B
IOTR,iOThree Limited Ordinary Shares,Telecommunications Equipment,73,3.200000047683716,-39.96247479383279,48,,A+
IOVA,Iovance Biotherapeutics Inc. Common Stock,Biotechnology: Biological Products (No Diagnostic Substances),67,3.930000066757202,-27.356743482402678,90,20,D+
IP,International Paper Company Common Stock,Paper,124,36.5,-31.307997708987745,33,63,C
IPAR,Interparfums Inc. Common Stock,Package Goods/Cosmetics,83,117.80000305175781,-8.847865142643396,72,54,B
IPDN,Professional Diversity Network Inc. Common Stock,Computer Software: Programming Data Processing,112,0.4603999853134155,-94.89012237938032,5,20,E
IPGP,IPG Photonics Corporation Common Stock,Semiconductors,2,106.4800033569336,-30.81671052994226,66,59,C-
IPHA,Innate Pharma S.A. ADS,Biotechnology: Biological Products (No Diagnostic Substances),67,1.7899999618530273,-24.789921185633503,57,,A
IPI,Intrepid Potash Inc Common Stock,Mining & Quarrying of Nonmetallic Minerals (No Fuels),73,35.709999084472656,-26.883703986678864,55,64,D-
IPM,Intelligent Protection Management Corp. Common Stock,Computer Software: Programming Data Processing,112,1.8200000524520874,-25.409835665112578,44,4,D+
IPSC,Century Therapeutics Inc. Common Stock,Biotechnology: Biological Products (No Diagnostic Substances),67,2.130000114440918,-27.551017925670816,96,,D+
IPST,IP Strategy Holdings Inc. Common Stock,Beverages (Production/Distribution),101,2.569999933242798,-99.3575000166893,2,,B-
IPW,iPower Inc. Common Stock,RETAIL: Building Materials,114,1.25,-99.46305842628271,1,11,E-
IPWR,Ideal Power Inc. Common Stock,Semiconductors,2,4.409999847412109,-50.94549544283693,71,20,B+
IPX,IperionX Limited American Depositary Share,Other Metals and Minerals,132,25.489999771118164,-57.59441105923309,16,,E
IQ,iQIYI Inc. American Depositary Shares,Consumer Electronics/Video Chains,139,1.159999966621399,-58.422939695993236,19,20,C-
IQI,Invesco Quality Municipal Income Trust Common Stock,Finance Companies,48,10.279999732971191,0.0,58,,C-
IQMX,IQM Quantum Computers Oyj American Depositary Shares,Blank Checks,71,12.5600004196167,-9.705244015847859,74,,A-
IQST,iQSTEL Inc. Common Stock,Telecommunications Equipment,73,0.9501000046730042,-90.31811933611154,5,,A+
IQV,IQVIA Holdings Inc. Common Stock,Biotechnology: Commercial Physical & Biological Resarch,16,207.8300018310547,-14.92488127107734,62,79,B
IR,Ingersoll Rand Inc. Common Stock,Industrial Machinery/Components,77,79.01000213623047,-19.958066865009293,37,83,C-
IRD,Opus Genetics Inc. Common Stock,Biotechnology: Pharmaceutical Preparations,77,3.559999942779541,-38.086957516877554,92,,B
IRDM,Iridium Communications Inc Common Stock,Telecommunications Equipment,73,48.86000061035156,-12.311558614615903,95,49,B+
IREN,IREN Limited Ordinary Shares,EDP Services,126,38.59000015258789,-49.49614146959645,62,34,E
IRHO,Iron Horse Acquisitions II Corp. Common Stock,,,10.039999961853027,-0.2979119551176468,48,,D+
IRIX,IRIDEX Corporation Common Stock,Biotechnology: Electromedical & Electrotherapeutic Apparatus,81,1.0700000524520874,-31.410250532086103,46,20,C
IRM,Iron Mountain Incorporated (Delaware)Common Stock REIT,Real Estate Investment Trusts,41,122.66000366210938,-7.816018403205427,74,91,D+
IRMD,iRadimed Corporation Common Stock,Medical/Dental Instruments,126,91.66999816894531,-12.585401214832714,66,74,D-
IRON,Disc Medicine Inc. Common Stock,Biotechnology: Pharmaceutical Preparations,77,75.01000213623047,-20.295397248164726,61,4,B+
IRS,IRSA Inversiones Y Representaciones S.A. Global Depositary Shares (Each representing ten shares of Common Stock),Homebuilding,59,15.359999656677246,-16.567084280359733,52,34,C
IRT,Independence Realty Trust Inc. Common Stock,Real Estate Investment Trusts,41,16.549999237060547,-4.669226628954625,51,30,C-
IRTC,iRhythm Holdings Inc. Common Stock,Medical/Dental Instruments,126,112.55000305175781,-40.52839997265109,24,33,D
IRWD,Ironwood Pharmaceuticals Inc. Class A Common Stock,Biotechnology: Pharmaceutical Preparations,77,3.9800000190734863,-26.159552548031172,97,80,B+
ISBA,Isabella Bank Corporation Common stock,Major Banks,20,39.27000045776367,-29.660738484711025,40,77,B-
ISOU,IsoEnergy Ltd. Common Shares,,,10.279999732971191,-22.239035360612604,54,,B+
ISPC,iSpecimen Inc. Common Stock,Biotechnology: Commercial Physical & Biological Resarch,16,2.390000104904175,-96.9358973014049,4,,A-
ISPR,Ispire Technology Inc. Common Stock,Medicinal Chemicals and Botanical Products,134,1.75,-52.44565303657477,23,4,E-
ISRG,Intuitive Surgical Inc. Common Stock,Industrial Specialties,90,379.5,-35.98717793233863,23,75,E
ISSC,Innovative Solutions and Support Inc. Common Stock,EDP Services,126,18.3700008392334,-39.888739658828,56,89,D+
ISTR,Investar Holding Corporation Common Stock,Major Banks,20,29.18000030517578,-3.4094631264860675,67,54,C+
IT,Gartner Inc. Common Stock,Other Consumer Services,121,132.97000122070312,-64.37794640603765,15,67,D-
ITGR,Integer Holdings Corporation Common Stock,Biotechnology: Electromedical & Electrotherapeutic Apparatus,81,93.30999755859375,-21.89671331281118,43,81,C-
ITIC,Investors Title Company Common Stock,Specialty Insurers,109,278.7200012207031,-0.9734919056203828,73,87,B
ITOC,iTonic Holdings Ltd Class A Ordinary Shares,Biotechnology: Electromedical & Electrotherapeutic Apparatus,81,0.32690000534057617,-98.9441213985548,18,,A+
ITP,IT Tech Packaging Inc. Common Stock,Containers/Packaging,59,0.17389999330043793,-48.85294368491863,24,34,C
ITRG,Integra Resources Corp. Common Shares,Precious Metals,111,2.2100000381469727,-52.16450015388836,29,,E+
ITRI,Itron Inc. Common Stock,Electrical Products,3,83.45999908447266,-39.70524477062376,23,61,D
ITRN,Ituran Location and Control Ltd. Ordinary Shares,Electronic Components,5,55.20000076293945,-16.170339846630768,80,86,D-
ITT,ITT Inc. Common Stock,Fluid Controls,52,194.92999267578125,-11.893271596453447,52,46,D+
ITW,Illinois Tool Works Inc. Common Stock,Industrial Machinery/Components,77,272.2799987792969,-7.990244279729297,53,55,C-
IVA,Inventiva S.A. American Depository Shares,Biotechnology: Pharmaceutical Preparations,77,4.400000095367432,-38.46153794853453,40,,A-
IVDA,Iveda Solutions Inc. Common Stock,Computer Software: Prepackaged Software,118,0.28540000319480896,-88.44534413404877,12,4,A+
IVF,INVO Fertility Inc. Common Stock,Medical/Dental Instruments,126,1.1299999952316284,-99.1835259789991,4,20,A+
IVR,INVESCO MORTGAGE CAPITAL INC Common Stock,Real Estate Investment Trusts,41,8.100000381469727,-5.9864724469029245,61,40,C-
IVT,InvenTrust Properties Corp. Common Stock,Real Estate Investment Trusts,41,35.54999923706055,-1.2500021192762611,75,50,C+
IVVD,Invivyd Inc. Common Stock,Biotechnology: Biological Products (No Diagnostic Substances),67,0.8008000254631042,-72.19444466520237,11,4,C-
IVZ,Invesco Ltd Common Stock,Investment Managers,67,28.729999542236328,-1.6095931795304885,78,77,D-
IX,ORIX Corporation American Depositary Shares,Diversified Financial Services,23,40.209999084472656,-0.3716588791141784,87,,C+
IXHL,Incannex Healthcare Inc. Common Stock,Biotechnology: Pharmaceutical Preparations,77,3.1700000762939453,-93.51738245935162,11,11,C
IZEA,IZEA Worldwide Inc. Common Stock,Advertising,94,3.5999999046325684,-36.84210482286503,37,20,E+
IZM,ICZOOM Group Inc. Class A Ordinary Shares,Consumer Electronics/Video Chains,139,0.2766000032424927,-89.77449127379163,5,,A+
J,Jacobs Solutions Inc. Common Stock,Military/Government/Technical,103,129.25999450683594,-20.749689311065765,40,77,D
JACK,Jack In The Box Inc. Common Stock,Restaurants,97,15.199999809265137,-38.906751117443385,41,63,A-
JAGU,Jaguar Uranium Corp. Class A Common Shares,,,1.6799999475479126,-58.000001311302185,11,,A-
JAGX,Jaguar Health Inc. Common Stock,Biotechnology: Pharmaceutical Preparations,77,2.1700000762939453,-97.60617756230876,1,,D
JAKK,JAKKS Pacific Inc. Common Stock,Recreational Games/Products/Toys,97,22.799999237060547,-4.602512129819736,69,29,C+
JAN,Janus Living Inc. Class A-1 Common Stock,Real Estate Investment Trusts,41,29.559999465942383,-0.9715273427847948,77,35,B-
JANX,Janux Therapeutics Inc. Common Stock,Biotechnology: Pharmaceutical Preparations,77,15.779999732971191,-54.57685961266879,33,20,B-
JAZZ,Jazz Pharmaceuticals plc Common Stock (Ireland),Biotechnology: Pharmaceutical Preparations,77,238.0500030517578,-4.108760099996855,90,51,C
JBDI,JBDI Holdings Limited Ordinary Shares,,,1.409999966621399,-70.25316382475731,29,,A+
JBGS,JBG SMITH Properties Common Shares,Real Estate Investment Trusts,41,14.65999984741211,-37.54242729167508,33,20,C
JBHT,J.B. Hunt Transport Services Inc. Common Stock,Trucking Freight/Courier Services,7,280.8699951171875,-3.1716523510643913,90,80,C+
JBI,Janus International Group Inc. Common Stock,Building Products,63,5.360000133514404,-49.81273426633873,22,83,C
JBIO,Jade Biosciences Inc. Common Stock,Biotechnology: Pharmaceutical Preparations,77,21.34000015258789,-20.521415830908186,92,,D+
JBK,Lehman ABS 3.50 3.50% Adjustable Corp Backed Tr Certs GS Cap I,Finance: Consumer Services,116,25.8799991607666,-6.906475284122915,47,,C-
JBL,Jabil Inc. Common Stock,Electrical Products,3,326.82000732421875,-15.250368698998217,82,90,E+
JBLU,JetBlue Airways Corporation Common Stock,Air Freight/Delivery Services,22,5.329999923706055,-17.49226173015711,63,20,C+
JBS,JBS N.V. Class A Common Shares,Meat/Poultry/Fish,81,11.829999923706055,-30.630205116630627,30,44,E+
JBSS,John B. Sanfilippo & Son Inc. Common Stock,Specialty Foods,90,84.66000366210938,-6.556285774892601,74,61,C
JBTM,JBT Marel Corporation Common Stock,Industrial Machinery/Components,77,136.85000610351562,-18.691274866601624,45,65,C+
JCAP,Jefferson Capital Inc. Common Stock,Finance Companies,48,18.760000228881836,-17.57969987061655,45,51,B+
JCI,Johnson Controls International plc Ordinary Share,Industrial Machinery/Components,77,145.24000549316406,-2.0039140990236737,74,84,D
JCSE,JE Cleantech Holdings Limited Ordinary Shares,Miscellaneous manufacturing industries,115,1.3300000429153442,-26.869500308139404,76,,B-
JCTC,Jewett-Cameron Trading Company Common Shares,RETAIL: Building Materials,114,2.6500000953674316,-32.397958066551865,65,11,B+
JD,JD.com Inc. American Depositary Shares,Other Specialty Stores,112,28.84000015258789,-17.422821662603106,42,48,C+
JEF,Jefferies Financial Group Inc. Common Stock,Investment Bankers/Brokers/Service,77,53.959999084472656,-21.57170300741541,54,75,E
JELD,JELD-WEN Holding Inc. Common Stock,Forest Products,97,1.2300000190734863,-81.80473406171853,15,20,E-
JEM,707 Cayman Holdings Limited Ordinary Shares,Clothing/Shoe/Accessory Stores,88,6.050000190734863,-99.61336909036862,2,,E-
JF,J and Friends Holdings Limited American Depositary Shares,Computer Software: Programming Data Processing,112,0.9829999804496765,-19.426233000218286,49,,C
JFB,JFB Construction Holdings Class A Common Stock,General Bldg Contractors - Nonresidential Bldgs,132,4.550000190734863,-72.89246212631704,26,,A-
JFIN,Jiayin Group Inc. American Depositary Shares,Finance: Consumer Services,116,2.759999990463257,-84.44193897365935,7,33,E-
JFU,9F Inc. American Depositary Shares,Finance: Consumer Services,116,2.4000000953674316,-71.54712535892807,25,,D-
JG,Aurora Mobile Limited American Depositary Shares,Computer Software: Programming Data Processing,112,3.819999933242798,-68.7908496350092,9,99,E-
JHS,John Hancock Income Securities Trust Common Stock,Finance Companies,48,10.960000038146973,-4.794610425942569,44,,D
JHX,James Hardie Industries plc. Ordinary Shares,Building Materials,40,25.780000686645508,-13.081588606633588,64,,B+
JILL,J. Jill Inc. Common Stock,Apparel,43,15.84000015258789,-13.823281069718728,68,41,B+
JJSF,J & J Snack Foods Corp. Common Stock,Specialty Foods,90,75.66999816894531,-34.047078365749385,28,70,D+
JKHY,Jack Henry & Associates Inc. Common Stock,EDP Services,126,145.3699951171875,-23.907483265300844,35,59,C
JKS,JinkoSolar Holding Company Limited American Depositary Shares (each representing 4 Common Shares),Semiconductors,2,15.550000190734863,-44.89333062689638,17,11,E
JL,J-Long Group Limited Class A Ordinary Shares,Clothing/Shoe/Accessory Stores,88,6.099999904632568,-15.804002746897993,42,,B-
JLHL,Julong Holding Limited Class A Ordinary Shares,Military/Government/Technical,103,7.900000095367432,-82.36607091539368,93,,A+
JLL,Jones Lang LaSalle Incorporated Common Stock,Real Estate,90,314.3900146484375,-12.34316304066574,50,87,D+
JMIA,Jumia Technologies AG American Depositary Shares each representing two Ordinary Shares,Catalog/Specialty Distribution,59,6.849999904632568,-53.082193659894926,34,4,C
JMSB,John Marshall Bancorp Inc. Common Stock,Major Banks,20,21.799999237060547,-3.240130614011316,61,57,C-
JNJ,Johnson & Johnson Common Stock,Biotechnology: Pharmaceutical Preparations,77,253.85000610351562,-5.010471718366727,79,46,C
JOB,GEE Group Inc. Common Stock,Diversified Commercial Services,77,0.210999995470047,-21.851856634940436,44,20,B+
JOBY,Joby Aviation Inc. Common Stock,Aerospace,101,7.889999866485596,-61.304560555842016,18,4,E+
JOE,St. Joe Company (The) Common Stock,Homebuilding,59,60.540000915527344,-16.429070861892527,52,69,D
JOUT,Johnson Outdoors Inc. Class A Common Stock,Recreational Games/Products/Toys,97,44.779998779296875,-16.299067702248838,55,56,D-
JOYY,JOYY Inc. American Depositary Shares,EDP Services,126,69.70999908447266,-2.8567488722562318,76,48,B-
JPM,JP Morgan Chase & Co. Common Stock,Major Banks,20,342.8900146484375,0.0,62,71,C
JRSH,Jerash Holdings (US) Inc. Common Stock,Apparel,43,4.519999980926514,-7.755104225409681,88,77,A+
JRVR,James River Group Holdings Inc. Common Stock,Property-Casualty Insurers,41,4.550000190734863,-35.923923995713324,23,33,B+
JSPR,Jasper Therapeutics Inc. Common Stock,Biotechnology: Biological Products (No Diagnostic Substances),67,0.7228000164031982,-79.17002851747274,9,4,A
JTAI,Jet.AI Inc. Common Stock,Transportation Services,116,4.869999885559082,-99.38819096915087,4,4,E-
JUNS,Jupiter Neurosciences Inc. Common Stock,Biotechnology: Pharmaceutical Preparations,77,0.17800000309944153,-94.00673396010927,3,,E-
JVA,Coffee Holding Co. Inc. Common Stock,Packaged Foods,124,3.5399999618530273,-33.19117703435743,27,78,E-
JWEL,Jowell Global Ltd. Ordinary Shares,Other Consumer Services,121,1.9299999475479126,-27.169815921070317,32,,E
JXG,JX Luxventure Group Inc. Common Stock,Apparel,43,11.149999618530273,-42.37726408931793,95,,A
JXN,Jackson Financial Inc. Class A Common Stock,Life Insurance,24,121.91999816894531,0.0,74,20,B
JYD,Jayud Global Logistics Limited Class A Ordinary Shares,Integrated Freight & Logistics,141,0.710099995136261,-93.93076917339829,2,,E-
JYNT,The Joint Corp. Common Stock,Multi-Sector Companies,95,8.949999809265137,-23.504273887443116,41,43,E-
JZ,Jianzhi Education Technology Group Company Limited American Depositary Shs,Other Consumer Services,121,3.5899999141693115,-96.13978503852762,1,,C
JZXN,Jiuzi Holdings Inc. Ordinary Shares,Retail-Auto Dealers and Gas Stations,104,1.2300000190734863,-98.1018519118108,18,,A+
KAI,Kadant Inc Common Stock,Industrial Machinery/Components,77,300.07000732421875,-16.041556837613193,39,82,D+
KALA,KALA BIO Inc. Common Stock,Biotechnology: Pharmaceutical Preparations,77,0.9632999897003174,-99.90185430568515,1,20,E-
KALU,Kaiser Aluminum Corporation Common Stock,Metal Fabrications,37,161.16000366210938,-17.61999711718637,89,96,C-
KAPA,Kairos Pharma Ltd. Common Stock,Biotechnology: Pharmaceutical Preparations,77,0.3400000035762787,-82.7411168203821,8,,E-
KARO,Karooooo Ltd. Ordinary Shares,Computer Software: Prepackaged Software,118,57.900001525878906,-4.139072743117156,68,52,B
KAZR,Skyline Builders Group Holding Limited Class A Ordinary Shares,Engineering & Construction,45,2.799999952316284,-41.787942086788135,55,,B
KB,KB Financial Group Inc,Commercial Banks,10,120.72000122070312,-2.0527373462854936,80,,C
KBDC,Kayne Anderson BDC Inc. Common Stock,,,13.779999732971191,-7.156481357791877,47,47,D
KBH,KB Home Common Stock,Homebuilding,59,55.4900016784668,-17.27451795977526,47,36,B
KBON,Karbon Capital Partners Corp. Class A Ordinary Shares,Blank Checks,71,10.100000381469727,-0.4926033393071849,46,,D-
KBR,KBR Inc. Common Stock,Military/Government/Technical,103,35.5099983215332,-30.067748858412845,30,56,C-
KBSX,FST Corp. Ordinary Shares,Recreational Games/Products/Toys,97,0.839900016784668,-53.338886720309965,13,,A-
KC,Kingsoft Cloud Holdings Limited American Depositary Shares,Computer Software: Prepackaged Software,118,9.729999542236328,-46.5678197066307,20,20,C-
KD,Kyndryl Holdings Inc. Common Stock,EDP Services,126,11.609999656677246,-70.65959124029045,12,51,D-
KDK,Kodiak AI Inc. Common Stock,EDP Services,126,4.53000020980835,-58.516481884991414,11,,E-
KDP,Keurig Dr Pepper Inc. Common Stock,Beverages (Production/Distribution),101,30.260000228881836,-11.140214585928465,62,45,C-
KE,Kimball Electronics Inc. Common Stock,Electrical Products,3,25.149999618530273,-24.08693387355494,44,66,D-
KEEL,Keel Infrastructure Corp. Common Stock,Finance: Consumer Services,116,4.489999771118164,-32.58258447464,97,,B-
KELYA,Kelly Services Inc. Class A Common Stock,Professional Services,104,14.069999694824219,-1.6771538627174176,85,20,A-
KELYB,Kelly Services Inc. Class B Common Stock,Professional Services,104,23.850000381469727,-36.58578282213567,95,20,A-
KEN,Kenon Holdings Ltd. Ordinary Shares,Electric Utilities: Central,52,66.66999816894531,-30.217712444976563,63,,E
KEP,Korea Electric Power Corporation Common Stock,Electric Utilities: Central,52,11.539999961853027,-50.38693100473893,25,75,E
KEQU,Kewaunee Scientific Corporation Common Stock,Medical Specialities,24,36.310001373291016,-38.44719386311646,34,54,E
KEX,Kirby Corporation Common Stock,Marine Transportation,9,145.0399932861328,-4.947901718956283,76,92,C
KEY,KeyCorp Common Stock,Major Banks,20,23.299999237060547,-0.5548487683396108,70,62,C-
KEYS,Keysight Technologies Inc. Common Stock,Industrial Machinery/Components,77,325.7300109863281,-12.752447050562775,88,87,E
KFFB,Kentucky First Federal Bancorp Common Stock,Savings Institutions,11,4.900000095367432,-6.666664850144155,75,80,A
KFRC,Kforce Inc. Common Stock,Professional Services,104,55.66999816894531,-0.6425140428248266,94,47,A-
KFY,Korn Ferry Common Stock,Diversified Commercial Services,77,73.55999755859375,-2.427380084719777,61,62,C
KG,Kestrel Group Ltd.,Property-Casualty Insurers,41,9.970000267028809,-66.43097639421723,20,40,E-
KGC,Kinross Gold Corporation Common Stock,Precious Metals,111,23.90999984741211,-37.029925604676116,39,,E
KGEI,Kolibri Global Energy Inc. Common stock,Oil & Gas Production,30,5.309999942779541,-18.307693188007057,58,42,D
KGS,Kodiak Gas Services Inc. Common Stock,Natural Gas Distribution,20,69.08999633789062,-9.413925031067249,93,83,C+
KHC,The Kraft Heinz Company Common Stock,Packaged Foods,124,25.079999923706055,-7.5239090890230065,58,37,C
KIDS,OrthoPediatrics Corp. Common Stock,Medical/Dental Instruments,126,19.25,-18.707771317923118,54,4,C+
KIDZ,KIDZ AI Inc. Class B Common Stock,Other Consumer Services,121,0.6274999976158142,-99.96393678174623,1,,A+
KIM,Kimco Realty Corporation (HC) Common Stock,Real Estate Investment Trusts,41,25.25,-2.54727846892685,70,57,C-
KINS,Kingstone Companies Inc. Common Stock,Property-Casualty Insurers,41,19.920000076293945,-3.488368869407976,80,54,A-
KITT,Nauticus Robotics Inc. Common stock,Industrial Machinery/Components,77,0.8701000213623047,-98.94915460230308,2,,E-
KKR,KKR & Co. Inc. Common Stock,Investment Managers,67,97.20999908447266,-35.68884334587572,28,99,D
KLAC,KLA Corporation Common Stock,Electronic Components,5,230.3699951171875,-23.645221689157246,94,85,D
KLAR,Klarna Group plc Ordinary Shares,Finance: Consumer Services,116,19.6299991607666,-56.838172035299536,31,,B+
KLC,KinderCare Learning Companies Inc. Common Stock,Other Consumer Services,121,5.039999961853027,-52.09125720015012,68,20,B+
KLIC,Kulicke and Soffa Industries Inc. Common Stock,Semiconductors,2,110.08999633789062,-17.726628543070134,96,59,D-
KLRS,Kalaris Therapeutics Inc. Common Stock,Biotechnology: Biological Products (No Diagnostic Substances),67,4.550000190734863,-58.561016571698765,39,,D
KLTR,Kaltura Inc. Common Stock,Computer Software: Prepackaged Software,118,1.2699999809265137,-35.53299682830679,38,20,C+
KLXE,KLX Energy Services Holdings Inc. Common Stock,Oilfield Services/Equipment,11,2.490000009536743,-41.686182185966715,69,20,C
KMB,Kimberly-Clark Corporation Common Stock,Containers/Packaging,59,106.81999969482422,-18.074152222530394,50,59,C
KMDA,Kamada Ltd. Ordinary Shares,Biotechnology: Pharmaceutical Preparations,77,7.269999980926514,-19.545619379093747,38,70,E+
KMI,Kinder Morgan Inc. Common Stock,Natural Gas Distribution,20,32.540000915527344,-5.158846945257034,65,83,D
KMPR,Kemper Corporation,Property-Casualty Insurers,41,28.639999389648438,-52.26991773720445,20,40,B+
KMRK,K-Tech Solutions Company Limited Class A Ordinary Shares,Recreational Games/Products/Toys,97,1.0399999618530273,-78.98989895097748,12,,A
KMT,Kennametal Inc. Common Stock,Industrial Machinery/Components,77,34.31999969482422,-20.253835965868483,71,93,D-
KMTS,Kestra Medical Technologies Ltd. Common Stock,Medical/Dental Instruments,126,24.18000030517578,-13.673687584467931,76,20,A-
KMX,CarMax Inc,Retail-Auto Dealers and Gas Stations,104,55.72999954223633,-14.52453657861893,63,42,C+
KN,Knowles Corporation Common Stock,Consumer Electronics/Appliances,122,36.779998779296875,-14.065421881014773,90,86,C-
KNDI,Kandi Technologies Group Inc. Ordinary Shares,Auto Manufacturing,140,0.675000011920929,-59.090907777308075,18,32,A+
KNF,Knife Riv Holding Co. Common Stock,Mining & Quarrying of Nonmetallic Minerals (No Fuels),73,80.05999755859375,-15.343134379881572,47,33,C-
KNRX,KNOREX LTD. Class A Ordinary Shares,Computer Software: Programming Data Processing,112,0.41999998688697815,-87.27272748618743,3,,A
KNSA,Kiniksa Pharmaceuticals International plc Class A Ordinary Shares,Biotechnology: Pharmaceutical Preparations,77,61.97999954223633,-7.8912190534176645,91,94,A-
KNSL,Kinsale Capital Group Inc. Common Stock,Property-Casualty Insurers,41,337.1400146484375,-31.021539449029177,27,94,B
KNTK,Kinetik Holdings Inc. Class A Common Stock,Natural Gas Distribution,20,50.54999923706055,-1.404332385946172,78,34,B
KNX,Knight-Swift Transportation Holdings Inc.,Trucking Freight/Courier Services,7,75.22000122070312,-8.768946022008562,86,37,C+
KO,Coca-Cola Company (The) Common Stock,Beverages (Production/Distribution),101,83.08000183105469,-1.3887218622496311,69,68,C
KOD,Kodiak Sciences Inc Common Stock,Biotechnology: Biological Products (No Diagnostic Substances),67,43.2599983215332,-6.847546079268985,99,20,B+
KODK,Eastman Kodak Company Common New,Industrial Machinery/Components,77,8.050000190734863,-44.52101954683974,40,20,E
KOP,Koppers Holdings Inc. Common Stock,Forest Products,97,48.529998779296875,0.0,89,88,B-
KOPN,Kopin Corporation Common Stock,Semiconductors,2,3.759999990463257,-41.158058387703846,88,,C+
KORE,KORE Group Holdings Inc. Common Stock,Telecommunications Equipment,73,9.260000228881836,-5.413684729686907,96,,A
KOS,Kosmos Energy Ltd. Common Shares (DE),Oil & Gas Production,30,2.5,-23.547400165682685,87,4,B
KOSS,Koss Corporation Common Stock,Consumer Electronics/Appliances,122,3.7899999618530273,-41.781876672775454,31,20,D-
KPLT,Katapult Holdings Inc. Common Stock,Diversified Commercial Services,77,7.110000133514404,-69.24740538309533,27,32,B
KPRX,Kiora Pharmaceuticals Inc.  Common Stock,Biotechnology: Pharmaceutical Preparations,77,2.4800000190734863,-22.012579653733756,43,4,C-
KPTI,Karyopharm Therapeutics Inc. Common Stock,Biotechnology: Pharmaceutical Preparations,77,10.010000228881836,-6.185565536015913,89,20,A
KR,Kroger Company (The) Common Stock,Food Chains,64,58.7400016784668,-21.8922705180704,33,70,E
KRC,Kilroy Realty Corporation Common Stock,Real Estate Investment Trusts,41,39.439998626708984,-5.719258944418093,71,42,B-
KREF,KKR Real Estate Finance Trust Inc. Common Stock,Real Estate Investment Trusts,41,7.480000019073486,-15.186110258348084,51,,C-
KRG,Kite Realty Group Trust Common Stock,Real Estate Investment Trusts,41,28.690000534057617,-0.8440941917040701,77,59,D
KRKR,36Kr Holdings Inc. American Depositary Shares,Business Services,90,2.7699999809265137,-72.57425865043948,13,32,E
KRMD,KORU Medical Systems Inc. Common Stock (DE),Medical/Dental Instruments,126,4.150000095367432,-36.349691602641656,41,,B
KRMN,Karman Holdings Inc. Common Stock,Military/Government/Technical,103,45.83000183105469,-60.2480688115926,13,99,E
KRNT,Kornit Digital Ltd. Ordinary Shares,Industrial Machinery/Components,77,15.6899995803833,-28.323435277010812,43,20,D
KRNY,Kearny Financial Corp Common Stock,Savings Institutions,11,9.380000114440918,-1.6771472542126853,82,61,B
KRO,Kronos Worldwide Inc Common Stock,Major Chemicals,59,6.409999847412109,-18.075443818265292,58,20,B-
KROS,Keros Therapeutics Inc. Common Stock,Biotechnology: Pharmaceutical Preparations,77,10.569999694824219,-51.60256583802383,22,40,B-
KRRO,Korro Bio Inc. Common Stock,Biotechnology: Pharmaceutical Preparations,77,13.270000457763672,-74.16277200142962,38,,A-
KRT,Karat Packaging Inc. Common Stock,Plastic Products,29,35.45000076293945,0.0,84,55,B+
KRUS,Kura Sushi USA Inc. Class A Common Stock,Restaurants,97,51.0,-46.780758608445595,27,29,D
KRYS,Krystal Biotech Inc. Common Stock,Biotechnology: Biological Products (No Diagnostic Substances),67,339.42999267578125,-10.239323508042265,91,77,B-
KSCP,Knightscope Inc. Class A Common Stock,Telecommunications Equipment,73,1.6200000047683716,-83.94449970000375,5,,E-
KSPI,Joint Stock Company Kaspi.kz American Depository Shares,,,89.19000244140625,-4.63790043875184,68,61,C
KSS,Kohl's Corporation Common Stock,Department/Specialty Retail Stores,52,16.43000030517578,-31.956795116464242,75,40,B-
KT,KT Corporation Common Stock,Telecommunications Equipment,73,17.34000015258789,-29.339855315098028,28,45,D-
KTB,Kontoor Brands Inc. Common Stock,Garments and Clothing,67,83.8499984741211,-4.899625478665126,73,80,B+
KTCC,Key Tronic Corporation Common Stock,Electrical Products,3,4.070000171661377,-4.460095000284314,86,20,A
KTF,DWS Municipal Income Trust,Finance Companies,48,9.220000267028809,-0.6465459878108537,55,,D
KTN,Structured Products Corp 8.205% CorTS 8.205% Corporate Backed Trust Securities (CorTS),Finance: Consumer Services,116,25.302400588989258,-1.1624991720542432,50,,D+
KTOS,Kratos Defense & Security Solutions Inc. Common Stock,Military/Government/Technical,103,50.36000061035156,-61.47490809357821,16,90,C+
KTTA,Pasithea Therapeutics Corp. Common Stock,Biotechnology: Pharmaceutical Preparations,77,0.48190000653266907,-67.21768726846435,14,,E-
KULR,KULR Technology Group Inc. Common Stock,Electrical Products,3,2.930000066757202,-58.022921794402436,33,33,C+
KURA,Kura Oncology Inc. Common Stock,Biotechnology: Pharmaceutical Preparations,77,11.239999771118164,-7.413513564681306,82,20,A-
KUST,Kustom Entertainment Inc. Common Stock,Radio And Television Broadcasting And Communications Equipment,27,1.0099999904632568,-96.98056810933686,2,,A+
KVHI,KVH Industries Inc. Common Stock,Radio And Television Broadcasting And Communications Equipment,27,9.079999923706055,-22.326772885920565,80,63,C-
KVUE,Kenvue Inc. Common Stock,Specialty Chemicals,118,18.760000228881836,-14.043499972296459,58,74,D+
KVYO,Klaviyo Inc. Series A Common Stock,Computer Software: Prepackaged Software,118,17.510000228881836,-51.252780842232525,22,63,B-
KWM,K Wave Media Ltd. Ordinary Shares,Movies/Entertainment,67,0.11699999868869781,-97.48387104754559,2,,E-
KWR,Quaker Houghton Common Stock,Major Chemicals,59,149.9600067138672,-16.625819921803988,65,47,C
KWY,Kingsway Corporation Common Stock,Property-Casualty Insurers,41,9.760000228881836,-39.49162593497631,21,,B-
KXIN,Kaixin Holdings Ordinary Shares,Retail-Auto Dealers and Gas Stations,104,5.199999809265137,-99.35802471490554,5,,A
KYIV,Kyivstar Group Ltd. Common Shares,Telecommunications Equipment,73,15.109999656677246,-6.555351976594692,79,70,B
KYMR,Kymera Therapeutics Inc. Common Stock,Biotechnology: Biological Products (No Diagnostic Substances),67,112.08000183105469,-6.091325292008931,93,4,A-
KYNB,Kyntra Bio Inc. Common Stock,Biotechnology: Pharmaceutical Preparations,77,7.320000171661377,-41.110217281222674,35,40,A
KYTX,Kyverna Therapeutics Inc. Common Stock,Biotechnology: Biological Products (No Diagnostic Substances),67,7.940000057220459,-29.42222171359592,65,4,D
KZIA,Kazia Therapeutics Limited American Depositary Shares,Biotechnology: Pharmaceutical Preparations,77,13.470000267028809,-14.312976856108328,92,,B-
L,Loews Corporation Common Stock,Property-Casualty Insurers,41,114.47000122070312,-2.120560745834499,61,57,D+
LAB,Standard BioTools Inc. Common Stock,Biotechnology: Laboratory Analytical Instruments,52,0.8378999829292297,-50.124999458945915,21,63,C-
LAC,Lithium Americas Corp. Common Shares,Metal Mining,85,3.1500000953674316,-68.6567160638322,19,,E-
LAD,Lithia Motors Inc. Common Stock,Retail-Auto Dealers and Gas Stations,104,319.25,-10.128312107774029,52,37,C
LADR,Ladder Capital Corp Class A Common Stock,Real Estate Investment Trusts,41,9.829999923706055,-9.149024217079804,42,70,D+
LAES,SEALSQ Corp Ordinary Shares,Semiconductors,2,2.7200000286102295,-64.44444451370184,32,,C+
LAKE,Lakeland Industries Inc. Common Stock,Industrial Specialties,90,10.739999771118164,-37.872571563431045,44,35,A-
LAMR,Lamar Advertising Company Class A Common Stock,Real Estate Investment Trusts,41,157.22999572753906,-3.0939933882656034,78,46,C+
LAND,Gladstone Land Corporation Common Stock,Real Estate Investment Trusts,41,8.65999984741211,-29.34532050666572,34,33,D-
LANV,Lanvin Group Holdings Limited Ordinary Shares,Apparel,43,1.4700000286102295,-41.43426158583691,25,,B+
LAR,Lithium Argentina AG Common Shares,Metal Mining,85,7.230000019073486,-38.676844423524905,87,,D-
LARK,Landmark Bancorp Inc. Common Stock,Major Banks,20,30.209999084472656,-5.593752861022949,71,65,A
LASE,Laser Photonics Corporation Common Stock,Industrial Machinery/Components,77,1.2300000190734863,-81.10599115470765,21,,A+
LASR,nLIGHT Inc. Common Stock,Semiconductors,2,71.4800033569336,-15.856379135028698,96,63,B-
LAUR,Laureate Education Inc. Common Stock,Other Consumer Services,121,39.83000183105469,-1.557086672450625,81,36,B-
LAW,CS Disco Inc. Common Stock,Computer Software: Prepackaged Software,118,4.090000152587891,-54.09651826452251,32,4,B-
LAZ,Lazard Inc. Common Stock,Investment Managers,67,43.38999938964844,-23.07724873077841,33,69,D+
LB,LandBridge Company LLC Class A Shares Representing Limited Liability Company Interests,Oil & Gas Production,30,78.73999786376953,-7.512955039431035,83,92,B-
LBGJ,Li Bang International Corporation Class A Ordinary Shares,Industrial Machinery/Components,77,1.3200000524520874,-99.17499996721745,9,,A
LBRDA,Liberty Broadband Corporation Class A Common Stock,Cable & Other Pay Television Services,104,29.950000762939453,-66.91173068067943,10,78,D-
LBRDK,Liberty Broadband Corporation Class C Common Stock,Cable & Other Pay Television Services,104,30.030000686645508,-66.98185630095736,10,9,E+
LBRT,Liberty Energy Inc. Class A common stock,Oilfield Services/Equipment,11,25.270000457763672,-25.306702516796854,87,64,E+
LBRX,LB Pharmaceuticals Inc Common Stock,Biotechnology: Pharmaceutical Preparations,77,32.02000045776367,-6.620006990830262,91,,B+
LBTYA,Liberty Global Ltd. Class A Common Shares,Cable & Other Pay Television Services,104,10.729999542236328,-17.651575117955897,41,,D-
LBTYB,Liberty Global Ltd. Class B Common Shares,Cable & Other Pay Television Services,104,12.199999809265137,-32.25985755568986,52,,B-
LBTYK,Liberty Global Ltd. Class C Common Shares,Cable & Other Pay Television Services,104,10.369999885559082,-18.153118996725592,38,,E+
LCCC,Lakeshore Acquisition III Corp. Ordinary Shares,Blank Checks,71,10.4399995803833,0.0,49,,D+
LCCCU,Lakeshore Acquisition III Corp. Unit,Blank Checks,71,10.5,-5.490546134361296,46,,B+
LCFY,Locafy Limited Ordinary Share,Computer Software: Programming Data Processing,112,3.009999990463257,-58.87978251535895,18,,E
LCID,Lucid Group Inc. Common Stock,Auto Manufacturing,140,4.619999885559082,-85.23961661925921,5,20,E-
LCII,LCI Industries,Auto Parts:O.E.M.,56,103.55000305175781,-32.79407191736732,40,59,B
LCNB,LCNB Corporation Common Stock,Major Banks,20,17.59000015258789,-5.02159979583543,63,44,A-
LCTX,Lineage Cell Therapeutics Inc. Common Stock,Biotechnology: Biological Products (No Diagnostic Substances),67,1.2200000286102295,-37.75510179256708,29,,A-
LCUT,Lifetime Brands Inc. Common Stock,Industrial Machinery/Components,77,8.260000228881836,-11.846314516907974,92,20,E-
LDI,loanDepot Inc. Class A Common Stock,Finance: Consumer Services,116,1.1200000047683716,-75.43859607845351,14,20,E+
LDOS,Leidos Holdings Inc. Common Stock,EDP Services,126,106.55999755859375,-46.156325250671095,14,56,E
LE,Lands' End Inc. Common Stock,Clothing/Shoe/Accessory Stores,88,11.09000015258789,-42.0887708955525,34,99,D+
LEA,Lear Corporation Common Stock,Auto Parts:O.E.M.,56,135.91000366210938,-7.2856217631412035,72,87,D
LECO,Lincoln Electric Holdings Inc. Common Shares,Industrial Machinery/Components,77,252.5800018310547,-14.96264190374228,51,61,D
LEDS,SemiLEDS Corporation Common Stock,Semiconductors,2,2.240000009536743,-32.12121085139782,80,20,A+
LEE,Lee Enterprises Incorporated Common Stock,Newspapers/Magazines,30,7.820000171661377,-33.503401195044724,77,20,B
LEG,Leggett & Platt Incorporated Common Stock,Home Furnishings,51,10.819999694824219,-15.246079822149316,50,38,C
LEGH,Legacy Housing Corporation Common Stock (TX),Homebuilding,59,26.049999237060547,-7.6241186798280065,70,,B
LEGN,Legend Biotech Corporation American Depositary Shares,Biotechnology: Pharmaceutical Preparations,77,25.670000076293945,-42.08032433878437,58,4,E+
LEGO,Legato Merger Corp. IV Ordinary Shares,Military/Government/Technical,103,9.960000038146973,0.0,46,,D
LEN,Lennar Corporation Class A Common Stock,Homebuilding,59,83.70999908447266,-40.03120531186619,26,37,D-
LENZ,LENZ Therapeutics Inc. Common Stock,Biotechnology: Biological Products (No Diagnostic Substances),67,4.929999828338623,-89.94903179404399,5,20,E-
LESL,Leslie's Inc. Common Stock,Other Specialty Stores,112,3.299999952316284,-74.37888258544066,90,20,E
LEU,Centrus Energy Corp. Class A Common Stock,Mining & Quarrying of Nonmetallic Minerals (No Fuels),73,159.3800048828125,-63.44495300852924,17,41,E
LEVI,Levi Strauss & Co Class A Common Stock,Apparel,43,23.790000915527344,-4.188477693815007,56,66,D
LEXX,Lexaria Bioscience Corp. Common Stock,Biotechnology: Pharmaceutical Preparations,77,0.5871999859809875,-61.6209152312855,16,11,E+
LFCR,Lifecore Biomedical Inc. Common Stock,Biotechnology: Pharmaceutical Preparations,77,4.610000133514404,-47.73242298160555,21,4,E
LFMD,LifeMD Inc. Common Stock,Medical/Nursing Services,27,4.510000228881836,-63.48178065120742,36,40,B-
LFS,LEIFRAS Co. Ltd. American Depositary Shares,Other Consumer Services,121,2.200000047683716,-80.65083491796766,31,,A+
LFST,LifeStance Health Group Inc. Common Stock,Medical/Nursing Services,27,10.789999961853027,-5.599302941688866,95,90,B+
LFT,Lument Finance Trust Inc. Common Stock,Real Estate Investment Trusts,41,0.9341999888420105,-56.260587219150906,16,,E-
LFUS,Littelfuse Inc. Common Stock,Electrical Products,3,416.30999755859375,-14.882438690772826,86,87,E+
LFVN,Lifevantage Corporation Common Stock (Delaware),Biotechnology: Pharmaceutical Preparations,77,6.199999809265137,-56.12810068690344,50,38,D
LFWD,Lifeward Ltd. Ordinary Shares,Industrial Specialties,90,8.0,-19.484701042390228,53,20,A
LGCL,Lucas GC Limited Ordinary Shares,Computer Software: Programming Data Processing,112,1.340000033378601,-96.83962267652106,9,,A+
LGCY,Legacy Education Inc. Common Stock,Other Consumer Services,121,12.300000190734863,-14.166083348074354,55,66,B-
LGHL,Lion Group Holding Ltd. American Depositary Share,Investment Bankers/Brokers/Service,77,2.4200000762939453,-99.47235304399923,2,,A+
LGIH,LGI Homes Inc. Common Stock,Homebuilding,59,58.84000015258789,-12.790871367980827,79,35,A-
LGL,LGL Group Inc. (The) Common Stock,Industrial Machinery/Components,77,6.929999828338623,-10.69588113482325,51,40,E
LGN,Legence Corp. Class A Common stock,Engineering & Construction,45,69.80000305175781,-31.749285867909492,92,63,E+
LGND,Ligand Pharmaceuticals Incorporated Common Stock,Biotechnology: Pharmaceutical Preparations,77,300.9700012207031,-6.707784976735088,93,87,A-
LGO,Largo Inc. Common Shares,Mining & Quarrying of Nonmetallic Minerals (No Fuels),73,0.6640999913215637,-73.64682554174473,9,4,A+
LGPS,LogProstyle Inc. Common Shares,Homebuilding,59,1.1200000047683716,-10.117273141864603,77,,A+
LGVN,Longeveron Inc. Class A Common Stock,Biotechnology: Pharmaceutical Preparations,77,0.6223000288009644,-64.23563072470067,16,9,E-
LH,Labcorp Holdings Inc. Common Stock,Medical Specialities,24,275.67999267578125,-4.488120967222664,55,61,C-
LHAI,Linkhome Holdings Inc. Common stock,Real Estate,90,1.2200000286102295,-92.17447070770096,10,,A+
LHSW,Lianhe Sowell International Group Ltd Class A Ordinary Shares,Computer Software: Prepackaged Software,118,2.5299999713897705,-94.7813531450519,7,,A+
LHX,L3Harris Technologies Inc. Common Stock,Industrial Machinery/Components,77,290.010009765625,-22.79664040752899,36,78,E+
LI,Li Auto Inc. American Depositary Shares,Auto Manufacturing,140,12.470000267028809,-60.78616174148852,14,9,E
LICN,Lichen International Limited Class A Ordinary Shares,Professional Services,104,1.3600000143051147,-84.24101974194215,5,,E-
LIDR,AEye Inc. Class A Common Stock,Auto Parts:O.E.M.,56,1.309999942779541,-70.46223315262262,21,9,A-
LIEN,Chicago Atlantic BDC Inc. Common Stock,Finance: Consumer Services,116,9.880000114440918,-2.9052607704650124,55,79,B-
LIF,Life360 Inc. Common Stock,EDP Services,126,53.0,-52.204887463505976,41,,B+
LIFE,Ethos Technologies Inc. Class A Common Stock,Specialty Insurers,109,19.84000015258789,-35.142203159127995,77,,C+
LII,Lennox International Inc. Common Stock,Industrial Machinery/Components,77,562.77001953125,-14.423791393731022,52,55,C+
LILA,Liberty Latin America Ltd. Class A Common Stock,Cable & Other Pay Television Services,104,7.239999771118164,-8.585862356379902,87,,A
LILAK,Liberty Latin America Ltd. Class C Common Stock,Cable & Other Pay Television Services,104,7.230000019073486,-8.365017219019165,86,,A-
LIMN,Liminatus Pharma Inc. Class A Common Stock,Biotechnology: Biological Products (No Diagnostic Substances),67,0.10350000113248825,-98.81171066958447,4,,A+
LIN,Linde plc Ordinary Shares,Major Chemicals,59,522.5399780273438,-4.408758227586629,60,82,D+
LINC,Lincoln Educational Services Corporation Common Stock,Other Consumer Services,121,53.5099983215332,-3.897273656158484,95,82,B+
LIND,Lindblad Expeditions Holdings Inc. Common Stock,Transportation Services,116,26.18000030517578,-11.464320002146655,93,31,B+
LINE,Lineage Inc. Common Stock,Real Estate Investment Trusts,41,44.0,-1.2722363172860685,71,20,B-
LINK,Interlink Electronics Inc. Common Stock,Computer peripheral equipment,43,4.269999980926514,-55.396933584914755,57,20,E-
LION,Lionsgate Studios Corp Common Shares,Movies/Entertainment,67,13.289999961853027,-18.963412981810524,91,33,B+
LIQT,LiqTech International Inc. Common Stock,Industrial Machinery/Components,77,0.7749999761581421,-73.81756871046159,6,,E-
LITB,LightInTheBox Holding Co. Ltd. American Depositary Shares each representing twelve ordinary shares,Catalog/Specialty Distribution,59,3.2300000190734863,-15.44502420104653,92,99,A-
LITE,Lumentum Holdings Inc. Common Stock,Telecommunications Equipment,73,814.7999877929688,-22.627694286473044,99,80,E+
LITS,Lite Strategy Inc. Common Stock,Biotechnology: Pharmaceutical Preparations,77,0.9969000220298767,-85.46792999085321,15,11,D-
LIVE,Live Ventures Incorporated Common Stock,Other Specialty Stores,112,10.84000015258789,-48.601232460125196,18,30,D-
LIVN,LivaNova PLC Ordinary Shares,Biotechnology: Electromedical & Electrotherapeutic Apparatus,81,79.12000274658203,-5.843146619114981,85,63,C+
LKFN,Lakeland Financial Corporation Common Stock,Major Banks,20,60.560001373291016,-9.605731366970494,46,68,D
LKFT,Lakefront Biotherapeutics American Depositary Shares,Biotechnology: Pharmaceutical Preparations,77,29.469999313354492,-21.664008107195233,40,76,D
LKQ,LKQ Corporation Common Stock,Motor Vehicles,122,24.860000610351562,-32.91095859738618,24,36,D-
LLY,Eli Lilly and Company Common Stock,Biotechnology: Pharmaceutical Preparations,77,1152.5400390625,-6.7192216965753175,79,91,B
LLYVA,Liberty Live Holdings Inc. Series A Liberty Live Group Common Stock,Services-Misc. Amusement & Recreation,87,100.25,-3.707617508137606,66,,C-
LLYVK,Liberty Live Holdings Inc. Series C Liberty Live Group Common Stock,Services-Misc. Amusement & Recreation,87,104.12999725341797,-3.5833358764648438,68,,C
LMAT,LeMaitre Vascular Inc. Common Stock,Medical/Dental Instruments,126,97.86000061035156,-16.43087345062598,50,86,C-
LMB,Limbach Holdings Inc. Common Stock,Engineering & Construction,45,74.69999694824219,-50.04347117096029,24,50,D-
LMFA,LM Funding America Inc. Common Stock,Finance: Consumer Services,116,2.7899999618530273,-43.40770671399316,99,,E
LMND,Lemonade Inc. Common Stock,Property-Casualty Insurers,41,70.13999938964844,-27.36874846090771,79,,B+
LMNR,Limoneira Co Common Stock,Farming/Seeds/Milling,88,13.619999885559082,-16.639544487475444,44,20,B
LMRI,Lumexa Imaging Holdings Inc. Common Stock,Medical Specialities,24,10.90999984741211,-41.122507052712095,26,,B
LMT,Lockheed Martin Corporation Common Stock,Military/Government/Technical,103,514.989990234375,-23.398641282120114,40,44,E+
LNAI,Lunai Bioworks Inc. Common Stock,Biotechnology: Pharmaceutical Preparations,77,2.9800000190734863,-89.04411788423992,12,11,A+
LNC,Lincoln National Corporation Common Stock,Life Insurance,24,41.2599983215332,-8.050164405310822,65,31,C+
LND,Brasilagro Brazilian Agric Real Estate Co Sponsored ADR (Brazil),Farming/Seeds/Milling,88,3.7100000381469727,-15.102971732175952,40,44,D-
LNG,Cheniere Energy Inc. Common Stock,Oil/Gas Transmission,48,265.0299987792969,-10.530452396695134,65,83,C
LNKS,Linkers Industries Limited Class A Ordinary Shares,Electrical Products,3,1.440000057220459,-99.56691727602393,4,,A+
LNN,Lindsay Corporation Common Stock,Industrial Machinery/Components,77,115.45999908447266,-18.524259017687317,38,47,D
LNSR,LENSAR Inc. Common Stock,Medical/Dental Instruments,126,5.760000228881836,-56.75675404767455,17,4,E-
LNT,Alliant Energy Corporation Common Stock,Power Generation,48,76.30999755859375,-2.204282003858593,66,52,C-
LNTH,Lantheus Holdings Inc. Common Stock,Biotechnology: In Vitro & In Vivo Diagnostic Substances,95,102.37000274658203,-7.724895895284057,87,83,C+
LNZA,LanzaTech Global Inc. Common Stock,Major Chemicals,59,5.75,-90.12027504360192,3,20,B+
LOAN,Manhattan Bridge Capital Inc,Real Estate Investment Trusts,41,4.400000095367432,-15.051943920009458,41,,E
LOAR,Loar Holdings Inc. Common Stock,Military/Government/Technical,103,71.41000366210938,-12.80829996133136,44,59,C
LOB,Live Oak Bancshares Inc. Common Stock,Major Banks,20,41.540000915527344,-0.6220055652601197,69,76,C+
LOBO,LOBO TECHNOLOGIES LTD. Class A Ordinary Shares,Motor Vehicles,122,0.6855000257492065,-40.90516849360046,66,,A
LOCL,Local Bounti Corporation Common Stock,Farming/Seeds/Milling,88,1.2999999523162842,-64.38356388082728,17,20,A
LOCO,El Pollo Loco Holdings Inc. Common Stock,Restaurants,97,16.559999465942383,-3.7209376081893564,86,81,B
LODE,Comstock Inc. Common Stock,Major Chemicals,59,4.300000190734863,-9.85324511679262,76,,A
LOGI,Logitech International S.A. Ordinary Shares,Computer peripheral equipment,43,100.58999633789062,-20.601472571276336,51,60,C
LOMA,Loma Negra Compania Industrial Argentina Sociedad Anonima ADS,Building Materials,40,11.369999885559082,-13.338414750492412,55,53,D
LONA,LeonaBio Inc. Common Stock,Biotechnology: Biological Products (No Diagnostic Substances),67,9.520000457763672,-18.493148895338162,91,,B
LOOP,Loop Industries Inc. Common Stock,Major Chemicals,59,0.9492999911308289,-53.91747487866694,19,4,D-
LOPE,Grand Canyon Education Inc. Common Stock,Other Consumer Services,121,149.0,-32.44162414949808,29,60,D
LOT,Lotus Technology Inc. American Depositary Shares,Auto Manufacturing,140,1.0199999809265137,-58.024693296091634,14,,E+
LOVE,The Lovesac Company Common Stock,Other Specialty Stores,112,17.540000915527344,-15.469875105892317,59,29,B
LOW,Lowe's Companies Inc. Common Stock,RETAIL: Building Materials,114,207.67999267578125,-27.38895679652009,30,49,D-
LPA,Logistic Properties of the Americas Ordinary Shares,Real Estate,90,3.4200000762939453,-52.03366028890848,34,,A-
LPCN,Lipocine Inc. Common Stock,Biotechnology: Pharmaceutical Preparations,77,2.309999942779541,-79.48490323424325,20,4,B+
LPG,Dorian LPG Ltd. Common Stock,Marine Transportation,9,41.630001068115234,-12.76194467058347,87,94,D+
LPL,LG Display Co Ltd AMERICAN DEPOSITORY SHARES,Industrial Machinery/Components,77,3.509999990463257,-39.06250258700705,26,,E-
LPLA,LPL Financial Holdings Inc. Common Stock,Investment Bankers/Brokers/Service,77,321.3500061035156,-19.166068408401692,39,50,D+
LPRO,Open Lending Corporation Common Stock,Finance: Consumer Services,116,3.140000104904175,0.0,93,20,A
LPSN,LivePerson Inc. Common Stock,Computer Software: Prepackaged Software,118,1.7699999809265137,-90.24793378442043,7,20,E
LPTH,LightPath Technologies Inc. Class A Common Stock,Semiconductors,2,11.520000457763672,-36.52892176371007,87,4,E+
LPX,Louisiana-Pacific Corporation Common Stock,Forest Products,97,75.41000366210938,-25.54605066713831,34,34,C
LQDA,Liquidia Corporation Common Stock,Biotechnology: Pharmaceutical Preparations,77,76.48999786376953,-6.089624641268577,98,96,A-
LQDT,Liquidity Services Inc. Common Stock,Business Services,90,38.93000030517578,-0.48568157437787196,84,46,C+
LRCX,Lam Research Corporation Common Stock,Industrial Machinery/Components,77,346.1000061035156,-20.130150963878158,96,95,D
LRE,Lead Real Estate Co. Ltd American Depositary Shares,Homebuilding,59,1.340000033378601,-39.63963891399265,38,,B
LRHC,La Rosa Holdings Corp. Common Stock,Real Estate,90,1.0499999523162842,-99.8822870008614,1,,E-
LRMR,Larimar Therapeutics Inc. Common Stock,Biotechnology: Pharmaceutical Preparations,77,3.7200000286102295,-37.478989111603454,36,20,E+
LRN,Stride Inc. Common Stock,Other Consumer Services,121,86.87999725341797,-48.836936280244856,31,58,E-
LSAK,Lesaka Technologies Inc. Common Stock,Investment Bankers/Brokers/Service,77,4.860000133514404,-10.825682502735468,53,63,B
LSBK,Lake Shore Bancorp Inc. Common Stock,Savings Institutions,11,17.0,-4.548003875526918,75,69,C+
LSCC,Lattice Semiconductor Corporation Common Stock,Semiconductors,2,133.91000366210938,-13.756681923489856,93,91,D+
LSE,Leishen Energy Holding Co. Ltd. Class A Ordinary Shares,Oil and Gas Field Machinery,32,4.525000095367432,-22.781570097786606,31,,A+
LSF,Laird Superfood Inc. Common Stock,Packaged Foods,124,4.510000228881836,-39.70587944676945,88,,A
LSH,Lakeside Holding Limited Common Stock,,,0.38119998574256897,-73.89041261763344,7,35,E-
LSPD,Lightspeed Commerce Inc. Subordinate Voting Shares,Computer Software: Prepackaged Software,118,10.289999961853027,-25.59652914954179,44,20,C
LSTA,Lisata Therapeutics Inc. Common Stock,Misc Health and Biotechnology Services,8,3.7100000381469727,-26.388887574853502,77,,A-
LSTR,Landstar System Inc. Common Stock,Trucking Freight/Courier Services,7,211.41000366210938,-6.194254673440103,86,58,C
LTBR,Lightbridge Corporation Common Stock,Professional Services,104,7.980000019073486,-71.21212043021585,12,,E
LTC,LTC Properties Inc. Common Stock,Real Estate Investment Trusts,41,40.029998779296875,0.0,64,50,C
LTH,Life Time Group Holdings Inc. Common Stock,Hotels/Resorts,39,41.56999969482422,-0.9058428157430298,88,92,B+
LTM,LATAM Airlines Group S.A. American Depositary Shares (each representing two thousand (2000) shares of Common Stock),Air Freight/Delivery Services,22,53.5099983215332,-21.637962703506417,60,75,C-
LTRN,Lantern Pharma Inc. Common Stock,Biotechnology: Pharmaceutical Preparations,77,3.069999933242798,-42.2932361995757,50,,B+
LTRX,Lantronix Inc. Common Stock,Computer Communications Equipment,17,5.360000133514404,-36.56804432542889,57,54,C-
LU,Lufax Holding Ltd American Depositary Shares each representing two (2) Ordinary Shares,Finance: Consumer Services,116,1.2899999618530273,-70.68181968424926,10,,E-
LUCD,Lucid Diagnostics Inc. Common Stock,Medical/Dental Instruments,126,1.0,-31.972790439642228,26,20,A-
LUCK,Lucky Strike Entertainment Corporation Class A Common Stock,Services-Misc. Amusement & Recreation,87,7.179999828338623,-34.344503762985745,26,43,E
LUCY,Innovative Eyewear Inc. Common Stock,Ophthalmic Goods,120,0.9577000141143799,-57.245535266205515,16,,A+
LUD,Luda Technology Group Limited Ordinary Shares,Steel/Iron Ore,46,4.423999786376953,-77.54314916220925,16,,E-
LULU,lululemon athletica inc. Common Stock,Apparel,43,117.31999969482422,-49.71497110175901,15,49,E
LUMN,Lumen Technologies Inc. Common Stock,Telecommunications Equipment,73,6.369999885559082,-46.15384677396081,40,20,E
LUNG,Pulmonx Corporation Common Stock,Medical/Dental Instruments,126,1.4800000190734863,-60.84656004562498,27,20,C-
LUNR,Intuitive Machines Inc. Class A Common Stock,Industrial Machinery/Components,77,14.90999984741211,-67.37418030963488,36,20,E-
LUV,Southwest Airlines Company Common Stock,Air Freight/Delivery Services,22,47.560001373291016,-12.45616073851693,78,88,B-
LUXE,LuxExperience B.V. American Depositary Shares each representing one Ordinary Share,Catalog/Specialty Distribution,59,7.829999923706055,-25.499526610960956,37,36,E+
LVLU,Lulu's Fashion Lounge Holdings Inc. Common Stock,Catalog/Specialty Distribution,59,9.289999961853027,-64.48776752278137,87,20,B-
LVO,LiveOne Inc. Common Stock,Restaurants,97,5.210000038146973,-32.600258405025976,59,20,B-
LVS,Las Vegas Sands Corp. Common Stock,Hotels/Resorts,39,44.779998779296875,-34.84595609281587,28,77,E+
LVWR,LiveWire Group Inc. Common Stock,Motor Vehicles,122,0.7218000292778015,-88.37681119413998,4,20,B+
LW,Lamb Weston Holdings Inc. Common Stock,Packaged Foods,124,46.5,-28.513519140264197,46,46,C
LWAY,Lifeway Foods Inc. Common Stock,Packaged Foods,124,32.33000183105469,-4.40567083741742,81,85,D
LWLG,Lightwave Logic Inc. Common Stock,Containers/Packaging,59,6.869999885559082,-62.294181424454486,94,,E
LX,LexinFintech Holdings Ltd. American Depositary Shares,Finance: Consumer Services,116,1.440000057220459,-78.22470462482363,9,38,E-
LXEH,Lixiang Education Holding Co. Ltd. American Depositary Shares,Other Consumer Services,121,1.3600000143051147,-95.8024692893337,9,,E-
LXEO,Lexeo Therapeutics Inc. Common Stock,Biotechnology: Biological Products (No Diagnostic Substances),67,4.619999885559082,-56.538101262268235,18,20,B-
LXFR,Luxfer Holdings PLC Ordinary Shares,Major Chemicals,59,17.09000015258789,-10.42976823414804,81,,C
LXP,LXP Industrial Trust Common Stock (Maryland REIT),Real Estate Investment Trusts,41,55.040000915527344,-2.238007706230638,72,37,C+
LXRX,Lexicon Pharmaceuticals Inc. Common Stock,Biotechnology: Pharmaceutical Preparations,77,2.119999885559082,-19.696977222808385,89,20,A
LXU,LSB Industries Inc. Common Stock,Major Chemicals,59,11.1899995803833,-33.70852999571412,55,80,E+
LYB,LyondellBasell Industries NV Ordinary Shares Class A (Netherlands),Major Chemicals,59,58.54999923706055,-28.183430242732356,47,34,E+
LYEL,Lyell Immunopharma Inc. Common Stock,Biotechnology: Pharmaceutical Preparations,77,13.399999618530273,-65.28497370922399,21,20,E-
LYFT,Lyft Inc. Class A Common Stock,Business Services,90,15.609999656677246,-36.46723707544219,44,,B-
LYG,Lloyds Banking Group Plc American Depositary Shares,Commercial Banks,10,5.929999828338623,-3.889793273705766,75,,C+
LYTS,LSI Industries Inc. Common Stock,Building Products,63,23.93000030517578,-10.708951543237244,75,84,C-
LYV,Live Nation Entertainment Inc. Common Stock,Services-Misc. Amusement & Recreation,87,181.55999755859375,-2.695749438886419,69,,C+
LZ,LegalZoom.com Inc. Common Stock,EDP Services,126,7.46999979019165,-33.18426130334349,42,54,B+
LZB,La-Z-Boy Incorporated Common Stock,Home Furnishings,51,38.58000183105469,-7.813612335227404,60,65,B
LZM,Lifezone Metals Limited Ordinary Shares,Metal Mining,85,3.549999952316284,-41.803278560377,26,,D-
LZMH,LZ Technology Holdings Limited Class B Ordinary Shares,EDP Services,126,1.25,-99.20584495014525,1,,A
M,Macy's Inc Common Stock,Department/Specialty Retail Stores,52,23.209999084472656,-10.593220712572549,83,71,B-
MA,Mastercard Incorporated Common Stock,Business Services,90,538.02001953125,-9.614546376258936,45,73,C+
MAA,Mid-America Apartment Communities Inc. Common Stock,Real Estate Investment Trusts,41,133.67999267578125,-9.645479629615494,49,38,D+
MAAS,Maase Inc. Class A Ordinary Shares,Investment Managers,67,14.109999656677246,-33.568739130290325,98,,A
MAC,Macerich Company (The) Common Stock,Real Estate Investment Trusts,41,24.889999389648438,-3.6391813272709683,84,20,C-
MAGN,Magnera Corporation Common Stock,Paper,124,12.5600004196167,-17.693314343174016,59,35,C+
MAIA,MAIA Biotechnology Inc. Common Stock,Biotechnology: Pharmaceutical Preparations,77,1.440000057220459,-51.186439527310526,37,,B+
MAIN,Main Street Capital Corporation Common Stock,Finance/Investors Services,73,53.09000015258789,-15.682851234286888,40,71,D
MAKO,Mako Mining Corp Common Stock,,,7.369999885559082,-15.287355780050248,79,,E
MAMA,Mama's Creations Inc. Common Stock,Specialty Foods,90,18.6299991607666,-9.78208472193397,89,81,D-
MAMO,Massimo Group Common Stock,Industrial Specialties,90,1.0,-81.06060681318993,13,,A
MAN,ManpowerGroup Common Stock,Professional Services,104,39.18000030517578,-10.017242574132945,72,31,A
MANE,Veradermics Incorporated Common Stock,Biotechnology: Pharmaceutical Preparations,77,110.16999816894531,-15.084019188861442,97,,A-
MANH,Manhattan Associates Inc. Common Stock,Computer Software: Prepackaged Software,118,158.60000610351562,-30.420284107751115,45,55,B
MANU,Manchester United Ltd. Class A Ordinary Shares,Services-Misc. Amusement & Recreation,87,22.049999237060547,-6.289848730964708,80,96,B+
MAR,Marriott International Class A Common Stock,Hotels/Resorts,39,363.19000244140625,-9.775427353359412,67,53,D
MARA,MARA Holdings Inc. Common Stock,EDP Services,126,12.15999984741211,-46.76007107629411,40,20,C+
MAS,Masco Corporation Common Stock,Industrial Specialties,90,77.8499984741211,-5.944180703742308,71,61,C
MASK,3 E Network Technology Group Ltd Class A Ordinary Shares,EDP Services,126,1.7400000095367432,-95.23287668620071,8,,A+
MASS,908 Devices Inc. Common Stock,Industrial Machinery/Components,77,8.15999984741211,-10.819670080786114,69,40,C+
MAT,Mattel Inc. Common Stock,Recreational Games/Products/Toys,97,13.670000076293945,-38.31227359917895,24,35,D+
MATH,Metalpha Technology Holding Limited Ordinary Shares,Finance/Investors Services,73,0.9900000095367432,-75.24999976158142,10,,D+
MATV,Mativ Holdings Inc. Common Stock,Paper,124,7.730000019073486,-47.49715591788342,27,70,D+
MATW,Matthews International Corporation Class A Common Stock,Metal Fabrications,37,26.459999084472656,-6.669113749948363,51,32,B-
MATX,Matson Inc. Common Stock,Marine Transportation,9,210.9499969482422,0.0,92,66,B-
MAX,MediaAlpha Inc. Class A Common Stock,Business Services,90,14.09000015258789,0.0,85,99,A-
MAYS,J. W. Mays Inc. Common Stock,Building operators,83,38.0,-30.909090909090907,41,11,E-
MAZE,Maze Therapeutics Inc. Common Stock,Biotechnology: Biological Products (No Diagnostic Substances),67,29.8799991607666,-42.35555186935992,71,20,B+
MB,MasterBeef Group Ordinary Shares,Restaurants,97,4.050000190734863,-73.42519519973908,11,,C+
MBAI,Check-Cap Ltd. Ordinary Share,Medical Electronics,134,1.1299999952316284,-64.24050745129716,23,,B+
MBAV,M3-Brigade Acquisition V Corp. Class A Ordinary shares,,,10.875,-1.6726981247538797,46,,A+
MBBC,Marathon Bancorp Inc. Common Stock,Banks,19,15.020000457763672,-3.0342112349854733,78,75,E
MBC,MasterBrand Inc. Common Stock,Home Furnishings,51,8.920000076293945,-35.45585909358153,28,29,C+
MBI,MBIA Inc. Common Stock,Property-Casualty Insurers,41,6.360000133514404,-21.7712171711111,57,,B
MBIN,Merchants Bancorp Common Stock,Major Banks,20,48.58000183105469,-3.5345487643441253,78,65,D
MBIO,Mustang Bio Inc. Common Stock,Biotechnology: Pharmaceutical Preparations,77,0.6624000072479248,-72.62809973699082,14,,E-
MBLY,Mobileye Global Inc. Class A Common Stock,Computer Software: Prepackaged Software,118,10.09000015258789,-39.10681751104927,42,20,B
MBOT,Microbot Medical Inc. Common Stock,Biotechnology: Biological Products (No Diagnostic Substances),67,1.8700000047683716,-58.444444338480636,22,,E+
MBRX,Moleculin Biotech Inc. Common Stock,Biotechnology: Pharmaceutical Preparations,77,2.259999990463257,-89.1866027190761,10,,E-
MBUU,Malibu Boats Inc. Class A Common Stock,Marine Transportation,9,26.670000076293945,-32.51518277486597,35,29,C+
MBVI,M3-Brigade Acquisition VI Corp. Class A Ordinary Shares,,,10.15999984741211,-0.2944036722920318,46,,D+
MBWM,Mercantile Bank Corporation Common Stock,Major Banks,20,57.04999923706055,-3.140920612719378,68,88,C
MBX,MBX Biosciences Inc. Common Stock,Biotechnology: Pharmaceutical Preparations,77,56.59000015258789,-13.879164600444849,98,11,A
MC,Moelis & Company Class A Common Stock,Investment Managers,67,66.97000122070312,-12.129809232850164,47,46,D
MCB,Metropolitan Bank Holding Corp. Common Stock,Major Banks,20,96.9000015258789,-3.6491977528903097,72,85,C
MCBS,MetroCity Bankshares Inc. Common Stock,Major Banks,20,35.369998931884766,-4.120359129607887,77,91,B
MCD,McDonald's Corporation Common Stock,Restaurants,97,268.94000244140625,-20.167556504482377,34,58,D
MCFT,MasterCraft Boat Holdings Inc. Common Stock,Marine Transportation,9,23.799999237060547,-13.075237521686688,63,29,C
MCHB,Mechanics Bancorp Class A Common Stock,Major Banks,20,16.09000015258789,-1.6503694846614625,73,,C
MCHP,Microchip Technology Incorporated Common Stock,Semiconductors,2,87.11000061035156,-15.18839315857754,74,79,E+
MCHX,Marchex Inc. Class B Common Stock,Computer Software: Prepackaged Software,118,1.7000000476837158,-20.187795476718485,44,20,B
MCK,McKesson Corporation Common Stock,Other Pharmaceuticals,138,803.3699951171875,-19.226035228295256,47,85,D-
MCO,Moody's Corporation Common Stock,Finance: Consumer Services,116,494.7300109863281,-7.899717790322203,51,65,C+
MCRB,Seres Therapeutics Inc. Common Stock,Biotechnology: Pharmaceutical Preparations,77,5.335000038146973,-81.36569963488563,8,,E-
MCRI,Monarch Casino & Resort Inc. Common Stock,Hotels/Resorts,39,125.58999633789062,-6.1851042663060625,82,76,B-
MCRP,Micropolis AI Robotics Ordinary Shares,Auto Parts:O.E.M.,56,1.2799999713897705,-70.90909218985185,11,,E-
MCS,Marcus Corporation (The) Common Stock,Movies/Entertainment,67,21.84000015258789,-12.253914471082783,82,40,A-
MCY,Mercury General Corporation Common Stock,Property-Casualty Insurers,41,107.77999877929688,-3.005763035213649,80,82,B-
MD,Pediatrix Medical Group Inc. Common Stock,Hospital/Nursing Management,85,24.110000610351562,-11.975169231060633,82,87,D+
MDA,MDA Space Ltd. Common Shares,Electronic Components,5,33.88999938964844,-30.382088789664273,59,,E-
MDAI,Spectral AI Inc. Class A Common Stock,Medical/Dental Instruments,126,1.6699999570846558,-40.56939533483557,27,32,E-
MDB,MongoDB Inc. Class A Common Stock,Computer Software: Prepackaged Software,118,344.6700134277344,-21.772580877641477,80,63,A-
MDBH,MDB Capital Holdings LLC Class A common,Finance: Consumer Services,116,3.4200000762939453,-27.09443429080256,35,,A-
MDCX,Medicus Pharma Ltd. Common Stock,Biotechnology: Pharmaceutical Preparations,77,0.3637999892234802,-88.80615417773907,8,,B
MDGL,Madrigal Pharmaceuticals Inc. Common Stock,Biotechnology: Pharmaceutical Preparations,77,536.8599853515625,-10.94338866149217,73,4,C-
MDIA,Mediaco Holding Inc. Class A Common Stock,Broadcasting,104,1.0299999713897705,-31.33333524068197,67,20,C
MDLN,Medline Inc. Class A Common Stock,Medical/Dental Instruments,126,38.65999984741211,-22.66453580843765,34,33,D
MDLZ,Mondelez International Inc. Class A Common Stock,Packaged Foods,124,58.79999923706055,-14.003455914605034,46,70,D
MDRR,Medalist Diversified Inc. Common Stock,Real Estate Investment Trusts,41,11.210000038146973,-21.128873786667036,40,,B+
MDT,Medtronic plc. Ordinary Shares,Biotechnology: Electromedical & Electrotherapeutic Apparatus,81,79.30000305175781,-22.86479318485798,32,57,C-
MDU,MDU Resources Group Inc. Common Stock (Holding Company),Mining & Quarrying of Nonmetallic Minerals (No Fuels),73,21.239999771118164,-6.221050608685664,60,42,D
MDV,Modiv Industrial Inc. Class C Common Stock,Real Estate Investment Trusts,41,17.549999237060547,-5.456822775224435,76,20,B
MDWD,MediWound Ltd. Ordinary Shares,Medicinal Chemicals and Botanical Products,134,14.25,-32.14285714285714,23,20,E+
MDXG,MiMedx Group Inc Common Stock,Biotechnology: Pharmaceutical Preparations,77,4.199999809265137,-47.23618355355102,26,40,B-
MDXH,MDxHealth SA Ordinary Shares,Medical Specialities,24,0.41510000824928284,-91.69799983501434,2,4,E-
MEC,Mayville Engineering Company Inc. Common Stock,Industrial Specialties,90,34.4900016784668,-8.124664791361269,96,4,B+
MED,MEDIFAST INC Common Stock,Packaged Foods,124,10.609999656677246,-30.24326344466034,32,20,C+
MEDP,Medpace Holdings Inc. Common Stock,Biotechnology: Commercial Physical & Biological Resarch,16,536.1699829101562,-13.603190559324496,65,91,C+
MEGL,Magic Empire Global Limited Class A Ordinary Shares,Finance: Consumer Services,116,1.1699999570846558,-37.16434133858076,36,,A-
MEI,Methode Electronics Inc. Common Stock,Electrical Products,3,17.420000076293945,-10.298661133587771,98,4,A
MELI,MercadoLibre Inc. Common Stock,Business Services,90,1873.8800048828125,-25.372265429439356,34,56,D
MENS,Jyong Biotech Ltd. Ordinary Shares,Biotechnology: Pharmaceutical Preparations,77,2.2200000286102295,-96.61688519401066,9,,A-
MEOH,Methanex Corporation Common Stock,Major Chemicals,59,54.040000915527344,-17.501044175434522,73,29,B-
MERC,Mercer International Inc. Common Stock,Paper,124,0.5476999878883362,-87.43807405696433,4,20,E-
MESO,Mesoblast Limited American Depositary Shares,Biotechnology: Biological Products (No Diagnostic Substances),67,16.739999771118164,-20.13358538970883,58,,B+
MET,MetLife Inc. Common Stock,Life Insurance,24,92.54000091552734,-0.5267095240235276,73,80,C+
META,Meta Platforms Inc. Class A Common Stock,Computer Software: Programming Data Processing,112,661.0399780273438,-16.049800807312508,43,89,B+
METC,Ramaco Resources Inc. Class A Common Stock,Coal Mining,108,12.989999771118164,-76.18698450449669,19,20,D-
METCB,Ramaco Resources Inc. Class B Common Stock,Coal Mining,108,7.71999979019165,-63.514575678686946,15,20,A-
MFA,MFA Financial Inc.,Real Estate Investment Trusts,41,9.460000038146973,-5.504266322960216,55,40,D+
MFC,Manulife Financial Corporation Common Stock,Life Insurance,24,41.689998626708984,0.0,74,77,D
MFG,Mizuho Financial Group Inc. Sponosred ADR (Japan),Major Banks,20,10.569999694824219,0.0,88,83,B-
MFI,mF International Limited Class A Ordinary Shares,EDP Services,126,8.850000381469727,-81.48535455496807,9,,A
MFIC,MidCap Financial Investment Corporation Common Stock,Finance/Investors Services,73,9.770000457763672,-17.941964172717604,32,30,E+
MFIN,Medallion Financial Corp. Common Stock,Finance: Consumer Services,116,9.970000267028809,-5.2170113035456485,58,38,B+
MG,Mistras Group Inc Common Stock,Military/Government/Technical,103,16.440000534057617,-14.730290723252137,84,82,E+
MGA,Magna International Inc. Common Stock,Auto Parts:O.E.M.,56,64.58999633789062,-5.223778588818407,80,34,C-
MGEE,MGE Energy Inc,Electric Utilities: Central,52,81.16999816894531,-5.984912149545929,46,61,D
MGIH,Millennium Group International Holdings Limited Ordinary Shares,Publishing,109,1.659999966621399,-40.71428589674891,53,,A+
MGLD,The Marygold Companies Inc. Common Stock,Finance: Consumer Services,116,1.1200000047683716,-13.84615031925166,62,35,B
MGM,MGM Resorts International Common Stock,Hotels/Resorts,39,46.66999816894531,-7.930559413441173,81,39,B+
MGN,Megan Holdings Limited Class A Ordinary Shares,Farming/Seeds/Milling,88,0.10999999940395355,-97.73195873057884,3,,A+
MGNI,Magnite Inc. Common Stock,Computer Software: Programming Data Processing,112,20.200000762939453,-23.831069327806343,81,99,A-
MGNX,MacroGenics Inc. Common Stock,Biotechnology: Pharmaceutical Preparations,77,4.289999961853027,-11.728398271651763,96,,A
MGPI,MGP Ingredients Inc.,Beverages (Production/Distribution),101,17.139999389648438,-46.06556904772193,22,20,C+
MGRC,McGrath RentCorp Common Stock,Diversified Commercial Services,77,115.87999725341797,-8.13705500494617,49,51,D+
MGRT,Mega Fortune Company Limited Ordinary Shares,EDP Services,126,77.88999938964844,-45.225034415437605,99,,E
MGRX,Mangoceuticals Inc. Common Stock,Misc Health and Biotechnology Services,8,0.391400009393692,-85.71532817403651,13,,E-
MGTX,MeiraGTx Holdings plc Ordinary Shares,Biotechnology: Biological Products (No Diagnostic Substances),67,12.4399995803833,-15.143248909519592,86,33,A-
MGX,Metagenomi Therapeutics Inc. Common Stock,Biotechnology: Biological Products (No Diagnostic Substances),67,1.3200000524520874,-60.59701223791926,20,,B-
MGY,Magnolia Oil & Gas Corporation Class A Common Stock,Oil & Gas Production,30,26.68000030517578,-17.067461699443033,55,42,E+
MGYR,Magyar Bancorp Inc. Common Stock,Savings Institutions,11,17.3700008392334,-5.463171530751232,47,60,B-
MH,McGraw Hill Inc. Common Stock,Publishing,109,10.079999923706055,-43.96887130655291,19,20,D
MHH,Mastech Digital Inc Common Stock,Professional Services,104,7.800000190734863,-4.6454779983379435,66,80,A-
MHK,Mohawk Industries Inc. Common Stock,Home Furnishings,51,109.91999816894531,-21.34526070200693,43,92,C
MHO,M/I Homes Inc. Common Stock,Homebuilding,59,148.11000061035156,-9.134968950704557,67,38,B
MI,NFT Limited Class A Ordinary Share,Other Specialty Stores,112,9.289999961853027,-53.15179022896936,99,,D-
MIAX,Miami International Holdings Inc. Common Stock,Investment Bankers/Brokers/Service,77,41.29999923706055,-27.339903015147716,52,,D+
MICC,The Magnum Ice Cream Company N.V. Ordinary Shares,Specialty Foods,90,18.510000228881836,-6.844491962306487,77,,B+
MIDD,Middleby Corporation (The) Common Stock,Industrial Machinery/Components,77,134.58999633789062,-6.643215164533256,67,20,B
MIMI,Mint Incorporation Limited Class A Ordinary Shares,Business Services,90,2.440000057220459,-97.7302325049112,10,,A+
MIND,MIND Technology Inc. Common Stock (DE),Industrial Machinery/Components,77,5.53000020980835,-61.301607945622,14,40,E
MINE,Mayfair Gold Corp. Common Shares,Oil & Gas Production,30,2.25,-51.50861929433237,13,,E
MIR,Mirion Technologies Inc. Class A Common Stock,Industrial Machinery/Components,77,16.290000915527344,-45.24369440158876,22,,D
MIRA,MIRA Pharmaceuticals Inc. Common Stock,Biotechnology: Pharmaceutical Preparations,77,0.910099983215332,-54.945544959961026,22,,B
MIRM,Mirum Pharmaceuticals Inc. Common Stock,Biotechnology: Pharmaceutical Preparations,77,120.88999938964844,-5.97340553555652,90,4,A-
MIST,Milestone Pharmaceuticals Inc. Common Shares,Biotechnology: Pharmaceutical Preparations,77,1.2999999523162842,-55.93220571853823,17,4,E
MITK,Mitek Systems Inc. Common Stock,Computer peripheral equipment,43,19.459999084472656,-3.37636705950094,93,79,A-
MITQ,Moving iMage Technologies Inc. Common Stock,Industrial Machinery/Components,77,0.6467999815940857,-57.447369098002895,40,20,A-
MITT,TPG Mortgage Investment Trust Inc. Common Stock,Real Estate Investment Trusts,41,7.710000038146973,-10.825273030365434,54,40,D
MKC,McCormick & Company Incorporated Common Stock,Packaged Foods,124,52.849998474121094,-25.069106977222145,31,68,B-
MKDW,MKDWELL Tech Inc. Ordinary Share,Consumer Electronics/Appliances,122,11.5,-4.1666666666666625,92,,A
MKL,Markel Group Inc. Common Stock,Property-Casualty Insurers,41,1943.219970703125,-11.345405480182603,42,40,D+
MKSI,MKS Inc. Common Stock,Industrial Machinery/Components,77,358.42999267578125,-19.417715262480684,96,78,B-
MKTW,MarketWise Inc. Class A Common Stock,Computer Software: Prepackaged Software,118,20.834999084472656,0.0,85,35,C
MKTX,MarketAxess Holdings Inc. Common Stock,Investment Bankers/Brokers/Service,77,114.87000274658203,-46.14405704746816,15,85,E+
MKZR,MacKenzie Realty Capital Inc. Common Stock,Real Estate Investment Trusts,41,1.7100000381469727,-77.49999921572834,6,11,E-
MLAB,Mesa Laboratories Inc. Common Stock,Industrial Machinery/Components,77,94.63999938964844,-13.277740519063109,61,89,E
MLCI,Mount Logan Capital Inc. Common Stock,Investment Managers,67,3.369999885559082,-60.305908506026796,17,,B+
MLCO,Melco Resorts & Entertainment Limited American Depositary Shares,Hotels/Resorts,39,5.190000057220459,-48.76604147494722,22,96,E+
MLEC,Moolec Science SA Ordinary Shares,Blank Checks,71,7.480000019073486,-89.3219133573103,33,,A
MLGO,MicroAlgo Inc. Class A Ordinary Shares,EDP Services,126,3.990000009536743,-80.14925406063604,19,,A-
MLI,Mueller Industries Inc. Common Stock,Metal Fabrications,37,58.38999938964844,-16.857840298878767,58,78,E+
MLKN,MillerKnoll Inc. Common Stock,Office Equipment/Supplies/Services,57,20.559999465942383,-8.194821795841289,73,97,A-
MLM,Martin Marietta Materials Inc. Common Stock,Mining & Quarrying of Nonmetallic Minerals (No Fuels),73,573.75,-18.758997782887533,36,95,D-
MLP,Maui Land & Pineapple Company Inc. Common Stock,Real Estate,90,16.309999465942383,-18.122492954443757,43,,A-
MLR,Miller Industries Inc. Common Stock,Construction/Ag Equipment/Trucks,32,49.02000045776367,-7.387114726749333,63,38,C-
MLSS,Milestone Scientific Inc. Common Stock,Industrial Specialties,90,0.40310001373291016,-38.92424277043101,60,,E-
MLTX,MoonLake Immunotherapeutics Class A Ordinary Shares,Biotechnology: Pharmaceutical Preparations,77,19.520000457763672,-68.51105028354235,64,20,C-
MLYS,Mineralys Therapeutics Inc. Common Stock,Biotechnology: Pharmaceutical Preparations,77,27.280000686645508,-42.362138957817976,57,20,D-
MMA,Mixed Martial Arts Group Limited Ordinary Shares,Other Consumer Services,121,0.47839999198913574,-73.71428691199282,14,,A
MMED,MiniMed Group Inc. Common Stock,Medical/Dental Instruments,126,15.039999961853027,-18.658733650468307,35,,B+
MMI,Marcus & Millichap Inc. Common Stock,Real Estate,90,29.8700008392334,-8.425714669642803,58,20,C-
MMLP,Martin Midstream Partners L.P. Limited Partnership,Oil Refining/Marketing,128,2.1600000858306885,-37.578953895761636,21,,E
MMM,3M Company Common Stock,Medical/Dental Instruments,126,156.5800018310547,-9.457635759586902,48,68,D+
MMS,Maximus Inc. Common Stock,Business Services,90,57.599998474121094,-41.191353546217904,22,60,E+
MMSI,Merit Medical Systems Inc. Common Stock,Medical/Dental Instruments,126,71.0199966430664,-24.123933973458023,33,84,C
MMYT,MakeMyTrip Limited Ordinary Shares,Transportation Services,116,55.75,-45.983915808030204,34,52,A-
MNDO,MIND C.T.I. Ltd. Ordinary Shares,EDP Services,126,1.0499999523162842,-29.054058190241918,33,44,B+
MNDR,Mobile-health Network Solutions Class A Ordinary Shares,Computer Software: Prepackaged Software,118,3.2200000286102295,-91.34408612212138,6,,A
MNDY,monday.com Ltd. Ordinary Shares,Computer Software: Prepackaged Software,118,81.83999633789062,-71.99562035563464,22,77,B+
MNKD,MannKind Corporation Common Stock,Biotechnology: Pharmaceutical Preparations,77,3.880000114440918,-37.520127365430945,57,40,A-
MNOV,Medicinova Inc Common Stock,Biotechnology: Pharmaceutical Preparations,77,1.3700000047683716,-27.127659136000236,45,,A
MNPR,Monopar Therapeutics Inc. Common Stock,Biotechnology: Pharmaceutical Preparations,77,99.79000091552734,-6.3883655310248315,94,4,A-
MNRO,Monro Inc. Common Stock,Automotive Aftermarket,128,17.329999923706055,-24.9674836642058,51,29,C+
MNSB,MainStreet Bancshares Inc. Common Stock,Major Banks,20,24.1299991607666,-3.864546637295019,66,73,B
MNSBP,MainStreet Bancshares Inc. Depositary Shares,Major Banks,20,25.334999084472656,-0.6470624138327219,54,,D+
MNSO,MINISO Group Holding Limited American Depositary Shares each representing four Ordinary Shares,Department/Specialty Retail Stores,52,11.529999732971191,-55.66299658486342,16,57,E+
MNST,Monster Beverage Corporation,Beverages (Production/Distribution),101,98.00499725341797,0.0,85,89,B-
MNTK,Montauk Renewables Inc. Common Stock,Natural Gas Distribution,20,1.649999976158142,-33.7349409703368,56,,B-
MNTN,MNTN Inc. Class A Common Stock,Advertising,94,10.130000114440918,-67.81061221649855,28,63,A
MNTS,Momentus Inc. Class A Common Stock,Military/Government/Technical,103,5.75,-83.14136152590828,16,,A
MNY,MoneyHero Limited Class A Ordinary Shares,Business Services,90,0.9412999749183655,-57.59910077534365,21,20,E-
MO,Altria Group Inc.,Medicinal Chemicals and Botanical Products,134,70.16000366210938,-5.253206251631748,67,72,D+
MOB,Mobilicom Limited Ordinary Shares,Aerospace,101,4.960000038146973,-51.37254773630905,39,,B
MOBX,Mobix Labs Inc. Class A Common Stock,Semiconductors,2,2.0299999713897705,-83.22314126123031,11,11,A
MOD,Modine Manufacturing Company Common Stock,Auto Parts:O.E.M.,56,229.57000732421875,-25.19469635165349,89,94,E-
MODD,Modular Medical Inc. Common Stock,Medical/Dental Instruments,126,4.309999942779541,-81.12133176880062,10,,A
MOGU,MOGU Inc. American Depositary Shares (each  representing 25 Class A Ordinary Shares),Business Services,90,1.840000033378601,-63.19999933242798,20,20,B+
MOH,Molina Healthcare Inc Common Stock,Medical Specialities,24,241.55999755859375,-0.5434812655144894,84,35,A-
MOLN,Molecular Partners AG American Depositary Shares,Biotechnology: Biological Products (No Diagnostic Substances),67,4.0,-21.95121951219512,46,,C+
MOMO,Hello Group Inc. American Depositary Shares,Computer Software: Prepackaged Software,118,6.0,-31.08301151216969,35,41,D
MORN,Morningstar Inc. Common Stock,Investment Managers,67,170.47999572753906,-41.45952642511078,26,89,C
MOS,Mosaic Company (The) Common Stock,Agricultural Chemicals,128,22.940000534057617,-36.49665903250279,27,29,C-
MOV,Movado Group Inc. Common Stock,Consumer Specialties,37,37.810001373291016,-4.4719564827683245,94,80,A-
MOVE,Corvex Inc. Common Stock,Biotechnology: Electromedical & Electrotherapeutic Apparatus,81,15.529999732971191,-36.50858416086482,97,,B-
MP,MP Materials Corp. Common Stock,Metal Mining,85,50.790000915527344,-48.514951718268776,33,20,E+
MPAA,Motorcar Parts  of America Inc. Common Stock,Auto Parts:O.E.M.,56,13.869999885559082,-21.771008213970745,63,99,A-
MPB,Mid Penn Bancorp Common Stock,Major Banks,20,34.369998931884766,-3.671528481183861,63,66,C+
MPC,Marathon Petroleum Corporation Common Stock,Integrated oil Companies,6,303.3999938964844,0.0,90,95,B-
MPLT,MapLight Therapeutics Inc. Common Stock,Biotechnology: Pharmaceutical Preparations,77,37.90999984741211,-4.748742276076545,94,,B+
MPT,Medical Properties Trust Inc. common stock,Real Estate Investment Trusts,41,4.610000133514404,-20.488230818146558,43,63,D
MPTI,M-tron Industries Inc. Common Stock,Industrial Machinery/Components,77,82.8499984741211,-17.76675089417261,87,83,E+
MPU,Mega Matrix Inc. Class A Ordinary Shares,Diversified Commercial Services,77,0.25,-93.71859299492672,4,,A+
MPV,Barings Participation Investors Common Stock,Finance Companies,48,16.0,-17.45943033423556,34,,D-
MPWR,Monolithic Power Systems Inc. Common Stock,Semiconductors,2,1376.4100341796875,-18.42603878549216,83,78,E
MQ,Marqeta Inc. Class A Common Stock,Computer Software: Prepackaged Software,118,16.1299991607666,-40.95900680473861,31,63,C+
MRAM,Everspin Technologies Inc. Common Stock,Semiconductors,2,17.489999771118164,-60.25903104258774,93,20,C+
MRBK,Meridian Corporation Common Stock,Major Banks,20,20.0,-2.1849833815143493,72,80,D+
MRCY,Mercury Systems Inc Common Stock,Electrical Products,3,100.31999969482422,-20.51342966282743,83,68,B-
MRDN,Meridian Holdings Inc. Common Stock,Computer Software: Prepackaged Software,118,14.029999732971191,-32.418113784737336,89,63,A
MREO,Mereo BioPharma Group plc American Depositary Shares,Biotechnology: Pharmaceutical Preparations,77,0.3140000104904175,-86.40692561608498,13,4,B+
MRK,Merck & Company Inc. Common Stock (new),Biotechnology: Pharmaceutical Preparations,77,120.77999877929688,-6.776782143212145,73,33,C-
MRKR,Marker Therapeutics Inc. Common Stock,Biotechnology: Pharmaceutical Preparations,77,1.440000057220459,-34.24657444766909,36,,B
MRLN,Merlin Inc. Common Stock,EDP Services,126,4.170000076293945,-74.08328131293865,6,,E+
MRM,MEDIROM Healthcare Technologies Inc. American Depositary Share,Other Consumer Services,121,0.9861999750137329,-66.4557838156606,19,,A+
MRNA,Moderna Inc. Common Stock,Biotechnology: Biological Products (No Diagnostic Substances),67,67.44000244140625,-17.555012316155384,94,4,A-
MRNO,Murano Global Investments PLC Ordinary Shares,Hotels/Resorts,39,0.24799999594688416,-97.0960187698517,3,,A+
MRP,Millrose Properties Inc. Class A Common Stock,Real Estate,90,28.329999923706055,-11.71209272196001,42,,C-
MRSH,Marsh Common Stock,Specialty Insurers,109,178.0500030517578,-15.03440802526741,39,72,C
MRT,Marti Technologies Inc. Class A Ordinary Shares,Rental/Leasing Companies,134,1.440000057220459,-52.6315764707211,14,,E-
MRTN,Marten Transport Ltd. Common Stock,Trucking Freight/Courier Services,7,17.43000030517578,-4.3268553780115955,84,34,C-
MRVI,Maravai LifeSciences Holdings Inc. Class A Common Stock,Biotechnology: Pharmaceutical Preparations,77,6.510000228881836,0.0,96,20,A-
MRVL,Marvell Technology Inc. Common Stock,Semiconductors,2,222.44000244140625,-29.68590964827009,97,89,B+
MRX,Marex Group Limited Ordinary Shares,Investment Bankers/Brokers/Service,77,65.68000030517578,-6.558543961169871,92,97,B-
MS,Morgan Stanley Common Stock,Investment Bankers/Brokers/Service,77,227.6699981689453,0.0,84,84,C+
MSA,MSA Safety Incorporated Common Stock,Industrial Specialties,90,167.8300018310547,-16.884517621213114,43,80,C-
MSAI,MultiSensor AI Holdings Inc. Common Stock,Electronic Components,5,5.46999979019165,-93.09343434221805,10,,A
MSB,Mesabi Trust Common Stock,Precious Metals,111,25.459999084472656,-37.080748772901394,27,46,D-
MSBI,Midland States Bancorp Inc. Common Stock,Major Banks,20,30.530000686645508,-2.6777179793292527,90,65,B-
MSC,Studio City International Holdings Limited American depositary shares each representing four  Class A ordinary shares,Hotels/Resorts,39,1.75,-66.08527031492693,10,63,E-
MSCI,MSCI Inc. Common Stock,Business Services,90,611.4299926757812,-5.032387983479369,59,82,C
MSEX,Middlesex Water Company Common Stock,Water Supply,65,55.369998931884766,-8.797863815136086,53,50,D
MSFT,Microsoft Corporation Common Stock,Computer Software: Prepackaged Software,118,384.92999267578125,-28.539141822885604,31,93,B-
MSGE,Madison Square Garden Entertainment Corp. Class A Common Stock,Services-Misc. Amusement & Recreation,87,73.6500015258789,-9.017906976612677,88,43,C+
MSGM,Motorsport Games Inc. Class A Common Stock,Computer Software: Prepackaged Software,118,4.400000095367432,-17.293233958799657,84,52,C
MSGS,Madison Square Garden Sports Corp. Class A Common Stock (New),Services-Misc. Amusement & Recreation,87,384.2300109863281,-4.664662146716236,88,32,C
MSGY,Masonglory Limited Ordinary Shares,,,0.4300000071525574,-97.90448344268985,7,,A+
MSI,Motorola Solutions Inc. Common Stock,Radio And Television Broadcasting And Communications Equipment,27,413.7099914550781,-14.668988832053786,43,51,D-
MSLE,Satellos Bioscience Inc. Common Stock,Biotechnology: Pharmaceutical Preparations,77,9.005000114440918,-30.78401263629442,82,,A+
MSM,MSC Industrial Direct Company Inc. Common Stock,Industrial Machinery/Components,77,124.11000061035156,0.0,85,62,B
MSN,Emerson Radio Corporation Common Stock,Consumer Electronics/Appliances,122,0.36000001430511475,-52.6315764707211,27,,B
MSS,Maison Solutions Inc. Class A Common Stock,Food Chains,64,0.5813000202178955,-95.81798535128766,3,38,E-
MSTR,Strategy Inc Common Stock Class A,Computer Software: Prepackaged Software,118,97.58000183105469,-78.59618268536082,10,20,E
MT,Arcelor Mittal NY Registry Shares NEW,Steel/Iron Ore,46,66.98999786376953,-6.503843074485138,87,54,B-
MTA,Metalla Royalty & Streaming Ltd. Common Shares,Precious Metals,111,7.329999923706055,-19.0055274119187,70,,D+
MTB,M&T Bank Corporation Common Stock,Major Banks,20,241.85000610351562,-0.2885990267717409,70,73,C
MTC,MMTec Inc. Common Shares,Computer Software: Prepackaged Software,118,2.549999952316284,-71.8543064656484,87,,E-
MTCH,Match Group Inc. Common Stock,Computer Software: Programming Data Processing,112,38.34000015258789,-2.492369150158791,70,87,B-
MTD,Mettler-Toledo International Inc. Common Stock,Biotechnology: Laboratory Analytical Instruments,52,1314.8299560546875,-12.695054580753219,43,52,C+
MTDR,Matador Resources Company Common Stock,Oil & Gas Production,30,52.47999954223633,-19.271876922874696,53,30,D-
MTEK,Maris-Tech Ltd. Ordinary Shares,Telecommunications Equipment,73,1.0399999618530273,-75.17899886276047,12,,C-
MTEN,Mingteng International Corporation Inc. Class A Ordinary Shares,Building Products,63,1.0700000524520874,-99.97488262787671,5,,A
MTEX,Mannatech Incorporated Common Stock,Medicinal Chemicals and Botanical Products,134,4.559899806976318,-55.251226744360714,18,63,A
MTG,MGIC Investment Corporation Common Stock,Property-Casualty Insurers,41,28.549999237060547,-3.2933288168645825,55,50,D+
MTH,Meritage Homes Corporation Common Stock,Homebuilding,59,73.72000122070312,-13.453861285999913,56,42,B-
MTLS,Materialise NV American Depositary Shares,Computer Software: Prepackaged Software,118,6.769999980926514,-8.882905284799826,72,99,B
MTN,Vail Resorts Inc. Common Stock,Services-Misc. Amusement & Recreation,87,147.63999938964844,-4.556863808107881,57,42,B-
MTNB,Matinas Biopharma Holdings Inc. Common Stock,Biotechnology: Pharmaceutical Preparations,77,0.3497999906539917,-85.17796583885914,9,,E-
MTR,Mesa Royalty Trust Common Stock,Oil & Gas Production,30,3.1600000858306885,-44.668385645375565,16,,E-
MTRN,Materion Corporation,Industrial Specialties,90,253.27000427246094,-14.835740341898651,96,74,B-
MTRX,Matrix Service Company Common Stock,Engineering & Construction,45,12.460000038146973,-21.23893629262539,44,63,D
MTSI,MACOM Technology Solutions Holdings Inc. Common Stock,Semiconductors,2,301.760009765625,-26.342507527714098,93,94,E
MTUS,Metallus Inc. Common Shares,Steel/Iron Ore,46,19.299999237060547,-10.274295529080856,60,56,D-
MTVA,MetaVia Inc. Common Stock,Biotechnology: Pharmaceutical Preparations,77,1.9299999475479126,-88.30303062092175,15,,A+
MTW,Manitowoc Company Inc. (The) Common Stock,Construction/Ag Equipment/Trucks,32,12.6899995803833,-16.237624423027018,46,59,D+
MTX,Minerals Technologies Inc. Common Stock,Major Chemicals,59,72.31999969482422,-12.561817708360723,60,63,D+
MTZ,MasTec Inc. Common Stock,Water Sewer Pipeline Comm & Power Line Construction,1,365.1000061035156,-16.55047931381034,89,72,D
MU,Micron Technology Inc. Common Stock,Semiconductors,2,983.1199951171875,-18.9763032126403,99,93,B
MUFG,Mitsubishi UFJ Financial Group Inc. Common Stock,Commercial Banks,10,22.5,0.0,84,,B-
MUR,Murphy Oil Corporation Common Stock,Oil & Gas Production,30,34.970001220703125,-17.468912791964886,60,36,D-
MUSA,Murphy USA Inc. Common Stock,Retail-Auto Dealers and Gas Stations,104,611.8099975585938,-1.7220103824371558,85,80,B-
MUX,McEwen Inc. Common Stock,Precious Metals,111,17.850000381469727,-38.55421394057187,44,,B-
MVBF,MVB Financial Corp. Common Stock,Major Banks,20,28.68000030517578,-3.8873989325751035,64,83,B-
MVIS,MicroVision Inc. Common Stock,Industrial Machinery/Components,77,0.34360000491142273,-77.09333300590515,6,4,E
MVST,Microvast Holdings Inc. Common Stock,Industrial Machinery/Components,77,0.970300018787384,-84.8390624323627,6,20,E-
MWA,MUELLER WATER PRODUCTS Common Stock,Metal Fabrications,37,24.700000762939453,-18.453271840184982,36,77,D-
MWG,Multi Ways Holdings Limited Class A Ordinary Shares,Miscellaneous manufacturing industries,115,1.2026000022888184,-68.26912890783152,8,,E
MWH,SOLV Energy Inc. Class A Common Stock,Military/Government/Technical,103,28.809999465942383,-38.40068594406007,35,,E-
MWYN,Marwynn Holdings Inc. Common stock,Food Distributors,11,0.9668999910354614,-35.5400005976359,63,11,A
MX,Magnachip Semiconductor Corporation Common Stock,Semiconductors,2,3.890000104904175,-56.43897007876303,74,20,B
MXC,Mexco Energy Corporation Common Stock,Oil & Gas Production,30,8.449999809265137,-43.73810847584536,36,,D+
MXCT,MaxCyte Inc. Common Stock,Biotechnology: Commercial Physical & Biological Resarch,16,1.4199999570846558,-39.055793837708364,71,20,A-
MXL,MaxLinear Inc. Common Stock,Semiconductors,2,92.58999633789062,-27.681014433577488,99,75,A-
MYE,Myers Industries Inc. Common Stock,Plastic Products,29,30.850000381469727,-12.630985042087527,93,91,A-
MYFW,First Western Financial Inc. Common Stock,Major Banks,20,32.93000030517578,-1.5545603763925775,80,65,A-
MYGN,Myriad Genetics Inc. Common Stock,Biotechnology: In Vitro & In Vivo Diagnostic Substances,95,6.039999961853027,-26.16137241423694,59,20,B+
MYND,Mynd.ai Inc. American Depositary Shares,Other Consumer Services,121,0.4000000059604645,-62.26414834404792,28,,A+
MYO,Myomo Inc. Common Stock,Industrial Specialties,90,1.100000023841858,-49.0740749938988,62,20,E
MYPS,PLAYSTUDIOS Inc.  Class A Common Stock,Computer Software: Prepackaged Software,118,0.73089998960495,-42.89843703579389,70,20,A
MYRG,MYR Group Inc. Common Stock,Water Sewer Pipeline Comm & Power Line Construction,1,419.0400085449219,-16.38097809710817,94,83,E+
MYSE,Myseum.AI Inc. Common Stock,Telecommunications Equipment,73,2.6700000762939453,-29.9212567875768,85,,A
MYSZ,My Size Inc. Common Stock,Computer Software: Prepackaged Software,118,0.4690000116825104,-67.38525566745682,11,4,A+
MZTI,The Marzetti Company Common Stock,Packaged Foods,124,106.95999908447266,-41.92674983252556,18,66,E+
NA,Nano Labs Ltd Class A Ordinary Shares,Semiconductors,2,1.8300000429153442,-79.41507342809216,8,,E-
NAAS,NaaS Technology Inc. American Depositary Shares,Other Specialty Stores,112,3.450000047683716,-21.05262842032466,72,,E
NABL,N-able Inc. Common Stock,Computer Software: Prepackaged Software,118,4.510000228881836,-46.941173777860755,21,53,B+
NAGE,Niagen Bioscience Inc. Common Stock,Medicinal Chemicals and Botanical Products,134,3.2899999618530273,-71.39130467953889,10,83,E+
NAII,Natural Alternatives International Inc. Common Stock,Medicinal Chemicals and Botanical Products,134,2.2100000381469727,-54.24430490567707,19,11,B
NAK,Northern Dynasty Minerals Ltd. Common Stock,Precious Metals,111,1.7400000095367432,-36.956521175759505,30,4,E+
NAKA,Nakamoto Inc. Common Stock,Medical/Nursing Services,27,3.9800000190734863,-99.33754991678778,3,20,D+
NAMI,Jinxin Technology Holding Company American Depositary Shares,Other Consumer Services,121,3.319999933242798,-90.84137949450263,3,,A
NAMM,Namib Minerals Ordinary Shares,Precious Metals,111,1.5,-82.55814030855133,20,,A+
NAMS,NewAmsterdam Pharma Company N.V. Ordinary Shares,Biotechnology: Pharmaceutical Preparations,77,33.290000915527344,-19.6863683889434,56,,B-
NAT,Nordic American Tankers Limited Common Stock,Marine Transportation,9,6.289999961853027,-2.782068534399307,93,84,C
NATH,Nathan's Famous Inc. Common Stock,Restaurants,97,100.3499984741211,-9.24021527742126,46,86,D
NATL,NCR Atleos Corporation Common Stock,Office Equipment/Supplies/Services,57,45.70000076293945,-5.048826618010582,69,74,C-
NATR,Nature's Sunshine Products Inc. Common Stock,Biotechnology: Pharmaceutical Preparations,77,20.489999771118164,-26.294962829341827,50,73,D-
NAUT,Nautilus Biotechnology Inc. Common Stock,Biotechnology: Laboratory Analytical Instruments,52,1.75,-55.69620306647334,76,20,E-
NAVI,Navient Corporation Common Stock,Investment Bankers/Brokers/Service,77,8.470000267028809,-40.023300683968,27,63,C
NAVN,Navan Inc. Class A Common Stock,Computer Software: Prepackaged Software,118,25.799999237060547,-5.321103717208997,91,9,A
NB,NioCorp Developments Ltd. Common Stock,Metal Mining,85,4.849999904632568,-58.44044667587707,39,35,C+
NBBK,NB Bancorp Inc. Common Stock,Banks,19,20.8799991607666,-7.452349783090117,53,66,D
NBHC,National Bank Holdings Corporation Common Stock,Major Banks,20,45.0099983215332,-0.5303904496503753,64,45,C+
NBIS,Nebius Group N.V. Class A Ordinary Shares,Computer Software: Programming Data Processing,112,194.08999633789062,-32.29969839022944,96,45,D+
NBIX,Neurocrine Biosciences Inc. Common Stock,Biotechnology: Biological Products (No Diagnostic Substances),67,172.0399932861328,-4.713381125330396,81,98,B-
NBN,Northeast Bank Common Stock,Major Banks,20,129.66000366210938,-5.708669302823887,72,79,C
NBP,NovaBridge Biosciences American Depositary Shares,Biotechnology: Pharmaceutical Preparations,77,1.7999999523162842,-72.56097609730153,15,,B+
NBR,Nabors Industries Ltd.,Oil & Gas Production,30,83.55000305175781,-24.477985061889264,90,40,E+
NBRG,Newbridge Acquisition Limited Class A Ordinary Share,Blank Checks,71,9.960000038146973,-0.20039584175044478,46,,D+
NBTB,NBT Bancorp Inc. Common Stock,Major Banks,20,50.63999938964844,0.0,70,62,C
NBTX,Nanobiotix S.A. American Depositary Shares,Biotechnology: Pharmaceutical Preparations,77,41.63999938964844,-24.38714432467667,98,,B+
NC,NACCO Industries Inc. Common Stock,Coal Mining,108,47.529998779296875,-18.799571074286337,54,67,D-
NCDL,Nuveen Churchill Direct Lending Corp. Common Stock,,,12.8100004196167,-15.109052302357117,41,51,D
NCEL,NewcelX Ltd. Ordinary Shares,Biotechnology: Pharmaceutical Preparations,77,3.9800000190734863,-85.73476676168087,57,,A
NCEW,New Century Logistics (BVI) Limited Ordinary Shares,Integrated Freight & Logistics,141,16.809999465942383,-18.792276104460782,97,,B+
NCI,Neo-Concept International Group Holdings Limited Class A Ordinary Shares,Apparel,43,11.930000305175781,-87.57291634877524,93,,A
NCLH,Norwegian Cruise Line Holdings Ltd. Ordinary Shares,Marine Transportation,9,19.459999084472656,-27.76540943319108,32,99,C+
NCMI,National CineMedia Inc. Common Stock,Advertising,94,3.890000104904175,-21.164405589553482,49,44,B
NCNA,NuCana plc American Depositary Share,Biotechnology: Pharmaceutical Preparations,77,1.309999942779541,-89.0833338101705,6,20,E-
NCNO,nCino Inc. Common Stock,Computer Software: Prepackaged Software,118,17.520000457763672,-46.40562498081857,25,89,A-
NCPL,Netcapital Inc. Common Stock,Finance: Consumer Services,116,0.45649999380111694,-90.28723378028195,14,11,A+
NCRA,Nocera Inc. Common Stock,Farming/Seeds/Milling,88,1.4500000476837158,-97.54653115884825,1,,E-
NCSM,NCS Multistage Holdings Inc. Common Stock,Oilfield Services/Equipment,11,44.66999816894531,-47.57042280637438,45,40,B-
NCT,Intercont (Cayman) Limited Class A Ordinary shares,Restaurants,97,2.9200000762939453,-97.29002313104971,17,,A+
NCTY,The9 Limited American Depository Shares,Finance: Consumer Services,116,3.950000047683716,-65.44182027803569,12,,E-
NDAQ,Nasdaq Inc. Common Stock,Investment Bankers/Brokers/Service,77,88.01000213623047,-12.254535657421972,43,76,D-
NDLS,Noodles & Company Class A Common Stock,Restaurants,97,11.880000114440918,-24.810126765648,94,4,B-
NDRA,ENDRA Life Sciences Inc. Common Stock,Biotechnology: Electromedical & Electrotherapeutic Apparatus,81,5.539999961853027,-31.77339852300275,41,,E
NDSN,Nordson Corporation Common Stock,Industrial Machinery/Components,77,286.8299865722656,-5.846253682965818,65,49,C-
NE,Noble Corporation plc A Ordinary Shares,Oil & Gas Production,30,41.68000030517578,-22.50952233637348,73,61,E
NECB,NorthEast Community Bancorp Inc. Common Stock,Banks,19,26.18000030517578,-6.713958536969611,66,76,B
NEE,NextEra Energy Inc. Common Stock,EDP Services,126,89.54000091552734,-7.850594399735799,58,90,D
NEGG,Newegg Commerce Inc. Common Shares,Other Specialty Stores,112,14.079999923706055,-89.00772868588098,5,,E-
NEM,Newmont Corporation,Precious Metals,111,94.75,-27.879157783970896,52,95,E+
NEO,NeoGenomics Inc. Common Stock,Precision Instruments,36,14.229999542236328,-6.13456671857775,92,61,A-
NEOG,Neogen Corporation Common Stock,Biotechnology: In Vitro & In Vivo Diagnostic Substances,95,9.670000076293945,-14.651366801325816,78,20,C-
NEON,Neonode Inc. Common Stock,Industrial Machinery/Components,77,0.8313000202178955,-97.16279849193165,6,9,E-
NEOV,NeoVolta Inc. Common Stock,Industrial Machinery/Components,77,2.240000009536743,-63.03630312396798,13,11,A+
NEPH,Nephros Inc. Common Stock,Medical/Dental Instruments,126,3.549999952316284,-38.687392474867224,41,53,B+
NERV,Minerva Neurosciences Inc Common Stock,Biotechnology: Pharmaceutical Preparations,77,4.019999980926514,-50.18587195852332,77,20,A
NESR,National Energy Services Reunited Corp Ordinary Shares,Oilfield Services/Equipment,11,29.290000915527344,-2.138320692024054,97,73,A-
NET,Cloudflare Inc. Class A Common Stock,Computer Software: Prepackaged Software,118,281.75,0.0,88,20,B+
NEU,NewMarket Corp Common Stock,Major Chemicals,59,733.6699829101562,-14.890636783303446,53,53,D+
NEUP,Neuphoria Therapeutics Inc. Common Stock,Biotechnology: Pharmaceutical Preparations,77,3.569999933242798,-82.15000033378601,14,20,E-
NEWP,New Pacific Metals Corp. Common Shares,Precious Metals,111,4.019999980926514,-33.55372141834223,81,9,E
NEWT,NewtekOne Inc. Common Stock,Major Banks,20,14.819999694824219,-2.6281246070088082,79,57,B-
NEXA,Nexa Resources S.A. Common Shares,Metal Mining,85,14.520000457763672,-13.157888432648745,95,95,B-
NEXM,NexMetals Mining Corp. Common Shares,,,2.2950000762939453,-70.27201892920036,15,,D-
NEXN,Nexxen International Ltd. Ordinary Shares,Computer Software: Programming Data Processing,112,9.920000076293945,-14.038127304282522,82,,A-
NEXR,Nexera Technologies Ltd Ordinary Shares,Other Specialty Stores,112,0.43790000677108765,-99.58015340943587,1,,A+
NEXT,NextDecade Corporation Common Stock,Oil & Gas Production,30,8.180000305175781,-31.83333079020182,67,,D+
NFBK,Northfield Bancorp Inc. Common Stock (Delaware),Savings Institutions,11,14.720000267028809,-1.8011975197596342,74,60,C
NFE,New Fortress Energy Inc. Class A Common Stock,Oil/Gas Transmission,48,0.3499999940395355,-92.34135709206556,5,4,E-
NFG,National Fuel Gas Company Common Stock,Oil/Gas Transmission,48,79.86000061035156,-16.203322627867188,39,51,D
NFGC,New Found Gold Corp Common Shares,Precious Metals,111,1.4600000381469727,-58.04597614526214,17,,E+
NFLX,Netflix Inc. Common Stock,Consumer Electronics/Video Chains,139,73.52999877929688,-42.29184576236793,17,91,E
NG,Novagold Resources Inc.,Precious Metals,111,5.900000095367432,-58.45070299565898,20,11,E
NGEN,NervGen Pharma Corp. Common stock,,,1.7400000095367432,-70.85427017274844,8,,E-
NGG,National Grid Transco PLC National Grid PLC (NEW) American Depositary Shares,Natural Gas Distribution,20,83.41000366210938,-8.865067613989986,57,,D-
NGNE,Neurogene Inc. Common Stock,Biotechnology: Pharmaceutical Preparations,77,39.08000183105469,-8.776840121710572,95,,A
NGS,Natural Gas Services Group Inc. Common Stock,Oilfield Services/Equipment,11,41.29999923706055,-6.412875056781764,81,91,C+
NGVC,Natural Grocers by Vitamin Cottage Inc. Common Stock,Food Chains,64,32.09000015258789,-20.369183951309367,58,71,B-
NGVT,Ingevity Corporation Common Stock,Major Chemicals,59,72.94000244140625,-6.3310647634363555,70,48,C
NHC,National HealthCare Corporation Common Stock,Hospital/Nursing Management,85,210.7899932861328,-3.5021099934868682,91,65,B+
NHI,National Health Investors Inc. Common Stock,Real Estate Investment Trusts,41,76.12000274658203,-14.411149505362687,45,58,C
NHIC,NewHold Investment Corp III Class A Ordinary Shares,,,10.760000228881836,-5.94405049338893,52,,A-
NHTC,Natural Health Trends Corp. Common Stock,Consumer Specialties,37,1.7899999618530273,-58.082607780982265,11,20,E-
NI,NiSource Inc Common Stock,Power Generation,48,46.619998931884766,-5.012230658910422,58,55,D
NIC,Nicolet Bankshares Inc. Common Stock,Major Banks,20,164.67999267578125,-2.4523246468569404,72,44,B+
NICE,NICE Ltd American Depositary Shares,Computer Software: Prepackaged Software,118,102.27999877929688,-39.96595544365399,30,48,C-
NICM,Nicola Mining Inc. American Depositary Shares,,,6.199999809265137,-24.665854749483763,33,,A
NINE,Nine Energy Service Inc. Common Stock,Oilfield Services/Equipment,11,11.510000228881836,-11.529592418223345,84,4,A-
NIO,NIO Inc. American depositary shares each  representing one Class A ordinary share,Auto Manufacturing,140,5.010000228881836,-36.50189716526045,36,20,D
NIPG,NIP Group Inc. American Depositary Shares,Services-Misc. Amusement & Recreation,87,6.119999885559082,-91.50000015894571,2,,E-
NIQ,NIQ Global Intelligence plc Ordinary Shares,Computer Software: Programming Data Processing,112,11.050000190734863,-44.0222881516835,26,20,B+
NIU,Niu Technologies American Depositary Shares,Auto Manufacturing,140,2.190000057220459,-60.611509356857304,16,20,E
NIVF,NewGenIvf Group Limited Class A Ordinary Shares,Misc Health and Biotechnology Services,8,1.4299999475479126,-99.7493866090549,1,,A+
NIXX,Nixxy Inc. Common Stock,EDP Services,126,1.399999976158142,-36.36363882663816,73,,A
NJR,NewJersey Resources Corporation Common Stock,Oil/Gas Transmission,48,58.7599983215332,-0.7600080558985534,73,46,C+
NKE,Nike Inc. Common Stock,Shoe Manufacturing,66,42.86000061035156,-44.42689748979844,24,80,C
NKLR,Terra Innovatum Global N.V. Ordinary shares,Metal Fabrications,37,4.920000076293945,-73.05585972276177,19,,D
NKSH,National Bankshares Inc. Common Stock,Major Banks,20,36.119998931884766,-5.244532215078346,64,67,C+
NKTR,Nektar Therapeutics  Common Stock,Biotechnology: Pharmaceutical Preparations,77,67.16999816894531,-33.06427584424174,87,20,C+
NKTX,Nkarta Inc. Common Stock,Biotechnology: Pharmaceutical Preparations,77,2.6500000953674316,-27.792914433847482,75,20,C+
NL,NLI Holdings Inc. Common Stock,Major Chemicals,59,5.989999771118164,-28.501209258528615,48,84,B
NLOP,Net Lease Office Properties Common Shares of Beneficial Interest,Real Estate Investment Trusts,41,11.369999885559082,-14.958863254443234,51,69,D-
NLY,Annaly Capital Management Inc. Common Stock,Real Estate Investment Trusts,41,23.010000228881836,0.0,66,77,C+
NMAD,Nomad Power Solutions Inc. Common Stock,Biotechnology: Pharmaceutical Preparations,77,5.769999980926514,-28.233830742498323,92,,B+
NMAX,Newsmax Inc. Class B Common Stock,Broadcasting,104,8.3100004196167,-46.79897259602789,45,,A-
NMFC,New Mountain Finance Corporation Common Stock,Finance/Investors Services,73,7.010000228881836,-25.508092747340548,29,32,E+
NMG,Nouveau Monde Graphite Inc. Common Shares,Other Metals and Minerals,132,1.5499999523162842,-69.42800986516795,19,,E+
NMIH,NMI Holdings Inc. Common Stock,Property-Casualty Insurers,41,41.90999984741211,0.0,58,83,C+
NMR,Nomura Holdings Inc ADR American Depositary Shares,Investment Bankers/Brokers/Service,77,9.75,0.0,77,67,C+
NMRA,Neumora Therapeutics Inc. Common Stock,Biotechnology: Biological Products (No Diagnostic Substances),67,1.5800000429153442,-55.98885569107486,30,20,A
NMRK,Newmark Group Inc. Class A Common Stock,Real Estate,90,14.699999809265137,-24.33620946772075,41,94,D+
NMTC,NeuroOne Medical Technologies Corporation Common Stock,Medical/Dental Instruments,126,2.430000066757202,-61.79245258263172,9,11,B
NN,NextNav Inc. Common Stock,Industrial Machinery/Components,77,15.300000190734863,-35.14200893696726,46,,E+
NNBR,NN Inc. Common Stock,Industrial Machinery/Components,77,3.4200000762939453,-14.28571257845629,96,36,A+
NNDM,Nano Dimension Ltd. American Depositary Shares,Electrical Products,3,1.5,-29.906545492100932,33,20,E-
NNE,Nano Nuclear Energy Inc. Common Stock,Electric Utilities: Central,52,18.139999389648438,-67.96751006974301,14,11,E
NNI,Nelnet Inc. Common Stock,Finance: Consumer Services,116,131.8699951171875,-8.337985958969785,47,42,D+
NNN,NNN REIT Inc. Common Stock,Real Estate Investment Trusts,41,47.36000061035156,-0.3576649974991408,65,48,C
NNNN,Anbio Biotechnology Class A Ordinary Shares,Biotechnology: In Vitro & In Vivo Diagnostic Substances,95,9.510000228881836,-81.74664010094817,4,,E-
NNOX,NANO-X IMAGING LTD Ordinary Shares,Medical Electronics,134,1.059999942779541,-80.62157251486106,5,20,A-
NNVC,NanoViricides Inc. Common Stock,Biotechnology: Pharmaceutical Preparations,77,1.7699999809265137,-12.807881484119266,88,11,A+
NOA,North American Construction Group Ltd. Common Shares (no par),Oilfield Services/Equipment,11,13.449999809265137,-19.32619957210704,35,,E+
NOAH,Noah Holdings Limited American Depositary Shares,Investment Managers,67,8.770000457763672,-19.23836857501926,37,39,C-
NOC,Northrop Grumman Corporation Common Stock,Industrial Machinery/Components,77,528.6699829101562,-30.861602180442016,30,,D-
NODK,NI Holdings Inc. Common Stock,Property-Casualty Insurers,41,15.770000457763672,-3.4292680254666696,72,,B+
NOEM,CO2 Energy Transition Corp. Common Stock,,,10.482999801635742,0.0,49,,D
NOEMU,CO2 Energy Transition Corp. Unit,,,11.25,-4.983109332637414,50,,D-
NOG,Northern Oil and Gas Inc. Common Stock,Oil & Gas Production,30,20.139999389648438,-32.09043803608446,26,29,D
NOK,Nokia Corporation Sponsored American Depositary Shares,Radio And Television Broadcasting And Communications Equipment,27,11.699999809265137,-30.563800923518947,93,80,D
NOMA,NOMADAR Corp. Class A Common Stock,Services-Misc. Amusement & Recreation,87,2.930000066757202,-74.52173854993738,11,,C-
NOMD,Nomad Foods Limited Ordinary Shares,Packaged Foods,124,11.5,-33.101837057866966,47,50,B
NOV,NOV Inc. Common Stock,Oil and Gas Field Machinery,32,19.299999237060547,-9.638254143241841,73,38,E+
NOVT,Novanta Inc. Common Stock,Industrial Machinery/Components,77,146.6199951171875,-13.031616168180292,70,83,E+
NOW,ServiceNow Inc. Common Stock,Computer Software: Prepackaged Software,118,104.8499984741211,-47.37396732666367,29,93,B-
NP,Neptune Insurance Holdings Inc. Class A Common Stock,Specialty Insurers,109,31.790000915527344,-6.664710411737529,74,,A
NPB,Northpointe Bancshares Inc. Common Stock,Major Banks,20,18.6299991607666,-3.521493133001463,57,,C-
NPCE,Neuropace Inc. Common Stock,Medical/Dental Instruments,126,15.84000015258789,-17.88491756971562,76,20,C-
NPK,National Presto Industries Inc. Common Stock,Ordnance And Accessories,35,122.75,-16.23447139081047,47,,D-
NPKI,NPK International Inc. Common Stock,Oil and Gas Field Machinery,32,14.510000228881836,-11.253823300660315,74,89,D+
NPO,Enpro Inc. Common Stock,Metal Fabrications,37,332.1400146484375,-14.319613084495476,85,86,D
NPT,Texxon Holding Limited Ordinary shares,Specialty Chemicals,118,2.6500000953674316,-87.07317026650033,7,,A+
NPWR,NET Power Inc. Class A Common Stock,Industrial Machinery/Components,77,1.4700000286102295,-69.69072046359977,15,,E
NRC,NRC Health Common Stock,Biotechnology: Commercial Physical & Biological Resarch,16,21.979999542236328,-3.469481333532365,86,77,A-
NRDS,NerdWallet Inc. Class A Common Stock,EDP Services,126,9.380000114440918,-41.11738898464877,28,99,D-
NRDY,Nerdy Inc. Class A Common Stock,Other Consumer Services,121,0.8762999773025513,-48.75438843544434,26,4,E+
NREF,NexPoint Real Estate Finance Inc. Common Stock,Real Estate Investment Trusts,41,16.59000015258789,0.0,79,53,C+
NRG,NRG Energy Inc. Common Stock,Electric Utilities: Central,52,138.36000061035156,-24.586360947749487,31,49,D
NRGV,Energy Vault Holdings Inc. Common Stock,Industrial Machinery/Components,77,3.3499999046325684,-48.38212599728033,90,20,E
NRIM,Northrim BanCorp Inc Common Stock,Savings Institutions,11,27.15999984741211,-7.550282737942593,64,66,B
NRIX,Nurix Therapeutics Inc. Common stock,Biotechnology: Pharmaceutical Preparations,77,22.979999542236328,-6.9258847907374355,91,4,A
NRP,Natural Resource Partners LP Limited Partnership,Coal Mining,108,98.48999786376953,-20.901674324803654,35,37,E
NRSN,NeuroSense Therapeutics Ltd. Ordinary Shares,Biotechnology: Pharmaceutical Preparations,77,0.7300000190734863,-64.39024214372967,20,4,E-
NRT,North European Oil Royality Trust Common Stock,Oil & Gas Production,30,7.489999771118164,-21.196762918550704,71,55,E-
NRXP,NRX Pharmaceuticals Inc. Common Stock,Biotechnology: Pharmaceutical Preparations,77,4.329999923706055,-6.277055606851678,92,33,C
NRXS,Neuraxis Inc. Common Stock,Biotechnology: Electromedical & Electrotherapeutic Apparatus,81,7.150000095367432,-18.84222752762922,94,,C+
NSA,National Storage Affiliates Trust Common Shares of Beneficial Interest,Real Estate Investment Trusts,41,44.7400016784668,-2.8236299114019148,82,69,C-
NSC,Norfolk Southern Corporation Common Stock,Railroads,24,326.8299865722656,-0.23200029735984673,65,69,D
NSIT,Insight Enterprises Inc. Common Stock,Catalog/Specialty Distribution,59,119.7699966430664,-18.334928642845917,82,85,B+
NSLR,Neostellar Capital Corp. Common Stock,Finance: Consumer Services,116,11.300000190734863,-24.211936241594422,62,,C-
NSP,Insperity Inc. Common Stock,Professional Services,104,47.5,-16.740630626281384,81,31,A-
NSPR,InspireMD Inc. Common Stock,Medical/Dental Instruments,126,0.7174999713897705,-74.28315479570006,7,20,E
NSRX,Nasus Pharma Ltd. Ordinary Shares,Biotechnology: Pharmaceutical Preparations,77,3.049999952316284,-66.66666579811078,22,,B+
NSSC,NAPCO Security Technologies Inc. Common Stock,Telecommunications Equipment,73,35.900001525878906,-23.40470313388161,35,54,D-
NSTS,NSTS Bancorp Inc. Common Stock,Savings Institutions,11,13.789999961853027,-0.36127305045956515,66,,A-
NSYS,Nortech Systems Incorporated Common Stock,Industrial Machinery/Components,77,14.079999923706055,-20.27180042264081,84,20,B-
NTAP,NetApp Inc. Common Stock,Electronic Components,5,174.5500030517578,-3.3133736077742726,93,83,A-
NTB,Bank of N.T. Butterfield & Son Limited (The) Voting Ordinary Shares,Commercial Banks,10,60.58000183105469,-0.18124369441967492,76,87,C
NTCL,NETCLASS TECHNOLOGY INC Class A Ordinary Shares,Computer Software: Prepackaged Software,118,4.0,-97.2508591065292,1,,B-
NTCT,NetScout Systems Inc. Common Stock,EDP Services,126,43.209999084472656,-3.63514955969767,90,56,B-
NTES,NetEase Inc. American Depositary Shares,Computer Software: Prepackaged Software,118,128.38999938964844,-17.805035538310655,49,58,C+
NTGR,NETGEAR Inc. Common Stock,Telecommunications Equipment,73,23.0,-36.12885011925564,31,68,D
NTHI,NeOnc Technologies Holdings Inc. Common Stock,Biotechnology: Pharmaceutical Preparations,77,3.680000066757202,-69.56162100651844,12,,B+
NTIC,Northern Technologies International Corporation Common Stock,Industrial Specialties,90,8.100000381469727,-18.00909235359205,42,74,E+
NTIP,Network-1 Technologies Inc. Common Stock,Multi-Sector Companies,95,1.4700000286102295,-17.474345363051857,56,,C
NTLA,Intellia Therapeutics Inc. Common Stock,Biotechnology: In Vitro & In Vivo Diagnostic Substances,95,13.300000190734863,-52.466045717197865,41,20,E+
NTNX,Nutanix Inc. Class A Common Stock,Computer Software: Prepackaged Software,118,55.470001220703125,-31.619823295629345,62,80,B+
NTR,Nutrien Ltd. Common Shares,Agricultural Chemicals,128,68.63999938964844,-16.88836618633439,55,86,D+
NTRA,Natera Inc. Common Stock,Medical Specialities,24,272.6600036621094,-3.9252940838693573,86,,B+
NTRB,Nutriband Inc. Common Stock,Industrial Specialties,90,2.9800000190734863,-66.17480275667072,13,11,E+
NTRP,NextTrip Inc. Common Stock,Miscellaneous manufacturing industries,115,2.009999990463257,-57.505285785242435,14,4,D+
NTRS,Northern Trust Corporation Common Stock,Major Banks,20,186.63999938964844,0.0,83,79,C
NTSK,Netskope Inc. Class A Common Stock,Computer Software: Prepackaged Software,118,14.270000457763672,-44.66847634281332,54,20,A-
NTST,NetSTREIT Corp. Common Stock,Real Estate Investment Trusts,41,21.399999618530273,-2.550088749039814,70,,B+
NTWK,NetSol Technologies Inc. Common  Stock,Computer Software: Prepackaged Software,118,4.329999923706055,-17.049806556657344,74,89,B+
NTZ,Natuzzi S.p.A.,Home Furnishings,51,1.6399999856948853,-59.00000035762787,11,29,D
NU,Nu Holdings Ltd. Class A Ordinary Shares,Finance: Consumer Services,116,13.989999771118164,-25.426441362298323,38,98,D+
NUAI,New Era Energy & Digital Inc. Common Stock,Oil & Gas Production,30,4.159999847412109,-48.38710135439494,98,,D-
NUCL,Eagle Nuclear Energy Corp. Common stock,Other Metals and Minerals,132,6.260000228881836,-52.61165623917776,20,,B+
NUE,Nucor Corporation Common Stock,Steel/Iron Ore,46,234.16000366210938,-11.869693184591746,87,76,E+
NUS,Nu Skin Enterprises Inc. Common Stock,Other Pharmaceuticals,138,4.96999979019165,-60.399883162150736,12,43,D-
NUTX,Nutex Health Inc. Common Stock,Business Services,90,178.3699951171875,-9.240321464868606,89,68,A-
NUVB,Nuvation Bio Inc. Class A Common Stock,Biotechnology: Pharmaceutical Preparations,77,5.900000095367432,-38.155135021390194,89,63,E+
NUVL,Nuvalent Inc. Class A Common Stock,Biotechnology: Pharmaceutical Preparations,77,123.95999908447266,0.0,81,4,A
NUWE,Nuwellis Inc. Common Stock,Biotechnology: Electromedical & Electrotherapeutic Apparatus,81,3.2200000286102295,-99.42319748703802,1,20,E-
NVA,Nova Minerals Corp Common Stock,Precious Metals,111,4.980000019073486,-65.33964359342994,61,,E+
NVAX,Novavax Inc. Common Stock,Biotechnology: Biological Products (No Diagnostic Substances),67,8.420000076293945,-24.754241358018636,58,40,C-
NVCR,NovoCure Limited Ordinary Shares,Medical/Dental Instruments,126,15.550000190734863,-15.073726683287303,71,4,C
NVCT,Nuvectis Pharma Inc. Common Stock,Biotechnology: Pharmaceutical Preparations,77,18.290000915527344,-35.89204179694031,97,,D
NVDA,NVIDIA Corporation Common Stock,Semiconductors,2,211.8000030517578,-10.050544756844971,66,95,C-
NVEC,NVE Corporation Common Stock,Semiconductors,2,90.43000030517578,-22.656515804501133,80,61,B-
NVGS,Navigator Holdings Ltd. Ordinary Shares (Marshall Islands),Marine Transportation,9,21.079999923706055,-12.96039103907123,73,84,E+
NVMI,Nova Ltd. Ordinary Shares,Electronic Components,5,473.5400085449219,-21.812929999788366,76,86,E
NVNI,Nvni Group Limited Ordinary Shares,Computer Software: Prepackaged Software,118,1.3700000047683716,-90.61643856867859,16,,E-
NVNO,enVVeno Medical Corporation Common Stock,Medical/Dental Instruments,126,10.899999618530273,-94.06802741848692,16,4,E-
NVO,Novo Nordisk A/S Common Stock,Biotechnology: Pharmaceutical Preparations,77,49.06999969482422,-28.252633340305376,47,88,B-
NVR,NVR Inc. Common Stock,Homebuilding,59,6378.7998046875,-25.333023473165163,32,41,C-
NVRI,Enviri Corporation Common Stock,Environmental Services,73,22.549999237060547,-3.1357449658655834,91,32,B
NVS,Novartis AG Common Stock,Biotechnology: Pharmaceutical Preparations,77,150.36000061035156,-8.115006077804098,60,67,D+
NVST,Envista Holdings Corporation Common Stock,Medical/Dental Instruments,126,26.110000610351562,-13.714473189492182,63,71,D
NVT,nVent Electric plc Ordinary Shares,Industrial Machinery/Components,77,161.77999877929688,-12.238254316356734,90,94,D+
NVTS,Navitas Semiconductor Corporation Common Stock,Semiconductors,2,13.09000015258789,-58.82353011762803,90,20,C-
NVVE,Nuvve Holding Corp. Common Stock,Electrical Products,3,15.800000190734863,-97.66548456328164,16,20,A+
NVX,NOVONIX Limited American Depository Shares,Industrial Machinery/Components,77,0.45399999618530273,-84.5578235595504,7,,E
NWAX,New America Acquisition I Corp. Class A Common Stock,Blank Checks,71,10.135000228881836,-0.8317028955585726,45,,D
NWBI,Northwest Bancshares Inc. Common Stock,Major Banks,20,15.109999656677246,-1.5635225982287615,72,46,C
NWE,NorthWestern Energy Group Inc. Common Stock,Power Generation,48,72.91000366210938,-0.6946261503063544,72,42,C
NWFL,Norwood Financial Corp. Common Stock,Major Banks,20,31.420000076293945,-3.619627156620475,67,68,A-
NWG,NatWest Group plc American Depositary Shares (each representing two (2) Ordinary Shares),Commercial Banks,10,17.229999542236328,-6.20577705452432,65,90,C-
NWGL,CL Workshop Group Limited American Depositary Shares,,,0.26249998807907104,-85.00000068119594,3,,A+
NWL,Newell Brands Inc. Common Stock,Plastic Products,29,5.019999980926514,-18.241040878070013,69,20,B
NWN,Northwest Natural Holding Company Common Stock,Oil/Gas Transmission,48,50.560001373291016,-8.541867382543522,59,52,D+
NWPX,NWPX Infrastructure Inc. Common Stock,Steel/Iron Ore,46,138.2100067138672,-7.823126274873127,97,89,B-
NWS,News Corporation Class B Common Stock,Newspapers/Magazines,30,31.149999618530273,-10.8288125942814,50,54,D-
NWSA,News Corporation Class A Common Stock,Newspapers/Magazines,30,27.600000381469727,-10.682123368653262,53,81,D
NWTG,Newton Golf Company Inc. Common Stock,Recreational Games/Products/Toys,97,0.9706000089645386,-51.9504941520171,15,,A-
NX,Quanex Building Products Corporation Common Stock,Metal Fabrications,37,17.18000030517578,-23.097713285864284,41,30,D
NXB,NextBoat Inc. Common Stcok,Marine Transportation,9,2.0199999809265137,-46.84210509804807,16,,E
NXDR,Nextdoor Holdings Inc. Class A Common Stock,Computer Software: Programming Data Processing,112,2.5,-9.747291797316315,89,20,A-
NXDT,NexPoint Diversified Real Estate Trust Common Stock,Real Estate Investment Trusts,41,5.760000228881836,0.0,88,,A-
NXE,Nexgen Energy Ltd. Common Shares,Other Metals and Minerals,132,9.359999656677246,-32.75862352459664,44,,E+
NXGL,NexGel Inc Common Stock,Medical/Dental Instruments,126,0.4690000116825104,-83.12949580902156,8,,B
NXL,Nexalin Technology Inc. Common Stock,Biotechnology: Electromedical & Electrotherapeutic Apparatus,81,0.4101000130176544,-77.95161237292434,15,11,D
NXPI,NXP Semiconductors N.V. Common Stock,Semiconductors,2,283.8699951171875,-14.379746318118636,80,77,D-
NXPL,NextPlat Corp Common Stock,Telecommunications Equipment,73,6.989999771118164,-28.673473111493774,57,,A
NXRT,NexPoint Residential Trust Inc. Common Stock,Real Estate Investment Trusts,41,27.1299991607666,-16.0159723918922,41,,B-
NXST,Nexstar Media Group Inc. Common Stock,Broadcasting,104,175.55999755859375,-30.125060078905154,38,60,C+
NXT,Nextpower Inc. Class A Common Stock,Industrial Machinery/Components,77,104.66000366210938,-33.08183647923917,71,67,E-
NXTC,NextCure Inc. Common Stock,Biotechnology: Pharmaceutical Preparations,77,6.579999923706055,-53.88928021984631,24,4,A+
NXTS,Nexentis Technologies Inc. Common Stock,Agricultural Chemicals,128,2.6600000858306885,-96.7687073667495,5,,A+
NXTT,Next Technology Holding Inc. Ordinary Shares,EDP Services,126,0.9778000116348267,-99.81959409379432,4,,E-
NXXT,NextNRG Inc. Common Stock,Retail-Auto Dealers and Gas Stations,104,0.289900004863739,-89.71985774019593,7,,A
NYAX,Nayax Ltd. Ordinary Shares,Computer Software: Prepackaged Software,118,62.525001525878906,-17.52406867240278,71,,E
NYC,American Strategic Investment Co. Class A Common Stock,Real Estate Investment Trusts,41,8.40999984741211,-45.776919901319616,31,20,C-
NYT,New York Times Company (The) Common Stock,Newspapers/Magazines,30,72.9800033569336,-14.735142504085353,61,90,D+
NYXH,Nyxoah SA Ordinary Shares,Medical/Dental Instruments,126,1.5800000429153442,-80.91787326243816,6,20,E-
O,Realty Income Corporation Common Stock,Real Estate Investment Trusts,41,63.77000045776367,-3.9489035921103643,59,85,D+
OABI,OmniAb Inc. Common Stock,Biotechnology: Commercial Physical & Biological Resarch,16,2.140000104904175,-21.32352638254944,77,4,A-
OBA,Oxley Bridge Acquisition Limited Class A Ordinary Shares,Blank Checks,71,10.25,0.0,48,,D
OBAI,Our Bond Inc. Common Stock,Telecommunications Equipment,73,0.6499999761581421,-98.03030310255109,3,,A+
OBDC,Blue Owl Capital Corporation Common Stock,Diversified Financial Services,23,10.989999771118164,-17.774438163203744,41,,D+
OBE,Obsidian Energy Ltd. Common Shares,Oil & Gas Production,30,9.34000015258789,-35.40802124517285,81,29,D+
OBIO,Orchestra BioMed Holdings Inc. Ordinary Shares,Medicinal Chemicals and Botanical Products,134,3.690000057220459,-31.02803508416354,46,,A
OBK,Origin Bancorp Inc. Common Stock,Major Banks,20,50.83000183105469,-2.2875790392873463,80,84,C
OBT,Orange County Bancorp Inc. Common Stock,Major Banks,20,36.91999816894531,-2.016990791069806,78,64,C+
OC,Owens Corning Inc Common Stock New,Industrial Machinery/Components,77,142.86000061035156,-10.128337583991254,65,45,A-
OCC,Optical Cable Corporation Common Stock,Telecommunications Equipment,73,16.030000686645508,-40.45319226888968,97,63,A+
OCFC,OceanFirst Financial Corp. Common Stock,Major Banks,20,19.260000228881836,-3.5594090582718563,56,44,C+
OCG,Oriental Culture Holding LTD Ordinary Shares,Other Consumer Services,121,1.5199999809265137,-99.97693445937591,5,,A+
OCGN,Ocugen Inc. Common Stock,Biotechnology: Biological Products (No Diagnostic Substances),67,1.4299999475479126,-42.33871223589134,36,20,A-
OCS,Oculis Holding AG Ordinary shares,Biotechnology: Pharmaceutical Preparations,77,12.930000305175781,-60.398163243798756,12,20,E-
OCSL,Oaktree Specialty Lending Corporation Common Stock,Finance: Consumer Services,116,12.149999618530273,-6.26652265975276,48,31,D+
OCUL,Ocular Therapeutix Inc. Common Stock,Biotechnology: Pharmaceutical Preparations,77,9.699999809265137,-39.78895442727449,39,20,B
ODC,Oil-Dri Corporation Of America Common Stock,Miscellaneous manufacturing industries,115,103.83999633789062,-2.442696395978472,93,38,B+
ODD,ODDITY Tech Ltd. Class A Ordinary Shares,Package Goods/Cosmetics,83,16.350000381469727,-77.91734173514729,16,37,A-
ODFL,Old Dominion Freight Line Inc. Common Stock,Trucking Freight/Courier Services,7,228.61000061035156,-8.08909076620864,81,67,D+
ODV,Osisko Development Corp. Common Shares,Precious Metals,111,2.380000114440918,-50.20920481222443,22,,E-
ODYS,Odysight.ai Inc. Common Stock,Electronic Components,5,4.900000095367432,-32.87671277616546,48,,A
OEC,Orion S.A. Common Shares,Major Chemicals,59,6.090000152587891,-46.54782654478306,28,20,E-
OESX,Orion Energy Systems Inc. Common Stock,Building Products,63,10.170000076293945,-44.90790584681944,63,52,D+
OFAL,OFA Group Class A Ordinary Shares,Military/Government/Technical,103,0.14030000567436218,-95.7740961296549,3,,E-
OFG,OFG Bancorp Common Stock,Major Banks,20,49.849998474121094,-0.5982114509069381,69,91,C
OFIX,Orthofix Medical Inc. Common Stock (DE),Medical/Dental Instruments,126,10.949999809265137,-32.53234677690977,28,47,C+
OFLX,Omega Flex Inc. Common Stock,Industrial Specialties,90,29.68000030517578,-19.244113089300853,38,41,D+
OFRM,Once Upon a Farm PBC Common Stock,Packaged Foods,124,17.6299991607666,-31.983028129345026,39,,A-
OFS,OFS Capital Corporation Common Stock,Finance/Investors Services,73,3.619999885559082,-51.587012188301564,23,51,C-
OGC,OceanaGold Corporation Common Shares,,,23.690000534057617,-44.11859611885474,42,,E+
OGE,OGE Energy Corp Common Stock,Electric Utilities: Central,52,49.5,0.0,60,42,D+
OGEN,Oragenics Inc. Common Stock,Biotechnology: Pharmaceutical Preparations,77,0.5658000111579895,-60.70833411978347,14,4,D
OGI,Organigram Global Inc. Common Shares,Biotechnology: Pharmaceutical Preparations,77,0.8902000188827515,-57.81042354780197,12,34,E
OGN,Organon & Co. Common Stock,Biotechnology: Pharmaceutical Preparations,77,13.5,-0.44248095693196765,89,44,A-
OGS,ONE Gas Inc. Common Stock,Oil/Gas Transmission,48,79.1500015258789,-11.949630500491038,45,53,D+
OHI,Omega Healthcare Investors Inc. Common Stock,Real Estate Investment Trusts,41,48.290000915527344,-2.6803668782483414,70,84,C-
OI,O-I Glass Inc. Common Stock,Containers/Packaging,59,8.449999809265137,-49.18821265367031,17,51,E-
OIA,Invesco Municipal Income Opportunities Trust Common Stock,Finance Companies,48,6.210000038146973,-1.1044024679639275,54,,C-
OII,Oceaneering International Inc. Common Stock,Oilfield Services/Equipment,11,43.279998779296875,0.0,90,81,B
OIO,OIO Group Ordinary Shares,Environmental Services,73,2.059999942779541,-84.10493875990697,3,,C
OIS,Oil States International Inc. Common Stock,Oil and Gas Field Machinery,32,8.420000076293945,-41.48714471573315,56,86,D-
OKE,ONEOK Inc. Common Stock,Oil & Gas Production,30,91.9000015258789,-3.506926094925078,72,77,D
OKLO,Oklo Inc. Class A common stock,Electric Utilities: Central,52,46.2400016784668,-73.44665106205606,16,11,E+
OKTA,Okta Inc. Class A Common Stock,Computer Software: Prepackaged Software,118,154.6199951171875,0.0,95,86,A
OKUR,OnKure Therapeutics Inc. Class A Common Stock,Biotechnology: Pharmaceutical Preparations,77,4.21999979019165,-19.924102363094576,77,11,A
OKYO,OKYO Pharma Limited Ordinary Shares,Biotechnology: Biological Products (No Diagnostic Substances),67,1.5800000429153442,-51.68195559231561,24,,E-
OLB,The OLB Group Inc. Common Stock,Business Services,90,0.36000001430511475,-79.77527977014304,11,9,A-
OLED,Universal Display Corporation Common Stock,Electrical Products,3,78.6500015258789,-47.687304565988065,16,71,D
OLLI,Ollie's Bargain Outlet Holdings Inc. Common Stock,Department/Specialty Retail Stores,52,65.94000244140625,-53.16761291747498,13,71,E-
OLMA,Olema Pharmaceuticals Inc. Common Stock,Biotechnology: Pharmaceutical Preparations,77,11.850000381469727,-66.92715664000033,61,4,D+
OLN,Olin Corporation Common Stock,Major Chemicals,59,21.65999984741211,-27.625509066856658,31,4,E
OLOX,Olenox Industries Inc. Common Stock,RETAIL: Building Materials,114,5.46999979019165,-98.70697813925304,9,4,A+
OLP,One Liberty Properties Inc. Common Stock,Real Estate Investment Trusts,41,24.5,-3.0854456703300337,67,86,C+
OM,Outset Medical Inc. Common Stock,Biotechnology: Electromedical & Electrotherapeutic Apparatus,81,4.539999961853027,-76.64609137278961,20,4,D+
OMAB,Grupo Aeroportuario del Centro Norte S.A.B. de C.V. ADS,Aerospace,101,107.63999938964844,-17.936299407604896,47,90,C
OMC,Omnicom Group Inc. Common Stock,Advertising,94,80.75,-3.930545762694637,58,75,E+
OMCL,Omnicell Inc. Common Stock ($0.001 par value),Computer Manufacturing,17,45.939998626708984,-10.605177714863434,82,53,B
OMDA,Omada Health Inc. Common Stock,Medical/Nursing Services,27,23.440000534057617,-12.47199427539023,90,20,A-
OMER,Omeros Corporation Common Stock,Biotechnology: Pharmaceutical Preparations,77,10.5,-38.882422505914114,91,96,E-
OMEX,Odyssey Marine Exploration Inc. Common Stock,Marine Transportation,9,0.6845999956130981,-83.3834947905539,9,32,E+
OMF,OneMain Holdings Inc. Common Stock,Finance: Consumer Services,116,59.959999084472656,-12.775089013708907,54,74,C-
OMH,Ohmyhome Limited Class A Ordinary Shares,Real Estate,90,0.3560999929904938,-81.05851096310136,5,,B+
OMSE,OMS Energy Technologies Inc. Ordinary Shares,Oil and Gas Field Machinery,32,4.5,-41.55844011079962,38,,C-
ON,ON Semiconductor Corporation Common Stock,Semiconductors,2,93.7300033569336,-30.015673499037742,89,70,D-
ONB,Old National Bancorp Common Stock,Major Banks,20,26.309999465942383,-0.5293054554207588,67,88,C+
ONC,BeOne Medicines Ltd. American Depositary Shares,Biotechnology: Pharmaceutical Preparations,77,306.55999755859375,-18.785599764959592,47,97,C+
ONCO,Onconetix Inc. Common Stock,Biotechnology: Pharmaceutical Preparations,77,0.8486999869346619,-99.6485714339815,1,,E-
ONCY,Oncolytics Biotech Inc. Common Stock,Biotechnology: Pharmaceutical Preparations,77,0.9082000255584717,-36.04224978829856,28,4,B+
ONDS,Ondas Inc. Common Stock,Radio And Television Broadcasting And Communications Equipment,27,7.360000133514404,-47.4660955512217,77,4,D
ONEG,OneConstruction Group Limited Ordinary Shares,Homebuilding,59,1.1799999475479126,-90.91608954319219,4,,A-
ONEW,OneWater Marine Inc. Class A Common Stock,Auto & Home Supply Stores,97,12.239999771118164,-29.896904851482418,45,28,A-
ONFO,Onfolio Holdings Inc. Common Stock,EDP Services,126,0.15530000627040863,-89.64666624863943,3,,E-
ONIT,Onity Group Inc. Common Stock,Finance: Consumer Services,116,38.529998779296875,-27.778819341509585,37,57,D
ONL,Orion Properties Inc. Common Stock,Real Estate Investment Trusts,41,2.6600000858306885,-10.734231881152102,67,20,A
ONMD,OneMedNet Corp Class A Common Stock,Biotechnology: Commercial Physical & Biological Resarch,16,0.7267000079154968,-76.85668841919755,21,,A-
ONON,On Holding AG Class A Ordinary Shares,Shoe Manufacturing,66,37.7400016784668,-30.420353040937453,36,60,C
ONT,Onterris Inc. Common Stock,Professional Services,104,20.6299991607666,-33.580168977827526,31,92,A-
ONTO,Onto Innovation Inc. Common Stock,Industrial Machinery/Components,77,319.32000732421875,-15.624257623346406,95,60,B
OOMA,Ooma Inc. Common Stock,EDP Services,126,20.540000915527344,0.0,92,96,B-
OPAD,Offerpad Solutions Inc. Class A Common Stock,Real Estate,90,4.809999942779541,-22.79293855451906,99,4,D+
OPAL,OPAL Fuels Inc. Class A Common Stock,Natural Gas Distribution,20,2.25,-19.06474736849779,35,34,A
OPBK,OP Bancorp Common Stock,Major Banks,20,14.720000267028809,-4.353476681919877,57,92,B+
OPCH,Option Care Health Inc. Common Stock,Medical/Nursing Services,27,21.350000381469727,-41.650723442372794,20,89,D
OPEN,Opendoor Technologies Inc Common Stock,Real Estate,90,4.550000190734863,-56.74904949859578,94,4,B
OPFI,OppFi Inc. Class A Common Stock,Finance: Consumer Services,116,9.199999809265137,-24.836601459963205,39,76,C
OPHC,OptimumBank Holdings Inc. Common Stock,Major Banks,20,6.0,0.0,79,42,B
OPK,OPKO Health Inc. Common Stock,Biotechnology: Pharmaceutical Preparations,77,1.2200000286102295,-22.784810413097144,38,4,E+
OPLN,OPENLANE Inc. Common Stock,Retail-Auto Dealers and Gas Stations,104,40.310001373291016,-6.037296178242569,86,76,A
OPRA,Opera Limited American Depositary Shares,Computer Software: Prepackaged Software,118,20.1299991607666,-0.04966303667497396,82,68,B+
OPRT,Oportun Financial Corporation Common Stock,Finance: Consumer Services,116,5.78000020980835,-18.591545247246454,54,46,B
OPRX,OptimizeRx Corporation Common Stock,Business Services,90,6.53000020980835,-69.88007325696665,19,83,B
OPTT,Ocean Power Technologies Inc. Common Stock,Electric Utilities: Central,52,0.20029999315738678,-76.15476197487507,7,4,E-
OPTU,Optimum Communications Inc. Class A common stock,Cable & Other Pay Television Services,104,1.0099999904632568,-65.76271274109673,11,4,A-
OPTX,Syntec Optics Holdings Inc. Class A Common Stock,Electronic Components,5,8.199999809265137,-41.88518774779227,98,,C
OPXS,Optex Systems Holdings Inc. Common Stock,Electronic Components,5,13.079999923706055,-24.48036862486328,48,49,A-
OPY,Oppenheimer Holdings Inc. Class A Common Stock (DE),Investment Bankers/Brokers/Service,77,118.29000091552734,0.0,88,91,B+
OR,OR Royalties Inc. Common Shares,Precious Metals,111,28.899999618530273,-39.23294762047574,25,97,E
ORA,Ormat Technologies Inc. Common Stock,Electric Utilities: Central,52,107.36000061035156,-26.00965120996619,48,75,E+
ORBS,Eightco Holdings Inc. Common Stock,,,0.6751999855041504,-98.50221837160836,9,,D-
ORC,Orchid Island Capital Inc. Common Stock,Real Estate Investment Trusts,41,6.829999923706055,-10.382107489680692,52,36,D
ORCL,Oracle Corporation Common Stock,Computer Software: Prepackaged Software,118,127.94000244140625,-60.58897435716653,16,87,E-
ORGO,Organogenesis Holdings Inc. Class A Common Stock,Biotechnology: Pharmaceutical Preparations,77,2.3399999141693115,-64.22018458993534,20,38,D-
ORI,Old Republic International Corporation Common Stock,Property-Casualty Insurers,41,41.38999938964844,-4.552102223819354,53,56,C-
ORIC,Oric Pharmaceuticals Inc. Common Stock,Biotechnology: Pharmaceutical Preparations,77,10.550000190734863,-26.786951405627278,42,4,C+
ORIO,Orion Digital Corp. Common Shares,Finance: Consumer Services,116,0.7150999903678894,-64.94607824804415,11,34,E
ORIQ,Origin Investment Corp I Ordinary Shares,,,10.319999694824219,0.0,48,99,D+
ORKA,Oruka Therapeutics Inc. Common Stock,Biotechnology: In Vitro & In Vivo Diagnostic Substances,95,87.47000122070312,-8.090781860238339,99,9,B-
ORKT,Orangekloud Technology Inc. Class A Ordinary Shares,Computer Software: Prepackaged Software,118,1.0199999809265137,-68.12500107102095,26,,B+
ORLA,Orla Mining Ltd. Common Shares,Precious Metals,111,9.489999771118164,-56.2125467357246,18,98,E
ORLY,O'Reilly Automotive Inc. Common Stock,Auto & Home Supply Stores,97,85.75,-20.46930046122386,35,82,E+
ORMP,Oramed Pharmaceuticals Inc. Common Stock,Biotechnology: Pharmaceutical Preparations,77,4.0,-19.999999999999996,87,96,E-
ORN,Orion Group Holdings Inc. Common,Military/Government/Technical,103,13.600000381469727,-20.653437189249058,83,45,D+
ORRF,Orrstown Financial Services Inc. Common Stock,Major Banks,20,40.41999816894531,-3.1160187289560715,66,86,C
OSBC,Old Second Bancorp Inc. Common Stock,Major Banks,20,23.010000228881836,-2.5825596472390355,70,55,C
OSCR,Oscar Health Inc. Class A Common Stock,Medical Specialities,24,31.06999969482422,-3.4493492847264884,95,31,A-
OSG,Octave Specialty Group Inc. Common Stock,Property-Casualty Insurers,41,6.119999885559082,-39.28571496150391,60,32,A-
OSIS,OSI Systems Inc. Common Stock (DE),Semiconductors,2,211.07000732421875,-31.842543168360894,25,65,E+
OSK,Oshkosh Corporation (Holding Company)Common Stock,Auto Manufacturing,140,145.75,-17.72544323082871,51,49,D-
OSPN,OneSpan Inc. Common Stock,EDP Services,126,15.489999771118164,-1.9326328970776463,74,72,B
OSRH,OSR Health Inc. Common Stock,Medical/Dental Instruments,126,0.3621000051498413,-68.23684125494758,11,,A
OSS,One Stop Systems Inc. Common Stock,Computer Manufacturing,17,13.569999694824219,-31.979954005651866,96,75,C+
OSTX,OS Therapies Incorporated Common Stock,Biotechnology: Pharmaceutical Preparations,77,1.659999966621399,-33.60000133514405,56,,E+
OSUR,OraSure Technologies Inc. Common Stock,Medical/Dental Instruments,126,4.260000228881836,-5.3333282470703125,86,20,B
OSW,OneSpaWorld Holdings Limited Common Shares,Hotels/Resorts,39,26.510000228881836,-7.5662484421324505,68,93,C
OTEX,Open Text Corporation Common Shares,EDP Services,126,22.469999313354492,-41.62797330279287,28,84,C-
OTF,Blue Owl Technology Finance Corp. Common Stock,,,10.279999732971191,-25.789825842905103,28,,D-
OTIS,Otis Worldwide Corporation Common Stock,Consumer Electronics/Appliances,122,72.55999755859375,-26.75163930316513,28,75,D-
OTLK,Outlook Therapeutics Inc. Common Stock,Biotechnology: Biological Products (No Diagnostic Substances),67,1.7300000190734863,-41.75084166975527,99,11,A+
OTLY,Oatly Group AB American Depositary Shares,Packaged Foods,124,9.755000114440918,-47.38403650093104,22,20,E
OTTR,Otter Tail Corporation Common Stock,Electric Utilities: Central,52,90.08999633789062,-1.4224784554545677,57,71,D+
OUST,Ouster Inc. Common Stock,Industrial Machinery/Components,77,41.970001220703125,-32.869480304856054,93,33,B
OUT,OUTFRONT Media Inc. Common Stock,Real Estate Investment Trusts,41,33.150001525878906,-1.952084651299335,89,91,B
OVBC,Ohio Valley Banc Corp. Common Stock,Major Banks,20,43.189998626708984,-13.844010160654829,60,48,B
OVID,Ovid Therapeutics Inc. Common Stock,Biotechnology: Pharmaceutical Preparations,77,2.4600000381469727,-16.89189167419779,97,20,B
OVLY,Oak Valley Bancorp (CA) Common Stock,Major Banks,20,33.290000915527344,-5.075559722800838,59,47,C
OVV,Ovintiv Inc. (DE),Oil & Gas Production,30,56.310001373291016,-10.2638079468226,78,,D
OWL,Blue Owl Capital Inc. Class A Common Stock,Investment Managers,67,9.619999885559082,-50.45250586820907,27,,C+
OWLS,OBOOK Holdings Inc. Class A Common Shares,Computer Software: Prepackaged Software,118,5.650000095367432,-89.82898258691965,13,,D-
OWLT,Owlet Inc. Class A Common Stock,Industrial Machinery/Components,77,6.380000114440918,-61.38014565585197,29,20,B
OXBR,Oxbridge Re Holdings Limited Ordinary Shares,Property-Casualty Insurers,41,1.5800000429153442,-42.54545298489657,85,20,E
OXLC,Oxford Lane Capital Corp. Common Stock,Investment Managers,67,9.130000114440918,-38.90668123010885,26,,E+
OXM,Oxford Industries Inc. Common Stock,Garments and Clothing,67,37.22999954223633,-24.107969625834645,38,31,E+
OXSQ,Oxford Square Capital Corp. Common Stock,Blank Checks,71,1.5499999523162842,-20.377194698174307,38,,E+
OXY,Occidental Petroleum Corporation Common Stock,Oil & Gas Production,30,54.56999969482422,-17.23723489523785,63,74,C-
OZK,Bank OZK Common Stock,Major Banks,20,50.779998779296875,-2.997835687896877,53,,D-
P,Everpure Inc. Class A common stock,Electronic Components,5,77.02999877929688,-21.95541928973813,66,97,C+
PAAS,Pan American Silver Corp. Common Stock,Precious Metals,111,43.5099983215332,-36.29251425585265,43,84,E
PAC,Grupo Aeroportuario Del Pacifico S.A. B. de C.V. Grupo Aeroportuario Del Pacifico S.A. de C.V. (each representing 10 Series B shares),Aerospace,101,225.9499969482422,-24.78612756105725,39,58,E+
PACB,Pacific Biosciences of California Inc. Common Stock,Biotechnology: Laboratory Analytical Instruments,52,1.5,-43.820226324410704,41,20,B
PACH,Pioneer Acquisition I Corp Class A Ordinary Shares,,,10.270000457763672,0.0,49,,C
PACK,Ranpak Holdings Corp Class A Common Stock,Containers/Packaging,59,6.909999847412109,-9.554974238622426,91,20,B+
PACS,PACS Group Inc. Common Stock,Hospital/Nursing Management,85,44.95000076293945,-0.11110941569010269,97,,A-
PAG,Penske Automotive Group Inc. Common Stock,Retail-Auto Dealers and Gas Stations,104,193.5500030517578,-0.3706188319702375,71,44,B-
PAGS,PagSeguro Digital Ltd. Class A Common Shares,EDP Services,126,9.279999732971191,-20.810101830156334,41,84,D-
PAHC,Phibro Animal Health Corporation Class A Common Stock,Biotechnology: Pharmaceutical Preparations,77,33.040000915527344,-44.31083383956509,24,89,E
PAL,Proficient Auto Logistics Inc. Common Stock,Transportation Services,116,7.050000190734863,-33.1119524074893,39,20,C+
PALI,Palisade Bio Inc. Common Stock,Biotechnology: Biological Products (No Diagnostic Substances),67,1.9299999475479126,-31.071429270870844,79,,B+
PAM,Pampa Energia S.A.,Electric Utilities: Central,52,84.11000061035156,-8.84360716331295,59,68,D+
PAMT,PAMT CORP Common Stock,Trucking Freight/Courier Services,7,13.59000015258789,-14.36672809963836,73,11,C+
PANL,Pangaea Logistics Solutions Ltd. Common Shares,Marine Transportation,9,7.179999828338623,-22.697978495453896,70,81,D-
PANW,Palo Alto Networks Inc. Common Stock,Computer peripheral equipment,43,352.8900146484375,-1.2977887580626901,95,91,A-
PAPL,Pineapple Financial Inc. Common Stock,Finance: Consumer Services,116,0.941100001335144,-86.72637544314246,30,11,A
PAR,PAR Technology Corporation Common Stock,Office Equipment/Supplies/Services,57,16.5,-76.8356040679677,19,20,B+
PARK,Park Dental Partners Inc. Common Stock,Misc Health and Biotechnology Services,8,20.040000915527344,-7.006953016204232,89,,B
PARR,Par Pacific Holdings Inc.  Common Stock,Oil & Gas Production,30,73.55000305175781,0.0,92,92,B
PASG,Passage Bio Inc. Common Stock,Biotechnology: Biological Products (No Diagnostic Substances),67,4.440000057220459,-77.63224195519278,7,,E-
PASW,Ping An Biomedical Co. Ltd. Class A Ordinary Shares,Apparel,43,0.15199999511241913,-95.39393947549213,12,,C-
PATH,UiPath Inc. Class A Common Stock,Computer Software: Prepackaged Software,118,11.9399995803833,-38.10264896995269,38,99,B+
PATK,Patrick Industries Inc. Common Stock,Auto Parts:O.E.M.,56,84.27999877929688,-41.67400224206723,24,73,E
PAVM,PAVmed Inc. Common Stock,Medical/Dental Instruments,126,5.670000076293945,-68.65671626054235,11,40,B
PAVS,Paranovus Entertainment Technology Ltd. Class A Ordinary Shares,Medicinal Chemicals and Botanical Products,134,4.949999809265137,-99.99638157908679,1,,D-
PAX,Patria Investments Limited Class A Common Shares,Investment Managers,67,11.100000381469727,-35.28393858532014,27,,D-
PAY,Paymentus Holdings Inc. Class A Common Stock,Business Services,90,28.280000686645508,-27.356793051744067,46,92,A
PAYC,Paycom Software Inc. Common Stock,Computer Software: Prepackaged Software,118,143.6699981689453,-39.27054664175025,38,74,B-
PAYO,Payoneer Global Inc. Common Stock,Business Services,90,7.099999904632568,-4.3126707327637455,81,,A
PAYP,PayPay Corporation American Depository Shares,Business Services,90,15.0,-38.92508010514959,24,92,E+
PAYS,Paysign Inc. Common Stock,EDP Services,126,8.699999809265137,-4.605264052239599,89,84,B+
PAYX,Paychex Inc. Common Stock,Diversified Commercial Services,77,109.5199966430664,-23.531686369968654,50,74,B-
PB,Prosperity Bancshares Inc. Common Stock,Major Banks,20,72.5,-2.9581926714988493,54,43,D-
PBA,Pembina Pipeline Corp. Ordinary Shares (Canada),Oil & Gas Production,30,49.9900016784668,0.0,79,43,C
PBF,PBF Energy Inc. Class A Common Stock,Integrated oil Companies,6,60.88999938964844,0.0,95,63,A-
PBFS,Pioneer Bancorp Inc. Common Stock,Banks,19,16.780000686645508,-2.949683064642461,77,,C
PBH,Prestige Consumer Healthcare Inc. Common Stock,Biotechnology: Pharmaceutical Preparations,77,47.189998626708984,-38.618626024195144,21,80,D-
PBHC,Pathfinder Bancorp Inc. Common Stock (MD),Major Banks,20,16.520000457763672,-2.0746909547019965,69,33,A-
PBI,Pitney Bowes Inc. Common Stock,Office Equipment/Supplies/Services,57,17.770000457763672,-3.055098026586134,91,83,B
PBK,PowerBank Corporation Common Stock,Power Generation,48,0.5990999937057495,-75.84274237507587,12,11,E
PBM,Psyence Biomedical Ltd. Common Shares,Biotechnology: Pharmaceutical Preparations,77,2.869999885559082,-99.3611130689538,7,,A
PBR,Petroleo Brasileiro S.A. Petrobras ADS,Oil & Gas Production,30,17.920000076293945,-18.030226571031026,75,42,D
PBT,Permian Basin Royalty Trust Common Stock,Oil & Gas Production,30,27.90999984741211,-9.845703822092233,91,,B
PBYI,Puma Biotechnology Inc Common Stock,Biotechnology: Pharmaceutical Preparations,77,8.279999732971191,0.0,89,36,B
PCAR,PACCAR Inc. Common Stock,Motor Vehicles,122,123.94000244140625,-3.9813223868334635,63,55,C-
PCB,PCB Bancorp Common Stock,Major Banks,20,29.235000610351562,0.0,83,91,B
PCG,Pacific Gas & Electric Co. Common Stock,Power Generation,48,17.440000534057617,-8.210873652689198,59,,D+
PCLA,PicoCELA Inc. American Depositary Shares,Building Products,63,4.5,-95.5752211061617,36,,A+
PCOR,Procore Technologies Inc. Common Stock,Computer Software: Prepackaged Software,118,43.040000915527344,-45.92964605455343,18,20,C-
PCRX,Pacira BioSciences Inc. Common Stock,Biotechnology: Pharmaceutical Preparations,77,25.010000228881836,-8.11902696628064,55,53,C
PCSA,Processa Pharmaceuticals Inc. Common Stock,Biotechnology: Pharmaceutical Preparations,77,2.2899999618530273,-80.87682765007169,12,,A
PCSC,Perceptive Capital Solutions Corp Class A Ordinary Shares,,,11.850000381469727,-16.549291967328728,54,,B+
PCT,PureCycle Technologies Inc. Common stock,Major Chemicals,59,6.760000228881836,-60.04728015129829,21,,E-
PCTY,Paylocity Holding Corporation Common Stock,Computer Software: Prepackaged Software,118,123.12999725341797,-35.317295199292886,40,82,B
PCVX,Vaxcyte Inc. Common Stock,Biotechnology: Pharmaceutical Preparations,77,56.209999084472656,-10.834393610188531,71,,B
PCYO,Pure Cycle Corporation Common Stock,Water Supply,65,10.479999542236328,-12.227806444362566,41,81,C
PD,PagerDuty Inc. Common Stock,Computer Software: Prepackaged Software,118,10.989999771118164,-35.993012683257376,70,97,A-
PDC,Perpetuals.com Ltd American Depositary Shares,EDP Services,126,4.059999942779541,-58.73983861969989,63,,C-
PDCC,Pearl Diver Credit Company Inc. Common Stock,,,9.579999923706055,-37.23968674566917,24,,E+
PDD,PDD Holdings Inc. American Depositary Shares,EDP Services,126,83.91000366210938,-39.25287722005265,22,69,E
PDEX,Pro-Dex Inc. Common Stock,Medical/Dental Instruments,126,58.2599983215332,-13.688891375506362,81,78,D
PDFS,PDF Solutions Inc. Common Stock,Computer Software: Prepackaged Software,118,54.220001220703125,-23.40726017873196,94,93,E+
PDLB,Ponce Financial Group Inc. Common Stock,Savings Institutions,11,19.790000915527344,-3.3219268228481202,77,92,B-
PDM,Piedmont Realty Trust Inc. Class A Common Stock,Building operators,83,9.550000190734863,-0.7276475640015101,76,20,B-
PDS,Precision Drilling Corporation Common Stock,Oil & Gas Production,30,82.83999633789062,-18.75245480410541,73,71,D-
PDSB,PDS Biotechnology Corporation Common Stock,Biotechnology: Pharmaceutical Preparations,77,0.7519999742507935,-47.412587284336425,18,4,E+
PDYN,Palladyne AI Corp. Common Stock,Computer Software: Prepackaged Software,118,5.340000152587891,-57.886435141423576,20,4,B-
PEB,Pebblebrook Hotel Trust Common Shares of Beneficial Interest,Real Estate Investment Trusts,41,18.700000762939453,-3.6579036066675674,90,4,B-
PEBK,Peoples Bancorp of North Carolina Inc. Common Stock,Major Banks,20,41.970001220703125,-5.409055147524411,73,4,D+
PEBO,Peoples Bancorp Inc. Common Stock,Major Banks,20,38.220001220703125,-2.4004050826652468,75,55,C+
PECO,Phillips Edison & Company Inc. Common Stock,Real Estate Investment Trusts,41,42.459999084472656,0.0,73,71,C
PED,Pedevco Corp. Common Stock,Oil & Gas Production,30,12.489999771118164,-31.29813222521066,42,,A
PEG,Public Service Enterprise Group Incorporated Common Stock,Power Generation,48,80.5,-7.742448204184694,47,52,D+
PEGA,Pegasystems Inc. Common Stock,EDP Services,126,30.68000030517578,-53.859769941909484,15,60,E+
PEN,Penumbra Inc. Common Stock,Medical/Dental Instruments,126,316.260009765625,-12.003334686556698,58,61,D
PENG,Penguin Solutions Inc. Common Stock,Semiconductors,2,77.80000305175781,-4.4108568187889885,99,54,A
PENN,PENN Entertainment Inc. Common Stock,Hotels/Resorts,39,20.18000030517578,-8.522208550680443,79,20,B+
PEP,PepsiCo Inc. Common Stock,Beverages (Production/Distribution),101,135.4499969482422,-18.99939164118455,39,74,E+
PEPG,PepGen Inc. Common Stock,Biotechnology: Pharmaceutical Preparations,77,2.440000057220459,-65.96931616098874,64,20,A
PERF,Perfect Corp. Class A Ordinary Share,Computer Software: Prepackaged Software,118,1.9299999475479126,-26.33587664695376,54,70,A+
PERI,Perion Network Ltd. Ordinary Shares,EDP Services,126,9.34000015258789,-18.285215194976743,39,20,D
PESI,Perma-Fix Environmental Services Inc. Common Stock,Environmental Services,73,14.34000015258789,-9.010152637508517,72,,A-
PETS,PetMed Express Inc. Common Stock,Retail-Drug Stores and Proprietary Stores,137,1.9500000476837158,-51.00502416234508,20,20,A+
PETZ,TDH Holdings Inc. Common Shares,Steel/Iron Ore,46,1.1200000047683716,-34.11764862628127,50,,A+
PEW,GrabAGun Digital Holdings Inc. Common Stock,Other Specialty Stores,112,2.6700000762939453,-84.51276037272957,16,20,A+
PFAI,Pinnacle Food Group Limited Class A Common Shares,Farming/Seeds/Milling,88,3.531399965286255,-22.726480686269856,88,,C
PFE,Pfizer Inc. Common Stock,Biotechnology: Pharmaceutical Preparations,77,24.25,-13.659230195756244,41,39,E+
PFG,Principal Financial Group Inc Common Stock,Accident &Health Insurance,14,112.91999816894531,-0.6073430487627207,81,,C-
PFGC,Performance Food Group Company Common Stock,Food Distributors,11,112.98999786376953,-2.173162022710362,74,52,B-
PFIS,Peoples Financial Services Corp. Common Stock,Major Banks,20,66.68000030517578,-1.9844164314933521,81,48,C+
PFLT,PennantPark Floating Rate Capital Ltd. Common Stock,Finance: Consumer Services,116,7.179999828338623,-24.8810373091663,29,98,E
PFS,Provident Financial Services Inc Common Stock,Savings Institutions,11,23.530000686645508,-1.8356221915444393,70,56,D+
PFSA,Profusa Inc. Common Stock,Medical/Dental Instruments,126,2.009999990463257,-99.94693069332111,1,,E-
PFSI,PennyMac Financial Services Inc. Common Stock,Finance: Consumer Services,116,82.91000366210938,-47.65144484339867,24,53,D
PFX,PhenixFIN Corporation Common Stock,Finance: Consumer Services,116,45.9900016784668,-8.498884963257257,51,73,A
PG,Procter & Gamble Company (The) Common Stock,Package Goods/Cosmetics,83,146.0800018310547,-11.973685613941655,46,52,D
PGC,Peapack-Gladstone Financial Corporation Common Stock,Commercial Banks,10,45.91999816894531,-4.986558184984002,87,87,D
PGEN,Precigen Inc. Common Stock,Biotechnology: Pharmaceutical Preparations,77,5.119999885559082,-13.513516561230887,91,,B+
PGNY,Progyny Inc. Common Stock,Misc Health and Biotechnology Services,8,32.36000061035156,0.0,91,89,B+
PGR,Progressive Corporation (The) Common Stock,Property-Casualty Insurers,41,226.5800018310547,-4.50329180306277,54,70,B-
PGY,Pagaya Technologies Ltd. Class A Ordinary Shares,Finance: Consumer Services,116,18.270000457763672,-58.29719268417538,46,97,A-
PH,Parker-Hannifin Corporation Common Stock,Metal Fabrications,37,964.5499877929688,-5.50232130385282,64,58,D
PHAR,Pharming Group N.V. ADS each representing 10 ordinary shares,Biotechnology: Pharmaceutical Preparations,77,13.414999961853027,-36.661946324076354,35,,E
PHAT,Phathom Pharmaceuticals Inc. Common Stock,Biotechnology: Pharmaceutical Preparations,77,11.03499984741211,-38.96570855100897,37,4,C-
PHG,Koninklijke Philips N.V. NY Registry Shares,Medical Electronics,134,26.059999465942383,-17.7287912635007,43,95,D-
PHGE,BiomX Inc. COmmon Stock,Biotechnology: Biological Products (No Diagnostic Substances),67,0.20999999344348907,-98.29959524731207,1,,A
PHI,PLDT Inc. Sponsored ADR,Telecommunications Equipment,73,19.239999771118164,-18.442240726709937,40,,C+
PHIN,PHINIA Inc. Common Stock,Auto Parts:O.E.M.,56,78.25,-8.114142044340788,80,67,D+
PHIO,Phio Pharmaceuticals Corp. Common Stock,Biotechnology: Pharmaceutical Preparations,77,1.0299999713897705,-62.408760299095235,17,,E+
PHM,PulteGroup Inc. Common Stock,Homebuilding,59,124.55999755859375,-12.25419737475164,49,52,B-
PHOE,Phoenix Asia Holdings Limited Ordinary Shares,Engineering & Construction,45,25.950000762939453,-80.50630880800793,95,,A+
PHR,Phreesia Inc. Common Stock,Business Services,90,10.739999771118164,-67.00460822472189,25,99,B+
PHUN,Phunware Inc. Common Stock,EDP Services,126,2.180000066757202,-37.535814876786446,39,4,B
PHVS,Pharvaris N.V. Ordinary Shares,Biotechnology: Pharmaceutical Preparations,77,34.41999816894531,-4.282538806271297,82,,B
PI,Impinj Inc. Common Stock,Industrial Machinery/Components,77,144.60000610351562,-40.225702155960704,57,20,B-
PICS,PicS N.V. Class A Common Shares,Finance: Consumer Services,116,11.380000114440918,-40.105262555574114,19,94,D+
PII,Polaris Inc. Common Stock,Industrial Specialties,90,67.5,-6.973536009986347,71,43,C+
PIII,P3 Health Partners Inc. Class A Common Stock,Medical/Nursing Services,27,10.430000305175781,-36.67273381900662,98,63,A+
PIM,Putnam Master Intermediate Income Trust Common Stock,Finance Companies,48,3.1700000762939453,-3.150393445899624,45,,D
PINE,Alpine Income Property Trust Inc. Common Stock,Real Estate Investment Trusts,41,20.610000610351562,-3.057382932890307,81,63,C+
PINS,Pinterest Inc. Class A Common Stock,Computer Software: Programming Data Processing,112,22.610000610351562,-42.27724874320473,38,79,B-
PIPR,Piper Sandler Companies Common Stock,Investment Bankers/Brokers/Service,77,74.94000244140625,-18.993208649720493,35,60,E+
PJT,PJT Partners Inc. Class A Common Stock,Investment Managers,67,164.6999969482422,-13.675327009179117,44,68,C
PK,Park Hotels & Resorts Inc. Common Stock,Hotels/Resorts,39,14.479999542236328,-0.31460875398743315,84,63,B
PKBK,Parke Bancorp Inc. Common Stock,Major Banks,20,32.709999084472656,-2.8223433370350826,83,72,C+
PKE,Park Aerospace Corp. Common Stock,Military/Government/Technical,103,33.52000045776367,-12.320165160528108,88,56,B-
PKG,Packaging Corporation of America Common Stock,Containers/Packaging,59,225.75999450683594,-7.194781473087852,57,42,C-
PKOH,Park-Ohio Holdings Corp. Common Stock,Industrial Specialties,90,36.88999938964844,-5.555560438680407,93,72,B+
PKX,POSCO HOLDINGS INC. American Depositary Shares (Each representing 1/4th of a share of Common Stock),Steel/Iron Ore,46,51.61000061035156,-43.73092027532365,36,,E-
PL,Planet Labs PBC Class A Common Stock,Radio And Television Broadcasting And Communications Equipment,27,25.559999465942383,-50.27237605611078,93,20,E
PLAB,Photronics Inc. Common Stock,Semiconductors,2,29.469999313354492,-46.379185217853504,43,83,E-
PLAG,Planet Green Holdings Corp. Common Stock,Packaged Foods,124,1.8700000047683716,-53.82716255060066,72,,A
PLAY,Dave & Buster's Entertainment Inc. Common Stock,Restaurants,97,9.539999961853027,-72.08894126192149,12,31,E
PLBC,Plumas Bancorp,Finance Companies,48,58.31999969482422,-2.458607121916545,79,56,B
PLBL,Polibeli Group Ltd Class A Ordinary Shares,Consumer Electronics/Appliances,122,7.809999942779541,-33.531915380599656,30,,A
PLBY,Playboy Inc. Common Stock,Other Specialty Stores,112,1.1699999570846558,-56.82657045700002,18,20,E
PLCE,Children's Place Inc. (The) Common Stock,Clothing/Shoe/Accessory Stores,88,3.005000114440918,-67.23009717078008,21,9,E
PLD,Prologis Inc. Common Stock,Real Estate Investment Trusts,41,142.49000549316406,-3.5066898900841803,68,80,D
PLG,Platinum Group Metals Ltd. Ordinary Shares (Canada),Precious Metals,111,1.2999999523162842,-62.64367973588703,14,11,E+
PLGO,Pelagos Insurance Capital Limited Common Shares,Property-Casualty Insurers,41,25.229999542236328,-1.2910795406931297,84,97,B
PLMR,Palomar Holdings Inc. Common stock,Property-Casualty Insurers,41,136.07000732421875,-6.345919463122495,55,61,B+
PLNT,Planet Fitness Inc. Common Stock,Hotels/Resorts,39,50.900001525878906,-55.17393204940918,13,81,E+
PLOW,Douglas Dynamics Inc. Common Stock,Construction/Ag Equipment/Trucks,32,43.5,-19.74169854672001,73,77,D-
PLPC,Preformed Line Products Company Common Stock,Water Sewer Pipeline Comm & Power Line Construction,1,345.9200134277344,-15.701228638346365,88,46,D-
PLRX,Pliant Therapeutics Inc. Common Stock,Biotechnology: Pharmaceutical Preparations,77,1.090000033378601,-41.7112283102045,25,20,E
PLRZ,Polyrizon Ltd. Ordinary Shares,Biotechnology: Pharmaceutical Preparations,77,13.755000114440918,-19.88934156481459,93,,A-
PLSE,Pulse Biosciences Inc Common Stock (DE),Medical/Dental Instruments,126,25.459999084472656,-12.927499029528743,88,9,B
PLSM,Pulsenmore Ltd. Ordinary Shares,Medical/Dental Instruments,126,3.890000104904175,-47.14673866389324,22,,A+
PLTK,Playtika Holding Corp. Common Stock,EDP Services,126,3.940000057220459,-14.436288019941856,61,20,A-
PLTR,Palantir Technologies Inc. Class A Common Stock,Computer Software: Prepackaged Software,118,133.72000122070312,-35.45708758182874,33,97,C+
PLUG,Plug Power Inc. Common Stock,Industrial Machinery/Components,77,2.2699999809265137,-45.16908081802684,38,,D-
PLUR,Pluri Inc. Common Stock,Biotechnology: Biological Products (No Diagnostic Substances),67,1.6799999475479126,-70.42253524082753,8,11,E-
PLUS,ePlus inc. Common Stock,Retail: Computer Software & Peripheral Equipment,57,87.55999755859375,-5.320723579732157,62,44,D
PLUT,Plutus Financial Group Limited Ordinary Shares,Investment Bankers/Brokers/Service,77,2.990000009536743,-24.303798140709333,38,,D
PLX,Protalix BioTherapeutics Inc. (DE) Common Stock,Biotechnology: Biological Products (No Diagnostic Substances),67,2.309999942779541,-26.666670703383232,64,,B
PLXS,Plexus Corp. Common Stock,Electrical Products,3,260.3599853515625,-14.304529301876512,89,73,E+
PLYX,Polaryx Therapeutics Inc. Common Stock,Biotechnology: Pharmaceutical Preparations,77,2.259999990463257,-93.54285717010498,2,,D-
PM,Philip Morris International Inc Common Stock,Medicinal Chemicals and Botanical Products,134,175.9499969482422,-7.532201780046122,58,47,D
PMA,Ming Shing Group Holdings Limited Ordinary Shares,Engineering & Construction,45,1.5,-56.77233465036122,58,,A+
PMAX,Powell Max Limited Class A Ordinary Shares,Other Consumer Services,121,1.6150000095367432,-95.69333330790202,3,,A
PMCB,PharmaCyte  Biotech Inc. Common Stock,Biotechnology: Biological Products (No Diagnostic Substances),67,0.6891999840736389,-43.50819935154057,27,38,A-
PMEC,Primech Holdings Ltd. Ordinary Shares,Diversified Commercial Services,77,0.5820000171661377,-73.78378334839559,13,,E-
PMI,Picard Medical Inc. Common Stock,Medical/Dental Instruments,126,0.14000000059604645,-98.93939391955308,1,,A+
PMM,Putnam Managed Municipal Income Trust Common Stock,Investment Managers,67,6.550000190734863,0.0,59,,C-
PMN,ProMIS Neurosciences Inc. Common Shares (ON),Biotechnology: Pharmaceutical Preparations,77,13.65999984741211,-51.21428625924247,77,,A
PMO,Putnam Municipal Opportunities Trust Common Stock,Finance Companies,48,10.789999961853027,0.0,56,,D+
PMT,PennyMac Mortgage Investment Trust Common Shares of Beneficial Interest,Real Estate Investment Trusts,41,10.119999885559082,-21.17566459169091,33,54,D+
PMTS,CPI Card Group Inc. Common Stock,Publishing,109,18.760000228881836,-14.68849284154443,59,89,B+
PMVP,PMV Pharmaceuticals Inc. Common Stock,Biotechnology: Pharmaceutical Preparations,77,1.4199999570846558,-21.11111140545504,59,,A
PN,PN Smart Energy Limited Class A Ordinary Shares,Retail: Computer Software & Peripheral Equipment,57,3.799999952316284,-95.36585371668745,17,,A+
PNBK,Patriot National Bancorp Inc. Common Stock,Major Banks,20,1.2000000476837158,-37.49999611948919,29,,E
PNC,PNC Financial Services Group Inc. (The) Common Stock,Major Banks,20,251.8800048828125,-0.8385455966639643,74,61,C+
PNFP,Pinnacle Financial Partners Inc. Common stock,Major Banks,20,100.62999725341797,-14.136939790935832,52,88,C-
PNNT,PennantPark Investment Corporation Common Stock,Finance: Consumer Services,116,3.369999885559082,-46.61744803919221,17,50,E
PNR,Pentair plc. Ordinary Share,Industrial Machinery/Components,77,75.68000030517578,-32.25576874299391,22,61,D
PNRG,PrimeEnergy Resources Corporation Common Stock,Oil & Gas Production,30,188.25,-30.940238992977008,49,,D-
PNTG,The Pennant Group Inc. Common Stock,Medical/Nursing Services,27,39.7599983215332,-1.8271646381896267,86,70,B
PNW,Pinnacle West Capital Corporation Common Stock,Electric Utilities: Central,52,109.0,-0.33830368226226426,69,82,C
POAS,Phaos Technology Holdings (Cayman) Limited Class A Ordinary Shares,Industrial Machinery/Components,77,0.2513999938964844,-96.19090912834672,1,,E
POCI,Precision Optics Corporation Inc. Common stock,Biotechnology: Electromedical & Electrotherapeutic Apparatus,81,4.800000190734863,-19.463084563549195,57,11,B+
PODC,PodcastOne Inc. Common Stock,Computer Software: Programming Data Processing,112,4.210000038146973,-15.461846947337355,96,20,B+
PODD,Insulet Corporation Common Stock,Medical/Dental Instruments,126,159.1199951171875,-54.90051816393549,15,95,D
POET,POET Technologies Inc. Common Shares,Semiconductors,2,8.8100004196167,-57.170634174421245,68,4,C-
POLA,Polar Power Inc. Common Stock,Industrial Machinery/Components,77,1.659999966621399,-68.50094928597028,23,20,B
POM,POMDOCTOR LIMITED American Depositary Shares,Other Specialty Stores,112,1.440000057220459,-98.68637108087889,2,,A
PONY,Pony AI Inc. American Depositary Shares,EDP Services,126,6.949999809265137,-71.11388211332648,10,20,E+
POOL,Pool Corporation Common Stock,Industrial Specialties,90,210.07000732421875,-35.86941220455272,29,44,B-
POR,Portland General Electric Co Common Stock,Electric Utilities: Central,52,53.08000183105469,-1.0557224663091058,66,55,C
POST,Post Holdings Inc. Common Stock,Packaged Foods,124,85.12000274658203,-25.730737027067075,28,65,E+
POWI,Power Integrations Inc. Common Stock,Semiconductors,2,70.76000213623047,-18.992554811326855,89,43,D
POWL,Powell Industries Inc. Common Stock,Electrical Products,3,234.25,-27.237808981313737,95,83,E-
POWW,Outdoor Holding Company Common Stock,Ordnance And Accessories,35,2.390000104904175,-3.6290287692390844,86,63,A-
PPBT,Purple Biotech Ltd. American Depositary Shares,Biotechnology: Pharmaceutical Preparations,77,1.409999966621399,-94.91891903920217,3,20,E-
PPC,Pilgrim's Pride Corporation Common Stock,Meat/Poultry/Fish,81,28.219999313354492,-41.446056224328686,21,47,D+
PPCB,Propanc Biopharma Inc. Common Stock,Biotechnology: Pharmaceutical Preparations,77,1.6299999952316284,-99.3730769249109,4,11,A+
PPG,PPG Industries Inc. Common Stock,Paints/Coatings,46,114.66000366210938,-11.773466094986595,56,58,D+
PPHC,Public Policy Holding Company Inc. Common Stock,,,8.210000038146973,-43.805611012490786,17,,D
PPIH,Perma-Pipe International Holdings Inc. Common Stock,Pollution Control Equipment,71,25.139999389648438,-28.761692441365106,28,48,E
PPL,PPL Corporation Common Stock,Electric Utilities: Central,52,36.099998474121094,-8.59056108526829,45,60,D+
PPLI,People Incorporated Common Stock,Computer Software: Programming Data Processing,112,45.29999923706055,-4.871902030369057,68,20,D+
PPSI,Pioneer Power Solutions Inc. Common Stock,Electrical Products,3,3.4700000286102295,-42.92763039222053,60,,B-
PPT,Putnam Premier Income Trust Common Stock,Finance Companies,48,3.430000066757202,-3.171590357799947,45,,D+
PPTA,Perpetua Resources Corp. Common Shares,Precious Metals,111,18.989999771118164,-48.97904581326228,24,,E
PR,Permian Resources Corporation Class A Common Stock,Oil & Gas Production,30,19.59000015258789,-12.267954259553647,78,36,D
PRAA,PRA Group Inc. Common Stock,Finance: Consumer Services,116,17.959999084472656,-19.20827955776967,54,58,D+
PRAX,Praxis Precision Medicines Inc. Common Stock,Biotechnology: Pharmaceutical Preparations,77,327.67999267578125,-8.246300172032562,99,4,C+
PRCH,Porch Group Inc. Common Stock,Computer Software: Prepackaged Software,118,13.75,-27.783616917860996,88,4,A-
PRCT,PROCEPT BioRobotics Corporation Common Stock,Medical/Dental Instruments,126,19.309999465942383,-67.84881947317164,14,20,E-
PRDO,Perdoceo Education Corporation Common Stock,Other Consumer Services,121,36.31999969482422,-3.849709748634633,61,80,C
PRE,Prenetics Global Limited Class A Ordinary Share,Blank Checks,71,21.239999771118164,-4.108351526339627,91,,A-
PRFX,PRF Technologies Ltd. Ordinary Shares,Biotechnology: Pharmaceutical Preparations,77,1.2300000190734863,-89.62025333773929,4,,A+
PRG,PROG Holdings Inc. Common Stock,Diversified Commercial Services,77,45.209999084472656,-3.00365052037348,89,66,A-
PRGO,Perrigo Company plc Ordinary Shares,Biotechnology: Pharmaceutical Preparations,77,9.899999618530273,-63.01924413913075,17,43,C+
PRGS,Progress Software Corporation Common Stock (DE),Computer Software: Prepackaged Software,118,37.47999954223633,-26.249508525570707,50,89,A
PRHI,Presurance Holdings Inc. Common Stock,Property-Casualty Insurers,41,5.519999980926514,-61.15411705764965,35,56,A-
PRI,Primerica Inc. Common Stock,Life Insurance,24,306.6600036621094,-1.1475718988412376,67,73,C+
PRIM,Primoris Services Corporation Common Stock,Water Sewer Pipeline Comm & Power Line Construction,1,88.62999725341797,-56.28672590374322,18,47,E
PRK,Park National Corporation Common Stock,Major Banks,20,183.3699951171875,-2.0197696513886365,62,87,C+
PRKS,United Parks & Resorts Inc. Common Stock,Biotechnology: Electromedical & Electrotherapeutic Apparatus,81,46.880001068115234,-15.087843061928552,65,31,B-
PRLB,Proto Labs Inc. Common stock,Metal Fabrications,37,76.9800033569336,-5.754158827965094,88,78,C
PRLD,Prelude Therapeutics Incorporated Common Stock,Biotechnology: Pharmaceutical Preparations,77,4.389999866485596,-20.47101663669302,98,4,A-
PRM,Perimeter Solutions SA Common Stock,Major Chemicals,59,33.31999969482422,-11.805185888244917,87,70,E+
PRMB,Primo Brands Corporation Class A Common Stock,Beverages (Production/Distribution),101,24.170000076293945,-14.929873092054146,68,65,C+
PRME,Prime Medicine Inc. Common Stock,Biotechnology: Biological Products (No Diagnostic Substances),67,3.4700000286102295,-47.976012160133784,27,,B+
PROF,Profound Medical Corp. Common Stock,Medical/Dental Instruments,126,7.099999904632568,-17.91907262720859,57,20,B+
PROK,ProKidney Corp. Class A Ordinary Shares,Biotechnology: Biological Products (No Diagnostic Substances),67,1.5499999523162842,-58.44504170535376,14,,A-
PROP,Prairie Operating Co. Common Stock,Finance: Consumer Services,116,0.7358999848365784,-82.47857099390352,6,,E
PROV,Provident Financial Holdings Inc. Common Stock,Savings Institutions,11,17.18000030517578,-0.4057953323143071,56,41,D
PRPL,Purple Innovation Inc. Common Stock,Home Furnishings,51,0.31299999356269836,-74.96000051498413,8,20,E-
PRPO,Precipio Inc.  Common Stock,Biotechnology: Laboratory Analytical Instruments,52,23.200000762939453,-28.32869469115976,53,,E-
PRQR,ProQR Therapeutics N.V. Ordinary Shares,Biotechnology: Pharmaceutical Preparations,77,1.7000000476837158,-44.26229264716309,30,,E-
PRSO,Peraso Inc. Common Stock,Semiconductors,2,0.7599999904632568,-67.24137877879328,20,20,A
PRSU,Pursuit Attractions and Hospitality Inc. Common Stock,Business Services,90,51.81999969482422,-7.414689003694064,86,34,B-
PRTA,Prothena Corporation plc Ordinary Shares,Biotechnology: Pharmaceutical Preparations,77,8.640000343322754,-24.934837780084862,41,63,C+
PRTH,Priority Technology Holdings Inc. Common Stock,Business Services,90,7.139999866485596,-15.302495753151534,74,84,A
PRTS,CarParts.com Inc. Common Stock,Auto & Home Supply Stores,97,5.894999980926514,-48.28947212117085,29,,E+
PRU,Prudential Financial Inc. Common Stock,Life Insurance,24,114.79000091552734,-1.1879119180246978,64,64,C+
PRVA,Privia Health Group Inc. Common Stock,Medical/Nursing Services,27,28.030000686645508,0.0,75,58,B+
PRZO,ParaZero Technologies Ltd. Ordinary Shares,Military/Government/Technical,103,0.5,-75.24752451875445,8,,A+
PSA,Public Storage Common Stock,Real Estate Investment Trusts,41,318.92999267578125,-3.249005429173557,62,57,D+
PSBD,Palmer Square Capital BDC Inc. Common Stock,,,10.210000038146973,-17.32445804888254,39,,C-
PSEC,Prospect Capital Corporation Common Stock,Finance: Consumer Services,116,2.2699999809265137,-20.5684888393332,34,56,E+
PSFE,Paysafe Limited Common Shares,Business Services,90,8.020000457763672,-45.36784542888578,29,20,B+
PSHG,Performance Shipping Inc. Common Shares,Marine Transportation,9,1.6699999570846558,-34.50980437988963,31,35,D-
PSIG,PS International Group Ltd. Ordinary Shares,Integrated Freight & Logistics,141,1.149999976158142,-90.29535916339346,3,,E-
PSIX,Power Solutions International Inc. Common Stock,Industrial Machinery/Components,77,32.630001068115234,-71.81723837265237,7,50,E-
PSKY,Paramount Skydance Corporation Class B Common Stock,Broadcasting,104,9.119999885559082,-53.13514339999343,21,,E
PSMT,PriceSmart Inc. Common Stock,Department/Specialty Retail Stores,52,194.55999755859375,-1.6877192728149693,88,69,C+
PSN,Parsons Corporation Common Stock,EDP Services,126,54.029998779296875,-39.489306500946434,25,53,C+
PSNL,Personalis Inc. Common Stock,Medical Specialities,24,15.029999732971191,-0.06649088369149458,97,4,A
PSNY,Polestar Automotive Holding UK PLC Class A ADS,Auto Manufacturing,140,15.3100004196167,-62.74938932356227,16,,E-
PSNYW,Polestar Automotive Holding UK PLC Class C-1 ADS (ADW),Auto Manufacturing,140,2.2200000286102295,-76.1290324400003,8,,D+
PSO,Pearson Plc Common Stock,Books,4,16.56999969482422,-5.905740371843072,72,,D-
PSQH,PSQ Holdings Inc. Class A Common Stock,Advertising,94,3.640000104904175,0.0,99,20,E-
PSTL,Postal Realty Trust Inc. Class A Common Stock,Real Estate Investment Trusts,41,23.799999237060547,-4.723780331463301,87,97,C+
PSTV,PLUS THERAPEUTICS Inc. Common Stock,Medical/Dental Instruments,126,4.28000020980835,-80.76404400086135,10,,B+
PSX,Phillips 66 Common Stock,Integrated oil Companies,6,201.4499969482422,0.0,86,96,B-
PTC,PTC Inc. Common Stock,Computer Software: Prepackaged Software,118,122.51000213623047,-43.42123362726217,22,94,D-
PTCT,PTC Therapeutics Inc. Common Stock,Biotechnology: Pharmaceutical Preparations,77,78.05999755859375,-12.830826467446466,72,4,B
PTEN,Patterson-UTI Energy Inc. Common Stock,Oil & Gas Production,30,9.859999656677246,-22.577835082271957,83,9,E+
PTGX,Protagonist Therapeutics Inc. Common Stock,Biotechnology: Pharmaceutical Preparations,77,131.27000427246094,-6.801562950600093,93,32,B
PTHS,Pelthos Therapeutics Inc. Common Stock,Biotechnology: Biological Products (No Diagnostic Substances),67,25.399999618530273,-32.12185766591079,62,20,C+
PTLE,PTL LTD Class A Ordinary Shares,Oil Refining/Marketing,128,10.050000190734863,-55.45212575954708,38,,A+
PTLO,Portillo's Inc. Class A Common Stock,Restaurants,97,4.519999980926514,-60.62717629650699,21,32,D+
PTN,Palatin Technologies Inc. Common Stock,Biotechnology: Pharmaceutical Preparations,77,8.850000381469727,-68.39285578046525,25,11,E-
PTON,Peloton Interactive Inc. Class A Common Stock,Recreational Games/Products/Toys,97,6.159999847412109,-31.555557250976562,55,37,B+
PTRN,Pattern Group Inc. Series A Common Stock,Catalog/Specialty Distribution,59,28.079999923706055,-4.4897949386102916,96,50,A
PUBM,PubMatic Inc. Class A Common Stock,Computer Software: Programming Data Processing,112,13.6899995803833,-1.0122946066165817,89,30,A-
PUK,Prudential Public Limited Company Common Stock,Life Insurance,24,28.59000015258789,-13.809476165832901,46,,D-
PULM,Pulmatrix Inc. Common Stock,Biotechnology: Pharmaceutical Preparations,77,1.6200000047683716,-75.26717621993505,24,,D-
PUMP,ProPetro Holding Corp. Common Stock,Oilfield Services/Equipment,11,13.75,-24.450552617563414,91,30,E
PURR,Hyperliquid Strategies Inc Common Stock,Finance: Consumer Services,116,7.349999904632568,-32.99909092323756,92,,B-
PUSA,Aureus Greenway Holdings Inc. Common Stock,Hotels/Resorts,39,3.700000047683716,-52.6551500883842,96,,A
PVH,PVH Corp. Common Stock,Garments and Clothing,67,77.19000244140625,-21.84982699892061,43,81,E
PVLA,Palvella Therapeutics Inc. Common Stock,Biotechnology: Pharmaceutical Preparations,77,149.67999267578125,-3.3324746733067956,97,11,A-
PW,Power REIT (MD) Common Stock,Real Estate Investment Trusts,41,9.350000381469727,-43.333331021395594,40,,A-
PWP,Perella Weinberg Partners Class A Common Stock,Finance: Consumer Services,116,15.399999618530273,-36.26280293884516,23,52,D-
PWR,Quanta Services Inc. Common Stock,Engineering & Construction,45,660.9400024414062,-15.816696152115838,86,85,E
PXED,Phoenix Education Partners Inc. Common Stock,Other Consumer Services,121,34.56999969482422,-8.063068834727606,57,33,B+
PXLW,Pixelworks Inc.  Common Stock,Semiconductors,2,6.0,-60.60406972856036,32,63,B
PXS,Pyxis Tankers Inc. Common Stock,Marine Transportation,9,4.269999980926514,-11.594201897002387,77,74,C-
PYPD,PolyPid Ltd. Ordinary Shares,Biotechnology: Pharmaceutical Preparations,77,5.349999904632568,-4.121864197459124,83,4,A
PYPL,PayPal Holdings Inc. Common Stock,Diversified Commercial Services,77,47.369998931884766,-38.91556963778764,27,57,C+
PYT,PPlus Tr GSC-2 Tr Ctf Fltg Rate,Finance: Consumer Services,116,23.700000762939453,-0.08431092324602263,52,,C+
PYXS,Pyxis Oncology Inc. Common Stock,Biotechnology: Pharmaceutical Preparations,77,2.2899999618530273,-57.116106808662934,81,4,A
PZG,Paramount Gold Nevada Corp. Common Stock,Metal Mining,85,1.2300000190734863,-53.93258487165402,54,11,E
PZZA,Papa John's International Inc. Common Stock,Restaurants,97,33.20000076293945,-37.653465064244315,32,37,C+
Q,Qnity Electronics Inc. Common Stock,Semiconductors,2,141.6699981689453,-19.340697642193906,82,,C
QBTS,D-Wave Quantum Inc. Common Shares,EDP Services,126,18.950000762939453,-57.68199803591643,48,20,B-
QCLS,Q/C Technologies Inc. Common Stock,Biotechnology: In Vitro & In Vivo Diagnostic Substances,95,3.450000047683716,-77.59740173283866,22,,B
QCOM,QUALCOMM Incorporated Common Stock,Radio And Television Broadcasting And Communications Equipment,27,178.10000610351562,-28.787423788811807,71,75,C
QCRH,QCR Holdings Inc. Common Stock,Major Banks,20,96.06999969482422,-2.8123407407281587,70,73,C
QDEL,QuidelOrtho Corporation Common Stock,Biotechnology: In Vitro & In Vivo Diagnostic Substances,95,17.65999984741211,-50.08479560695249,24,20,B
QFIN,Qfin Holdings Inc. American Depositary Shares,Finance: Consumer Services,116,12.270000457763672,-68.57635211759658,17,47,E+
QGEN,Qiagen N.V. Common Shares,Biotechnology: Biological Products (No Diagnostic Substances),67,41.560001373291016,-24.65882212029854,37,41,A-
QH,Quhuo Limited American Depository Shares,,,6.03000020980835,-96.10465110404927,99,,A
QLYS,Qualys Inc. Common Stock,Computer Software: Prepackaged Software,118,164.1199951171875,0.0,90,68,A
QMCO,Quantum Corporation Common Stock,Electronic Components,5,10.0600004196167,-36.927896301459626,79,,B-
QNC,Quantum eMotion Corp. Common Shares,,,2.4700000286102295,-34.82849463136712,23,,A
QNCX,Quince Therapeutics Inc. Common Stock,Biotechnology: Biological Products (No Diagnostic Substances),67,19.290000915527344,-97.80795444141734,4,,E
QNRX,Quoin Pharmaceuticals Ltd. American Depositary Shares,Medical/Dental Instruments,126,4.349999904632568,-80.49327330288304,12,20,A+
QNST,QuinStreet Inc. Common Stock,Business Services,90,17.719999313354492,0.0,80,93,A-
QNTM,Quantum Biopharma Ltd. Class B Subordinate Voting Shares,Biotechnology: Pharmaceutical Preparations,77,3.490000009536743,-88.05203656650595,13,,D-
QRHC,Quest Resource Holding Corporation Common Stock,Environmental Services,73,1.350000023841858,-43.98340349533496,37,20,B
QRVO,Qorvo Inc. Common Stock,Semiconductors,2,82.51000213623047,-23.764206248687515,43,60,D-
QS,QuantumScape Corporation Class A Common Stock,Industrial Machinery/Components,77,6.420000076293945,-65.18438237332708,21,20,D+
QSI,Quantum-Si Incorporated Class A Common Stock,Industrial Machinery/Components,77,0.8661999702453613,-67.06464134776294,23,20,C+
QSR,Restaurant Brands International Inc. Common Shares,Restaurants,97,74.61000061035156,-7.810538443895432,55,84,D+
QTEX,QTREX Quantum Ltd. Ordinary Shares,Medical/Dental Instruments,126,1.5,-51.298700092333014,96,,A+
QTI,QT Imaging Holdings Inc. Common Stock,Biotechnology: Electromedical & Electrotherapeutic Apparatus,81,3.619999885559082,-90.89308204890797,6,20,E-
QTRX,Quanterix Corporation Common Stock,Biotechnology: Laboratory Analytical Instruments,52,4.079999923706055,-49.37965618741143,30,32,A-
QTTB,Q32 Bio Inc. Common Stock,Biotechnology: Pharmaceutical Preparations,77,18.459999084472656,-13.657624840567328,99,,A+
QTWO,Q2 Holdings Inc. Common Stock,Computer Software: Prepackaged Software,118,51.75,-43.405513322070576,30,97,A-
QUAD,Quad Graphics Inc Class A Common Stock,Publishing,109,8.359999656677246,-2.3364573964402724,84,76,B+
QUBT,Quantum Computing Inc. Common Stock,Computer Software: Prepackaged Software,118,8.319999694824219,-66.20633870342597,23,20,B
QUCY,Quantum Cyber N.V. Ordinary Shares,Biotechnology: Pharmaceutical Preparations,77,1.2599999904632568,-64.60674127203815,89,,A+
QUIK,QuickLogic Corporation Common Stock,Semiconductors,2,14.670000076293945,-38.20555931874391,94,4,D+
QURE,uniQure N.V. Ordinary Shares,Biotechnology: Pharmaceutical Preparations,77,41.52000045776367,-41.18146676333377,96,,A
QXL,Quantum X Labs Inc. Common Stock,Computer Software: Prepackaged Software,118,5.070000171661377,-25.985397923398512,97,,A+
QXO,QXO Inc. Common Stock,RETAIL: Building Materials,114,14.460000038146973,-46.582932393192,16,39,E-
R,Ryder System Inc. Common Stock,Rental/Leasing Companies,134,268.05999755859375,-4.380394856143155,84,76,D+
RACE,Ferrari N.V. Common Shares,Auto Manufacturing,140,369.1600036621094,-27.862361980498818,40,58,C
RADX,Radiopharm Theranostics Limited American Depositary Shares,Biotechnology: Pharmaceutical Preparations,77,4.300000190734863,-59.548446430463464,31,,D-
RAIL,FreightCar America Inc. Common Stock,Railroads,24,7.900000095367432,-46.62162166516044,23,60,B+
RAIN,Rain Enhancement Technologies Holdco Inc. Class A Common Stock,Industrial Machinery/Components,77,1.5800000429153442,-80.56580540375555,9,,E-
RAL,Ralliant Corporation Common Stock,Industrial Machinery/Components,77,67.54000091552734,-8.271080490374349,87,,B+
RAMP,LiveRamp Holdings Inc. Common Stock,EDP Services,126,37.939998626708984,0.0,83,99,B+
RAND,Rand Capital Corporation Common Stock,Finance: Consumer Services,116,10.0,-41.615489499010906,28,20,C+
RANI,Rani Therapeutics Holdings Inc. Class A Common Stock,Biotechnology: Pharmaceutical Preparations,77,0.6489999890327454,-77.22806979825437,34,20,E-
RAPP,Rapport Therapeutics Inc. Common Stock,Biotechnology: Pharmaceutical Preparations,77,41.459999084472656,-1.4030919459991242,92,4,A-
RARE,Ultragenyx Pharmaceutical Inc. Common Stock,Biotechnology: Pharmaceutical Preparations,77,32.029998779296875,-12.342643741735603,76,20,A
RAVE,Rave Restaurant Group Inc. Common Stock,Food Distributors,11,3.309999942779541,-9.065938258628737,73,45,B
RAY,Raytech Holding Limited Ordinary Shares,Consumer Electronics/Appliances,122,2.9100000858306885,-94.18929716566785,18,,A
RAYA,Erayak Power Solution Group Inc. Class A Ordinary Shares,Metal Fabrications,37,2.7899999618530273,-99.95882526620642,2,,A
RBA,RB Global Inc. Common Stock,Business Services,90,109.16000366210938,-8.105878927779674,51,54,C-
RBB,RBB Bancorp Common Stock,Major Banks,20,27.09000015258789,-2.9727790882450034,83,78,B+
RBBN,Ribbon Communications Inc. Common Stock,EDP Services,126,2.3399999141693115,-44.94117849013385,25,40,C
RBC,RBC Bearings Incorporated Common Stock,Metal Fabrications,37,588.1799926757812,-9.355980305159783,77,77,D-
RBCAA,Republic Bancorp Inc. Class A Common Stock,Major Banks,20,88.4800033569336,-4.6654394090749784,76,66,C-
RBKB,Rhinebeck Bancorp Inc. Common Stock,Banks,19,16.6200008392334,-5.514492921773984,78,51,B
RBLX,Roblox Corporation Class A Common Stock,Computer Software: Prepackaged Software,118,54.470001220703125,-61.52161474984683,19,4,C
RBNE,Robin Energy Ltd. Common Stock,Marine Transportation,9,5.855000019073486,-97.66267464308443,2,63,E-
RBRK,Rubrik Inc. Class A Common Stock,Computer Software: Prepackaged Software,118,88.05000305175781,-10.609133957606288,85,20,B+
RC,Ready Capital Corporation Common Stock,Real Estate Investment Trusts,41,1.6299999952316284,-61.74103980059969,20,20,D+
RCAT,Red Cat Holdings Inc. Common Stock,Computer Software: Prepackaged Software,118,8.789999961853027,-49.36636144694803,21,20,C+
RCEL,Avita Medical Inc. Common Stock,Medical/Dental Instruments,126,4.019999980926514,-40.53254667431487,29,20,B+
RCI,Rogers Communication Inc. Common Stock,Cable & Other Pay Television Services,104,32.91999816894531,-18.137362178174634,43,90,D
RCKT,Rocket Pharmaceuticals Inc. Common Stock,Biotechnology: Pharmaceutical Preparations,77,3.640000104904175,-31.320755209265826,51,4,A-
RCKY,Rocky Brands Inc. Common Stock,Shoe Manufacturing,66,39.77000045776367,-16.056318091480748,78,38,D-
RCL,Royal Caribbean Cruises Ltd. Common Stock,Marine Transportation,9,283.0899963378906,-21.29614436254351,39,95,C
RCMT,RCM Technologies Inc. Common Stock,Professional Services,104,27.479999542236328,-13.476072593832578,61,47,D+
RCON,Recon Technology Ltd. Class A Ordinary Shares,Oilfield Services/Equipment,11,0.4399999976158142,-90.22222227520413,5,,E-
RCT,RedCloud Holdings plc Ordinary Shares,Computer Software: Programming Data Processing,112,0.25999999046325684,-90.94076652157746,3,,A+
RCUS,Arcus Biosciences Inc. Common Stock,Biotechnology: Pharmaceutical Preparations,77,28.329999923706055,-8.848133869853891,94,4,A-
RDCM,Radcom Ltd. Ordinary Shares,Computer peripheral equipment,43,14.140000343322754,-12.39156828970145,60,84,E+
RDDT,Reddit Inc. Class A Common Stock,EDP Services,126,203.27000427246094,-24.912263792010148,70,98,B+
RDGT,Ridgetech Inc. Ordinary Shares,Retail-Drug Stores and Proprietary Stores,137,1.6100000143051147,-99.78829717103154,4,,A+
RDHL,Redhill Biopharma Ltd. American Depositary Shares,Biotechnology: Pharmaceutical Preparations,77,0.7390000224113464,-70.67460206330468,14,,E-
RDI,Reading International Inc Class A Common Stock,Movies/Entertainment,67,1.2100000381469727,-23.899370267569363,48,,B
RDIB,Reading International Inc Class B Common Stock,Movies/Entertainment,67,8.510000228881836,-39.64539008051581,25,,C-
RDN,Radian Group Inc. Common Stock,Property-Casualty Insurers,41,36.900001525878906,-3.3778401341127307,58,88,D-
RDNT,RadNet Inc. Common Stock,Medical Specialities,24,62.779998779296875,-25.686557428215018,46,,B-
RDNW,RideNow Group Inc. Class B Common Stock,EDP Services,126,5.820000171661377,-29.53995144804934,82,20,B-
RDVT,Red Violet Inc. Common Stock,Computer Software: Prepackaged Software,118,68.41999816894531,-0.4220650842547857,90,,A-
RDW,Redwire Corporation Common Stock,Military/Government/Technical,103,9.739999771118164,-62.39382272365117,33,20,C-
RDWR,Radware Ltd. Ordinary Shares,Business Services,90,31.190000534057617,-2.92561625524016,74,69,C
RDY,Dr. Reddy's Laboratories Ltd Common Stock,Biotechnology: Pharmaceutical Preparations,77,12.84000015258789,-16.51495411543018,38,37,E+
RDZN,Roadzen Inc. Ordinary Shares,Specialty Insurers,109,1.159999966621399,-51.867223016236295,37,4,B+
REAL,The RealReal Inc. Common Stock,Other Specialty Stores,112,10.880000114440918,-35.621299644815565,69,20,D-
REAX,The Real Brokerage Inc. Common Shares,Real Estate,90,2.0,-62.8252796011727,13,20,B+
REBN,Reborn Coffee Inc. Common Stock,Restaurants,97,1.3700000047683716,-56.782335274576965,13,,E
RECT,Rectitude Holdings Ltd Ordinary Shares,Industrial Machinery/Components,77,1.200700044631958,-75.98599910736084,8,,A
REED,Reed's Inc. Common Stock,Beverages (Production/Distribution),101,1.0,-91.66666666666666,3,20,E-
REFI,Chicago Atlantic Real Estate Finance Inc. Common Stock,Real Estate Investment Trusts,41,10.75,-12.630756131806564,40,38,D+
REFR,Research Frontiers Incorporated Common Stock,Multi-Sector Companies,95,0.5540000200271606,-76.52542183673843,8,,E
REG,Regency Centers Corporation Common Stock,Real Estate Investment Trusts,41,80.33000183105469,-1.809064627436352,62,57,D+
REGN,Regeneron Pharmaceuticals Inc. Common Stock,Biotechnology: Pharmaceutical Preparations,77,656.1199951171875,-19.00594759704316,43,68,D-
REI,Ring Energy Inc. Common Stock,Oil & Gas Production,30,1.1799999475479126,-40.40404362722798,59,20,D+
REKR,Rekor Systems Inc. Common Stock,Telecommunications Equipment,73,0.6237000226974487,-80.50937458113768,11,,E
RELL,Richardson Electronics Ltd. Common Stock,Electronic Components,5,17.5,-7.943188904267851,89,41,C-
RELX,RELX PLC PLC American Depositary Shares (Each representing One Ordinary Share),Business Services,90,32.650001525878906,-37.873125905064,26,,C-
RELY,Remitly Global Inc. Common Stock,Business Services,90,23.520000457763672,-3.1301491243361124,87,97,B
RENT,Rent the Runway Inc. Class A Common Stock,Other Specialty Stores,112,3.240000009536743,-65.49520882775353,11,40,B-
RENX,RenX Enterprises Corp. Common Stock,Real Estate,90,2.059999942779541,-94.66321237250659,7,,E+
REPL,Replimune Group Inc. Common Stock,Biotechnology: Biological Products (No Diagnostic Substances),67,9.869999885559082,-21.8527332056482,99,4,A-
REPX,Riley Exploration Permian Inc. Common Stock,Oil & Gas Production,30,34.36000061035156,-16.62217574933671,64,33,D+
RERE,ATRenew Inc. American Depositary Shares (every three of which representing two Class A ordinary shares),Other Specialty Stores,112,3.940000057220459,-36.4163470148935,33,80,E+
RES,RPC Inc. Common Stock,Oilfield Services/Equipment,11,5.849999904632568,-26.44230671223584,52,60,E
RETO,ReTo Eco-Solutions Inc. Class A Shares,Industrial Machinery/Components,77,3.200000047683716,-94.36619702347497,14,,A
REVB,Revelation Biosciences Inc. Common Stock,Biotechnology: Pharmaceutical Preparations,77,1.0399999618530273,-91.58576059271016,8,20,D
REX,REX American Resources Corporation,Major Chemicals,59,47.060001373291016,-8.014070536258,84,93,C
REXR,Rexford Industrial Realty Inc. Common Stock,Real Estate Investment Trusts,41,35.5099983215332,-16.73641574559629,42,61,C-
REYN,Reynolds Consumer Products Inc. Common Stock,Containers/Packaging,59,26.200000762939453,-3.6055906226377443,70,56,B-
REZI,Resideo Technologies Inc. Common Stock,Wholesale Distributors,,36.86000061035156,-17.16853795426615,56,63,B-
RF,Regions Financial Corporation Common Stock,Major Banks,20,30.920000076293945,-0.48277959447570185,70,60,C
RFIL,RF Industries Ltd. Common Stock,Electrical Products,3,15.9399995803833,-25.86046706798465,95,66,D-
RFL,Rafael Holdings Inc. Class B Common Stock,Real Estate,90,2.4000000953674316,-36.50793350442705,94,11,A
RGA,Reinsurance Group of America Incorporated Common Stock,Life Insurance,24,234.0399932861328,-1.667997694352752,69,93,C+
RGC,Regencell Bioscience Holdings Limited Ordinary Shares,Medicinal Chemicals and Botanical Products,134,5.650000095367432,-89.3154312003708,3,,E+
RGCO,RGC Resources Inc. Common Stock,Oil & Gas Production,30,24.84000015258789,-0.7590912059342814,65,42,E+
RGEN,Repligen Corporation Common Stock,Biotechnology: Biological Products (No Diagnostic Substances),67,147.1300048828125,-14.588407306042372,57,61,B
RGLD,Royal Gold Inc. Common Stock,Precious Metals,111,193.50999450683594,-36.13900085575214,34,90,E+
RGNT,Regentis Biomaterials Ltd. Ordinary Shares,Biotechnology: Pharmaceutical Preparations,77,2.5399999618530273,-72.97872271349979,10,,A+
RGNX,REGENXBIO Inc. Common Stock,Biotechnology: Biological Products (No Diagnostic Substances),67,12.289999961853027,-23.091362240845857,72,20,A
RGP,Resources Connection Inc. Common Stock,Business Services,90,4.590000152587891,-15.555494342237209,56,29,A-
RGR,Sturm Ruger & Company Inc. Common Stock,Ordnance And Accessories,35,37.869998931884766,-19.149774671597143,39,,D-
RGS,Regis Corporation Common Stock,Other Consumer Services,121,28.200000762939453,-8.41182226559064,62,78,B+
RGTI,Rigetti Computing Inc. Common Stock,EDP Services,126,16.110000610351562,-71.4057497928289,33,20,C+
RH,RH Common Stock,Other Specialty Stores,112,174.5500030517578,-30.458166114837525,56,30,B+
RHI,Robert Half Inc. Common Stock,Professional Services,104,35.650001525878906,-9.061385822603496,76,37,B+
RHLD,Resolute Holdings Management Common Stock,Finance: Consumer Services,116,135.88999938964844,-39.96995965861079,90,,C+
RHP,Ryman Hospitality Properties Inc. (REIT),Real Estate Investment Trusts,41,123.97000122070312,-5.314178227791455,80,84,B-
RICK,RCI Hospitality Holdings Inc. Common Stock,Restaurants,97,26.290000915527344,-34.493654974198165,40,30,C+
RIG,Transocean Ltd (Switzerland) Common Stock,Oil & Gas Production,30,5.309999942779541,-29.947229601245862,78,,E+
RIGL,Rigel Pharmaceuticals Inc. Common Stock,Biotechnology: Pharmaceutical Preparations,77,41.16999816894531,-19.21114813856094,88,59,A-
RILY,BRC Group Holdings Inc. Common Stock,Investment Managers,67,6.989999771118164,-34.55056581102676,63,99,C
RIME,Algorhythm Holdings Inc. Common Stock,Diversified Electronic Products,,0.5180000066757202,-85.1149424184879,6,,E+
RIO,Rio Tinto Plc Common Stock,Metal Mining,85,93.29000091552734,-16.73509447231849,74,,E+
RIOT,Riot Platforms Inc. Common Stock,Finance: Consumer Services,116,20.190000534057617,-29.627047200329372,75,4,D-
RITM,Rithm Capital Corp. Common Stock,Real Estate Investment Trusts,41,9.220000267028809,-19.385831579012326,34,70,D+
RITR,Reitar Logtech Holdings Limited Ordinary shares,Real Estate,90,0.23600000143051147,-96.73582294871481,4,,D
RIVN,Rivian Automotive Inc. Class A Common Stock,Auto Manufacturing,140,17.5,-22.049000421910602,67,20,A-
RJET,Republic Airways Holdings Inc. Common Stock,Air Freight/Delivery Services,22,18.0,-28.994083908741906,42,,A-
RJF,Raymond James Financial Inc. Common Stock,Investment Bankers/Brokers/Service,77,167.42999267578125,-3.8051804288675273,55,67,C-
RKDA,Arcadia Biosciences Inc. Common Stock,Farming/Seeds/Milling,88,0.6200000047683716,-88.68613133922587,4,32,A+
RKLB,Rocket Lab Corporation Common Stock,Military/Government/Technical,103,78.80999755859375,-47.54043812826464,79,4,E+
RKT,Rocket Companies Inc. Class A Common Stock,Finance: Consumer Services,116,14.300000190734863,-38.99317463769938,32,63,B
RKTO,Rocket One Inc. Common Stock,Biotechnology: Pharmaceutical Preparations,77,0.8008999824523926,-63.92342467879273,43,,A+
RL,Ralph Lauren Corporation Common Stock,Garments and Clothing,67,368.9700012207031,-10.71288072670905,58,75,D+
RLAY,Relay Therapeutics Inc. Common Stock,Biotechnology: Biological Products (No Diagnostic Substances),67,19.079999923706055,-8.048193138766003,98,4,A-
RLGT,Radiant Logistics Inc. Common Stock,Integrated Freight & Logistics,141,9.3100004196167,-3.121740351490032,84,71,B-
RLI,RLI Corp. Common Stock (DE),Property-Casualty Insurers,41,60.13999938964844,-7.784159338984908,50,42,B-
RLJ,RLJ Lodging Trust Common Shares of Beneficial Interest $0.01 par value,Real Estate Investment Trusts,41,11.600000381469727,-2.3371120567175496,91,35,B
RLMD,Relmada Therapeutics Inc. Common Stock,Biotechnology: Pharmaceutical Preparations,77,6.210000038146973,-20.992367268951618,99,,B-
RLYB,Rallybio Corporation Common Stock,Biotechnology: Pharmaceutical Preparations,77,16.010000228881836,-5.097810121926716,99,4,A
RM,Regional Management Corp. Common Stock,Finance: Consumer Services,116,43.13999938964844,-2.8105791982745876,71,60,B+
RMAX,RE/MAX Holdings Inc. Class A Common Stock,Real Estate,90,10.720000267028809,-7.186146406922667,89,34,A
RMBI,Richmond Mutual Bancorporation Inc. Common Stock,Major Banks,20,15.260000228881836,-5.744288292143129,62,70,A-
RMBS,Rambus Inc. Common Stock,Semiconductors,2,105.37999725341797,-38.25149713341132,65,79,E-
RMCF,Rocky Mountain Chocolate Factory Inc. Common Stock,Specialty Foods,90,1.0199999809265137,-64.94845529754187,10,81,E-
RMCO,Royalty Management Holding Corporation Class A Common Stock,Multi-Sector Companies,95,2.3499999046325684,-48.0025705893934,46,,A
RMD,ResMed Inc. Common Stock,Medical/Dental Instruments,126,193.00999450683594,-33.78481333635973,23,61,D-
RMIX,Suncrete Inc. Class A Common Stock,Building Materials,40,19.6299991607666,-20.974238968668036,92,,A
RMNI,Rimini Street Inc. (DE) Common Stock,Business Services,90,4.670000076293945,-7.524754457199756,68,53,B+
RMR,The RMR Group Inc. Class A Common Stock,Professional Services,104,20.540000915527344,-3.883948952319405,83,49,C+
RMSG,Real Messenger Corporation Ordinary Shares,Computer Software: Programming Data Processing,112,0.388700008392334,-92.53934730237387,3,,A
RMT,Royce Micro-Cap Trust Inc. Common Stock,Investment Managers,67,14.140000343322754,-3.678473778114555,82,,C-
RMTI,Rockwell Medical Inc. Common Stock,Biotechnology: Pharmaceutical Preparations,77,5.630000114440918,-69.23497076962042,11,20,E-
RNA,Atrium Therapeutics Inc. Common Stock,Biotechnology: Pharmaceutical Preparations,77,12.220000267028809,-26.118503079664436,31,,C-
RNAC,Cartesian Therapeutics Inc. Common Stock,Biotechnology: Pharmaceutical Preparations,77,8.619999885559082,-37.080291930154004,59,,A
RNAZ,TransCode Therapeutics Inc. Common Stock,Biotechnology: Pharmaceutical Preparations,77,8.579999923706055,-43.663820212786476,36,,E-
RNG,RingCentral Inc. Class A Common Stock,EDP Services,126,41.29999923706055,-15.757264323867926,82,93,C+
RNGR,Ranger Energy Services Inc. Class A Common Stock,Oilfield Services/Equipment,11,16.110000610351562,-12.256013629681961,63,82,D+
RNR,RenaissanceRe Holdings Ltd. Common Stock,Property-Casualty Insurers,41,319.9200134277344,-1.95224951741374,68,96,C-
RNST,Renasant Corporation Common Stock,Major Banks,20,42.56999969482422,-2.4965647191876883,64,87,D+
RNTX,Rein Therapeutics Inc. Common Stock,Biotechnology: Pharmaceutical Preparations,77,0.9157999753952026,-51.287235227765514,16,,E
RNW,ReNew Energy Global plc Class A Ordinary Shares,Electric Utilities: Central,52,6.199999809265137,-24.29792274818444,55,38,B-
RNXT,RenovoRx Inc. Common Stock,Biotechnology: Pharmaceutical Preparations,77,0.8500000238418579,-39.285711548766265,22,,D
ROAD,Construction Partners Inc. Class A Common Stock,Military/Government/Technical,103,97.3499984741211,-30.701878249675207,29,93,E
ROC,Rank One Computing Corporation Common stock,Computer Software: Prepackaged Software,118,5.28000020980835,-27.770174403028903,37,,A
ROCK,Gibraltar Industries Inc. Common Stock,Steel/Iron Ore,46,41.599998474121094,-44.22097418506754,26,20,C-
ROG,Rogers Corporation Common Stock,Major Chemicals,59,137.58999633789062,-17.655156290951666,87,81,D+
ROIV,Roivant Sciences Ltd. Common Shares,Biotechnology: Pharmaceutical Preparations,77,34.90999984741211,-5.161644811177679,95,4,B
ROK,Rockwell Automation Inc. Common Stock,Industrial Machinery/Components,77,469.7699890136719,-5.112304727530992,76,88,C-
ROKU,Roku Inc. Class A Common Stock,Cable & Other Pay Television Services,104,141.75999450683594,-1.3225735116520587,86,99,B-
ROL,Rollins Inc. Common Stock,Diversified Commercial Services,77,44.290000915527344,-32.04893589924871,24,54,E+
ROLR,High Roller Technologies Inc. Common Stock,Services-Misc. Amusement & Recreation,87,6.599999904632568,-72.21052671733655,95,40,A
ROMA,Roma Green Finance Limited Class A Ordinary Shares,Professional Services,104,9.28499984741211,-10.20309757840513,99,,C
ROOT,Root Inc. Class A Common Stock,Property-Casualty Insurers,41,61.72999954223633,-52.99269258352246,40,95,A-
ROP,Roper Technologies Inc. Common Stock,Computer Software: Programming Data Processing,112,346.6499938964844,-37.979081653601845,26,79,C-
ROST,Ross Stores Inc. Common Stock,Clothing/Shoe/Accessory Stores,88,220.92999267578125,-7.995673933543279,78,79,D-
RPAY,Repay Holdings Corporation Class A Common Stock,Business Services,90,3.9200000762939453,-34.22818706033575,51,20,A
RPC,Ridgepost Capital Inc. Class A Common Stock,Investment Managers,67,8.0,-36.557680793156045,33,,C-
RPD,Rapid7 Inc. Common Stock,Computer Software: Prepackaged Software,118,12.970000267028809,-43.263342428977545,86,58,A
RPGL,Republic Power Group Limited Class A Ordinary Shares,Computer Software: Prepackaged Software,118,1.940000057220459,-99.95130521944728,1,,A+
RPID,Rapid Micro Biosystems Inc. Class A Common Stock,Biotechnology: Laboratory Analytical Instruments,52,2.069999933242798,-55.769230573291765,22,20,A-
RPM,RPM International Inc. Common Stock,Paints/Coatings,46,102.43000030517578,-18.931964030748315,38,53,D
RPRX,Royalty Pharma plc Class A Ordinary Shares,Biotechnology: Pharmaceutical Preparations,77,55.66999816894531,-4.6256652601454284,84,84,C+
RPT,Rithm Property Trust Inc. Common stock,Real Estate Investment Trusts,41,12.760000228881836,-23.43763000175214,36,20,E-
RR,Richtech Robotics Inc. Class B Common Stock,Industrial Machinery/Components,77,1.6699999570846558,-76.34560948130586,15,,E+
RRBI,Red River Bancshares Inc. Common Stock,Hotels/Resorts,39,96.19999694824219,-1.181306157066464,79,89,C+
RRC,Range Resources Corporation Common Stock,Oil & Gas Production,30,36.459999084472656,-23.281846866624555,39,78,D-
RRGB,Red Robin Gourmet Burgers Inc. Common Stock,Restaurants,97,7.059999942779541,-11.63954762177013,92,28,A
RRR,Red Rock Resorts Inc. Class A Common Stock,Hotels/Resorts,39,64.0,-4.846865942150225,63,90,B-
RRX,Regal Rexnord Corporation Common Stock,Metal Fabrications,37,211.1999969482422,-11.331292336588938,77,73,D
RS,Reliance Inc. Common Stock,Metal Fabrications,37,388.3800048828125,-6.059063985861657,77,59,D-
RSG,Republic Services Inc. Common Stock,Environmental Services,73,220.02999877929688,-9.52978833692979,46,59,C-
RSI,Rush Street Interactive Inc. Class A Common Stock,Services-Misc. Amusement & Recreation,87,33.5099983215332,-1.9602164355192242,94,78,A-
RSKD,Riskified Ltd. Class A Ordinary Shares,Business Services,90,5.170000076293945,-7.8431380882128305,64,20,B
RSSS,Research Solutions Inc Common Stock,EDP Services,126,2.259999990463257,-42.92929371988611,27,98,E
RSVR,Reservoir Media Inc. Common Stock,Services-Misc. Amusement & Recreation,87,10.149999618530273,-3.24118360349257,72,70,D
RTB,RTB Digital Inc. Common Stock,Professional Services,104,15.25,-32.96703296703297,95,,A+
RTO,Rentokil Initial plc American Depositary Shares (each representing five (5) Ordinary Shares),Other Consumer Services,121,29.579999923706055,-14.310545969145815,50,,D-
RTX,RTX Corporation Common Stock,Aerospace,101,193.38999938964844,-8.467403284352992,60,76,D+
RUBI,Rubico Inc. Common Stock,Marine Transportation,9,4.28000020980835,-99.9982356198813,1,,E
RUM,RUM Group Inc. Class A Common Stock,Computer Software: Programming Data Processing,112,5.989999771118164,-40.21956589356234,37,20,D+
RUN,Sunrun Inc. Common Stock,Industrial Machinery/Components,77,12.779999732971191,-40.3082679866719,36,93,B
RUSHA,Rush Enterprises Inc. Common Stock Cl A,Retail-Auto Dealers and Gas Stations,104,75.86000061035156,-0.1845704485706423,79,46,C
RUSHB,Rush Enterprises Inc. Class B,Retail-Auto Dealers and Gas Stations,104,75.19000244140625,-3.894535527012266,76,46,D+
RVLV,Revolve Group Inc. Class A Common Stock,Catalog/Specialty Distribution,59,24.43000030517578,-22.321145588129877,46,76,C-
RVMD,Revolution Medicines Inc. Common Stock,Biotechnology: Biological Products (No Diagnostic Substances),67,184.97000122070312,-3.9715471344655695,98,4,B+
RVP,Retractable Technologies Inc. Common Stock,Medical/Dental Instruments,126,0.6901000142097473,-34.89622156014829,35,,D-
RVSB,Riverview Bancorp Inc Common Stock,Savings Institutions,11,5.329999923706055,-12.001564441824442,45,48,E-
RVSN,Rail Vision Ltd. Ordinary Share,Railroads,24,5.0,-99.31072514037497,3,,E-
RVTY,Revvity Inc. Common Stock,Biotechnology: Laboratory Analytical Instruments,52,111.20999908447266,-5.480239774431562,67,43,B
RWAY,Runway Growth Finance Corp. Common Stock,Finance: Consumer Services,116,5.760000228881836,-40.15109776863147,22,53,D-
RWT,Redwood Trust Inc. Common Stock,Real Estate Investment Trusts,41,5.090000152587891,-18.265152966504072,38,20,A
RXO,RXO Inc. Common Stock,Transportation Services,116,28.040000915527344,-3.708790839906051,93,4,B+
RXRX,Recursion Pharmaceuticals Inc. Class A Common Stock,Biotechnology: Biological Products (No Diagnostic Substances),67,3.3399999141693115,-50.81001571526066,23,4,B-
RXST,RxSight Inc. Common Stock,Ophthalmic Goods,120,4.920000076293945,-62.414056386995064,15,20,C-
RXT,Rackspace Technology Inc. Common Stock,Computer Software: Programming Data Processing,112,4.650000095367432,-38.24701240631464,99,4,A-
RY,Royal Bank Of Canada Common Stock,Commercial Banks,10,214.0399932861328,0.0,84,68,C-
RYAAY,Ryanair Holdings plc American Depositary Shares,Air Freight/Delivery Services,22,64.29000091552734,-12.332960052733688,52,,C-
RYAM,Rayonier Advanced Materials Inc. Common Stock,Paper,124,7.230000019073486,-38.468084944055434,48,4,E
RYAN,Ryan Specialty Holdings Inc. Class A Common Stock,Specialty Insurers,109,41.18000030517578,-37.9681868806711,35,88,B+
RYDE,Ryde Group Ltd. Class A Ordinary Shares,Business Services,90,0.637499988079071,-57.21476617458032,70,,D-
RYET,Ruanyun Edai Technology Inc. Ordinary shares,Computer Software: Prepackaged Software,118,1.0499999523162842,-58.98437594587451,20,,A+
RYM,RYTHM Inc. Common Stock,Farming/Seeds/Milling,88,22.6200008392334,-53.11916924511213,32,63,E+
RYN,Rayonier Inc. REIT Common Stock,Real Estate Investment Trusts,41,21.719999313354492,-11.166418973530835,44,36,D+
RYOJ,rYojbaba Co. Ltd. Common Shares,Professional Services,104,4.340000152587891,-52.41227843149434,95,,A+
RYTM,Rhythm Pharmaceuticals Inc. Common Stock,Biotechnology: Pharmaceutical Preparations,77,109.95999908447266,-6.512500835944735,72,4,A-
RYZ,Ryerson Holding Corporation Common Stock,Metal Fabrications,37,28.1299991607666,-7.497536001597627,66,63,D
RZLT,Rezolute Inc. Common Stock (NV),Biotechnology: Pharmaceutical Preparations,77,4.829999923706055,-55.85009041164124,71,20,A-
RZLV,Rezolve AI PLC Ordinary Shares,Computer Software: Programming Data Processing,112,2.509999990463257,-67.4870458720447,26,,B-
S,SentinelOne Inc. Class A Common Stock,Computer Software: Prepackaged Software,118,19.920000076293945,0.0,82,20,B+
SA,Seabridge Gold Inc. Common Shares New,Precious Metals,111,25.850000381469727,-34.307493306587475,52,,E
SABR,Sabre Corporation Common Stock,Computer Software: Programming Data Processing,112,1.7100000381469727,-47.70642054675286,40,53,B
SABS,SAB Biotherapeutics Inc. Common Stock,Biotechnology: Biological Products (No Diagnostic Substances),67,3.5999999046325684,-21.568632136039245,63,,B+
SACH,Sachem Capital Corp. Common Shares,Real Estate Investment Trusts,41,0.8511000275611877,-37.72731090681536,27,,A
SAFE,Safehold Inc. New Common Stock,Real Estate Investment Trusts,41,16.440000534057617,0.0,62,,B-
SAFT,Safety Insurance Group Inc. Common Stock,Property-Casualty Insurers,41,74.81999969482422,-4.608668010426619,53,35,B-
SAFX,XCF Global Inc. Class A Common Stock,Major Chemicals,59,0.4578000009059906,-75.3870969147803,29,,A-
SAGT,SAGTEC GLOBAL LIMITED Class A Ordinary shares,Computer Software: Prepackaged Software,118,0.8826000094413757,-67.06716464715163,8,,A+
SAH,Sonic Automotive Inc. Common Stock,Retail-Auto Dealers and Gas Stations,104,92.37999725341797,-3.0741793937981154,81,67,B
SAIA,Saia Inc. Common Stock,Trucking Freight/Courier Services,7,432.7300109863281,-11.169274135974305,75,44,D-
SAIC,Science Applications International Corporation Common Stock,EDP Services,126,113.91999816894531,-4.1880951299285485,62,86,B-
SAIH,SAIHEAT Limited Class A Ordinary Shares,EDP Services,126,12.609999656677246,-14.042265909361284,82,,A-
SAIL,SailPoint Inc. Common Stock,Computer Software: Prepackaged Software,118,15.199999809265137,-35.674987942860255,42,20,D
SAM,Boston Beer Company Inc. (The) Common Stock,Beverages (Production/Distribution),101,168.75,-35.108629909129085,22,35,D+
SAMG,Silvercrest Asset Management Group Inc. Class A Common Stock,Investment Managers,67,10.350000381469727,-35.28051054438556,20,34,A-
SAN,Banco Santander S.A. Sponsored ADR (Spain),Commercial Banks,10,13.630000114440918,-5.149615706412192,79,87,D+
SANA,Sana Biotechnology Inc. Common Stock,Biotechnology: Biological Products (No Diagnostic Substances),67,3.569999933242798,-39.6959478507693,38,20,B+
SANG,Sangoma Technologies Corporation Common Shares,Computer Software: Programming Data Processing,112,4.099999904632568,-33.87096724574696,34,11,E
SANM,Sanmina Corporation Common Stock,Electrical Products,3,207.58999633789062,-26.573997084897737,89,95,E-
SAP,SAP  SE ADS,Computer Software: Prepackaged Software,118,154.80999755859375,-48.96432925522615,19,70,D-
SAR,Saratoga Investment Corp New,Investment Managers,67,19.200000762939453,-16.936741307276783,34,32,E-
SARO,StandardAero Inc. Common Stock,Aerospace,101,27.360000610351562,-17.391299840858476,40,87,C-
SATL,Satellogic Inc. Class A Common Stock,Radio And Television Broadcasting And Communications Equipment,27,4.309999942779541,-59.86964586004998,44,,E-
SB,Safe Bulkers Inc Common Stock ($0.001 par value),Marine Transportation,9,7.130000114440918,-1.8021154909035886,86,75,B
SBAC,SBA Communications Corporation Class A Common Stock,Real Estate Investment Trusts,41,187.25,-19.922274148069206,36,58,E+
SBC,SBC Medical Group Holdings Incorporated Common Stock,Medical/Nursing Services,27,3.0899999141693115,-45.30973695552899,18,51,C-
SBCF,Seacoast Banking Corporation of Florida Common Stock,Major Banks,20,32.97999954223633,-4.853746973410256,54,68,B-
SBET,Sharplink Inc. Common Stock,Computer Software: Prepackaged Software,118,5.949999809265137,-84.08239796884214,13,,B+
SBEV,Splash Beverage Group Inc. (NV) Common Stock,Beverages (Production/Distribution),101,0.10429999977350235,-97.02170197058874,2,,A+
SBFG,SB Financial Group Inc. Common Stock,Major Banks,20,26.440000534057617,-0.4518032164821384,81,85,A+
SBFM,Sunshine Biopharma Inc. Common Stock,Biotechnology: Pharmaceutical Preparations,77,1.9199999570846558,-91.27272746779703,2,,A+
SBGI,Sinclair Inc. Class A Common Stock,Broadcasting,104,13.8100004196167,-16.68438747396681,44,42,C
SBH,Sally Beauty Holdings Inc. (Name to be changed from Sally Holdings Inc.) Common Stock,Other Specialty Stores,112,14.359999656677246,-15.529413784251489,56,57,C+
SBLK,Star Bulk Carriers Corp. Common Shares,Marine Transportation,9,26.559999465942383,-4.082551160524828,82,,D
SBR,Sabine Royalty Trust Common Stock,Oil & Gas Production,30,74.2699966430664,-5.582959008428334,58,,D
SBRA,Sabra Health Care REIT Inc. Common Stock,Real Estate Investment Trusts,41,19.75,-6.220320508843679,55,67,C
SBS,Companhia de saneamento Basico Do Estado De Sao Paulo - Sabesp American Depositary Shares (Each repstg 250 Common Shares),Water Supply,65,5.96999979019165,-15.701779487383206,67,,C-
SBSI,Southside Bancshares Inc. Common Stock,Major Banks,20,34.36000061035156,-3.5102498696297,64,49,C-
SBSW,D/B/A Sibanye-Stillwater Limited ADS,Precious Metals,111,8.569999694824219,-58.24473060374569,21,,E
SBUX,Starbucks Corporation Common Stock,Restaurants,97,106.16999816894531,-1.0899927416266442,70,59,C+
SBXD,SilverBox Corp IV Class A Ordinary Shares,,,10.829999923706055,-0.914916547828204,48,,D+
SBXE,SilverBox Corp V Class A Ordinary Shares,,,10.140000343322754,-0.3929269219441034,48,,D
SCAG,Scage Future American Depositary Shares,Construction/Ag Equipment/Trucks,32,0.3700000047683716,-95.12516472556042,2,,A+
SCCO,Southern Copper Corporation Common Stock,Metal Mining,85,182.3800048828125,-15.389809660526598,78,95,D
SCHL,Scholastic Corporation Common Stock,Books,4,46.75,-1.2463036558643448,90,44,C
SCHW,Charles Schwab Corporation (The) Common Stock,Investment Bankers/Brokers/Service,77,101.0999984741211,-5.041125096122423,55,92,D+
SCI,Service Corporation International Common Stock,Other Consumer Services,121,78.83000183105469,-9.7222407890728,43,48,C
SCKT,Socket Mobile Inc. Common Stock,Computer Manufacturing,17,0.5422000288963318,-59.23308184954372,11,20,B+
SCL,Stepan Company Common Stock,Package Goods/Cosmetics,83,56.900001525878906,-14.060791701159136,60,30,C
SCLX,Scilex Holding Company Common Stock,Biotechnology: Biological Products (No Diagnostic Substances),67,8.760000228881836,-53.10480009851257,94,,A
SCM,Stellus Capital Investment Corporation Common Stock,Finance/Investors Services,73,8.350000381469727,-37.786712750319985,24,,D-
SCNI,Scinai Immunotherapeutics Ltd. American Depositary Shares,Biotechnology: Biological Products (No Diagnostic Substances),67,0.24130000174045563,-89.5991375567336,4,,A
SCNX,Scienture Holdings Inc. Common Stock,Other Pharmaceuticals,138,0.3889999985694885,-85.03846104469524,21,,A+
SCOR,comScore Inc. Common Stock,Business Services,90,6.980000019073486,-22.358173561940774,44,,B-
SCPQ,Social Commerce Partners Corporation Class A Ordinary Shares,,,10.039999961853027,0.0,47,,C-
SCPQU,Social Commerce Partners Corporation Unit,,,10.300000190734863,-0.5791454433467291,50,,C-
SCSC,ScanSource Inc. Common Stock,Retail: Computer Software & Peripheral Equipment,57,53.88999938964844,0.0,82,48,B-
SCWO,374Water Inc. Common Stock,Metal Fabrications,37,2.009999990463257,-71.28571442195347,18,,E
SCYX,SCYNEXIS Inc. Common Stock,Biotechnology: Pharmaceutical Preparations,77,4.929999828338623,-47.77542322582978,22,,B
SCZM,Santacruz Silver Mining Ltd. Common Shares,,,6.5,-59.77722734297599,40,,D-
SD,SandRidge Energy Inc. Common Stock,Oil & Gas Production,30,13.699999809265137,-22.06578345325154,55,58,D-
SDA,SunCar Technology Group Inc. Class A Ordinary Shares,Automotive Aftermarket,128,0.8580999970436096,-69.89122716640095,7,,B+
SDEV,Stablecoin Development Corporation Common Stock,Biotechnology: Pharmaceutical Preparations,77,1.2200000286102295,-98.72651358064039,8,,A+
SDGR,Schrodinger Inc. Common Stock,Biotechnology: Pharmaceutical Preparations,77,16.1299991607666,-29.960926270749244,53,,B
SDHC,Smith Douglas Homes Corp. Class A Common Stock,Homebuilding,59,15.699999809265137,-30.50022265065563,40,34,B+
SDOT,Sadot Group Inc. Common Stock,Restaurants,97,16.389999389648438,-95.42178787998648,4,33,A+
SDRL,Seadrill Limited Common Shares,Oil & Gas Production,30,43.060001373291016,-21.423354064264146,67,20,C-
SDST,Stardust Power Inc. Common Stock,Major Chemicals,59,1.7000000476837158,-76.02256683925167,12,11,B+
SE,Sea Limited American Depositary Shares each representing one Class A Ordinary Share,Other Consumer Services,121,109.29000091552734,-44.381678923395754,38,87,B+
SEAT,Vivid Seats Inc. Class A Common Stock,Services-Misc. Amusement & Recreation,87,7.96999979019165,-78.80319118715616,31,20,B-
SEB,Seaboard Corporation Common Stock,Farming/Seeds/Milling,88,4645.75,-21.999413017565207,61,,D-
SEDG,SolarEdge Technologies Inc. Common Stock,Semiconductors,2,55.52000045776367,-29.28289523999066,91,4,B
SEED,Origin Agritech Limited Common Stock,Farming/Seeds/Milling,88,1.0595999956130981,-47.02000021934509,34,,D+
SEER,Seer Inc. Class A Common Stock,Biotechnology: Laboratory Analytical Instruments,52,2.1600000858306885,-8.860751471253959,55,4,A+
SEG,Seaport Entertainment Group Inc. Common Stock,Services-Misc. Amusement & Recreation,87,26.1200008392334,-3.8291568999320402,71,20,B
SEGG,Sports Entertainment Gaming Global Corporation Common Stock,Computer Software: Prepackaged Software,118,0.7936000227928162,-93.54796739441838,38,,A-
SEI,Solaris Energy Infrastructure Inc. Class A Common Stock,Oil and Gas Field Machinery,32,69.5,-16.143819614890464,87,98,D+
SEIC,SEI Investments Company Common Stock,Investment Bankers/Brokers/Service,77,94.88999938964844,-1.34123613166377,65,86,C
SELF,Global Self Storage Inc. Common Stock,Real Estate Investment Trusts,41,5.150000095367432,-6.718585386051368,48,38,D+
SENEA,Seneca Foods Corp. Class A Common Stock,Packaged Foods,124,169.25999450683594,-8.000870509042935,83,,B
SENEB,Seneca Foods Corp. Class B Common Stock,Packaged Foods,124,176.1699981689453,-2.9259409761976163,86,,D-
SENS,Senseonics Holdings Inc. Common Stock,Medical/Dental Instruments,126,5.03000020980835,-56.93493083575181,16,,D
SEPN,Septerna Inc. Common Stock,Biotechnology: Pharmaceutical Preparations,77,34.540000915527344,-8.720928181166665,93,11,B+
SER,Serina Therapeutics Inc. Common Stock,Biotechnology: Pharmaceutical Preparations,77,2.0899999141693115,-64.96228230165973,21,,A
SERA,Sera Prognostics Inc. Class A Common Stock,Medical Specialities,24,1.9800000190734863,-47.1999994913737,21,20,A-
SERV,Serve Robotics Inc. Common Stock,Industrial Specialties,90,5.820000171661377,-67.08144756107507,10,20,E-
SES,SES AI Corporation Class A Common Stock,Industrial Machinery/Components,77,0.7026000022888184,-80.15254209434964,11,20,E-
SEV,Aptera Motors Corp. Class B Common Stock,Auto Manufacturing,140,1.840000033378601,-83.02583018931666,6,,E-
SEVN,Seven Hills Realty Trust Common Stock,Real Estate Investment Trusts,41,8.369999885559082,-16.97576233028386,41,55,A-
SEZL,Sezzle Inc. Common Stock,Finance: Consumer Services,116,182.38999938964844,-0.4638758338977089,97,95,A-
SF,Stifel Financial Corporation Common Stock,Investment Bankers/Brokers/Service,77,76.33999633789062,-13.227390075559365,44,87,D-
SFBC,Sound Financial Bancorp Inc. Common Stock,Savings Institutions,11,46.314998626708984,-3.4775112885974346,50,66,D-
SFBS,ServisFirst Bancshares Inc. Common Stock,Major Banks,20,85.47000122070312,-3.7933309951637018,59,69,C+
SFD,Smithfield Foods Inc. Common Stock,Meat/Poultry/Fish,81,24.690000534057617,-15.511492197651865,49,,D-
SFHG,Samfine Creation Holdings Group Limited Class A Ordinary Share,Publishing,109,2.4200000762939453,-49.8445560215987,23,,B-
SFIX,Stitch Fix Inc. Class A Common Stock,Catalog/Specialty Distribution,59,3.7200000286102295,-36.19210845125579,41,20,B+
SFL,SFL Corporation Ltd,Marine Transportation,9,11.300000190734863,-10.0797783433197,80,63,D
SFM,Sprouts Farmers Market Inc. Common Stock,Food Chains,64,75.3499984741211,-55.57455444668964,27,57,D
SFNC,Simmons First National Corporation Class A Common Stock,Major Banks,20,22.920000076293945,-1.291986416588775,69,84,C
SFST,Southern First Bancshares Inc. Common Stock,Major Banks,20,61.40999984741211,-1.7282794079790276,77,79,C
SFWL,Shengfeng Development Limited Class A Ordinary Shares,Trucking Freight/Courier Services,7,0.7560999989509583,-39.51200008392334,22,,A+
SG,Sweetgreen Inc. Class A Common Stock,Restaurants,97,7.090000152587891,-56.39606363600001,40,63,D-
SGA,Saga Communications Inc. Class A Common Stock (FL),Broadcasting,104,9.069999694824219,-27.132185514813976,24,20,E+
SGC,Superior Group of Companies Inc. Common Stock,Apparel,43,12.829999923706055,-7.5648428103572645,77,99,E
SGHC,Super Group (SGHC) Limited Ordinary Shares,Services-Misc. Amusement & Recreation,87,14.8100004196167,-4.513215982818863,81,47,B
SGHT,Sight Sciences Inc. Common Stock,Medical/Dental Instruments,126,5.050000190734863,-44.19889409610276,79,20,B
SGI,Somnigroup International Inc. Common Stock,Home Furnishings,51,72.26000213623047,-25.919593039153664,34,86,C-
SGLY,Singularity Future Technology Ltd. Common Stock,Integrated Freight & Logistics,141,0.24400000274181366,-82.44604278755918,7,35,E-
SGML,Sigma Lithium Corporation Common Shares,Metal Mining,85,11.989999771118164,-49.302325731439986,72,53,E
SGMT,Sagimet Biosciences Inc. Series A Common Stock,Biotechnology: Pharmaceutical Preparations,77,7.755000114440918,-24.267575314661304,68,4,A
SGP,SpyGlass Pharma Inc. Common Stock,Medical/Dental Instruments,126,19.989999771118164,-32.64824944212623,24,,A
SGRP,SPAR Group Inc. Common Stock,Business Services,90,0.8679999709129333,-33.740457341454366,73,20,B+
SGRY,Surgery Partners Inc. Common Stock,Hospital/Nursing Management,85,15.119999885559082,-36.57718209402877,38,20,C
SGU,Star Group L.P. Common Stock,Other Specialty Stores,112,13.069999694824219,-2.8252797013361475,61,76,D+
SHAK,Shake Shack Inc. Class A Common Stock,Restaurants,97,60.09000015258789,-57.35575999509675,13,40,E
SHAZ,SharonAI Holdings Inc. Class A Common Stock,EDP Services,126,71.26000213623047,-23.12836625440501,97,,B-
SHBI,Shore Bancshares Inc Common Stock,Major Banks,20,22.639999389648438,-3.24786427893784,80,67,C+
SHC,Sotera Health Company Common Stock,Misc Health and Biotechnology Services,8,17.770000457763672,-8.16537412174483,68,99,C+
SHEL,Shell PLC American Depositary Shares (each representing two (2) Ordinary Shares),Oil & Gas Production,30,84.41000366210938,-9.532197105514516,58,55,D
SHEN,Shenandoah Telecommunications Co Common Stock,Telecommunications Equipment,73,12.180000305175781,-28.771929628875693,32,4,E
SHFS,SHF Holdings Inc. Class A Common Stock,Finance: Consumer Services,116,0.2092999964952469,-97.17543858562503,2,,A+
SHG,Shinhan Financial Group Co Ltd American Depositary Shares,Major Banks,20,71.2699966430664,-2.742906890984198,77,57,D+
SHIM,Shimmick Corporation Common Stock,Military/Government/Technical,103,3.7100000381469727,-44.37781115876146,75,20,C
SHIP,Seanergy Maritime Holdings Corp. Common Stock,Marine Transportation,9,14.819999694824219,-9.878172335661395,91,90,D+
SHLS,Shoals Technologies Group Inc. Class A Common Stock,Semiconductors,2,10.760000228881836,-15.740016889817987,89,30,B-
SHMD,SCHMID Group N.V. Class A Ordinary Shares,Industrial Machinery/Components,77,4.519999980926514,-56.621881498736705,54,,E+
SHO,Sunstone Hotel Investors Inc. Sunstone Hotel Investors Inc. Common Shares,Hotels/Resorts,39,11.359999656677246,-3.9566621380280664,76,76,C+
SHOE,Shoe Station Group Inc. Common Stock,Clothing/Shoe/Accessory Stores,88,14.3100004196167,-42.66414694120603,23,30,E
SHOO,Steven Madden Ltd. Common Stock,Shoe Manufacturing,66,42.44499969482422,-8.028172716261095,76,67,B
SHOP,Shopify Inc. Class A Subordinate Voting Shares,Computer Software: Prepackaged Software,118,125.68000030517578,-29.79162942749748,41,40,C+
SHPH,Shuttle Pharmaceuticals Holdings Inc. Common Stock,Biotechnology: Pharmaceutical Preparations,77,4.159999847412109,-91.26050424208775,4,,A+
SHW,Sherwin-Williams Company (The) Common Stock,RETAIL: Building Materials,114,328.5,-11.82704080249335,42,56,C
SI,Shoulder Innovations Inc. Common Stock,Medical/Dental Instruments,126,21.59000015258789,-5.26547044639154,89,20,A
SIBN,SI-BONE Inc. Common Stock,Medical/Dental Instruments,126,16.90999984741211,-20.981307715679907,54,20,C+
SID,Companhia Siderurgica Nacional S.A. Common Stock,Steel/Iron Ore,46,1.0299999713897705,-51.41509306647245,18,20,E-
SIDU,Sidus Space Inc. Class A Common Stock,Telecommunications Equipment,73,2.069999933242798,-66.61290327542531,25,,E+
SIEB,Siebert Financial Corp. Common Stock,Investment Bankers/Brokers/Service,77,1.6699999570846558,-60.7981251793736,17,,E-
SIF,SIFCO Industries Inc. Common Stock,Aerospace,101,22.860000610351562,-11.08517532325517,98,61,B+
SIFY,Sify Technologies Limited American Depositary Shares,Computer Software: Programming Data Processing,112,14.960000038146973,-13.775217814262064,88,46,D-
SIG,Signet Jewelers Limited Common Shares,Consumer Specialties,37,85.30000305175781,-19.214200570492835,41,48,C-
SIGA,SIGA Technologies Inc. Common Stock,Biotechnology: Pharmaceutical Preparations,77,3.4200000762939453,-59.21848807058926,14,4,E
SIGI,Selective Insurance Group Inc. Common Stock,Property-Casualty Insurers,41,96.33999633789062,-3.804298681916418,68,54,B-
SII,Sprott Inc. Common Shares,Finance: Consumer Services,116,106.05000305175781,-36.070147494774375,53,,E
SILC,Silicom Ltd Ordinary Shares,Computer Communications Equipment,17,43.130001068115234,-15.398192515905107,97,4,B
SILO,Silo Pharma Inc. Common Stock,Apparel,43,5.130000114440918,-58.036810189251106,19,,E-
SIM,Grupo Simec S.A.B. de C.V. American Depositary Shares,Steel/Iron Ore,46,29.84000015258789,-13.129544459604524,52,74,B+
SIMO,Silicon Motion Technology Corporation American Depositary Shares,Semiconductors,2,308.4100036621094,-8.45651254096752,99,88,A-
SINT,SiNtx Technologies Inc. Common Stock,Medical/Dental Instruments,126,1.559999942779541,-71.68784250493367,8,,D-
SION,Sionna Therapeutics Inc. Common Stock,Biotechnology: Pharmaceutical Preparations,77,42.59000015258789,-7.312297180768579,83,11,C+
SIRI,SiriusXM Holdings Inc. Common Stock,Broadcasting,104,30.389999389648438,-1.1707336922001987,83,56,B-
SITC,SITE Centers Corp. Common Stock,Real Estate Investment Trusts,41,4.230000019073486,-41.00566750269569,19,54,E
SITE,SiteOne Landscape Supply Inc. Common Stock,Professional and commerical equipment,,105.83999633789062,-35.16692414218032,25,31,E+
SITM,SiTime Corporation Common Stock,Semiconductors,2,623.8300170898438,-30.799348781382175,95,20,D
SJ,Scienjoy Holding Corporation Class A Ordinary Shares,EDP Services,126,0.9599999785423279,-39.622644126464714,60,,B
SJM,The J.M. Smucker Company Common Stock,Packaged Foods,124,108.80999755859375,-7.0397311220235075,65,66,B
SJT,San Juan Basin Royalty Trust Common Stock,Oil & Gas Production,30,2.6500000953674316,-59.041728264276585,9,,E-
SKE,Skeena Resources Limited Common Shares,Precious Metals,111,26.950000762939453,-29.302199585326782,68,,E
SKIL,Skillsoft Corp. Class A Common Stock,Computer Software: Prepackaged Software,118,6.880000114440918,-61.585705343068234,27,20,B-
SKIN,SkinHealth Systems Inc. Class A Common Stock,Medical/Dental Instruments,126,0.8629999756813049,-67.18631413958093,17,20,A+
SKK,SKK Holdings Limited Class A Ordinary Shares,Water Sewer Pipeline Comm & Power Line Construction,1,4.690000057220459,-61.525839059356336,89,,A
SKM,SK Telecom Co. Ltd. Common Stock,Telecommunications Equipment,73,31.3799991607666,-31.78261052007261,75,,E+
SKT,Tanger Inc. Common Stock,Real Estate Investment Trusts,41,39.880001068115234,-2.96836362846592,71,76,C-
SKWD,Skyward Specialty Insurance Group Inc. Common Stock,Property-Casualty Insurers,41,58.36000061035156,-6.489343449707574,74,69,A-
SKY,Champion Homes Inc. Common Stock,Homebuilding,59,81.43000030517578,-16.447772347507417,56,39,B-
SKYA,SkyAI Inc. Common Stock,Medical/Dental Instruments,126,1.159999966621399,-92.7635688276184,8,,D-
SKYE,Skye Bioscience Inc. Common Stock,Biotechnology: Pharmaceutical Preparations,77,0.6201000213623047,-86.945262708162,12,20,E-
SKYH,Sky Harbour Group Corporation Class A Common Stock,Real Estate,90,9.59000015258789,-12.579763726976523,38,,D
SKYQ,Sky Quarry Inc. Common Stock,Environmental Services,73,3.4000000953674316,-72.99443960158685,12,,A+
SKYT,SkyWater Technology Inc. Common Stock,Semiconductors,2,32.349998474121094,-18.942624410411348,92,4,C-
SKYW,SkyWest Inc. Common Stock,Air Freight/Delivery Services,22,97.19000244140625,-21.443581084331075,42,67,C
SKYX,SKYX Platforms Corp. Common Stock,Building Products,63,1.25,-60.0638992237457,48,4,E+
SLAB,Silicon Laboratories Inc. Common Stock,Semiconductors,2,218.0,-1.06199345410819,83,75,D+
SLAI,SOLAI Limited American Depositary Shares (each representing seven hundred (700) Class A Ordinary Shares),EDP Services,126,3.140000104904175,-89.75864279017858,5,,D-
SLB,SLB Limited Common Shares,Oilfield Services/Equipment,11,47.540000915527344,-18.048608358810135,64,43,E
SLBT,SL Science Holding Limited Ordinary Shares,Biotechnology: Biological Products (No Diagnostic Substances),67,4.389999866485596,-65.73524998146543,8,,A+
SLDB,Solid Biosciences Inc. Common Stock,Biotechnology: Biological Products (No Diagnostic Substances),67,9.630000114440918,-13.63228301428151,88,,A
SLDE,Slide Insurance Holdings Inc. Common Stock,Property-Casualty Insurers,41,20.8799991607666,-2.338634329404121,69,,B+
SLDP,Solid Power Inc. Class A Common Stock,Industrial Machinery/Components,77,2.369999885559082,-72.15041337465998,17,,E+
SLE,Super League Enterprise Inc. Common Stock,Services-Misc. Amusement & Recreation,87,2.890000104904175,-97.16999605642793,6,20,A+
SLF,Sun Life Financial Inc. Common Stock,Life Insurance,24,79.52999877929688,-0.9465713383539076,78,,D+
SLG,SL Green Realty Corp Common Stock,Real Estate Investment Trusts,41,49.869998931884766,-20.648628483752752,56,20,B
SLGB,Smart Logistics Global Limited Class A Ordinary Shares,Integrated Freight & Logistics,141,0.5698999762535095,-89.20644027258106,6,,A+
SLGL,Sol-Gel Technologies Ltd. Ordinary Shares,Biotechnology: Pharmaceutical Preparations,77,75.38999938964844,-23.047873379308538,98,,C-
SLGN,Silgan Holdings Inc. Common Stock,Containers/Packaging,59,44.709999084472656,-18.583788387250944,48,44,B-
SLI,Standard Lithium Ltd. Common Shares,Major Chemicals,59,2.309999942779541,-59.11504595064406,14,,E-
SLM,SLM Corporation Common Stock,Finance: Consumer Services,116,25.530000686645508,-22.31886640136639,46,58,C
SLMT,Brera Holdings PLC Class B Ordinary Shares,Services-Misc. Amusement & Recreation,87,5.559999942779541,-98.17105265040146,5,,A-
SLN,Silence Therapeutics Plc American Depository Share,Biotechnology: Pharmaceutical Preparations,77,9.75,-11.202182090308266,93,9,A
SLND,Southland Holdings Inc. Common Stock,Military/Government/Technical,103,0.6762999892234802,-85.91041745104721,5,20,A
SLNG,Stabilis Solutions Inc. Common Stock,Oil/Gas Transmission,48,3.7799999713897705,-35.49488250399067,36,20,A-
SLNH,Soluna Holdings Inc. Common Stock,EDP Services,126,1.1200000047683716,-74.66063381366585,30,,C-
SLP,Simulations Plus Inc. Common Stock,EDP Services,126,18.219999313354492,-12.571980902351621,71,54,B+
SLQT,SelectQuote Inc. Common Stock,Specialty Insurers,109,0.7422000169754028,-72.40892188893453,17,97,E-
SLRC,SLR Investment Corp. Common Stock,Finance/Investors Services,73,13.0600004196167,-17.042382014222447,34,59,C-
SLS,SELLAS Life Sciences Group Inc. Common Stock,Biotechnology: Pharmaceutical Preparations,77,13.390000343322754,-13.333330041253665,99,4,A
SLSN,Solesence Inc. Common Stock,Package Goods/Cosmetics,83,0.6401000022888184,-85.71205358116944,6,40,E-
SLSR,Solaris Resources Inc. Common Shares,,,7.840000152587891,-29.55974778099354,54,,E+
SLVM,Sylvamo Corporation Common Stock,Paper,124,37.84000015258789,-29.31157679796026,29,30,D-
SLXN,Silexion Therapeutics Corp Ordinary Shares,Biotechnology: Biological Products (No Diagnostic Substances),67,2.5,-98.32663982454231,2,,A+
SM,SM Energy Company Common Stock,Oil & Gas Production,30,29.719999313354492,-14.035084331670223,74,31,C-
SMA,SmartStop Self Storage REIT Inc. Common Stock,Real Estate Investment Trusts,41,33.189998626708984,-11.310687751620641,49,63,C+
SMBC,Southern Missouri Bancorp Inc. Common Stock,Banks,19,75.25,-3.2527626883562033,78,52,B-
SMBK,SmartFinancial Inc. Common Stock,Major Banks,20,46.59000015258789,-3.259966154066718,75,65,B
SMC,Summit Midstream Corporation Common Stock,Natural Gas Distribution,20,30.34000015258789,-7.018084096126631,69,20,C+
SMCI,Super Micro Computer Inc. Common Stock,Computer Manufacturing,17,27.649999618530273,-54.455608572720095,26,95,B-
SMFG,Sumitomo Mitsui Financial Group Inc Unsponsored American Depositary Shares (Japan),Commercial Banks,10,26.260000228881836,0.0,86,,B-
SMG,Scotts Miracle-Gro Company (The) Common Stock,Agricultural Chemicals,128,64.12000274658203,-8.282077831824619,53,33,D
SMHI,SEACOR Marine Holdings Inc. Common Stock,Marine Transportation,9,8.300000190734863,0.0,77,4,B+
SMID,Smith-Midland Corporation Common Stock,Building Materials,40,29.510000228881836,-31.753008595331302,31,,E
SMJF,SMJ International Holdings Inc. Class A Ordinary Shares,RETAIL: Building Materials,114,5.099999904632568,-8.108112984455795,75,,B-
SMMT,Summit Therapeutics Inc. Common Stock,Biotechnology: Pharmaceutical Preparations,77,15.470000267028809,-47.23737916764138,20,20,E+
SMP,Standard Motor Products Inc. Common Stock,Auto Parts:O.E.M.,56,37.189998626708984,-16.282418967501478,49,61,C
SMPL,The Simply Good Foods Company Common Stock,Packaged Foods,124,12.350000381469727,-63.72980717125011,21,32,C
SMR,NuScale Power Corporation Class A Common Stock,Metal Fabrications,37,8.600000381469727,-83.90417306316833,10,,E+
SMRT,SmartRent Inc. Class A Common Stock,EDP Services,126,0.9710999727249146,-54.1933950402635,19,20,A-
SMSI,Smith Micro Software Inc. Common Stock,Computer Software: Prepackaged Software,118,2.5399999618530273,-55.044249221594995,18,20,A+
SMTC,Semtech Corporation Common Stock,Semiconductors,2,141.36000061035156,-19.098034643818217,96,49,D-
SMTI,Sanara MedTech Inc. Common Stock,Industrial Specialties,90,23.450000762939453,-34.40559227149803,51,63,B
SMTK,SmartKem Inc. Common Stock,Semiconductors,2,0.1891999989748001,-93.3144874885003,5,,A+
SMWB,Similarweb Ltd. Ordinary Shares,Computer Software: Programming Data Processing,112,6.599999904632568,-36.53846012770067,91,20,A
SMX,SMX (Security Matters) Public Limited Company Ordinary Shares,Industrial Machinery/Components,77,17.5,-99.53006505203015,11,,E
SMXT,Solarmax Technology Inc. Common Stock,Engineering & Construction,45,0.3257000148296356,-80.37951678441696,7,,A+
SN,SharkNinja Inc. Ordinary Shares,Consumer Electronics/Appliances,122,149.88999938964844,-1.8080541219723578,84,89,B+
SNA,Snap-On Incorporated Common Stock,Industrial Machinery/Components,77,404.6199951171875,-2.1759102814771114,68,51,C-
SNAL,Snail Inc. Class A Common Stock,Computer Software: Prepackaged Software,118,4.320000171661377,-49.17646856868968,86,63,A
SNAP,Snap Inc. Class A Common Stock,Computer Software: Programming Data Processing,112,4.679999828338623,-54.782612020792484,18,20,E+
SND,Smart Sand Inc. Common Stock,Mining & Quarrying of Nonmetallic Minerals (No Fuels),73,5.059999942779541,-13.058422791504597,93,42,A-
SNDA,Sonida Senior Living Inc. Common Stock,Hospital/Nursing Management,85,40.02000045776367,-5.188340853375184,83,20,B
SNDK,Sandisk Corporation Common Stock,Electronic Components,5,1757.8199462890625,-24.718631850575477,99,63,C+
SNDL,SNDL Inc. Common Shares,Medicinal Chemicals and Botanical Products,134,1.2999999523162842,-53.81883034134256,26,,E+
SNDR,Schneider National Inc. Common Stock,Trucking Freight/Courier Services,7,36.93000030517578,-4.470694806809528,85,42,C+
SNDX,Syndax Pharmaceuticals Inc. Common Stock,Biotechnology: Pharmaceutical Preparations,77,24.1299991607666,-4.055667885625514,86,20,B+
SNES,SenesTech Inc. Common Stock,Agricultural Chemicals,128,1.3700000047683716,-77.72357750367611,13,20,C+
SNEX,StoneX Group Inc. Common Stock,Investment Bankers/Brokers/Service,77,113.23999786376953,-18.538232977053415,88,87,E+
SNFCA,Security National Financial Corporation Class A Common Stock,Finance: Consumer Services,116,9.710000038146973,-0.3080054792213516,62,,B
SNGX,Soligenix Inc. Common Stock,Biotechnology: Pharmaceutical Preparations,77,0.3698999881744385,-92.54233900545229,4,,A+
SNN,Smith & Nephew SNATS Inc. Common Stock,Industrial Specialties,90,29.829999923706055,-21.10176555958153,34,,E+
SNOA,Sonoma Pharmaceuticals Inc. Common Stock,Biotechnology: Pharmaceutical Preparations,77,1.2300000190734863,-77.00934502805453,6,,E
SNOW,Snowflake Inc. Common Stock,Computer Software: Prepackaged Software,118,275.94000244140625,-1.5062825405273483,90,91,A
SNPS,Synopsys Inc. Common Stock,Computer Software: Prepackaged Software,118,425.8999938964844,-34.00480204407016,34,82,E+
SNT,Senstar Technologies Corporation Common Shares,Telecommunications Equipment,73,1.7899999618530273,-66.22641702952774,8,31,E-
SNTG,Sentage Holdings Inc. Class A Ordinary Shares,Finance: Consumer Services,116,2.0799999237060547,-69.45668221463905,40,,A+
SNTI,Senti Biosciences Holdings Inc. Common Stock,Biotechnology: Biological Products (No Diagnostic Substances),67,0.9674999713897705,-59.5188314258019,25,20,B+
SNWV,SANUWAVE Health Inc. Common Stock,Medical/Dental Instruments,126,11.960000038146973,-73.42222213745117,9,40,A-
SNX,TD SYNNEX Corporation Common Stock,Retail: Computer Software & Peripheral Equipment,57,252.9600067138672,-12.814505430980038,89,92,D+
SNY,Sanofi ADS,Biotechnology: Pharmaceutical Preparations,77,43.18000030517578,-12.924184259781434,39,37,D-
SNYR,Synergy CHC Corp. Common Stock,Other Pharmaceuticals,138,0.19460000097751617,-95.09823678652116,2,11,A+
SO,Southern Company (The) Common Stock,Electric Utilities: Central,52,95.95999908447266,-2.376622862540523,52,50,C-
SOAR,Volato Group Inc. Class A Common Stock,Transportation Services,116,0.1420000046491623,-96.02258699484237,4,,A+
SOBO,South Bow Corporation Common Shares,Natural Gas Distribution,20,37.56999969482422,-0.20704852599768842,82,41,B-
SOBR,SOBR Safe Inc. Common Stock,Newspapers/Magazines,30,1.1699999570846558,-73.28767291062047,66,,A+
SOC,Sable Offshore Corp. Common Stock,Oil & Gas Production,30,4.389999866485596,-86.14705019721407,4,,E-
SOFI,SoFi Technologies Inc. Common Stock,Finance: Consumer Services,116,18.549999237060547,-42.40919042433978,32,95,C+
SOGP,Sound Group Inc. American Depositary Shares,Computer Software: Programming Data Processing,112,10.149999618530273,-67.77819846545809,44,,E-
SOHU,Sohu.com Limited American Depositary Shares,EDP Services,126,12.800000190734863,-25.667824035229902,30,33,E+
SOLS,Solstice Advanced Materials Inc. Common Stock,Aerospace,101,63.36000061035156,-28.487582729633797,56,,E-
SOLV,Solventum Corporation Common Stock,Medical/Dental Instruments,126,76.27999877929688,-11.446483260059615,53,38,D+
SON,Sonoco Products Company Common Stock,Containers/Packaging,59,53.20000076293945,-7.349351342000176,64,78,D-
SONM,DNA X Inc. Common Stock,Telecommunications Equipment,73,4.329999923706055,-74.3270477677427,39,,A-
SONO,Sonos Inc. Common Stock,Consumer Electronics/Appliances,122,15.220000267028809,-20.563672295203418,60,36,C-
SONY,Sony Group Corporation American Depositary Shares,Consumer Electronics/Appliances,122,20.799999237060547,-31.262395638689178,31,31,D+
SOPH,SOPHiA GENETICS SA Ordinary Shares,Biotechnology: Biological Products (No Diagnostic Substances),67,5.679999828338623,-5.01672558157189,77,20,A-
SOR,Source Capital Inc. Cmn Shs of BI,Investment Managers,67,45.970001220703125,-4.907287295949237,50,,C-
SORA,AsiaStrategy Ordinary Shares,Other Specialty Stores,112,1.8700000047683716,-74.47098903124785,14,,A+
SOS,SOS Limited Class A Ordinary Shares,Finance: Consumer Services,116,1.0199999809265137,-87.59124151105165,14,,B
SOTK,Sono-Tek Corporation Common Stock,Industrial Machinery/Components,77,5.340000152587891,-12.745093914326699,82,76,A-
SOUN,SoundHound AI Inc Class A Common Stock,Computer Software: Prepackaged Software,118,6.690000057220459,-68.738316932363,18,20,D-
SOWG,Sow Good Inc. Common Stock,Packaged Foods,124,3.7100000381469727,-84.04301058861518,8,20,E-
SPAI,Safe Pro Group Inc. Common Stock,Industrial Specialties,90,3.8399999141693115,-57.094972111685394,27,,D
SPB,Spectrum Brands Holdings Inc. Common Stock,Industrial Machinery/Components,77,84.12000274658203,-3.8518632980594103,82,98,C-
SPCB,SuperCom Ltd. Ordinary Shares (Israel),Semiconductors,2,11.270000457763672,-14.49165252797493,73,,A-
SPCE,Virgin Galactic Holdings Inc. Common Stock,Transportation Services,116,2.609999895095825,-65.29255449846083,26,4,A-
SPFI,South Plains Financial Inc. Common Stock,Major Banks,20,42.18000030517578,-5.009951107404865,54,59,C-
SPG,Simon Property Group Inc. Common Stock,Real Estate Investment Trusts,41,221.27999877929688,-2.7597112175569705,75,73,C-
SPGI,S&P Global Inc. Common Stock,Finance: Consumer Services,116,438.8699951171875,-17.08296355474538,42,82,B
SPH,Suburban Propane Partners L.P. Common Stock,Other Specialty Stores,112,18.34000015258789,-10.273974200590919,46,44,E
SPHL,Springview Holdings Ltd Class A Ordinary Shares,Homebuilding,59,2.759999990463257,-84.14704184576134,41,,A+
SPHR,Sphere Entertainment Co. Class A Common Stock,Services-Misc. Amusement & Recreation,87,137.02000427246094,-20.811416957106598,94,96,C
SPIR,Spire Global Inc. Class A Common Stock,Telecommunications Equipment,73,14.5,-43.09262064167461,43,,D+
SPMC,Sound Point Meridian Capital Inc. Common Stock,,,10.989999771118164,-28.40637181644482,37,,D
SPNT,SiriusPoint Ltd. Common Shares,Property-Casualty Insurers,41,24.729999542236328,-1.7871356532388694,74,94,B-
SPOK,Spok Holdings Inc. Common Stock,Telecommunications Equipment,73,10.520000457763672,-38.21848672475571,28,36,C-
SPOT,Spotify Technology S.A. Ordinary Shares,Broadcasting,104,481.05999755859375,-34.86250003718985,28,97,C
SPPL,SIMPPLE LTD. Ordinary Shares,Diversified Commercial Services,77,3.319999933242798,-49.848942739635525,73,,B+
SPRB,Spruce Biosciences Inc. Common Stock,Biotechnology: Pharmaceutical Preparations,77,46.36000061035156,-93.35340493041555,8,4,C-
SPRC,SciSparc Ltd. Ordinary Shares,Biotechnology: Pharmaceutical Preparations,77,4.269999980926514,-94.20702749428467,16,,A+
SPRO,Spero Therapeutics Inc. Common Stock,Biotechnology: Pharmaceutical Preparations,77,1.7000000476837158,-42.95301889923263,15,40,E-
SPRU,Spruce Power Holding Corporation Class A Common Stock,Auto Parts:O.E.M.,56,2.380000114440918,-63.15789318286734,22,20,E+
SPRY,ARS Pharmaceuticals Inc. Common Stock,Biotechnology: Pharmaceutical Preparations,77,7.610000133514404,-58.528610488754175,19,,E+
SPSC,SPS Commerce Inc. Common Stock,Computer Software: Prepackaged Software,118,63.29999923706055,-55.578947903817166,27,52,B+
SPT,Sprout Social Inc Class A Common Stock,Computer Software: Prepackaged Software,118,8.479999542236328,-56.15305338505069,50,20,A-
SPWH,Sportsman's Warehouse Holdings Inc. Common Stock,Other Specialty Stores,112,1.2000000476837158,-68.08510503384689,16,20,D-
SPWR,SunPower Inc. Common Stock,Semiconductors,2,0.6312999725341797,-70.0805685345539,7,,E-
SPXC,SPX Technologies Inc. Common Stock,Industrial Machinery/Components,77,218.02000427246094,-11.521447574254463,59,77,E-
SQFT,Presidio Property Trust Inc. Class A Common Stock,Real Estate Investment Trusts,41,2.359999895095825,-82.6470600816205,12,,A
SQM,Sociedad Quimica y Minera S.A. Common Stock,Mining & Quarrying of Nonmetallic Minerals (No Fuels),73,72.94999694824219,-22.910283138989218,78,,D
SQNS,Sequans Communications S.A. American Depositary Shares (each representing one hundred (100) Ordinary Shares),Semiconductors,2,3.130000114440918,-94.19294985930917,18,35,B
SR,Spire Inc. Common Stock,Oil/Gas Transmission,48,81.38999938964844,-13.609303288320017,44,69,D+
SRAD,Sportradar Group AG Class A Ordinary Shares,Computer Software: Programming Data Processing,112,15.029999732971191,-52.720983642281006,21,37,C-
SRBK,SR Bancorp Inc. Common stock,Banks,19,19.280000686645508,-4.079600394337202,73,91,C
SRCE,1st Source Corporation Common Stock,Major Banks,20,81.5,-2.172605463492827,76,56,C
SRE,DBA Sempra Common Stock,Natural Gas Distribution,20,93.36000061035156,-5.737133556987373,56,56,D
SRFM,Surf Air Mobility Inc. Common Stock,Transportation Services,116,0.8629000186920166,-87.1208948767618,6,,A
SRG,Seritage Growth Properties Class A Common Stock,Real Estate,90,2.6500000953674316,-40.84821240881421,30,,E+
SRI,Stoneridge Inc. Common Stock,Auto Parts:O.E.M.,56,7.139999866485596,-22.137406683956907,65,,A-
SRL,Scully Royalty Ltd.,Commercial Banks,10,5.460000038146973,-46.15384760078028,27,,E
SRPT,Sarepta Therapeutics Inc. Common Stock (DE),Biotechnology: Pharmaceutical Preparations,77,17.959999084472656,-26.543973316778533,28,61,B+
SRRK,Scholar Rock Holding Corporation Common Stock,Biotechnology: Biological Products (No Diagnostic Substances),67,53.779998779296875,-7.179841121871289,76,20,B
SRTA,Strata Critical Medical Inc. Class A Common Stock,Transportation Services,116,5.28000020980835,-18.39257525459752,67,99,C
SRTS,Sensus Healthcare Inc. Common Stock,Medical/Dental Instruments,126,3.0799999237060547,-45.48672793419208,21,20,E
SRXH,SRX Global Inc. Common Stock,Beverages (Production/Distribution),101,2.309999942779541,-93.46349764344757,2,11,A+
SRZN,Surrozen Inc. Common Stock,Biotechnology: Biological Products (No Diagnostic Substances),67,21.8799991607666,-35.89218143562489,83,,D+
SSB,SouthState Bank Corporation Common Stock,Major Banks,20,100.68000030517578,-6.043122112914756,52,86,D+
SSBI,Summit State Bank Common Stock,Major Banks,20,13.319999694824219,-4.857145036969868,53,,D
SSD,Simpson Manufacturing Company Inc. Common Stock,Industrial Machinery/Components,77,189.17999267578125,-9.80700178063898,58,69,C-
SSII,SS Innovations International Inc. Common Stock,Medical/Dental Instruments,126,3.6700000762939453,-63.22645045461026,18,20,B
SSL,Sasol Ltd. American Depositary Shares,Oil & Gas Production,30,10.770000457763672,-24.63260681235794,86,,E+
SSM,Sono Group N.V. Ordinary Shares,Auto Manufacturing,140,3.930000066757202,-72.84035940405572,11,,E-
SSNC,SS&C Technologies Holdings Inc. Common Stock,Computer Software: Prepackaged Software,118,66.79000091552734,-25.062052390741908,31,56,D+
SSP,E.W. Scripps Company (The) Class A Common Stock,Broadcasting,104,2.809999942779541,-45.542635157463465,38,20,E+
SSRM,SSR Mining Inc. Common Stock,Precious Metals,111,27.809999465942383,-22.18802977086094,79,92,C-
SST,System1 Inc. Class A Common Stock,Computer Software: Programming Data Processing,112,2.5999999046325684,-70.85201925566788,18,20,A
SSTI,SoundThinking Inc. Common Stock,Computer Software: Prepackaged Software,118,8.489999771118164,-34.440155241979575,44,4,C+
SSTK,Shutterstock Inc. Common Stock,EDP Services,126,7.610000133514404,-69.25804001647037,7,30,E-
SSYS,Stratasys Ltd. Ordinary Shares (Israel),Computer peripheral equipment,43,8.329999923706055,-33.03858356360659,29,20,C
ST,Sensata Technologies Holding plc Ordinary Shares,Industrial Machinery/Components,77,44.66999816894531,-16.58263528409094,79,81,D+
STAA,STAAR Surgical Company Common Stock,Ophthalmic Goods,120,27.34000015258789,-17.996400637491515,69,84,C+
STAG,Stag Industrial Inc. Common Stock,Real Estate Investment Trusts,41,39.34000015258789,-0.3918647899861294,57,46,C-
STAK,STAK Inc. Class A Ordinary Shares,Oil and Gas Field Machinery,32,2.2300000190734863,-72.53694519085643,98,,A+
STBA,S&T Bancorp Inc. Common Stock,Major Banks,20,48.81999969482422,-2.203522665201918,75,51,C-
STC,Stewart Information Services Corporation Common Stock,Specialty Insurers,109,68.87999725341797,-8.627434787189436,57,78,B+
STE,STERIS plc (Ireland) Ordinary Shares,Industrial Specialties,90,208.72999572753906,-21.874736214355174,34,90,D+
STEM,Stem Inc. Class A Common Stock,Industrial Machinery/Components,77,6.610000133514404,-77.81134632302378,12,,E
STEP,StepStone Group Inc. Class A Common Stock,Investment Managers,67,43.41999816894531,-41.638094917752944,23,20,D
STEX,Streamex Corp. Common Stock,Biotechnology: Electromedical & Electrotherapeutic Apparatus,81,0.8276000022888184,-88.17714282444545,7,,E
STFS,Star Fashion Culture Holdings Limited Class A Ordinary Shares,Advertising,94,15.899999618530273,-83.29831919304084,98,,A
STG,Sunlands Technology Group American Depositary Shares representing Class A ordinary shares,Other Consumer Services,121,3.7300000190734863,-73.26164824320541,20,44,A+
STGW,Stagwell Inc. Class A Common Stock,Advertising,94,7.590000152587891,-3.5578111441268545,84,30,B+
STHO,Star Holdings Shares of Beneficial Interest,Real Estate,90,9.09000015258789,-1.5167865286211835,61,,D+
STI,Solidion Technology Inc. Common Stock,Industrial Machinery/Components,77,7.53000020980835,-78.91937303338052,75,,A+
STIM,Neuronetics Inc. Common Stock,Medical/Dental Instruments,126,1.7699999809265137,-62.0171665475597,34,20,B+
STKE,Sol Strategies Inc. Common Shares,,,1.2100000381469727,-90.32928364745058,17,11,A
STKH,Steakholder Foods Ltd. American Depositary Shares,Packaged Foods,124,0.5170000195503235,-96.4097219913462,2,,E-
STKS,The ONE Group Hospitality Inc. Common Stock,Restaurants,97,1.940000057220459,-52.33415293865824,33,20,C+
STLA,Stellantis N.V. Common Shares,Auto Manufacturing,140,5.690000057220459,-53.05280436512161,14,,E
STLD,Steel Dynamics Inc.,Steel/Iron Ore,46,233.35000610351562,-17.287020172179957,86,70,E
STM,STMicroelectronics N.V. Common Stock,Semiconductors,2,70.12999725341797,-12.13981768786524,96,36,C+
STN,Stantec Inc Common Stock,Military/Government/Technical,103,68.58999633789062,-39.397872804686315,19,67,E+
STNE,StoneCo Ltd. Class A Common Shares,EDP Services,126,11.300000190734863,-29.709899987850854,32,87,D
STNG,Scorpio Tankers Inc. Common Shares,Marine Transportation,9,77.87000274658203,-9.556019240102609,82,79,D
STOK,Stoke Therapeutics Inc. Common Stock,Biotechnology: Pharmaceutical Preparations,77,29.1299991607666,-24.041720156980517,71,20,B-
STRA,Strategic Education Inc. Common Stock,Other Consumer Services,121,84.08000183105469,-1.9132050470063944,55,75,C-
STRL,Sterling Infrastructure Inc. Common Stock,Military/Government/Technical,103,679.6199951171875,-31.609877654526297,96,97,E-
STRO,Sutro Biopharma Inc. Common Stock,Biotechnology: Biological Products (No Diagnostic Substances),67,26.030000686645508,-36.372523139248756,96,4,B-
STRR,Star Equity Holdings Inc. Common Stock,Professional Services,104,11.380000114440918,-3.640984673138037,66,20,C+
STRS,Stratus Properties Inc. Common Stock,Homebuilding,59,20.459999084472656,-21.707306819382787,51,,E-
STRT,STRATTEC SECURITY CORPORATION Common Stock,Auto Parts:O.E.M.,56,80.72000122070312,-11.208890145115424,60,50,C
STRW,Strawberry Fields REIT Inc. Common Stock,Real Estate Investment Trusts,41,13.640000343322754,-1.0159607573392293,65,66,C+
STRZ,Starz Entertainment Corp. Common Shares,Movies/Entertainment,67,27.459999084472656,-9.10294632022497,95,,A
STT,State Street Corporation Common Stock,Major Banks,20,183.64999389648438,0.0,87,69,C+
STTK,Shattuck Labs Inc. Common Stock,Biotechnology: Pharmaceutical Preparations,77,6.289999961853027,-20.17766661797441,98,20,A
STUB,StubHub Holdings Inc. Class A Common Stock,Services-Misc. Amusement & Recreation,87,10.670000076293945,-51.499999653209336,50,63,A
STVN,Stevanato Group S.p.A. Ordinary Shares,Medical/Dental Instruments,126,19.81999969482422,-28.83186640861448,58,46,C+
STWD,STARWOOD PROPERTY TRUST INC. Starwood Property Trust Inc.,Real Estate Investment Trusts,41,16.610000610351562,-11.483699024670635,39,,D
STX,Seagate Technology Holdings PLC Ordinary Shares (Ireland),Electronic Components,5,878.3099975585938,-19.66141654914756,99,81,C
STXS,Stereotaxis Inc. Common Stock,Biotechnology: Electromedical & Electrotherapeutic Apparatus,81,1.600000023841858,-55.182071323219795,18,20,E+
STZ,Constellation Brands Inc. Common Stock,Beverages (Production/Distribution),101,131.33999633789062,-23.38919685514249,29,89,E+
SU,Suncor Energy  Inc. Common Stock,Integrated oil Companies,6,61.040000915527344,-11.881534567011421,77,60,D-
SUGP,SU Group Holdings Limited Class A Ordinary Shares,Diversified Commercial Services,77,0.5600000023841858,-94.8623851194254,1,,A+
SUI,Sun Communities Inc. Common Stock,Real Estate Investment Trusts,41,119.77999877929688,-11.080715817103092,41,37,D+
SUIG,Sui Group Holdings Limited Common Stock,Finance Companies,48,1.2100000381469727,-83.7583883338874,17,,D+
SUNB,Sunbelt Rentals Holdings Inc. Common Stock,Diversified Commercial Services,77,72.41999816894531,-14.975871460158462,48,41,B+
SUNE,SUNation Energy Inc. Common Stock,Telecommunications Equipment,73,2.9000000953674316,-50.68027144684555,96,,A+
SUNS,Sunrise Realty Trust Inc. Common Stock,Real Estate Investment Trusts,41,8.260000228881836,-19.405041117560163,45,55,D-
SUPN,Supernus Pharmaceuticals Inc. Common Stock,Biotechnology: Pharmaceutical Preparations,77,46.65999984741211,-18.14035114489103,50,20,B-
SUPV,Grupo Supervielle S.A. American Depositary Shares each Representing five Class B shares,Commercial Banks,10,9.649999618530273,-24.961120714184915,54,9,B-
SUPX,SuperX AI Technology Limited Ordinary Shares,,,7.369999885559082,-90.17333348592122,16,,D-
SURG,SurgePays Inc. Common Stock,Advertising,94,0.3440000116825104,-88.72131091604562,4,,A+
SUZ,Suzano S.A. American Depositary Shares (each representing One Ordinary Share),Paper,124,8.149999618530273,-28.874913006764203,32,,D-
SVC,Service Properties Trust Common Shares of Beneficial Interest,Real Estate Investment Trusts,41,8.539999961853027,-42.926750983631,39,,B
SVCC,Stellar V Capital Corp. Class A Ordinary Shares,,,10.600000381469727,0.0,49,,D+
SVCCU,Stellar V Capital Corp. Unit,Blank Checks,71,10.819999694824219,-5.749127819943622,50,,B-
SVCO,Silvaco Group Inc. Common Stock,Computer Software: Prepackaged Software,118,10.220000267028809,-25.888322731688397,94,4,D+
SVM,Silvercorp Metals Inc. Common Shares,Precious Metals,111,9.380000114440918,-40.229891134360074,67,,E
SVRA,Savara Inc. Common Stock,Biotechnology: Pharmaceutical Preparations,77,5.690000057220459,-18.011527229016156,85,,D+
SVRE,SaverOne 2014 Ltd. American Depositary Shares,EDP Services,126,2.569999933242798,-92.76463992082785,7,,E-
SVRN,OceanPal Inc. Common Stock,Marine Transportation,9,8.039999961853027,-99.14468085512202,6,,B+
SVV,Savers Value Village Inc. Common Stock,Other Specialty Stores,112,9.6899995803833,-29.321666277011992,46,30,B-
SW,Smurfit WestRock plc Ordinary Shares,Containers/Packaging,59,42.90999984741211,-16.280524201291158,46,34,C
SWAG,Stran & Company Inc. Common Stock,Advertising,94,2.0,-40.298505763110995,74,,B
SWBI,Smith & Wesson Brands Inc. Common Stock,Ordnance And Accessories,35,15.1899995803833,-8.083740279261987,85,71,A-
SWIM,Latham Group Inc. Common Stock,Plastic Products,29,6.059999942779541,-26.545455239035864,39,34,C-
SWK,Stanley Black & Decker Inc. Common Stock,Industrial Machinery/Components,77,87.37000274658203,-7.171695498325015,73,36,C+
SWKS,Skyworks Solutions Inc. Common Stock,Semiconductors,2,56.58000183105469,-32.17453479624065,35,36,E
SWMR,Swarmer Inc Common Stock,Computer Software: Prepackaged Software,118,41.599998474121094,-47.019867227930504,68,,A-
SWVL,Swvl Holdings Corp Class A Common Shares,Business Services,90,1.4700000286102295,-69.3110638764691,17,,E+
SWX,Southwest Gas Holdings Inc. Common Stock (DE),Oil & Gas Production,30,92.37999725341797,-1.062971405944979,63,85,C+
SXC,SunCoke Energy Inc. Common Stock,Steel/Iron Ore,46,8.569999694824219,-10.729173392884995,71,20,C
SXI,Standex International Corporation Common Stock,Industrial Machinery/Components,77,311.8800048828125,-12.802305708016403,85,85,C+
SXT,Sensient Technologies Corporation Common Stock,Major Chemicals,59,113.54000091552734,-8.795884919385145,69,65,E
SXTC,China SXT Pharmaceuticals Inc. Class A Ordinary Shares,Biotechnology: Pharmaceutical Preparations,77,2.4100000858306885,-99.19666663805644,7,,A+
SXTP,60 Degrees Pharmaceuticals Inc. Common Stock,Biotechnology: Pharmaceutical Preparations,77,1.4600000381469727,-83.14087686060101,9,,E
SY,So-Young International Inc. American Depository Shares,EDP Services,126,1.6699999570846558,-71.55025571306976,11,4,E
SYBT,Stock Yards Bancorp Inc. Common Stock,Major Banks,20,76.98999786376953,-5.429315316929584,58,61,C+
SYF,Synchrony Financial Common Stock,Finance: Consumer Services,116,73.68000030517578,-16.039195448126954,45,71,E+
SYK,Stryker Corporation Common Stock,Medical/Dental Instruments,126,311.07000732421875,-22.127939575851087,30,64,D
SYM,Symbotic Inc. Class A Common Stock,Industrial Machinery/Components,77,43.65999984741211,-49.98854716931994,22,88,E
SYNA,Synaptics Incorporated Common Stock $0.001 Par Value,Semiconductors,2,122.83999633789062,-16.758155288286357,93,80,D
SYNX,Silynxcom Ltd. Ordinary Shares,Consumer Electronics/Appliances,122,1.059999942779541,-45.36082930336305,30,,B+
SYPR,Sypris Solutions Inc. Common Stock,Industrial Machinery/Components,77,2.0199999809265137,-51.67463962003607,22,20,C
SYRE,Spyre Therapeutics Inc. Common Stock,Biotechnology: Pharmaceutical Preparations,77,98.94999694824219,-1.3656327260263224,99,4,B+
SYY,Sysco Corporation Common Stock,Food Distributors,11,82.8499984741211,-7.823760815581993,62,49,C-
T,AT&T Inc.,Telecommunications Equipment,73,21.280000686645508,-25.118084747447476,30,65,E
TAC,TransAlta Corporation Ordinary Shares,Electric Utilities: Central,52,13.930000305175781,-21.1421015630171,54,,D
TACT,TransAct Technologies Incorporated Common Stock,Computer peripheral equipment,43,5.28000020980835,-9.58903986554499,84,63,A
TAK,Takeda Pharmaceutical Company Limited American Depositary Shares (each representing 1/2 of a share of Common Stock),Biotechnology: Pharmaceutical Preparations,77,16.389999389648438,-12.819148644757728,49,,D
TAL,TAL Education Group American Depositary Shares,Other Consumer Services,121,10.300000190734863,-20.21688371437461,38,93,D+
TALK,Talkspace Inc. Common Stock,Medical/Nursing Services,27,5.21999979019165,-0.38167904198678215,86,40,D+
TALO,Talos Energy Inc. Common Stock,Oil & Gas Production,30,14.15999984741211,-14.647379643313164,76,20,D+
TANH,Tantech Holdings Ltd. Class A Common Shares,Major Chemicals,59,0.4000999927520752,-83.04660972301316,17,,A-
TAOP,Taoping Inc. Ordinary Shares,Computer Software: Prepackaged Software,118,1.3600000143051147,-71.60751513286037,24,,A+
TAOX,Tao Synergies Inc. Common Stock,Biotechnology: Pharmaceutical Preparations,77,3.740000009536743,-63.96917178899102,16,,E
TAP,Molson Coors Beverage Company Class B Common Stock,Beverages (Production/Distribution),101,38.86000061035156,-26.939747063275632,30,44,D-
TARA,Protara Therapeutics Inc.  Common Stock,Biotechnology: Biological Products (No Diagnostic Substances),67,4.090000152587891,-45.89946847163409,32,20,D-
TARS,Tarsus Pharmaceuticals Inc. Common Stock,Biotechnology: Biological Products (No Diagnostic Substances),67,56.11000061035156,-31.99612270314869,34,20,E-
TASK,TaskUs Inc. Class A Common Stock,EDP Services,126,5.800000190734863,-51.12816224983958,19,72,D+
TATT,TAT Technologies Ltd. Ordinary Shares,Aerospace,101,44.2599983215332,-27.573232074169052,55,60,A
TAYD,Taylor Devices Inc. Common Stock,Industrial Machinery/Components,77,55.959999084472656,-37.78765871812936,59,89,A
TBBB,BBB Foods Inc. Class A Common Shares,Food Chains,64,40.459999084472656,-4.97886955241007,83,4,B+
TBBK,The Bancorp Inc Common Stock,Major Banks,20,66.16999816894531,-17.637538977907997,48,89,B
TBCH,Turtle Beach Corporation Common Stock,Telecommunications Equipment,73,12.829999923706055,-24.92685892829999,50,40,B-
TBI,TrueBlue Inc. Common Stock,Professional Services,104,8.680000305175781,0.0,95,20,A-
TBLA,Taboola.com Ltd. Ordinary Shares,Computer Software: Programming Data Processing,112,5.489999771118164,-1.6129059824093184,90,99,A
TBLD,Thornburg Income Builder Opportunities Trust Common Stock,Investment Managers,67,21.969999313354492,-2.879507121344471,59,,D+
TBN,Tamboran Resources Corporation Common stock,Oil & Gas Production,30,31.809999465942383,-36.367276659555415,65,4,E
TBPH,Theravance Biopharma Inc. Ordinary Shares,Biotechnology: Pharmaceutical Preparations,77,16.920000076293945,-18.41851367878906,62,96,E+
TC,Token Cat Limited American Depositary Shares,Business Services,90,2.1700000762939453,-88.46971247884383,2,,A+
TCBI,Texas Capital Bancshares Inc. Common Stock,Major Banks,20,101.9800033569336,-3.58047237242326,58,78,D
TCBK,TriCo Bancshares Common Stock,Major Banks,20,58.810001373291016,-2.0975500714739748,79,66,A+
TCBS,Texas Community Bancshares Inc. Common Stock,Banks,19,17.399999618530273,-5.844155576074006,53,,C-
TCBX,Third Coast Bancshares Inc. Common Stock,Banks,19,40.2599983215332,-7.363094409458348,51,72,C-
TCI,Transcontinental Realty Investors Inc. Common Stock,Real Estate Investment Trusts,41,44.369998931884766,-24.68171949276635,48,34,A-
TCMD,Tactile Systems Technology Inc. Common Stock,Medical/Dental Instruments,126,27.6200008392334,-16.429647573904425,91,79,B+
TCOM,Trip.com Group Limited American Depositary Shares,Business Services,90,42.40999984741211,-46.28925995548554,18,73,E-
TCPC,BlackRock TCP Capital Corp. Common Stock,Finance/Investors Services,73,3.1600000858306885,-51.625304248855706,18,20,E
TCRT,Alaunos Therapeutics Inc. Common Stock,Biotechnology: Pharmaceutical Preparations,77,2.0899999141693115,-52.064223619996675,13,,B-
TCRX,TScan Therapeutics Inc. Common Stock,Biotechnology: Biological Products (No Diagnostic Substances),67,0.9300000071525574,-63.09523753208007,19,4,D
TCX,Tucows Inc. Class A Common Stock,EDP Services,126,10.470000267028809,-57.95180551232954,11,,E
TD,Toronto Dominion Bank (The) Common Stock,Commercial Banks,10,122.87999725341797,0.0,85,57,C-
TDAY,USA TODAY Co. Inc. Common Stock,Newspapers/Magazines,30,8.420000076293945,-4.966135411209638,92,99,B-
TDC,Teradata Corporation Common Stock,Computer Software: Prepackaged Software,118,31.420000076293945,-17.053856414114176,78,96,B
TDG,Transdigm Group Incorporated Common Stock,Military/Government/Technical,103,1215.3399658203125,-19.86154554484295,37,83,D
TDIC,Dreamland Limited Class A Ordinary Shares,Other Consumer Services,121,3.5899999141693115,-99.60495186639126,2,,A+
TDOC,Teladoc Health Inc. Common Stock,Medical/Nursing Services,27,9.270000457763672,-3.937815293141711,85,20,A-
TDS,Telephone and Data Systems Inc. Common Shares,Telecommunications Equipment,73,34.2599983215332,-27.87121429511654,26,63,E
TDTH,Trident Digital Tech Holdings Ltd American Depository Shares,Business Services,90,2.5199999809265137,-96.24999985808417,7,,A+
TDUP,ThredUp Inc. Class A Common Stock,Catalog/Specialty Distribution,59,6.340000152587891,-47.51655469677498,69,4,B+
TDW,Tidewater Inc. Common Stock,Marine Transportation,9,73.97000122070312,-18.82133561121102,68,52,D-
TDY,Teledyne Technologies Incorporated Common Stock,Industrial Machinery/Components,77,623.0999755859375,-9.510746411562131,54,65,D+
TE,T1 Energy Inc. Common Stock,Industrial Machinery/Components,77,6.840000152587891,-43.18936732342669,96,20,B-
TEAD,Teads Holding Co. Common Stock,Computer Software: Programming Data Processing,112,0.8216000199317932,-73.58199203712583,34,20,E-
TEAM,Atlassian Corporation Class A Common Stock,Computer Software: Prepackaged Software,118,89.08000183105469,-56.118225698987835,36,20,B
TECH,Bio-Techne Corp Common Stock,Biotechnology: Biological Products (No Diagnostic Substances),67,71.2300033569336,-0.18217103742445007,74,67,A
TECK,Teck Resources Ltd Ordinary Shares,Mining & Quarrying of Nonmetallic Minerals (No Fuels),73,60.09000015258789,-14.721373316391906,77,74,D
TECX,Tectonic Therapeutic Inc. Common Stock,Biotechnology: Biological Products (No Diagnostic Substances),67,34.810001373291016,-8.22567599995253,89,4,B
TEL,TE Connectivity plc Ordinary Shares,Electronic Components,5,200.97999572753906,-18.72484375662372,37,94,D-
TELA,TELA Bio Inc. Common Stock,Medical/Dental Instruments,126,0.7505000233650208,-64.76525901210988,29,20,C+
TELO,Telomir Pharmaceuticals Inc. Common Stock,Biotechnology: Pharmaceutical Preparations,77,1.2400000095367432,-45.85152706581894,35,,B+
TEM,Tempus AI Inc. Class A Common Stock,Computer Software: Programming Data Processing,112,58.66999816894531,-43.176757221360475,47,,B+
TEN,Tsakos Energy Navigation Ltd Common Shares,Marine Transportation,9,39.75,-10.613899462871423,88,,D
TENB,Tenable Holdings Inc. Common Stock,Computer Software: Prepackaged Software,118,42.650001525878906,0.0,95,93,A
TENX,Tenax Therapeutics Inc. Common Stock,Biotechnology: Pharmaceutical Preparations,77,15.5600004196167,-15.065498478077355,91,,A
TEO,Telecom Argentina SA,Telecommunications Equipment,73,13.850000381469727,-13.329156581868828,86,90,B
TER,Teradyne Inc. Common Stock,Electrical Products,3,353.2300109863281,-26.99445815561531,95,90,D-
TEVA,Teva Pharmaceutical Industries Limited American Depositary Shares,Biotechnology: Pharmaceutical Preparations,77,31.81999969482422,-12.438085962533464,81,94,D
TEX,Terex Corporation Common Stock,Construction/Ag Equipment/Trucks,32,65.20999908447266,-12.563693371592832,63,89,D
TFC,Truist Financial Corporation Common Stock,Major Banks,20,51.95000076293945,-4.9840333965708865,61,84,C-
TFIN,Triumph Financial Inc. Common Stock,Major Banks,20,78.23999786376953,-1.3491359573346462,80,81,C+
TFPM,Triple Flag Precious Metals Corp. Common Shares,Precious Metals,111,27.8799991607666,-32.37341136736913,34,,D+
TFSL,TFS Financial Corporation Common Stock,Savings Institutions,11,17.690000534057617,-1.0072764226210507,82,69,C+
TFX,Teleflex Incorporated Common Stock,Medical/Dental Instruments,126,130.16000366210938,-5.98919811558849,59,20,C+
TG,Tredegar Corporation Common Stock,Metal Fabrications,37,7.380000114440918,-28.695653696266444,32,43,D-
TGB,Trekor Metals Limited Common Shares,Precious Metals,111,7.96999979019165,-10.247751267135662,89,95,B
TGE,The Generation Essentials Group Class A Ordinary Shares,Newspapers/Magazines,30,0.9908000230789185,-84.70987623205927,14,,A+
TGEN,Tecogen Inc. Common Stock,Industrial Machinery/Components,77,4.010000228881836,-66.77713065227849,25,20,B
TGHL,The GrowHub Limited Class A Ordinary Shares,EDP Services,126,0.661300003528595,-81.68143981314323,67,,A+
TGL,Treasure Global Inc. Common Stock,Business Services,90,3.8399999141693115,-87.2000002861023,13,11,E-
TGLS,Tecnoglass Inc. Common Stock,Electronic Components,5,44.22999954223633,-46.38951044728253,26,43,D+
TGS,Transportadora de Gas del Sur SA TGS Common Stock,Natural Gas Distribution,20,31.329999923706055,-11.296715191373163,61,,B-
TGT,Target Corporation Common Stock,Department/Specialty Retail Stores,52,134.0,-5.099148090549455,80,46,C-
TGTX,TG Therapeutics Inc. Common Stock,Biotechnology: Pharmaceutical Preparations,77,54.88999938964844,-7.060619516897604,92,76,A-
TH,Target Hospitality Corp. Common Stock,Hotels/Resorts,39,17.31999969482422,-15.594545280474126,94,4,E+
THC,Tenet Healthcare Corporation Common Stock,Hospital/Nursing Management,85,183.69000244140625,-24.96323523224432,40,85,D-
THCH,TH International Limited Ordinary shares,Restaurants,97,1.7949999570846558,-39.35811033947261,21,20,E
THFF,First Financial Corporation Common Stock,Major Banks,20,74.86000061035156,-4.246609979361205,78,,B-
THG,Hanover Insurance Group Inc,Property-Casualty Insurers,41,214.16000366210938,-3.361760267011249,76,89,C+
THH,TryHard Holdings Limited Ordinary Shares,Services-Misc. Amusement & Recreation,87,0.2402999997138977,-99.5634877328897,3,,B+
THM,International Tower Hill Mines Ltd. Ordinary Shares (Canada),Metal Mining,85,2.2300000190734863,-38.22714449097533,72,,A-
THO,Thor Industries Inc. Common Stock,Homebuilding,59,72.30999755859375,-39.083833404482846,25,48,E+
THRM,Gentherm Inc Common Stock,Auto Parts:O.E.M.,56,35.88999938964844,-8.092189267991333,62,87,C-
THRY,Thryv Holdings Inc. Common Stock,Advertising,94,4.179999828338623,-69.81949665552968,30,79,A-
TIC,TIC Solutions Inc. Common Stock,Business Services,90,7.099999904632568,-51.00069001529959,21,20,D-
TIGO,Millicom International Cellular S.A. Common Stock,Telecommunications Equipment,73,98.16000366210938,0.0,95,74,C+
TIGR,UP Fintech Holding Ltd American Depositary Share representing fifteen Class A Ordinary Shares,Investment Bankers/Brokers/Service,77,4.619999885559082,-64.43418039289621,11,40,E-
TII,Titan Mining Corporation Common Shares,,,2.1500000953674316,-58.1712032837568,66,,E-
TIL,Instil Bio Inc. Common Stock,Biotechnology: Biological Products (No Diagnostic Substances),67,7.815000057220459,-75.75992664280746,20,20,D-
TILE,Interface Inc. Common Stock,Home Furnishings,51,32.939998626708984,-8.347245727968765,77,92,C+
TIMB,TIM S.A. American Depositary Shares (Each representing 5 Common Shares),Telecommunications Equipment,73,22.719999313354492,-18.13908658988771,48,,C-
TIPT,Tiptree Inc. Common Stock,Property-Casualty Insurers,41,17.8700008392334,-29.157847339343824,44,49,C
TISI,Team Inc. Common Stock,Other Consumer Services,121,16.780000686645508,-14.475025642755558,54,20,B+
TITN,Titan Machinery Inc. Common Stock,Other Specialty Stores,112,19.010000228881836,-21.218396643003057,53,20,E+
TJGC,TJGC Group Limited Ordinary Shares,Advertising,94,4.449999809265137,-47.9532197661546,66,,A
TJX,TJX Companies Inc. (The) Common Stock,Clothing/Shoe/Accessory Stores,88,150.33999633789062,-10.729770756655077,51,77,D-
TK,Teekay Corporation Ltd. Common Stock,Marine Transportation,9,10.9399995803833,-16.420158534306296,74,,E+
TKC,Turkcell Iletisim Hizmetleri AS Common Stock,Telecommunications Equipment,73,5.900000095367432,-17.482517249333874,42,,D-
TKLF,Tokyo Lifestyle Co. Ltd. American Depositary Shares,Other Specialty Stores,112,2.2300000190734863,-46.778043231034886,23,,A
TKNO,Alpha Teknova Inc. Common Stock,Biotechnology: In Vitro & In Vivo Diagnostic Substances,95,5.409999847412109,-15.070644511679065,86,4,A-
TKO,TKO Group Holdings Inc. Class A Common Stock,Services-Misc. Amusement & Recreation,87,184.55999755859375,-17.3072997205,43,93,D-
TKR,Timken Company (The) Common Stock,Metal Fabrications,37,139.60000610351562,-3.936141571986995,91,68,B-
TLF,Tandy Leather Factory Inc. Common Stock,Apparel,43,2.390000104904175,-11.658394507944625,52,,B
TLIH,Ten-League International Holdings Limited Ordinary Shares,,,5.340000152587891,-91.90909067789713,83,,A+
TLK,PT Telekomunikasi Indonesia Tbk,Telecommunications Equipment,73,14.119999885559082,-34.70543320343123,27,,E
TLN,Talen Energy Corporation Common Stock,Electric Utilities: Central,52,396.95001220703125,-10.965813864265083,68,,C
TLNC,Talon Capital Corp. Class A Ordinary Shares,,,10.35990047454834,-0.193638147119235,50,,C-
TLPH,Talphera Inc. Common Stock,Biotechnology: Pharmaceutical Preparations,77,1.4049999713897705,-3.7671277616545873,93,20,A+
TLRY,Tilray Brands Inc. Common Stock,Medicinal Chemicals and Botanical Products,134,4.380000114440918,-79.14285659790039,11,28,E
TLS,Telos Corporation Common Stock,EDP Services,126,4.909999847412109,-36.726807956298124,68,85,B+
TLSA,Tiziana Life Sciences Ltd. Common Shares,Biotechnology: Pharmaceutical Preparations,77,1.2400000095367432,-50.39999961853028,33,,E
TLSI,TriSalus Life Sciences Inc. Common Stock,Medical Specialities,24,4.039999961853027,-46.13333384195963,30,63,B+
TLX,Telix Pharmaceuticals Limited American Depositary Shares,Biotechnology: Pharmaceutical Preparations,77,11.020000457763672,-33.21211843779592,51,,B
TLYS,Tilly's Inc. Common Stock,Clothing/Shoe/Accessory Stores,88,4.199999809265137,-22.935780619202383,95,33,B+
TM,Toyota Motor Corporation Common Stock,Auto Manufacturing,140,176.22000122070312,-29.026539133365414,32,,E+
TMC,TMC the metals company Inc. Common Stock,Metal Mining,85,4.179999828338623,-60.8980356181759,18,,E+
TMCI,Treace Medical Concepts Inc. Common Stock,Medical/Dental Instruments,126,4.440000057220459,-42.337660166199434,88,20,A-
TMCR,The Metals Royalty Company Inc. Common Stock,Precious Metals,111,5.784999847412109,-63.152866766290195,6,,E-
TMDE,TMD Energy Limited Ordinary Shares,Oil Refining/Marketing,128,0.8999999761581421,-77.72277265702401,29,,A+
TMDX,TransMedics Group Inc. Common Stock,Biotechnology: Electromedical & Electrotherapeutic Apparatus,81,74.58999633789062,-50.41218106244468,15,73,E
TME,Tencent Music Entertainment Group American Depositary Shares each representing two Class A Ordinary Shares,Broadcasting,104,8.779999732971191,-65.79878302843414,15,50,D
TMHC,Taylor Morrison Home Corporation Common Stock,Homebuilding,59,71.94000244140625,-0.055572261269543066,66,37,B+
TMO,Thermo Fisher Scientific Inc Common Stock,Industrial Machinery/Components,77,534.0700073242188,-16.31340905439216,51,53,C+
TMP,Tompkins Financial Corporation Common Stock,Major Banks,20,91.27999877929688,-4.837363926421201,77,81,C
TMQ,Trilogy Metals Inc. Common Stock,Precious Metals,111,3.2100000381469727,-69.71698186201485,36,11,E+
TMS,Teamshares Inc. Common Stock,,,6.75,-46.0,16,,E
TMUS,T-Mobile US Inc. Common Stock,Telecommunications Equipment,73,187.1300048828125,-26.39039819434348,36,57,D
TNC,Tennant Company Common Stock,Industrial Machinery/Components,77,85.1500015258789,-6.582556115807092,56,35,C-
TNDM,Tandem Diabetes Care Inc. Common Stock,Medical/Dental Instruments,126,15.539999961853027,-45.01061629160539,30,20,D-
TNET,TriNet Group Inc. Common Stock,Business Services,90,56.84000015258789,-19.715337201440665,66,48,B+
TNGX,Tango Therapeutics Inc.,Biotechnology: Pharmaceutical Preparations,77,29.649999618530273,-9.87842479214539,98,4,B
TNK,Teekay Tankers Ltd.,Marine Transportation,9,72.2699966430664,-11.526828296028713,78,88,D-
TNL,Travel   Leisure Co. Common  Stock,Hotels/Resorts,39,73.2300033569336,-6.233299301429307,60,52,D+
TNMG,TNL Mediagene Ordinary Shares,Advertising,94,0.3898000121116638,-96.4304028444297,2,,A+
TNON,Tenon Medical Inc. Common Stock,Medical/Dental Instruments,126,0.2045000046491623,-87.75449042488833,3,,A+
TNXP,Tonix Pharmaceuticals Holding Corp. Common Stock,Biotechnology: Pharmaceutical Preparations,77,11.0600004196167,-82.0367054175145,15,20,E+
TNYA,Tenaya Therapeutics Inc. Common Stock,Biotechnology: Biological Products (No Diagnostic Substances),67,0.8646000027656555,-58.828569427152786,53,20,B
TOI,The Oncology Institute Inc. Common Stock,Medical/Nursing Services,27,6.28000020980835,0.0,94,20,A
TOL,Toll Brothers Inc. Common Stock,Homebuilding,59,152.52999877929688,-7.848659938233327,64,45,B-
TOMZ,TOMI Environmental Solutions Inc. Common Stock,Major Chemicals,59,0.739799976348877,-32.12844461520172,45,20,B
TONX,TON Strategy Company Common Stock,Other Consumer Services,121,3.4700000286102295,-84.54343024193336,46,,A
TOON,Kartoon Studios Inc. Common Stock,Movies/Entertainment,67,0.5900999903678894,-52.79200077056885,30,,B
TOP,TOP Financial Group Limited Class A Ordinary Shares,Investment Bankers/Brokers/Service,77,1.8700000047683716,-11.374402950695606,95,,A
TOPP,Toppoint Holdings Inc. Common Stock,Trucking Freight/Courier Services,7,0.8500000238418579,-69.09090822393244,29,,A
TOPS,TOP Ships Inc. Common Stock,Marine Transportation,9,0.7369999885559082,-88.30158783741336,2,61,A
TORO,Toro Corp. Common Stock,Marine Transportation,9,5.050000190734863,-25.51621844206463,94,43,A
TOST,Toast Inc. Class A Common Stock,EDP Services,126,30.0,-39.14807208060169,35,87,C+
TOUR,Tuniu Corporation American Depositary Shares,Transportation Services,116,4.949999809265137,-37.67481954885773,22,40,E
TOVX,Theriva Biologics Inc. Common Stock,Biotechnology: Pharmaceutical Preparations,77,0.24009999632835388,-71.41666621135339,25,,A+
TOWN,TowneBank Common Stock,Major Banks,20,35.7599983215332,-2.5347515398890574,54,41,C-
TOYO,TOYO Co. Ltd Ordinary Shares,Miscellaneous manufacturing industries,115,6.090000152587891,-64.15538413990755,36,,E-
TPB,Turning Point Brands Inc. Common Stock,Tobacco,,79.98999786376953,-43.9463231506848,38,54,C+
TPC,Tutor Perini Corporation Common Stock,General Bldg Contractors - Nonresidential Bldgs,132,77.7699966430664,-20.017825482577976,67,66,E+
TPCS,TechPrecision Corporation Common stock,Metal Fabrications,37,4.559999942779541,-21.783876458770024,63,4,A
TPET,Trio Petroleum Corp. Common Stock,Oil & Gas Production,30,0.3100000023841858,-84.10256436904115,6,11,E
TPG,TPG Inc. Class A Common Stock,Investment Managers,67,43.150001525878906,-36.41719085015757,33,40,C-
TPL,Texas Pacific Land Corporation Common Stock,Oil & Gas Production,30,415.92999267578125,-22.82814050570885,70,60,C
TPR,Tapestry Inc. Common Stock,Apparel,43,135.36000061035156,-15.190672855775865,58,67,E+
TPST,Tempest Therapeutics Inc. Common Stock,Biotechnology: Pharmaceutical Preparations,77,0.9804999828338623,-91.71174988032718,4,4,E
TPVG,TriplePoint Venture Growth BDC Corp. Common Stock,Other Consumer Services,121,4.690000057220459,-25.54912728616795,32,55,E+
TR,Tootsie Roll Industries Inc. Common Stock,Specialty Foods,90,38.150001525878906,-14.65616247084246,42,52,B+
TRAK,ReposiTrak Inc. Common Stock,EDP Services,126,8.789999961853027,-53.23129377692428,27,65,B+
TRAW,Traws Pharma Inc. Common Stock,Biotechnology: Pharmaceutical Preparations,77,0.704800009727478,-77.48242862753474,7,,A
TRAX,First Tracks Biotherapeutics Inc. Ordinary Shares,Biotechnology: Pharmaceutical Preparations,77,34.369998931884766,-5.160051489989737,92,,A
TRC,Tejon Ranch Co Common Stock,Real Estate,90,18.15999984741211,-11.328123763087184,50,63,D+
TRDA,Entrada Therapeutics Inc. Common Stock,Biotechnology: Pharmaceutical Preparations,77,6.800000190734863,-57.57953899278432,21,20,D
TREE,LendingTree Inc. Common Stock,Finance: Consumer Services,116,45.61000061035156,-40.3868783990617,40,99,B+
TREX,Trex Company Inc. Common Stock,Forest Products,97,44.16999816894531,-35.508834068294284,40,50,C
TRGP,Targa Resources Inc. Common Stock,Natural Gas Distribution,20,281.6000061035156,0.0,88,98,C-
TRI,Thomson Reuters Corporation Common Shares,Publishing,109,91.73999786376953,-55.504545738802356,25,75,C
TRIB,Trinity Biotech plc American Depositary Shares,Biotechnology: In Vitro & In Vivo Diagnostic Substances,95,0.3400000035762787,-82.19895238125552,7,,E-
TRIN,Trinity Capital Inc. Common Stock,Finance: Consumer Services,116,17.649999618530273,-1.3966480744569298,78,62,C
TRIP,TripAdvisor Inc. Common Stock,Computer Software: Programming Data Processing,112,14.0,-26.85475210844742,50,35,B+
TRLV,Trulieve Cannabis Corp. Subordinate Voting Shares,Medicinal Chemicals and Botanical Products,134,9.0600004196167,-30.307689079871547,85,63,E-
TRMB,Trimble Inc. Common Stock,Industrial Machinery/Components,77,51.58000183105469,-39.488499385593855,18,81,D
TRMD,TORM plc Class A Common Stock,Marine Transportation,9,29.424999237060547,-13.650741872083639,82,,E
TRMK,Trustmark Corporation Common Stock,Major Banks,20,46.2400016784668,-1.805050905429617,64,69,C-
TRN,Trinity Industries Inc. Common Stock,Railroads,24,36.22999954223633,-1.1189952353764077,74,76,C-
TRNO,Terreno Realty Corporation Common Stock,Real Estate,90,71.12999725341797,0.0,70,,B
TRNR,Interactive Strength Inc. Common Stock,Consumer Electronics/Appliances,122,2.940000057220459,-99.39914160421675,2,20,E-
TRNS,Transcat Inc. Common Stock,Electrical Products,3,89.7300033569336,-3.7644729593026116,68,35,C+
TRON,Tron Inc. Common Stock,Recreational Games/Products/Toys,97,1.4700000286102295,-86.63636337627064,11,,A-
TROO,TROOPS Inc. Ordinary Shares,Diversified Financial Services,23,2.0799999237060547,-58.56573841416308,85,,B
TROW,T. Rowe Price Group Inc. Common Stock,Investment Bankers/Brokers/Service,77,116.06999969482422,-3.4037981380112714,71,73,C+
TROX,Tronox Holdings plc Ordinary Shares (UK),Major Chemicals,59,6.190000057220459,-40.598369327468845,57,20,E
TRP,TC Energy Corporation Common Stock,Natural Gas Distribution,20,68.52999877929688,-2.476531041215735,78,59,D+
TRS,TriMas Corporation Common Stock,Industrial Specialties,90,40.63999938964844,-9.749055093616388,65,97,C+
TRSG,Tungray Technologies Inc Class A Ordinary Shares,Industrial Machinery/Components,77,1.5098999738693237,-17.038465365150156,65,,A
TRST,TrustCo Bank Corp NY Common Stock,Major Banks,20,54.584999084472656,-2.072125151083981,84,57,C
TRT,Trio-Tech International Common Stock,Industrial Machinery/Components,77,10.260000228881836,-48.82792708581661,97,20,A-
TRTX,TPG RE Finance Trust Inc. Common Stock,Real Estate Investment Trusts,41,8.520000457763672,-2.9461503957115776,57,93,C
TRU,TransUnion Common Stock,Finance: Consumer Services,116,75.58000183105469,-23.351218060982937,40,91,C+
TRUG,TruGolf Holdings Inc. Class A Common Stock,Recreational Games/Products/Toys,97,1.2599999904632568,-98.4230288280343,2,11,A
TRUP,Trupanion Inc. Common Stock,Medical Specialities,24,25.81999969482422,-49.5308839487217,23,99,B-
TRV,The Travelers Companies Inc. Common Stock,Property-Casualty Insurers,41,336.8299865722656,-2.0073965593702447,72,94,B-
TRVG,trivago N.V. American Depositary Shares,EDP Services,126,5.400000095367432,-1.2797019654321784,94,40,A-
TRVI,Trevi Therapeutics Inc. Common Stock,Biotechnology: Pharmaceutical Preparations,77,17.90999984741211,-8.153846936348152,94,4,A-
TRX,TRX Gold Corporation Common Stock,Precious Metals,111,0.809499979019165,-62.86697457659651,56,11,E
TS,Tenaris S.A. American Depositary Shares,Steel/Iron Ore,46,56.310001373291016,-12.04310477046926,80,53,D-
TSAT,Telesat Corporation Class A Common Shares and Class B Variable Voting Shares,Metal Fabrications,37,39.0099983215332,-33.3276372575514,66,20,E+
TSBK,Timberland Bancorp Inc. Common Stock,Banks,19,43.310001373291016,-4.603524410448645,74,93,B
TSCO,Tractor Supply Company Common Stock,RETAIL: Building Materials,114,30.549999237060547,-50.405662963692556,14,45,D-
TSEM,Tower Semiconductor Ltd. Ordinary Shares,Semiconductors,2,255.49000549316406,-19.365630244079945,98,72,B+
TSHA,Taysha Gene Therapies Inc. Common Stock,Biotechnology: Biological Products (No Diagnostic Substances),67,5.699999809265137,-18.338111838261206,85,,E+
TSLA,Tesla Inc. Common Stock,Auto Manufacturing,140,396.17999267578125,-19.127135476665526,55,45,D+
TSLX,Sixth Street Specialty Lending Inc. Common Stock,Investment Managers,67,17.149999618530273,-24.885426023054137,32,,E+
TSM,Taiwan Semiconductor Manufacturing Company Ltd.,Semiconductors,2,420.3900146484375,-11.97311217179562,84,97,D
TSN,Tyson Foods Inc. Common Stock,Meat/Poultry/Fish,81,57.47999954223633,-15.688054400879148,47,84,D-
TSQ,Townsquare Media Inc. Class A Common Stock,Broadcasting,104,6.730000019073486,-16.509967694405592,62,63,B-
TSSI,TSS Inc. Common Stock,Professional Services,104,10.829999923706055,-62.98701353728622,22,58,D+
TT,Trane Technologies plc,Auto Parts:O.E.M.,56,483.54998779296875,-3.9546347276903426,62,56,D+
TTAM,Titan America SA Common Shares,Mining & Quarrying of Nonmetallic Minerals (No Fuels),73,17.0,-12.008280183595144,58,75,C
TTAN,ServiceTitan Inc. Class A Common Stock,Computer Software: Prepackaged Software,118,80.08999633789062,-33.04631792429959,47,20,A
TTC,Toro Company (The) Common Stock,Tools/Hardware,,92.72000122070312,-8.0935481392435,59,49,D+
TTD,The Trade Desk Inc. Class A Common Stock,Computer Software: Programming Data Processing,112,18.940000534057617,-78.89928689472175,12,56,D
TTE,TotalEnergies SE Ordinary Shares,Oil & Gas Production,30,80.91000366210938,-13.557686985988893,66,70,E+
TTEC,TTEC Holdings Inc. Common Stock,Professional Services,104,2.2799999713897705,-58.16513667553321,19,53,D
TTEK,Tetra Tech Inc. Common Stock,Military/Government/Technical,103,31.110000610351562,-26.676275572337826,37,91,D+
TTGT,TechTarget Inc. Common Stock,Telecommunications Equipment,73,3.680000066757202,-57.701147730622296,20,,D-
TTI,Tetra Technologies Inc. Common Stock,Oil & Gas Production,30,9.479999542236328,-23.051949861500475,89,58,C-
TTMI,TTM Technologies Inc. Common Stock,Electrical Products,3,141.97000122070312,-35.896509487429526,96,86,E-
TTRX,Turn Therapeutics Inc. Common Stock,Biotechnology: Pharmaceutical Preparations,77,9.640000343322754,-0.7209031364491914,96,,A
TTWO,Take-Two Interactive Software Inc. Common Stock,Services-Misc. Amusement & Recreation,87,237.0399932861328,-9.626754522166458,52,20,B-
TU,Telus Corporation Ordinary Shares,Telecommunications Equipment,73,10.4399995803833,-34.16935690851943,25,36,E+
TULP,Bloomia Holdings Inc. Common Stock,Farming/Seeds/Milling,88,3.5899999141693115,-38.421956069474604,32,20,E+
TURB,Turbo Energy S.A. American Depositary Shares,Industrial Machinery/Components,77,1.4800000190734863,-88.06451560803431,21,,A
TUSK,Mammoth Energy Services Inc. Common Stock,Oilfield Services/Equipment,11,2.7699999809265137,-27.864582217686472,67,99,A-
TUYA,Tuya Inc. American Depositary Shares each representing one Class A Ordinary Share,Computer Software: Prepackaged Software,118,1.7999999523162842,-34.279596673861626,21,52,B+
TV,Grupo Televisa S.A.B. Common Stock,Broadcasting,104,2.700000047683716,-21.51162782638637,49,55,D
TVA,Texas Ventures Acquisition III Corp Class A Ordinary Share,,,10.543600082397461,-9.496992037433149,44,,C-
TVC,Tennessee Valley Authority Common Stock,Electric Utilities: Central,52,23.959999084472656,-1.6609299325690774,45,,D-
TVE,Tennessee Valley Authority,Electric Utilities: Central,52,23.549999237060547,-4.062549413065053,44,,D+
TVGN,Tevogen Bio Holdings Inc. Common Stock,Biotechnology: Biological Products (No Diagnostic Substances),67,5.019999980926514,-92.0317460620214,8,,E-
TVRD,Tvardi Therapeutics Inc. Common Stock,Biotechnology: Pharmaceutical Preparations,77,3.0999999046325684,-92.78734309527805,12,20,A+
TVTX,Travere Therapeutics Inc. Common Stock,Biotechnology: Pharmaceutical Preparations,77,57.060001373291016,-3.3372818003458593,97,96,B
TW,Tradeweb Markets Inc. Class A Common Stock,Investment Bankers/Brokers/Service,77,98.83000183105469,-32.051272367377756,28,85,D
TWAV,TaoWeave Inc. Common Stock,Computer Software: Programming Data Processing,112,1.25,-76.50376015665354,11,63,A+
TWFG,TWFG Inc. Class A Common Stock,Specialty Insurers,109,25.520000457763672,-23.039805261774394,58,90,B
TWG,Top Wealth Group Holding Limited Class A Ordinary Shares,Packaged Foods,124,2.299999952316284,-89.55020477783462,9,,D+
TWI,Titan International Inc. (DE) Common Stock,Steel/Iron Ore,46,7.550000190734863,-33.771925935307756,32,20,D-
TWIN,Twin Disc Incorporated Common Stock,Industrial Machinery/Components,77,22.760000228881836,-5.911534822673747,91,81,A
TWLO,Twilio Inc. Class A Common Stock,Computer Software: Prepackaged Software,118,217.8300018310547,-7.948781950265915,94,96,B
TWLV,Twelve Seas Investment Company III Class A Ordinary Shares,Blank Checks,71,9.989999771118164,-3.7572286996430337,47,,D+
TWO,Two Harbors Investment Corp,Real Estate Investment Trusts,41,12.109999656677246,-8.944760667852169,71,63,C+
TWST,Twist Bioscience Corporation Common Stock,Biotechnology: Biological Products (No Diagnostic Substances),67,92.52999877929688,-10.060263171106609,97,4,A-
TX,Ternium S.A. Ternium S.A. American Depositary Shares (each representing ten shares USD1.00 par value),Steel/Iron Ore,46,44.779998779296875,-12.60734326221673,72,75,B
TXG,10x Genomics Inc. Class A Common Stock,Biotechnology: Laboratory Analytical Instruments,52,45.790000915527344,0.0,98,96,A-
TXMD,TherapeuticsMD Inc. Common Stock,Biotechnology: Pharmaceutical Preparations,77,1.9700000286102295,-28.880864903424985,79,34,C
TXN,Texas Instruments Incorporated Common Stock,Semiconductors,2,305.54998779296875,-8.04442370426347,89,67,D
TXNM,TXNM Energy Inc. Common Stock,Electric Utilities: Central,52,57.0,-4.169467991463749,45,67,D-
TXRH,Texas Roadhouse Inc. Common Stock,Restaurants,97,189.08999633789062,-3.8150466146351203,61,62,B-
TXT,Textron Inc. Common Stock,Aerospace,101,89.5,-11.145515572824438,45,58,D
TY,Tri Continental Corporation Common Stock,Finance Companies,48,35.099998474121094,-1.1267648616307246,59,,C-
TYG,Tortoise Energy Infrastructure Corporation Common Stock,Investment Managers,67,43.61000061035156,-11.279641067512635,52,,D-
TYGO,Tigo Energy Inc. Common Stock,Semiconductors,2,1.899999976158142,-63.17829394682932,32,20,E-
TYL,Tyler Technologies Inc. Common Stock,Computer Software: Prepackaged Software,118,301.2900085449219,-50.75029362243686,21,83,D+
TYRA,Tyra Biosciences Inc. Common Stock,Biotechnology: Pharmaceutical Preparations,77,32.880001068115234,-16.990657507027485,93,4,C
TZOO,Travelzoo Common Stock,Advertising,94,10.789999961853027,-21.240875094349366,85,43,A
U,Unity Software Inc. Common Stock,Computer Software: Prepackaged Software,118,31.75,-35.819690283911555,57,20,B
UA,Under Armour Inc. Class C Common Stock,Apparel,43,6.46999979019165,-17.893404870201657,65,20,B
UAA,Under Armour Inc. Class A Common Stock,Apparel,43,6.610000133514404,-18.796070580800517,64,20,B-
UAL,United Airlines Holdings Inc. Common Stock,Air Freight/Delivery Services,22,120.3499984741211,-11.578871549157776,74,67,B
UAMY,United States Antimony Corporation Common Stock,Metal Fabrications,37,6.449999809265137,-63.079564609172024,51,,E+
UAVS,AgEagle Aerial Systems Inc. Common Stock,Aerospace,101,0.7893999814987183,-73.51006790449112,13,,B+
UBCP,United Bancorp Inc. Common Stock,Major Banks,20,15.319999694824219,-8.847532562064275,57,47,C+
UBER,Uber Technologies Inc. Common Stock,Business Services,90,72.08000183105469,-27.99200506512538,31,44,B-
UBS,UBS Group AG Registered Ordinary Shares,Major Banks,20,53.81999969482422,0.0,82,79,B-
UBSI,United Bankshares Inc. Common Stock,Major Banks,20,46.189998626708984,-1.5977844523694773,68,77,C-
UBXG,U-BX Technology Ltd. Class A Ordinary Shares,Computer Software: Programming Data Processing,112,4.610000133514404,-95.27179473485702,1,,A
UCAR,U Power Limited Class A Ordinary Shares,Auto Parts:O.E.M.,56,1.2100000381469727,-96.98254343094837,4,,A
UCB,United Community Banks Inc. Common Stock,Major Banks,20,35.61000061035156,-1.220523262193729,60,59,C
UCL,uCloudlink Group Inc. American Depositary Shares,Telecommunications Equipment,73,0.9399999976158142,-76.38190972082862,12,40,E-
UCTT,Ultra Clean Holdings Inc. Common Stock,Semiconductors,2,103.7699966430664,-27.224911067978287,98,42,B-
UDR,UDR Inc. Common Stock,Real Estate Investment Trusts,41,39.970001220703125,-3.079535417251922,62,94,D
UE,Urban Edge Properties Common Shares of Beneficial Interest,Real Estate,90,22.920000076293945,-3.331923402291781,69,92,C-
UEC,Uranium Energy Corp. Common Stock,Other Metals and Minerals,132,10.390000343322754,-48.41111887688035,35,11,E
UEIC,Universal Electronics Inc. Common Stock,Consumer Electronics/Appliances,122,4.699999809265137,-31.386863143069732,50,30,C
UFCS,United Fire Group Inc. Common Stock,Property-Casualty Insurers,41,51.66999816894531,-4.190621404490469,90,82,B+
UFG,Uni-Fuels Holdings Limited Class A Ordinary Shares,Oil Refining/Marketing,128,0.7188000082969666,-92.55129495635728,14,,B+
UFI,Unifi Inc. New Common Stock,Textiles,32,6.519999980926514,0.0,91,20,A+
UFPI,UFP Industries Inc. Common Stock,Forest Products,97,84.33999633789062,-26.471281155354642,31,45,D
UFPT,UFP Technologies Inc. Common Stock,Medical/Dental Instruments,126,230.11000061035156,-15.51255214185543,54,57,D+
UG,United-Guardian Inc. Common Stock,Package Goods/Cosmetics,83,7.204999923706055,-19.936937140291977,55,,C-
UGI,UGI Corporation Common Stock,Natural Gas Distribution,20,36.29999923706055,-8.768979124916,51,37,D+
UGP,Ultrapar Participacoes S.A. (New) American Depositary Shares (Each representing one Common Share),Oil/Gas Transmission,48,5.940000057220459,-2.782325246794437,84,94,C+
UHAL,U-Haul Holding Company Common Stock,Rental/Leasing Companies,134,68.70999908447266,0.0,76,28,B+
UHS,Universal Health Services Inc. Common Stock,Hospital/Nursing Management,85,144.22999572753906,-40.745329762519475,22,75,E
UHT,Universal Health Realty Income Trust Common Stock,Real Estate Investment Trusts,41,42.47999954223633,-7.289393659610111,60,47,E+
UI,Ubiquiti Inc. Common Stock,Radio And Television Broadcasting And Communications Equipment,27,549.510009765625,-49.26544210296163,30,79,E
UIS,Unisys Corporation New Common Stock,EDP Services,126,4.019999980926514,-15.899585680401207,86,20,A-
UK,Ucommune International Ltd Class A Ordinary Shares,Business Services,90,2.069999933242798,-84.07692359044002,4,,E-
UL,Unilever PLC American Depositary Shares (each representing One Ordinary Share),Package Goods/Cosmetics,83,60.84000015258789,-17.022959724648125,44,,D+
ULBI,Ultralife Corporation Common Stock,Industrial Machinery/Components,77,5.659999847412109,-38.006574189854724,26,20,B-
ULCC,Frontier Group Holdings Inc. Common Stock,Air Freight/Delivery Services,22,6.394999980926514,-20.657572605552865,90,20,B
ULH,Universal Logistics Holdings Inc. Common Stock,Trucking Freight/Courier Services,7,15.119999885559082,-48.585944512209714,19,20,E+
ULS,UL Solutions Inc. Class A Common Stock,Precision Instruments,36,87.55999755859375,-16.400328930667207,61,71,E+
ULTA,Ulta Beauty Inc. Common Stock,Other Specialty Stores,112,469.1199951171875,-33.6294968653877,30,58,E+
UMAC,Unusual Machines Inc. Common Stock,Radio And Television Broadcasting And Communications Equipment,27,18.68000030517578,-44.105322176427585,83,,A-
UMBF,UMB Financial Corporation Common Stock,Major Banks,20,142.61000061035156,-2.3286035370169045,74,84,C+
UMC,United Microelectronics Corporation (NEW) Common Stock,Semiconductors,2,23.84000015258789,-13.390126120732482,98,85,B+
UMH,UMH Properties Inc. Common Stock,Real Estate Investment Trusts,41,15.369999885559082,-5.086540162602315,49,35,C
UNB,Union Bankshares Inc. Common Stock,Major Banks,20,24.799999237060547,-8.592198708949738,48,55,E-
UNCY,Unicycive Therapeutics Inc. Common Stock,Biotechnology: Pharmaceutical Preparations,77,5.21999979019165,-39.018697029159824,36,,E-
UNF,Unifirst Corporation Common Stock,Other Consumer Services,121,275.260009765625,-0.14147801178832076,83,45,D+
UNFI,United Natural Foods Inc. Common Stock,Food Distributors,11,49.540000915527344,-10.770892458449378,84,63,E
UNH,UnitedHealth Group Incorporated Common Stock (DE),Medical Specialities,24,425.19000244140625,-1.5034262288012523,82,44,B
UNIT,Uniti Group Inc. Common Stock,Real Estate Investment Trusts,41,11.010000228881836,-13.647057028377763,83,4,D-
UNM,Unum Group Common Stock,Accident &Health Insurance,14,88.47000122070312,-4.59398466732821,65,60,D
UNP,Union Pacific Corporation Common Stock,Railroads,24,288.29998779296875,-0.2870740067881128,74,51,C
UNTY,Unity Bancorp Inc. Common Stock,Major Banks,20,55.540000915527344,-6.718172553734114,53,74,D+
UONE,Urban One Inc. Class A Common Stock,Broadcasting,104,5.0,-72.97297297297297,13,20,A
UONEK,Urban One Inc. Class D Common Stock,Broadcasting,104,4.21999979019165,-61.28440423963368,16,4,E-
UP,Wheels Up Experience Inc. Class A Common Stock,Transportation Services,116,6.489999771118164,-90.16666701345733,6,20,B
UPB,Upstream Bio Inc. Common Stock,Biotechnology: Pharmaceutical Preparations,77,7.139999866485596,-78.09815889361604,10,20,C-
UPBD,Upbound Group Inc. Common Stock,Diversified Commercial Services,77,21.079999923706055,-16.428744482266122,56,88,B
UPC,Universe Pharmaceuticals Inc. Class A Ordinary Shares,Biotechnology: Pharmaceutical Preparations,77,4.619999885559082,-62.06896740720232,69,,A+
UPLD,Upland Software Inc. Common Stock,Computer Software: Prepackaged Software,118,5.21999979019165,-82.36486580094949,10,38,E
UPS,United Parcel Service Inc. Common Stock,Trucking Freight/Courier Services,7,113.66999816894531,-2.3349805793567935,71,37,D+
UPST,Upstart Holdings Inc. Common stock,Finance: Consumer Services,116,31.719999313354492,-62.29644556173357,24,40,C-
UPWK,Upwork Inc. Common Stock,EDP Services,126,9.029999732971191,-59.158754031225655,16,65,D-
UPXI,Upexi Inc. Common Stock,Medicinal Chemicals and Botanical Products,134,0.8371999859809875,-90.21391050711615,7,11,E+
URBN,Urban Outfitters Inc. Common Stock,Clothing/Shoe/Accessory Stores,88,70.19000244140625,-15.126958849424533,43,72,C
URG,Ur Energy Inc Common Shares (Canada),Precious Metals,111,1.340000033378601,-36.19047170323289,32,4,D+
URGN,UroGen Pharma Ltd. Ordinary Shares,Biotechnology: Pharmaceutical Preparations,77,39.189998626708984,-2.5851377761898164,97,4,A-
URI,United Rentals Inc. Common Stock,Diversified Commercial Services,77,1065.8299560546875,-6.465941771419104,77,76,B-
UROY,Uranium Royalty Corp. Common Stock,Investment Bankers/Brokers/Service,77,2.7300000190734863,-50.0,24,65,E
USAR,USA Rare Earth Inc. Class A Common Stock,Metal Mining,85,18.190000534057617,-52.97311171007513,60,20,D
USAS,Americas Gold and Silver Corporation Common Shares no par value,Metal Mining,85,4.199999809265137,-58.12562391742987,41,,E
USAU,U.S. Gold Corp. Common Stock,Metal Mining,85,15.34000015258789,-32.123894275835866,43,11,C-
USB,U.S. Bancorp Common Stock,Major Banks,20,62.13999938964844,-1.1925584469371864,74,60,C
USBC,USBC Inc. Common Stock,Industrial Machinery/Components,77,0.30889999866485596,-89.19930034981675,12,11,A
USCB,USCB Financial Holdings Inc. Class A Common Stock,Major Banks,20,20.059999465942383,-3.5113103291868897,60,,B
USEA,United Maritime Corporation Common Stock,Marine Transportation,9,2.6600000858306885,-0.7462679264300776,91,20,B+
USFD,US Foods Holding Corp. Common Stock,Food Distributors,11,101.0,-3.1546657269589717,75,67,C
USGO,U.S. GoldMining Inc. Common stock,Precious Metals,111,7.949999809265137,-49.77890178407585,21,,E
USIO,Usio Inc. Common Stock,Investment Bankers/Brokers/Service,77,2.4700000286102295,-3.1372519687063893,94,20,A+
USLM,United States Lime & Minerals Inc. Common Stock,Mining & Quarrying of Nonmetallic Minerals (No Fuels),73,104.01000213623047,-25.37719202598683,28,56,C-
USNA,USANA Health Sciences Inc. Common Stock,Medicinal Chemicals and Botanical Products,134,21.399999618530273,-39.599211306232874,43,34,B
USPH,U.S. Physical Therapy Inc. Common Stock,Medical/Nursing Services,27,70.0,-23.37560754318131,32,31,C+
UTHR,United Therapeutics Corporation Common Stock,Biotechnology: Pharmaceutical Preparations,77,526.6599731445312,-11.746771813450641,69,83,D-
UTI,Universal Technical Institute Inc Common Stock,Other Consumer Services,121,46.650001525878906,-8.886717127461473,88,47,B+
UTL,UNITIL Corporation Common Stock,Power Generation,48,53.619998931884766,-1.7165563402897988,56,,C
UTMD,Utah Medical Products Inc. Common Stock,Medical/Dental Instruments,126,68.25,-7.732866197523025,60,44,A-
UTSI,UTStarcom Holdings Corp. Ordinary Shares,Telecommunications Equipment,73,2.4100000858306885,-26.74771690655876,42,,E-
UTZ,Utz Brands Inc Class A Common Stock,Packaged Foods,124,7.480000019073486,-46.898834757775546,24,40,B-
UUU,Universal Safety Products Inc. Common Stock,Electronic Components,5,3.990000009536743,-46.65775401921769,32,,E
UUUU,Energy Fuels Inc Ordinary Shares (Canada),Mining & Quarrying of Nonmetallic Minerals (No Fuels),73,13.229999542236328,-52.2727277418705,40,,E+
UVE,UNIVERSAL INSURANCE HOLDINGS INC Common Stock,Property-Casualty Insurers,41,41.45000076293945,-3.627057938787992,85,89,B
UVSP,Univest Financial Corporation Common Stock,Major Banks,20,43.47999954223633,-3.6987861067631966,82,68,C+
UVV,Universal Corporation Common Stock,Farming/Seeds/Milling,88,50.41999816894531,-11.423246738459769,42,30,E+
UWMC,UWM Holdings Corporation Class A Common Stock,Finance: Consumer Services,116,2.0199999809265137,-67.42810688986083,9,82,E
UXIN,Uxin Limited ADS,Business Services,90,1.7200000286102295,-66.27450861228697,9,9,A
UZX,Linkage Global Inc. Class A Ordinary Shares,Catalog/Specialty Distribution,59,0.27459999918937683,-90.0866425602816,2,,A+
V,Visa Inc.,Business Services,90,356.0199890136719,-1.6872437485863312,57,77,C+
VABK,Virginia National Bankshares Corporation Common Stock,Major Banks,20,45.45000076293945,-0.6122868622342015,68,54,C+
VAC,Marriott Vacations Worldwide Corporation Common Stock,Real Estate,90,96.9800033569336,-5.88120875849153,86,75,B
VAL,Valaris Limited Common Shares,Oil & Gas Production,30,78.48999786376953,-30.797038325768288,76,38,E
VALE,VALE S.A.  American Depositary Shares Each Representing one common share,Metal Mining,85,14.59000015258789,-18.125699200626112,64,73,E+
VALN,Valneva SE American Depositary Shares,Biotechnology: Biological Products (No Diagnostic Substances),67,5.110000133514404,-58.114752349146116,18,,E+
VALU,Value Line Inc. Common Stock,Investment Managers,67,39.04999923706055,-4.171781013348353,57,37,A-
VANI,Vivani Medical Inc. Common Stock (DE),Biotechnology: Electromedical & Electrotherapeutic Apparatus,81,1.399999976158142,-25.133691305441797,65,20,A+
VATE,INNOVATE Corp. Common Stock,Metal Fabrications,37,9.510000228881836,-52.592220926885894,91,32,E
VBIO,Valion Bio Inc. Common Stock,Biotechnology: Electromedical & Electrotherapeutic Apparatus,81,0.4691999852657318,-89.28767184916792,5,,E-
VBNK,VersaBank Common Shares,Commercial Banks,10,21.290000915527344,-10.170980347468529,89,87,A
VC,Visteon Corporation Common Stock,Auto Parts:O.E.M.,56,103.97000122070312,-18.453861650805404,50,52,E
VCEL,Vericel Corporation Common Stock,Biotechnology: Biological Products (No Diagnostic Substances),67,46.09000015258789,-4.595324275710933,79,44,A-
VCIG,VCI Global Limited Ordinary Share,Diversified Commercial Services,77,2.0299999713897705,-99.90831075106641,19,,A+
VCTR,Victory Capital Holdings Inc. Class A Common Stock,Investment Managers,67,97.69999694824219,0.0,87,71,B
VCYT,Veracyte Inc. Common Stock,Medical Specialities,24,56.619998931884766,-6.397756057526571,93,88,A-
VECO,Veeco Instruments Inc. Common Stock,Industrial Machinery/Components,77,58.02000045776367,-30.130058022537032,95,45,C
VEEA,Veea Inc. Common Stock,Blank Checks,71,0.20600000023841858,-88.80434801622464,4,,E
VEEE,Twin Vee PowerCats Co. Common Stock,Marine Transportation,9,38.5099983215332,-63.351734249635115,96,,A+
VEEV,Veeva Systems Inc. Class A Common Stock,Computer Software: Prepackaged Software,118,193.08999633789062,-36.94402861728025,36,70,B
VEL,Velocity Financial Inc. Common Stock,Finance: Consumer Services,116,17.40999984741211,-16.13680320103813,37,72,C-
VELO,Velo3D Inc. Common stock,Industrial Machinery/Components,77,12.789999961853027,-58.21627015084816,87,20,B
VENU,Venu Holding Corporation Common Stock,Services-Misc. Amusement & Recreation,87,2.809999942779541,-84.47513876487903,7,,E-
VEON,VEON Ltd. ADS,Telecommunications Equipment,73,52.65999984741211,-16.03954269371144,49,70,C+
VERA,Vera Therapeutics Inc. Class A Common Stock,Biotechnology: Pharmaceutical Preparations,77,43.130001068115234,-22.52559280274116,74,,A-
VERI,Veritone Inc. Common Stock,EDP Services,126,1.0700000524520874,-87.2467221851349,8,20,E
VERU,Veru Inc. Common Stock,Biotechnology: Pharmaceutical Preparations,77,2.309999942779541,-62.131147886982085,22,11,A+
VERX,Vertex Inc. Class A Common Stock,Computer Software: Prepackaged Software,118,12.479999542236328,-65.53438315996003,20,40,B
VET,Vermilion Energy Inc. Common (Canada),Oil & Gas Production,30,9.819999694824219,-31.30250501620363,53,4,E+
VFC,V.F. Corporation Common Stock,Garments and Clothing,67,16.670000076293945,-22.233545275018496,53,90,D
VFF,Village Farms International Inc. Common Shares,,,2.0399999618530273,-51.196171157168614,28,99,E+
VFS,VinFast Auto Ltd. Ordinary Shares,Auto Manufacturing,140,3.119999885559082,-34.45378706857759,29,20,D
VG,Venture Global Inc. Class A common stock,Oil/Gas Transmission,48,13.229999542236328,-24.42538075059154,65,69,B-
VGAS,Verde Clean Fuels Inc. Class A Common Stock,Major Chemicals,59,1.1100000143051147,-69.16666545249794,10,20,E-
VGNT,Versigent PLC Ordinary Shares,,,39.63999938964844,-20.98863696155132,81,,D
VGZ,Vista Gold Corp Common Stock,Precious Metals,111,1.6799999475479126,-44.91803364547407,44,4,A-
VHC,VirnetX Holding Corp Common Stock,Multi-Sector Companies,95,10.220000267028809,-58.85668194746745,14,,E-
VHCP,Vine Hill Capital Investment Corp. II Class A Ordinary Shares,,,10.0,-0.3984059960658093,46,,D
VHI,Valhi Inc. Common Stock,Major Chemicals,59,14.039999961853027,-20.207186964845867,40,30,B
VHUB,VenHub Global Inc. Common Stock,Industrial Machinery/Components,77,1.059999942779541,-86.88118870311386,21,,B
VIA,Via Transportation Inc. Class A Common Stock,Computer Software: Prepackaged Software,118,18.670000076293945,-65.38104956305342,23,,A
VIAV,Viavi Solutions Inc. Common Stock,Semiconductors,2,41.849998474121094,-24.362918689382308,97,85,E-
VICI,VICI Properties Inc. Common Stock,Real Estate Investment Trusts,41,26.280000686645508,-17.532060100856807,36,88,D-
VICR,Vicor Corporation Common Stock,Industrial Machinery/Components,77,264.5,-30.354415490503495,99,95,D
VIK,Viking Holdings Ltd Ordinary Shares,Marine Transportation,9,97.6500015258789,-6.955689027759949,87,50,B-
VINP,Vinci Compass Investments Ltd. Class A Common Shares,Investment Managers,67,9.949999809265137,-23.18079440893498,39,76,E+
VIOT,Viomi Technology Co. Ltd American Depositary Shares,Consumer Electronics/Appliances,122,0.8402000069618225,-76.38819086007906,11,,B
VIPS,Vipshop Holdings Limited American Depositary Shares each representing two ordinary shares,Catalog/Specialty Distribution,59,13.859999656677246,-30.195522008257658,31,70,D+
VIR,Vir Biotechnology Inc. Common Stock,Biotechnology: Biological Products (No Diagnostic Substances),67,9.489999771118164,-14.427415324213143,85,4,C-
VIRC,Virco Manufacturing Corporation Common Stock,Industrial Specialties,90,6.039999961853027,-30.473736799569494,38,29,E-
VIRT,Virtu Financial Inc. Class A Common Stock,Investment Bankers/Brokers/Service,77,59.56999969482422,-10.850044946291092,88,87,C-
VISN,Vistance Networks Inc. Common Stock,Radio And Television Broadcasting And Communications Equipment,27,12.09000015258789,-6.133540022001149,94,49,C
VIST,Vista Energy S.A.B. de C.V. American Depositary Shares each representing one series A share with no par value,Oil & Gas Production,30,65.7300033569336,-17.059932672639,81,89,D+
VITL,Vital Farms Inc. Common Stock,Packaged Foods,124,13.109999656677246,-74.98569033610751,14,37,D-
VIV,Telefonica Brasil S.A. American Depositary Shares (Each representing One Common Share),Telecommunications Equipment,73,14.029999732971191,-14.381685511224095,58,70,D+
VIVK,Vivakor Inc. Common Stock,,,0.30160000920295715,-99.86322174885758,1,,E-
VIVO,VivoPower PLC Class A Ordinary Shares,Power Generation,48,4.710000038146973,-31.441046337605993,88,,A-
VIVS,VivoSim Labs Inc. Common Stock,Biotechnology: Biological Products (No Diagnostic Substances),67,0.8348000049591064,-82.53556551637521,8,,A
VKI,Invesco Advantage Municipal Income Trust II Common Shares of Beneficial Interest (DE),Finance Companies,48,9.369999885559082,-1.781971456747522,61,,C-
VKTX,Viking Therapeutics Inc. Common Stock,Biotechnology: Pharmaceutical Preparations,77,37.970001220703125,-9.874198295619019,64,20,B+
VLGEA,Village Super Market Inc. Class A Common Stock,Food Chains,64,43.529998779296875,-7.172648558092831,71,56,D-
VLN,Valens Semiconductor Ltd. Ordinary Shares,Semiconductors,2,2.0199999809265137,-42.776204042539014,63,20,B+
VLO,Valero Energy Corporation Common Stock,Integrated oil Companies,6,301.42999267578125,0.0,91,82,B
VLRS,Controladora Vuela Compania de Aviacion S.A.B. de C.V. American Depositary Shares each representing ten (10) Ordinary Participation Certificates,Air Freight/Delivery Services,22,7.800000190734863,-26.622764752951255,63,20,D-
VLTO,Veralto Corp Common Stock,Electrical Products,3,91.9000015258789,-15.81787305880119,39,57,C+
VLY,Valley National Bancorp Common Stock,Major Banks,20,14.579999923706055,-1.950235131707423,80,72,C
VMAR,Vision Marine Technologies Inc. Common Shares,Marine Transportation,9,1.3200000524520874,-99.95074626669955,1,11,E-
VMC,Vulcan Materials Company (Holding Company) Common Stock,Mining & Quarrying of Nonmetallic Minerals (No Fuels),73,291.8900146484375,-11.304172843066663,45,79,C-
VMD,Viemed Healthcare Inc. Common Shares,Misc Health and Biotechnology Services,8,11.9399995803833,-3.1630198356524475,89,60,B-
VMET,Versamet Royalties Corporation Common Stock,,,9.579999923706055,-29.1943820193832,35,,E-
VMI,Valmont Industries Inc. Common Stock,Metal Fabrications,37,543.469970703125,-6.745255447925791,84,91,C
VNCE,Vince Holding Corp. Common Stock,Clothing/Shoe/Accessory Stores,88,6.309999942779541,-19.822108836901453,98,40,A
VNDA,Vanda Pharmaceuticals Inc. Common Stock,Biotechnology: Pharmaceutical Preparations,77,5.849999904632568,-38.80753506423884,39,20,D-
VNET,VNET Group Inc. American Depositary Shares,Computer Software: Programming Data Processing,112,7.75,-44.7612248930617,31,20,C
VNO,Vornado Realty Trust Common Stock,Real Estate Investment Trusts,41,39.130001068115234,-6.922510640757484,72,34,B-
VNOM,Viper Energy Inc. Class A Common Stock,Oil & Gas Production,30,43.0,-14.399892105605282,59,39,D-
VNRX,VolitionRX Limited Common Stock,Biotechnology: In Vitro & In Vivo Diagnostic Substances,95,1.2699999809265137,-91.85897468031432,3,,E-
VNT,Vontier Corporation Common Stock,Industrial Machinery/Components,77,29.360000610351562,-32.6412870059276,22,71,E+
VNTG,Vantage Corp Class A Ordinary Shares,Integrated Freight & Logistics,141,0.6990000009536743,-90.86274519948093,16,,A+
VOD,Vodafone Group Plc American Depositary Shares,Telecommunications Equipment,73,15.5600004196167,-2.875169103958264,75,,A-
VOR,Vor Biopharma Inc. Common Stock,Biotechnology: Biological Products (No Diagnostic Substances),67,18.5,-62.02791556553042,37,33,A
VOXR,Vox Royalty Corp. Common Stock,Precious Metals,111,4.454999923706055,-30.27850057029051,44,96,E+
VOYA,Voya Financial Inc. Common Stock,Life Insurance,24,98.30000305175781,-0.6669321330040279,83,72,B-
VOYG,Voyager Technologies Inc. Class A Common Stock,Military/Government/Technical,103,29.780000686645508,-42.476336829586494,35,20,D+
VPG,Vishay Precision Group Inc. Common Stock,Electrical Products,3,110.87000274658203,-26.042292016429947,98,76,B-
VRA,Vera Bradley Inc. Common Stock,Apparel,43,3.7899999618530273,-11.032869525271693,82,20,A+
VRAX,Virax Biolabs Group Limited Ordinary Shares,Biotechnology: In Vitro & In Vivo Diagnostic Substances,95,3.740000009536743,-86.52252248815589,10,,A+
VRCA,Verrica Pharmaceuticals Inc. Common Stock,Biotechnology: Pharmaceutical Preparations,77,5.929999828338623,-34.835169453247005,45,20,B+
VRDN,Viridian Therapeutics Inc. Common Stock,Medical Specialities,24,19.079999923706055,-43.51687207460816,51,20,A-
VREX,Varex Imaging Corporation Common Stock,Industrial Machinery/Components,77,10.569999694824219,-26.392758025524866,42,20,D
VRM,Vroom Inc. Common Stock,Retail-Auto Dealers and Gas Stations,104,7.369999885559082,-75.36764750412404,6,20,A+
VRME,VerifyMe Inc. Common Stock,EDP Services,126,0.6416000127792358,-55.13286459349756,20,20,E
VRNS,Varonis Systems Inc. Common Stock,Computer Software: Prepackaged Software,118,48.189998626708984,-23.88248684031904,88,20,A
VRRM,Verra Mobility Corporation Class A Common Stock,Transportation Services,116,4.340000152587891,-83.00704777990303,3,51,C-
VRSK,Verisk Analytics Inc. Common Stock,Diversified Commercial Services,77,190.5399932861328,-37.08817871929661,35,51,C
VRSN,VeriSign Inc. Common Stock,EDP Services,126,268.8500061035156,-13.274191579511086,48,61,D-
VRT,Vertiv Holdings LLC Class A Common Stock,Industrial Machinery/Components,77,303.5799865722656,-19.293210793023384,92,95,E
VRTS,Virtus Investment Partners Inc. Common Stock,Investment Managers,67,160.77000427246094,-20.41201321090317,45,42,B
VRTX,Vertex Pharmaceuticals Incorporated Common Stock,Biotechnology: Pharmaceutical Preparations,77,476.30999755859375,-10.06061794879981,56,79,C+
VRXA,Veraxa Biotech AG Ordinary Shares,Biotechnology: Pharmaceutical Preparations,77,2.0899999141693115,-91.56918177901224,2,,A
VS,Versus Systems Inc. Common Stock,EDP Services,126,1.6200000047683716,-41.72661793379425,63,,A
VSA,VisionSys AI Inc. American Depositary Shares,Other Consumer Services,121,2.9700000286102295,-99.85187032276258,3,9,A
VSAT,ViaSat Inc. Common Stock,Radio And Television Broadcasting And Communications Equipment,27,69.83999633789062,-22.235833162866214,97,42,E+
VSEC,VSE Corporation Common Stock,Military/Government/Technical,103,208.60000610351562,-12.356619084109777,71,90,D
VSEE,VSee Health Inc. Common Stock,Medical/Nursing Services,27,0.09839999675750732,-93.21379355023504,4,,B-
VSH,Vishay Intertechnology Inc. Common Stock,Electrical Products,3,41.7400016784668,-35.685669187815115,97,63,E+
VSME,VS Media Holdings Limited Class A Ordinary Shares,Publishing,109,1.409999966621399,-97.63422818335535,21,,A+
VSNT,Versant Media Group Inc. Class A Common Stock,Broadcasting,104,34.79999923706055,-25.129445079905132,30,,D-
VST,Vistra Corp. Common Stock,Electric Utilities: Central,52,158.42999267578125,-26.996243595039505,35,,C-
VSTD,Vestand Inc. Class A Common Stock,Restaurants,97,0.21279999613761902,-90.88650995027415,8,,B+
VSTM,Verastem Inc. Common Stock,Biotechnology: Pharmaceutical Preparations,77,5.570000171661377,-48.282266156765274,34,,A-
VSTS,Vestis Corporation Common Stock,Consumer Specialties,37,14.899999618530273,0.0,97,44,A-
VSXY,Victorias Secret & Co. Common Stock,Clothing/Shoe/Accessory Stores,88,81.91999816894531,-7.435030317575919,97,50,B+
VTAK,Catheter Precision Inc. Common Stock,Medical/Dental Instruments,126,0.5600000023841858,-87.71929803922676,4,,A+
VTEX,VTEX Class A Common Shares,Computer Software: Prepackaged Software,118,4.070000171661377,-39.79289890742221,37,97,A-
VTGN,Vistagen Therapeutics Inc. Common Stock,Biotechnology: Pharmaceutical Preparations,77,0.24609999358654022,-94.97755124904572,4,,E-
VTIX,Virtuix Holdings Inc. Class A Common Stock,Computer peripheral equipment,43,3.130000114440918,-87.16687087835948,4,,A-
VTMX,Corporacion Inmobiliaria Vesta S.A.B de C.V. American Depositary Shares each representing ten (10) Common Shares,Real Estate,90,34.369998931884766,-6.0712791206078425,65,89,D-
VTN,Invesco Trust for Investment Grade New York Municipals Common Stock,Finance Companies,48,11.510000228881836,-1.7006311822401088,57,,C-
VTOL,Bristow Group Inc. Common Stock,Transportation Services,116,43.349998474121094,-13.062355892124856,52,55,D-
VTR,Ventas Inc. Common Stock,Real Estate Investment Trusts,41,92.4000015258789,-1.775271791605204,77,78,C+
VTRS,Viatris Inc. Common Stock,Biotechnology: Pharmaceutical Preparations,77,16.309999465942383,-5.5216835366298955,87,63,C
VTS,Vitesse Energy Inc. Common Stock,Oil & Gas Production,30,15.6899995803833,-35.52503914429862,25,29,E+
VTSI,VirTra Inc. Common Stock,Miscellaneous manufacturing industries,115,3.0399999618530273,-58.35616599419565,13,4,E
VTVT,vTv Therapeutics Inc. Class A Common Stock,Biotechnology: Pharmaceutical Preparations,77,31.8799991607666,-25.365798789924266,69,63,C-
VUZI,Vuzix Corporation Common Stock,Radio And Television Broadcasting And Communications Equipment,27,2.3299999237060547,-54.66926100721554,27,20,C+
VVOS,Vivos Therapeutics Inc. Common Stock,Medical/Dental Instruments,126,0.4097000062465668,-94.10503571956376,3,,A+
VVV,Valvoline Inc. Common Stock,Major Chemicals,59,38.88999938964844,-4.376687630775555,65,55,C+
VVX,V2X Inc. Common Stock,Diversified Commercial Services,77,74.63999938964844,-17.806407448157756,75,,E+
VWAV,VisionWave Holdings Inc. Common Stock,Computer Software: Prepackaged Software,118,4.210000038146973,-70.31029656176877,15,,E-
VYGR,Voyager Therapeutics Inc. Common Stock,Biotechnology: Biological Products (No Diagnostic Substances),67,3.1600000858306885,-40.71294313202396,24,20,E+
VYNE,VYNE Therapeutics Inc. Common Stock,Biotechnology: Pharmaceutical Preparations,77,0.7110000252723694,-51.301369404430396,66,20,E-
VYX,NCR Voyix Corporation Common Stock,Office Equipment/Supplies/Services,57,7.96999979019165,-45.52290001471253,31,48,B
VZ,Verizon Communications Inc. Common Stock,Telecommunications Equipment,73,42.470001220703125,-14.667848039754839,52,47,E
VZLA,Vizsla Silver Corp. Common Shares,Precious Metals,111,3.200000047683716,-53.35276989208536,28,11,E+
W,Wayfair Inc. Class A Common Stock,Catalog/Specialty Distribution,59,88.73999786376953,-25.45989450736158,69,20,B
WAB,Westinghouse Air Brake Technologies Corporation Common Stock,Railroads,24,262.0199890136719,-7.233146507490506,65,69,D-
WABC,Westamerica Bancorporation Common Stock,Major Banks,20,58.619998931884766,-2.4300979605084927,70,70,C-
WAFD,WaFd Inc. Common Stock,Major Banks,20,38.0099983215332,-2.6383262547119424,75,87,C+
WAFDP,WaFd Inc. Depositary Shares,Major Banks,20,16.350000381469727,-1.1455758191222243,51,,E+
WAFU,Wah Fu Education Group Limited Ordinary Shares,Other Consumer Services,121,1.5700000524520874,-24.154584392059675,40,,A
WAI,Top KingWin Ltd Class A Ordinary Shares,Business Services,90,1.9199999570846558,-84.00000035762787,17,,E-
WAL,Western Alliance Bancorporation Common Stock (DE),Major Banks,20,80.33999633789062,-15.521930449813027,45,44,D
WALD,Waldencast plc Class A Ordinary Share,Package Goods/Cosmetics,83,1.7899999618530273,-41.8831166820555,76,,A-
WASH,Washington Trust Bancorp Inc. Common Stock,Major Banks,20,35.790000915527344,-2.052545104565928,72,46,C-
WAT,Waters Corporation Common Stock,Biotechnology: Laboratory Analytical Instruments,52,376.3900146484375,-8.76278497787154,59,32,B-
WATT,Energous Corporation Common Stock,Radio And Television Broadcasting And Communications Equipment,27,17.190000534057617,-51.34446746915311,94,,E
WAVE,Eco Wave Power Global AB (publ) American Depositary Shares,Electric Utilities: Central,52,9.109999656677246,-8.16532674785332,85,,A+
WAY,Waystar Holding Corp. Common Stock,EDP Services,126,22.190000534057617,-45.73245080635742,22,91,A-
WB,Weibo Corporation American Depositary Share,Computer Software: Programming Data Processing,112,7.659999847412109,-36.09071577101069,27,58,E+
WBD,Warner Bros. Discovery Inc. Series A Common Stock,Services-Misc. Amusement & Recreation,87,27.479999542236328,-8.338892722389668,84,4,C-
WBI,WaterBridge Infrastructure LLC Class A Shares Representing Limited Liability Company Interests,Oilfield Services/Equipment,11,35.880001068115234,0.0,89,,A
WBS,Webster Financial Corporation Common Stock,Major Banks,20,76.12000274658203,-1.907211026598965,71,68,D+
WBTN,WEBTOON Entertainment Inc. Common stock,Publishing,109,11.359999656677246,-46.69169431546545,37,20,D
WBUY,WEBUY GLOBAL LTD. Class A Ordinary Shares,Other Specialty Stores,112,0.7646999955177307,-91.2305049071026,8,,A
WBX,Wallbox N.V. Class A Ordinary Shares,Industrial Specialties,90,5.349999904632568,-25.59110066682261,87,,E-
WCC,WESCO International Inc. Common Stock,Telecommunications Equipment,73,340.1400146484375,-9.04762386608483,83,84,C
WCN,Waste Connections Inc. Common Shares,Environmental Services,73,169.57000732421875,-11.074262793816402,47,49,C+
WCT,Wellchange Holdings Company Limited Class A Ordinary shares,Computer Software: Prepackaged Software,118,1.1399999856948853,-94.43902446002494,3,,A+
WD,Walker & Dunlop Inc Common Stock,Finance: Consumer Services,116,48.5,-42.399470549257124,27,76,C-
WDAY,Workday Inc. Class A Common Stock,EDP Services,126,139.80999755859375,-43.55444459585433,29,97,B
WDC,Western Digital Corporation Common Stock,Electronic Components,5,563.3200073242188,-24.511206723379697,99,72,D+
WDFC,WD-40 Company Common Stock,Major Chemicals,59,249.1199951171875,-5.960518035046314,76,79,A
WDS,Woodside Energy Group Limited American Depositary Shares each representing one Ordinary Share,Oil & Gas Production,30,21.030000686645508,-15.13317149349781,71,,C+
WEAV,Weave Communications Inc. Common Stock,Computer Software: Prepackaged Software,118,7.429999828338623,-8.610089498755592,74,77,A-
WEC,WEC Energy Group Inc. Common Stock,Power Generation,48,115.05000305175781,-3.1973037199413246,54,52,D+
WELL,Welltower Inc. Common Stock,Real Estate Investment Trusts,41,236.0,-0.6692185539787565,81,94,C+
WEN,Wendy's Company (The) Common Stock,Restaurants,97,7.420000076293945,-29.925223215793505,39,47,A
WERN,Werner Enterprises Inc. Common Stock,Trucking Freight/Courier Services,7,44.79999923706055,0.0,88,43,B
WEST,Westrock Coffee Company Common Stock,Beverages (Production/Distribution),101,7.150000095367432,-26.515925675736607,88,,C-
WETH,Wetouch Technology Inc. Common Stock,Computer peripheral equipment,43,1.3700000047683716,-61.189801250083335,46,,E+
WETO,Wetour Robotics Limited Ordinary Shares,Other Transportation,,0.5934000015258789,-75.0672280255216,21,,D+
WEX,WEX Inc. common stock,Business Services,90,155.08999633789062,-16.13583383967685,42,89,C-
WEYS,Weyco Group Inc. Common Stock,Apparel,43,38.369998931884766,-3.8104800226146818,76,43,C+
WF,Woori Financial Group Inc. American Depositary Shares (each representing three (3) shares of Common Stock),Commercial Banks,10,62.36000061035156,-26.17497370762737,48,,E+
WFC,Wells Fargo & Company Common Stock,Major Banks,20,85.29000091552734,-10.572460736418632,46,89,D-
WFCF,Where Food Comes From Inc. Common Stock,Computer Software: Prepackaged Software,118,12.619999885559082,-30.39161351497016,49,78,A-
WFF,WF Holding Limited Ordinary Shares,Miscellaneous manufacturing industries,115,2.4700000286102295,-61.102361169985684,73,,A
WFG,West Fraser Timber Co. Ltd Common stock,Forest Products,97,71.19000244140625,-6.317527116265465,53,,B
WFRD,Weatherford International plc Ordinary Shares,Oil and Gas Field Machinery,32,82.01000213623047,-26.395617049033415,52,89,E
WGO,Winnebago Industries Inc. Common Stock,Homebuilding,59,29.010000228881836,-40.46467676390715,31,43,D
WGRX,Wellgistics Health Inc. Common Stock,Other Pharmaceuticals,138,2.930000066757202,-96.61271668582982,3,,A+
WGS,GeneDx Holdings Corp. Class A Common Stock,Retail: Computer Software & Peripheral Equipment,57,62.43000030517578,-62.731695351076944,21,38,B
WH,Wyndham Hotels & Resorts Inc. Common Stock,Hotels/Resorts,39,77.62999725341797,-13.826271221249964,38,45,D-
WHD,Cactus Inc. Class A Common Stock,Oil and Gas Field Machinery,32,52.599998474121094,-15.959226056443487,63,33,E+
WHF,WhiteHorse Finance Inc. Common Stock,Finance Companies,48,6.420000076293945,-16.95759875586734,37,,E+
WHG,Westwood Holdings Group Inc Common Stock,Investment Managers,67,19.34000015258789,-4.916420808742073,69,95,A
WHLR,Wheeler Real Estate Investment Trust Inc. Common Stock,Real Estate Investment Trusts,41,0.38999998569488525,-99.98062015598472,1,4,A-
WHR,Whirlpool Corporation Common Stock,Consumer Electronics/Appliances,122,38.650001525878906,-62.39119862230888,11,40,E
WHWK,Whitehawk Therapeutics Inc. Common Stock,Biotechnology: Pharmaceutical Preparations,77,3.809999942779541,-25.29411737206623,88,20,B+
WILC,G. Willi-Food International  Ltd. Ordinary Shares,Food Distributors,11,31.799999237060547,-13.821143842613658,83,,C
WIMI,WiMi Hologram Cloud Inc. Class B Ordinary Shares,Computer Software: Prepackaged Software,118,1.2799999713897705,-75.04873405779118,9,,D-
WINA,Winmark Corporation Common Stock,Other Specialty Stores,112,376.6600036621094,-25.011443560674685,36,45,E+
WING,Wingstop Inc. Common Stock,Restaurants,97,148.41000366210938,-60.43150505873276,15,49,D
WIT,Wipro Limited Common Stock,EDP Services,126,1.840000033378601,-39.869278830533474,20,50,E
WIX,Wix.com Ltd. Ordinary Shares,Computer Software: Programming Data Processing,112,52.709999084472656,-71.39057885751726,12,43,E+
WK,Workiva Inc. Class A Common Stock,Computer Software: Prepackaged Software,118,53.689998626708984,-42.46061512005238,24,90,B-
WKC,World Kinect Corporation Common Stock,Oil Refining/Marketing,128,36.400001525878906,0.0,87,63,B+
WKEY,WISeKey International Holding Ltd American Depositary Shares,EDP Services,126,6.900000095367432,-61.23595285891212,45,,C-
WKHS,Workhorse Group Inc. Common Stock,Auto Manufacturing,140,2.640000104904175,-92.17081847765981,11,20,B
WKSP,Worksport Ltd. Common Stock,Auto Parts:O.E.M.,56,0.8206999897956848,-80.82476753354098,9,4,A+
WLDN,Willdan Group Inc. Common Stock,Military/Government/Technical,103,72.62000274658203,-46.18348789632256,29,93,D-
WLDS,Wearable Devices Ltd. Ordinary Share,Computer Communications Equipment,17,1.5,-98.23071476574933,3,,E-
WLFC,Willis Lease Finance Corporation Common Stock,Industrial Specialties,90,216.97999572753906,-9.557753984642115,83,74,D+
WLK,Westlake Corporation Common Stock,Major Chemicals,59,77.04000091552734,-37.188809643742694,27,20,E
WLTH,Wealthfront Corporation Common Stock,Finance: Consumer Services,116,9.09000015258789,-34.83870769266528,21,31,E
WLY,John Wiley & Sons Inc. Common Stock,Books,4,49.27000045776367,-5.974954482881123,83,74,B+
WLYB,John Wiley & Sons Inc. Common Stock,Books,4,50.5099983215332,-5.221194089465442,84,74,A
WM,Waste Management Inc. Common Stock,Environmental Services,73,234.27000427246094,-4.173958524803445,53,83,C
WMB,Williams Companies Inc. (The) Common Stock,Natural Gas Distribution,20,75.9800033569336,-3.6006597340833,72,84,D+
WMG,Warner Music Group Corp. Class A Common Stock,Services-Misc. Amusement & Recreation,87,27.579999923706055,-20.19676265111294,37,80,D+
WMK,Weis Markets Inc. Common Stock,Food Chains,64,77.94000244140625,-5.6758985452074695,63,68,C
WMS,Advanced Drainage Systems Inc. Common Stock,Containers/Packaging,59,151.0399932861328,-13.663789885293909,54,72,B-
WMT,Walmart Inc. Common Stock,Department/Specialty Retail Stores,52,113.69999694824219,-15.275708246033993,50,77,E+
WNC,Wabash National Corporation Common Stock,Construction/Ag Equipment/Trucks,32,13.420000076293945,-3.9037822952944,86,4,A-
WNEB,Western New England Bancorp Inc. Common Stock,Savings Institutions,11,14.180000305175781,-3.3401483883424232,70,75,B
WNW,Meiwu Technology Company Limited Ordinary Shares,Catalog/Specialty Distribution,59,3.450000047683716,-98.76961479216104,7,,A+
WOK,WORK Medical Technology Group LTD Class A Ordinary Shares,Medical/Dental Instruments,126,1.9800000190734863,-99.99978289473475,1,,A
WOLF,Wolfspeed Inc. Common Stock New,Semiconductors,2,34.310001373291016,-53.31972602273331,87,9,D+
WOOF,Petco Health and Wellness Company Inc. Class A Common Stock,Other Specialty Stores,112,2.509999990463257,-42.43119464218786,27,29,E+
WOR,Worthington Enterprises Inc. Common Shares,Steel/Iron Ore,46,54.650001525878906,-17.80384532985535,42,85,E+
WPC,W. P. Carey Inc. REIT,Real Estate Investment Trusts,41,71.94000244140625,-5.0032923820646165,59,65,D-
WPM,Wheaton Precious Metals Corp Common Shares (Canada),Precious Metals,111,108.48999786376953,-34.332496803904654,37,,E+
WPP,WPP plc American Depositary Shares,Advertising,94,18.209999084472656,-34.90637897146548,33,,E+
WPRT,Westport Fuel Systems Inc Common Shares,Industrial Machinery/Components,77,1.8799999952316284,-53.23383074249832,29,4,A+
WRAP,Wrap Technologies Inc. Common Stock,Ordnance And Accessories,35,2.190000057220459,-29.35483469055037,68,,A+
WRB,W.R. Berkley Corporation Common Stock,Property-Casualty Insurers,41,71.9800033569336,-5.833916471463862,53,72,C
WRBY,Warby Parker Inc. Class A Common Stock,Ophthalmic Goods,120,27.610000610351562,-8.998020858623724,71,70,B+
WRD,WeRide Inc. American Depositary Shares,EDP Services,126,6.119999885559082,-50.56542949123016,18,20,D-
WRLD,World Acceptance Corporation Common Stock,Finance: Consumer Services,116,195.8699951171875,-12.491626004172218,78,32,C
WRN,Western Copper and Gold Corporation Common Stock,Metal Mining,85,2.2200000286102295,-45.18518706026492,44,,E+
WS,Worthington Steel Inc. Common Shares,Steel/Iron Ore,46,33.939998626708984,-29.692136042728556,48,31,D-
WSBC,WesBanco Inc. Common Stock,Major Banks,20,39.099998474121094,-2.6152005276538492,67,86,B+
WSBF,Waterstone Financial Inc. Common Stock (MD),Savings Institutions,11,19.520000457763672,-5.758699368827158,75,38,C
WSBK,Winchester Bancorp Inc. Common Stock,,,13.039999961853027,-1.6961958209295136,70,,C+
WSC,WillScot Holdings Corporation Class A Common Stock,Misc Corporate Leasing Services,15,26.84000015258789,-14.127911844460462,75,47,B-
WSFS,WSFS Financial Corporation Common Stock,Major Banks,20,77.66999816894531,-1.0195017705017517,80,92,C-
WSHP,WeShop Holdings Limited Class A Ordinary Shares,Other Specialty Stores,112,5.449999809265137,-97.27500009536743,8,,A+
WSM,Williams-Sonoma Inc. Common Stock (DE),Home Furnishings,51,220.33999633789062,-8.256652363841654,68,50,C+
WSO,Watsco Inc. Common Stock,Industrial Machinery/Components,77,395.2900085449219,-17.342048767239305,43,44,C-
WSO-B,Watsco Inc.,,,385.0,-15.080396994405232,50,44,A
WST,West Pharmaceutical Services Inc. Common Stock,Medical/Dental Instruments,126,357.6499938964844,-2.2119529047688657,85,72,B
WT,WisdomTree Inc. Common Stock,Investment Bankers/Brokers/Service,77,19.530000686645508,-1.661630984714324,84,36,B-
WTBA,West Bancorporation Common Stock,Major Banks,20,26.469999313354492,-3.429407294018527,74,66,B+
WTF,Waton Financial Limited Ordinary Shares,Investment Bankers/Brokers/Service,77,3.109999895095825,-56.197183987754286,19,,D+
WTFC,Wintrust Financial Corporation Common Stock,Major Banks,20,162.36000061035156,-0.26413950090007354,68,69,C-
WTI,W&T Offshore Inc. Common Stock,Oil & Gas Production,30,3.5899999141693115,-26.720342120795415,92,20,B+
WTM,White Mountains Insurance Group Ltd. Common Stock,Property-Casualty Insurers,41,2167.7900390625,-6.537002030356298,54,4,C-
WTRG,Essential Utilities Inc. Common Stock,Water Supply,65,38.59000015258789,-6.4932600448597055,46,45,D+
WTS,Watts Water Technologies Inc. Class A Common Stock,Metal Fabrications,37,350.0,-10.58883916578065,75,92,E+
WTTR,Select Water Solutions Inc. Class A common stock,Oilfield Services/Equipment,11,20.31999969482422,0.0,94,73,B-
WTW,Willis Towers Watson Public Limited Company Ordinary Shares,Specialty Insurers,109,288.739990234375,-16.68089305620978,38,59,D+
WU,Western Union Company (The) Common Stock,Business Services,90,7.880000114440918,-18.853961015665643,40,37,D-
WULF,TeraWulf Inc. Common Stock,EDP Services,126,19.40999984741211,-33.022773795688344,94,,E
WVE,Wave Life Sciences Ltd. Ordinary Shares,Biotechnology: Pharmaceutical Preparations,77,6.130000114440918,-71.23416110714655,20,4,D+
WVVI,Willamette Valley Vineyards Inc. Common Stock,Beverages (Production/Distribution),101,2.7100000381469727,-48.771265450109944,31,,A-
WW,WW International Inc.  Common Stock,Other Consumer Services,121,14.770000457763672,-67.09734760840827,27,,B+
WWD,Woodward Inc. Common Stock,Industrial Machinery/Components,77,397.8900146484375,-8.83282640851516,80,79,C-
WWR,Westwater Resources Inc. Common Stock,Metal Mining,85,0.4334000051021576,-87.54597693313963,11,,E
WWW,Wolverine World Wide Inc. Common Stock,Shoe Manufacturing,66,17.670000076293945,-44.28383907176068,37,93,C-
WXM,WF International Limited Ordinary Shares,Engineering & Construction,45,3.119999885559082,-92.00000029343826,6,,E-
WY,Weyerhaeuser Company Common Stock,Real Estate Investment Trusts,41,23.799999237060547,-10.656682712307596,41,69,D
WYFI,WhiteFiber Inc. Ordinary Shares,Finance: Consumer Services,116,31.1299991607666,-30.466833052336327,93,,C-
WYHG,Wing Yip Food Holdings Group Limited American Depositary Shares,Specialty Foods,90,4.139999866485596,-37.177545210529026,92,,D-
WYNN,Wynn Resorts Limited Common stock,Hotels/Resorts,39,95.9000015258789,-27.59663407255033,31,75,D-
WYY,WidePoint Corporation Common Stock,EDP Services,126,12.9399995803833,-35.94059855619379,98,32,A+
XAIR,Beyond Air Inc. Common Stock,Medical/Dental Instruments,126,5.769999980926514,0.0,99,20,C+
XBIO,Xenetic Biosciences Inc. Common Stock,Biotechnology: Pharmaceutical Preparations,77,3.0,-71.04247008283987,31,,B+
XBIT,XBiotech Inc. Common Stock,Biotechnology: Pharmaceutical Preparations,77,2.2899999618530273,-34.57142966134208,34,,C
XBP,XBP Global Holdings Inc. Common Stock,EDP Services,126,2.559999942779541,-84.29447814353888,12,,C
XCH,XCHG Limited American Depositary Share,Electrical Products,3,0.6639000177383423,-66.29949197479444,12,,A+
XCUR,Exicure Inc. Common Stock,Biotechnology: Pharmaceutical Preparations,77,1.7200000286102295,-80.58690637404293,5,,A+
XEL,Xcel Energy Inc. Common Stock,Power Generation,48,80.16999816894531,-3.025047179122675,55,51,D
XELB,Xcel Brands Inc. Common Stock,Multi-Sector Companies,95,1.6100000143051147,-33.74485719855822,53,,A+
XENE,Xenon Pharmaceuticals Inc. Common Shares,Biotechnology: Pharmaceutical Preparations,77,67.30000305175781,-5.157829875896547,89,20,A
XERS,Xeris Biopharma Holdings Inc. Common Stock,Biotechnology: Pharmaceutical Preparations,77,8.279999732971191,-16.363635838195943,80,52,A-
XFLH,XFLH Capital Corporation Ordinary Shares,Blank Checks,71,9.991399765014648,-2.3323537428968533,47,,D+
XFLT,XAI Floating Rate & Alternative Income Trust Common Shares of Beneficial Interest,Investment Managers,67,17.719999313354492,-28.497751196901376,32,,D
XFOR,X4 Pharmaceuticals Inc. Common Stock,Biotechnology: Biological Products (No Diagnostic Substances),67,4.019999980926514,-13.918631365061218,85,20,B
XGN,Exagen Inc. Common Stock,Medical Specialities,24,4.090000152587891,-65.80267441853975,31,20,A-
XHG,XChange TEC.INC American Depositary Shares,Real Estate,90,0.8762999773025513,-45.90740896770274,31,,A+
XHLD,TEN Holdings Inc. Common Stock,Business Services,90,2.140000104904175,-68.0835178336388,63,,A+
XHR,Xenia Hotels & Resorts Inc. Common Stock,Hotels/Resorts,39,20.280000686645508,-1.8809858484262976,86,90,B-
XLO,Xilio Therapeutics Inc. Common Stock,Biotechnology: Pharmaceutical Preparations,77,9.029999732971191,-25.260719265571307,39,20,A-
XMAX,XMAX Inc. Common Stock,Home Furnishings,51,8.609999656677246,-5.901639173398843,93,,C+
XMTR,Xometry Inc. Class A Common Stock,Business Services,90,97.1500015258789,0.0,97,93,B
XNCR,Xencor Inc. Common Stock,Biotechnology: Pharmaceutical Preparations,77,14.949999809265137,-17.58544480549249,79,20,B
XNDU,Xanadu Quantum Technologies Limited Class B Subordinate Voting Shares,Computer Manufacturing,17,11.100000381469727,-69.26910102516295,74,,E+
XNET,Xunlei Limited American Depositary Shares,Computer Software: Prepackaged Software,118,5.760000228881836,-46.5677145495229,34,37,D
XOM,ExxonMobil Holdings Corporation Common Stock,Integrated oil Companies,6,145.08999633789062,-14.810291409066966,65,36,D-
XOMA,XOMA Royalty Corporation Common Stock,Biotechnology: Pharmaceutical Preparations,77,40.16999816894531,-10.733337402343746,73,97,E-
XOS,Xos Inc. Common Stock,Auto Parts:O.E.M.,56,2.359999895095825,-68.36461282804447,54,20,A+
XP,XP Inc. Class A Common Stock,Investment Bankers/Brokers/Service,77,16.8700008392334,-25.54020303668556,38,,D-
XPEL,XPEL Inc. Common Stock,Industrial Specialties,90,44.209999084472656,-19.54504372948125,53,66,E+
XPER,Xperi Inc. Common Stock,Computer Software: Prepackaged Software,118,7.769999980926514,-10.069448238721446,72,65,B
XPEV,XPeng Inc. American depositary shares each representing two Class A ordinary shares,Auto Manufacturing,140,13.359999656677246,-52.40470323503183,19,33,E+
XPL,Solitario Resources Corp. Common Stock,Precious Metals,111,0.7603999972343445,-19.95789402356768,45,,C
XPO,XPO Inc. Common Stock,Transportation Services,116,209.97000122070312,-8.057097819283332,81,62,D-
XPOF,Xponential Fitness Inc. Class A Common Stock,Services-Misc. Amusement & Recreation,87,6.599999904632568,-40.05449802517526,26,20,C
XPON,Expion360 Inc. Common Stock,Industrial Machinery/Components,77,0.34779998660087585,-82.78217871856859,6,4,E-
XPRO,Expro Ltd Ordinary Shares,Oilfield Services/Equipment,11,16.350000381469727,-11.0929802930119,73,46,C+
XRAY,DENTSPLY SIRONA Inc. Common Stock,Medical/Dental Instruments,126,12.699999809265137,-22.536776506499756,44,20,B+
XRN,Chiron Real Estate Inc. Common Stock,Real Estate Investment Trusts,41,36.810001373291016,-3.385819297883419,61,20,D+
XRTX,XORTX Therapeutics Inc. Common Shares,Biotechnology: Pharmaceutical Preparations,77,2.009999990463257,-63.45454562794078,17,,A
XRX,Xerox Holdings Corporation Common Stock,Computer peripheral equipment,43,2.7300000190734863,-57.081624693145685,84,20,B+
XSLL,Xsolla SPAC 1 Class A Ordinary Shares,Blank Checks,71,9.9399995803833,-0.10050481480938789,47,,D+
XTIA,XTI Aerospace Inc. Common Stock,EDP Services,126,1.5,-50.98039124022075,25,20,E+
XTLB,XTL Biopharmaceuticals Ltd. American Depositary Shares,Biotechnology: Pharmaceutical Preparations,77,2.9600000381469727,-63.90243771954136,34,20,A+
XTNT,Xtant Medical Holdings Inc. Common Stock,Biotechnology: Biological Products (No Diagnostic Substances),67,0.4587000012397766,-50.14130511753161,24,40,A-
XWEL,XWELL Inc. Common Stock,Other Consumer Services,121,0.9498999714851379,-44.12353265640223,63,,E-
XXI,Twenty One Capital Inc. Class A Common Stock,Finance: Consumer Services,116,5.309999942779541,-85.97834673211788,9,,E
XXII,22nd Century Group Inc. Common Stock,Medicinal Chemicals and Botanical Products,134,4.190000057220459,-99.72827496386378,1,,E-
XYF,X Financial American Depositary Shares each representing six Class A Ordinary Shares,Finance: Consumer Services,116,4.630000114440918,-74.22165426769087,19,46,D+
XYL,Xylem Inc. Common Stock New,Fluid Controls,52,121.55000305175781,-19.72109233075966,35,,C-
XYZ,Block Inc. Class A Common Stock,Computer Software: Prepackaged Software,118,79.98999786376953,-1.3808442092886564,69,,B
XZO,Exzeo Group Inc. Common Stock,Property-Casualty Insurers,41,16.280000686645508,-32.86597654991543,32,,B
YAAS,Youxin Technology Ltd Class A Ordinary shares,Computer Software: Prepackaged Software,118,0.7365000247955322,-98.41271551600109,7,,A
YALA,Yalla Group Limited American Depositary Shares each representing one Class A Ordinary Share,Computer Software: Programming Data Processing,112,5.380000114440918,-40.748896920199094,22,51,D-
YB,Yuanbao Inc. American Depositary Shares,Specialty Insurers,109,13.819999694824219,-50.35919677055185,20,81,B-
YCBD,cbdMD Inc. Common Stock,Package Goods/Cosmetics,83,0.6577000021934509,-71.02643137798587,19,11,A
YDDL,One and One Green Technologies. Inc Class A Ordinary Shares,Industrial Specialties,90,1.9500000476837158,-87.28813540882041,6,,E-
YDES,YD Bio Limited Ordinary Shares,Medical Specialities,24,2.119999885559082,-90.82648277988586,3,,A+
YDKG,Yueda Digital Holding Class A Ordinary Share,Advertising,94,0.9674000144004822,-99.82569369109902,13,,A
YELP,Yelp Inc. Common Stock,Other Consumer Services,121,25.579999923706055,-27.453201527566705,32,56,C+
YETI,YETI Holdings Inc. Common Stock,Recreational Games/Products/Toys,97,47.34000015258789,-7.557115799789549,79,49,B-
YEXT,Yext Inc. Common Stock,EDP Services,126,5.429999828338623,-40.7205249040183,51,88,A-
YHC,LQR House Inc. Common Stock,Beverages (Production/Distribution),101,2.2200000286102295,-79.31034367828556,97,,E-
YHGJ,Yunhong Green CTI Ltd. Common Stock,Specialty Chemicals,118,3.200000047683716,-65.66523441561046,24,,A-
YHNA,YHN Acquisition I Limited Ordinary Shares,,,10.859999656677246,-1.1828946055354783,49,,D+
YI,111 Inc. American Depositary Shares,Retail-Drug Stores and Proprietary Stores,137,3.9749999046325684,-52.56563424405436,22,20,A-
YIBO,Planet Image International Limited Class A Ordinary Shares,Industrial Machinery/Components,77,1.0800000429153442,-31.645568760708553,44,,E-
YJ,Yunji Inc. American Depository Shares,Other Specialty Stores,112,1.3300000429153442,-42.17390997874032,26,,C-
YMAT,J-Star Holding Co. Ltd. Class A Ordinary Shares,Recreational Games/Products/Toys,97,2.009999990463257,-92.996515898847,19,,A+
YMM,Full Truck Alliance Co. Ltd. American Depositary Shares (each representing 20 Class A Ordinary Shares),Computer Software: Prepackaged Software,118,8.640000343322754,-37.036155173955954,30,57,C+
YMT,Yimutian Inc. American Depositary Shares,EDP Services,126,0.45080000162124634,-98.92666666280657,1,,E-
YOOV,Concorde International Group Ltd Class A Ordinary Shares,Diversified Commercial Services,77,0.5320000052452087,-91.27868830225411,3,,A+
YORW,York Water Company (The) Common Stock,Water Supply,65,31.0,-7.341453586602286,45,67,D
YOU,Clear Secure Inc. Class A Common Stock,Computer Software: Prepackaged Software,118,53.540000915527344,-13.900873181169072,88,80,C
YOUL,Youlife Group Inc. American Depositary Shares,Other Consumer Services,121,0.5728999972343445,-83.05029651369975,7,,A+
YPF,YPF Sociedad Anonima Common Stock,Integrated oil Companies,6,49.79999923706055,-11.623778907587113,87,63,B-
YQ,17 Education & Technology Group Inc. American Depositary Shares,Other Consumer Services,121,2.190000057220459,-64.84751122767811,33,,C+
YRD,Yiren Digital Ltd. American Depositary Shares each representing two ordinary shares,Finance: Consumer Services,116,1.2599999904632568,-80.90909077773081,7,29,A+
YSG,Yatsen Holding Limited American Depositary Shares each representing twenty (20) Class A Ordinary Shares,Package Goods/Cosmetics,83,3.559999942779541,-67.51824881032175,23,20,B
YSS,York Space Systems Inc. Common Stock,Military/Government/Technical,103,21.260000228881836,-51.070195959546474,14,,E+
YSXT,YSX Tech. Co. Ltd Class A Ordinary Shares,Automotive Aftermarket,128,0.699400007724762,-87.3526224016364,7,,E-
YTRA,Yatra Online Inc. Ordinary Shares,Transportation Services,116,0.8849999904632568,-53.66492115553623,19,20,B
YUM,Yum! Brands Inc.,Restaurants,97,158.17999267578125,-5.558548278728659,51,78,D
YUMC,Yum China Holdings Inc. Common Stock,Restaurants,97,43.29999923706055,-24.36846651588559,37,71,D
YXT,YXT.COM GROUP HOLDING LIMITED American Depository Shares,Computer Software: Prepackaged Software,118,3.880000114440918,-65.0450452153302,14,,A
YYAI,AiRWA Inc. Common Stock,Recreational Games/Products/Toys,97,8.140000343322754,-99.91693877200692,2,44,D-
YYGH,YY Group Holding Limited Class A Ordinary Shares,Professional Services,104,1.1449999809265137,-99.97748279290212,1,,C+
Z,Zillow Group Inc. Class C Capital Stock,Business Services,90,31.860000610351562,-64.72541993135404,12,88,E+
ZBAO,Zhibao Technology Inc. Class A Ordinary Shares,Specialty Insurers,109,0.3001999855041504,-76.36220551081088,4,,A+
ZBH,Zimmer Biomet Holdings Inc. Common Stock,Industrial Specialties,90,91.02999877929688,-14.596926873856098,41,75,D-
ZBIO,Zenas BioPharma Inc. Common Stock,Biotechnology: Pharmaceutical Preparations,77,28.780000686645508,-33.333328915106065,92,20,A
ZBRA,Zebra Technologies Corporation Class A Common Stock,Industrial Machinery/Components,77,260.1099853515625,-23.801852439242875,45,48,B-
ZCMD,Zhongchao Inc. Class A Ordinary Shares,Other Consumer Services,121,1.7200000286102295,-99.81505376036449,1,,A+
ZD,Ziff Davis Inc. Common Stock,Telecommunications Equipment,73,51.939998626708984,-3.4213465867466986,83,47,B
ZDAI,DirectBooking Technology Co. Ltd. Class A Ordinary Shares,General Bldg Contractors - Nonresidential Bldgs,132,1.899999976158142,-83.82152668765389,6,,A+
ZDGE,Zedge Inc. Class B Common Stock,Computer Software: Prepackaged Software,118,3.0299999713897705,-34.69742902304972,37,34,A
ZENA,ZenaTech Inc. Common Stock,Computer Software: Prepackaged Software,118,1.399999976158142,-79.07324418260454,7,,B-
ZEO,Zeo Energy Corporation Class A Common Stock,Industrial Machinery/Components,77,0.6129999756813049,-77.5457885934614,16,20,E+
ZEPP,Zepp Health Corporation American depositary shares each representing sixteen Class A ordinary shares,Computer Manufacturing,17,5.429999828338623,-91.13758807284198,5,20,E-
ZETA,Zeta Global Holdings Corp. Class A Common Stock,Computer Software: Prepackaged Software,118,22.530000686645508,-10.772274508334622,81,20,B+
ZG,Zillow Group Inc. Class A Common Stock,Business Services,90,31.799999237060547,-63.34716637382256,13,97,E+
ZGN,Ermenegildo Zegna N.V. Ordinary Shares,Apparel,43,13.020000457763672,-11.817264037421493,78,,C-
ZH,Zhihu Inc. American Depositary Shares each representing three (3) Class A Ordinary Shares,Business Services,90,3.2699999809265137,-39.66789788013334,29,20,D+
ZIM,ZIM Integrated Shipping Services Ltd. Ordinary Shares,Marine Transportation,9,24.399999618530273,-14.535900978740447,80,29,E+
ZION,Zions Bancorporation N.A. Common Stock,Major Banks,20,70.41999816894531,-0.39603789445967763,73,70,C
ZIP,ZipRecruiter Inc. Class A Common Stock,Computer Software: Programming Data Processing,112,3.9600000381469727,-27.86884875697494,81,,A-
ZJK,ZJK Industrial Co. Ltd. Class A Ordinary Shares,Metal Fabrications,37,2.2899999618530273,-45.21530966753156,37,,A
ZJYL,JIN MEDICAL INTERNATIONAL LTD. Class A Ordinary Shares,Industrial Specialties,90,1.9600000381469727,-88.47058801090016,9,,A+
ZKH,ZKH Group Limited American Depositary Shares each representing thirty-five (35) Class A Ordinary Shares,RETAIL: Building Materials,114,2.9000000953674316,-23.482846317772843,36,20,D-
ZKIN,ZK International Group Co. Ltd Ordinary Share,Metal Fabrications,37,1.3799999952316284,-55.33980473903619,25,,B-
ZLAB,Zai Lab Limited American Depositary Shares,Biotechnology: Pharmaceutical Preparations,77,19.299999237060547,-52.357442516106985,25,20,D-
ZM,Zoom Communications Inc. Class A Common Stock,Computer Software: Programming Data Processing,112,91.1500015258789,-18.528777472691395,63,92,C-
ZNB,Zeta Network Group Class A Ordinary Shares,Engineering & Construction,45,0.38999998569488525,-99.98357894797074,1,,E-
ZNTL,Zentalis Pharmaceuticals Inc. Common Stock,Biotechnology: Pharmaceutical Preparations,77,4.769999980926514,-27.836612941331353,95,,A-
ZONE,CleanCore Solutions Inc. Class B Common Stock,Industrial Machinery/Components,77,0.6694999933242798,-90.24052506860095,81,,B+
ZOOZ,ZOOZ Strategy Ltd. Ordinary Shares,Industrial Machinery/Components,77,5.110000133514404,-93.01912520962597,10,,E+
ZS,Zscaler Inc. Common Stock,EDP Services,126,152.08999633789062,-54.77146301875098,28,20,C-
ZSQR,Z Squared Inc. Common Stock,Finance: Consumer Services,116,5.599999904632568,-70.21276525589822,8,,E-
ZSTK,ZeroStack Corp. Common Stock,Biotechnology: Pharmaceutical Preparations,77,1.8200000524520874,-94.56878500861467,3,,E-
ZTEK,Zentek Ltd. Common Stock,Major Chemicals,59,0.46480000019073486,-56.15094101119173,16,,A
ZTG,Zenta Group Company Limited Class A Ordinary Shares,Professional Services,104,2.680000066757202,-35.731414443065646,66,,D+
ZTO,ZTO Express (Cayman) Inc. American Depositary Shares each representing one Class A ordinary share.,Trucking Freight/Courier Services,7,24.030000686645508,-7.148371461022462,63,59,D
ZTS,Zoetis Inc. Class A Common Stock,Biotechnology: Pharmaceutical Preparations,77,74.06999969482422,-52.17531911271389,12,53,E
ZUMZ,Zumiez Inc. Common Stock,Clothing/Shoe/Accessory Stores,88,18.1299991607666,-40.79033747923142,33,31,E
ZURA,Zura Bio Limited Class A Ordinary Shares,Biotechnology: Biological Products (No Diagnostic Substances),67,5.059999942779541,-28.12500042332845,90,,A
ZVIA,Zevia PBC Class A Common Stock,Beverages (Production/Distribution),101,1.7300000190734863,-49.70930260764772,51,20,A
ZVRA,Zevra Therapeutics Inc. Common Stock,Biotechnology: Pharmaceutical Preparations,77,13.0600004196167,-11.457624273785093,80,96,B+
ZWS,Zurn Elkay Water Solutions Corporation Common Stock,Industrial Machinery/Components,77,47.5099983215332,-9.804981312420026,53,84,D+
ZYBT,Zhengye Biotechnology Holding Limited Class A Ordinary Shares,Biotechnology: Pharmaceutical Preparations,77,0.7105000019073486,-94.39005129058529,7,,E
ZYME,Zymeworks Inc. Common Stock,Biotechnology: Pharmaceutical Preparations,77,24.65999984741211,-13.655461104545886,77,20,C-
