symbol,name,industry,industry_rank,price,pct_off_high,rs_rating,eps_rating,ad_rating
A,Agilent Technologies Inc. Common Stock,Biotechnology: Laboratory Analytical Instruments,31,143.1199951171875,-9.987424454599058,65,77,C-
AA,Alcoa Corporation Common Stock,Aluminum,,48.29999923706055,-42.24402397135144,43,66,E+
AACG,ATA Creativity Global American Depositary Shares,Other Consumer Services,132,0.9200000166893005,-63.921567298320085,25,40,A+
AADX,Applied Aerospace & Defense Inc. Common Stock,Military/Government/Technical,98,11.539999961853027,-51.61425669905214,13,,E-
AAL,American Airlines Group Inc. Common Stock,Air Freight/Delivery Services,65,12.850000381469727,-29.20109833858896,46,22,D
AAME,Atlantic American Corporation Common Stock,Life Insurance,10,1.2999999523162842,-62.31884248265194,12,,A
AAMI,Acadian Asset Management Inc. Common Stock,Investment Managers,46,92.05000305175781,-5.40539989600628,94,95,C-
AAOI,Applied Optoelectronics Inc. Common Stock,Semiconductors,41,103.29000091552734,-53.70237647254834,97,34,D
AAON,AAON Inc. Common Stock,Industrial Machinery/Components,93,76.5199966430664,-48.282209721489146,25,90,E
AAP,Advance Auto Parts Inc.,Auto & Home Supply Stores,107,43.310001373291016,-31.15186784504439,23,72,E-
AAPG,Ascentage Pharma Group International American Depository Shares,Biotechnology: Pharmaceutical Preparations,62,16.670000076293945,-58.79881252223904,19,,D+
AAPL,Apple Inc. Common Stock,Computer Manufacturing,81,326.57000732421875,-3.8897667695514504,77,79,C+
AARD,Aardvark Therapeutics Inc. Common Stock,Biotechnology: Pharmaceutical Preparations,62,5.010000228881836,-71.22343324071572,42,26,B+
AAT,American Assets Trust Inc. Common Stock,Real Estate Investment Trusts,57,21.3799991607666,-16.017336158809247,57,44,D-
AAUC,Allied Gold Corporation Common Shares,,,22.479999542236328,-29.771944014398844,48,37,C
ABAT,American Battery Technology Company Common Stock,Mining & Quarrying of Nonmetallic Minerals (No Fuels),98,2.559999942779541,-77.40511950557753,26,1,C
ABBV,AbbVie Inc. Common Stock,Biotechnology: Pharmaceutical Preparations,62,255.0,-4.124525762437459,72,68,B-
ABCB,Ameris Bancorp Common Stock,Major Banks,12,84.62000274658203,-9.176768906724197,59,76,D+
ABCL,AbCellera Biologics Inc. Common Shares,Biotechnology: Pharmaceutical Preparations,62,10.460000038146973,-16.319999694824215,98,7,A
ABEO,Abeona Therapeutics Inc. Common Stock,Biotechnology: Pharmaceutical Preparations,62,5.480000019073486,-26.54155507974111,47,7,E-
ABEV,Ambev S.A. American Depositary Shares (Each representing 1 Common Share),Beverages (Production/Distribution),119,3.0399999618530273,-11.117118419595172,66,76,C
ABG,Asbury Automotive Group Inc Common Stock,Retail-Auto Dealers and Gas Stations,86,208.80999755859375,-18.443151757934327,42,60,C+
ABLV,Able View Global Inc. Class B Ordinary Shares,Other Consumer Services,132,0.949999988079071,-22.764229809144965,52,,B
ABM,ABM Industries Incorporated Common Stock,Diversified Commercial Services,65,49.06999969482422,-3.023713093745206,67,67,B
ABNB,Airbnb Inc. Class A Common Stock,Diversified Commercial Services,65,167.64999389648438,-11.994753860113194,85,73,B
ABOS,Acumen Pharmaceuticals Inc. Common Stock,Biotechnology: Biological Products (No Diagnostic Substances),51,2.859999895095825,-15.13353138819612,87,7,B+
ABR,Arbor Realty Trust Common Stock,Real Estate Investment Trusts,57,4.809999942779541,-55.968144184463306,19,39,C-
ABSI,Absci Corporation Common Stock,Biotechnology: Commercial Physical & Biological Resarch,7,8.239999771118164,-29.08778096152531,98,7,B+
ABT,Abbott Laboratories Common Stock,Biotechnology: Pharmaceutical Preparations,62,103.36000061035156,-22.596224495369466,45,67,B-
ABTC,American Bitcoin Corp. Class A Common Stock,Finance: Consumer Services,114,8.029999732971191,-93.96467527336513,7,17,D
ABTS,Abits Group Inc Ordinary Shares,Finance: Consumer Services,114,1.4229999780654907,-86.14410988667713,15,,A
ABUS,Arbutus Biopharma Corporation Common Stock,Biotechnology: Pharmaceutical Preparations,62,5.119999885559082,-1.91570706229659,73,65,A-
ABVC,ABVC BioPharma Inc. Common Stock,Biotechnology: Pharmaceutical Preparations,62,0.9760000109672546,-70.33434582724001,13,7,B
ABVX,Abivax SA American Depositary Shares,Biotechnology: Pharmaceutical Preparations,62,115.94999694824219,-20.20507955656159,69,17,B-
ABX,Abacus Global Management Inc. Class A Common Stock,Investment Managers,46,9.529999732971191,-20.583335558573403,72,88,C+
ACA,Arcosa Inc. Common Stock,Metal Fabrications,47,145.25,-0.27462678561364084,84,76,C+
ACAD,ACADIA Pharmaceuticals Inc. Common Stock,Biotechnology: Pharmaceutical Preparations,62,27.739999771118164,-9.257441779383468,76,55,B
ACB,Aurora Cannabis Inc. Common Shares,Medicinal Chemicals and Botanical Products,129,3.7300000190734863,-40.128410792072444,43,22,A-
ACCL,Acco Group Holdings Limited Class A Ordinary Shares,Professional Services,41,2.6700000762939453,-40.79822747689931,84,,A+
ACCO,Acco Brands Corporation Common Stock,Publishing,78,4.199999809265137,-4.977381521071667,71,55,C+
ACCS,ACCESS Newswire Inc. Common Stock,Professional Services,41,5.019999980926514,-54.36363653703169,16,44,E
ACDC,ProFrac Holding Corp. Class A Common Stock,Oilfield Services/Equipment,15,5.190000057220459,-35.607943089074,46,7,B
ACEL,Accel Entertainment Inc.,Services-Misc. Amusement & Recreation,89,11.529999732971191,-14.019389528954573,44,86,D+
ACET,Adicet Bio Inc. Common Stock,Biotechnology: Pharmaceutical Preparations,62,9.529999732971191,-42.72836488864476,70,7,B
ACFN,Acorn Energy Inc. Common Stock,Military/Government/Technical,98,20.969999313354492,-31.425770550449716,70,7,A-
ACGL,Arch Capital Group Ltd. Common Stock,Property-Casualty Insurers,29,96.19999694824219,-9.65440090589743,56,87,D+
ACH,Accendra Health Inc. Common Stock,Medical Specialities,15,1.0800000429153442,-80.54054043604737,6,30,E-
ACHC,Acadia Healthcare Company Inc. Common Stock,Medical Specialities,15,28.530000686645508,-19.882055047333957,87,42,C-
ACHR,Archer Aviation Inc. Class A Common Stock,Aerospace,116,5.449999809265137,-60.04399067384849,29,7,A-
ACHV,Achieve Life Sciences Inc. Common Shares,Biotechnology: In Vitro & In Vivo Diagnostic Substances,119,7.28000020980835,-14.654156650570481,94,7,C+
ACI,Albertsons Companies Inc. Class A Common Stock,Food Chains,106,11.699999809265137,-38.2047588274138,20,51,E
ACIC,American Coastal Insurance Corporation Common Stock,Property-Casualty Insurers,29,9.350000381469727,-23.712367154735368,31,67,D-
ACIU,AC Immune SA Common Stock,Biotechnology: Pharmaceutical Preparations,62,2.690000057220459,-32.58145236112969,66,34,A-
ACIW,ACI Worldwide Inc. Common Stock,Computer Software: Prepackaged Software,103,51.970001220703125,-13.642404524492092,71,78,D+
ACLS,Axcelis Technologies Inc. Common Stock,Industrial Machinery/Components,93,113.30000305175781,-40.866388599932876,59,65,D-
ACM,AECOM Common Stock,Military/Government/Technical,98,62.88999938964844,-52.661262673684384,20,40,E+
ACMR,ACM Research Inc. Class A Common Stock,Industrial Machinery/Components,93,72.38999938964844,-42.95058732930064,93,70,E+
ACN,Accenture plc Class A Ordinary Shares (Ireland),Business Services,78,177.91000366210938,-37.07073665198579,32,74,C
ACNB,ACNB Corporation Common Stock,Major Banks,12,65.0199966430664,-1.4101597395154486,85,89,B-
ACNT,Ascent Industries Co. Common Stock,Major Chemicals,65,14.779999732971191,-16.87289560077242,63,30,D
ACOG,Alpha Cognition Inc. Common Stock,,,8.899999618530273,-9.183679129470534,87,7,B
ACON,Aclarion Inc. Common Stock,Medical Specialities,15,2.5399999618530273,-73.78740895928343,14,7,B
ACR,ACRES Commercial Realty Corp. Common Stock,Real Estate Investment Trusts,57,13.65999984741211,-43.17803940436139,17,33,E+
ACRE,Ares Commercial Real Estate Corporation Common Stock,Real Estate Investment Trusts,57,4.369999885559082,-18.32662402690104,38,46,B-
ACRS,Aclaris Therapeutics Inc. Common Stock,Biotechnology: Pharmaceutical Preparations,62,5.505000114440918,-15.761281668263184,95,7,B-
ACRV,Acrivon Therapeutics Inc. Common Stock,Biotechnology: Pharmaceutical Preparations,62,2.0399999618530273,-32.2259146738715,80,7,A-
ACT,Enact Holdings Inc. Common Stock,Specialty Insurers,48,49.5,-0.5992330221778919,79,76,B-
ACTG,Acacia Research Corporation (Acacia Tech) Common Stock,Multi-Sector Companies,41,4.570000171661377,-11.43410258135249,64,65,C-
ACTU,Actuate Therapeutics Inc. Common stock,Biotechnology: Pharmaceutical Preparations,62,1.149999976158142,-85.7849202167163,7,17,A+
ACU,Acme United Corporation. Common Stock,Industrial Machinery/Components,93,61.349998474121094,-3.870262037784755,91,51,B+
ACVA,ACV Auctions Inc. Class A Common Stock,Business Services,78,7.21999979019165,-30.77660998141295,61,55,D
ACXP,Acurx Pharmaceuticals Inc. Common Stock,Biotechnology: Pharmaceutical Preparations,62,1.399999976158142,-82.71605049104807,10,7,B+
AD,Array Digital Infrastructure Inc. Common Shares,Telecommunications Equipment,103,38.04999923706055,-13.623585921617654,53,92,C
ADAG,Adagene Inc. American Depositary Shares,Biotechnology: Pharmaceutical Preparations,62,3.309999942779541,-30.753142311844105,73,1,B
ADAM,Adamas Trust Inc. Common Stock,Real Estate Investment Trusts,57,9.149999618530273,-10.557184477351022,78,52,C-
ADBE,Adobe Inc. Common Stock,Computer Software: Prepackaged Software,103,248.8300018310547,-32.283783917337274,33,90,D
ADC,Agree Realty Corporation Common Stock,Real Estate Investment Trusts,57,71.48999786376953,-11.246450932892227,43,72,D
ADCT,ADC Therapeutics SA Common Shares,Biotechnology: Pharmaceutical Preparations,62,1.1100000143051147,-77.25409860093245,12,7,B+
ADEA,Adeia Inc. Common Stock,Cable & Other Pay Television Services,81,26.709999084472656,-20.27689337177696,86,70,C+
ADGM,Adagio Medical Holdings Inc Common Stock,Medical/Dental Instruments,98,0.5799999833106995,-75.42372842829515,14,17,A+
ADI,Analog Devices Inc. Common Stock,Semiconductors,41,361.25,-18.660628019406655,70,91,D-
ADIL,Adial Pharmaceuticals Inc Common Stock,Biotechnology: Pharmaceutical Preparations,62,6.0,-42.85714285714286,97,7,A
ADM,Archer-Daniels-Midland Company Common Stock,Packaged Foods,109,86.91000366210938,0.0,82,69,B-
ADMA,ADMA Biologics Inc Common Stock,Biotechnology: Biological Products (No Diagnostic Substances),51,9.390000343322754,-53.92541349364047,22,92,B-
ADNT,Adient plc Ordinary Shares,Auto Parts:O.E.M.,68,18.860000610351562,-30.380212240235526,32,47,D
ADP,Automatic Data Processing Inc. Common Stock,EDP Services,126,267.3299865722656,-7.808252610849342,66,79,B-
ADPT,Adaptive Biotechnologies Corporation Common Stock,Biotechnology: Biological Products (No Diagnostic Substances),51,24.229999542236328,-8.358551237450108,94,7,B+
ADSE,ADS-TEC ENERGY PLC Ordinary Shares,Industrial Specialties,68,11.3100004196167,-12.189438516106465,51,,B+
ADSK,Autodesk Inc. Common Stock,Computer Software: Prepackaged Software,103,211.61000061035156,-34.861167840862926,26,94,D-
ADT,ADT Inc. Common Stock,Diversified Commercial Services,65,7.010000228881836,-18.27189369468175,46,82,C-
ADTN,ADTRAN Holdings Inc. Common Stock,Telecommunications Equipment,103,7.179999828338623,-62.989690878753876,14,70,E
ADUR,Aduro Clean Technologies Inc. Common Stock,Major Chemicals,65,12.970000267028809,-25.41690211473311,41,26,D-
ADUS,Addus HomeCare Corporation Common Stock,Medical/Nursing Services,48,118.5199966430664,-3.446031248011072,71,88,B-
ADV,Advantage Solutions Inc. Class A Common Stock,Business Services,78,32.630001068115234,-33.408161085479115,67,7,D
ADVB,Advanced Biomed Inc. Common Stock,Medical Specialities,15,8.850000381469727,-53.37196736082234,95,36,A+
ADXN,Addex Therapeutics Ltd American Depositary Shares,Biotechnology: Pharmaceutical Preparations,62,3.390000104904175,-69.0410943931178,9,,A+
AEBI,Aebi Schmidt Holding AG Common Stock,Auto Manufacturing,138,11.989999771118164,-22.87678020117976,44,68,C-
AEC,Anfield Energy Inc. Common Shares,Metal Mining,57,4.110000133514404,-62.224263876070715,30,,B
AEE,Ameren Corporation Common Stock,Power Generation,77,104.94999694824219,-10.670610422857196,51,69,D+
AEG,Aegon Ltd. New York Registry Shares,Life Insurance,10,9.050000190734863,-2.4422105872303423,78,7,C
AEHL,Antelope Enterprise Holdings Limited Class A Ordinary Shares,Telecommunications Equipment,103,7.630000114440918,-98.16445336583902,3,,A+
AEHR,Aehr Test Systems Common Stock,Electrical Products,20,93.80999755859375,-35.57448172146721,98,65,A-
AEI,Alset Inc. Common Stock (TX),Real Estate,71,1.1399999856948853,-73.30210794409592,15,26,A+
AEIS,Advanced Energy Industries Inc. Common Stock,Industrial Machinery/Components,93,273.739990234375,-29.59248878708175,68,90,D-
AEM,Agnico Eagle Mines Limited Common Stock,Precious Metals,18,196.67999267578125,-21.645490771736863,74,98,B+
AEMD,Aethlon Medical Inc. Common Stock,Medical/Dental Instruments,98,1.559999942779541,-96.10000014305115,2,7,A+
AENT,Alliance Entertainment Holding Corporation Class A Common Stock,Durable Goods,129,5.510000228881836,-34.63819656686309,34,88,E-
AEO,American Eagle Outfitters Inc. Common Stock,Clothing/Shoe/Accessory Stores,122,14.529999732971191,-47.47862526301522,24,85,E-
AEON,AEON Biopharma Inc. Class A Common Stock,Biotechnology: Pharmaceutical Preparations,62,0.28999999165534973,-79.28571452899855,6,1,A+
AEP,American Electric Power Company Inc. Common Stock,Electric Utilities: Central,71,123.47000122070312,-10.296323567478606,53,61,D+
AER,AerCap Holdings N.V. Ordinary Shares,Diversified Commercial Services,65,140.42999267578125,-9.29707852509123,57,96,D
AERO,Grupo Aeromexico S.A.B. de C.V. American Depositary Shares (each representing ten (10) Common Shares),Air Freight/Delivery Services,65,15.199999809265137,-33.65342684198178,33,41,D-
AERT,Aeries Technology Inc. Class A Ordinary Share,Professional Services,41,6.78000020980835,-8.870965622797067,95,,B+
AES,The AES Corporation Common Stock,Electric Utilities: Central,71,14.800000190734863,-12.255881157284875,61,76,C-
AESI,Atlas Energy Solutions Inc. Common Stock,Mining & Quarrying of Nonmetallic Minerals (No Fuels),98,13.869999885559082,-29.77215247818187,61,7,D+
AEVA,Aeva Technologies Inc. Common Stock,Auto Parts:O.E.M.,68,14.970000267028809,-48.890406967884914,28,7,D-
AEYE,AudioEye Inc. Common Stock,Computer Software: Prepackaged Software,103,7.5,-51.20364309796357,37,81,A-
AFCG,Advanced Flower Capital Inc. Common Stock,Real Estate,71,3.390000104904175,-21.665715403304443,60,44,B+
AFG,American Financial Group Inc. Common Stock,Property-Casualty Insurers,29,141.64999389648438,-3.462142696771886,62,80,C
AFJK,Aimei Health Technology Co. Ltd Ordinary Share,,,12.600000381469727,-85.76271143336754,22,33,E
AFL,AFLAC Incorporated Common Stock,Accident &Health Insurance,4,114.47000122070312,-11.195287112004248,54,64,D
AFRI,Forafric Global PLC Ordinary Shares,Packaged Foods,109,11.210000038146973,-0.7964615138828401,72,,A-
AFRM,Affirm Holdings Inc. Class A Common Stock,Finance: Consumer Services,114,67.98999786376953,-26.242137514994145,57,94,E+
AFYA,Afya Limited Class A Common Shares,Other Consumer Services,132,13.569999694824219,-14.438839920711544,40,65,E
AG,First Majestic Silver Corp. Ordinary Shares (Canada),Precious Metals,18,20.149999618530273,-36.943581460783136,88,89,B
AGBK,AGI Inc Class A Common Shares,Commercial Banks,7,6.769999980926514,-43.58333349227905,24,55,D
AGCC,Agencia Comercial Spirits Ltd Class A Ordinary Shares,Beverages (Production/Distribution),119,13.640000343322754,-43.0717827023533,73,,D
AGCO,AGCO Corporation Common Stock,Industrial Machinery/Components,93,121.93000030517578,-12.725174231725733,66,64,B+
AGEN,Agenus Inc. Common Stock,Biotechnology: Biological Products (No Diagnostic Substances),51,6.889999866485596,-17.583730269863608,97,7,A
AGI,Alamos Gold Inc. Class A Common Shares,Precious Metals,18,35.66999816894531,-35.33172220682283,47,97,B
AGIG,Abundia Global Impact Group Inc. Common stock,Oil & Gas Production,11,1.1799999475479126,-84.39153496720704,17,,B+
AGIO,Agios Pharmaceuticals Inc. Common Stock,Biotechnology: Pharmaceutical Preparations,62,33.63999938964844,-26.049685318933925,68,7,C-
AGL,agilon health inc. Common Stock,Misc Health and Biotechnology Services,21,92.5999984741211,-28.68145326102566,99,53,C-
AGM,Federal Agricultural Mortgage Corporation Common Stock,Finance Companies,68,224.60000610351562,-7.090261851645863,83,86,B-
AGMB,AgomAb Therapeutics NV American Depositary Shares,Biotechnology: Biological Products (No Diagnostic Substances),51,13.9399995803833,-21.773289455037737,67,,A
AGMH,AGM Group Holdings Inc. Class A Ordinary Shares,EDP Services,126,0.878000020980835,-91.5087039842926,13,,B
AGNC,AGNC Investment Corp. Common Stock,Real Estate Investment Trusts,57,10.1899995803833,-8.854645914222958,57,33,D-
AGNT,AGNT Inc. Common Stock,Real Estate,71,3.75,-67.29053903197911,12,39,E+
AGO,Assured Guaranty Ltd. Common Stock,Property-Casualty Insurers,29,73.06999969482422,-19.576582245051732,35,67,D-
AGPU,Axe Compute Inc. Common Stock,Industrial Specialties,68,10.5600004196167,-41.33333100212945,98,,A
AGRO,Adecoagro S.A. Common Shares,Farming/Seeds/Milling,91,12.329999923706055,-18.774705692845007,83,89,A-
AGRZ,Agroz Inc. Class A Ordinary Shares,Farming/Seeds/Milling,91,0.2370000034570694,-96.19582660142085,9,,A+
AGX,Argan Inc. Common Stock,Engineering & Construction,71,396.3299865722656,-50.32810297776478,56,95,E-
AGYS,Agilysys Inc. Common Stock (DE),EDP Services,126,105.47000122070312,-25.262184757645613,65,77,B
AHCO,AdaptHealth Corp. Common Stock,Medical/Nursing Services,48,5.849999904632568,-56.278027992550506,13,30,E-
AHG,Akso Health Group ADS,Business Services,78,0.7300000190734863,-70.79999923706055,9,31,E-
AHMA,Ambitions Enterprise Management Co. L.L.C Class A Ordinary Shares,Services-Misc. Amusement & Recreation,89,1.7699999809265137,-95.23039624948757,15,,A+
AHR,American Healthcare REIT Inc. Common Stock,Real Estate Investment Trusts,57,54.060001373291016,-6.340955942494563,70,69,C-
AHRT,AH Realty Trust Inc. Common Stock,Real Estate,71,6.329999923706055,-11.838439066219998,47,7,D+
AHT,Ashford Hospitality Trust Inc Common Stock,Real Estate Investment Trusts,57,3.140000104904175,-49.43639153597924,35,34,B-
AI,C3.ai Inc. Class A Common Stock,Computer Software: Prepackaged Software,103,10.470000267028809,-46.74465743494398,32,7,B
AIAI,AIAI Holdings Corporation Class A Common Stock,EDP Services,126,3.2699999809265137,-82.04283280983367,3,,A+
AIB,AIB Data Centers Inc. Common Stock,Investment Bankers/Brokers/Service,51,1.3700000047683716,-62.04986026095145,13,,B+
AIBZ,Bitzero Holdings Inc. Common Shares,Services-Misc. Amusement & Recreation,89,4.489999771118164,-52.48677394981534,10,26,E
AIDX,20/20 Biolabs Inc. Common Stock,Precision Instruments,123,0.5400000214576721,-97.73584900284855,5,,A
AIFA,All In FutureTech Alliance Inc. Common Stock,Services-Misc. Amusement & Recreation,89,3.0999999046325684,-65.09009161394877,83,7,A+
AIFC,AI Financial Corporation Common Stock,Investment Bankers/Brokers/Service,51,0.5099999904632568,-87.79904278929216,9,94,A-
AIFF,Firefly Neuroscience Inc. Common Stock,Computer Software: Prepackaged Software,103,1.0700000524520874,-64.91803051867298,13,,E
AIFU,AIFU Inc. Class A Ordinary Share,Specialty Insurers,48,12.40999984741211,-90.59848496408173,3,42,D
AIG,American International Group Inc. New Common Stock,Property-Casualty Insurers,29,75.02999877929688,-12.25994304672371,46,82,C-
AII,American Integrity Insurance Group Inc. Common Stock,Property-Casualty Insurers,29,25.40999984741211,-4.581296852430583,90,60,A-
AIIO,Robo.ai Inc. Class B Ordinary Shares,Auto Manufacturing,138,1.7899999618530273,-96.58396963792264,8,,B
AIIR,Air Global PLC Ordinary Shares,Tobacco,,7.679999828338623,-48.80000114440918,31,,C-
AIM,AIM ImmunoTech Inc. Common Stock,Biotechnology: Biological Products (No Diagnostic Substances),51,0.23000000417232513,-91.76631823584508,5,7,E-
AIMD,Ainos Inc. Common Stock,Computer peripheral equipment,55,1.4299999475479126,-66.35294241063735,18,26,A+
AIN,Albany International Corporation Common Stock,Textiles,38,59.900001525878906,-21.08517554227467,51,64,D-
AIOS,AIOS Tech Inc. Class A Common Shares,Metal Fabrications,47,12.699999809265137,-85.19813594691364,13,,D
AIOT,PowerFleet Inc. Common Stock,Telecommunications Equipment,103,2.950000047683716,-47.787610656812376,19,76,E-
AIP,Arteris Inc. Common Stock,Semiconductors,41,22.40999984741211,-53.879399512167815,85,7,E+
AIR,AAR Corp. Common Stock,Aerospace,116,124.47000122070312,-19.022837951984894,84,95,C-
AIRE,reAlpha Tech Corp. Common Stock,Real Estate,71,1.4900000095367432,-95.88965514610554,7,26,A+
AIRG,Airgain Inc. Common Stock,Radio And Television Broadcasting And Communications Equipment,81,5.369999885559082,-27.334235689061646,65,34,D
AIRI,Air Industries Group Common Stock,Military/Government/Technical,98,2.619999885559082,-25.98870300022171,28,7,B
AIRJ,AirJoule Technologies Corporation Class A Common Stock,Industrial Machinery/Components,93,4.260000228881836,-35.35659893408446,70,26,C
AIRO,AIRO Group Holdings Inc. Common Stock,Aerospace,116,6.940000057220459,-65.64356537078385,18,17,B
AIRS,AirSculpt Technologies Inc. Common Stock,Medical/Nursing Services,48,2.4000000953674316,-79.39914013773841,15,30,E
AIRT,Air T Inc. Common Stock,Air Freight/Delivery Services,65,29.200000762939453,-14.769403988596885,85,42,A
AISP,Airship AI Holdings Inc. Class A Common Stock,Computer Software: Prepackaged Software,103,2.009999990463257,-71.20343861073425,14,7,E
AIT,Applied Industrial Technologies Inc. Common Stock,Industrial Specialties,68,318.5799865722656,-11.982324678016166,68,83,D-
AIV,Apartment Investment and Management Company Common Stock,Real Estate Investment Trusts,57,2.440000057220459,-22.123791043640374,28,98,E+
AIXC,AIxCrypto Holdings Inc. Common Stock,Finance: Consumer Services,114,0.7400000095367432,-87.68718833020044,10,7,A+
AIXI,XIAO-I Corporation American Depositary Shares,Computer Software: Prepackaged Software,103,3.0999999046325684,-92.05128229581393,6,,A+
AIZ,Assurant Inc. Common Stock,Property-Casualty Insurers,29,280.9700012207031,-6.543007122944822,78,92,C+
AJG,Arthur J. Gallagher & Co. Common Stock,Specialty Insurers,48,243.30999755859375,-20.712282334446186,56,83,C
AKA,a.k.a. Brands Holding Corp. Common Stock,Catalog/Specialty Distribution,98,10.920000076293945,-26.711407007599053,66,7,B-
AKAM,Akamai Technologies Inc. Common Stock,Business Services,78,107.12999725341797,-33.51743970510406,57,67,D+
AKAN,Akanda Corp. Common Shares,Medicinal Chemicals and Botanical Products,129,3.0,-97.20754721268875,4,,E-
AKBA,Akebia Therapeutics Inc. Common Stock,Biotechnology: Pharmaceutical Preparations,62,0.9470000267028809,-70.12618284192533,21,1,B
AKO-A,Embotelladora Andina S.A.,,,24.350000381469727,-5.573959137465323,70,60,B+
AKO-B,Embotelladora Andina S.A.,,,29.110000610351562,-9.125993735645777,69,68,B+
AKR,Acadia Realty Trust Common Stock,Real Estate Investment Trusts,57,19.920000076293945,-12.32394067641871,46,48,D-
AKTS,Aktis Oncology Inc. Common stock,Biotechnology: Pharmaceutical Preparations,62,23.940000534057617,-25.721374886508908,74,,C+
AKTX,Akari Therapeutics plc ADS,Biotechnology: Pharmaceutical Preparations,62,10.880000114440918,-75.71428504525397,20,,A-
ALAB,Astera Labs Inc. Common Stock,Semiconductors,41,284.5299987792969,-41.09353541241473,88,98,D
ALAR,Alarum Technologies Ltd. American Depositary Share,Computer Software: Prepackaged Software,103,1.7799999713897705,-89.31572636438969,3,47,E+
ALB,Albemarle Corporation Common Stock,Major Chemicals,65,122.11000061035156,-43.2233961069017,49,87,D+
ALC,Alcon Inc. Ordinary Shares,Ophthalmic Goods,114,66.55000305175781,-23.289940607767846,35,85,D+
ALCO,Alico Inc. Common Stock,Farming/Seeds/Milling,91,39.689998626708984,-10.620930767761806,55,53,B-
ALDF,Aldel Financial II Inc. Class A Ordinary Shares,,,10.805000305175781,0.0,52,59,C+
ALDX,Aldeyra Therapeutics Inc. Common Stock,Biotechnology: Pharmaceutical Preparations,62,1.4600000381469727,-74.5644582514929,10,7,D-
ALEC,Alector Inc. Common Stock,Biotechnology: Biological Products (No Diagnostic Substances),51,2.140000104904175,-35.5421642188427,80,7,A
ALG,Alamo Group Inc. Common Stock,Industrial Machinery/Components,93,167.27999877929688,-23.122274919271412,47,69,C+
ALGM,Allegro MicroSystems Inc. Common Stock,Semiconductors,41,35.27000045776367,-49.33927166572075,47,84,E+
ALGN,Align Technology Inc. Common Stock,Industrial Specialties,68,150.72000122070312,-23.68993700949821,38,75,D-
ALGS,Aligos Therapeutics Inc. Common Stock,Biotechnology: Biological Products (No Diagnostic Substances),51,5.329999923706055,-59.909741307862994,21,7,A-
ALGT,Allegiant Travel Company Common Stock,Air Freight/Delivery Services,65,76.06999969482422,-36.16146579641887,47,90,D
ALH,Alliance Laundry Holdings Inc. Common Stock,Industrial Machinery/Components,93,21.139999389648438,-24.526957454822018,34,,E
ALHC,Alignment Healthcare Inc. Common Stock,Medical Specialities,15,12.760000228881836,-48.045600544184595,16,92,E
ALIT,Alight Inc. Class A Common Stock,Business Services,78,12.050000190734863,-83.73695696674258,12,42,E+
ALK,Alaska Air Group Inc. Common Stock,Air Freight/Delivery Services,65,40.11000061035156,-37.190729365809275,31,7,D-
ALKS,Alkermes plc Ordinary Shares,Biotechnology: Pharmaceutical Preparations,62,46.11000061035156,-16.497646521123276,89,75,D+
ALKT,Alkami Technology Inc. Common Stock,Computer Software: Prepackaged Software,103,19.059999465942383,-28.156807491012703,55,92,B-
ALL,Allstate Corporation (The) Common Stock,Property-Casualty Insurers,29,251.7899932861328,-8.095697872032803,76,85,D+
ALLE,Allegion plc Ordinary Shares,Diversified Commercial Services,65,151.27000427246094,-15.186886244476018,56,73,C+
ALLO,Allogene Therapeutics Inc. Common Stock,Biotechnology: Biological Products (No Diagnostic Substances),51,1.7599999904632568,-42.483659366850624,60,7,D+
ALLR,Allarity Therapeutics Inc. Common Stock,Biotechnology: Pharmaceutical Preparations,62,1.25,-32.79569944159421,32,7,E
ALLT,Allot Ltd. Ordinary Shares,Computer Communications Equipment,57,7.46999979019165,-35.04348008529,42,91,B-
ALLY,Ally Financial Inc. Common Stock,Major Banks,12,42.16999816894531,-10.131257681384742,56,59,D+
ALM,Almonty Industries Inc. Common Shares,Other Metals and Minerals,133,16.56999969482422,-29.248507084350493,95,37,A-
ALMR,Alamar Biosciences Inc. Common Stock,Biotechnology: Laboratory Analytical Instruments,31,27.770000457763672,-24.063438092688905,82,,B+
ALMS,Alumis Inc. Common Stock,Biotechnology: Pharmaceutical Preparations,62,9.899999618530273,-67.32673310954615,36,7,E-
ALMU,Aeluma Inc. Common Stock,Semiconductors,41,13.239999771118164,-57.954906740705795,19,17,E+
ALNT,Allient Inc. Common Stock,Electrical Products,20,94.18000030517578,-17.558051953203947,91,78,D+
ALNY,Alnylam Pharmaceuticals Inc. Common Stock,Biotechnology: Pharmaceutical Preparations,62,247.50999450683594,-49.61320917475616,19,96,D
ALOV,Aldabra 4 Liquidity Opportunity Vehicle Inc. Class A Ordinary Shares,,,9.979999542236328,-0.2000045776367143,49,,D
ALOY,REalloys Inc. Common Stock,Metal Mining,57,8.789999961853027,-66.03554773224862,28,,D+
ALP,Alpha Compute Corp Ordinary Shares,Finance: Consumer Services,114,3.7100000381469727,-65.9944996330408,99,7,E-
ALPS,ALPS Group Inc Ordinary Share,Medical/Nursing Services,48,0.38499999046325684,-84.96093753637979,7,,D
ALRM,Alarm.com Holdings Inc. Common Stock,Computer Software: Prepackaged Software,103,55.16999816894531,-4.218750641577795,65,86,B-
ALRS,Alerus Financial Corporation Common Stock,Major Banks,12,32.93000030517578,-3.4876865883982866,86,72,C+
ALSN,Allison Transmission Holdings Inc. Common Stock,Auto Parts:O.E.M.,68,127.54000091552734,-5.7759225344539145,79,82,C+
ALT,Altimmune Inc. Common Stock,Biotechnology: Pharmaceutical Preparations,62,3.2899999618530273,-46.7637531838333,42,7,A-
ALTG,Alta Equipment Group Inc. Class A Common Stock,Industrial Machinery/Components,93,5.730000019073486,-30.963856778343455,35,7,D-
ALTI,AlTi Global Inc. Class A Common Stock,Investment Managers,46,3.25,-37.37957679829853,37,95,E
ALTO,Alto Ingredients Inc. Common Stock,Major Chemicals,65,3.9600000381469727,-33.889813197643036,91,44,E+
ALV,Autoliv Inc. Common Stock,Auto Parts:O.E.M.,68,121.16999816894531,-7.332584774204632,53,61,D
ALVO,Alvotech Ordinary Shares,Biotechnology: Biological Products (No Diagnostic Substances),51,5.239999771118164,-41.648106478486255,65,7,A-
ALX,Alexander's Inc. Common Stock,Real Estate Investment Trusts,57,253.3000030517578,-10.00187691839276,60,,D+
ALXO,ALX Oncology Holdings Inc. Common Stock,Biotechnology: Pharmaceutical Preparations,62,1.899999976158142,-26.92307515962583,84,7,A-
ALZN,Alzamend Neuro Inc. Common Stock,Biotechnology: Pharmaceutical Preparations,62,1.7000000476837158,-35.114499162622955,54,7,B+
AM,Antero Midstream Corporation Common Stock,Natural Gas Distribution,33,22.270000457763672,-3.6575796247298342,66,68,C-
AMAL,Amalgamated Financial Corp. Common Stock (DE),Major Banks,12,48.52000045776367,-5.011748789199599,87,82,C
AMAT,Applied Materials Inc. Common Stock,Semiconductors,41,454.010009765625,-37.13755428789318,92,82,E+
AMBA,Ambarella Inc. Ordinary Shares,Semiconductors,41,67.87000274658203,-28.939376789275105,51,58,A-
AMBO,Ambow Education Holding Ltd. American Depository Shares (each representing twenty (20) Class A Ordinary Shares),Other Consumer Services,132,2.078000068664551,-63.860868371051296,22,79,E-
AMBP,Ardagh Metal Packaging S.A. Ordinary Shares,Containers/Packaging,91,4.809999942779541,-8.391636906416045,83,65,B
AMBQ,Ambiq Micro Inc. Common Stock,Semiconductors,41,60.65999984741211,-32.95756233770778,90,,C-
AMBR,Amber International Holding Limited American Depositary Shares,Finance: Consumer Services,114,1.0099999904632568,-76.83486331342976,10,,E-
AMC,AMC Entertainment Holdings Inc. Class A Common Stock,Movies/Entertainment,6,2.359999895095825,-25.0793706779065,79,1,B+
AMCI,AMC Robotics Corporation Common Stock,Home Furnishings,26,3.180000066757202,-85.67567586724648,9,,E-
AMCR,Amcor plc Ordinary Shares,Miscellaneous manufacturing industries,140,43.0,-11.17762344618647,64,73,D
AMCX,AMC Global Media Inc. Class A Common Stock,Cable & Other Pay Television Services,81,12.069999694824219,-6.070044073853131,87,31,B+
AMD,Advanced Micro Devices Inc. Common Stock,Semiconductors,41,503.6000061035156,-13.308424818828302,97,94,C+
AME,AMETEK Inc.,Industrial Machinery/Components,93,234.24000549316406,-9.391917280030427,66,87,D+
AMG,Affiliated Managers Group Inc. Common Stock,Investment Managers,46,354.5299987792969,-7.5323194439922965,79,93,D
AMGN,Amgen Inc. Common Stock,Biotechnology: Biological Products (No Diagnostic Substances),51,382.4700012207031,-13.881382188211798,73,71,E+
AMH,American Homes 4 Rent Common Shares of Beneficial Interest,Real Estate Investment Trusts,57,31.559999465942383,-9.336402697881796,49,85,D
AMIX,Autonomix Medical Inc. Common Stock,Medical/Dental Instruments,98,4.385000228881836,-83.42781413225725,7,26,A+
AMKR,Amkor Technology Inc. Common Stock,Semiconductors,41,49.529998779296875,-46.957618849894715,68,88,E+
AMLX,Amylyx Pharmaceuticals Inc. Common Stock,Biotechnology: Pharmaceutical Preparations,62,32.09000015258789,-19.087240857158438,98,7,A
AMN,AMN Healthcare Services Inc,Professional Services,41,33.04999923706055,-9.699451871755294,91,81,D+
AMOD,Alpha Modus Holdings Inc. Class A Common Stock,Multi-Sector Companies,41,2.0899999141693115,-95.94961244966412,2,,A
AMP,Ameriprise Financial Inc. Common Stock,Investment Managers,46,553.530029296875,-3.005180416172326,75,93,C+
AMPG,Amplitech Group Inc. Common Stock,Telecommunications Equipment,103,3.450000047683716,-64.43298849976901,26,7,E+
AMPH,Amphastar Pharmaceuticals Inc. Common Stock,Biotechnology: Pharmaceutical Preparations,62,23.540000915527344,-19.931968636181484,57,69,B
AMPL,Amplitude Inc. Class A Common Stock,Computer Software: Prepackaged Software,103,12.460000038146973,-12.867133762557902,91,36,A-
AMPX,Amprius Technologies Inc. Common Stock,Industrial Machinery/Components,93,9.550000190734863,-58.315145114182,21,7,E+
AMPY,Amplify Energy Corp. Common Stock,Oil & Gas Production,11,4.960000038146973,-25.188537669199874,58,31,A
AMR,Alpha Metallurgical Resources Inc. Common Stock,Coal Mining,31,217.72999572753906,-12.785899839509195,79,7,A-
AMRC,Ameresco Inc. Class A Common Stock,Engineering & Construction,71,22.790000915527344,-47.281977430369416,29,32,D
AMRN,Amarin Corporation plc,Biotechnology: Pharmaceutical Preparations,62,14.039999961853027,-30.666666855046778,37,55,B
AMRX,Amneal Pharmaceuticals Inc. Class A Common Stock,Biotechnology: Pharmaceutical Preparations,62,16.8700008392334,-11.675390040304967,85,76,C
AMRZ,Amrize Ltd Ordinary Shares,Building Materials,86,40.439998626708984,-37.837639896202,22,53,E
AMS,American Shared Hospital Services Common Stock,Medical Specialities,15,1.4700000286102295,-51.644735294200686,25,7,B-
AMSC,American Superconductor Corporation Common Stock,Metal Fabrications,47,28.65999984741211,-57.018596706293835,24,95,E+
AMSF,AMERISAFE Inc. Common Stock,Property-Casualty Insurers,29,24.65999984741211,-41.713606906578605,19,51,E
AMSS,AMASS Brands Inc. Common Stock,Beverages (Production/Distribution),119,0.7200000286102295,-93.65638762633243,2,,A
AMST,Amesite Inc. Common Stock,Computer Software: Prepackaged Software,103,1.0299999713897705,-73.38501287213937,13,26,B+
AMT,American Tower Corporation (REIT) Common Stock,Real Estate Investment Trusts,57,172.97999572753906,-10.039560187716468,38,87,D+
AMTB,Amerant Bancorp Inc. Class A Common Stock,Major Banks,12,29.260000228881836,-4.020616776491758,87,73,B+
AMTD,AMTD IDEA Group American Depositary Shares each representing six (6) Class A Ordinary Shares,Finance: Consumer Services,114,0.7580000162124634,-43.00751941699667,20,,B+
AMTM,Amentum Holdings Inc. Common Stock,Business Services,78,19.559999465942383,-47.88169437209654,24,89,E
AMTX,Aemetis Inc. (DE) Common Stock,Major Chemicals,65,2.0299999713897705,-44.53552120808124,67,7,A-
AMWL,American Well Corporation Class A Common Stock,Business Services,78,12.789999961853027,-5.817378249568006,97,7,A
AMZE,Amaze Holdings Inc. Common Stock,Catalog/Specialty Distribution,98,0.16899999976158142,-99.3876811687472,2,26,A
AMZN,Amazon.com Inc. Common Stock,Catalog/Specialty Distribution,98,251.88999938964844,-11.312580405204088,62,98,B
AN,AutoNation Inc. Common Stock,Retail-Auto Dealers and Gas Stations,86,207.22000122070312,-9.896510535551128,52,71,C
ANAB,AnaptysBio Inc. Common Stock,Biotechnology: Pharmaceutical Preparations,62,55.15999984741211,-20.985529613986063,96,53,D
ANDE,Andersons Inc. (The) Common Stock,Farming/Seeds/Milling,91,71.87999725341797,-11.11661331499587,80,95,B-
ANDG,Andersen Group Inc. Class A Common Stock,Business Services,78,53.189998626708984,-7.41514722307639,97,42,A
ANET,Arista Networks Inc. Common Stock,Computer Communications Equipment,57,188.99000549316406,-10.218524706335364,85,98,B
ANF,Abercrombie & Fitch Company Common Stock,Clothing/Shoe/Accessory Stores,122,142.92999267578125,-6.0165761737944745,93,66,A
ANGH,Anghami Inc. Ordinary Shares,Telecommunications Equipment,103,3.259999990463257,-44.74576376663202,45,,E+
ANGI,Angi Inc. Class A Common Stock,Advertising,116,4.650000095367432,-74.3093922797484,11,7,D+
ANGO,AngioDynamics Inc. Common Stock,Medical/Dental Instruments,98,15.239999771118164,-5.517665442991504,82,30,B
ANGX,Angel Studios Inc. Class A Common Stock,Movies/Entertainment,6,5.380000114440918,-66.37499928474426,84,26,A
ANIK,Anika Therapeutics Inc. Common Stock,Medical/Dental Instruments,98,20.989999771118164,-4.720839233372276,96,92,B+
ANIP,ANI Pharmaceuticals Inc.,Biotechnology: Pharmaceutical Preparations,62,71.45999908447266,-27.67938381731333,30,89,D-
ANIX,Anixa Biosciences Inc. Common Stock,Biotechnology: Pharmaceutical Preparations,62,2.75,-47.318005545378874,39,7,D
ANL,Adlai Nortye Group Ltd. American Depositary Shares,Biotechnology: Pharmaceutical Preparations,62,15.09000015258789,-9.096386711938997,99,,A-
ANNA,AleAnna Inc. Class A Common Stock,Oil & Gas Production,11,3.4700000286102295,-66.11328021317601,41,99,A-
ANNX,Annexon Inc. Common Stock,Biotechnology: Pharmaceutical Preparations,62,4.139999866485596,-40.51724362363901,56,7,E+
ANPA,Rich Sparkle Holdings Limited Ordinary Shares,Other Consumer Services,132,2.7699999809265137,-98.24561404038606,5,,A+
ANRO,Alto Neuroscience Inc. Common Stock,Biotechnology: Pharmaceutical Preparations,62,31.68000030517578,-13.537115630722308,99,7,A-
ANTA,Antalpha Platform Holding Company Class A Ordinary Shares,Investment Bankers/Brokers/Service,51,3.890000104904175,-71.29151254504,9,94,A
ANTX,AN2 Therapeutics Inc. Common Stock,Biotechnology: Pharmaceutical Preparations,62,5.690000057220459,-9.394906574468031,99,7,B+
ANVS,Annovis Bio Inc. Common Stock,Biotechnology: Pharmaceutical Preparations,62,1.190000057220459,-76.66666510837527,10,7,E-
ANY,Sphere 3D Corp. Common Shares,Finance: Consumer Services,114,2.5399999618530273,-75.80952417282832,29,7,A
AOMR,Angel Oak Mortgage REIT Inc. Common Stock,Real Estate,71,8.100000381469727,-8.99813656237759,48,39,D+
AON,Aon plc Class A Ordinary Shares (Ireland),Specialty Insurers,48,307.7699890136719,-19.09155564326982,35,70,E+
AORT,Artivion Inc. Common Stock,Medical/Dental Instruments,98,24.649999618530273,-48.24690517374012,28,55,C
AOS,A.O. Smith Corporation Common Stock,Consumer Electronics/Appliances,93,56.709999084472656,-28.69668709940352,34,66,D
AOSL,Alpha and Omega Semiconductor Limited Common Shares,Semiconductors,41,24.809999465942383,-53.46961813964397,33,7,E
AOUT,American Outdoor Brands Inc. Common Stock,Recreational Games/Products/Toys,93,15.029999732971191,0.0,95,35,A+
AP,Ampco-Pittsburgh Corporation Common Stock,Fluid Controls,29,8.239999771118164,-32.459017213587174,94,51,D
APA,APA Corporation Common Stock,Oil & Gas Production,11,44.529998779296875,-0.6913500718913945,92,93,B+
APAC,StoneBridge Acquisition II Corporation Class A Ordinary Shares,Blank Checks,57,10.25,-0.09746811558235535,52,99,C-
APAM,Artisan Partners Asset Management Inc. Class A Common Stock,Investment Managers,46,39.70000076293945,-9.028411278217307,62,67,C
APC,ARKO Petroleum Corp. Class A Common Stock,Oil Refining/Marketing,126,18.739999771118164,-10.751003092734901,54,61,C
APD,Air Products and Chemicals Inc. Common Stock,Major Chemicals,65,293.6499938964844,-6.5374481636322646,64,82,C+
APEI,American Public Education Inc. Common Stock,Other Consumer Services,132,44.86000061035156,-26.289845283502334,56,84,E+
APG,APi Group Corporation Common Stock,Diversified Commercial Services,65,37.380001068115234,-24.331983980743033,39,83,E
APH,Amphenol Corporation Common Stock,Electrical Products,20,80.25,-8.972326830232479,73,98,B-
API,Agora Inc. American Depositary Shares,Computer Software: Prepackaged Software,103,4.039999961853027,-23.193920417150903,47,7,D+
APLD,Applied Digital Corporation Common Stock,EDP Services,126,25.780000686645508,-48.076535963028554,39,97,E+
APLE,Apple Hospitality REIT Inc. Common Shares,Real Estate Investment Trusts,57,15.5600004196167,-7.959861854975248,77,76,D
APLM,Apollomics Inc. Class A Ordinary Shares,Biotechnology: Pharmaceutical Preparations,62,23.860000610351562,-34.897681809088624,97,,D-
APO,Apollo Global Management Inc. (New) Common Stock,Investment Managers,46,127.91000366210938,-15.180820954208807,50,82,C-
APOG,Apogee Enterprises Inc. Common Stock,Auto Parts:O.E.M.,68,37.529998779296875,-22.74809030834133,47,59,C
APP,Applovin Corporation Class A Common Stock,Computer Software: Programming Data Processing,103,314.489990234375,-57.13058878127865,12,96,E
APPF,AppFolio Inc. Class A Common Stock,Computer Software: Prepackaged Software,103,205.75999450683594,-27.849077848612346,55,84,B
APPN,Appian Corporation Class A Common Stock,Computer Software: Prepackaged Software,103,34.06999969482422,-25.350569346081976,77,91,D+
APPS,Digital Turbine Inc. Common Stock,Multi-Sector Companies,41,11.800000190734863,-17.998610776890644,97,73,A-
APRE,Aprea Therapeutics Inc. Common stock,Biotechnology: Pharmaceutical Preparations,62,0.7889999747276306,-52.181819022522824,31,1,A+
APT,Alpha Pro Tech Ltd. Common Stock,Industrial Specialties,68,5.21999979019165,-21.38554374769167,54,90,D+
APTV,Aptiv PLC Ordinary Shares,Auto Parts:O.E.M.,68,45.689998626708984,-48.471862444775724,14,66,E-
APUR,Aperture AC Class A Ordinary Shares,Blank Checks,57,10.029999732971191,-0.5946523162470907,48,,C
APUS,Apimeds Pharmaceuticals US Inc. Common Stock,Biotechnology: Pharmaceutical Preparations,62,2.1700000762939453,-94.42875472711498,2,26,E-
APVO,Aptevo Therapeutics Inc. Common Stock,Biotechnology: Pharmaceutical Preparations,62,1.8300000429153442,-94.86531965697266,4,7,E-
APWC,Asia Pacific Wire & Cable Corporation Ltd. Ordinary Shares (Bermuda),Telecommunications Equipment,103,1.3899999856948853,-37.94642947424127,32,88,A
APXT,Apex Treasury Corporation Class A Ordinary Share,Blank Checks,57,10.145000457763672,-0.049252817285583284,50,,C+
APYX,Apyx Medical Corporation Common Stock,Medical/Dental Instruments,98,2.890000104904175,-40.53497889897518,26,7,E
AQB,AquaBounty Technologies Inc. Common Stock,Meat/Poultry/Fish,112,1.059999942779541,-62.80701830703394,57,7,A+
AQMS,Aqua Metals Inc. Common Stock,Metal Fabrications,47,2.2200000286102295,-92.50506426161301,11,7,E-
AQN,Algonquin Power & Utilities Corp. Common Shares,Electric Utilities: Central,71,5.429999828338623,-20.51122416456943,38,45,D
AQST,Aquestive Therapeutics Inc. Common Stock,Biotechnology: Pharmaceutical Preparations,62,4.989999771118164,-33.37783813612562,61,7,B+
AR,Antero Resources Corporation Common Stock,Oil & Gas Production,11,39.16999816894531,-13.244746743820146,62,80,B-
ARAI,Arrive AI Inc. Common Stock,Diversified Commercial Services,65,0.23000000417232513,-96.34920639350811,4,26,E
ARAY,Accuray Incorporated Common Stock,Medical/Dental Instruments,98,0.23999999463558197,-87.02702748418463,9,7,B-
ARBB,ARB IOT Group Limited Ordinary Shares,EDP Services,126,4.619999885559082,-61.500000953674316,28,,A+
ARBE,Arbe Robotics Ltd. Ordinary Shares,EDP Services,126,0.7590000033378601,-71.78438709320606,22,7,A+
ARBK,Argo Blockchain plc American Depositary Shares,Finance: Consumer Services,114,2.8949999809265137,-98.35750270341914,10,,C+
ARCB,ArcBest Corporation Common Stock,Trucking Freight/Courier Services,24,134.97000122070312,-22.012552554321196,88,55,D-
ARCC,Ares Capital Corporation Common Stock,Finance: Consumer Services,114,19.68000030517578,-3.173270311114651,55,64,C
ARCI,Archimedes Tech SPAC Partners III Co. Ordinary Share,,,10.100000381469727,-0.6882959124787646,51,,C-
ARCL,ARC Group Acquisition I Corp Class A Ordinary Shares,Blank Checks,57,10.010000228881836,0.0,48,,C
ARCLU,ARC Group Acquisition I Corp Unit,Blank Checks,57,10.220000267028809,-2.6666641235351562,47,,D+
ARCO,Arcos Dorados Holdings Inc. Class A Shares,Restaurants,81,8.0600004196167,-14.457541946712904,58,84,C+
ARCT,Arcturus Therapeutics Holdings Inc. Common Stock,Biotechnology: Pharmaceutical Preparations,62,13.979999542236328,-39.63730727831396,95,7,A+
ARDT,Ardent Health Inc. Common Stock,Hospital/Nursing Management,23,10.899999618530273,-28.336623332065326,67,66,B-
ARDX,Ardelyx Inc. Common Stock,Biotechnology: Pharmaceutical Preparations,62,3.619999885559082,-54.693366842831836,13,7,E-
ARE,Alexandria Real Estate Equities Inc. Common Stock,Real Estate Investment Trusts,57,49.560001373291016,-39.87529447176126,39,35,C+
AREC,American Resources Corporation Class A Common Stock,Coal Mining,31,2.190000057220459,-67.34345451696109,37,7,B+
ARES,Ares Management Corporation Class A Common Stock,Investment Managers,46,130.6300048828125,-26.666715207355118,45,87,C+
ARGX,argenx SE American Depositary Shares,Biotechnology: Biological Products (No Diagnostic Substances),51,984.0399780273438,-7.0696047465049645,75,91,B
ARHS,Arhaus Inc. Class A Common Stock,Other Specialty Stores,121,7.940000057220459,-29.81121928790582,49,45,B
ARI,Apollo Commercial Real Estate Finance Inc,Real Estate Investment Trusts,57,6.679999828338623,-7.582448457942226,47,30,D+
ARIS,Aris Mining Corporation Common Shares,,,19.40999984741211,-14.417991242343275,90,98,B+
ARKO,ARKO Corp. Common Stock,Food Chains,106,4.46999979019165,-47.93154066116714,21,32,E
ARKR,Ark Restaurants Corp. Common Stock,Restaurants,81,4.96999979019165,-38.26087363436507,21,33,E
ARL,American Realty Investors Inc. Common Stock,Real Estate,71,15.75,-32.80716876641823,48,30,B-
ARLO,Arlo Technologies Inc. Common Stock,Diversified Commercial Services,65,13.0,-33.12757385358685,38,99,D-
ARM,Arm Holdings plc American Depositary Shares,Semiconductors,41,254.17999267578125,-42.16083429251973,91,81,C-
ARMK,Aramark Common Stock,Restaurants,81,56.7599983215332,-8.843076682543916,85,96,C+
ARMP,Armata Pharmaceuticals Inc. Common Stock,Biotechnology: Biological Products (No Diagnostic Substances),51,5.230000019073486,-64.66216248870332,35,7,B-
AROC,Archrock Inc. Common Stock,Natural Gas Distribution,33,32.36000061035156,-22.352031437844587,61,72,D-
AROW,Arrow Financial Corporation Common Stock,Major Banks,12,39.06999969482422,-7.356666710386406,74,76,C+
ARQ,Arq Inc. Common Stock,Major Chemicals,65,2.2300000190734863,-69.86486499548133,22,52,B-
ARQQ,Arqit Quantum Inc. Ordinary Shares,Computer Software: Prepackaged Software,103,20.579999923706055,-64.6816547759885,74,,A-
ARQT,Arcutis Biotherapeutics Inc. Common Stock,Biotechnology: Pharmaceutical Preparations,62,23.3799991607666,-25.064107086374644,48,65,D
ARR,ARMOUR Residential REIT Inc.,Real Estate Investment Trusts,57,15.829999923706055,-8.72291938705022,53,32,D
ARRY,Array Technologies Inc. Common Stock,Semiconductors,41,4.550000190734863,-61.956520265698764,14,44,E
ARTL,Artelo Biosciences Inc. Common Stock,Biotechnology: Pharmaceutical Preparations,62,5.630000114440918,-96.45978736234899,4,7,E
ARTNA,Artesian Resources Corporation Class A Common Stock,Water Supply,28,35.900001525878906,-2.153167430905789,67,69,C+
ARTV,Artiva Biotherapeutics Inc. Common Stock,Biotechnology: Biological Products (No Diagnostic Substances),51,10.420000076293945,-22.180733314991063,98,7,B
ARTW,Art's-Way Manufacturing Co. Inc. Common Stock,Industrial Machinery/Components,93,3.0299999713897705,-8.734938785669522,72,78,A+
ARVN,Arvinas Inc. Common Stock,Biotechnology: Pharmaceutical Preparations,62,8.710000038146973,-37.02096828491569,44,65,B+
ARW,Arrow Electronics Inc. Common Stock,Electronic Components,2,213.44000244140625,-9.108716613236323,89,92,D+
ARWR,Arrowhead Pharmaceuticals Inc. Common Stock,Biotechnology: Pharmaceutical Preparations,62,82.76000213623047,-7.623612546986481,93,7,C
ARX,Accelerant Holdings Class A Common Shares,Specialty Insurers,48,19.84000015258789,-0.20120226291382437,89,17,A+
ARXS,Arxis Inc. Class A Common Stock,Military/Government/Technical,98,51.97999954223633,-13.352228558289292,85,,B+
AS,Amer Sports Inc. Ordinary Shares,Apparel,109,27.40999984741211,-34.67588073052363,23,83,E-
ASA,ASA  Gold and Precious Metals Limited,Precious Metals,18,60.83000183105469,-25.122384660903375,69,,C-
ASAN,Asana Inc. Class A Common Stock,Computer Software: Prepackaged Software,103,8.5600004196167,-43.64713195468898,38,90,D-
ASB,Associated Banc-Corp Common Stock,Major Banks,12,30.34000015258789,-5.413664902375714,70,75,C-
ASBP,Aspire-Lakewood Holdings Inc. Common Stock,Biotechnology: Pharmaceutical Preparations,62,9.119999885559082,-49.557522544006424,99,,E-
ASC,Ardmore Shipping Corporation Common Stock,Marine Transportation,3,18.459999084472656,0.0,88,99,B
ASH,Ashland Inc. Common Stock,Specialty Chemicals,133,70.69999694824219,-6.988534247804545,78,46,B
ASIC,Ategrity Specialty Insurance Company Holdings Common Stock,Property-Casualty Insurers,29,27.149999618530273,-0.9124087718268781,86,92,B
ASIX,AdvanSix Inc. Common Stock,Major Chemicals,65,16.84000015258789,-34.54969888002941,34,22,E+
ASLE,AerSale Corporation Common Stock,Industrial Specialties,68,5.369999885559082,-39.11564544939471,25,38,E+
ASM,Avino Silver & Gold Mines Ltd. Common Shares (Canada),Metal Mining,57,7.119999885559082,-36.65480399871237,84,97,B
ASMB,Assembly Biosciences Inc. Common Stock,Biotechnology: Pharmaceutical Preparations,62,30.459999084472656,-20.883119261109982,74,37,B+
ASML,ASML Holding N.V. New York Registry Shares,Industrial Machinery/Components,93,1687.4300537109375,-15.07095346759445,87,87,D
ASND,Ascendis Pharma A/S Ordinary Share,Biotechnology: Pharmaceutical Preparations,62,261.2300109863281,-5.75437697918908,79,53,B
ASO,Academy Sports and Outdoors Inc. Common Stock,Other Specialty Stores,121,54.21500015258789,-10.878371344900895,59,57,A-
ASPI,ASP Isotopes Inc. Common Stock,Major Chemicals,65,3.5899999141693115,-74.44839953428112,12,26,E
ASPN,Aspen Aerogels Inc. Common Stock,RETAIL: Building Materials,126,4.760000228881836,-46.031741569389,60,7,A-
ASPS,Altisource Portfolio Solutions S.A. Common Stock,Other Consumer Services,132,5.849999904632568,-58.03443270640534,23,1,E
ASR,Grupo Aeroportuario del Sureste S.A. de C.V. Common Stock,Aerospace,116,251.16000366210938,-32.857782694463346,27,77,D-
ASRV,AmeriServ Financial Inc. Common Stock,Major Banks,12,4.949999809265137,-5.534350658781506,91,82,B+
ASST,Strive Inc. Class A Common Stock,Finance: Consumer Services,114,26.899999618530273,-84.90460152682083,94,26,A+
ASTC,Astrotech Corporation (DE) Common Stock,Biotechnology: Laboratory Analytical Instruments,31,7.210000038146973,-85.5220880550107,87,7,A
ASTE,Astec Industries Inc. Common Stock,Construction/Ag Equipment/Trucks,4,41.720001220703125,-35.47851035456635,30,45,E
ASTH,Astrana Health Inc. Common Stock,Professional Services,41,38.029998779296875,-23.64987405985253,84,90,C+
ASTI,Ascent Solar Technologies Inc. Common Stock,Semiconductors,41,2.825000047683716,-68.68071059517308,31,7,D
ASTL,Algoma Steel Group Inc. Common Shares,Steel/Iron Ore,39,4.300000190734863,-25.86206811503482,42,1,A-
ASTS,AST SpaceMobile Inc. Class A Common Stock,Telecommunications Equipment,103,59.90999984741211,-54.98534713660085,34,7,D+
ASUR,Asure Software Inc Common Stock,EDP Services,126,8.390000343322754,-17.09485733003794,43,91,C+
ASX,ASE Technology Holding Co. Ltd. American Depositary Shares (each representing Two Common Shares),Semiconductors,41,39.86000061035156,-10.769113054004997,97,93,C-
ASYS,Amtech Systems Inc. Common Stock,Industrial Machinery/Components,93,15.0600004196167,-37.22384091996697,80,94,E
ATAI,AtaiBeckley Inc. Common Stock,Biotechnology: Pharmaceutical Preparations,62,7.349999904632568,-1.2096794609637973,96,7,A-
ATAT,Atour Lifestyle Holdings Limited American Depositary Shares,Hotels/Resorts,86,32.849998474121094,-22.173744787817228,34,90,D
ATCH,AtlasClear Holdings Inc. Common Stock,Finance: Consumer Services,114,0.18199999630451202,-88.76543235995025,24,36,A
ATCX,Atlas Critical Minerals Corporation Common Stock,Precious Metals,18,3.1700000762939453,-74.35274947939489,11,,C-
ATEC,Alphatec Holdings Inc. Common Stock,Medical/Dental Instruments,98,8.84000015258789,-61.0229275412729,22,95,D+
ATEN,A10 Networks Inc. Common Stock,Computer Communications Equipment,57,24.389999389648438,-35.86060475709721,63,81,E+
ATER,Aterian Inc. Common Stock,Home Furnishings,26,0.8569999933242798,-38.34532358675885,40,7,A+
ATEX,Anterix Inc. Common Stock,Telecommunications Equipment,103,82.79000091552734,-23.48782448634761,98,65,D+
ATGL,Alpha Technology Group Limited Class A Ordinary Shares,EDP Services,126,6.0,-82.31392738412963,6,,A+
ATHE,Alterity Therapeutics Limited American Depositary Shares,Biotechnology: Pharmaceutical Preparations,62,4.110000133514404,-30.22070922445147,54,,A-
ATHM,Autohome Inc. American Depositary Shares each representing four class A ordinary shares.,EDP Services,126,21.670000076293945,-24.979853886199223,62,51,B-
ATHR,Aether Holdings Inc. Common Stock,Computer Software: Prepackaged Software,103,3.1600000858306885,-51.38461406414325,26,26,E
ATI,ATI Inc. Common Stock,Steel/Iron Ore,39,199.0,-14.14272109411404,94,99,D
ATII,Archimedes Tech SPAC Partners II Co. Ordinary Shares,,,10.649999618530273,-6.414767034881597,48,33,C-
ATIIU,Archimedes Tech SPAC Partners II Co. Unit,Blank Checks,57,11.506999969482422,-28.74922451218229,55,,D
ATKR,Atkore Inc. Common Stock,Industrial Machinery/Components,93,94.16000366210938,-0.053068063739658555,90,48,A
ATLC,Atlanticus Holdings Corporation Common Stock,Finance: Consumer Services,114,93.36000061035156,-16.486269035011613,86,98,D-
ATLO,Ames National Corporation Common Stock,Major Banks,12,32.34000015258789,-0.30825671502575647,84,83,C+
ATLX,Atlas Lithium Corporation Common Stock,Mining & Quarrying of Nonmetallic Minerals (No Fuels),98,3.0999999046325684,-58.38926195974828,20,7,E+
ATMU,Atmus Filtration Technologies Inc. Common Stock,Auto Parts:O.E.M.,68,45.40999984741211,-30.583493696278417,36,78,D-
ATNI,ATN International Inc. Common Stock,Telecommunications Equipment,103,30.649999618530273,-4.546873136310737,89,33,B
ATNM,Actinium Pharmaceuticals Inc. (Delaware) Common Stock,Biotechnology: Pharmaceutical Preparations,62,1.309999942779541,-22.48521311093348,59,65,A
ATO,Atmos Energy Corporation Common Stock,Oil/Gas Transmission,37,164.80999755859375,-13.28644807216477,44,70,D+
ATOM,Atomera Incorporated Common Stock,Semiconductors,41,4.070000171661377,-66.39140968581904,39,7,E
ATOS,Atossa Therapeutics Inc. Common Stock,Biotechnology: Pharmaceutical Preparations,62,2.3399999141693115,-86.77966207171673,7,7,E+
ATPC,Agape ATP Corporation Common Stock,Medical/Nursing Services,48,2.369999885559082,-96.56521755716075,8,37,A+
ATR,AptarGroup Inc. Common Stock,Plastic Products,17,123.05000305175781,-14.924001656323437,48,61,D+
ATRA,Atara Biotherapeutics Inc. Common Stock,Biotechnology: Biological Products (No Diagnostic Substances),51,9.890000343322754,-45.328909563840305,50,7,C-
ATRC,AtriCure Inc. Common Stock,Medical/Dental Instruments,98,52.959999084472656,-1.433092247020007,95,97,A-
ATRO,Astronics Corporation Common Stock,Military/Government/Technical,98,73.48999786376953,-21.35901523413384,92,87,C+
ATS,ATS Corporation Common Shares,Industrial Machinery/Components,93,19.030000686645508,-46.21254914603292,18,71,E
ATTT,Atlas Trinity Tech Limited Ordinary Shares,Consumer Electronics/Appliances,93,2.9600000381469727,-67.5438588235737,38,,A+
ATXG,Addentax Group Corp. Common Stock,Professional Services,41,3.440000057220459,-79.33933852231455,15,37,D-
ATYR,aTyr Pharma Inc. Common Stock,Biotechnology: Biological Products (No Diagnostic Substances),51,0.4320000112056732,-92.8358209589614,12,7,D+
AU,AngloGold Ashanti PLC Ordinary Shares,Precious Metals,18,103.87999725341797,-16.11901256974163,87,97,B+
AUB,Atlantic Union Bankshares Corporation Common Stock,Major Banks,12,39.619998931884766,-7.885571459790208,66,74,C-
AUBN,Auburn National Bancorporation Inc. Common Stock,Major Banks,12,26.829999923706055,-6.143864575815938,62,42,B
AUC,ATIF Holdings Limited Ordinary Shares,Professional Services,41,7.269999980926514,-33.728351832615125,63,,C-
AUDC,AudioCodes Ltd. Common Stock,Telecommunications Equipment,103,9.029999732971191,-11.643840537820049,51,49,D
AUGO,Aura Minerals Inc. Common Shares,Metal Mining,57,86.01000213623047,-19.6351056234738,96,97,A-
AUID,authID Inc. Common Stock,Computer Software: Prepackaged Software,103,0.35899999737739563,-89.85875702694992,4,17,E-
AUNA,Auna SA Class A Ordinary Shares,Medical/Nursing Services,48,5.179999828338623,-23.485969823744224,48,77,C+
AUPH,Aurinia Pharmaceuticals Inc Ordinary Shares,Biotechnology: Pharmaceutical Preparations,62,16.110000610351562,-13.48012951531733,62,88,B
AUR,Aurora Innovation Inc. Class A Common Stock,EDP Services,126,6.329999923706055,-24.64285462891963,75,7,C
AURA,Aura Biosciences Inc. Common Stock,Biotechnology: Biological Products (No Diagnostic Substances),51,6.989999771118164,-21.460673362675074,68,7,D
AURE,Aurelion Inc. Class A Ordinary Shares,Finance: Consumer Services,114,1.399999976158142,-88.03418804289643,9,36,A
AUST,Austin Gold Corp. Common Shares,Precious Metals,18,1.1699999570846558,-58.80281716744784,24,26,B+
AUTL,Autolus Therapeutics plc American Depositary Share,Biotechnology: Biological Products (No Diagnostic Substances),51,1.9600000381469727,-22.834643008534638,85,7,A
AUUD,Auddia Inc. Common Stock,EDP Services,126,0.9800000190734863,-94.84000002811976,6,7,A+
AVA,Avista Corporation Common Stock,Power Generation,77,37.130001068115234,-11.37166934901922,42,74,D-
AVAH,Aveanna Healthcare Holdings Inc. Common Stock,Medical/Nursing Services,48,13.859999656677246,-1.1412324954513386,96,79,A
AVAT,Avalanche Treasury Corporation Class A Common Stock,Finance: Consumer Services,114,0.9509999752044678,-91.0451978770958,3,,A
AVAV,AeroVironment Inc. Common Stock,Aerospace,116,147.07000732421875,-64.1143859300579,19,77,B+
AVBC,Avidia Bancorp Inc. Common Stock,Banks,14,21.75,-2.6845654193687785,76,57,C+
AVBH,Avidbank Holdings Inc. Common stock,Commercial Banks,7,31.56999969482422,-5.789312813729264,65,68,C
AVBP,ArriVent BioPharma Inc. Common Stock,Biotechnology: Pharmaceutical Preparations,62,28.700000762939453,-17.38630001066227,67,7,C-
AVD,American Vanguard Corporation Common Stock ($0.10 Par Value),Agricultural Chemicals,125,2.2300000190734863,-61.61789946581927,13,7,D+
AVEX,AEVEX Corp. Class A Common Stock,Aerospace,116,15.90999984741211,-60.696640248694145,16,,E+
AVGO,Broadcom Inc. Common Stock,Semiconductors,41,360.8299865722656,-24.953578674047616,46,97,D-
AVIR,Atea Pharmaceuticals Inc. Common Stock,Biotechnology: Pharmaceutical Preparations,62,5.179999828338623,-15.772361820928648,83,7,C-
AVLN,Avalyn Pharma Inc. Common Stock,Biotechnology: Pharmaceutical Preparations,62,34.66999816894531,-11.66879447402468,74,,B+
AVNT,Avient Corporation Common Stock,Major Chemicals,65,41.720001220703125,-9.969786181856023,79,69,B
AVNW,Aviat Networks Inc. Common Stock,Radio And Television Broadcasting And Communications Equipment,81,19.81999969482422,-25.878833715504467,40,35,C+
AVO,Mission Produce Inc. Common Stock,Farming/Seeds/Milling,91,13.239999771118164,-13.689702480970656,62,43,B
AVPT,AvePoint Inc. Class A Common Stock,Computer Software: Prepackaged Software,103,12.779999732971191,-20.57178612943844,58,79,B-
AVR,Anteris Technologies Global Corp. Common Stock,Industrial Specialties,68,8.300000190734863,-21.475871046627372,84,17,D
AVT,Avnet Inc. Common Stock,Electronic Components,2,92.97000122070312,-5.359728534198371,91,93,B-
AVTR,Avantor Inc. Common Stock,Biotechnology: Laboratory Analytical Instruments,31,14.880000114440918,-4.615386214246842,91,52,A-
AVTX,Avalo Therapeutics Inc. Common Stock,Biotechnology: Pharmaceutical Preparations,62,17.18000030517578,-24.879756559940493,75,7,C
AVX,Avax One Technology Ltd. Common Shares,Finance: Consumer Services,114,3.744999885559082,-94.5535198237206,8,17,A
AVXL,Anavex Life Sciences Corp. Common Stock,Biotechnology: Biological Products (No Diagnostic Substances),51,2.6600000858306885,-73.29317193129677,19,7,B+
AVY,Avery Dennison Corporation Common Stock,Containers/Packaging,91,168.77000427246094,-13.048751218420795,53,77,D-
AWI,Armstrong World Industries Inc Common Stock,Plastic Products,17,162.72999572753906,-19.497885405406056,42,75,B
AWK,American Water Works Company Inc. Common Stock,Water Supply,28,139.83999633789062,-1.2205274703291469,61,59,C+
AWR,American States Water Company Common Stock,Water Supply,28,87.47000122070312,-3.9846293240599184,73,75,C+
AWRE,Aware Inc. Common Stock,Computer Software: Prepackaged Software,103,1.2200000286102295,-58.50340119504472,19,7,D+
AWX,Avalon Holdings Corporation Common Stock,Environmental Services,81,2.6500000953674316,-47.52475256873584,55,71,A
AX,Axos Financial Inc. Common Stock,Savings Institutions,9,93.72000122070312,-10.827780607646798,59,87,C-
AXG,Solowin Holdings Class A Ordinary Share,Investment Bankers/Brokers/Service,51,2.180000066757202,-53.518122811086165,16,,E+
AXGN,Axogen Inc. Common Stock,Biotechnology: Electromedical & Electrotherapeutic Apparatus,57,41.849998474121094,-19.09917099467292,90,81,E
AXIL,AXIL Brands Inc. Common Stock,Package Goods/Cosmetics,55,6.010000228881836,-30.840040056518102,58,48,A
AXON,Axon Enterprise Inc. Common Stock,Ordnance And Accessories,35,478.8500061035156,-38.41791255186179,36,74,D
AXP,American Express Company Common Stock,Finance: Consumer Services,114,320.7099914550781,-15.996467847322881,47,82,D
AXR,AMREP Corporation Common Stock,Homebuilding,93,22.969999313354492,-19.091229985267933,46,,E+
AXS,Axis Capital Holdings Limited Common Stock,Property-Casualty Insurers,29,98.88999938964844,-17.087279137273903,48,79,D-
AXSM,Axsome Therapeutics Inc. Common Stock,Biotechnology: Pharmaceutical Preparations,62,211.11500549316406,-17.264957868053486,78,7,C-
AXTA,Axalta Coating Systems Ltd. Common Shares,Paints/Coatings,71,34.02000045776367,-10.919084364745002,66,69,D
AXTI,AXT Inc Common Stock,Semiconductors,41,64.69999694824219,-54.05808697932213,99,40,B
AYA,Aya Gold & Silver Inc. Common Shares,Precious Metals,18,28.420000076293945,-4.918030590069488,97,97,A-
AYI,Acuity Inc. Common Stock,Building Products,48,316.25,-15.9889551314375,56,78,C
AYTU,Aytu BioPharma Inc.  Common Stock,Biotechnology: Pharmaceutical Preparations,62,2.049999952316284,-29.310348796504158,32,7,D+
AZ,A2Z Cust2Mate Solutions Corp. Common Shares,Industrial Machinery/Components,93,5.730000019073486,-34.96027529902451,37,7,D+
AZI,Autozi Internet Technology (Global) Ltd. Class A Ordinary Shares,Automotive Aftermarket,136,1.2200000286102295,-98.94827583740498,4,,A+
AZIO,Azio AI Holdings Inc. Common Stock,Auto Parts:O.E.M.,68,1.1799999475479126,-71.07843211732065,21,,A
AZN,AstraZeneca PLC Ordinary Shares,Biotechnology: Pharmaceutical Preparations,62,159.63999938964844,-23.478092644008385,34,84,E
AZO,AutoZone Inc. Common Stock,Auto & Home Supply Stores,107,2881.469970703125,-33.82837349398942,26,66,D
AZTA,Azenta Inc.,Industrial Machinery/Components,93,30.18000030517578,-26.408189367496004,73,31,D
AZTR,Azitra Inc Common Stock,Biotechnology: Pharmaceutical Preparations,62,0.18000000715255737,-77.83251079655223,14,1,A
AZUL,Azul S.A. American Depositary Shares each representing two (2) Common Shares,Air Freight/Delivery Services,65,7.059999942779541,-28.179043768315548,24,98,E+
AZZ,AZZ Inc.,Industrial Specialties,68,136.52000427246094,-14.622862834046025,65,82,D
B,Barrick Mining Corporation Common Shares,Precious Metals,18,43.459999084472656,-16.61064448938451,74,96,C+
BA,Boeing Company (The) Common Stock,Aerospace,116,204.8000030517578,-18.778501681885917,41,37,D+
BABA,Alibaba Group Holding Limited American Depositary Shares each representing eight Ordinary share,Business Services,78,108.55999755859375,-42.137418697958786,27,38,D-
BAC,Bank of America Corporation Common Stock,Major Banks,12,62.560001373291016,-2.979185733445111,76,80,C
BAER,Bridger Aerospace Group Holdings Inc. Common Stock,Aerospace,116,1.0399999618530273,-68.19571963549808,11,7,E-
BAFN,BayFirst Financial Corp. Common Stock,Major Banks,12,8.180000305175781,-21.797320503405103,82,17,A
BAH,Booz Allen Hamilton Holding Corporation Common Stock,Professional Services,41,75.68000030517578,-25.517973133688,36,80,B-
BAK,Braskem SA ADR,Major Chemicals,65,2.109999895095825,-57.96812942006437,12,34,E
BALL,Ball Corporation Common Stock,Containers/Packaging,91,59.7400016784668,-10.964983596685407,67,80,C-
BALY,Bally's Corporation Common Stock,Hotels/Resorts,86,9.069999694824219,-53.39157183177223,16,7,E-
BAM,Brookfield Asset Management Inc Class A Limited Voting Shares,Building operators,71,47.2400016784668,-20.09798699713722,46,81,D
BANC,Banc of California Inc. Common Stock,Major Banks,12,18.399999618530273,-15.712323944861806,51,49,D
BAND,Bandwidth Inc. Class A Common Stock,Computer Software: Prepackaged Software,103,51.619998931884766,-34.191742318666684,98,66,B
BANF,BancFirst Corporation Common Stock,Major Banks,12,110.83999633789062,-16.647618654200546,43,80,C
BANL,CBL International Limited Class B Ordinary Shares,Oil Refining/Marketing,126,6.050000190734863,-62.42235995411465,44,,A+
BANR,Banner Corporation Common Stock,Major Banks,12,70.81999969482422,-4.310231521861596,66,78,C
BAOS,Baosheng Media Group Holdings Limited Ordinary shares,Business Services,78,0.3059999942779541,-93.70370399441374,2,,A+
BAP,Credicorp Ltd. Common Stock,Commercial Banks,7,379.44000244140625,-5.675289530855288,81,94,C+
BARK,BARK Inc. Class A Common Stock,Other Specialty Stores,121,9.600000381469727,-48.93616611140499,21,22,C+
BATL,Battalion Oil Corporation Common Stock,Oil & Gas Production,11,1.3700000047683716,-95.05057807202336,22,63,B-
BATRA,Atlanta Braves Holdings Inc. Series A Common Stock,Services-Misc. Amusement & Recreation,89,54.71500015258789,-5.320991026517263,67,17,C-
BATRK,Atlanta Braves Holdings Inc. Series C Common Stock,Services-Misc. Amusement & Recreation,89,49.459999084472656,-7.689441220201864,65,7,C-
BAX,Baxter International Inc. Common Stock,Medical/Dental Instruments,98,24.18000030517578,-14.676090382763086,76,48,B
BB,BlackBerry Limited Common Stock,Computer Software: Prepackaged Software,103,7.539999961853027,-41.13973680823159,92,77,C-
BBAI,BigBear.ai Inc. Common Stock,Computer Software: Prepackaged Software,103,2.819999933242798,-68.35016855738935,13,7,D+
BBAR,Banco BBVA Argentina S.A. ADS,Commercial Banks,7,15.34000015258789,-29.39113315750572,61,45,D
BBCP,Concrete Pumping Holdings Inc. Common Stock,Engineering & Construction,71,10.180000305175781,-15.518671003813822,82,32,A-
BBD,Banco Bradesco Sa American Depositary Shares,Major Banks,12,3.5799999237060547,-12.813599947045773,63,82,B-
BBDC,Barings BDC Inc. Common Stock,Diversified Financial Services,18,8.710000038146973,-5.179798289371618,60,67,B-
BBDO,Banco Bradesco Sa American Depositary Shares (each representing one Common Share),Major Banks,12,3.190000057220459,-12.713641458963698,66,52,C-
BBGI,Beasley Broadcast Group Inc. Class A Common Stock,Broadcasting,98,15.899999618530273,-40.022634925488575,98,35,E+
BBIO,BridgeBio Pharma Inc. Common Stock,Biotechnology: Pharmaceutical Preparations,62,72.5,-19.59631643314249,63,7,B-
BBLG,Bone Biologics Corp Common Stock,Industrial Specialties,68,0.5609999895095825,-79.89247321935501,7,1,E-
BBN,BlackRock Taxable Municipal Bond Trust Common Shares of Beneficial Interest,Finance Companies,68,15.220000267028809,-7.31432871720642,42,,D
BBNX,Beta Bionics Inc. Common Stock,Medical/Dental Instruments,98,16.59000015258789,-48.14004291564267,54,26,B
BBOT,BridgeBio Oncology Therapeutics Inc. Common Stock,Biotechnology: Pharmaceutical Preparations,62,5.519999980926514,-59.79606580505813,13,17,E-
BBSI,Barrett Business Services Inc. Common Stock,Professional Services,41,32.86000061035156,-29.823537486624062,41,35,D
BBT,Beacon Financial Corporation Common stock,Banks,14,31.34000015258789,-3.8945122170912505,70,81,C
BBUC,Brookfield Business Corporation Class A Subordinate Voting Shares,Engineering & Construction,71,26.3799991607666,-29.474453330417948,24,74,E+
BBVA,Banco Bilbao Vizcaya Argentaria S.A. Common Stock,Commercial Banks,7,28.84000015258789,-2.6990528121938473,88,75,B
BBW,Build-A-Bear Workshop Inc. Common Stock,Recreational Games/Products/Toys,93,28.18000030517578,-62.08883872307358,16,64,E-
BBWI,Bath & Body Works Inc.,Other Specialty Stores,121,17.450000762939453,-35.34302172279742,32,43,D
BBY,Best Buy Co. Inc. Common Stock,Consumer Electronics/Video Chains,133,88.08999633789062,-2.414977718228628,80,52,C+
BC,Brunswick Corporation Common Stock,Industrial Machinery/Components,93,69.87999725341797,-20.40989726977591,43,61,E+
BCAL,California BanCorp Common Stock,Major Banks,12,21.81999969482422,-0.3652964616417842,72,56,B-
BCAT,BlackRock Capital Allocation Term Trust Common Shares of Beneficial Interest,Finance/Investors Services,53,14.800000190734863,-7.96019738211654,61,,E-
BCAX,Bicara Therapeutics Inc. Common Stock,Biotechnology: Pharmaceutical Preparations,62,23.100000381469727,-24.013155686392984,84,7,D+
BCBP,BCB Bancorp Inc. (NJ) Common Stock,Savings Institutions,9,8.6899995803833,-24.237145788363957,40,33,E+
BCC,Boise Cascade L.L.C. Common Stock,RETAIL: Building Materials,126,75.05000305175781,-16.826309828982865,54,40,B-
BCDA,BioCardia Inc. Common Stock,Biotechnology: Biological Products (No Diagnostic Substances),51,1.100000023841858,-51.54184876279662,43,7,B+
BCE,BCE Inc. Common Stock,Telecommunications Equipment,103,23.25,-9.840200158268054,43,58,C
BCG,Binah Capital Group Inc. Common Stock,Finance: Consumer Services,114,1.2599999904632568,-59.48552948666792,17,31,A
BCH,Banco De Chile ADS,Commercial Banks,7,41.86000061035156,-4.211053377882701,74,78,C+
BCHT,Birchtech Corp. Common Stock,Industrial Machinery/Components,93,1.3300000429153442,-71.99999909651906,10,,B
BCIC,BCP Investment Corporation Common Stock,Finance: Consumer Services,114,7.090000152587891,-40.96216280518199,26,51,E+
BCML,BayCom Corp Common Stock,Major Banks,12,30.229999542236328,-12.231281700729602,51,38,C
BCO,Brinks Company (The) Common Stock,Integrated Freight & Logistics,141,109.29000091552734,-19.022934965590764,50,77,C
BCPC,Balchem Corporation Common Stock,Major Chemicals,65,166.6699981689453,-9.052710266927233,56,83,C-
BCRX,BioCryst Pharmaceuticals Inc. Common Stock,Biotechnology: Biological Products (No Diagnostic Substances),51,8.289999961853027,-25.382536291343307,51,95,E
BCS,Barclays PLC Common Stock,Commercial Banks,7,26.209999084472656,-7.197520150465819,73,72,D+
BCSF,Bain Capital Specialty Finance Inc. Common Stock,Finance/Investors Services,53,11.399999618530273,-16.72329208173762,34,67,E+
BCSS,Bain Capital GSS Investment Corp. Class A Ordinary Shares,,,10.300000190734863,-0.19379365000743443,50,,C-
BCTX,BriaCell Therapeutics Corp. Common Shares,Biotechnology: Pharmaceutical Preparations,62,3.5999999046325684,-73.89412679774352,26,34,E-
BCX,BlackRock Resources Common Shares of Beneficial Interest,Finance/Investors Services,53,12.920000076293945,-3.220975976694629,74,,C+
BCYC,Bicycle Therapeutics plc American Depositary Shares,Biotechnology: Pharmaceutical Preparations,62,3.8299999237060547,-56.82074438420754,20,7,E
BDC,Belden Inc Common Stock,Telecommunications Equipment,103,115.16000366210938,-23.62538100654542,45,84,C+
BDCI,BTC Development Corp. Class A Ordinary Shares,Blank Checks,57,10.15999984741211,-0.39215649608830283,48,,C-
BDCIU,BTC Development Corp. Unit,Blank Checks,57,10.300000190734863,-1.623687411253416,49,,D
BDJ,Blackrock Enhanced Equity Dividend Trust,Finance Companies,68,9.6899995803833,-2.219982547086108,65,,C-
BDL,Flanigan's Enterprises Inc. Common Stock,Restaurants,81,46.220001220703125,-10.720492926378256,91,56,B+
BDMD,Baird Medical Investment Holdings Ltd Ordinary Share,Medical/Dental Instruments,98,1.0800000429153442,-68.6046504374773,15,,B+
BDN,Brandywine Realty Trust Common Stock,Real Estate Investment Trusts,57,2.9700000286102295,-28.077535791248064,41,7,C
BDRX,Biodexa Pharmaceuticals plc American Depositary Shs,Biotechnology: Pharmaceutical Preparations,62,0.6600000262260437,-98.78899077756688,2,,E-
BDSX,Biodesix Inc. Common Stock,Medical Specialities,15,26.040000915527344,-14.901958853254648,98,7,A
BDTX,Black Diamond Therapeutics Inc. Common Stock,Biotechnology: Biological Products (No Diagnostic Substances),51,1.9600000381469727,-59.75359170009587,30,7,C
BDX,Becton Dickinson and Company Common Stock,Medical/Dental Instruments,98,176.4199981689453,-7.572717011868835,73,54,B-
BE,Bloom Energy Corporation Class A Common Stock,Industrial Machinery/Components,93,258.489990234375,-25.25950970866633,98,96,B+
BEAM,Beam Therapeutics Inc. Common Stock,Biotechnology: Biological Products (No Diagnostic Substances),51,24.3700008392334,-35.73311704642623,38,7,E
BEAT,Heartbeam Inc. Common Stock,Medical/Dental Instruments,98,0.4099999964237213,-88.08139565105112,8,7,E
BEBE,TGE Value Creative Solutions Corp Class A Ordinary Shares,Diversified Commercial Services,65,9.979999542236328,-0.5976137434728135,48,7,C-
BEEM,Beam Global Common Stock,Industrial Machinery/Components,93,1.3799999952316284,-64.43299086266967,37,7,A+
BEEP,Mobile Infrastructure Corporation Common Stock,Real Estate,71,2.8499999046325684,-23.592496245067196,75,26,B+
BEKE,KE Holdings Inc American Depositary Shares (each representing three Class A Ordinary Shares),Real Estate,71,16.690000534057617,-16.50851338908741,45,50,B-
BELFA,Bel Fuse Inc. Class A Common Stock,Electrical Products,20,202.11000061035156,-30.583511266130692,71,96,D
BELFB,Bel Fuse Inc. Class B Common Stock,Electrical Products,20,243.0,-27.017509384004377,77,95,D+
BEN,Franklin Templeton Inc. Common Stock,Investment Managers,46,33.65999984741211,-5.898799506147611,84,84,C+
BENF,Beneficient Class A Common Stock,Finance: Consumer Services,114,1.2120000123977661,-89.83221472617147,5,63,E-
BEPC,Brookfield Renewable Corporation Brookfield Renewable Corporation Class A Subordinate Voting Shares,Electric Utilities: Central,71,30.850000381469727,-28.246799510521726,28,7,E+
BESS,Bimergen Energy Corporation Common Stock,Electric Utilities: Central,71,2.990000009536743,-77.85185178120932,18,,A-
BETA,Beta Technologies Inc. Class A Common Stock,Aerospace,116,19.889999389648438,-45.951087494540985,41,17,D+
BETR,Better Home & Finance Holding Company Class A Common Stock,Finance: Consumer Services,114,13.210000038146973,-84.65202732080253,9,17,E-
BF-A,Brown Forman Corporation,,,26.979999542236328,-10.310089296221603,49,48,C-
BF-B,Brown Forman Corporation,,,26.59000015258789,-11.594359873550575,48,46,B-
BFAM,Bright Horizons Family Solutions Inc. Common Stock,Other Consumer Services,132,64.2699966430664,-43.687025155744806,25,79,D-
BFC,Bank First Corporation Common Stock,Major Banks,12,154.41000366210938,-2.5312426165789548,69,83,C
BFH,Bread Financial Holdings Inc. Common Stock,Business Services,78,106.86000061035156,-5.561775911566091,87,60,C
BFLY,Butterfly Network Inc. Class A Common Stock,Medical Electronics,116,7.119999885559082,-26.59793788079995,98,7,B
BFRG,Bullfrog AI Holdings Inc. Common Stock,Biotechnology: Pharmaceutical Preparations,62,0.4860000014305115,-71.07142758308622,13,,E+
BFRI,Biofrontera Inc. Common Stock,Biotechnology: Pharmaceutical Preparations,62,1.4600000381469727,-9.316768622693639,95,33,B+
BFS,Saul Centers Inc. Common Stock,Real Estate Investment Trusts,57,31.65999984741211,-15.037434501778435,42,48,D-
BFST,Business First Bancshares Inc. Common Stock,Major Banks,12,31.450000762939453,-2.1163913744380314,73,71,C+
BG,Bunge Limited Common Shares,Packaged Foods,109,124.58999633789062,-4.592068940334482,73,66,B-
BGC,BGC Group Inc. Class A Common Stock,Investment Bankers/Brokers/Service,51,12.220000267028809,-3.2243595248253487,78,92,B-
BGDE,Big Digital Energy Inc. Common Stock,Finance: Consumer Services,114,6.210000038146973,-81.51785618999374,84,34,B+
BGIN,Bgin Blockchain Limited Class A Ordinary Shares,Finance: Consumer Services,114,1.8899999856948853,-61.89516187179349,15,,A+
BGL,Blue Gold Limited Class A Ordinary Shares,Metal Mining,57,0.2160000056028366,-98.13148790863107,3,,B+
BGLC,BioNexus Gene Lab Corp Common stock,Medical Specialities,15,1.4800000190734863,-75.3333330154419,12,26,E-
BGM,BGM Group Ltd. Class A Ordinary Shares,Biotechnology: Pharmaceutical Preparations,62,0.2759999930858612,-97.65106388863097,5,,A-
BGMS,Bio Green Med Solution Inc. Common Stock,Biotechnology: Pharmaceutical Preparations,62,0.8500000238418579,-87.44460817966603,17,7,C+
BGS,B&G Foods Inc. Common Stock,Packaged Foods,109,3.2200000286102295,-41.673926299824146,23,50,D-
BGSF,BGSF Inc. Common Stock,Professional Services,41,5.21999979019165,-20.668695277862724,55,7,E+
BGSI,Boyd Group Services Inc. Common Shares,,,81.55000305175781,-55.164038150233154,15,91,E
BH,Biglari Holdings Inc. Class B Common Stock,Restaurants,81,364.0899963378906,-23.658058775707136,71,30,C+
BHB,Bar Harbor Bankshares Inc. Common Stock,Major Banks,12,40.400001525878906,0.0,79,91,B-
BHC,Bausch Health Companies Inc. Common Stock,Biotechnology: Pharmaceutical Preparations,62,6.070000171661377,-23.164555716640667,55,75,A-
BHE,Benchmark Electronics Inc. Common Stock,Electrical Products,20,73.9800033569336,-25.02279849011132,85,90,D-
BHF,Brighthouse Financial Inc. Common Stock,Life Insurance,10,50.84000015258789,-23.675124325570007,29,83,E
BHK,Blackrock Core Bond Trust,Finance Companies,68,8.75,-5.465268554742842,46,,D+
BHM,Bluerock Homes Trust Inc. Class A Common Stock,Real Estate Investment Trusts,57,8.380000114440918,-31.21816114756696,29,26,D+
BHP,BHP Group Limited American Depositary Shares (Each representing two Ordinary Shares),Coal Mining,31,87.3499984741211,-9.558983549793265,85,,C
BHR,Braemar Hotels & Resorts Inc. Common Stock,Real Estate Investment Trusts,57,1.850000023841858,-41.08280375683887,19,34,D-
BHRB,Burke & Herbert Financial Services Corp. Common Stock,Major Banks,12,71.5,-3.481650216803678,67,68,C+
BHST,BioHarvest Sciences Inc. Common Stock,,,1.8700000047683716,-85.21739082087312,8,7,E+
BHV,BlackRock Virginia Municipal Bond Trust,Finance/Investors Services,53,12.390000343322754,-5.813479057260262,65,,C+
BHVN,Biohaven Ltd. Common Shares,Biotechnology: Pharmaceutical Preparations,62,12.789999961853027,-29.376037930433064,67,7,B-
BIAF,bioAffinity Technologies Inc. Common Stock,Biotechnology: Commercial Physical & Biological Resarch,7,9.390000343322754,-94.03809502011254,6,26,A+
BIDU,Baidu Inc. ADS,Computer Software: Programming Data Processing,103,90.58999633789062,-44.25917182107709,21,48,E-
BIIB,Biogen Inc. Common Stock,Biotechnology: Biological Products (No Diagnostic Substances),51,215.42999267578125,-4.044364194565164,76,50,C+
BIII,Black Spade Acquisition III Co Class A Ordinary Shares,Blank Checks,57,10.0600004196167,-0.0992976714056848,49,,B
BILI,Bilibili Inc. American Depositary Shares,EDP Services,126,15.470000267028809,-56.932068330662055,18,88,D
BILL,BILL Holdings Inc. Common Stock,Computer Software: Prepackaged Software,103,47.630001068115234,-15.414668963749811,73,99,B
BIO,Bio-Rad Laboratories Inc. Class A Common Stock,Biotechnology: Laboratory Analytical Instruments,31,368.75,-5.531074586372043,82,51,B
BIO-B,Bio-Rad Laboratories Inc.,,,365.0799865722656,0.0,82,57,B+
BIOA,BioAge Labs Inc. Common Stock,Biotechnology: Pharmaceutical Preparations,62,8.649999618530273,-65.53785064913305,25,7,E
BIOX,Bioceres Crop Solutions Corp. Ordinary Shares,Agricultural Chemicals,125,0.4230000078678131,-79.76076434261779,15,1,A
BIPC,Brookfield Infrastructure Corporation Brookfield Infrastructure Corporation,Marine Transportation,3,36.63999938964844,-25.83145214882827,31,17,D-
BIRD,Smartbird Inc. Class A Common Stock,Apparel,109,2.430000066757202,-83.6447904816733,16,7,A
BIRK,Birkenstock Holding plc Ordinary Shares,Shoe Manufacturing,107,30.690000534057617,-37.32897739630287,19,76,E
BIVI,BioVie Inc. Class A Common Stock,Biotechnology: Pharmaceutical Preparations,62,1.909999966621399,-16.22807058821315,74,7,A+
BIYA,Baiya International Group Inc Class A Ordinary Shares,Diversified Commercial Services,65,2.2699999809265137,-98.6528190024175,2,,A
BJ,BJ's Wholesale Club Holdings Inc. Common Stock,Department/Specialty Retail Stores,45,89.6500015258789,-12.774856401402069,41,68,C
BJDX,Bluejay Diagnostics Inc. Common Stock,Medical/Dental Instruments,98,1.0099999904632568,-92.78571435383388,4,26,A+
BJRI,BJ's Restaurants Inc. Common Stock,Restaurants,81,60.11000061035156,-19.054674277978922,92,56,C
BKD,Brookdale Senior Living Inc. Common Stock,Hospital/Nursing Management,23,12.199999809265137,-27.251046653268595,62,7,E+
BKE,Buckle Inc. (The) Common Stock,Clothing/Shoe/Accessory Stores,122,40.290000915527344,-28.853940092460807,27,66,D-
BKH,Black Hills Corporation Common Stock,Electric Utilities: Central,71,72.27999877929688,-4.118045753275124,61,59,C-
BKKT,Bakkt Inc. Class A Common Stock,Finance: Consumer Services,114,7.929999828338623,-82.39342880296259,31,1,B+
BKNG,Booking Holdings Inc. Common Stock,Transportation Services,113,174.3300018310547,-21.309815270187826,41,79,D-
BKR,Baker Hughes Company Class A Common Stock,Oil and Gas Field Machinery,22,59.400001525878906,-14.141113049063126,63,84,D
BKSY,BlackSky Technology Inc. Class A Common Stock,Radio And Television Broadcasting And Communications Equipment,81,20.75,-59.81018870670831,36,7,E+
BKT,BlackRock Income Trust Inc. (The),Investment Bankers/Brokers/Service,51,10.020000457763672,-6.681788149377255,42,,D+
BKTI,BK Technologies Corporation Common Stock,Radio And Television Broadcasting And Communications Equipment,81,71.30999755859375,-26.44662217301217,39,76,D
BKU,BankUnited Inc. Common Stock,Savings Institutions,9,45.16999816894531,-10.075596668716113,53,57,D-
BKV,BKV Corporation Common Stock,Oil & Gas Production,11,24.959999084472656,-22.38806218004019,42,55,C+
BKYI,BIO-key International Inc. Common Stock,Computer Software: Prepackaged Software,103,2.75,-73.30097136819762,10,7,E-
BL,BlackLine Inc. Common Stock,Computer Software: Prepackaged Software,103,28.75,-51.13037717972042,23,87,C+
BLBD,Blue Bird Corporation Common Stock,Construction/Ag Equipment/Trucks,4,62.04999923706055,-23.865031610968657,56,81,D-
BLCO,Bausch + Lomb Corporation Common Shares,Ophthalmic Goods,114,17.549999237060547,-5.645167327282663,63,70,B-
BLDP,Ballard Power Systems Inc. Common Shares,Industrial Machinery/Components,93,2.2200000286102295,-65.2037619312054,25,7,E
BLDR,Builders FirstSource Inc. Common Stock,RETAIL: Building Materials,126,58.970001220703125,-59.76391771081513,14,40,E
BLFS,BioLife Solutions Inc. Common Stock,Biotechnology: Electromedical & Electrotherapeutic Apparatus,57,34.91999816894531,-6.1794813979706875,90,79,A-
BLIN,Bridgeline Digital Inc. Common Stock,Computer Software: Prepackaged Software,103,0.9100000262260437,-42.03821682650455,27,33,C-
BLIV,BeLive Holdings Ordinary Share,EDP Services,126,2.3499999046325684,-42.44428608266205,28,,A
BLK,BlackRock Inc. Common Stock,Investment Bankers/Brokers/Service,51,1062.4000244140625,-9.769407208842107,56,91,D+
BLKB,Blackbaud Inc. Common Stock,Computer Software: Prepackaged Software,103,44.220001220703125,-36.981612691172494,62,81,B+
BLLN,BillionToOne Inc. Class A Common Stock,Medical Specialities,15,98.51000213623047,-34.31352848276745,57,99,D+
BLMN,Bloomin' Brands Inc. Common Stock,Restaurants,81,8.670000076293945,-26.835444749423488,82,48,C
BLND,Blend Labs Inc. Class A Common Stock,Computer Software: Programming Data Processing,103,1.4199999570846558,-67.2811081299634,15,90,E+
BLNE,Beeline Holdings Inc. Common Stock,Finance: Consumer Services,114,1.0800000429153442,-75.17241226223501,14,7,C+
BLNK,Blink Charging Co. Common Stock,Industrial Machinery/Components,93,0.5379999876022339,-78.48000049591064,16,7,D
BLRX,BioLineRx Ltd. American Depositary Shares,Biotechnology: Pharmaceutical Preparations,62,2.569999933242798,-42.11711936662279,25,1,A-
BLSH,Bullish Ordinary Shares,Finance: Consumer Services,114,33.880001068115234,-51.24478038618637,43,17,A-
BLTE,Belite Bio Inc American Depositary Shares,Biotechnology: Pharmaceutical Preparations,62,175.07000732421875,-9.575948157474235,91,7,B+
BLW,Blackrock Limited Duration Income Trust,Other Consumer Services,132,12.380000114440918,-5.452278217420337,47,,C
BLX,Bladex Inc. Class E Common Stock,Commercial Banks,7,55.630001068115234,-10.321329478741504,68,44,D+
BLZE,Backblaze Inc. Class A Common Stock,Computer Software: Prepackaged Software,103,12.3100004196167,-39.745471190727024,97,96,B
BMA,Banco Macro S.A.  ADR (representing Ten Class B Common Shares),Commercial Banks,7,78.83000183105469,-22.04918102046076,69,85,D
BMBL,Bumble Inc. Class A Common Stock,Computer Software: Programming Data Processing,103,2.9800000190734863,-58.43793602002583,34,65,B-
BMEA,Biomea Fusion Inc. Common Stock,Biotechnology: Pharmaceutical Preparations,62,1.7000000476837158,-36.32958804842522,80,7,A
BMGL,Basel Medical Group Ltd Ordinary Shares,Medical/Nursing Services,48,4.579999923706055,-81.56199719979108,10,,A+
BMHL,Bluemount Holdings Limited Class B Ordinary Shares,Finance: Consumer Services,114,5.807000160217285,-5.730514544462584,86,,A-
BMI,Badger Meter Inc. Common Stock,Industrial Machinery/Components,93,125.01000213623047,-32.69179721444221,28,66,D-
BMM,Blue Moon Metals Inc. Common Shares,,,5.559999942779541,-34.2789607835821,55,26,D-
BMNR,BitMine Immersion Technologies Inc. Common Stock,Finance: Consumer Services,114,24.200000762939453,-61.709731324675374,62,42,A
BMO,Bank Of Montreal Common Stock,Commercial Banks,7,173.69000244140625,-6.522789557308695,78,81,D-
BMR,Beamr Imaging Ltd. Ordinary Share,Computer Software: Prepackaged Software,103,1.3200000524520874,-58.227847575988555,17,,B+
BMRA,Biomerica Inc. Common Stock,Biotechnology: In Vitro & In Vivo Diagnostic Substances,119,2.2300000190734863,-30.31250044237822,46,1,A+
BMRC,Bank of Marin Bancorp Common Stock,Major Banks,12,27.709999084472656,-7.756477181029631,64,76,C+
BMRN,BioMarin Pharmaceutical Inc. Common Stock,Biotechnology: Pharmaceutical Preparations,62,65.51000213623047,-6.734048791847758,72,46,B+
BMY,Bristol-Myers Squibb Company Common Stock,Biotechnology: Pharmaceutical Preparations,62,63.75,-6.373911839198487,77,46,C+
BN,Brookfield Corporation Class A Limited Voting Shares,Building operators,71,38.04999923706055,-22.356545230291648,30,32,E+
BNAI,Brand Engagement Network Inc. Common Stock,EDP Services,126,8.239999771118164,-86.92063528393942,85,26,E
BNC,CEA Industries Inc. Common Stock,Farming/Seeds/Milling,91,4.989999771118164,-70.59516810238584,91,,A+
BNED,Barnes & Noble Education Inc Common Stock,Other Specialty Stores,121,10.920000076293945,-20.020605235126688,73,52,E
BNGO,Bionano Genomics Inc. Common Stock,Biotechnology: Laboratory Analytical Instruments,31,1.2000000476837158,-75.60975550659683,26,7,B
BNKK,Bonk Inc. Common Stock,Package Goods/Cosmetics,55,1.3600000143051147,-90.83557951265958,11,26,A-
BNL,Broadstone Net Lease Inc. Common Stock,Real Estate Investment Trusts,57,20.530000686645508,-10.113832970708836,64,86,D
BNR,Burning Rock Biotech Limited American Depositary Shares,Medical Specialities,15,11.619999885559082,-71.69995251603245,53,7,C+
BNS,Bank Nova Scotia Halifax Pfd 3 Ordinary Shares,Major Banks,12,92.83999633789062,-2.191320976800437,83,73,B-
BNT,Brookfield Wealth Solutions Ltd. Class A Exchangeable Limited Voting Shares,Property-Casualty Insurers,29,38.02000045776367,-23.0993195248672,30,35,E+
BNTC,Benitec Biopharma Inc. Common Stock,Biotechnology: Pharmaceutical Preparations,62,12.220000267028809,-26.029056123385597,53,7,E-
BNTX,BioNTech SE American Depositary Share,Biotechnology: Biological Products (No Diagnostic Substances),51,96.4000015258789,-19.222386053256677,56,7,A-
BNY,The Bank of New York Mellon Corporation Common Stock,Major Banks,12,162.58999633789062,-1.3649599914986266,86,94,C
BOBS,Bob's Discount Furniture Inc. Common Stock,Other Specialty Stores,121,15.199999809265137,-32.53440148239842,53,71,B-
BOC,Boston Omaha Corporation Class A Common Stock,Real Estate,71,13.510000228881836,-10.470509660234095,51,7,C-
BODI,The Beachbody Company Inc. Class A Common Stock,Other Consumer Services,132,5.550000190734863,-65.42055791554473,14,97,E-
BOF,BranchOut Food Inc. Common Stock,Packaged Foods,109,3.880000114440918,-23.772102197910083,77,,A-
BOH,Bank of Hawaii Corporation Common Stock,Major Banks,12,75.81999969482422,-10.87598814020997,58,83,D
BOKF,BOK Financial Corporation Common Stock,Major Banks,12,135.2100067138672,-7.030908934676717,66,83,D+
BOLD,Boundless Bio Inc. Common Stock,Biotechnology: Pharmaceutical Preparations,62,2.8399999141693115,-5.333336194356287,98,7,A
BOLT,Bolt Biotherapeutics Inc. Common Stock,Biotechnology: Pharmaceutical Preparations,62,3.7300000190734863,-47.39069197746046,25,7,E-
BON,Bon Natural Life Limited Class A Ordinary Shares,Medicinal Chemicals and Botanical Products,129,1.149999976158142,-49.561403921546486,18,,B
BOOM,DMC Global Inc. Common Stock,Industrial Specialties,68,6.570000171661377,-26.75585310949382,55,22,B
BOOT,Boot Barn Holdings Inc. Common Stock,Clothing/Shoe/Accessory Stores,122,140.67999267578125,-32.35888279367172,24,80,D-
BORR,Borr Drilling Limited Common Shares,Oil & Gas Production,11,4.369999885559082,-33.8880514782132,55,36,C+
BOSC,B.O.S. Better Online Solutions Common Stock,Computer Communications Equipment,57,4.659999847412109,-29.393940685647046,50,89,B+
BOT,RoboStrategy Inc. Common Stock,,,27.5,-34.1159585669424,20,,D
BOTJ,Bank of the James Financial Group Inc. Common Stock,Major Banks,12,27.899999618530273,-0.8880994791752417,89,57,B-
BOW,Bowhead Specialty Holdings Inc. Common Stock,Property-Casualty Insurers,29,33.619998931884766,-0.7381163504102006,82,95,B+
BOX,Box Inc. Class A Common Stock,Computer Software: Prepackaged Software,103,34.119998931884766,-5.11679699508778,77,83,B+
BOXL,Boxlight Corporation Class A Common Stock,Other Consumer Services,132,5.670000076293945,-96.69811318658996,17,7,A+
BP,BP p.l.c. Common Stock,Integrated oil Companies,1,46.08000183105469,-0.944900808334681,77,95,B
BPAC,Blueport Acquisition Ltd Class A Ordinary Shares,,,10.180000305175781,-0.19607357316996366,50,,C-
BPOP,Popular Inc. Common Stock,Major Banks,12,163.9600067138672,-7.314292535990996,79,93,D+
BPRN,Princeton Bancorp Inc. Common Stock (PA),Major Banks,12,43.59000015258789,0.0,83,80,B
BQ,Boqii Holding Limited Class A Ordinary Shares,Other Specialty Stores,121,0.8339999914169312,-95.0854447544932,14,,A+
BR,Broadridge Financial Solutions Inc. Common Stock,Business Services,78,168.24000549316406,-32.46801919965818,38,65,B-
BRAG,Bragg Gaming Group Inc. Common Shares,Office Equipment/Supplies/Services,24,1.309999942779541,-58.41270148829199,18,7,C
BRAI,Braiin Limited Common Stock,EDP Services,126,5.519999980926514,-62.81158759918411,12,,A
BRBI,BRBI BR Partners S.A. ADSs,Finance: Consumer Services,114,11.359999656677246,-48.92444745009919,26,39,A-
BRBR,BellRing Brands Inc. Common Stock,Packaged Foods,109,9.300000190734863,-75.57131530001236,15,46,D+
BRBS,Blue Ridge Bankshares Inc. Common Stock,Major Banks,12,4.110000133514404,0.0,76,44,A
BRC,Brady Corporation Common Stock,Miscellaneous manufacturing industries,140,85.91000366210938,-12.550890136172733,62,85,C-
BRCB,Black Rock Coffee Bar Inc. Class A Common Stock,Restaurants,81,8.75,-68.57040247111264,24,,B-
BRCC,BRC Inc. Class A Common Stock,Beverages (Production/Distribution),119,8.319999694824219,-53.25842667733639,17,48,E+
BRFH,Barfresh Food Group Inc. Common Stock,Packaged Foods,109,1.2300000190734863,-69.55445468595198,9,7,E-
BRIA,BrilliA Inc Class A Ordinary Shares,Apparel,109,1.5,-41.1764694882649,28,,E-
BRID,Bridgford Foods Corporation Common Stock,Specialty Foods,71,5.840000152587891,-31.29411585190717,25,42,E+
BRK-A,Berkshire Hathaway Inc.,,,766000.0,-3.5039650296353697,55,83,C
BRK-B,Berkshire Hathaway Inc.,,,507.0,-4.234819922534161,54,84,C-
BRKR,Bruker Corporation Common Stock,Biotechnology: Laboratory Analytical Instruments,31,53.560001373291016,-16.754733568816093,81,62,D-
BRLS,Borealis Foods Inc. Class A Common Shares,Packaged Foods,109,1.4299999475479126,-64.33915546317415,25,,A+
BRLT,Brilliant Earth Group Inc. Class A Common Stock,Consumer Specialties,54,1.5,-46.42857051625542,46,47,A
BRN,Barnwell Industries Inc. Common Stock,Oil & Gas Production,11,1.0199999809265137,-26.618705652964604,38,26,B-
BRNX,BrenX Ltd. Ordinary Shares,Building Products,48,2.8499999046325684,-99.42002443222803,3,,E-
BRO,Brown & Brown Inc. Common Stock,Specialty Insurers,48,66.33000183105469,-30.208847511574653,40,72,C-
BROS,Dutch Bros Inc. Class A Common Stock,Restaurants,81,43.439998626708984,-40.74478233069216,20,80,E-
BRR,ProCap Financial Inc. Common Stock,Finance: Consumer Services,114,2.9800000190734863,-71.06796151563104,68,,A
BRSL,Brightstar Lottery PLC Trading under the Legal Name to begin at the market open on July 21 2025. Ordinary Shares,Services-Misc. Amusement & Recreation,89,10.65999984741211,-37.42712869305122,27,58,C+
BRSP,BrightSpire Capital Inc. Class A Common Stock,Real Estate Investment Trusts,57,4.489999771118164,-23.804984640770765,27,46,E+
BRT,BRT Apartments Corp. (MD) Common Stock,Real Estate Investment Trusts,57,14.239999771118164,-8.893156322107131,46,7,C+
BRTX,BioRestorative Therapies Inc. Common Stock (NV),Managed Health Care,,2.759999990463257,0.0,99,7,E-
BRUN,Boost Run Inc. Class A Common Stock,EDP Services,126,16.459999084472656,-58.01020723439806,67,,E
BRX,Brixmor Property Group Inc. Common Stock,Real Estate Investment Trusts,57,28.790000915527344,-11.930247399873528,51,71,D
BRZE,Braze Inc. Class A Common Stock,Computer Software: Prepackaged Software,103,24.264999389648438,-32.95109060396495,51,69,E
BSAC,Banco Santander - Chile ADS,Commercial Banks,7,35.27000045776367,-2.4343043733629277,77,68,C+
BSBK,Bogota Financial Corp. Common Stock,Banks,14,9.140000343322754,-3.0752911184303677,56,40,C
BSBR,Banco Santander Brasil SA American Depositary Shares each representing one unit,Commercial Banks,7,5.880000114440918,-15.154231924924433,61,49,B+
BSEM,BioStem Technologies Inc. Common Stock,Biotechnology: Biological Products (No Diagnostic Substances),51,4.175000190734863,-49.085362343331376,45,,A
BSET,Bassett Furniture Industries Incorporated Common Stock,Home Furnishings,26,18.100000381469727,-16.040820865830508,78,38,B+
BSIN,Big Sky Industrial Inc. Common Stock,Oil & Gas Production,11,1.6299999952316284,0.0,92,7,A-
BSRR,Sierra Bancorp Common Stock,Major Banks,12,40.869998931884766,-3.984751662012198,75,76,C-
BST,BlackRock Science and Technology Trust Common Shares of Beneficial Interest,Finance Companies,68,50.33000183105469,-1.0420738752193515,79,,C+
BSVN,Bank7 Corp. Common stock,Major Banks,12,54.810001373291016,-4.562073686161272,80,80,A-
BSX,Boston Scientific Corporation Common Stock,Medical/Dental Instruments,98,43.099998474121094,-59.0421010175885,15,86,E+
BSY,Bentley Systems Incorporated Class B Common Stock,Computer Software: Prepackaged Software,103,31.0,-45.11878140666187,25,72,D+
BTBD,BT Brands Inc. Common Stock,Restaurants,81,1.7699999809265137,-21.33333418104384,82,,A
BTBT,Bit Digital Inc. Ordinary Shares,Finance: Consumer Services,114,1.559999942779541,-63.03317487348278,25,7,B-
BTCS,BTCS Inc. Common Stock,Finance: Consumer Services,114,1.3200000524520874,-77.85234825497602,21,1,A
BTCT,BTC Digital Ltd. Ordinary Shares,Finance: Consumer Services,114,1.2999999523162842,-57.79220829486125,29,,A+
BTDR,Bitdeer Technologies Group Class A Ordinary Shares,Finance: Consumer Services,114,11.529999732971191,-55.48262585794789,38,7,B+
BTE,Baytex Energy Corp Common Shares,Oil & Gas Production,11,5.039999961853027,-4.93535162551153,90,30,B-
BTG,B2Gold Corp Common shares (Canada),Precious Metals,18,5.360000133514404,-12.606259252907016,81,56,A-
BTGO,BitGo Holdings Inc. Class A Common Stock,Finance: Consumer Services,114,7.409999847412109,-59.92428372559143,31,,A
BTI,British American Tobacco  Industries p.l.c. Common Stock ADR,Medicinal Chemicals and Botanical Products,129,54.86000061035156,-16.607152342212427,41,,D+
BTLN,Brightline Interactive Inc. Common Stock,EDP Services,126,0.9210000038146973,-49.11602028006939,59,26,A
BTMD,Biote Corp. Class A Common Stock,Medicinal Chemicals and Botanical Products,129,1.309999942779541,-62.028987690621705,11,54,B
BTOC,Armlogi Holding Corp. Common Stock,Office Equipment/Supplies/Services,24,0.28999999165534973,-77.69230751596258,19,26,A
BTQ,BTQ Technologies Corp. Common Stock,,,2.7200000286102295,-80.76379092950533,13,26,E+
BTSG,BrightSpring Health Services Inc. Common Stock,Medical/Nursing Services,48,57.880001068115234,-20.61445870123456,90,99,D-
BTSGU,BrightSpring Health Services Inc. Tangible Equity Unit,Medical/Nursing Services,48,194.0800018310547,-19.36850673380449,89,,E
BTT,BlackRock Municipal 2030 Target Term Trust,Investment Managers,46,22.25,-2.77074109274863,46,,D+
BTTC,Black Titan Corporation Ordinary Shares,Biotechnology: Biological Products (No Diagnostic Substances),51,0.367000013589859,-98.46955787908396,3,,E-
BTU,Peabody Energy Corporation Common Stock,Coal Mining,31,29.030000686645508,-26.046969156599808,69,7,B-
BTX,BlackRock Technology and Private Equity Term Trust Common Shares of Beneficial Interest,,,8.8100004196167,-5.337076147460507,79,,C-
BTZ,BlackRock Credit Allocation Income Trust,Finance/Investors Services,53,9.699999809265137,-6.007751006717854,44,,D+
BUD,Anheuser-Busch Inbev SA Sponsored ADR (Belgium),Beverages (Production/Distribution),119,77.6500015258789,-10.210455004968189,67,83,D
BUDA,Buda Juice Inc. Common Stock,Beverages (Production/Distribution),119,7.880000114440918,-27.440143981994346,48,,E+
BULL,Webull Corporation Class A Ordinary Shares,Investment Bankers/Brokers/Service,51,9.300000190734863,-40.19292555201337,82,17,A
BUR,Burford Capital Limited Ordinary Shares,Finance: Consumer Services,114,4.380000114440918,-65.84993510186212,17,43,B-
BURL,Burlington Stores Inc. Common Stock,Department/Specialty Retail Stores,45,238.0399932861328,-36.04342090741479,24,82,E-
BUSE,First Busey Corporation Class A Common Stock,Major Banks,12,30.3799991607666,-3.799875762629923,74,76,C
BUUU,BUUU Group Limited Class A Ordinary Share,Services-Misc. Amusement & Recreation,89,38.91999816894531,0.0,99,,A
BV,BrightView Holdings Inc. Common Stock,Farming/Seeds/Milling,91,11.0,-25.92592782875529,30,35,E
BVC,BitVentures Limited Ordinary Shares,Investment Managers,46,15.739999771118164,-6.253728928853963,99,,A
BVFL,BV Financial Inc. Common Stock,Savings Institutions,9,21.700000762939453,-0.8226618132138985,72,72,B-
BVN,Buenaventura Mining Company Inc.,Metal Mining,57,33.849998474121094,-20.23579481331592,81,89,B
BVS,Bioventus Inc. Class A Common Stock,Medical/Dental Instruments,98,13.0600004196167,-14.416774418530531,93,59,B+
BW,Babcock & Wilcox Enterprises Inc. Common Stock,Building Products,48,7.170000076293945,-67.18535491480088,80,43,E
BWA,BorgWarner Inc. Common Stock,Auto Parts:O.E.M.,68,65.69000244140625,-14.494975234673756,79,78,C-
BWAY,BrainsWay Ltd. American Depositary Shares,Medical/Dental Instruments,98,13.90999984741211,-18.986605791474698,81,94,B
BWB,Bridgewater Bancshares Inc. Common Stock,Major Banks,12,21.389999389648438,-4.891064440482373,73,83,C
BWEN,Broadwind Inc. Common Stock,Metal Fabrications,47,3.9800000190734863,-26.838235713051674,89,7,B+
BWFG,Bankwell Financial Group Inc. Common Stock,Major Banks,12,67.6500015258789,-0.7045292042999196,88,84,B-
BWIN,The Baldwin Insurance Group Inc. Class A Common Stock,Specialty Insurers,48,29.389999389648438,-7.868339369583599,86,67,B+
BWLP,BW LPG Limited Common Shares,Transportation Services,113,25.0,0.0,94,82,B+
BWMN,Bowman Consulting Group Ltd. Common Stock,Professional Services,41,42.5099983215332,-4.321408891412748,85,74,A
BWMX,Betterware de Mexico S.A.P.I. de C.V. Ordinary Shares,Catalog/Specialty Distribution,98,15.420000076293945,-16.442557184944718,47,62,E+
BWXT,BWX Technologies Inc. Common Stock,Industrial Machinery/Components,93,152.49000549316406,-35.85484003481467,29,79,D
BX,Blackstone Inc. Common Stock,Investment Managers,46,125.41000366210938,-30.836728928620506,45,85,C-
BXBL,BOXABL Inc. Common stock,Homebuilding,93,4.059999942779541,-72.73337911909317,7,,E-
BXC,Bluelinx Holdings Inc. Common Stock,Wholesale Distributors,,79.75,-12.75571950003389,87,43,A-
BXDC,Blackstone Digital Infrastructure Trust Inc. Common Stock,Real Estate,71,19.68000030517578,-11.906892700284843,40,,C+
BXMT,Blackstone Mortgage Trust Inc. Common Stock,Real Estate Investment Trusts,57,13.479999542236328,-31.48475823745429,21,40,E
BXP,BXP Inc. Common Stock,Real Estate Investment Trusts,57,63.720001220703125,-15.674276998916238,51,44,D+
BY,Byline Bancorp Inc. Common Stock,Major Banks,12,38.380001068115234,-3.4465381934207895,78,88,B-
BYAH,Park Ha Biological Technology Co. Ltd. Class A Ordinary Shares,Package Goods/Cosmetics,55,2.4100000858306885,-98.90454541553152,2,,A+
BYD,Boyd Gaming Corporation Common Stock,Hotels/Resorts,86,76.44999694824219,-16.228363841018002,36,74,D-
BYFC,Broadway Financial Corporation Class A Common Stock,Savings Institutions,9,11.880000114440918,-3.4930974046966767,91,64,A-
BYND,Beyond Meat Inc. Common Stock,Packaged Foods,109,10.449999809265137,-90.37753226879158,7,7,E
BYRN,Byrna Technologies Inc. Common Stock,Industrial Machinery/Components,93,3.5299999713897705,-87.22403156492955,6,43,D+
BYSI,BeyondSpring Inc. Ordinary Shares,Biotechnology: Pharmaceutical Preparations,62,0.7670000195503235,-67.36169997120716,8,7,A+
BZ,KANZHUN LIMITED American Depository Shares,Computer Software: Programming Data Processing,103,16.40999984741211,-33.6594240446907,50,86,A-
BZAI,Blaize Holdings Inc. Common Stock,Semiconductors,41,0.5210000276565552,-91.71701063885112,5,26,E-
BZFD,BuzzFeed Inc. Class A Common Stock,Telecommunications Equipment,103,1.059999942779541,-49.28229730569883,36,1,A-
BZH,Beazer Homes USA Inc. Common Stock,Homebuilding,93,33.25,-2.406808635659574,87,7,C+
BZUN,Baozun Inc. American Depositary Shares,Catalog/Specialty Distribution,98,2.740000009536743,-42.557651561991584,43,7,B+
C,Citigroup Inc. Common Stock,Major Banks,12,138.5,-4.4386822661693355,77,81,C-
CAAP,Corporacion America Airports SA Common Shares,Aerospace,116,24.780000686645508,-15.155939900591864,61,98,D+
CAAS,China Automotive Systems Inc. Ordinary Share,Auto Parts:O.E.M.,68,5.260000228881836,-4.537204893197133,75,76,A+
CABA,Cabaletta Bio Inc. Common Stock,Biotechnology: Biological Products (No Diagnostic Substances),51,2.740000009536743,-33.975904901897366,61,7,C+
CABO,Cable One Inc. Common Stock,Cable & Other Pay Television Services,81,21.469999313354492,-87.97064106493492,5,42,E-
CABR,Caring Brands Inc. Common Stock,Package Goods/Cosmetics,55,1.1399999856948853,-29.192548101503224,66,26,D+
CAC,Camden National Corporation Common Stock,Major Banks,12,57.7599983215332,-3.362894630812041,83,88,B-
CACC,Credit Acceptance Corporation Common Stock,Finance: Consumer Services,114,605.4600219726562,-7.872792037939869,72,80,C
CACI,CACI International Inc. Class A Common Stock,EDP Services,126,624.010009765625,-8.24461914998621,71,77,B+
CADL,Candel Therapeutics Inc. Common Stock,Biotechnology: Biological Products (No Diagnostic Substances),51,11.329999923706055,-17.60000055486506,97,7,B+
CAE,CAE Inc. Common Shares,Industrial Machinery/Components,93,23.68000030517578,-30.455210467663974,33,73,D-
CAG,ConAgra Brands Inc. Common Stock,Packaged Foods,109,14.699999809265137,-23.862275981502577,42,50,C-
CAH,Cardinal Health Inc. Common Stock,Other Pharmaceuticals,137,236.02000427246094,-5.06415522584831,76,92,C
CAI,Caris Life Sciences Inc. Common Stock,Medical Specialities,15,24.040000915527344,-29.72814510702897,67,17,A-
CAKE,Cheesecake Factory Incorporated (The) Common Stock,Restaurants,81,101.16000366210938,-13.752235593411621,95,85,B
CAL,Caleres Inc. Common Stock,Shoe Manufacturing,107,11.880000114440918,-22.949306709198382,37,52,D+
CALC,CalciMedica Inc. Common Stock,Biotechnology: Pharmaceutical Preparations,62,2.119999885559082,-93.70919929506208,6,36,E-
CALM,Cal-Maine Foods Inc. Common Stock,Farming/Seeds/Milling,91,73.70999908447266,-31.652291433669422,29,39,D-
CALX,Calix Inc Common Stock,Telecommunications Equipment,103,34.93000030517578,-48.947674305799794,20,77,E+
CALY,Callaway Golf Company Common Stock,Recreational Games/Products/Toys,93,15.289999961853027,-22.227873445961976,76,64,D-
CAMP,CAMP4 Therapeutics Corporation Common Stock,Biotechnology: Pharmaceutical Preparations,62,4.340000152587891,-39.13043361952033,78,,A
CAMT,Camtek Ltd. Ordinary Shares,Electronic Components,2,144.25,-30.468526303022657,66,42,B
CAN,Canaan Inc. American Depositary Shares,Finance: Consumer Services,114,0.3089999854564667,-84.92682962712612,16,17,A
CANF,Can-Fite Biopharma Ltd American Depositary Shares each representing two (2) Ordinary Shares,Biotechnology: Pharmaceutical Preparations,62,2.1600000858306885,-83.63636274968296,10,,E-
CANG,Cango Inc. Class A Ordinary Shares,Finance: Consumer Services,114,1.7999999523162842,-92.54658393064675,5,26,A+
CAPR,Capricor Therapeutics Inc. Common Stock,Biotechnology: Pharmaceutical Preparations,62,8.300000190734863,-76.51386487012488,9,17,A
CAPS,Capstone Holding Corp. Common Stock,RETAIL: Building Materials,126,0.18000000715255737,-88.15789411768027,6,,E-
CAR,Avis Budget Group Inc. Common Stock,Rental/Leasing Companies,40,126.73999786376953,-82.24855343160236,31,59,E+
CARE,Carter Bankshares Inc. Common Stock,Major Banks,12,31.600000381469727,-11.26526432853665,89,66,C-
CARG,CarGurus Inc. Class A Common Stock,EDP Services,126,33.29999923706055,-14.681013890463547,58,93,C+
CARL,Carlsmed Inc. Common Stock,Medical/Dental Instruments,98,14.760000228881836,-13.125365345955887,78,17,A-
CARR,Carrier Global Corporation Common Stock,Industrial Machinery/Components,93,56.63999938964844,-25.20568914540612,37,39,E+
CARS,Cars.com Inc. Common Stock,EDP Services,126,11.40999984741211,-17.25888412635721,68,85,C
CART,Maplebear Inc. Common Stock,Business Services,78,47.2400016784668,-8.767858647855553,68,57,B-
CASH,Pathward Financial Inc. Common Stock,Major Banks,12,79.18000030517578,-20.665782430308678,46,47,D-
CASS,Cass Information Systems Inc Common Stock,Business Services,78,55.08000183105469,-5.370033528056206,78,60,C
CAST,FreeCast Inc. Class A Common Stock,EDP Services,126,1.2999999523162842,-86.78861857563703,42,26,A+
CASY,Casey's General Stores Inc. Common Stock,Retail-Auto Dealers and Gas Stations,86,627.6400146484375,-31.449922648918083,36,90,E-
CAT,Caterpillar Inc. Common Stock,Construction/Ag Equipment/Trucks,4,805.0,-24.265817499105367,81,94,D-
CATO,Cato Corporation (The) Class A Common Stock,Clothing/Shoe/Accessory Stores,122,2.4200000762939453,-47.84482444119359,20,31,E-
CATX,Perspective Therapeutics Inc. Common Stock,Biotechnology: Pharmaceutical Preparations,62,2.7699999809265137,-50.973452492545945,32,7,D-
CATY,Cathay General Bancorp Common Stock,Major Banks,12,62.040000915527344,-3.8628613178899873,74,87,C-
CAVA,CAVA Group Inc. Common Stock,Restaurants,81,54.0,-44.55282848503678,22,44,E+
CB,Chubb Limited  Common Stock,Property-Casualty Insurers,29,338.6700134277344,-6.830807860320665,63,58,C-
CBAN,Colony Bankcorp Inc. Common Stock,Major Banks,12,21.459999084472656,-3.637186154653338,70,59,C
CBAT,CBAK Energy Technology Limited Ordinary Shares,Industrial Machinery/Components,93,1.0099999904632568,-15.126055302689402,75,,A+
CBC,Central Bancompany Inc. Class A Common Stock,Major Banks,12,32.119998931884766,-3.788234740269092,81,45,C-
CBFV,CB Financial Services Inc. Common Stock,Major Banks,12,37.2599983215332,-2.007173075914037,60,45,C+
CBIO,Crescent Biopharma Inc. Common Stock,Biotechnology: Pharmaceutical Preparations,62,19.459999084472656,-27.872500316359716,87,12,A
CBK,Commercial Bancgroup Inc. Common Stock,Major Banks,12,33.869998931884766,-4.430021883920176,82,,B-
CBL,CBL & Associates Properties Inc. Common Stock,Real Estate Investment Trusts,57,54.599998474121094,-9.075771577322389,89,99,C
CBLL,CeriBell Inc. Common Stock,Biotechnology: Electromedical & Electrotherapeutic Apparatus,57,23.43000030517578,-5.865806027620312,88,7,A-
CBNA,Chain Bridge Bancorp Inc. Class A Common Stock,Major Banks,12,46.66999816894531,-3.7731996516591537,86,92,B
CBNK,Capital Bancorp Inc. Common Stock,Major Banks,12,36.36000061035156,-4.012672689819707,72,55,C+
CBOE,Cboe Global Markets Inc. Common Stock,Investment Bankers/Brokers/Service,51,287.489990234375,-21.218203269598547,58,90,D
CBRE,CBRE Group Inc Common Stock Class A,Real Estate,71,137.99000549316406,-19.590930014342955,42,86,D+
CBRL,Cracker Barrel Old Country Store Inc Common Stock,Restaurants,81,49.439998626708984,-16.260166226206117,88,34,B
CBRS,Cerebras Systems Inc. Class A Common Stock,Semiconductors,41,191.33999633789062,-38.48973162543993,17,,D
CBSH,Commerce Bancshares Inc. Common Stock,Major Banks,12,58.290000915527344,-2.924049203088208,64,73,C
CBT,Cabot Corporation Common Stock,Major Chemicals,65,78.79000091552734,-15.167990111111173,58,45,E+
CBU,Community Financial System Inc. Common Stock,Major Banks,12,62.70000076293945,-11.677697352151862,55,60,C-
CBUS,Cibus Inc. Class A Common Stock,Agricultural Chemicals,125,1.5850000381469727,-60.86419843206531,53,17,A-
CBZ,CBIZ Inc. Common Stock,Business Services,78,54.630001068115234,-5.712802273122453,90,39,A
CC,Chemours Company (The) Common Stock,Major Chemicals,65,15.069999694824219,-45.55743675882833,34,26,E
CCAP,Crescent Capital BDC Inc. Common stock,Finance: Consumer Services,114,9.930000305175781,-28.618907246178104,26,37,E+
CCB,Coastal Financial Corporation Common Stock,Major Banks,12,48.04999923706055,-59.61166786245363,11,32,D-
CCBG,Capital City Bank Group Common Stock,Major Banks,12,50.720001220703125,-3.5095571007605852,72,73,C+
CCC,CCC Intelligent Solutions Holdings Inc. Common Stock,Computer Software: Prepackaged Software,103,6.849999904632568,-29.959099267260214,69,88,A-
CCCC,C4 Therapeutics Inc. Common Stock,Biotechnology: Biological Products (No Diagnostic Substances),51,3.4000000953674316,-27.19485996099533,63,17,D+
CCEC,Capital Clean Energy Carriers Corp. Common Share,Marine Transportation,3,22.520000457763672,-4.150450860302312,61,42,C+
CCEL,Cryo-Cell International Inc. Common Stock,Misc Health and Biotechnology Services,21,4.119999885559082,-16.43001969540647,64,,A+
CCEP,Coca-Cola Europacific Partners plc Ordinary Shares,Beverages (Production/Distribution),119,102.87999725341797,-7.904397013178411,62,,D+
CCG,Cheche Group Inc. Class A Ordinary Shares,Specialty Insurers,48,13.199999809265137,-23.30040376832706,99,,B+
CCHH,CCH Holdings Ltd Class A Ordinary Shares,Restaurants,81,1.2100000381469727,-99.19973540835376,3,,E-
CCI,Crown Castle Inc. Common Stock,Real Estate Investment Trusts,57,73.87000274658203,-22.564200135736534,26,35,D-
CCJ,Cameco Corporation Common Stock,Other Metals and Minerals,133,97.41999816894531,-27.347303430855007,55,73,C-
CCK,Crown Holdings Inc.,Containers/Packaging,91,112.83999633789062,-7.3487187046204046,72,71,C
CCL,Carnival Corporation Ltd. Common Shares,Marine Transportation,3,22.469999313354492,-32.830002890748524,28,66,E+
CCLD,CareCloud Inc. Common Stock,Computer Software: Prepackaged Software,103,2.0399999618530273,-46.456693110478916,21,42,E-
CCM,Concord Medical Services Holdings Limited American Depositary Shares (Each represents thirty (30) Class A ordinary shares),Medical/Nursing Services,48,3.950000047683716,-42.753623288560625,30,,B
CCNE,CNB Financial Corporation Common Stock,Major Banks,12,34.470001220703125,-2.954234147387147,78,67,C+
CCO,Clear Channel Outdoor Holdings Inc. Common Stock,Advertising,116,2.380000114440918,-2.057611149904548,73,41,D-
CCOI,Cogent Communications Holdings Inc.,Telecommunications Equipment,103,9.09000015258789,-79.73782775994185,9,63,E
CCS,Century Communities Inc. Common Stock,Homebuilding,93,59.560001373291016,-19.194624891225597,47,46,D
CCSI,Consensus Cloud Solutions Inc. Common Stock,Computer Software: Prepackaged Software,103,36.2599983215332,-9.008783663867048,80,69,D-
CCTG,CCSC Technology International Holdings Limited Class A Ordinary Shares,Building Products,48,0.597000002861023,-97.44871789490004,12,,A
CCU,Compania Cervecerias Unidas S.A. Common Stock,Beverages (Production/Distribution),119,11.649999618530273,-22.55538921719126,47,32,C+
CCXI,Churchill Capital Corp XI Class A Ordinary Shares,Blank Checks,57,12.8100004196167,-32.93193631532806,80,,B-
CCZ,Comcast Holdings ZONES,Cable & Other Pay Television Services,81,64.66999816894531,-2.7518824527138164,55,,D-
CD,Chaince Digital Holdings Inc. Ordinary Shares,Finance: Consumer Services,114,2.9600000381469727,-91.72953349419227,11,,C
CDE,Coeur Mining Inc. Common Stock,Precious Metals,18,20.34000015258789,-24.998741072516196,81,91,B+
CDIO,Cardio Diagnostics Holdings Inc. Common stock,Biotechnology: In Vitro & In Vivo Diagnostic Substances,119,1.9800000190734863,-69.7709929554774,18,,D-
CDLR,Cadeler A/S American Depositary Share (each representing four (4) Ordinary Shares),Marine Transportation,3,25.489999771118164,-13.79776789250423,74,,B
CDLX,Cardlytics Inc. Common Stock,Computer Software: Programming Data Processing,103,4.130000114440918,-85.35460991948418,13,17,C-
CDNA,CareDx Inc. Common Stock,Medical Specialities,15,50.02000045776367,-4.469060590738938,99,86,A
CDNL,Cardinal Infrastructure Group Inc. Class A Common Stock,Military/Government/Technical,98,34.11000061035156,-63.83204167812707,53,,E
CDNS,Cadence Design Systems Inc. Common Stock,Computer Software: Prepackaged Software,103,284.95001220703125,-31.566559671797712,26,86,E
CDP,COPT Defense Properties Common Shares of Beneficial Interest,Real Estate Investment Trusts,57,35.459999084472656,-7.535852684840738,68,52,C-
CDRE,Cadre Holdings Inc. Common Stock,Industrial Specialties,68,28.770000457763672,-37.13477148735086,32,57,B-
CDRO,Codere Online Luxembourg S.A. Ordinary Shares,Services-Misc. Amusement & Recreation,89,9.3100004196167,-8.725484375401749,65,,C
CDT,CDT Equity Inc. Common Stock,Biotechnology: Pharmaceutical Preparations,62,0.3449999988079071,-99.98081201341446,1,26,E-
CDTG,CDT Environmental Technology Investment Holdings Limited ordinary shares,Miscellaneous,138,1.2999999523162842,-95.2727274461226,4,,A+
CDW,CDW Corporation Common Stock,Catalog/Specialty Distribution,98,142.60000610351562,-14.795523768027385,57,49,D+
CDXS,Codexis Inc. Common Stock,Major Chemicals,65,1.440000057220459,-49.473680512066245,20,17,E
CDZI,CADIZ Inc. Common Stock,Water Supply,28,3.9100000858306885,-43.49710920921381,35,26,B
CDZIP,Cadiz Inc. Depositary Shares,Water Supply,28,22.0,-5.954940079615545,69,,C+
CE,Celanese Corporation Common Stock,Major Chemicals,65,45.720001220703125,-33.92415483764831,43,32,C-
CECO,CECO Environmental Corp. Common Stock,Pollution Control Equipment,41,75.38999938964844,-24.3603885074234,75,96,C
CEG,Constellation Energy Corporation Common Stock,Electric Utilities: Central,71,285.9700012207031,-28.810843321962366,50,90,C
CELC,Celcuity Inc. Common Stock,Medical Specialities,15,85.48999786376953,-41.033245700716606,44,17,E+
CELH,Celsius Holdings Inc. Common Stock,Beverages (Production/Distribution),119,26.6299991607666,-58.942339022247104,18,84,D-
CELU,Celularity Inc. Class A Common Stock,Biotechnology: Pharmaceutical Preparations,62,1.434999942779541,-38.93617016959373,79,,A+
CELZ,Creative Medical Technology Holdings Inc. Common Stock,Biotechnology: Biological Products (No Diagnostic Substances),51,0.9502000212669373,-83.0017889923126,7,7,A+
CENN,Cenntro Inc. Common Stock,Auto Manufacturing,138,4.190000057220459,-89.16136387117261,15,,E
CENT,Central Garden & Pet Company Common Stock,Consumer Specialties,54,39.65999984741211,-14.782984384987042,56,47,D
CENTA,Central Garden & Pet Company Class A Common Stock Nonvoting,Consumer Specialties,54,34.310001373291016,-15.492604278887834,50,47,D
CENX,Century Aluminum Company Common Stock,Aluminum,,44.36000061035156,-35.49512465357366,70,99,E+
CEPF,Cantor Equity Partners IV Inc. Class A Ordinary Shares,Blank Checks,57,10.354999542236328,-2.4952951617551067,48,,D
CEPO,Cantor Equity Partners I Inc. Class A Ordinary Shares,Blank Checks,57,10.760000228881836,-0.37037001061669406,51,35,C
CEPS,Cantor Equity Partners VI Inc. Class A Ordinary Shares,Blank Checks,57,10.350000381469727,-0.8620613269245903,50,,E+
CEPU,Central Puerto S.A. American Depositary Shares (each represents ten Common Shares),Electric Utilities: Central,71,14.479999542236328,-19.331482302036875,60,93,B-
CEPV,Cantor Equity Partners V Inc. Class A Ordinary Shares,,,10.390000343322754,-0.5741575793062337,49,99,C
CERS,Cerus Corporation Common Stock,Medical/Dental Instruments,98,2.4600000381469727,-24.9999981827852,84,17,C
CERT,Certara Inc. Common Stock,Computer Software: Prepackaged Software,103,7.420000076293945,-45.4411774399371,62,17,B-
CET,Central Securities Corporation Common Stock,Finance/Investors Services,53,56.0,0.0,65,,C
CETX,Cemtrex Inc. Common Stock,Electrical Products,20,2.4000000953674316,-98.03439793172798,5,1,A
CETY,Clean Energy Technologies Inc. Common Stock,Oil/Gas Transmission,37,1.0199999809265137,-78.06451698909233,37,,A-
CEV,Eaton Vance California Municipal Income Trust Shares of Beneficial Interest,Finance/Investors Services,53,10.25,-5.442805759066682,52,,C-
CEVA,CEVA Inc. Common Stock,Computer Software: Programming Data Processing,103,27.959999084472656,-44.14702693278307,56,39,E+
CF,CF Industries Holdings Inc. Common Stock,Agricultural Chemicals,125,135.11000061035156,-2.9870061998209962,89,71,B+
CFBK,CF Bankshares Inc. Common Stock,Major Banks,12,35.45000076293945,-2.3684951193203796,84,55,B
CFFI,C&F Financial Corporation Common Stock,Major Banks,12,93.62000274658203,-1.338388293007986,83,69,A
CFFN,Capitol Federal Financial Inc. Common Stock,Savings Institutions,9,8.800000190734863,-3.329722132387447,81,64,C+
CFG,Citizens Financial Group Inc. Common Stock,Major Banks,12,69.62999725341797,-6.824576307264996,76,68,C
CFR,Cullen/Frost Bankers Inc. Common Stock,Major Banks,12,162.66000366210938,-3.7495217987967733,78,84,C
CG,The Carlyle Group Inc. Common Stock,Investment Managers,46,43.06999969482422,-36.15742946526244,31,35,D+
CGAU,Centerra Gold Inc. Common Shares,Precious Metals,18,22.600000381469727,-6.804122138269165,95,84,B+
CGBD,Carlyle Secured Lending Inc. Common Stock,Finance: Consumer Services,114,11.380000114440918,-5.716239801388356,53,31,B-
CGC,Canopy Growth Corporation Common Shares,Medicinal Chemicals and Botanical Products,129,0.9300000071525574,-51.56249854480844,28,17,B-
CGEM,Cullinan Therapeutics Inc. Common Stock,Biotechnology: Biological Products (No Diagnostic Substances),51,21.0,-8.496735068037076,97,7,B
CGEN,Compugen Ltd. Ordinary Shares,Biotechnology: Biological Products (No Diagnostic Substances),51,2.4600000381469727,-20.645157618527488,88,62,A-
CGNT,Cognyte Software Ltd. Ordinary Shares,Computer Software: Prepackaged Software,103,8.079999923706055,-33.9869274934805,37,55,D
CGNX,Cognex Corporation Common Stock,Industrial Machinery/Components,93,61.689998626708984,-14.696781672275428,81,87,D-
CGON,CG Oncology Inc. Common stock,Biotechnology: Biological Products (No Diagnostic Substances),51,72.0,-10.758552642963915,92,7,C+
CGTL,Creative Global Technology Holdings Limited Class A Ordinary Shares,Retail: Computer Software & Peripheral Equipment,26,4.03000020980835,-94.83333306434827,8,,A+
CGTX,Cognition Therapeutics Inc. Common Stock,Biotechnology: Biological Products (No Diagnostic Substances),51,0.9800000190734863,-60.95617439055794,18,7,D-
CHA,Chagee Holdings Limited American Depositary Shares,Restaurants,81,12.350000381469727,-25.90348003054056,44,93,A
CHAI,Core AI Holdings Inc. Common Shares,Telecommunications Equipment,103,0.25699999928474426,-98.00465840837533,2,26,A+
CHCI,Comstock Holding Companies Inc. Class A Common Stock,Real Estate,71,21.010000228881836,-0.6619356603948967,90,7,A
CHCO,City Holding Company Common Stock,Major Banks,12,143.64999389648438,-2.9260724125354742,72,77,C+
CHCT,Community Healthcare Trust Incorporated Common Stock,Real Estate Investment Trusts,57,14.630000114440918,-21.32555546666174,38,78,E
CHD,Church & Dwight Company Inc. Common Stock,Package Goods/Cosmetics,55,93.94000244140625,-10.189943222942134,48,64,D-
CHDN,Churchill Downs Incorporated Common Stock,Services-Misc. Amusement & Recreation,89,82.75,-29.628367567747127,32,52,D-
CHE,Chemed Corp,Medical/Nursing Services,48,514.4000244140625,-6.810559375700754,76,72,D+
CHEC,Chenghe Acquisition III Co. Class A Ordinary Share,,,10.25,-0.19474641550334404,51,99,C
CHEF,The Chefs' Warehouse Inc. Common Stock,Food Distributors,80,109.7699966430664,-4.977493219434848,93,96,C+
CHGA,Change Agents Corporation Common Stock,EDP Services,126,2.25,-95.98214285714286,3,26,A+
CHGG,Chegg Inc. Common Stock,Other Consumer Services,132,0.7300000190734863,-60.3260866396256,22,17,B+
CHH,Choice Hotels International Inc. Common Stock,Hotels/Resorts,86,98.2300033569336,-19.325668463237434,45,66,E+
CHKP,Check Point Software Technologies Ltd. Ordinary Shares,Computer Software: Prepackaged Software,103,130.50999450683594,-36.924270360575264,29,74,D+
CHMG,Chemung Financial Corp Common Stock,Major Banks,12,84.80999755859375,-0.03535924162160198,90,82,B
CHMI,Cherry Hill Mortgage Investment Corporation Common Stock,Real Estate Investment Trusts,57,2.9000000953674316,-2.3569000864809175,79,55,A
CHNR,China Natural Resources Inc. Common Stock,Precious Metals,18,3.819999933242798,-46.72245617021956,43,,E-
CHOW,ChowChow Cloud International Holdings Limited Ordinary Shares,Computer Software: Prepackaged Software,103,0.4399999976158142,-96.51070571296309,8,,A+
CHPT,ChargePoint Holdings Inc. Common Stock,Industrial Machinery/Components,93,8.930000305175781,-27.633709929063322,79,17,A+
CHR,Cheer Holding Inc. Class A Ordinary Share,EDP Services,126,1.6699999570846558,-98.67460320866297,9,,A-
CHRD,Chord Energy Corporation Common Stock,Oil & Gas Production,11,151.82000732421875,0.0,85,78,B
CHRN,ChronoScale Holdings Corporation Common Stock,Industrial Machinery/Components,93,17.969999313354492,-39.35200869951843,98,,E+
CHRS,Coherus Oncology Inc. Common Stock,Biotechnology: Biological Products (No Diagnostic Substances),51,1.340000033378601,-46.61354428406652,40,41,C
CHRW,C.H. Robinson Worldwide Inc. Common Stock,Integrated Freight & Logistics,141,152.4199981689453,-26.904099745309484,40,54,E
CHSN,Chanson International Holding Class A Ordinary Shares,Packaged Foods,109,1.0399999618530273,-99.65562915170429,5,,A+
CHT,Chunghwa Telecom Co. Ltd.,Telecommunications Equipment,103,44.529998779296875,0.0,57,50,C+
CHTR,Charter Communications Inc. Class A Common Stock New,Cable & Other Pay Television Services,81,140.55999755859375,-50.286481426954246,23,59,C
CHWY,Chewy Inc. Class A Common Stock,Catalog/Specialty Distribution,98,21.079999923706055,-47.886280528776446,25,90,E
CHYM,Chime Financial Inc. Class A Common Stock,Finance: Consumer Services,114,32.66999816894531,-5.44139250254635,94,63,A
CI,The Cigna Group Common Stock,Medical Specialities,15,280.9100036621094,-7.628089840058172,48,52,D+
CIA,Citizens Inc. Class A Common Stock ($1.00 Par),Life Insurance,10,3.5,-45.14106681475026,17,49,E
CIEN,Ciena Corporation Common Stock,Telecommunications Equipment,103,334.55999755859375,-46.64114871473784,87,92,E
CIFR,Cipher Digital Inc. Common Stock,Finance: Consumer Services,114,15.9399995803833,-45.37354553229407,54,26,E
CIG,Comp En De Mn Cemig ADS American Depositary Shares,Electric Utilities: Central,71,2.2100000381469727,-15.54448199880898,65,,B-
CIGI,Colliers International Group Inc. Subordinate Voting Shares,Real Estate,71,91.19000244140625,-45.99252925157502,22,95,E+
CIIT,Tianci International Inc. Common Stock,Computer Communications Equipment,57,2.7799999713897705,-96.1064427003098,2,37,A-
CIM,Chimera Investment Corporation Common Stock,Real Estate Investment Trusts,57,11.180000305175781,-17.132719777046624,33,41,E+
CINF,Cincinnati Financial Corporation Common Stock,Property-Casualty Insurers,29,169.58999633789062,-11.685675459070799,57,95,D+
CING,Cingulate Inc. Common Stock,Biotechnology: Pharmaceutical Preparations,62,5.170000076293945,-55.66037612392074,60,17,C
CINT,CI&T Inc Class A Common Shares,EDP Services,126,3.049999952316284,-46.1130735946783,16,60,E-
CION,CION Investment Corporation Common Stock,Finance/Investors Services,53,7.179999828338623,-21.529922390581056,41,17,B
CIRC,Circle8 Group Inc. Common Stock,Biotechnology: Laboratory Analytical Instruments,31,0.5730000138282776,-88.30612239436476,7,26,A
CISO,CISO Global Inc. Common Stock,Professional Services,41,0.23800000548362732,-82.99999931880406,11,26,D-
CISS,C3is Inc. Common Stock,Marine Transportation,3,1.4500000476837158,-99.9936381184289,1,78,B
CITR,CitroTech Inc. Common Stock,Major Chemicals,65,5.03000020980835,-50.1486607161423,17,,D
CIVB,Civista Bancshares Inc. Common Stock,Major Banks,12,27.350000381469727,-6.076304863390137,72,46,C-
CIX,CompX International Inc. Common Stock,Industrial Machinery/Components,93,35.58000183105469,-4.148699205665318,92,65,A
CJMB,Callan JMB Inc. Common Stock,Business Services,78,2.259999990463257,-56.53846012770066,96,,A+
CKX,CKX Lands Inc. Common Stock,Oil & Gas Production,11,10.75,-12.814273588666424,52,58,B
CL,Colgate-Palmolive Company Common Stock,Package Goods/Cosmetics,55,87.9000015258789,-10.275029875928743,55,48,D+
CLAR,Clarus Corporation Common Stock,Recreational Games/Products/Toys,93,3.549999952316284,-7.068062451438594,64,63,B
CLB,Core Laboratories Inc. Common Stock,Oilfield Services/Equipment,15,12.529999732971191,-36.158985428572485,31,46,C-
CLBK,Columbia Financial Inc. Common Stock,Savings Institutions,9,11.539999961853027,-2.3688641302909597,89,64,B+
CLBT,Cellebrite DI Ltd. Ordinary Shares,Computer Software: Prepackaged Software,103,11.324999809265137,-42.10122638814955,22,36,E-
CLDI,Calidi Biotherapeutics Inc. Common Stock,Biotechnology: Biological Products (No Diagnostic Substances),51,1.309999942779541,-95.09730547738147,4,7,E+
CLDT,Chatham Lodging Trust (REIT) Common Shares of Beneficial Interest,Real Estate Investment Trusts,57,12.949999809265137,-6.091371681737234,93,56,C
CLDX,Celldex Therapeutics Inc.,Biotechnology: In Vitro & In Vivo Diagnostic Substances,119,38.099998474121094,-15.088033472077678,85,17,B-
CLF,Cleveland-Cliffs Inc. Common Stock,Metal Mining,57,11.829999923706055,-26.885045113863292,55,17,B+
CLFD,Clearfield Inc. Common Stock,Telecommunications Equipment,103,28.280000686645508,-44.83027387309589,29,38,D-
CLGN,CollPlant Biotechnologies Ltd Ordinary Shares,Industrial Specialties,68,3.5399999618530273,-88.72611463420546,11,7,A+
CLH,Clean Harbors Inc. Common Stock,Environmental Services,81,320.94000244140625,-1.654714088705589,76,79,B
CLIK,Click Holdings Limited Class A Ordinary Share,Diversified Commercial Services,65,1.25,-88.0497132366986,8,,A+
CLIR,ClearSign Technologies Corporation Common Stock (DE),Industrial Machinery/Components,93,4.039999961853027,-61.88679418431428,25,,B+
CLLS,Cellectis S.A. American Depositary Shares,Biotechnology: Pharmaceutical Preparations,62,3.119999885559082,-41.68224409018265,35,17,C-
CLMB,Climb Global Solutions Inc. Common Stock,Retail: Computer Software & Peripheral Equipment,26,26.8700008392334,-24.93335577009973,63,52,C
CLMT,Calumet Inc. Common Stock,Integrated oil Companies,1,56.439998626708984,0.0,98,65,A-
CLNE,Clean Energy Fuels Corp. Common Stock,Natural Gas Distribution,33,1.590000033378601,-48.039213623830015,20,17,E+
CLNN,Clene Inc. Common Stock,Biotechnology: Pharmaceutical Preparations,62,3.6500000953674316,-70.79999923706055,14,26,E-
CLOV,Clover Health Investments Corp. Class A Common Stock,Medical Specialities,15,4.710000038146973,-12.938998687772308,92,63,B+
CLPR,Clipper Realty Inc. Common Stock,Real Estate Investment Trusts,57,3.390000104904175,-12.751558052707946,55,17,E+
CLPS,CLPS Incorporation Common Stock,Computer Software: Prepackaged Software,103,1.0700000524520874,-33.9506142405798,60,,A
CLPT,ClearPoint Neuro Inc. Common Stock,Medical/Dental Instruments,98,13.479999542236328,-54.459461592861615,59,26,C-
CLRB,Cellectar Biosciences Inc.  Common Stock,Biotechnology: Pharmaceutical Preparations,62,2.369999885559082,-61.5883329618589,24,26,C+
CLRO,ClearOne Inc. Common Stock,Telecommunications Equipment,103,4.869999885559082,-64.8121399431599,67,7,A+
CLS,Celestica Inc. Common Stock,Electrical Products,20,325.2200012207031,-31.155799021460695,58,92,B-
CLSK,CleanSpark Inc. Common Stock,Finance: Consumer Services,114,12.800000190734863,-44.82758719912604,57,42,B
CLST,Catalyst Bancorp Inc. Common Stock,Savings Institutions,9,18.020000457763672,-0.6888949950206058,73,65,B+
CLVT,Clarivate Plc Ordinary Shares,EDP Services,126,1.9500000476837158,-55.37757211098325,17,17,D
CLW,Clearwater Paper Corporation Common Stock,Paper,62,19.690000534057617,-15.529811303401564,72,17,B+
CLWT,Euro Tech Holdings Company Limited Common Stock,Professional and commerical equipment,,1.5499999523162842,-18.848168617610984,77,,A
CLX,Clorox Company (The) Common Stock,Specialty Chemicals,133,88.7699966430664,-28.484516092589796,29,52,E
CLYM,Climb Bio Inc. Common Stock,Biotechnology: Pharmaceutical Preparations,62,14.949999809265137,-16.199553355404696,99,7,B
CM,Canadian Imperial Bank of Commerce Common Stock,Commercial Banks,7,114.47000122070312,-7.49151188225502,76,74,D
CMBT,CMB.TECH NV Ordinary Shares,Marine Transportation,3,19.3799991607666,-0.5643951341373077,94,,B+
CMC,Commercial Metals Company Common Stock,Steel/Iron Ore,39,66.62000274658203,-19.416431024170688,46,68,D-
CMCL,Caledonia Mining Corporation Plc Common Shares,Precious Metals,18,25.360000610351562,-31.98307713824754,67,85,B
CMCM,Cheetah Mobile Inc. American Depositary Shares each representing fifty (50) Class A Ordinary Shares,Computer Software: Prepackaged Software,103,3.3450000286102295,-63.83783752853807,15,17,E+
CMCO,Columbus McKinnon Corporation Common Stock,Construction/Ag Equipment/Trucks,4,17.219999313354492,-25.163739359863524,78,17,C
CMCSA,Comcast Corporation Class A Common Stock,Cable & Other Pay Television Services,81,25.170000076293945,-20.536923606731648,42,49,D+
CMCT,Creative Media & Community Trust Corporation Common stock,Real Estate Investment Trusts,57,2.740000009536743,-99.78726708000491,4,17,E-
CMDB,Costamare Bulkers Holdings Limited Common Stock,Marine Transportation,3,23.350000381469727,-2.50522071965098,92,69,B
CME,CME Group Inc. Class A Common Stock,Investment Bankers/Brokers/Service,51,274.07000732421875,-13.189658688945027,52,55,C
CMG,Chipotle Mexican Grill Inc. Common Stock,Restaurants,81,36.130001068115234,-14.70726971782408,61,57,C+
CMI,Cummins Inc. Common Stock,Industrial Machinery/Components,93,550.030029296875,-24.122469778459,56,68,E+
CMMB,Chemomab Therapeutics Ltd. American Depositary Share,Biotechnology: Pharmaceutical Preparations,62,2.5999999046325684,-25.714288439069477,77,17,A-
CMND,Clearmind Medicine Inc. Common Shares,Biotechnology: Pharmaceutical Preparations,62,0.9819999933242798,-99.79369748039406,2,26,E-
CMP,Compass Minerals Intl Inc Common Stock,Mining & Quarrying of Nonmetallic Minerals (No Fuels),98,25.06999969482422,-25.18650865251021,60,33,E+
CMPR,Cimpress plc Ordinary Shares (Ireland),Publishing,78,84.06999969482422,-20.16902322303421,65,97,E+
CMPS,COMPASS Pathways Plc American Depository Shares,Biotechnology: Pharmaceutical Preparations,62,14.220000267028809,-6.262358632085274,97,7,A-
CMPX,Compass Therapeutics Inc. Common Stock,Biotechnology: Biological Products (No Diagnostic Substances),51,2.049999952316284,-69.3572506011605,17,17,B
CMRC,Commerce.com Inc. Series 1 Common Stock,Computer Software: Prepackaged Software,103,3.0799999237060547,-44.10163710045635,39,97,A
CMRE,Costamare Inc. Common Stock $0.0001 par value,Marine Transportation,3,15.109999656677246,-14.357163443939768,48,43,C-
CMS,CMS Energy Corporation Common Stock,Power Generation,77,67.68000030517578,-13.990389094959054,39,44,D
CMT,Core Molding Technologies Inc Common Stock,Plastic Products,17,23.68000030517578,-16.47266318679267,70,39,D+
CMTG,Claros Mortgage Trust Inc. Common Stock,Real Estate,71,1.5399999618530273,-61.01265966424266,11,7,E
CMTL,Comtech Telecommunications Corp. Common Stock,Radio And Television Broadcasting And Communications Equipment,81,1.4600000381469727,-75.58528372089907,7,17,E
CMTV,Community Bancorp. Common Stock,Major Banks,12,40.5099983215332,-4.0047450494134385,86,59,B
CNA,CNA Financial Corporation Common Stock,Property-Casualty Insurers,29,47.47999954223633,-13.34096002136642,61,53,D+
CNC,Centene Corporation Common Stock,Medical Specialities,15,65.4000015258789,-4.831198538780013,92,66,C-
CNCK,Coincheck Group N.V. Ordinary Shares,Finance: Consumer Services,114,1.9500000476837158,-75.25380686086363,23,17,A
CNDT,Conduent Incorporated Common Stock,Business Services,78,1.5800000429153442,-46.62162085969228,44,7,C+
CNET,ZW Data Action Technologies Inc. Common Stock,Computer Software: Programming Data Processing,103,1.2999999523162842,-49.01960875977925,71,,A-
CNEY,CN Energy Group Inc. Class A Ordinary Shares,Major Chemicals,65,0.5419999957084656,-79.41511519520533,11,,A+
CNF,CNFinance Holdings Limited American Depositary Shares each representing two hundred (200) Ordinary Shares,Finance: Consumer Services,114,2.0,-68.79875120734278,11,,A
CNH,CNH Industrial N.V. Common Shares,Construction/Ag Equipment/Trucks,4,13.5,-6.249997516473071,85,38,A
CNI,Canadian National Railway Company Common Stock,Railroads,33,121.16000366210938,-6.712630060665903,70,52,C-
CNK,Cinemark Holdings Inc Cinemark Holdings Inc. Common Stock,Movies/Entertainment,6,35.150001525878906,-8.242733147807845,81,41,B-
CNL,Collective Mining Ltd. Common Shares,,,14.649999618530273,-29.53343447143051,63,26,E+
CNM,Core & Main Inc. Class A Common Stock,Durable Goods,129,40.849998474121094,-30.868169963387558,26,53,E
CNMD,CONMED Corporation Common Stock,Biotechnology: Electromedical & Electrotherapeutic Apparatus,57,46.220001220703125,-14.16205123031624,70,76,A-
CNNE,Cannae Holdings Inc. Common Stock,Restaurants,81,15.180000305175781,-19.718281870447797,56,63,C+
CNO,CNO Financial Group Inc. Common Stock,Accident &Health Insurance,4,55.029998779296875,-2.7112775341626705,83,65,C+
CNOB,ConnectOne Bancorp Inc. Common Stock,Major Banks,12,31.59000015258789,-6.843168794826315,70,82,D+
CNP,CenterPoint Energy Inc (Holding Co) Common Stock,Electric Utilities: Central,71,39.119998931884766,-12.624811224500665,43,72,D
CNQ,Canadian Natural Resources Limited Common Stock,Oil & Gas Production,11,50.79999923706055,-1.9494346833797693,84,87,C
CNR,Core Natural Resources Inc. Common Stock,Coal Mining,31,98.5199966430664,-12.812190238731858,70,89,B-
CNS,Cohen & Steers Inc Common Stock,Investment Managers,46,76.66000366210938,-10.496202806316624,69,61,D+
CNSP,CNS Pharmaceuticals Inc. Common Stock,Biotechnology: Pharmaceutical Preparations,62,5.75,-45.600755288426484,77,26,B+
CNSY,Cerenome Inc. Common Stock,Medical/Dental Instruments,98,2.390000104904175,-89.25842649481271,5,,E
CNTB,Connect Biopharma Holdings Limited Ordinary Shares,Biotechnology: Pharmaceutical Preparations,62,2.059999942779541,-44.17344415080407,38,7,B+
CNTN,Canton Strategic Holdings Inc. Common Stock,Biotechnology: Pharmaceutical Preparations,62,2.1500000953674316,-60.766421753937585,18,,C+
CNTX,Context Therapeutics Inc. Common Stock,Biotechnology: Pharmaceutical Preparations,62,0.3659999966621399,-89.10714261639279,4,26,E-
CNTY,Century Casinos Inc. Common Stock,Hotels/Resorts,86,1.159999966621399,-58.122744598958434,20,17,E
CNVS,Cineverse Corp. Class A Common Stock,Consumer Electronics/Video Chains,133,2.2300000190734863,-36.28571374075753,27,17,A-
CNX,CNX Resources Corporation Common Stock,Oil & Gas Production,11,36.66999816894531,-13.940395109882264,57,90,C+
CNXC,Concentrix Corporation Common Stock,Computer Software: Prepackaged Software,103,27.0,-50.43709252017508,28,45,B
CNXN,PC Connection Inc. Common Stock,Catalog/Specialty Distribution,98,82.58999633789062,-4.607737945853274,82,84,C+
CNXU,Conexeu Sciences Inc. Common Stock,Industrial Specialties,68,4.25,-74.77744864223381,5,,E-
COAG,Hemab Therapeutics Holdings Inc. Common Stock,Biotechnology: Biological Products (No Diagnostic Substances),51,39.880001068115234,-27.411718119833296,85,,C
COCH,Envoy Medical Inc. Class A Common Stock,Industrial Specialties,68,0.7099999785423279,-55.345914236640326,34,7,A
COCO,The Vita Coco Company Inc. Common Stock,Beverages (Production/Distribution),119,51.099998474121094,-39.18114673200475,33,94,E-
COCP,Cocrystal Pharma Inc. Common Stock,Biotechnology: Pharmaceutical Preparations,62,1.2300000190734863,-22.151899641474305,68,26,A
CODA,Coda Octopus Group Inc. Common stock,Industrial Machinery/Components,93,9.819999694824219,-41.408117179486624,41,60,E
CODI,D/B/A Compass Diversified Holdings Shares of Beneficial Interest,Home Furnishings,26,10.960000038146973,-13.76868603263307,89,70,B
CODX,Co-Diagnostics Inc. Common Stock,Medical/Dental Instruments,98,1.100000023841858,-97.0899469681381,3,,E-
COE,51Talk Online Education Group American depositary shares each representing 60 Class A ordinary shares,Other Consumer Services,132,10.600000381469727,-80.9215260628748,7,17,E-
COF,Capital One Financial Corporation Common Stock,Major Banks,12,207.11000061035156,-18.767073195546814,59,79,C-
COFS,ChoiceOne Financial Services Inc. Common Stock,Major Banks,12,33.93000030517578,-1.9930636857227069,67,42,C
COGT,Cogent Biosciences Inc. Common Stock,Biotechnology: Pharmaceutical Preparations,62,34.08000183105469,-20.44817528088647,85,7,C+
COHN,Cohen & Company Inc.,Investment Bankers/Brokers/Service,51,10.920000076293945,-60.327994557422635,33,79,E
COHR,Coherent Corp. Common Stock,Electronic Components,2,293.1700134277344,-31.324227935110493,91,89,C-
COHU,Cohu Inc. Common Stock,Electrical Products,20,54.72999954223633,-25.95048460227022,96,71,B-
COIN,Coinbase Global Inc. Class A Common Stock,Finance: Consumer Services,114,172.27999877929688,-55.51423976382151,29,41,A-
COKE,Coca-Cola Consolidated Inc. Common Stock,Beverages (Production/Distribution),119,188.8000030517578,-12.723932764993407,66,61,C
COLB,Columbia Banking System Inc. Common Stock,Major Banks,12,30.040000915527344,-9.531138024074615,62,54,D
COLD,Americold Realty Trust Inc. Common Stock,Real Estate Investment Trusts,57,14.119999885559082,-13.10769301194411,70,30,D+
COLL,Collegium Pharmaceutical Inc. Common Stock,Biotechnology: Pharmaceutical Preparations,62,22.920000076293945,-54.01284107920725,13,41,E-
COLM,Columbia Sportswear Company Common Stock,Apparel,109,56.41999816894531,-16.35639134142728,44,84,D-
COMP,Compass Inc. Class A Common Stock,Real Estate,71,10.130000114440918,-25.405006101970685,71,88,C+
CON,Concentra Group Holdings Parent Inc. Common Stock,Medical Specialities,15,34.2400016784668,-3.455798044551528,91,70,B+
COO,The Cooper Companies Inc. Common Stock,Ophthalmic Goods,114,54.16999816894531,-35.75664330526509,22,88,E-
COOK,Traeger Inc. Common Stock,Consumer Electronics/Appliances,93,48.68000030517578,-40.63414596929783,57,36,E
COOT,Australian Oilseeds Holdings Limited Ordinary Shares,Packaged Foods,109,0.4650000035762787,-82.38636420080154,18,,A+
COP,ConocoPhillips Common Stock,Integrated oil Companies,1,137.0399932861328,-0.11662074757169405,84,70,B-
COR,Cencora Inc. Common Stock,Other Pharmaceuticals,137,320.95001220703125,-13.845275408004277,56,52,C
CORT,Corcept Therapeutics Incorporated Common Stock,Biotechnology: Pharmaceutical Preparations,62,114.91999816894531,-7.00008217790844,97,35,B+
CORZ,Core Scientific Inc. Common Stock,Finance: Consumer Services,114,17.3700008392334,-40.43209557569683,36,17,E+
COSM,Cosmos Health Inc. Common Stock,Other Pharmaceuticals,137,0.2529999911785126,-79.760000705719,22,,A-
COSO,CoastalSouth Bancshares Inc. Common Stock,Major Banks,12,27.56999969482422,-1.570869441135958,67,48,C
COST,Costco Wholesale Corporation Common Stock,Department/Specialty Retail Stores,45,902.3800048828125,-17.40855392679621,38,64,D
COTY,Coty Inc. Class A Common Stock,Package Goods/Cosmetics,55,2.630000114440918,-40.89887129960955,54,26,B
COUR,Coursera Inc. Common Stock,Computer Software: Prepackaged Software,103,5.230000019073486,-56.66942708112759,23,17,D+
COYA,Coya Therapeutics Inc. Common Stock,Biotechnology: Pharmaceutical Preparations,62,4.519999980926514,-38.58695789495575,33,26,D
CP,Canadian Pacific Kansas City Limited Common Shares,Railroads,33,88.83999633789062,-8.118736069194643,62,46,C-
CPA,Copa Holdings S.A. Class A Common Stock,Air Freight/Delivery Services,65,128.55999755859375,-17.11921853903985,61,47,D
CPAC,Cementos Pacasmayo S.A.A. American Depositary Shares (Each representing five Common Shares),Building Materials,86,12.569999694824219,-1.0236229637269556,91,72,B+
CPAY,Corpay Inc. Common Stock,Business Services,78,408.4700012207031,-3.943652854574886,79,47,B-
CPB,The Campbell's Company Common Stock,Packaged Foods,109,20.940000534057617,-34.035262977418725,28,73,E
CPBI,Central Plains Bancshares Inc. Common Stock,Savings Institutions,9,21.06999969482422,-1.7715666881084058,77,84,B
CPF,Central Pacific Financial Corp New,Major Banks,12,37.75,-4.846814977492797,73,59,C-
CPHC,Canterbury Park Holding Corporation 'New' Common Stock,Services-Misc. Amusement & Recreation,89,15.989999771118164,-4.6372185993349575,51,,B-
CPHI,China Pharma Holdings Inc. Common Stock,Biotechnology: Pharmaceutical Preparations,62,0.7599999904632568,-90.6172845102341,25,51,A
CPIX,Cumberland Pharmaceuticals Inc. Common Stock,Biotechnology: Pharmaceutical Preparations,62,6.480000019073486,-27.759199262321776,98,17,B
CPK,Chesapeake Utilities Corporation Common Stock,Oil & Gas Production,11,129.58999633789062,-6.039734586459922,55,51,C
CPNG,Coupang Inc. Class A Common Stock,Catalog/Specialty Distribution,98,14.670000076293945,-56.248134177231314,21,7,D-
CPOP,Pop Culture Group Co. Ltd Class A Ordinary Shares,Services-Misc. Amusement & Recreation,89,0.25099998712539673,-98.7756098189005,1,,A+
CPRI,Capri Holdings Limited Ordinary Shares,Apparel,109,12.880000114440918,-53.434561874569276,14,56,E
CPRT,Copart Inc. (DE) Common Stock,Retail-Auto Dealers and Gas Stations,86,30.75,-37.11656637939683,29,54,B-
CPS,Cooper-Standard Holdings Inc. Common Stock,Auto Parts:O.E.M.,68,23.700000762939453,-47.566370878534045,22,17,E
CPSH,CPS Technologies Corp. Common Stock,Building Materials,86,3.940000057220459,-66.00517683047045,33,31,E
CPSS,Consumer Portfolio Services Inc. Common Stock,Finance: Consumer Services,114,9.369999885559082,-9.02912900926296,61,56,D+
CPT,Camden Property Trust Common Stock,Real Estate Investment Trusts,57,102.5,-12.825311784500947,41,31,D-
CR,Crane Company Common Stock,Metal Fabrications,47,197.52999877929688,-12.659587897224412,55,50,D-
CRAI,CRA International Inc. Common Stock,Other Consumer Services,132,163.4600067138672,-26.042584085408148,44,66,D+
CRBG,Corebridge Financial Inc. Common Stock,Life Insurance,10,34.18000030517578,-1.6402868915804891,80,26,B-
CRBP,Corbus Pharmaceuticals Holdings Inc. Common Stock,Biotechnology: Pharmaceutical Preparations,62,8.239999771118164,-57.43801905299355,36,17,C-
CRBU,Caribou Biosciences Inc. Common Stock,Biotechnology: Biological Products (No Diagnostic Substances),51,1.3700000047683716,-51.760561754485444,20,17,D
CRC,California Resources Corporation Common Stock,Oil & Gas Production,11,56.25,-18.63852842205557,54,75,B-
CRCL,Circle Internet Group Inc. Class A Common Stock,Finance: Consumer Services,114,90.31999969482422,-39.978733214241494,45,63,A-
CRCT,Cricut Inc. Class A Common Stock,Industrial Machinery/Components,93,5.460000038146973,-16.64714563726467,74,80,B+
CRD-A,Crawford & Company,,,12.470000267028809,-8.891553664354657,75,81,A-
CRD-B,Crawford & Company,,,11.640000343322754,-8.056868217876467,71,81,B+
CRDF,Cardiff Oncology Inc. Common Stock,Biotechnology: Biological Products (No Diagnostic Substances),51,1.2100000381469727,-62.30529520973258,16,7,D-
CRDL,Cardiol Therapeutics Inc. Class A Common Shares,Biotechnology: Biological Products (No Diagnostic Substances),51,1.9800000190734863,-13.347923645539927,97,26,A
CRDO,Credo Technology Group Holding Ltd Ordinary Shares,Semiconductors,41,160.30999755859375,-47.008461133010016,38,92,E-
CRE,Cre8 Enterprise Limited Class A Ordinary Shares,Publishing,78,2.8499999046325684,-76.2500007947286,18,,A+
CRESY,Cresud S.A.C.I.F. y A. American Depositary Shares,Real Estate,71,12.609999656677246,-10.630758586093647,74,50,A-
CREX,Creative Realities Inc. Common Stock,EDP Services,126,2.9000000953674316,-30.120481235539053,36,7,D
CRGO,Freightos Limited Ordinary shares,Integrated Freight & Logistics,141,1.2000000476837158,-70.73170547326497,13,17,A+
CRGY,Crescent Energy Company Class A Common Stock,Oil & Gas Production,11,14.40999984741211,0.0,89,69,B+
CRH,CRH PLC Ordinary Shares,Building Materials,86,87.66000366210938,-32.529639102157795,26,56,E+
CRI,Carter's Inc. Common Stock,Apparel,109,30.190000534057617,-30.46385065907152,34,85,E
CRIS,Curis Inc. Common Stock,Biotechnology: Biological Products (No Diagnostic Substances),51,1.159999966621399,-96.81318703847667,1,7,A-
CRK,Comstock Resources Inc. Common Stock,Oil & Gas Production,11,15.1899995803833,-44.50128200723594,37,35,A-
CRL,Charles River Laboratories International Inc. Common Stock,Biotechnology: Commercial Physical & Biological Resarch,7,273.0,-8.56721405407207,93,17,B+
CRM,Salesforce Inc. Common Stock,Computer Software: Prepackaged Software,103,243.0,-8.261096432475057,76,96,A-
CRMD,CorMedix Inc. Common Stock,Biotechnology: Pharmaceutical Preparations,62,7.960000038146973,-39.190221960591174,30,71,B+
CRML,Critical Metals Corp. Ordinary Shares,Metal Mining,57,6.71999979019165,-77.57757776391657,24,,C+
CRMT,America's Car-Mart Inc Common Stock,Retail-Auto Dealers and Gas Stations,86,1.590000033378601,-95.50339364837814,5,17,A-
CRNC,Cerence Inc. Common Stock,Computer Software: Prepackaged Software,103,8.140000343322754,-38.796990777539264,29,42,D-
CRNT,Ceragon Networks Ltd. Ordinary Shares,Radio And Television Broadcasting And Communications Equipment,81,2.0299999713897705,-36.56250183936206,31,17,B
CRON,Cronos Group Inc. Common Share,Medicinal Chemicals and Botanical Products,129,3.1600000858306885,-10.985911879551736,76,63,A-
CROX,Crocs Inc. Common Stock,Shoe Manufacturing,107,108.83000183105469,-22.919470253413266,69,63,E+
CRS,Carpenter Technology Corporation Common Stock,Steel/Iron Ore,39,448.25,-27.583693165307555,77,98,E+
CRSP,CRISPR Therapeutics AG Common Shares,Biotechnology: Biological Products (No Diagnostic Substances),51,52.2599983215332,-31.935400947642755,48,17,B
CRSR,Corsair Gaming Inc. Common Stock,Computer peripheral equipment,55,12.569999694824219,-12.404185639911457,95,63,B+
CRT,Cross Timbers Royalty Trust Common Stock,Oil & Gas Production,11,11.279999732971191,-0.26525805068471353,79,39,B
CRTO,Criteo S.A. Ordinary Shares,Advertising,116,17.3700008392334,-25.386596533918315,34,52,E+
CRUS,Cirrus Logic Inc. Common Stock,Semiconductors,41,116.4800033569336,-34.890996461223146,30,80,D-
CRVL,CorVel Corp. Common Stock,Specialty Insurers,48,67.69000244140625,-23.26266506750081,57,68,B-
CRVO,CervoMed Inc. Common Stock,Biotechnology: Pharmaceutical Preparations,62,2.4800000190734863,-75.05030056572846,15,26,A
CRVS,Corvus Pharmaceuticals Inc. Common Stock,Biotechnology: Pharmaceutical Preparations,62,12.9399995803833,-49.294673400185204,86,17,D+
CRWD,CrowdStrike Holdings Inc. Class A Common Stock,Computer Software: Prepackaged Software,103,208.86000061035156,-9.584415320194129,94,93,B
CRWS,Crown Crafts Inc Common Stock,Textiles,38,2.690000057220459,-11.513154902121325,46,80,E+
CRWV,CoreWeave Inc. Class A Common Stock,Computer Software: Prepackaged Software,103,89.12000274658203,-37.713166336262205,43,26,B+
CSAI,Cloudastructure Inc. Class A Common Stock,Computer Software: Programming Data Processing,103,4.559999942779541,-92.12435263798497,4,26,D-
CSAN,Cosan S.A. ADS,Retail-Auto Dealers and Gas Stations,86,2.950000047683716,-50.42016567647487,25,17,A-
CSBR,Champions Oncology Inc. Common Stock,Biotechnology: Biological Products (No Diagnostic Substances),51,5.099999904632568,-38.55421942850551,28,17,E
CSCO,Cisco Systems Inc. Common Stock (DE),Computer Communications Equipment,57,107.44000244140625,-17.044668268235576,79,74,E+
CSGP,CoStar Group Inc. Common Stock,Real Estate,71,29.489999771118164,-66.9616860123867,14,81,D+
CSHR,CoinShares PLC Ordinary Shares,Investment Bankers/Brokers/Service,51,5.25,-39.02438781250696,34,,A
CSIQ,Canadian Solar Inc. Common Shares (ON),Semiconductors,41,13.029999732971191,-61.19714406649888,27,17,E+
CSL,Carlisle Companies Incorporated Common Stock,Specialty Chemicals,133,329.739990234375,-20.499623648833087,43,49,E
CSPI,CSP Inc. Common Stock,EDP Services,126,7.75,-47.532909178621196,25,17,E-
CSQ,Calamos Strategic Total Return Common Stock,Finance Companies,68,20.829999923706055,-1.2328128354704204,68,,C
CSR,D/B/A Centerspace Common Stock,Real Estate Investment Trusts,57,57.689998626708984,-15.111059444706143,45,41,A
CSTE,Caesarstone Ltd. Ordinary Shares,Building Materials,86,3.180000066757202,-10.674153992419633,98,7,A-
CSTL,Castle Biosciences Inc. Common Stock,Medical Specialities,15,32.31999969482422,-24.907065503420377,83,17,A-
CSTM,Constellium SE Ordinary Shares (France),Metal Fabrications,47,25.989999771118164,-28.10512123350104,75,89,E+
CSV,Carriage Services Inc. Common Stock,Other Consumer Services,132,32.189998626708984,-37.35783161562078,23,52,E
CSW,CSW Industrials Inc. Common Stock,Home Furnishings,26,291.70001220703125,-16.96319134857217,61,75,D+
CSWC,Capital Southwest Corporation Common Stock,Textiles,38,24.100000381469727,-5.748921904179937,66,70,D+
CSX,CSX Corporation Common Stock,Railroads,33,49.040000915527344,-7.619287359739757,80,56,C-
CTAS,Cintas Corporation Common Stock,Garments and Clothing,109,198.44000244140625,-8.116432522478334,58,86,C+
CTBI,Community Trust Bancorp Inc. Common Stock,Major Banks,12,77.37000274658203,-2.6302496375173456,81,61,C+
CTEV,Claritev Corporation Class A Common Stock,Business Services,78,36.7400016784668,-48.51457207928156,80,7,B+
CTGO,Contango Silver & Gold Inc. Common Stock,Precious Metals,18,18.8799991607666,-42.96072498152004,42,30,B-
CTKB,Cytek Biosciences Inc. Common Stock,Biotechnology: Laboratory Analytical Instruments,31,4.53000020980835,-22.959181604725686,60,7,E+
CTM,Castellum Inc. Common Stock,Professional Services,41,0.6179999709129333,-52.824427640686075,19,26,B
CTMX,CytomX Therapeutics Inc. Common Stock,Biotechnology: Pharmaceutical Preparations,62,3.3499999046325684,-50.370371783221216,62,26,B+
CTNM,Contineum Therapeutics Inc. Class A Common Stock,Biotechnology: Pharmaceutical Preparations,62,14.65999984741211,-16.562321559227676,74,7,B+
CTNT,Cheetah Net Supply Chain Service Inc Class A Common Stock,Motor Vehicles,129,1.1399999856948853,-99.727272730695,4,,E-
CTO,CTO Realty Growth Inc. Common Stock,Real Estate Investment Trusts,57,20.829999923706055,-5.8741077323257285,71,84,C-
CTOR,Citius Oncology Inc. Common Stock,Biotechnology: Pharmaceutical Preparations,62,0.9100000262260437,-55.17241186939312,45,26,A
CTOS,Custom Truck One Source Inc. Common Stock,Diversified Commercial Services,65,9.039999961853027,-24.477863323415495,82,97,D-
CTRE,CareTrust REIT Inc. Common Stock,Real Estate Investment Trusts,57,38.81999969482422,-10.552999239697458,58,75,C
CTRI,Centuri Holdings Inc. Common Stock,Oil & Gas Production,11,20.25,-51.55502303922047,22,57,E
CTRM,Castor Maritime Inc. Common Shares,Marine Transportation,3,2.4100000858306885,-8.712121588413147,67,78,A
CTRN,Citi Trends Inc. Common Stock,Clothing/Shoe/Accessory Stores,122,63.959999084472656,-16.0409571695327,91,68,E+
CTS,CTS Corporation Common Stock,Electrical Products,20,56.29999923706055,-17.532242353965643,65,89,D
CTSH,Cognizant Technology Solutions Corporation Class A Common Stock,EDP Services,126,58.31999969482422,-31.515319132390363,41,49,C
CTSO,Cytosorbents Corporation Common Stock,Medical/Dental Instruments,98,6.369999885559082,0.0,99,17,A+
CTVA,Corteva Inc. Common Stock,Farming/Seeds/Milling,91,84.48999786376953,-6.452237458814103,72,45,C-
CTW,CTW Class A Ordinary Shares,EDP Services,126,2.319999933242798,-22.923590013509067,68,,D
CTXR,Citius Pharmaceuticals Inc. Common Stock,Biotechnology: Pharmaceutical Preparations,62,0.5849999785423279,-67.8571449624874,21,26,A
CUB,Lionheart Holdings Class A Ordinary Shares,Industrial Machinery/Components,93,10.859999656677246,-0.45829689673848595,49,32,D+
CUBE,CubeSmart Common Shares,Real Estate Investment Trusts,57,39.08000183105469,-8.047054515165442,50,,D+
CUBI,Customers Bancorp Inc Common Stock,Major Banks,12,78.86000061035156,-5.7262412769298665,64,56,C
CUE,Cue Biopharma Inc. Common Stock,Biotechnology: Pharmaceutical Preparations,62,28.0,-23.87166685888814,93,33,B
CULP,Culp Inc. Common Stock,Textiles,38,3.8299999237060547,-18.855930212858297,66,7,A+
CUPR,Cuprina Holdings (Cayman) Limited Class A Ordinary Shares,Industrial Specialties,68,3.0,-76.85185191998703,39,,A
CURB,Curbline Properties Corp. Common Stock,Real Estate,71,29.399999618530273,-7.401576004629062,70,46,D
CURI,CuriosityStream Inc. Class A Common Stock,Movies/Entertainment,6,2.7100000381469727,-44.77954548524012,29,7,A
CURR,Currenc Group Inc. Ordinary Shares,Business Services,78,3.5799999237060547,-20.26725821381252,92,,E-
CURV,Torrid Holdings Inc. Common Stock,Clothing/Shoe/Accessory Stores,122,2.2799999713897705,-17.090910131281067,92,17,A
CURX,Curanex Pharmaceuticals Inc Common Stock,Biotechnology: Pharmaceutical Preparations,62,4.309999942779541,-97.64737990470753,9,,B-
CUVL,Clinuvel Pharmaceuticals Limited American Depositary Shares,Miscellaneous,138,5.880000114440918,-32.426893662911894,29,,E-
CUZ,Cousins Properties Incorporated Common Stock,Real Estate Investment Trusts,57,27.940000534057617,-13.498448315752064,61,66,D
CV,CapsoVision Inc. Common Stock,Biotechnology: Electromedical & Electrotherapeutic Apparatus,57,6.519999980926514,-54.78502117593466,70,,B+
CVBF,CVB Financial Corporation Common Stock,Major Banks,12,22.389999389648438,-3.9055788721429674,69,43,C
CVCO,Cavco Industries Inc. Common Stock When Issued,Homebuilding,93,523.3499755859375,-24.995705076057774,40,43,D-
CVE,Cenovus Energy Inc Common Stock,Oil & Gas Production,11,33.34000015258789,-0.35863399631845816,93,71,C+
CVEO,Civeo Corporation (Canada) Common Shares,Hotels/Resorts,86,33.70000076293945,-5.230597689876926,77,7,B-
CVGI,Commercial Vehicle Group Inc. Common Stock,Auto Parts:O.E.M.,68,3.0899999141693115,-46.53979581305641,82,63,E-
CVI,CVR Energy Inc. Common Stock,Integrated oil Companies,1,48.599998474121094,0.0,93,34,A-
CVKD,Cadrenal Therapeutics Inc. Common Stock,Biotechnology: Pharmaceutical Preparations,62,1.1799999475479126,-91.69014110283302,3,26,A+
CVLG,Covenant Logistics Group Inc. Class A Common Stock,Trucking Freight/Courier Services,24,35.27000045776367,-29.146034368601104,78,52,E
CVLT,Commvault Systems Inc. Common Stock,Computer Software: Prepackaged Software,103,131.5500030517578,-32.68000584083415,64,67,C
CVM,Cel-Sci Corporation Common Stock,Biotechnology: Biological Products (No Diagnostic Substances),51,1.5199999809265137,-85.48233102043787,16,26,B+
CVNA,Carvana Co. Class A Common Stock,Retail-Auto Dealers and Gas Stations,86,70.27999877929688,-26.554502052258442,45,94,D-
CVR,Chicago Rivet & Machine Co. Common Stock,Industrial Machinery/Components,93,10.260000228881836,-29.868739090463503,40,26,C+
CVRX,CVRx Inc. Common Stock,Medical/Dental Instruments,98,2.859999895095825,-73.5430177236086,8,17,E-
CVS,CVS Health Corporation Common Stock,Retail-Drug Stores and Proprietary Stores,123,95.29000091552734,-13.309280362658882,73,73,D+
CVSA,Covista Inc. Common Shares,Other Consumer Services,132,123.62999725341797,-19.954678085977772,59,84,D
CVU,CPI Aerostructures Inc. Common Stock,Military/Government/Technical,98,5.159999847412109,-11.945397101595034,90,,D+
CVV,CVD Equipment Corporation Common Stock,Industrial Machinery/Components,93,6.269999980926514,-24.82014548907483,91,17,D
CVX,Chevron Corporation Common Stock,Integrated oil Companies,1,212.75999450683594,-0.49109165321891135,80,75,B
CW,Curtiss-Wright Corporation Common Stock,Industrial Machinery/Components,93,559.739990234375,-29.39440487856254,35,75,E
CWBC,Community West Bancshares Common Stock,Major Banks,12,26.290000915527344,-5.728604337917254,68,38,C
CWCO,Consolidated Water Co. Ltd. Ordinary Shares,Water Supply,28,28.040000915527344,-26.37703798536899,32,55,D+
CWD,CaliberCos Inc. Class A Common Stock,Real Estate,71,0.5170000195503235,-94.31868134200205,6,7,A+
CWEN,Clearway Energy Inc. Class C Common Stock,Electric Utilities: Central,71,31.59000015258789,-22.273908449269896,39,51,D+
CWH,Camping World Holdings Inc. Class A Common Stock,Retail-Auto Dealers and Gas Stations,86,6.090000152587891,-64.79468895992132,18,33,C-
CWK,Cushman & Wakefield Ltd. Common Shares,Real Estate,71,12.680000305175781,-26.27907126319924,36,71,C
CWST,Casella Waste Systems Inc. Class A Common Stock,Environmental Services,81,89.94000244140625,-16.210168148051483,43,38,C
CWT,California Water Service Group Common Stock,Water Supply,28,48.86000061035156,-6.205016017494236,63,70,C
CX,Cemex S.A.B. de C.V. Sponsored ADR,Building Materials,86,10.65999984741211,-21.14007689424896,45,53,D-
CXAI,CXApp Inc. Class A Common Stock,EDP Services,126,2.950000047683716,-93.72340415386444,3,26,E-
CXDO,Crexendo Inc. Common Stock,Telecommunications Equipment,103,5.710000038146973,-45.46322929782155,28,74,E
CXM,Sprinklr Inc. Class A Common Stock,Computer Software: Prepackaged Software,103,5.440000057220459,-33.73934187644308,30,56,E-
CXT,Crane NXT Co. Common Stock,Metal Fabrications,47,50.369998931884766,-25.817131677385873,65,64,B-
CXW,CoreCivic Inc. Common Stock,Real Estate Investment Trusts,57,34.40999984741211,-1.8259612085004706,94,86,B
CYAB,Cyabra Inc. Common Stock,Computer Software: Prepackaged Software,103,0.33000001311302185,-91.05691035241884,5,,A+
CYCU,Cycurion Inc. Common Stock,EDP Services,126,3.5,-96.94530186478603,5,,A
CYD,China Yuchai International Limited Common Stock,Industrial Machinery/Components,93,35.900001525878906,-38.68318344947579,33,,E
CYH,Community Health Systems Inc. Common Stock,Hospital/Nursing Management,23,2.890000104904175,-34.46711553516052,38,50,E+
CYN,Cyngn Inc. Common Stock,EDP Services,126,0.8059999942779541,-87.32704438116772,7,26,E-
CYPH,Cypherpunk Technologies Inc. Common Stock,Biotechnology: Pharmaceutical Preparations,62,2.200000047683716,-25.92592503397465,99,7,A+
CYRX,CryoPort Inc. Common Stock,Biotechnology: Pharmaceutical Preparations,62,15.270000457763672,-10.858136568173016,90,7,B-
CYTK,Cytokinetics Incorporated Common Stock,Biotechnology: Pharmaceutical Preparations,62,73.62000274658203,-15.63144517043863,73,7,D-
CZFS,Citizens Financial Services Inc. Common Stock,Major Banks,12,83.12000274658203,-0.6573388722355911,86,60,B
CZNC,Citizens & Northern Corp Common Stock,Major Banks,12,25.93000030517578,-0.6893921906092171,80,53,B
CZR,Caesars Entertainment Inc. Common Stock,Hotels/Resorts,86,29.649999618530273,-2.499178667199209,62,17,C-
CZWI,Citizens Community Bancorp Inc. Common Stock,Savings Institutions,9,22.049999237060547,-7.484929403795948,76,50,C+
D,Dominion Energy Inc. Common Stock,Electric Utilities: Central,71,65.05000305175781,-8.345422282630832,59,49,D+
DAC,Danaos Corporation Common Stock,Marine Transportation,3,156.88999938964844,0.0,90,88,B
DAIC,CID HoldCo Inc. Common Stock,EDP Services,126,2.7799999713897705,-96.9617486651478,18,,A+
DAIO,Data I/O Corporation Common Stock,Electrical Products,20,2.7100000381469727,-36.3849790482689,27,1,D-
DAKT,Daktronics Inc. Common Stock,Miscellaneous manufacturing industries,140,18.950000762939453,-31.662455550797308,47,98,D+
DAL,Delta Air Lines Inc. Common Stock,Air Freight/Delivery Services,65,78.23999786376953,-16.257548301412218,72,79,D
DAN,Dana Incorporated Common Stock,Auto Parts:O.E.M.,68,30.670000076293945,-20.59429271353881,68,76,C
DAO,Youdao Inc. American Depositary Shares each representing one Class A Ordinary Share,Other Consumer Services,132,14.819999694824219,-19.674801723622814,90,48,D-
DAR,Darling Ingredients Inc. Common Stock,Packaged Foods,109,66.37000274658203,-2.8826363723644888,91,86,C+
DARE,Dare Bioscience Inc. Common Stock,Biotechnology: Pharmaceutical Preparations,62,0.7049999833106995,-78.44036735709868,7,7,E-
DASH,DoorDash Inc. Class A Common Stock,Business Services,78,201.02999877929688,-28.646977444677546,64,58,C+
DAVA,Endava plc American Depositary Shares (each representing one Class A Ordinary Share),EDP Services,126,2.8299999237060547,-71.70000076293945,16,31,D-
DAVE,Dave Inc. Class A Common Stock,Finance: Consumer Services,114,358.3599853515625,-19.020182509641003,92,82,C+
DB,Deutsche Bank AG Common Stock,Major Banks,12,40.349998474121094,-2.911460200161453,80,60,B
DBCA,D. Boral Acquisition I Corp. Class A Ordinary Shares,Blank Checks,57,10.020000457763672,-0.09969367371615023,49,,C-
DBD,Diebold Nixdorf Incorporated Common stock,Office Equipment/Supplies/Services,24,65.2699966430664,-28.077138685326275,35,89,D-
DBGI,Digital Brands Group Inc. Common Stock,Clothing/Shoe/Accessory Stores,122,6.789999961853027,-99.04527561230181,1,,A+
DBI,Designer Brands Inc. Class A Common Stock,Clothing/Shoe/Accessory Stores,122,5.989999771118164,-33.71952281205316,61,65,B
DBRG,DigitalBridge Group Inc.,Real Estate Investment Trusts,57,15.920000076293945,-0.3754660053888026,65,93,C-
DBVT,DBV Technologies S.A. American Depositary Shares,Biotechnology: Biological Products (No Diagnostic Substances),51,12.970000267028809,-47.1475151460886,32,26,D
DBX,Dropbox Inc. Class A Common Stock,Computer Software: Prepackaged Software,103,35.04999923706055,-2.449209742946956,79,48,B
DC,Dakota Gold Corp. Common Stock,Metal Mining,57,5.900000095367432,-15.714284351893838,73,26,B+
DCBO,Docebo Inc. Common Shares,Computer Software: Prepackaged Software,103,23.420000076293945,-23.514044956243417,62,95,B+
DCGO,DocGo Inc. Common Stock,Medical/Nursing Services,48,0.36500000953674316,-76.75159252595745,9,17,E-
DCH,Dauch Corporation Common Stock,Auto Parts:O.E.M.,68,6.559999942779541,-27.11111174689399,64,17,B+
DCI,Donaldson Company Inc. Common Stock,Pollution Control Equipment,41,88.18000030517578,-19.466784338694765,55,75,D+
DCO,Ducommun Incorporated Common Stock,Military/Government/Technical,98,167.13999938964844,-19.248235172607963,90,74,D+
DCOM,Dime Commercial Bancshares Inc. Common Stock,Major Banks,12,40.5099983215332,-2.946821532036825,78,51,C
DCOY,Decoy Therapeutics Inc. Common Stock,Biotechnology: Pharmaceutical Preparations,62,2.7300000190734863,-96.00175736982987,5,,A
DCTH,Delcath Systems Inc. Common Stock,Medical/Dental Instruments,98,15.800000190734863,-8.986177216413749,91,69,A
DCX,Digital Currency X Technology Inc. Class A Ordinary Shares,Auto Manufacturing,138,0.5479999780654907,-99.8430698857649,2,,A-
DD,DuPont de Nemours Inc. Common Stock,Major Chemicals,65,127.31999969482422,-16.616340933458407,55,54,D-
DDC,DDC Enterprise Limited Class A Ordinary Shares,Packaged Foods,109,0.24799999594688416,-97.75565618401684,2,,E-
DDD,3D Systems Corporation Common Stock,Computer Software: Prepackaged Software,103,3.2699999809265137,-15.721652461917547,86,41,A-
DDI,DoubleDown Interactive Co. Ltd. American Depository Shares,EDP Services,126,12.850000381469727,-0.9252111263569951,82,93,B
DDL,Dingdong (Cayman) Limited American Depositary Shares (each two representing three Ordinary Shares),Catalog/Specialty Distribution,98,2.1600000858306885,-32.499998323619394,35,99,D-
DDOG,Datadog Inc. Class A Common Stock,Computer Software: Prepackaged Software,103,221.72000122070312,-23.053962895326563,86,98,D+
DDS,Dillard's Inc. Common Stock,Department/Specialty Retail Stores,45,624.3300170898438,-10.748145076823256,57,60,B-
DDT,Dillard's Capital Trust I,Department/Specialty Retail Stores,45,25.93829917907715,-1.748865326229232,54,,D+
DE,Deere & Company Common Stock,Industrial Machinery/Components,93,677.9400024414062,-2.925382364451823,83,51,B+
DEA,Easterly Government Properties Inc. Common Stock,Real Estate Investment Trusts,57,23.90999984741211,-4.99810613495566,62,38,C-
DEC,Diversified Energy Company Common Stock,,,14.9399995803833,-15.098551035359531,57,,B-
DECK,Deckers Outdoor Corporation Common Stock,Shoe Manufacturing,107,79.87999725341797,-33.95072296933456,20,59,E
DEFT,Defi Technologies Inc. Common Stock,Finance: Consumer Services,114,0.5559999942779541,-79.55882395479092,21,7,A-
DEI,Douglas Emmett Inc. Common Stock,Real Estate Investment Trusts,57,10.670000076293945,-32.18845590342805,35,30,D-
DELL,Dell Technologies Inc. Class C Common Stock,Computer Manufacturing,81,506.6199951171875,-5.3489032943134,99,91,A
DEO,Diageo plc Common Stock,Beverages (Production/Distribution),119,86.30999755859375,-14.645216451268173,51,,B-
DERM,Journey Medical Corporation Common Stock,Biotechnology: Pharmaceutical Preparations,62,7.090000152587891,-23.43412551465971,47,7,B+
DETX,Liberty Defense Holdings Ltd. Common Shares,Industrial Machinery/Components,93,2.309999942779541,-59.54465976625125,9,,E-
DFDV,DeFi Development Corp. Common Stock,Finance: Consumer Services,114,5.170000076293945,-72.06915174302914,79,17,A
DFH,Dream Finders Homes Inc. Class A Common Stock,Homebuilding,93,12.020000457763672,-60.0929610795137,18,39,E+
DFIN,Donnelley Financial Solutions Inc. Common Stock,Other Consumer Services,132,48.369998931884766,-13.47048727808733,63,47,B-
DFLI,Dragonfly Energy Holdings Corp. Common Stock (NV),Industrial Machinery/Components,93,1.0299999713897705,-94.77157395177642,7,17,D-
DFNS,T3 Defense Inc. Common Stock,Professional Services,41,9.84000015258789,-99.40453856867849,2,42,A+
DFSC,DEFSEC Technologies Inc. Common Stock,Computer Software: Prepackaged Software,103,1.440000057220459,-72.57142748151506,9,26,A+
DFTX,Definium Therapeutics Inc. Common Shares,Medicinal Chemicals and Botanical Products,129,37.72999954223633,-22.12590516387175,98,7,B+
DG,Dollar General Corporation Common Stock,Department/Specialty Retail Stores,45,122.98999786376953,-20.504692332986107,58,48,B-
DGICA,Donegal Group Inc. Class A Common Stock,Property-Casualty Insurers,29,19.260000228881836,-5.166096192420156,62,88,C+
DGICB,Donegal Group Inc. Class B Common Stock,Property-Casualty Insurers,29,25.56999969482422,-3.460782061594503,92,88,E-
DGII,Digi International Inc. Common Stock,Computer Communications Equipment,57,68.7699966430664,-19.32191651039863,89,93,D
DGNX,Diginex Limited Ordinary Shares,EDP Services,126,1.4800000190734863,-99.41064031226074,17,,A
DGX,Quest Diagnostics Incorporated Common Stock,Medical Specialities,15,231.13999938964844,-5.657143106265949,75,56,B
DGXX,Digi Power X Inc. Subordinate Voting Shares,Finance: Consumer Services,114,3.700000047683716,-56.264775047280715,45,26,D
DH,Definitive Healthcare Corp. Class A Common Stock,Computer Software: Prepackaged Software,103,1.0299999713897705,-76.04651335576465,25,17,A+
DHC,Diversified Healthcare Trust Common Shares of Beneficial Interest,Real Estate Investment Trusts,57,7.539999961853027,-21.784235546467734,77,7,D
DHI,D.R. Horton Inc. Common Stock,Homebuilding,93,135.57000732421875,-24.204602757573323,33,44,E+
DHR,Danaher Corporation Common Stock,Industrial Machinery/Components,93,200.52999877929688,-16.80464680856667,53,66,D-
DHT,DHT Holdings Inc.,Marine Transportation,3,21.43000030517578,0.0,93,95,B+
DHX,DHI Group Inc. Common Stock,Business Services,78,4.46999979019165,-3.66379485313878,95,94,B+
DIBS,1stdibs.com Inc. Common Stock,Catalog/Specialty Distribution,98,4.300000190734863,-33.12596725456067,51,17,A-
DIN,Dine Brands Global Inc. Common Stock,Restaurants,81,28.229999542236328,-26.354966805959133,41,54,E+
DINO,HF Sinclair Corporation Common Stock,Natural Gas Distribution,33,107.72000122070312,-0.5447293428027744,97,74,B+
DIOD,Diodes Incorporated Common Stock,Semiconductors,41,91.66000366210938,-25.333983327573172,86,78,C-
DIS,Walt Disney Company (The) Common Stock,Services-Misc. Amusement & Recreation,89,105.81999969482422,-8.308599201288835,52,50,C+
DIT,AMCON Distributing Company Common Stock,Food Distributors,80,64.77999877929688,-32.02181298457665,27,40,E-
DJCO,Daily Journal Corp. (S.C.) Common Stock,Newspapers/Magazines,36,647.7000122070312,-2.56047046067992,82,42,B+
DJT,Trump Media & Technology Group Corp. Common Stock,Computer Software: Programming Data Processing,103,8.779999732971191,-50.17026495582626,32,26,C+
DK,Delek US Holdings Inc. Common Stock,Integrated oil Companies,1,74.88999938964844,-1.0307900068338927,97,97,A-
DKI,DarkIris Inc. Class A Ordinary Shares,Computer Software: Prepackaged Software,103,2.4700000286102295,-78.70689700531476,99,,A+
DKNG,DraftKings Inc. Class A Common Stock,Services-Misc. Amusement & Recreation,89,23.709999084472656,-48.31044334733664,21,17,B-
DKS,Dick's Sporting Goods Inc Common Stock,Other Specialty Stores,121,133.13999938964844,-44.33248299997863,14,,E-
DLB,Dolby Laboratories Common Stock,Multi-Sector Companies,41,62.619998931884766,-11.835095884116031,55,46,B-
DLHC,DLH Holdings Corp.,Professional Services,41,4.010000228881836,-38.964990500634734,18,31,E+
DLO,DLocal Limited Class A Common Shares,Business Services,78,14.920000076293945,-5.449934545184676,76,77,A-
DLPN,Dolphin Entertainment Inc. Common Stock,Other Consumer Services,132,1.1100000143051147,-39.01098998268648,29,26,A-
DLR,Digital Realty Trust Inc. Common Stock,Real Estate Investment Trusts,57,185.3699951171875,-8.486134435138936,61,79,C+
DLTH,Duluth Holdings Inc. Class B Common Stock,Clothing/Shoe/Accessory Stores,122,4.619999885559082,-3.144656099941867,89,68,A+
DLTR,Dollar Tree Inc. Common Stock,Department/Specialty Retail Stores,45,118.66000366210938,-15.969125401608908,61,66,E+
DLX,Deluxe Corporation Common Stock,Publishing,78,23.639999389648438,-24.010485111125035,60,46,D
DLXY,Delixy Holdings Limited Class A Ordinary Shares,Oil Refining/Marketing,126,0.4180000126361847,-93.77976152251838,9,,A+
DMAC,DiaMedica Therapeutics Inc. Common Stock,Biotechnology: Pharmaceutical Preparations,62,6.46999979019165,-31.096916361749884,44,26,B
DMC,Del Monte Corporation Ordinary Shares,Farming/Seeds/Milling,91,31.959999084472656,-23.784571285359313,42,39,C+
DMII,Drugs Made In America Acquisition II Corp. Ordinary Shares,Blank Checks,57,10.162799835205078,-0.07079883023453082,51,,C-
DMIIU,Drugs Made In America Acquisition II Corp. Unit,,,10.199999809265137,-0.24450436451716184,50,,C-
DMRA,Damora Therapeutics Inc. Ordinary Shares,Biotechnology: Pharmaceutical Preparations,62,26.84000015258789,-21.382540619710653,99,1,B+
DMRC,Digimarc Corporation Common Stock,EDP Services,126,4.96999979019165,-69.75045832089242,12,33,E-
DNA,Ginkgo Bioworks Holdings Inc. Class A Common Stock,Biotechnology: Biological Products (No Diagnostic Substances),51,6.78000020980835,-57.99256216727755,25,7,D
DNLI,Denali Therapeutics Inc. Common Stock,Biotechnology: Biological Products (No Diagnostic Substances),51,21.399999618530273,-21.352442710142718,65,7,D-
DNMX,Dynamix Corporation III Class A Ordinary Shares,Blank Checks,57,10.069999694824219,-0.09920862061038038,49,,C-
DNN,Denison Mines Corp Ordinary Shares (Canada),Other Metals and Minerals,133,3.2300000190734863,-26.086954149650932,67,32,B-
DNOW,DNOW Inc. Common Stock,Oil and Gas Field Machinery,22,15.470000267028809,-8.298758165729936,69,17,B
DNTH,Dianthus Therapeutics Inc. Common Stock,Biotechnology: Pharmaceutical Preparations,62,103.27999877929688,-10.93480545471448,96,7,C+
DNUT,Krispy Kreme Inc. Common Stock,Food Chains,106,3.200000047683716,-31.914889839451966,32,17,C+
DOC,Healthpeak Properties Inc. Common Stock,Real Estate Investment Trusts,57,20.3700008392334,-10.296086204479538,70,61,C-
DOCN,DigitalOcean Holdings Inc. Common Stock,Computer Software: Programming Data Processing,103,131.0500030517578,-27.71250046607947,97,71,B-
DOCS,Doximity Inc. Class A Common Stock,EDP Services,126,24.709999084472656,-67.1059662127116,30,47,A
DOCU,DocuSign Inc. Common Stock,Computer Software: Prepackaged Software,103,65.80000305175781,-22.59733984441995,77,89,A-
DOGZ,Dogness (International) Corporation Class A Common Stock,Miscellaneous manufacturing industries,140,0.9301000237464905,-93.79105439139661,9,,A+
DOLE,Dole plc Ordinary Shares,Farming/Seeds/Milling,91,13.569999694824219,-16.123880707693715,40,39,D
DOMH,Dominari Holdings Inc. Common Stock,Investment Bankers/Brokers/Service,51,2.009999990463257,-67.66410315635261,12,26,C+
DOMO,Domo Inc. Class B Common Stock,Computer Software: Prepackaged Software,103,3.7799999713897705,-79.23077025860921,24,17,A
DOO,BRP Inc. Common Subordinate Voting Shares,Industrial Specialties,68,60.65999984741211,-25.310813239257925,40,39,B+
DORM,Dorman Products Inc. Common Stock,Auto Parts:O.E.M.,68,126.62999725341797,-22.616721018254694,46,77,B
DOUG,Douglas Elliman Inc. Common Stock,Real Estate,71,1.7200000286102295,-44.694530976592425,24,41,C
DOV,Dover Corporation Common Stock,Industrial Machinery/Components,93,187.3699951171875,-19.095027704537813,39,77,E+
DOW,Dow Inc. Common Stock,Major Chemicals,65,29.639999389648438,-27.659759880932945,56,39,D+
DOX,Amdocs Limited Ordinary Shares,EDP Services,126,60.2599983215332,-27.622827660393533,36,42,C+
DOYU,DouYu International Holdings Limited ADS,Computer Software: Programming Data Processing,103,4.539999961853027,-43.950620394548004,23,63,D
DPRO,Draganfly Inc. Common Shares,Aerospace,116,5.46999979019165,-60.27596508097712,37,7,A
DPU,Top KingWin Ltd Class A Ordinary Shares,Business Services,78,1.9800000190734863,-57.60171334633488,26,,A
DPZ,Domino's Pizza Inc Common Stock,Food Distributors,80,317.29998779296875,-29.171412796276165,30,57,D+
DQ,DAQO New Energy Corp. American Depositary Shares each representing five ordinary shares,Semiconductors,41,11.710000038146973,-67.18968761914249,12,17,D-
DRCT,Direct Digital Holdings Inc. Class A Common Stock,Advertising,116,1.7699999809265137,-98.08441563669155,6,7,D+
DRD,DRDGOLD Limited American Depositary Shares,Precious Metals,18,27.110000610351562,-30.13562885094747,63,,B
DRH,Diamondrock Hospitality Company Common Stock,Real Estate Investment Trusts,57,12.180000305175781,-8.968608363239007,82,78,D+
DRI,Darden Restaurants Inc. Common Stock,Restaurants,81,207.52999877929688,-8.8501381520941,57,74,C-
DRIO,DarioHealth Corp. Common Stock,Medical/Dental Instruments,98,6.579999923706055,-62.074929227473255,22,7,B+
DRMA,Dermata Therapeutics Inc. Common Stock,Biotechnology: Pharmaceutical Preparations,62,1.2000000476837158,-79.678238695225,19,7,A
DRS,Leonardo DRS Inc. Common Stock,Industrial Machinery/Components,93,36.310001373291016,-26.781054526156613,31,90,E+
DRTS,Alpha Tau Medical Ltd. Ordinary Shares,Medical/Dental Instruments,98,14.4399995803833,-3.9254834535599636,98,7,B
DRUG,Bright Minds Biosciences Inc. Common Stock,Biotechnology: Pharmaceutical Preparations,62,65.0,-32.28108601690207,58,26,D
DRVN,Driven Brands Holdings Inc. Common Stock,Automotive Aftermarket,136,12.300000190734863,-33.76413358712609,33,51,D
DSGN,Design Therapeutics Inc. Common Stock,Biotechnology: Pharmaceutical Preparations,62,14.800000190734863,-7.151815681672835,93,17,B
DSGR,Distribution Solutions Group Inc. Common Stock,Industrial Specialties,68,34.75,-0.6006838958011462,85,71,A-
DSGX,Descartes Systems Group Inc. (The) Common Stock,Computer Software: Prepackaged Software,103,71.31999969482422,-33.3395633995282,32,78,D-
DSP,Viant Technology Inc. Class A Common Stock,Computer Software: Programming Data Processing,103,12.739999771118164,-9.581265910928849,69,41,C+
DSS,DSS Inc. Common Stock,Containers/Packaging,91,0.7760000228881836,-47.38982980712261,35,7,A+
DSWL,Deswell Industries Inc. Common Shares,Plastic Products,17,3.0999999046325684,-19.143500840103165,41,,D-
DSX,Diana Shipping inc. common stock,Marine Transportation,3,2.9200000762939453,-2.9900303805469486,86,74,A
DSY,Big Tree Cloud Holdings Limited Class A Ordinary Shares,Containers/Packaging,91,3.809999942779541,-89.4166668256124,12,,A+
DT,Dynatrace Inc. Common Stock,Computer Software: Prepackaged Software,103,51.41999816894531,-5.806927962597374,77,47,A-
DTCX,Datacentrex Inc. Common Stock,EDP Services,126,2.009999990463257,-66.38796013290519,17,,B+
DTE,DTE Energy Company Common Stock,Electric Utilities: Central,71,134.33999633789062,-13.00912859593839,43,53,D
DTI,Drilling Tools International Corporation Common Stock,Oil and Gas Field Machinery,22,2.5999999046325684,-42.09354037483438,46,17,D-
DTIL,Precision BioSciences Inc. Common Stock,Biotechnology: Biological Products (No Diagnostic Substances),51,7.239999771118164,-21.98275884216947,85,7,B+
DTM,DT Midstream Inc. Common Stock,Natural Gas Distribution,33,129.50999450683594,-14.083859766935515,53,78,D+
DTSS,Datasea Intelligent Technology Ltd. Class A Ordinary Shares,Computer Software: Prepackaged Software,103,0.6850000023841858,-70.21739058323303,13,,E-
DTST,Data Storage Corporation Common Stock,EDP Services,126,2.990000009536743,-41.601561008428654,21,42,E+
DUK,Duke Energy Corporation (Holding Company) Common Stock,Power Generation,77,119.37000274658203,-8.991382544635973,45,66,D
DUKR,DUKE Robotics Corp. Common Stock,Aerospace,116,5.369999885559082,-56.48298363729833,99,26,C
DUO,Fangdd Network Group Ltd. Class A Ordinary Shares,Real Estate,71,0.5180000066757202,-87.84037608346127,7,,A+
DUOL,Duolingo Inc. Class A Common Stock,Computer Software: Prepackaged Software,103,145.16000366210938,-58.199669348221605,50,74,B
DUOT,Duos Technologies Group Inc. Common Stock,Computer Software: Prepackaged Software,103,8.100000381469727,-44.67212983936777,35,37,A
DV,DoubleVerify Holdings Inc. Common Stock,Computer Software: Programming Data Processing,103,13.369999885559082,-4.157705603127226,74,84,A
DVA,DaVita Inc. Common Stock,Misc Health and Biotechnology Services,21,181.3300018310547,-24.74684728641353,72,88,E
DVLT,Datavault AI Inc. Common Stock,Business Services,78,0.20000000298023224,-94.15204682694159,7,26,E-
DVN,Devon Energy Corporation Common Stock,Oil & Gas Production,11,50.02000045776367,-3.2537429435795517,78,60,B
DWSN,Dawson Geophysical Company Common Stock,Oil & Gas Production,11,3.380000114440918,-55.350065550934936,78,58,E
DWTX,Dogwood Therapeutics Inc. Common Stock,Biotechnology: Pharmaceutical Preparations,62,1.8799999952316284,-76.23261654237955,23,17,B+
DX,Dynex Capital Inc. Common Stock,Real Estate Investment Trusts,57,12.5600004196167,-6.68482931054224,54,85,D+
DXC,DXC Technology Company Common Stock,EDP Services,126,11.039999961853027,-28.451071007757456,45,98,B+
DXCM,DexCom Inc. Common Stock,Medical/Dental Instruments,98,84.51000213623047,-8.479526220694911,73,86,B-
DXF,Eason Technology Limited American Depositary Shares (each representing sixty-thousand (60000) Ordinary Shares),Finance: Consumer Services,114,0.46000000834465027,-92.52032518355323,7,,A
DXLG,Destination XL Group Inc. Common Stock,Clothing/Shoe/Accessory Stores,122,0.6499999761581421,-58.33333333333333,28,17,A-
DXPE,DXP Enterprises Inc. Common Stock,Industrial Machinery/Components,93,183.13999938964844,-8.812984102262156,89,84,B-
DXR,Daxor Corporation Common Stock,Medical/Dental Instruments,98,10.84000015258789,-26.50847354177701,46,,A-
DXST,Decent Holding Inc Class A Ordinary Shares,Miscellaneous,138,2.5399999618530273,-95.09178751332749,8,,A+
DXYZ,Destiny Tech100 Inc. Common Stock,,,32.04999923706055,-55.011229368157814,60,,D+
DY,Dycom Industries Inc. Common Stock,Water Sewer Pipeline Comm & Power Line Construction,93,295.92999267578125,-44.70665434863504,27,95,E-
DYAI,Dyadic International Inc. Common Stock,Biotechnology: Biological Products (No Diagnostic Substances),51,0.49000000953674316,-66.66666666666667,12,26,E-
DYN,Dyne Therapeutics Inc. Common Stock,Biotechnology: Pharmaceutical Preparations,62,18.420000076293945,-31.21732784166984,55,7,E-
DYNC,Dynamix Corporation Class A Ordinary Shares,,,10.899999618530273,-0.4566227543908896,53,,C-
DYOR,Insight Digital Partners II Class A Ordinary Shares,Blank Checks,57,10.119999885559082,0.0,49,,C-
E,ENI S.p.A. Common Stock,Oil & Gas Production,11,56.41999816894531,-1.6216221968958555,83,38,B-
EAF,GrafTech International Ltd. Common Stock,Industrial Machinery/Components,93,6.159999847412109,-68.92028283420848,21,17,D-
EAI,Entergy Arkansas LLC First Mortgage Bonds 4.875% Series Due September 1 2066,Electric Utilities: Central,71,19.489999771118164,-5.866735082292207,43,,D+
EARN,Ellington Credit Company Common Shares of Beneficial Interest,Real Estate Investment Trusts,57,4.309999942779541,-13.389006632999878,42,,C-
EAT,Brinker International Inc. Common Stock,Restaurants,81,214.69000244140625,-15.456406876682017,90,76,B
EBAY,eBay Inc. Common Stock,Business Services,78,105.02999877929688,-11.195868168701173,65,93,D+
EBC,Eastern Bankshares Inc. Common Stock,Savings Institutions,9,21.665000915527344,-7.771183348324939,69,41,C
EBF,Ennis Inc. Common Stock,Office Equipment/Supplies/Services,24,21.170000076293945,-6.036398441646263,65,47,C-
EBMT,Eagle Bancorp Montana Inc. Common Stock,Major Banks,12,22.489999771118164,-7.364518126052744,67,60,C
EBON,Ebang International Holdings Inc. Class A Ordinary Shares,Investment Bankers/Brokers/Service,51,2.1600000858306885,-60.147600453399996,25,,A
EBS,Emergent BioSolutions Inc. Common Stock,Biotechnology: Pharmaceutical Preparations,62,5.869999885559082,-57.76978383701747,16,44,E
EC,Ecopetrol S.A. American Depositary Shares,Oil & Gas Production,11,18.06999969482422,0.0,92,58,B-
ECAT,BlackRock ESG Capital Allocation Term Trust Common Shares of Beneficial Interest,Finance/Investors Services,53,14.739999771118164,-5.335814183437093,59,,D-
ECBK,ECB Bancorp Inc. Common Stock,Banks,14,20.81999969482422,-3.387468993413756,72,93,B-
ECG,Everus Construction Group Inc. Common Stock,Homebuilding,93,115.2300033569336,-31.881058842312925,62,98,E+
ECHO,EchoStar  Corporation Common Stock,Telecommunications Equipment,103,91.8499984741211,-35.225672427809954,35,34,D
ECL,Ecolab Inc. Common Stock,Package Goods/Cosmetics,55,271.6000061035156,-11.441510656575272,54,79,C-
ECO,Okeanis Eco Tankers Corp. Common Stock,Marine Transportation,3,72.91999816894531,0.0,97,97,A-
ECOR,electroCore Inc. Common Stock,Biotechnology: Electromedical & Electrotherapeutic Apparatus,57,9.1899995803833,-14.986131141064662,88,26,C+
ECPG,Encore Capital Group Inc Common Stock,Finance Companies,68,97.94000244140625,-5.590896030265768,93,72,B-
ECVT,Ecovyst Inc. Common Stock,Major Chemicals,65,10.069999694824219,-32.73213416700309,41,46,E+
ECX,ECARX Holdings Inc. Class A Ordinary shares,EDP Services,126,1.059999942779541,-59.84848861140419,21,17,E+
ED,Consolidated Edison Inc. Common Stock,Power Generation,77,106.7300033569336,-6.022253192880667,56,65,D+
EDBL,Edible Garden AG Incorporated Common Stock,Farming/Seeds/Milling,91,1.4299999475479126,-99.86302682494753,1,17,E-
EDHL,Everbright Digital Holding Limited Ordinary Shares,Advertising,116,4.119999885559082,-78.54166811539062,36,,A
EDIT,Editas Medicine Inc. Common Stock,Biotechnology: Biological Products (No Diagnostic Substances),51,2.6500000953674316,-36.144577482646866,54,17,B
EDN,Empresa Distribuidora Y Comercializadora Norte S.A. (Edenor) American Depositary Shares,Electric Utilities: Central,71,25.06999969482422,-29.795574523761047,48,70,B
EDRY,EuroDry Ltd. Common Shares,Marine Transportation,3,63.88999938964844,0.0,99,63,A+
EDSA,Edesa Biotech Inc. Common Shares,Biotechnology: Pharmaceutical Preparations,62,4.659999847412109,-74.50766043561212,89,7,D+
EDTK,Skillful Craftsman Education Technology Limited Ordinary Share,Other Consumer Services,132,0.9200000166893005,-19.29824313738777,35,,A+
EDU,New Oriental Education & Technology Group Inc. Sponsored ADR representing 10 Ordinary Share (Cayman Islands),Other Consumer Services,132,54.58000183105469,-13.054654235375708,62,94,C+
EDUC,Educational Development Corporation Common Stock,Consumer Specialties,54,1.309999942779541,-27.222223473183938,50,41,D-
EDVA,Endovia Health Sciences Inc. Common Stock,Beverages (Production/Distribution),119,0.24400000274181366,-97.59842513379601,2,,A+
EE,Excelerate Energy Inc. Class A Common Stock,Oil/Gas Transmission,37,38.61000061035156,-9.359691141377546,84,93,C+
EEFT,Euronet Worldwide Inc. Common Stock,Investment Bankers/Brokers/Service,51,70.7300033569336,-22.5640396401104,44,48,D
EEIQ,EpicQuest Education Group International Limited Common Stock,Other Consumer Services,132,3.2750000953674316,-69.04536749542588,26,,C
EFC,Ellington Financial Inc. Common Stock,Real Estate,71,13.039999961853027,-3.9669535370062126,56,67,C-
EFOI,Energy Focus Inc. Common Stock,Building Products,48,2.8399999141693115,-56.24036957893441,72,17,E+
EFOR,Everforth Inc. Common Stock,Professional Services,41,30.389999389648438,-42.96171155045682,48,49,A-
EFSC,Enterprise Financial Services Corporation Common Stock,Major Banks,12,63.91999816894531,-6.713366461594205,63,43,C-
EFSI,Eagle Financial Services Inc Common Stock,Major Banks,12,45.52000045776367,-1.6209206669116405,76,40,B+
EFT,Eaton Vance Floating Rate Income Trust Common Shares of Beneficial Interest,Finance Companies,68,10.59000015258789,-4.916538390764713,46,,D+
EFX,Equifax Inc. Common Stock,Finance: Consumer Services,114,168.0399932861328,-35.21111058424474,32,47,D-
EFXT,Enerflex Ltd Common Shares,Industrial Machinery/Components,93,22.329999923706055,-21.146052234543554,85,60,D+
EG,Everest Group Ltd. Common Stock,Property-Casualty Insurers,29,371.0299987792969,-6.434063544957458,70,55,C-
EGAN,eGain Corporation Common Stock,Computer Software: Prepackaged Software,103,5.139999866485596,-66.75291168303468,14,99,E-
EGBN,Eagle Bancorp Inc. Common Stock,Major Banks,12,27.729999542236328,-4.772333035285081,73,61,C+
EGG,Enigmatig Limited Class A Ordinary Shares,Professional Services,41,2.75,-74.65437877129835,10,,A+
EGHT,8x8 Inc Common Stock,EDP Services,126,1.8200000524520874,-34.05796888620255,39,41,B
EGO,Eldorado Gold Corporation Ordinary Shares,Precious Metals,18,42.790000915527344,-13.439883421196486,90,92,B+
EGP,EastGroup Properties Inc. Common Stock,Real Estate Investment Trusts,57,196.6999969482422,-11.943776233941318,60,84,D
EGY,VAALCO Energy Inc.  Common Stock,Oil & Gas Production,11,6.239999771118164,-4.433371553963273,89,7,B
EH,EHang Holdings Limited ADS,Aerospace,116,4.429999828338623,-77.21193566544635,8,17,E-
EHC,Encompass Health Corporation Common Stock,Hospital/Nursing Management,23,121.04000091552734,-4.289576583487142,66,67,B
EHGO,Eshallgo Inc. Class A Ordinary Shares,Diversified Commercial Services,65,1.0700000524520874,-90.30797050589399,8,,A
EHLD,Euroholdings Ltd. Common Stock,Marine Transportation,3,15.699999809265137,0.0,98,85,A+
EHTH,eHealth Inc. Common Stock,Specialty Insurers,48,0.9200000166893005,-83.7168141387532,8,17,E-
EIC,Eagle Point Income Company Common Shares of Beneficial Interest,Finance/Investors Services,53,9.890000343322754,-19.8775620765541,40,,D+
EIG,Employers Holdings Inc Common Stock,Property-Casualty Insurers,29,49.16999816894531,-4.6463948838656455,72,54,C
EIKN,Eikon Therapeutics Inc. Common Stock,Biotechnology: Biological Products (No Diagnostic Substances),51,9.210000038146973,-43.35793414204445,27,,B+
EIX,Edison International Common Stock,Electric Utilities: Central,71,56.75,-29.397857751747015,36,72,E
EJH,E-Home Household Service Holdings Limited Ordinary Shares,Other Consumer Services,132,1.149999976158142,-95.92920362421896,5,,A+
EL,Estee Lauder Companies Inc. (The) Common Stock,Package Goods/Cosmetics,55,96.47000122070312,-18.50444092067661,60,36,A-
ELA,Envela Corporation Common Stock,Consumer Specialties,54,13.670000076293945,-52.66620334648554,49,94,E-
ELAB,PMGC Holdings Inc. Common Stock,Biotechnology: Pharmaceutical Preparations,62,4.599999904632568,-99.78774455480468,2,,A-
ELAN,Elanco Animal Health Incorporated Common Stock,Biotechnology: Pharmaceutical Preparations,62,22.860000610351562,-14.828612219112003,56,57,E
ELBM,Electra Battery Materials Corporation Common Stock,Industrial Machinery/Components,93,0.5400000214576721,-92.3076919811273,20,,D
ELC,Entergy Louisiana Inc. Collateral Trust Mortgage Bonds 4.875 % Series due September 1 2066,Electric Utilities: Central,71,19.309999465942383,-6.268449578096968,43,,D+
ELDN,Eledon Pharmaceuticals Inc. Common Stock,Biotechnology: Pharmaceutical Preparations,62,2.7799999713897705,-36.238534718829584,60,26,E+
ELE,Elemental Royalty Corporation Common Stock,Precious Metals,18,20.93000030517578,-13.377279832876265,85,46,A-
ELF,e.l.f. Beauty Inc. Common Stock,Package Goods/Cosmetics,55,95.76000213623047,-34.71057248809192,83,69,A-
ELLO,Ellomay Capital Ltd Ordinary Shares (Israel),Electric Utilities: Central,71,20.540000915527344,-31.050687196114357,40,17,C-
ELMD,Electromed Inc. Common Stock,Biotechnology: Electromedical & Electrotherapeutic Apparatus,57,26.649999618530273,-42.4530364322112,34,89,E-
ELME,Elme Communities Common Stock,Real Estate Investment Trusts,57,1.659999966621399,-47.798744283858454,20,,D-
ELMT,The Elmet Group Co. Common Stock,Metal Fabrications,47,15.920000076293945,-27.931190736416166,31,,B
ELOG,Eastern International Ltd. Ordinary Shares,Integrated Freight & Logistics,141,0.6119999885559082,-79.39393997776205,8,,E-
ELOX,Eloxx Pharmaceuticals Inc. Common Stock,Biotechnology: Biological Products (No Diagnostic Substances),51,16.280000686645508,-22.40228292726565,91,,B
ELPC,Companhia Paranaense de Energia (COPEL) American Depositary Shares (each representing four (4) Common Shares),Electric Utilities: Central,71,12.710000038146973,-5.073956680068825,80,90,B
ELPW,Elong Power Holding Limited Class A Ordinary Shares,Industrial Machinery/Components,93,2.8299999237060547,-99.99436075258308,1,,A+
ELS,Equity Lifestyle Properties Inc. Common Stock,Real Estate Investment Trusts,57,60.29999923706055,-10.864748149350268,42,74,D+
ELTK,Eltek Ltd. Ordinary Shares,Electrical Products,20,8.100000381469727,-29.870127725475236,31,31,A
ELTX,Elicio Therapeutics Inc. Common Stock,Biotechnology: Pharmaceutical Preparations,62,2.109999895095825,-85.79124686266846,3,7,B+
ELUT,Elutia Inc. Class A Common Stock,Biotechnology: Biological Products (No Diagnostic Substances),51,0.800000011920929,-41.17647033042974,24,62,E
ELV,Elevance Health Inc. Common Stock,Medical Specialities,15,416.5400085449219,-1.976853805848977,78,44,C
ELVA,Electrovaya Inc. Common Shares,Industrial Machinery/Components,93,6.590000152587891,-46.24796060718405,35,81,A
ELVN,Enliven Therapeutics Inc. Common Stock,Biotechnology: Pharmaceutical Preparations,62,56.22999954223633,-8.045792086465308,97,7,B+
ELVR,Elevra Lithium Limited American Depository Shares,Mining & Quarrying of Nonmetallic Minerals (No Fuels),98,53.439998626708984,-47.776802823733334,83,,D+
ELWT,Elauwit Connection Inc. Common Stock,Telecommunications Equipment,103,7.182000160217285,-18.755655698549166,66,26,B-
EMA,Emera Incorporated Common Shares,Electric Utilities: Central,71,49.47999954223633,-9.339656804468211,48,44,D-
EMAT,Evolution Metals & Technologies Corp. Common Stock,Industrial Machinery/Components,93,3.0799999237060547,-83.7894740857576,5,,B+
EMBC,Embecta Corp. Common Stock,Medical/Dental Instruments,98,4.889999866485596,-67.00815052129003,31,40,A-
EMBJ,Embraer S.A. Common Stock,Aerospace,116,74.75,-6.0948171267327655,82,82,B-
EME,EMCOR Group Inc. Common Stock,Engineering & Construction,71,748.3300170898438,-20.665794122159376,59,95,D
EML,Eastern Company (The) Common Stock,Industrial Machinery/Components,93,25.639999389648438,-12.383995223816779,76,48,B-
EMN,Eastman Chemical Company Common Stock,Major Chemicals,65,68.37999725341797,-13.98102721170764,55,51,C-
EMP,Entergy Mississippi LLC First Mortgage Bonds 4.90% Series Due October 1 2066,Electric Utilities: Central,71,19.860700607299805,-4.612277169747426,44,,D+
EMPD,Empery Digital Inc. Common stock,Auto Manufacturing,138,3.0199999809265137,-62.25000023841858,18,26,A-
EMR,Emerson Electric Company Common Stock,Consumer Electronics/Appliances,93,148.3699951171875,-9.433536275387699,63,55,C
ENB,Enbridge Inc Common Stock,Natural Gas Distribution,33,48.220001220703125,-15.776459195379855,39,,E+
ENGN,enGene Therapeutics Inc. Common Stock,Biotechnology: Biological Products (No Diagnostic Substances),51,1.7699999809265137,-85.45603968915077,13,26,B+
ENGS,Energys Group Limited Ordinary Shares,Engineering & Construction,71,2.9000000953674316,-76.26841217678188,98,,A-
ENHA,Enhanced Group Inc. Class A Common Stock,Services-Misc. Amusement & Recreation,89,1.559999942779541,-83.9175260468616,4,,E
ENIC,Enel Chile S.A. American Depositary Shares (Each representing 50 shares of Common Stock),Electric Utilities: Central,71,4.460000038146973,-4.291841541072261,69,35,C-
ENJ,Entergy New Orleans LLC First Mortgage Bonds 5.0% Series due December 1 2052,Power Generation,77,19.22879981994629,-9.843481673142918,40,,D-
ENLT,Enlight Renewable Energy Ltd. Ordinary Shares,Electric Utilities: Central,71,73.97000122070312,-31.139450305736872,89,99,E+
ENLV,Enlivex Ltd. Ordinary Shares,Biotechnology: Pharmaceutical Preparations,62,0.9810000061988831,-94.59504117456108,1,,E-
ENO,Entergy New Orleans LLC First Mortgage Bonds 5.50% Series due April 1 2066,Power Generation,77,20.799999237060547,-9.653756644019884,41,,D+
ENOV,Enovis Corporation Common Stock,Industrial Specialties,68,18.40999984741211,-44.74789911156021,20,17,E-
ENPH,Enphase Energy Inc. Common Stock,Semiconductors,41,36.86000061035156,-49.0391266732613,33,42,D
ENR,Energizer Holdings Inc. Common Stock,Industrial Machinery/Components,93,20.040000915527344,-28.102223221911405,54,53,C-
ENRD,Einride AB American Depositary Shares,EDP Services,126,4.0,-73.31554328835308,4,,E-
ENS,EnerSys Common Stock,Industrial Machinery/Components,93,179.02000427246094,-26.347068523862106,68,72,D
ENSC,Ensysce Biosciences Inc. Common Stock,Biotechnology: Pharmaceutical Preparations,62,0.515999972820282,-79.92217952437069,70,17,A+
ENSG,The Ensign Group Inc. Common Stock,Hospital/Nursing Management,23,172.7899932861328,-19.882734392897582,51,67,D+
ENTA,Enanta Pharmaceuticals Inc. Common Stock,Biotechnology: Pharmaceutical Preparations,62,12.699999809265137,-24.629082956985727,59,17,C
ENTG,Entegris Inc. Common Stock,Plastic Products,17,137.39999389648438,-25.262835336556222,84,86,D-
ENTX,Entera Bio Ltd. Ordinary Shares,Biotechnology: Biological Products (No Diagnostic Substances),51,2.7899999618530273,-28.826532970612718,97,7,A+
ENVA,Enova International Inc. Common Stock,Finance: Consumer Services,114,223.05999755859375,-15.969113844069616,92,92,C+
ENVB,Enveric Biosciences Inc. Common Stock,Biotechnology: Pharmaceutical Preparations,62,1.4600000381469727,-87.77219355563743,12,26,E-
ENVX,Enovix Corporation Common Stock,Industrial Machinery/Components,93,3.140000104904175,-76.19408487643844,9,17,E-
EOG,EOG Resources Inc. Common Stock,Oil & Gas Production,11,147.4600067138672,-3.6523987105052336,73,74,C
EOLS,Evolus Inc. Common Stock,Biotechnology: Pharmaceutical Preparations,62,7.909999847412109,-14.946239944247996,76,17,B+
EONR,EON Resources Inc. Class A Common Stock,Oil & Gas Production,11,0.6140000224113464,-59.86927883053348,70,,A
EOSE,Eos Energy Enterprises Inc. Class A Common Stock,Industrial Machinery/Components,93,3.990000009536743,-79.20792132102625,11,17,B+
EOT,Eaton Vance Municipal Income Trust EATON VANCE NATIONAL MUNICIPAL OPPORTUNITIES TRUST,Investment Bankers/Brokers/Service,51,16.229999542236328,-7.641105142489845,43,,D-
EP,Empire Petroleum Corporation Common Stock,Oil & Gas Production,11,2.4100000858306885,-50.0,21,17,E
EPAC,Enerpac Tool Group Corp. Common Stock,Industrial Machinery/Components,93,35.400001525878906,-18.14516673210127,42,88,C-
EPAM,EPAM Systems Inc. Common Stock,EDP Services,126,114.5199966430664,-48.27461616976816,35,87,B
EPC,Edgewell Personal Care Company Common Stock,Package Goods/Cosmetics,55,26.8799991607666,-8.879638468495566,87,36,B-
EPD,Enterprise Products Partners L.P. Common Stock,Natural Gas Distribution,33,39.33000183105469,-0.07621640963335619,71,65,C+
EPM,Evolution Petroleum Corporation Inc. Common Stock,Oil & Gas Production,11,3.8399999141693115,-22.22929939996413,35,38,E-
EPOW,E-Power Inc. Class A Ordinary Shares,Industrial Machinery/Components,93,0.32899999618530273,-76.49999987227577,8,,A+
EPR,EPR Properties Common Stock,Real Estate Investment Trusts,57,59.33000183105469,-6.824134418118277,63,50,D+
EPRT,Essential Properties Realty Trust Inc. Common Stock,Real Estate Investment Trusts,57,29.100000381469727,-14.11494452940315,41,86,D+
EPRX,Eupraxia Pharmaceuticals Inc. Common Stock,Pharmaceuticals and Biotechnology,,8.020000457763672,-11.576618218187228,85,,A+
EPSM,Epsium Enterprise Limited Class A Ordinary Shares,Beverages (Production/Distribution),119,1.3700000047683716,-97.06763705271206,10,,A
EPSN,Epsilon Energy Ltd. Common Share,Oil & Gas Production,11,6.309999942779541,-1.6712360871196985,72,,C+
EQ,Equillium Inc. Common Stock,Biotechnology: Pharmaceutical Preparations,62,2.4200000762939453,-24.37499874271454,90,17,B-
EQBK,Equity Bancshares Inc. Class A Common Stock,Major Banks,12,49.900001525878906,-3.537595268801952,66,90,C+
EQH,Equitable Holdings Inc. Common Stock,Specialty Insurers,48,52.599998474121094,-1.7557012053274645,77,17,B
EQIX,Equinix Inc. Common Stock REIT,Real Estate Investment Trusts,57,1023.8099975585938,-7.817448894613033,71,77,D+
EQNR,Equinor ASA,Integrated oil Companies,1,45.11000061035156,-0.26530827570031557,93,73,B+
EQPT,EquipmentShare.com Inc Class A Common Stock,Diversified Commercial Services,65,17.6200008392334,-49.11925990248783,19,,D+
EQS,Equus Total Return Inc. Common Stock,Finance/Investors Services,53,0.9800000190734863,-60.64256966586068,14,,E+
EQT,EQT Corporation Common Stock,Oil & Gas Production,11,54.959999084472656,-18.61071253448786,47,38,B-
EQX,Equinox Gold Corp. Common Shares,Precious Metals,18,12.199999809265137,-34.69729760523572,61,83,B+
ERAS,Erasca Inc. Common Stock,Biotechnology: Pharmaceutical Preparations,62,16.030000686645508,-28.660430901221833,99,17,B
ERIC,Ericsson American Depositary Shares,Radio And Television Broadcasting And Communications Equipment,81,10.010000228881836,-27.147013132248254,46,50,D-
ERIE,Erie Indemnity Company Class A Common Stock,Specialty Insurers,48,240.39999389648438,-27.51051739887934,38,59,D-
ERII,Energy Recovery Inc. Common Stock,Industrial Machinery/Components,93,7.269999980926514,-59.85643436825161,18,32,D-
ERNA,Ernexa Therapeutics Inc. Common Stock,Biotechnology: Pharmaceutical Preparations,62,4.019999980926514,-91.44680855122019,7,26,A+
ERO,Ero Copper Corp. Common Shares,Metal Mining,57,34.97999954223633,-13.415845987457953,92,81,A-
EROC,ERock Inc. Class A Common Stock,Industrial Machinery/Components,93,11.869999885559082,-36.69333394368489,14,,A-
EROK,EagleRock Land LLC Class A shares representing limited liability company interests,Oil & Gas Production,11,25.440000534057617,-4.360901619460867,75,,C+
ES,Eversource Energy (D/B/A) Common Stock,Electric Utilities: Central,71,68.98999786376953,-8.489191640393711,52,40,D
ESAB,ESAB Corporation Common Stock,Industrial Machinery/Components,93,69.2699966430664,-48.50350688729297,19,73,E
ESCA,Escalade Incorporated Common Stock,Recreational Games/Products/Toys,93,19.709999084472656,-12.787616142549496,85,79,C
ESE,ESCO Technologies Inc. Common Stock,Telecommunications Equipment,103,267.260009765625,-24.676548467285354,61,92,E+
ESEA,Euroseas Ltd. Common Stock (Marshall Islands),Marine Transportation,3,73.6500015258789,-6.224632029337595,72,58,C
ESI,Element Solutions Inc. Common Stock,Major Chemicals,65,34.16999816894531,-30.236122670327813,61,86,E
ESLA,Estrella Immunopharma Inc. Common Stock,Biotechnology: Biological Products (No Diagnostic Substances),51,0.6729999780654907,-77.93442660369915,11,,B+
ESLT,Elbit Systems Ltd. Ordinary Shares,Military/Government/Technical,98,723.9099731445312,-28.4621388362298,66,83,E+
ESNT,Essent Group Ltd. Common Shares,Property-Casualty Insurers,29,68.33999633789062,-1.852651107872938,70,49,B-
ESOA,Energy Services of America Corporation Common Stock,Water Sewer Pipeline Comm & Power Line Construction,93,11.390000343322754,-41.106513684289425,40,92,E-
ESP,Espey Mfg. & Electronics Corp. Common Stock,Industrial Machinery/Components,93,63.0,-12.396980040283957,79,90,B-
ESQ,Esquire Financial Holdings Inc. Common Stock,Commercial Banks,7,119.12999725341797,-10.23828411979567,69,61,C
ESRT,Empire State Realty Trust Inc. Class A Common Stock,Real Estate Investment Trusts,57,4.239999771118164,-45.82480999985561,18,33,E
ESS,Essex Property Trust Inc. Common Stock,Real Estate Investment Trusts,57,271.3699951171875,-9.036970022638846,54,53,D-
ESTA,Establishment Labs Holdings Inc. Common Shares,Industrial Specialties,68,71.38999938964844,-25.36330554021656,69,7,D-
ESTC,Elastic N.V. Ordinary Shares,Computer Software: Prepackaged Software,103,83.4800033569336,-16.444800022969886,81,41,A
ETD,Ethan Allen Interiors Inc. Common Stock,Home Furnishings,26,21.850000381469727,-9.568945067740254,66,42,B+
ETN,Eaton Corporation PLC Ordinary Shares,Industrial Machinery/Components,93,409.1499938964844,-11.046612423366852,69,50,C
ETO,Eaton Vance Tax-Advantage Global Dividend Opp Common Stock,Investment Managers,46,30.93000030517578,-3.644854282122667,64,,C
ETON,Eton Pharmaceuticals Inc. Common Stock,Biotechnology: Pharmaceutical Preparations,62,57.880001068115234,-10.166070473438094,99,97,A-
ETOR,eToro Group Ltd. Class A Common Shares,Investment Bankers/Brokers/Service,51,30.020000457763672,-33.31852476117258,24,81,E
ETR,Entergy Corporation Common Stock,Electric Utilities: Central,71,105.7300033569336,-9.371874658098678,59,44,D+
ETS,Elite Express Holding Inc. Class A Common Stock,Trucking Freight/Courier Services,24,1.3899999856948853,0.0,98,26,A+
ETSS,Energy Transition Special Opportunities Class A Ordinary Shares,Blank Checks,57,9.930000305175781,-0.20100004495208212,48,,C-
ETSY,Etsy Inc. Common Stock,Business Services,78,71.58999633789062,-17.741011901610182,76,41,E+
ETX,Eaton Vance Municipal Income 2028 Term Trust Common Shares of Beneficial Interest,Investment Managers,46,18.1299991607666,-4.082178593484487,44,,D+
EU,enCore Energy Corp. Common Shares,Other Metals and Minerals,133,1.149999976158142,-71.74447352200697,15,7,D-
EUDA,EUDA Health Holdings Limited Ordinary Shares,Medical/Nursing Services,48,13.119999885559082,-83.13624759522082,20,,B-
EVAX,Evaxion A/S American Depositary Share,Biotechnology: Biological Products (No Diagnostic Substances),51,3.0999999046325684,-71.84377983480385,25,17,A
EVC,Entravision Communications Corporation Common Stock,Broadcasting,98,8.670000076293945,-35.682489831482634,98,7,E
EVCM,EverCommerce Inc. Common Stock,Computer Software: Prepackaged Software,103,6.53000020980835,-51.26865376340535,14,86,E-
EVER,EverQuote Inc. Class A Common Stock,Computer Software: Programming Data Processing,103,23.489999771118164,-15.715826825341829,68,61,D
EVEX,Eve Holding Inc. Common Stock,Aerospace,116,2.0999999046325684,-58.49802513082631,16,7,E+
EVF,Eaton Vance Senior Income Trust Common Stock,Investment Bankers/Brokers/Service,51,4.949999809265137,-3.7328471800858187,47,,C
EVGN,Evogene Ltd Ordinary Shares,Agricultural Chemicals,125,0.47999998927116394,-67.12328926508945,13,17,A-
EVGO,EVgo Inc. Class A Common Stock,Automotive Aftermarket,136,1.3300000429153442,-73.45309416857687,11,17,E+
EVH,Evolent Health Inc Class A Common Stock,Other Consumer Services,132,4.170000076293945,-56.60769796805836,39,65,D-
EVI,EVI Industries Inc.  Common Stock,Other Consumer Services,132,15.449999809265137,-54.59734013627329,23,48,A
EVLV,Evolv Technologies Holdings Inc. Class A Common Stock,Computer peripheral equipment,55,4.96999979019165,-43.264844060100636,23,17,D
EVMN,Evommune Inc. Common Stock,Biotechnology: Pharmaceutical Preparations,62,10.5600004196167,-66.55052099557679,10,17,E-
EVN,Eaton Vance Municipal Income Trust Common Stock,Investment Managers,46,10.420000076293945,-6.591821545320764,44,,D+
EVO,Evotec SE American Depositary Shares,Biotechnology: Pharmaceutical Preparations,62,1.7699999809265137,-57.34939903007877,14,7,E
EVR,Evercore Inc. Class A Common Stock,Investment Managers,46,283.6199951171875,-25.36199631759528,32,49,E+
EVRG,Evergy Inc. Common Stock,Power Generation,77,81.36000061035156,-6.910991729722493,58,64,D+
EVTC,Evertec Inc. Common Stock,EDP Services,126,29.149999618530273,-14.868846287833748,58,36,C+
EVTL,Vertical Aerospace Ltd. Ordinary Shares,Aerospace,116,0.5540000200271606,-92.39010983432726,3,,E-
EW,Edwards Lifesciences Corporation Common Stock,Industrial Specialties,68,86.7699966430664,-8.835893712065946,53,39,D+
EWBC,East West Bancorp Inc. Common Stock,Major Banks,12,129.3699951171875,-5.292833574874967,68,60,D+
EWTX,Edgewise Therapeutics Inc. Common Stock,Biotechnology: Pharmaceutical Preparations,62,42.900001525878906,-11.271969224899248,95,7,B+
EXC,Exelon Corporation Common Stock,Power Generation,77,43.38999938964844,-12.079765556924816,44,51,D+
EXE,Expand Energy Corporation Common Stock,Oil & Gas Production,11,96.87000274658203,-19.7845906523025,46,60,C+
EXEL,Exelixis Inc. Common Stock,Biotechnology: Biological Products (No Diagnostic Substances),51,57.43000030517578,-2.8750223782020967,83,81,C+
EXFY,Expensify Inc. Class A Common Stock,Computer Software: Prepackaged Software,103,2.2200000286102295,-18.382352747822306,96,17,A-
EXK,Endeavour Silver Corporation Ordinary Shares (Canada),Precious Metals,18,10.520000457763672,-25.495746862414848,87,64,B
EXLS,ExlService Holdings Inc. Common Stock,Business Services,78,34.619998931884766,-21.549970328692392,53,60,B
EXOD,Exodus Movement Inc. Class A Common Stock,Finance: Consumer Services,114,5.96999979019165,-81.34375065565109,13,,B+
EXOZ,eXoZymes Inc. Common Stock,Biotechnology: Biological Products (No Diagnostic Substances),51,6.170000076293945,-62.60606014367306,17,26,E
EXP,Eagle Materials Inc Common Stock,Building Materials,86,183.77000427246094,-23.737166340038407,30,45,E+
EXPD,Expeditors International of Washington Inc. Common Stock,Integrated Freight & Logistics,141,189.32000732421875,-0.8640068523524169,84,67,B
EXPE,Expedia Group Inc. Common Stock,Transportation Services,113,276.8800048828125,-18.23809332846098,77,95,E+
EXPO,Exponent Inc. Common Stock,Professional Services,41,67.33000183105469,-14.439946777754464,59,56,B-
EXR,Extra Space Storage Inc Common Stock,Real Estate Investment Trusts,57,136.4499969482422,-10.729478901143619,44,57,D
EXTR,Extreme Networks Inc. Common Stock,Computer Communications Equipment,57,21.18000030517578,-37.16997662295513,49,61,E
EXYN,Exyn Technologies Inc. Common Stock,Computer Software: Prepackaged Software,103,2.680000066757202,-60.81871334837277,9,,A+
EYE,National Vision Holdings Inc. Common Stock,Ophthalmic Goods,114,17.1299991607666,-41.853361530499065,24,61,E+
EYPT,EyePoint Inc. Common Stock,Biotechnology: Laboratory Analytical Instruments,31,4.25,-77.45358135813136,5,7,E-
EZGO,EZGO Technologies Ltd. Ordinary Shares,Motor Vehicles,129,0.8849999904632568,-99.89464285827819,3,,A-
EZPW,EZCORP Inc. Class A Non Voting Common Stock,Other Specialty Stores,121,32.470001220703125,-8.766504407159715,88,95,B
EZRA,Reliance Global Group Inc. Common Stock,Specialty Insurers,48,2.7200000286102295,-93.50897330904662,7,17,A+
F,Ford Motor Company Common Stock,Auto Manufacturing,138,13.880000114440918,-19.550890729829785,63,36,C-
FA,First Advantage Corporation Common Stock,EDP Services,126,20.420000076293945,-15.33996946186279,90,63,D
FABC,Fabric.AI Inc. Common Stock,Telecommunications Equipment,103,2.359999895095825,-61.62601856098302,16,7,E
FAC,Factorial Energy Inc. Class A Common Stock,Industrial Machinery/Components,93,5.260000228881836,-76.02552369715443,7,,D-
FAF,First American Corporation (New) Common Stock,Specialty Insurers,48,71.18000030517578,-10.08085268792539,65,88,C-
FAMI,Farmmi Inc. Class A Ordinary Shares,Packaged Foods,109,0.12999999523162842,-93.59605925794037,2,,A+
FANG,Diamondback Energy Inc. Common Stock,Oil & Gas Production,11,205.38999938964844,-2.8232604071919076,78,72,C-
FAST,Fastenal Company Common Stock,RETAIL: Building Materials,126,49.0099983215332,-6.4337584533449395,62,57,C
FATE,Fate Therapeutics Inc. Common Stock,Biotechnology: Biological Products (No Diagnostic Substances),51,2.3299999237060547,-25.080385778139625,96,17,B+
FATN,FatPipe Inc. Common Stock,Computer Software: Prepackaged Software,103,5.585000038146973,-37.17660492171021,92,91,B
FBGL,FBS Global Limited Ordinary Shares,Homebuilding,93,0.4090000092983246,-70.36231806437976,18,,A
FBIN,Fortune Brands Innovations Inc. Common Stock,Forest Products,62,39.7400016784668,-37.22261997742989,31,57,D
FBIO,Fortress Biotech Inc. Common Stock,Biotechnology: Pharmaceutical Preparations,62,2.569999933242798,-41.32420397046397,29,,D-
FBIZ,First Business Financial Services Inc. Common Stock,Major Banks,12,72.2699966430664,-0.7689210131936242,85,87,B
FBK,FB Financial Corporation Common Stock,Major Banks,12,54.939998626708984,-11.501293482201557,52,91,D
FBLA,FB Bancorp Inc. Common Stock,Banks,14,15.989999771118164,0.0,76,31,B-
FBLG,FibroBiologics Inc. Common Stock,Biotechnology: Pharmaceutical Preparations,62,1.7300000190734863,-85.86601265176785,31,26,A+
FBNC,First Bancorp Common Stock,Major Banks,12,64.68000030517578,-2.5022552371874673,71,58,C+
FBP,First BanCorp. New Common Stock,Major Banks,12,27.739999771118164,-5.930272456996343,82,70,C
FBRT,Franklin BSP Realty Trust Inc. Common Stock,Real Estate Investment Trusts,57,7.679999828338623,-25.572240337383466,30,56,D-
FBYD,Falcon's Beyond Global Inc. Class A Common Stock,Services-Misc. Amusement & Recreation,89,6.639999866485596,-68.07692254788775,14,41,E-
FC,Franklin Covey Company Common Stock,Other Consumer Services,132,17.90999984741211,-29.902151145924638,49,79,E+
FCAP,First Capital Inc. Common Stock,Savings Institutions,9,63.29999923706055,-8.134957015235,75,71,C
FCBC,First Community Bankshares Inc. (VA) Common Stock,Major Banks,12,47.709999084472656,-3.713421152207963,81,75,C+
FCCO,First Community Corporation Common Stock,Major Banks,12,34.150001525878906,-1.9741028281074713,71,65,B-
FCEL,FuelCell Energy Inc. Common Stock,Industrial Machinery/Components,93,15.59000015258789,-56.70646798318397,96,7,D-
FCF,First Commonwealth Financial Corporation Common Stock,Major Banks,12,21.25,-2.55304596077498,76,77,C+
FCFS,FirstCash Holdings Inc. Common Stock,Other Specialty Stores,121,227.3800048828125,-3.827766388919651,82,81,C+
FCHL,Fitness Champs Holdings Limited Common Stock,Services-Misc. Amusement & Recreation,89,0.9629999995231628,-99.97027777779249,5,,A+
FCN,FTI Consulting Inc. Common Stock,Professional Services,41,150.30999755859375,-19.633214703719393,36,57,D+
FCNCA,First Citizens BancShares Inc. Class A Common Stock,Major Banks,12,2165.429931640625,-5.404090417280583,61,80,C
FCNCP,First Citizens BancShares Inc. Depositary Shares,Major Banks,12,19.3799991607666,-8.930316959787444,42,,C-
FCPT,Four Corners Property Trust Inc. Common Stock,Real Estate Investment Trusts,57,24.100000381469727,-8.14141696128231,49,45,C-
FCUV,Focus Universal Inc. Common Stock,Industrial Machinery/Components,93,5.519999980926514,-97.17213111310133,21,,A+
FCX,Freeport-McMoRan Inc. Common Stock,Metal Mining,57,71.20999908447266,-10.887253383723683,86,56,B-
FDBC,Fidelity D & D Bancorp Inc. Common Stock,Major Banks,12,54.90999984741211,-1.4890595731275824,76,50,C
FDMT,4D Molecular Therapeutics Inc. Common Stock,Biotechnology: Biological Products (No Diagnostic Substances),51,13.489999771118164,-19.510742321641573,93,7,A-
FDS,FactSet Research Systems Inc. Common Stock,Computer Software: Programming Data Processing,103,262.92999267578125,-27.762930468899672,49,51,D-
FDSB,Fifth District Bancorp Inc. Common Stock,Savings Institutions,9,18.670000076293945,-0.10701154195916773,81,68,C+
FDUS,Fidus Investment Corporation Common Stock,Finance/Investors Services,53,19.489999771118164,-5.754354528514128,60,48,C+
FDX,FedEx Corporation Common Stock,Air Freight/Delivery Services,65,311.79998779296875,-8.118467014891696,79,68,D+
FDXF,FedEx Freight Holding Company Inc. Common Stock,Air Freight/Delivery Services,65,124.0199966430664,-34.19293631281569,23,,D-
FE,FirstEnergy Corp. Common Stock,Electric Utilities: Central,71,46.25,-9.09217694669816,52,57,D+
FEAM,5E Advanced Materials Inc. Common Stock,Mining & Quarrying of Nonmetallic Minerals (No Fuels),98,1.5,-78.67803791706139,17,26,A
FEBO,Fenbo Holdings Limited Class A Ordinary Shares,Home Furnishings,26,0.75,-46.42857051625542,26,,A-
FEDU,Four Seasons Education (Cayman) Inc. American Depositary Shares each ADS representing 10 ordinary shares,Other Consumer Services,132,10.430000305175781,-29.288133524231995,35,,A
FEED,ENvue Medical Inc. Common Stock,Industrial Specialties,68,3.569999933242798,-97.21962608805035,3,,B+
FEIM,Frequency Electronics Inc. Common Stock,Electrical Products,20,62.060001373291016,-22.279270433042907,86,30,E-
FELE,Franklin Electric Co. Inc. Common Stock,Metal Fabrications,47,97.13999938964844,-11.505879922773321,50,49,D+
FEMY,Femasys Inc. Common Stock,Medical/Dental Instruments,98,2.740000009536743,-86.82692254788775,7,,A+
FENC,Fennec Pharmaceuticals Inc. Common Stock,Biotechnology: Biological Products (No Diagnostic Substances),51,11.300000190734863,-11.5805913392789,86,34,B
FENG,Phoenix New Media Limited American Depositary Shares each representing 48 Class A ordinary shares.,Broadcasting,98,1.4800000190734863,-52.71565607153836,23,17,C+
FER,Ferrovial N.V. Ordinary Shares,Military/Government/Technical,98,55.5,-24.65210164250119,33,,D-
FERG,Ferguson Enterprises Inc. Common Stock,Miscellaneous,138,220.97000122070312,-16.83218116405967,42,47,A-
FET,Forum Energy Technologies Inc. Common Stock,Oil and Gas Field Machinery,22,80.95999908447266,-6.198584897988335,97,50,A-
FF,FutureFuel Corp.  Common shares,Major Chemicals,65,5.349999904632568,-15.853794905267149,86,91,A
FFAI,Faraday Future Intelligent Electric Inc. Class A Common Stock,Auto Manufacturing,138,1.7100000381469727,-99.3936170077493,1,,E-
FFBC,First Financial Bancorp. Common Stock,Major Banks,12,32.529998779296875,-9.366266484440045,73,49,D+
FFIN,First Financial Bankshares Inc. Common Stock,Major Banks,12,33.060001373291016,-9.424653771805435,53,51,C-
FFIV,F5 Inc. Common Stock,Computer Communications Equipment,57,398.4800109863281,-7.600982710433013,80,68,B-
FG,F&G Annuities & Life Inc. Common Stock,Life Insurance,10,23.56999969482422,-30.64834300321204,28,59,E+
FGBI,First Guaranty Bancshares Inc. Common Stock,Savings Institutions,9,8.220000267028809,-23.320894941478475,58,63,A-
FGI,FGI Industries Ltd. Ordinary Shares,Industrial Specialties,68,8.460000038146973,-27.815700977866054,94,7,A+
FGL,Founder Group Limited Class A Ordinary Shares,Engineering & Construction,71,5.099999904632568,-99.96250000070123,1,,E-
FGNX,FG Nexus Inc. Common Stock,Property-Casualty Insurers,29,8.050000190734863,-81.38728279598875,36,1,A-
FHB,First Hawaiian Inc. Common Stock,Major Banks,12,25.670000076293945,-14.589377063795395,47,75,D-
FHI,Federated Hermes Inc. Common Stock,Investment Managers,46,60.9900016784668,-6.728854186039623,68,72,C
FHN,First Horizon Corporation Common Stock,Major Banks,12,24.760000228881836,-5.568265151437446,59,64,D+
FHTX,Foghorn Therapeutics Inc. Common Stock,Biotechnology: Pharmaceutical Preparations,62,4.489999771118164,-36.49222542998807,46,26,E
FIBK,First Interstate BancSystem Inc. Common Stock (DE),Major Banks,12,36.880001068115234,-7.173176184935626,63,73,C-
FICO,Fair Isaac Corporation Common Stock,Business Services,78,960.6699829101562,-48.888299967903414,19,96,E-
FIEE,FiEE Inc Common Stock,Telecommunications Equipment,103,4.010000228881836,-47.92207365957666,64,,A+
FIG,Figma Inc. Class A Common Stock,Computer Software: Prepackaged Software,103,22.139999389648438,-68.8519994100851,25,17,C
FIGR,Figure Technology Solutions Inc. Class A Common Stock,Finance: Consumer Services,114,36.56999969482422,-50.52090666642444,67,99,A
FIGS,FIGS Inc. Class A Common Stock,Apparel,109,12.949999809265137,-24.357481457664388,78,93,B-
FINS,Angel Oak Financial Strategies Income Term Trust Common Shares of Beneficial Interest,Finance/Investors Services,53,12.489999771118164,-2.031530572896545,51,,C-
FINV,FinVolution Group American Depositary Shares,Finance: Consumer Services,114,3.4000000953674316,-54.63398057733551,15,44,E-
FINW,FinWise Bancorp Common Stock,Major Banks,12,13.449999809265137,-40.19564274723678,27,38,D+
FIP,FTAI Infrastructure Inc. Common Stock,Railroads,33,3.299999952316284,-47.71424981682691,20,17,E
FIRY,Firy Inc. Class A Common Stock,EDP Services,126,9.569999694824219,-23.13253139407807,93,17,A+
FIS,Fidelity National Information Services Inc. Common Stock,Business Services,78,38.52000045776367,-42.34377992285619,24,99,D-
FISI,Financial Institutions Inc. Common Stock,Major Banks,12,41.09000015258789,-3.7704931653044116,84,59,C+
FISV,Fiserv Inc. Common Stock,Business Services,78,48.93000030517578,-64.1301964727041,21,59,E+
FITB,Fifth Third Bancorp Common Stock,Major Banks,12,54.43000030517578,-8.32069852717472,71,46,D+
FIVE,Five Below Inc. Common Stock,Department/Specialty Retail Stores,45,241.27999877929688,-8.160780428512238,85,89,B
FIVN,Five9 Inc. Common Stock,EDP Services,126,30.25,-12.496383375644072,90,98,B+
FIX,Comfort Systems USA Inc. Common Stock,Engineering & Construction,71,1590.81005859375,-22.979620436962268,87,99,E+
FIZZ,National Beverage Corp. Common Stock,Beverages (Production/Distribution),119,30.90999984741211,-15.251181278025838,39,50,C
FJET,Starfighters Space Inc. Common Stock,Air Freight/Delivery Services,65,2.009999990463257,-93.619047649323,4,26,E-
FKWL,Franklin Wireless Corp. Common Stock,Telecommunications Equipment,103,2.4000000953674316,-53.30738992784452,18,35,C
FLD,Fold Holdings Inc. Class A Common Stock,Finance: Consumer Services,114,0.5230000019073486,-88.4547466294825,8,17,A
FLEX,Flex Ltd. Ordinary Shares,Electrical Products,20,108.01000213623047,-33.355958996066434,86,91,D+
FLG,Flagstar Bank N.A. Common Stock,Banks,14,13.270000457763672,-13.542629294728236,47,63,D-
FLGT,Fulgent Genetics Inc. Common Stock,Medical Specialities,15,20.1200008392334,-34.781197437784726,53,17,C-
FLL,Full House Resorts Inc. Common Stock,Hotels/Resorts,86,2.049999952316284,-41.260746512479294,18,17,B-
FLNA,Filana Therapeutics Inc. Common Stock,Biotechnology: Pharmaceutical Preparations,62,0.8100000023841858,-82.54310289457634,8,17,E+
FLNC,Fluence Energy Inc. Class A Common Stock,Industrial Machinery/Components,93,9.6899995803833,-69.93484418861104,16,17,E-
FLNG,FLEX LNG Ltd. Ordinary Shares,Marine Transportation,3,31.610000610351562,-0.3262946399761768,75,46,C+
FLNT,Fluent Inc. Common Stock,Advertising,116,3.049999952316284,-28.5714293690819,86,17,A
FLO,Flowers Foods Inc. Common Stock,Packaged Foods,109,6.110000133514404,-54.269158017958866,16,38,E
FLOC,Flowco Holdings Inc. Class A Common Stock,Oil and Gas Field Machinery,22,20.290000915527344,-27.03109446320565,52,84,C
FLR,Fluor Corporation Common Stock,Military/Government/Technical,98,53.54999923706055,-6.869566544242522,76,40,B-
FLS,Flowserve Corporation Common Stock,Fluid Controls,29,72.83000183105469,-20.398210163973797,58,85,D
FLUT,Flutter Entertainment plc Ordinary Shares,Computer Software: Programming Data Processing,103,98.68000030517578,-66.22282992751305,17,17,E
FLUX,Flux Power Holdings Inc. Common Stock,Industrial Machinery/Components,93,0.5720000267028809,-91.41141081369327,9,17,A+
FLWS,1-800-FLOWERS.COM Inc. Common Stock,Other Specialty Stores,121,3.0399999618530273,-46.194691848844485,21,17,E-
FLX,BingEx Limited American Depositary Shares,Trucking Freight/Courier Services,24,1.5,-63.94230636971937,11,41,E
FLXS,Flexsteel Industries Inc. Common Stock,Home Furnishings,26,82.73999786376953,-1.7339657213647164,95,56,A-
FLY,Firefly Aerospace Inc. Common Stock,Military/Government/Technical,98,20.899999618530273,-64.4618276985415,22,17,D-
FLYE,Fly-E Group Inc. Common Stock,Aerospace,116,1.809999942779541,-91.542056191383,13,26,A+
FLYW,Flywire Corporation Voting Common Stock,Business Services,78,17.75,-9.160700264373734,84,41,B
FLYX,flyExclusive Inc. Class A Common Stock,Transportation Services,113,1.100000023841858,-84.7856152013839,7,,E
FMAO,Farmers & Merchants Bancorp Inc. Common Stock,Savings Institutions,9,35.40999984741211,0.0,87,72,B+
FMBH,First Mid Bancshares Inc. Common Stock,Major Banks,12,50.849998474121094,-2.8037817943398546,77,51,C+
FMC,FMC Corporation Common Stock,Major Chemicals,65,12.079999923706055,-67.38957899833771,32,17,B
FMFC,Kandal M Venture Limited Class A Ordinary Shares,Apparel,109,0.20000000298023224,-98.70801027845935,6,,A+
FMNB,Farmers National Banc Corp. Common Stock,Major Banks,12,15.880000114440918,-3.052497386710995,71,47,C+
FMS,Fresenius Medical Care AG American Depositary Shares (Each representing 1/2 of an Ordinary Share),Misc Health and Biotechnology Services,21,22.229999542236328,-15.62834176983171,45,57,D-
FMST,Foremost Clean Energy Ltd. Common Shares,Other Metals and Minerals,133,0.9100000262260437,-78.83720963113431,9,,E
FMX,Fomento Economico Mexicano S.A.B. de C.V. Common Stock,Beverages (Production/Distribution),119,117.56999969482422,-11.03291326148751,67,74,D+
FN,Fabrinet Ordinary Shares,Telecommunications Equipment,103,403.95001220703125,-45.88529638686774,26,87,E
FNB,F.N.B. Corporation Common Stock,Major Banks,12,18.260000228881836,-5.6380239327662895,61,61,D+
FND,Floor & Decor Holdings Inc. Common Stock,RETAIL: Building Materials,126,46.869998931884766,-48.164123113218295,24,50,D
FNF,Fidelity National Financial Inc. Common Stock,Specialty Insurers,48,43.95000076293945,-22.265155496960777,33,66,E+
FNGR,FingerMotion Inc. Common Stock,Computer Software: Prepackaged Software,103,0.1860000044107437,-91.22641441267379,3,26,A+
FNKO,Funko Inc. Class A Common Stock,Recreational Games/Products/Toys,93,5.409999847412109,-23.80281802705063,86,63,E+
FNLC,First Bancorp Inc  (ME) Common Stock,Major Banks,12,34.95000076293945,-1.9910238012078474,82,54,B
FNRN,First Northern Community Bancorp Common stock,Savings Institutions,9,17.270000457763672,-8.138291709505918,75,49,C
FNUC,Frontier Nuclear and Minerals Inc. Common Shares,Other Metals and Minerals,133,1.4199999570846558,-77.60252487525518,11,,E+
FNV,Franco-Nevada Corporation,Precious Metals,18,260.6600036621094,-6.673658879516653,78,93,B
FNWB,First Northwest Bancorp Common Stock,Banks,14,10.675000190734863,-12.284304652316358,71,45,D+
FNWD,Finward Bancorp Common Stock,Savings Institutions,9,43.16999816894531,-4.659895466508512,79,43,A-
FOA,Finance of America Companies Inc. Class A Common Stock,Finance: Consumer Services,114,15.649999618530273,-43.90681063616915,22,41,E
FOCL,EDAP TMS S.A. American Depositary Shares,Biotechnology: Electromedical & Electrotherapeutic Apparatus,57,4.159999847412109,-34.38486203010483,76,7,E-
FOFO,Hang Feng Technology Innovation Co. Ltd. Ordinary Shares,Professional Services,41,2.200000047683716,-95.1111110051473,9,,A-
FOR,Forestar Group Inc Common Stock,Real Estate,71,26.520000457763672,-17.07316811328148,45,49,D-
FORM,FormFactor Inc. FormFactor Inc. Common Stock,Semiconductors,41,112.12000274658203,-29.89432384088344,96,92,E+
FORR,Forrester Research Inc. Common Stock,Diversified Commercial Services,65,11.84000015258789,-6.403158026628397,95,56,A-
FORTY,Formula Systems (1985) Ltd. American Depositary Shares,EDP Services,126,129.0,-25.36166398806654,54,90,B+
FOSL,Fossil Group Inc. Common Stock,Consumer Specialties,54,4.489999771118164,-26.27258360231437,74,1,C
FOUR,Shift4 Payments Inc. Class A Common Stock,Business Services,78,43.029998779296875,-50.76659264524635,33,35,D+
FOX,Fox Corporation Class B Common Stock,Broadcasting,98,58.060001373291016,-13.429439794761745,50,57,D+
FOXA,Fox Corporation Class A Common Stock,Broadcasting,98,65.18000030517578,-13.560483013806712,52,80,D+
FOXF,Fox Factory Holding Corp. Common Stock,Motor Vehicles,129,19.6200008392334,-31.898642127962905,59,46,B-
FOXX,Foxx Development Holdings Inc. Common Stock,Computer Communications Equipment,57,2.700000047683716,-55.66502495839224,11,26,B+
FPH,Five Point Holdings LLC Class A Common Shares,Real Estate,71,5.0,-22.958394817654227,38,98,D+
FPI,Farmland Partners Inc. Common Stock,Real Estate Investment Trusts,57,10.640000343322754,-16.973757041549696,54,51,B-
FPS,Forgent Power Solutions Inc. Class A Common Stock,Industrial Machinery/Components,93,29.200000762939453,-54.79175968646128,24,39,E
FR,First Industrial Realty Trust Inc. Common Stock,Real Estate Investment Trusts,57,60.779998779296875,-11.73395550310239,57,94,D+
FRAF,Franklin Financial Services Corporation Common Stock,Major Banks,12,63.279998779296875,-1.5250596395188332,75,60,C
FRBA,First Bank Common Stock,Major Banks,12,17.93000030517578,-5.7308103383508,67,57,C+
FRBT,Forbright Inc. Class A Common Stock,Major Banks,12,18.540000915527344,-8.30859769969219,52,,C-
FRD,Friedman Industries Inc. Common Stock,Steel/Iron Ore,39,44.5,-7.445926985681561,97,79,A-
FRGT,Freight Technologies Inc. Ordinary Shares,Integrated Freight & Logistics,141,0.9800000190734863,-97.36912746557454,2,,E-
FRHC,Freedom Holding Corp. Common Stock,Investment Bankers/Brokers/Service,51,162.72999572753906,-7.016741423197526,69,,B+
FRME,First Merchants Corporation Common Stock,Major Banks,12,41.099998474121094,-8.325422297031393,59,43,D+
FRMEP,First Merchants Corporation Depository Shares,Major Banks,12,25.149999618530273,-3.6866411283975498,52,,D-
FRMI,Fermi Inc. Common Stock,Real Estate Investment Trusts,57,5.389999866485596,-83.43067916154992,10,,C+
FRMM,Forum Markets Incorporated Common Stock,Finance: Consumer Services,114,4.53000020980835,-82.44185913268863,21,17,B+
FRNM,Freenome Inc. Common stock,Medical Specialities,15,14.789999961853027,-12.485205350914352,84,,A
FRO,Frontline Plc Ordinary Shares,Marine Transportation,3,48.400001525878906,0.0,96,81,B+
FROG,JFrog Ltd. Ordinary Shares,Computer Software: Prepackaged Software,103,88.6500015258789,-14.784194399585783,91,97,B+
FRPH,FRP Holdings Inc. Common Stock,Real Estate,71,22.25,-12.94991993389052,38,31,C-
FRPT,Freshpet Inc. Common Stock,Packaged Foods,109,65.16999816894531,-23.777779919362207,65,81,B+
FRSH,Freshworks Inc. Class A Common Stock,Computer Software: Prepackaged Software,103,11.869999885559082,-14.727012783757498,72,99,B
FRST,Primis Financial Corp. Common Stock,Major Banks,12,16.100000381469727,-3.4193142904348495,80,71,B
FRSX,Foresight Autonomous Holdings Ltd. American Depositary Shares,Computer Software: Prepackaged Software,103,1.1100000143051147,-85.31746001710937,8,,B+
FRT,Federal Realty Investment Trust Common Stock,Real Estate Investment Trusts,57,114.83999633789062,-9.667270652911874,60,40,D
FRTT,Fort Technology Inc. Common Shares,Agricultural Chemicals,125,0.9700000286102295,-71.47058819404523,5,,A+
FRVO,Fervo Energy Company Class A common stock,Electric Utilities: Central,71,15.729999542236328,-62.988236371208636,8,,E
FSBC,Five Star Bancorp Common Stock,Major Banks,12,46.4900016784668,-5.922696058148946,79,69,D
FSBW,FS Bancorp Inc. Common Stock,Banks,14,43.40999984741211,-3.4616693995948133,58,51,C+
FSEA,First Seacoast Bancorp Inc. Common Stock,Savings Institutions,9,17.200000762939453,0.0,80,37,C-
FSI,Flexible Solutions International Inc. Common Stock (CDA),Major Chemicals,65,5.699999809265137,-47.22222492037482,28,30,D
FSK,FS KKR Capital Corp. Common Stock,Investment Managers,46,11.890000343322754,-20.5018617796619,52,31,B
FSLR,First Solar Inc. Common Stock,Semiconductors,41,207.1699981689453,-34.90337842295512,35,94,C
FSLY,Fastly Inc. Class A Common Stock,Computer Software: Prepackaged Software,103,22.709999084472656,-32.208957956798045,95,17,B+
FSM,Fortuna Mining Corp. Common Shares,Precious Metals,18,12.050000190734863,-11.786234807186036,88,96,B+
FSP,Franklin Street Properties Corp. Common Stock,Real Estate Investment Trusts,57,0.3499999940395355,-78.91131917816848,8,7,E-
FSS,Federal Signal Corporation Common Stock,Auto Manufacturing,138,113.45999908447266,-15.136363387353235,48,93,C
FSTR,L.B. Foster Company Common Stock,Metal Fabrications,47,37.38999938964844,-17.223819115949567,74,59,D-
FSUN,FirstSun Capital Bancorp Common Stock,Major Banks,12,40.130001068115234,-3.067633842887185,64,35,B
FSV,FirstService Corporation Common Shares,Real Estate,71,136.00999450683594,-34.24707261542529,32,59,E+
FTAI,FTAI Aviation Ltd. Common Stock,Misc Corporate Leasing Services,89,180.08999633789062,-41.58782777226219,32,85,E+
FTCI,FTC Solar Inc. Common Stock,Semiconductors,41,2.309999942779541,-81.52000045776367,8,17,D
FTDR,Frontdoor Inc. Common Stock,Diversified Commercial Services,65,79.55999755859375,-12.407799235128646,82,76,C
FTEK,Fuel Tech Inc. Common Stock,Pollution Control Equipment,41,1.6299999952316284,-55.096420279791744,55,17,A
FTF,Franklin Limited Duration Income Trust Common Shares of Beneficial Interest,Finance/Investors Services,53,5.679999828338623,-2.068971697413624,49,,C
FTFT,Future FinTech Group Inc. Common Stock,Business Services,78,2.049999952316284,-98.99272803199636,1,35,A+
FTH,Faeth Therapeutics Inc. Common Stock,Biotechnology: Pharmaceutical Preparations,62,39.0,-2.6217209914174533,99,26,A-
FTHM,Fathom Holdings Inc. Common Stock,Real Estate,71,0.5849999785423279,-79.40140858372392,27,17,A
FTI,TechnipFMC plc Ordinary Share,Oil and Gas Field Machinery,22,75.58000183105469,-5.619380490891701,88,94,C
FTK,Flotek Industries Inc. Common Stock,Major Chemicals,65,27.420000076293945,-29.366305276015257,94,98,E
FTLF,FitLife Brands Inc. Common Stock,Medicinal Chemicals and Botanical Products,129,9.220000267028809,-55.587667796835035,16,,E+
FTNT,Fortinet Inc. Common Stock,Computer peripheral equipment,55,158.85000610351562,-8.062271544274601,94,96,B-
FTRE,Fortrea Holdings Inc. Common Stock,Medical Specialities,15,17.020000457763672,-17.777778596821715,86,55,D
FTS,Fortis Inc. Common Shares,Electric Utilities: Central,71,54.47999954223633,-6.647835790295775,53,51,D+
FTV,Fortive Corporation Common Stock,Industrial Machinery/Components,93,54.5099983215332,-14.844187080387927,45,46,E+
FTW,Presidio Production Company Class A Common Stock,Oil & Gas Production,11,10.5600004196167,-21.05279969039875,41,,D+
FUBO,FuboTV Inc. Class A Common Stock,Movies/Entertainment,6,11.40999984741211,-79.14839255687886,20,17,A-
FUFU,BitFuFu Inc. Class A Ordinary Shares,Finance: Consumer Services,114,1.25,-70.44917271007974,11,26,B
FUL,H. B. Fuller Company Common Stock,Home Furnishings,26,51.650001525878906,-22.816385406564866,31,71,D-
FULC,Fulcrum Therapeutics Inc. Common Stock,Biotechnology: Pharmaceutical Preparations,62,3.799999952316284,-73.97260374637229,17,17,B
FULT,Fulton Financial Corporation Common Stock,Major Banks,12,23.600000381469727,-6.312029054696378,72,49,D+
FUN,Six Flags Entertainment Corporation Common Stock New,Services-Misc. Amusement & Recreation,89,13.670000076293945,-48.87808454262257,19,17,E
FUNC,First United Corporation Common Stock,Major Banks,12,44.400001525878906,-3.854479791108567,71,96,B-
FUND,Sprott Focus Trust Inc. Common Stock,Investment Managers,46,10.59000015258789,-2.6654407978186856,72,,C
FURY,Fury Gold Mines Limited Common Shares,Precious Metals,18,0.5929999947547913,-37.24867732877083,49,36,B
FUSB,First US Bancshares Inc. Common Stock,Major Banks,12,16.989999771118164,0.0,74,85,A-
FUSE,Fusemachines Inc. Common stock,EDP Services,126,0.6039999723434448,-96.86070696710647,6,,A
FUTU,Futu Holdings Limited American Depositary Shares,Investment Bankers/Brokers/Service,51,113.51000213623047,-42.05665913379008,34,49,A-
FVCB,FVCBankcorp Inc. Common Stock,Major Banks,12,18.469999313354492,-2.942729128139243,81,58,B-
FVR,FrontView REIT Inc. Common Stock,Real Estate Investment Trusts,57,18.709999084472656,-14.644165057703818,73,48,D
FVRR,Fiverr International Ltd. Ordinary Shares no par value,Business Services,78,8.930000305175781,-66.51668436584161,17,71,E+
FWDI,Forward Industries Inc. Common Stock,Finance: Consumer Services,114,6.460000038146973,-83.43589733808469,68,26,A
FWONA,Liberty Media Corporation Series A Liberty Formula One Common Stock,Broadcasting,98,86.98999786376953,-12.42323944408421,56,40,D+
FWONK,Liberty Media Corporation Series C Liberty Formula One Common Stock,Broadcasting,98,95.44000244140625,-11.898826891696125,57,40,C-
FWRD,Forward Air Corporation Common Stock,Integrated Freight & Logistics,141,16.420000076293945,-45.683095187108826,40,17,A-
FWRG,First Watch Restaurant Group Inc. Common Stock,Restaurants,81,11.1899995803833,-40.03215609921239,28,82,D+
FXHO,UTime Limited Class A Ordinary Shares,Consumer Electronics/Appliances,93,13.40999984741211,-99.79985074854609,16,,A-
FXNC,First National Corporation Common Stock,Major Banks,12,31.059999465942383,-3.5190596897420767,74,49,B-
G,Genpact Limited Common Stock,Professional Services,41,34.40999984741211,-27.899669607177447,36,68,C
GAB,Gabelli Equity Trust Inc. (The) Common Stock,Investment Managers,46,5.579999923706055,-6.500907456967209,49,,D+
GABC,German American Bancorp Inc. Common Stock,Major Banks,12,49.70000076293945,-3.269755294377241,75,81,C+
GAIA,Gaia Inc. Class A Common Stock,Movies/Entertainment,6,1.4600000381469727,-76.67731653729095,8,17,E
GAIN,Gladstone Investment Corporation Business Development Company,Finance: Consumer Services,114,16.049999237060547,-4.335908909942887,70,60,C-
GALT,Galectin Therapeutics Inc. Common Stock,Biotechnology: Pharmaceutical Preparations,62,3.9000000953674316,-40.09216653994958,75,26,A
GAM,General American Investors Inc. Common Stock,Investment Managers,46,65.7300033569336,-3.267098883020658,64,,C-
GAME,GameSquare Holdings Inc. Common Stock,Services-Misc. Amusement & Recreation,89,3.4700000286102295,-49.32827097719655,45,7,A
GANX,Gain Therapeutics Inc. Common Stock,Biotechnology: Pharmaceutical Preparations,62,1.7100000381469727,-59.090906498275466,26,,A-
GAP,Gap Inc. (The) Common Stock,Clothing/Shoe/Accessory Stores,122,20.90999984741211,-27.037190802643597,37,97,B
GASS,StealthGas Inc. Common Stock,Marine Transportation,3,9.270000457763672,-10.779594307509932,65,51,C
GATX,GATX Corporation Common Stock,Transportation Services,113,176.86000061035156,-11.570431479826759,55,87,C-
GAU,Galiano Gold Inc.,Mining & Quarrying of Nonmetallic Minerals (No Fuels),98,2.1600000858306885,-39.49579478370859,39,85,B-
GAUZ,Gauzy Ltd. Ordinary Shares,Industrial Machinery/Components,93,7.199999809265137,-94.84240723891787,8,,A+
GBAB,Guggenheim Taxable Municipal Bond & Investment Grade Debt Trust Common Shares of Beneficial Interest,Investment Managers,46,13.460000038146973,-8.279512816390355,41,,C-
GBCI,Glacier Bancorp Inc. Common Stock,Major Banks,12,45.93000030517578,-15.740227995875845,48,70,D
GBDC,Golub Capital BDC Inc. Common Stock,Finance: Consumer Services,114,12.699999809265137,-5.6276858403065955,47,47,D+
GBFH,GBank Financial Holdings Inc. Common Stock,Major Banks,12,19.93000030517578,-52.558911922259725,13,55,E
GBLI,Global Indemnity Group LLC Class A Common Stock,Property-Casualty Insurers,29,29.5,-2.832676525238065,64,92,B-
GBR,New Concept Energy Inc Common Stock,Oil & Gas Production,11,0.8500000238418579,-29.752066359967124,45,,A+
GBTG,Global Business Travel Group Inc. Class A Common Stock,Transportation Services,113,9.479999542236328,-0.3154646259039606,79,60,C
GBX,Greenbrier Companies Inc. (The) Common Stock,Railroads,33,42.65999984741211,-26.522800307205628,35,50,E+
GCBC,Greene County Bancorp Inc. Common Stock,Banks,14,35.22999954223633,-1.1781261308998592,89,56,B
GCDT,Green Circle Decarbonize Technology Limited Class A Ordinary Shares,Industrial Machinery/Components,93,0.515999972820282,-90.71942485376493,6,,A+
GCL,GCL Global Holdings Ltd Ordinary Shares,Computer Software: Prepackaged Software,103,0.5730000138282776,-81.80952392125435,27,,A+
GCMG,GCM Grosvenor Inc. Class A Common Stock,Investment Managers,46,12.779999732971191,-8.24066022787412,68,69,C
GCO,Genesco Inc. Common Stock,Clothing/Shoe/Accessory Stores,122,33.310001373291016,-22.02715257145592,62,79,D
GCT,GigaCloud Technology Inc Class A Ordinary Shares,Catalog/Specialty Distribution,98,51.79999923706055,-2.7230061275858253,91,90,A-
GCTK,GlucoTrack Inc. Common Stock,Medical/Dental Instruments,98,3.2300000190734863,-97.96663525655225,4,26,A+
GCTS,GCT Semiconductor Holding Inc. Common Stock,Semiconductors,41,1.8600000143051147,-50.134048128848804,69,,D+
GD,General Dynamics Corporation Common Stock,Marine Transportation,3,354.25,-10.536152004467002,57,59,D
GDC,GD Culture Group Limited Common Stock,Steel/Iron Ore,39,1.3300000429153442,-99.94532373924294,1,26,A-
GDDY,GoDaddy Inc. Class A Common Stock,EDP Services,126,96.37000274658203,-35.14368051572018,45,77,C
GDEV,GDEV Inc. Ordinary Shares,EDP Services,126,11.9399995803833,-67.01657643994544,25,,A
GDHG,Golden Heaven Group Holdings Ltd. Class A Ordinary Shares,Services-Misc. Amusement & Recreation,89,1.3200000524520874,-83.40874714510528,11,,A
GDOT,Green Dot Corporation Class A Common Stock $0.001 par value,Finance: Consumer Services,114,13.270000457763672,-12.983603555648049,53,38,C
GDRX,GoodRx Holdings Inc. Class A Common Stock,EDP Services,126,3.3499999046325684,-33.399607059654414,78,55,B+
GDS,GDS Holdings Limited ADS,Computer Software: Programming Data Processing,103,31.059999465942383,-34.63804889154226,31,98,C+
GDTC,CytoMed Therapeutics Limited Ordinary Shares,Biotechnology: Pharmaceutical Preparations,62,0.8100000023841858,-69.88847638831845,14,,A+
GDV,Gabelli Dividend & Income Trust Common Shares of Beneficial Interest,Investment Managers,46,29.549999237060547,-3.8691991036889917,63,,C-
GDYN,Grid Dynamics Holdings Inc. Class A Common Stock,Computer Software: Prepackaged Software,103,7.829999923706055,-22.167002016840975,65,55,B+
GE,GE Aerospace Common Stock,Consumer Electronics/Appliances,93,324.1499938964844,-14.970360196599097,59,93,D-
GECC,Great Elm Capital Corp. Common Stock,Finance: Consumer Services,114,5.96999979019165,-39.574353341659716,40,30,B
GEF,Greif Inc. Class A Common Stock,,,83.63999938964844,-7.1904162887737595,85,65,B
GEG,Great Elm Group Inc. Common Stock,Computer Software: Prepackaged Software,103,2.2200000286102295,-24.74576295843346,39,41,B
GEHC,GE HealthCare Technologies Inc. Common Stock,Medical Electronics,116,64.23999786376953,-27.02688414567297,34,55,C
GELS,Gelteq Limited Ordinary Shares,Biotechnology: Pharmaceutical Preparations,62,0.7870000004768372,-50.81250070314853,60,,A+
GEMI,Gemini Space Station Inc. Class A Common Stock,Finance: Consumer Services,114,4.389999866485596,-86.50061560673335,13,,A-
GEN,Gen Digital Inc. Common Stock,Computer Software: Prepackaged Software,103,29.969999313354492,-4.3408892871477756,76,70,B
GENB,Generate Biomedicines Inc. Common Stock,Biotechnology: Pharmaceutical Preparations,62,15.390000343322754,-24.484784214564936,75,,B+
GENC,Gencor Industries Inc. Common Stock,Construction/Ag Equipment/Trucks,4,18.06999969482422,-9.650001525878904,80,60,A-
GENI,Genius Sports Limited Ordinary Shares,Services-Misc. Amusement & Recreation,89,6.71999979019165,-49.962772617348094,32,17,B-
GENK,GEN Restaurant Group Inc. Class A Common Stock,Restaurants,81,1.850000023841858,-41.82389984260625,30,17,E-
GEO,Geo Group Inc (The) REIT,Homebuilding,93,31.3799991607666,-4.241688366128049,93,83,C
GEOS,Geospace Technologies Corporation Common Stock (Texas),Industrial Machinery/Components,93,5.090000152587891,-82.08377268593495,9,7,E
GERN,Geron Corporation Common Stock,Biotechnology: Pharmaceutical Preparations,62,1.3700000047683716,-29.743591217051012,60,17,B+
GETY,Getty Images Holdings Inc. Class A Common Stock,Business Services,78,0.27000001072883606,-88.55932107073788,5,17,B
GEV,GE Vernova Inc. Common Stock,Consumer Electronics/Appliances,93,923.9099731445312,-21.359993134155264,80,83,D-
GEVO,Gevo Inc. Common Stock,Major Chemicals,65,1.5800000429153442,-43.16546549727212,34,7,B+
GFAI,Guardforce AI Co. Limited Ordinary Shares,Diversified Commercial Services,65,0.3610000014305115,-72.01550293753877,13,,A
GFF,Griffon Corporation Common Stock,Building Products,48,95.30000305175781,-10.919332514827806,74,99,B-
GFI,Gold Fields Limited American Depositary Shares,Precious Metals,18,45.68000030517578,-23.572582233552243,77,,B+
GFL,GFL Environmental Inc. Subordinate voting shares no par value,Environmental Services,81,41.630001068115234,-13.451900380649517,48,41,B-
GFR,Greenfire Resources Ltd. Common Shares,Oil & Gas Production,11,6.25,-11.971829803518242,69,33,B-
GFS,GlobalFoundries Inc. Ordinary Shares,Semiconductors,41,45.959999084472656,-48.83700211027963,43,73,E
GFUZ,General Fusion Group Ltd. Common Shares,Electric Utilities: Central,71,8.210000038146973,-40.334303040821005,24,,A-
GGAL,Grupo Financiero Galicia S.A. American Depositary Shares,Commercial Banks,7,44.720001220703125,-23.72075179606049,57,36,B-
GGB,Gerdau S.A. Common Stock,Steel/Iron Ore,39,5.099999904632568,0.0,88,65,B-
GGG,Graco Inc. Common Stock,Fluid Controls,29,75.97000122070312,-19.289873702027116,40,57,E
GGN,GAMCO Global Gold Natural Resources & Income Trust,Finance/Investors Services,53,5.559999942779541,-2.4561380907071495,69,,B-
GGR,Gogoro Inc. Ordinary Shares,Auto Manufacturing,138,2.5399999618530273,-65.5826568771612,12,17,A+
GGZ,Gabelli Global Small and Mid Cap Value Trust (The) Common Shares of Beneficial Interest,Investment Managers,46,16.059999465942383,-5.194811336316107,62,,D
GH,Guardant Health Inc. Common Stock,Medical Specialities,15,159.02999877929688,-6.956470580988306,95,7,B+
GHC,Graham Holdings Company Common Stock,Other Consumer Services,132,1136.800048828125,-7.873830203984722,52,97,C-
GHG,GreenTree Hospitality Group Ltd. American depositary shares each representing one Class A ordinary share,Hotels/Resorts,86,1.0299999713897705,-54.07935990299138,20,52,D-
GHM,Graham Corporation Common Stock,Industrial Machinery/Components,93,85.48999786376953,-30.93949654131858,76,75,E+
GHRS,GH Research PLC Ordinary Shares,Biotechnology: Pharmaceutical Preparations,62,27.280000686645508,-10.96605342667888,95,7,B+
GIB,CGI Inc. Common Stock,Professional Services,41,69.05999755859375,-26.770297410175246,34,61,C-
GIBO,GIBO Holdings Limited Class A Ordinary Shares,Computer Software: Prepackaged Software,103,33.400001525878906,-56.19671931032275,21,,A
GIC,Global Industrial Company Common Stock,Industrial Machinery/Components,93,38.65999984741211,-2.8887251600309027,78,69,B-
GIFT,Giftify Inc. Common Stock,Catalog/Specialty Distribution,98,0.7649999856948853,-39.28571496150391,24,26,A-
GIGM,GigaMedia Limited Ordinary Shares,Computer Software: Programming Data Processing,103,1.340000033378601,-27.956988006840568,32,32,B+
GIII,G-III Apparel Group LTD. Common Stock,Apparel,109,27.670000076293945,-24.830211779424072,35,98,E-
GIL,Gildan Activewear Inc. Class A Sub. Vot. Common Stock,Apparel,109,48.93000030517578,-31.68850479767841,30,32,E+
GILD,Gilead Sciences Inc. Common Stock,Biotechnology: Biological Products (No Diagnostic Substances),51,144.80999755859375,-5.911747910090259,73,36,C+
GILT,Gilat Satellite Networks Ltd. Ordinary Shares,Radio And Television Broadcasting And Communications Equipment,81,9.539999961853027,-54.24460533664246,20,57,E
GIPR,Generation Income Properties Inc. Common Stock,Real Estate Investment Trusts,57,0.414000004529953,-97.77419356968186,2,7,A+
GIS,General Mills Inc. Common Stock,Packaged Foods,109,35.959999084472656,-25.26439943181048,37,59,D+
GITS,Global Interactive Technologies Inc. Common Stock,Computer Software: Programming Data Processing,103,2.1500000953674316,-50.8009118610682,68,26,A+
GIW,GigCapital8 Corp. Class A Ordinary Shares,Blank Checks,57,10.15999984741211,-0.0983306667336814,50,,C-
GIX,GigCapital9 Corp. Class A Ordinary Share,Blank Checks,57,10.039999961853027,0.0,50,,C
GJH,Synthetic Fixed-Income Securities Inc 6.375% (STRATS) Cl A-1,Finance: Consumer Services,114,9.40999984741211,-2.4706011197728306,50,,D
GJO,Synthetic Fixed-Income Securities Inc. on behalf of STRATS(SM) Trust for Wal-Mart Stores Inc. Securities Series 2004-5,Finance: Consumer Services,114,24.6200008392334,-1.1244931067729946,49,,D
GJR,Synthetic Fixed-Income Securities Inc. STRATS Trust for Procter&Gamble Securities Series 2006-1,Finance: Consumer Services,114,24.719999313354492,-1.5183338570076588,51,,D+
GJS,Goldman Sachs Group Securities STRATS Trust for Goldman Sachs Group Securities Series 2006-2,Finance: Consumer Services,114,23.399999618530273,-1.0965340646032717,53,,D+
GKOS,Glaukos Corporation Common Stock,Medical/Dental Instruments,98,170.3800048828125,-10.11342540770671,93,17,B+
GL,Globe Life Inc. Common Stock,Life Insurance,10,170.8000030517578,-8.181916391320254,72,80,D
GLAD,Gladstone Capital Corporation Common Stock,Textiles,38,19.3799991607666,-8.673594351240311,51,59,C-
GLAS,Glass House Brands Inc. Subordinate Voting Shares,Medicinal Chemicals and Botanical Products,129,7.980000019073486,-41.24576535805724,35,7,E-
GLBE,Global-E Online Ltd. Ordinary Shares,Computer Software: Prepackaged Software,103,36.5,-13.833806718405828,55,99,D
GLBS,Globus Maritime Limited Common Stock,Marine Transportation,3,3.5,-9.090906839021628,98,,A-
GLDG,GoldMining Inc. Common Shares,Precious Metals,18,1.0399999618530273,-51.40187332375872,39,26,B
GLE,Global Engine Group Holding Limited Class A Ordinary Shares,EDP Services,126,0.460999995470047,-57.314816930411695,27,,A+
GLIBA,Liberty Capital Corporation Series A GCI Group Common Stock,Cable & Other Pay Television Services,81,26.100000381469727,-35.123040819157644,39,32,A-
GLIBK,Liberty Capital Corporation Series C GCI Group Common Stock,Cable & Other Pay Television Services,81,25.709999084472656,-35.78921454394266,37,32,B+
GLND,Greenland Energy Company Common Stock,Oil & Gas Production,11,1.2300000190734863,-90.5384613917424,4,,E-
GLNG,Golar Lng Ltd,Marine Transportation,3,52.689998626708984,-7.231623960900224,74,51,C+
GLOB,Globant S.A. Common Shares,EDP Services,126,36.70000076293945,-48.46229288754213,23,84,C-
GLOO,Gloo Holdings Inc. Class A Common Stock,EDP Services,126,3.005000114440918,-68.36841984799034,10,17,E+
GLPI,Gaming and Leisure Properties Inc. Common Stock,Real Estate Investment Trusts,57,40.97999954223633,-14.938338048704825,35,73,E+
GLRE,Greenlight Capital Re Ltd. Class A Ordinary Shares,Property-Casualty Insurers,29,15.020000457763672,-20.947366011770153,54,7,D+
GLSI,Greenwich LifeSciences Inc. Common Stock,Biotechnology: Pharmaceutical Preparations,62,15.0600004196167,-55.13183066948537,43,7,E
GLU,Gabelli Global Utility Common Shares of Beneficial Ownership,Finance/Investors Services,53,18.95009994506836,-9.345084982567153,55,,C-
GLUE,Monte Rosa Therapeutics Inc. Common Stock,Biotechnology: Biological Products (No Diagnostic Substances),51,14.319999694824219,-43.42157251289759,81,7,E
GLW,Corning Incorporated Common Stock,Telecommunications Equipment,103,163.1199951171875,-36.08387144682765,91,89,C-
GLXG,Galaxy Payroll Group Limited Class A Ordinary Shares,Diversified Commercial Services,65,0.9789999723434448,-85.89337227274399,12,,A
GLXY,Galaxy Digital Inc. Class A Common Stock,Investment Bankers/Brokers/Service,51,24.1299991607666,-43.70042273182162,35,17,B-
GM,General Motors Company Common Stock,Auto Manufacturing,138,86.12000274658203,-4.431786779118707,74,83,C+
GMAB,Genmab A/S ADS,Biotechnology: Pharmaceutical Preparations,62,32.22999954223633,-8.80022806146995,74,45,B-
GME,GameStop Corporation Common Stock,Electronics Distribution,,20.389999389648438,-26.36331167791226,32,92,D
GMED,Globus Medical Inc. Class A Common Stock,Medical/Dental Instruments,98,73.55999755859375,-24.023964273441223,39,96,D
GMEX,GMEX ROBOTICS CORPORATION Class A Ordinary Shares,Recreational Games/Products/Toys,93,0.5210000276565552,-99.98746385833397,1,,E-
GMHS,Gamehaus Holdings Inc. Class A Ordinary Shares,EDP Services,126,0.75,-59.677419664956524,16,,A+
GMM,Global Mofy AI Limited Class A Ordinary Shares,Computer Software: Programming Data Processing,103,2.0999999046325684,-98.14977981970698,5,,A+
GMRS,GMR Solutions Inc. Class A Common Stock,Transportation Services,113,12.470000267028809,-20.77509245006206,36,,A
GMTL,Guardian Metal Resources PLC ADS,Metal Mining,57,11.369999885559082,-44.91278962313599,29,,C
GNE,Genie Energy Ltd. Class B Common Stock Stock,Power Generation,77,15.6899995803833,-0.5680897204268787,66,49,B-
GNK,Genco Shipping & Trading Limited Ordinary Shares New (Marshall Islands),Marine Transportation,3,26.75,-3.2549715404954993,87,82,C
GNL,Global Net Lease Inc. Common Stock,Real Estate Investment Trusts,57,9.079999923706055,-5.016538433451812,59,7,C-
GNLN,Greenlane Holdings Inc. Class A Common Stock,Durable Goods,129,2.5799999237060547,-92.22891607103196,8,26,A+
GNLX,Genelux Corporation Common Stock,Biotechnology: Pharmaceutical Preparations,62,2.4800000190734863,-69.9029115538804,22,,E
GNPX,Genprex Inc. Common Stock,Biotechnology: Pharmaceutical Preparations,62,3.3499999046325684,-99.63744589776704,2,33,E-
GNRC,Generac Holdlings Inc. Common Stock,Metal Fabrications,47,181.6699981689453,-38.529473872796615,33,78,E
GNS,Genius Group Limited Ordinary Shares,Computer Software: Prepackaged Software,103,0.16500000655651093,-84.86238518313883,9,,A-
GNSS,Genasys Inc. Common Stock,Consumer Electronics/Appliances,93,1.5499999523162842,-39.92248069179093,23,34,E+
GNT,GAMCO Natural Resources Gold & Income Trust,Finance/Investors Services,53,9.079999923706055,-2.3655942206107117,77,,C+
GNTA,Genenta Science S.p.A. American Depositary Shares,Biotechnology: Biological Products (No Diagnostic Substances),51,0.8610000014305115,-86.11290277551537,11,,D
GNTX,Gentex Corporation Common Stock,Auto Parts:O.E.M.,68,22.68000030517578,-20.37250941683304,39,69,D-
GNW,Genworth Financial Inc Common Stock,Life Insurance,10,10.470000267028809,-0.19065304600310862,76,43,B
GO,Grocery Outlet Holding Corp. Common Stock,Food Chains,106,11.079999923706055,-37.78775824842633,71,40,B-
GOAI,Eva Live Inc. Common Stock,Computer Software: Programming Data Processing,103,2.930000066757202,-61.54855497688466,24,42,E-
GOGO,Gogo Inc. Common Stock,Telecommunications Equipment,103,2.5899999141693115,-75.0,11,30,E
GOLD,Gold.com Inc. Common Stock,Other Specialty Stores,121,45.880001068115234,-27.86068854988022,85,73,B
GOLF,Acushnet Holdings Corp. Common Stock,Recreational Games/Products/Toys,93,85.2699966430664,-27.847927452510014,43,77,E
GOOD,Gladstone Commercial Corporation Real Estate Investment Trust,Real Estate,71,12.779999732971191,-3.0349056368952465,63,97,C
GOOG,Alphabet Inc. Class C Capital Stock,Computer Software: Programming Data Processing,103,330.3900146484375,-17.100173055423685,60,97,D-
GOOGL,Alphabet Inc. Class A Common Stock,Computer Software: Programming Data Processing,103,332.6000061035156,-17.288613915449435,60,97,D-
GOOS,Canada Goose Holdings Inc. Subordinate Voting Shares,Apparel,109,7.630000114440918,-47.846889577878194,16,31,E
GORO,Goldgroup Mining Inc. Common Shares,Precious Metals,18,3.569999933242798,-43.15286920425524,38,,D-
GOSS,Gossamer Bio Inc. Common Stock,Biotechnology: Pharmaceutical Preparations,62,10.619999885559082,-96.49736165633544,6,17,B+
GOTU,Gaotu Techedu Inc. American Depositary Shares,Other Consumer Services,132,2.0799999237060547,-43.783786570268234,56,1,A-
GOVX,GeoVax Labs Inc. Common Stock,Biotechnology: Pharmaceutical Preparations,62,0.4659999907016754,-97.4002788812498,3,26,E-
GP,GreenPower Motor Company Inc. Common Shares,Construction/Ag Equipment/Trucks,4,0.7540000081062317,-80.95959593831076,13,36,E-
GPC,Genuine Parts Company Common Stock,Automotive Aftermarket,136,134.16000366210938,-7.591191623802629,77,39,B-
GPCR,Structure Therapeutics Inc. American Depositary Shares,Biotechnology: Pharmaceutical Preparations,62,39.54999923706055,-57.831326526287654,47,17,E-
GPGI,GPGI Inc. Class A Common Stock,Finance: Consumer Services,114,12.899999618530273,-50.35462528663308,28,63,D
GPI,Group 1 Automotive Inc. Common Stock,Retail-Auto Dealers and Gas Stations,86,281.8399963378906,-41.88625079529904,24,59,B-
GPK,Graphic Packaging Holding Company,Containers/Packaging,91,9.390000343322754,-53.870770699412276,22,44,E+
GPMT,Granite Point Mortgage Trust Inc. Common Stock,Real Estate Investment Trusts,57,0.9810000061988831,-64.78928444227732,11,17,E-
GPN,Global Payments Inc. Common Stock,Business Services,78,88.55000305175781,-6.622375469827646,80,49,B
GPOR,Gulfport Energy Corporation Common Shares,Oil & Gas Production,11,176.3000030517578,-20.760484201986063,44,42,B-
GPRE,Green Plains Inc. Common Stock,Major Chemicals,65,15.34000015258789,-20.22880645995093,78,63,B
GPRK,Geopark Ltd Common Shares,Oil & Gas Production,11,11.970000267028809,0.0,89,94,A
GPRO,GoPro Inc. Class A Common Stock,Industrial Machinery/Components,93,1.399999976158142,-51.388891648363064,88,17,A+
GPUS,Hyperscale Data Inc. Common Stock,Industrial Machinery/Components,93,0.1899999976158142,-93.96825422655577,3,26,E-
GRAB,Grab Holdings Limited Class A Ordinary Shares,Business Services,78,3.009999990463257,-53.33333210119593,21,94,E
GRAL,GRAIL Inc. Common Stock,Medical Specialities,15,77.55999755859375,-33.172497682126,90,17,B+
GRAN,Grande Group Limited Class A Ordinary Shares,Finance: Consumer Services,114,1.0800000429153442,-77.59336090348965,12,,A+
GRBK,Green Brick Partners Inc. Common Stock,Homebuilding,93,67.5,-16.242706207614212,45,47,D-
GRC,Gorman-Rupp Company (The) Common Stock,Fluid Controls,29,73.2300033569336,-19.98635707127351,82,91,D-
GRCE,Grace Therapeutics Inc. Common Stock,Biotechnology: Pharmaceutical Preparations,62,2.259999990463257,-55.94542027199236,23,,D-
GRDN,Guardian Pharmacy Services Inc. Class A Common Stock,Retail-Drug Stores and Proprietary Stores,123,43.83000183105469,0.0,83,87,A-
GRDX,GridAI Technologies Corp. Common Stock,Biotechnology: Pharmaceutical Preparations,62,2.9700000286102295,-56.32353021611802,42,26,B
GRFS,Grifols S.A. American Depositary Shares,Biotechnology: Pharmaceutical Preparations,62,7.650000095367432,-22.779540560972254,39,78,B
GRI,GRI Bio Inc. Common Stock,Biotechnology: Pharmaceutical Preparations,62,1.940000057220459,-96.93426028027174,9,17,A+
GRML,Greenland Mines Ltd. Common Stock,Biotechnology: Biological Products (No Diagnostic Substances),51,3.819999933242798,-88.42424262653698,3,,B
GRMN,Garmin Ltd. Common Stock (Switzerland),Industrial Machinery/Components,93,272.20001220703125,-13.07957305405858,76,79,B-
GRND,Grindr Inc. Common Stock,Computer Software: Programming Data Processing,103,15.380000114440918,-14.26979009703343,76,88,C+
GRNQ,Greenpro Capital Corp. Common Stock,Professional Services,41,11.760000228881836,-61.18811707923102,21,26,A-
GRNT,Granite Ridge Resources Inc. Common Stock,Oil & Gas Production,11,5.099999904632568,-12.724489856702348,56,49,B
GRO,Brazil Potash Corp. Common Shares,Mining & Quarrying of Nonmetallic Minerals (No Fuels),98,2.430000066757202,-37.53213364458091,51,44,A-
GROV,Grove Collaborative Holdings Inc. Class A Common Stock,Catalog/Specialty Distribution,98,1.0499999523162842,-32.69230828012473,26,17,A-
GROW,U.S. Global Investors Inc. Class A Common Stock,Investment Managers,46,2.9000000953674316,-17.87671341087711,63,31,E
GROY,Gold Royalty Corp. Common Shares,Precious Metals,18,3.2799999713897705,-37.044146883416154,45,64,B+
GRPN,Groupon Inc. Common Stock,Advertising,116,18.280000686645508,-36.03918567024584,71,17,E+
GRRR,Gorilla Technology Group Inc. Ordinary shares,Computer Software: Prepackaged Software,103,13.760000228881836,-36.82277412728075,35,,D-
GRSD,Grandstand Limited Ordinary Shares,Services-Misc. Amusement & Recreation,89,1.7999999523162842,-78.7985865625151,9,17,C+
GRVY,GRAVITY Co. Ltd. American Depository Shares,EDP Services,126,70.7699966430664,-5.8408818588923435,74,70,A-
GRWG,GrowGeneration Corp. Common Stock,RETAIL: Building Materials,126,1.5700000524520874,-28.636362798943026,67,7,A
GRX,The Gabelli Healthcare & Wellness Trust Common Shares of Beneficial Interest,Finance/Investors Services,53,9.720000267028809,-4.424776852402157,61,,C+
GS,Goldman Sachs Group Inc. (The) Common Stock,Investment Bankers/Brokers/Service,51,1019.77001953125,-11.050154603609974,72,89,C-
GSAT,Globalstar Inc. Common Stock,Telecommunications Equipment,103,81.97000122070312,-2.9136551884174855,88,7,C
GSBC,Great Southern Bancorp Inc. Common Stock,Major Banks,12,80.16000366210938,-2.267731110806215,77,44,C+
GSBD,Goldman Sachs BDC Inc. Common Stock,Investment Managers,46,9.579999923706055,-6.353857747956271,59,33,C
GSHD,Goosehead Insurance Inc. Class A Common Stock,Specialty Insurers,48,56.439998626708984,-30.295173797925166,68,95,B-
GSIT,GSI Technology Common Stock,Semiconductors,41,5.309999942779541,-59.05936905584994,36,17,D-
GSIW,Garden Stage Limited Class A Ordinary Shares,Investment Bankers/Brokers/Service,51,14.699999809265137,-68.04347867551057,11,,E-
GSK,GSK plc American Depositary Shares (Each representing two Ordinary Shares),Biotechnology: Pharmaceutical Preparations,62,48.119998931884766,-19.266477982486442,48,35,D+
GSL,Global Ship Lease Inc New Class A Common Shares,Marine Transportation,3,45.540000915527344,-1.8534495303236365,83,51,C+
GSM,Ferroglobe PLC Ordinary Shares,Metal Mining,57,4.460000038146973,-18.90788800056181,59,63,B+
GSUN,Golden Sun Technology Group Limited Class A Ordinary Shares,Other Consumer Services,132,0.23000000417232513,-92.43421029413011,5,,A
GT,The Goodyear Tire & Rubber Company Common Stock,Automotive Aftermarket,136,5.539999961853027,-47.43833034246951,24,7,E+
GTBP,GT Biopharma Inc. Common Stock,Biotechnology: Pharmaceutical Preparations,62,6.179999828338623,0.0,99,7,E
GTE,Gran Tierra Energy Inc. Common Stock,Oil & Gas Production,11,11.010000228881836,0.0,97,37,A+
GTEC,Greenland Technologies Holding Corporation Class A Ordinary Shares,Industrial Machinery/Components,93,1.0700000524520874,-27.702700090373533,86,,A+
GTEN,Gores Holdings X Inc. Class A ordinary shares,,,10.550000190734863,-1.4018656187300915,52,99,B-
GTES,Gates Industrial Corporation Ltd. Common Shares,Industrial Machinery/Components,93,25.6299991607666,-14.108582340124997,58,87,C
GTIM,Good Times Restaurants Inc. Common Stock,Restaurants,81,1.5,-26.10837334282936,69,88,A-
GTLB,GitLab Inc. Class A Common Stock,Computer Software: Prepackaged Software,103,47.29999923706055,-7.327589363990428,92,17,A
GTM,ZoomInfo Technologies Inc Common Stock,Computer Software: Prepackaged Software,103,3.799999952316284,-68.85245892028276,27,84,B+
GTN,Gray Media Inc. Common Stock,Broadcasting,98,4.869999885559082,-19.81518707562573,61,63,B+
GTX,Garrett Motion Inc. Common Stock,Auto Parts:O.E.M.,68,27.190000534057617,-24.728252949219808,88,85,D
GTY,Getty Realty Corporation Common Stock,Real Estate,71,32.470001220703125,-11.308383831268888,60,67,D+
GURE,Gulf Resources Inc. (NV) Common Stock,Major Chemicals,65,3.200000047683716,-60.92795834387634,14,91,B-
GUTS,Fractyl Health Inc. Common Stock,Medical/Dental Instruments,98,0.6430000066757202,-72.8691967204869,26,63,C+
GVA,Granite Construction Incorporated Common Stock,Military/Government/Technical,98,115.25,-28.085081181811724,40,38,D
GVH,Globavend Holdings Limited Ordinary Shares,Integrated Freight & Logistics,141,1.0,-83.27759202658103,6,,C+
GWAV,Greenwave Technology Solutions Inc. Common Stock,Metal Fabrications,47,4.510000228881836,-74.30199188067192,52,,A+
GWH,ESS Tech Inc. Common Stock,Industrial Machinery/Components,93,0.37700000405311584,-95.83425418665651,5,7,E
GWRE,Guidewire Software Inc. Common Stock,Computer Software: Prepackaged Software,103,140.08999633789062,-44.896354209899556,35,54,E
GWRS,Global Water Resources Inc. Common Stock,Water Supply,28,8.770000457763672,-17.49579427375265,69,,A-
GWW,W.W. Grainger Inc. Common Stock,Office Equipment/Supplies/Services,24,1271.489990234375,-9.133682117943543,69,91,D-
GXAI,Gaxos.ai Inc. Common Stock,Computer Software: Prepackaged Software,103,0.7440000176429749,-63.34975230893129,11,37,A+
GXO,GXO Logistics Inc. Common Stock,Transportation Services,113,45.43000030517578,-30.736388410298833,34,40,E+
GYRE,Gyre Therapeutics Inc. Common Stock,Biotechnology: Pharmaceutical Preparations,62,6.739999771118164,-24.01353034861581,40,31,B
GYRO,Gyrodyne LLC Common Stock,Building operators,71,4.989999771118164,-53.40803218165511,14,,E
H,Hyatt Hotels Corporation Class A Common Stock,Hotels/Resorts,86,161.38999938964844,-20.07202155946407,45,63,E+
HAE,Haemonetics Corporation Common Stock,Medical/Dental Instruments,98,101.05999755859375,-7.113975437557684,91,47,B+
HAFC,Hanmi Financial Corporation Common Stock,Major Banks,12,31.889999389648438,-3.4146844185151237,72,69,C-
HAFN,Hafnia Limited Common Shares,Transportation Services,113,9.359999656677246,0.0,93,71,A-
HAIN,Hain Celestial Group Inc. (The) Common Stock,Packaged Foods,109,0.6399999856948853,-70.23256012528175,24,17,B
HAL,Halliburton Company Common Stock,Oilfield Services/Equipment,15,36.06999969482422,-15.329075938231595,72,53,C-
HALO,Halozyme Therapeutics Inc. Common Stock,Biotechnology: Biological Products (No Diagnostic Substances),51,107.0,-3.3947292016172192,93,82,A-
HAO,Haoxi Health Technology Limited Class A Ordinary Shares,Advertising,116,2.875,-99.9298095703125,1,,A
HAPN,Happen Inc. Common Stock,Finance: Consumer Services,114,16.700000762939453,-22.61352723827319,46,62,D
HAS,Hasbro Inc. Common Stock,Recreational Games/Products/Toys,93,90.16000366210938,-12.958398254196535,63,63,B
HASI,HA Sustainable Infrastructure Capital Inc. Common Stock,Finance/Investors Services,53,37.61000061035156,-12.194916030104697,70,78,D
HAWK,HawkEye 360 Inc. Common Stock,EDP Services,126,16.420000076293945,-52.625504476105924,11,,E
HAYW,Hayward Holdings Inc. Common Stock,Industrial Machinery/Components,93,12.880000114440918,-25.5921403129881,31,55,D-
HBAN,Huntington Bancshares Incorporated Common Stock,Major Banks,12,16.729999542236328,-11.505871703693005,51,45,D
HBB,Hamilton Beach Brands Holding Company Class A Common Stock,Home Furnishings,26,30.079999923706055,-11.17592531889311,96,87,A-
HBCP,Home Bancorp Inc. Common Stock,Banks,14,69.47000122070312,-4.192526308047606,71,70,C
HBIO,Harvard Bioscience Inc. Common Stock,Biotechnology: Laboratory Analytical Instruments,31,8.149999618530273,-0.6097584377790843,90,7,A
HBM,Hudbay Minerals Inc. Ordinary Shares (Canada),Metal Mining,57,26.649999618530273,-16.335270761626862,88,86,C+
HBNB,Hotel101 Global Holdings Corp. Class A Ordinary Shares,Hotels/Resorts,86,5.0,-50.0,45,,D+
HBNC,Horizon Bancorp Inc. Common Stock,Major Banks,12,19.760000228881836,-4.999995415027159,69,35,C
HBT,HBT Financial Inc. Common Stock,Major Banks,12,36.290000915527344,-2.498657374192892,86,66,B-
HCA,HCA Healthcare Inc. Common Stock,Hospital/Nursing Management,23,421.2099914550781,-22.46217461936987,45,61,B-
HCAI,Huachen AI Parking Management Technology Holding Co. Ltd. Class A Ordinary Shares,Miscellaneous manufacturing industries,140,2.5899999141693115,-89.90253429751233,4,,E-
HCAT,Health Catalyst Inc Common Stock,Computer Software: Programming Data Processing,103,1.7300000190734863,-50.0,29,88,C-
HCC,Warrior Met Coal Inc. Common Stock,Coal Mining,31,101.6500015258789,-7.74528068945356,82,97,B-
HCI,HCI Group Inc. Common Stock,Property-Casualty Insurers,29,186.58999633789062,-8.71766069131411,68,74,B-
HCIC,Hennessy Capital Investment Corp. VIII Class A Ordinary Shares,,,9.989999771118164,-0.19980476829525307,49,,C-
HCKT,Hackett Group Inc (The). Common Stock,Professional Services,41,10.9399995803833,-46.86907243224376,24,73,B-
HCM,HUTCHMED (China) Limited American Depositary Shares,Biotechnology: Pharmaceutical Preparations,62,13.119999885559082,-26.826549569149847,49,,A
HCSG,Healthcare Services Group Inc. Common Stock,Hospital/Nursing Management,23,21.84000015258789,-13.7099936253408,69,96,D+
HCTI,Healthcare Triangle Inc. Common Stock,EDP Services,126,0.7440000176429749,-99.63095238337397,3,,A+
HCWB,HCW Biologics Inc. Common Stock,Biotechnology: Pharmaceutical Preparations,62,2.430000066757202,-92.7549194978339,6,63,E-
HCWC,Healthy Choice Wellness Corp. Class A Common Stock,Food Chains,106,9.649999618530273,-70.35330308842819,27,,A+
HD,Home Depot Inc. (The) Common Stock,RETAIL: Building Materials,126,305.69000244140625,-25.76005917346147,33,47,D-
HDB,HDFC Bank Limited Common Stock,Commercial Banks,7,21.84000015258789,-41.258741330490054,23,70,D-
HDL,SUPER HI INTERNATIONAL HOLDING LTD. American Depositary Shares,Restaurants,81,12.050000190734863,-37.729314788620016,23,41,E+
HDRN,Hadron Energy Inc. Common Stock,Electric Utilities: Central,71,1.8799999952316284,-83.95904477476402,6,,D+
HDSN,Hudson Technologies Inc. Common Stock,Industrial Specialties,68,5.349999904632568,-48.75478812580426,27,36,C-
HE,Hawaiian Electric Industries Inc. Common Stock,Electric Utilities: Central,71,10.470000267028809,-38.700232354819555,26,75,E
HEI,Heico Corporation Common Stock,Aerospace,116,312.489990234375,-16.59594335412501,45,85,E+
HEI-A,Heico Corporation,,,232.33999633789062,-15.816040108509078,42,79,D-
HELE,Helen of Troy Limited Common Stock,Home Furnishings,26,26.5,-12.309726664059163,74,38,D+
HELP,Cybin Inc. Common Stock,Biotechnology: Pharmaceutical Preparations,62,12.84000015258789,-8.187340237385465,99,,A
HEPS,D-Market Electronic Services & Trading American Depositary Shares,Catalog/Specialty Distribution,98,2.640000104904175,-19.756834786792908,43,17,B-
HERE,Here Group Limited American Depositary Shares,Recreational Games/Products/Toys,93,1.8799999952316284,-83.93162371043057,12,97,B-
HESM,Hess Midstream LP Class A Representing Limited Partner Interests,Oil & Gas Production,11,40.20000076293945,-1.8794250300743776,63,54,C+
HFBL,Home Federal Bancorp Inc. of Louisiana Common Stock,Savings Institutions,9,25.020000457763672,-6.746177678305287,91,54,B+
HFFG,HF Foods Group Inc. Common Stock,Food Distributors,80,1.690000057220459,-50.872092177056835,22,46,B-
HFWA,Heritage Financial Corporation Common Stock,Banks,14,28.40999984741211,-8.33740670752574,64,53,C-
HG,Hamilton Insurance Group Ltd. Class B Common Shares,Property-Casualty Insurers,29,34.900001525878906,-6.3841130132753054,82,59,C+
HGBL,Heritage Global Inc. Common Stock,Business Services,78,1.399999976158142,-27.083332945282258,50,35,A-
HGTY,Hagerty Inc. Class A Common Stock,Specialty Insurers,48,13.489999771118164,-2.38784320544988,77,42,A
HGV,Hilton Grand Vacations Inc. Common Stock,Hotels/Resorts,86,39.20000076293945,-28.32327345534924,29,36,E
HHH,Howard Hughes Holdings Inc. Common Stock,Real Estate Investment Trusts,57,61.630001068115234,-31.407899705344878,31,69,D-
HHS,Harte Hanks Inc. Common Stock,Advertising,116,4.28000020980835,-1.3824871122127491,92,17,A+
HIFS,Hingham Institution for Savings Common Stock,Banks,14,308.3900146484375,-7.083965358187871,60,67,C
HIG,The Hartford Insurance Group Inc. Common Stock,Property-Casualty Insurers,29,136.8000030517578,-5.683625850775975,57,84,C-
HIHO,Highway Holdings Limited Common Stock,Metal Fabrications,47,0.9100000262260437,-46.13935618411826,41,52,A+
HII,Huntington Ingalls Industries Inc. Common Stock,Marine Transportation,3,281.6700134277344,-37.36234972007105,37,69,C
HIMS,Hims & Hers Health Inc. Class A Common Stock,Medical/Nursing Services,48,27.440000534057617,-56.27788198228354,30,41,D+
HIMX,Himax Technologies Inc. American Depositary Shares,Semiconductors,41,13.779999732971191,-42.03170348607882,83,49,D+
HIND,Vyome Holdings Inc. Common Stock,Biotechnology: Pharmaceutical Preparations,62,2.0999999046325684,-73.88059807716007,16,,C-
HIPO,Hippo Holdings Inc. Common Stock,Property-Casualty Insurers,29,32.060001373291016,-15.297218848737426,68,98,B+
HIT,Health In Tech Inc. Class A Common Stock,Specialty Insurers,48,0.9309999942779541,-75.30503981463809,17,39,D
HITI,High Tide Inc. Common Shares,Other Specialty Stores,121,2.559999942779541,-35.67839370574954,50,36,A-
HIVE,HIVE Digital Technologies Ltd. Common Shares,Finance: Consumer Services,114,2.990000009536743,-57.04022998349294,50,7,B+
HIW,Highwoods Properties Inc. Common Stock,Real Estate Investment Trusts,57,30.440000534057617,-10.084864086639477,71,35,C+
HKD,AMTD Digital Inc. American Depositary Shares (every five of which represent two Class A Ordinary Shares),Finance: Consumer Services,114,1.7000000476837158,-42.372880671018166,50,,C-
HKIT,Hitek Global Inc. Class A Ordinary Share,Computer Software: Prepackaged Software,103,2.5299999713897705,-99.98374297207138,2,,A
HKPD,Cellyan Biotechnology Co. Ltd Class A Ordinary Shares,Other Pharmaceuticals,137,0.12099999934434891,-93.04597708728957,3,,E-
HL,Hecla Mining Company Common Stock,Mining & Quarrying of Nonmetallic Minerals (No Fuels),98,20.020000457763672,-37.02486415604797,89,96,B+
HLF,Herbalife Ltd. Common Shares,Other Pharmaceuticals,137,12.279999732971191,-38.4769524236898,57,31,E+
HLI,Houlihan Lokey Inc. Class A Common Stock,Investment Managers,46,135.97000122070312,-33.866350049917905,33,49,D
HLIO,Helios Technologies Inc. Common Stock,Metal Fabrications,47,68.05999755859375,-26.612861694963552,56,84,E+
HLIT,Harmonic Inc. Common Stock,Radio And Television Broadcasting And Communications Equipment,81,11.640000343322754,-31.969608836363538,57,91,B
HLLY,Holley Inc. Common Stock,Auto Parts:O.E.M.,68,2.619999885559082,-40.31890739767796,29,66,E
HLMN,Hillman Solutions Corp. Common Stock,Industrial Machinery/Components,93,6.980000019073486,-35.00930942434477,29,56,C-
HLN,Haleon plc American Depositary Shares (Each representing two Ordinary Shares),Package Goods/Cosmetics,55,9.220000267028809,-16.560134423865847,45,,D-
HLNE,Hamilton Lane Incorporated Class A Common Stock,Investment Managers,46,95.79000091552734,-36.93445182533346,44,86,B-
HLP,Hongli Group Inc. Class A Ordinary Shares,Industrial Machinery/Components,93,1.2000000476837158,-29.824560180473103,94,,A
HLT,Hilton Worldwide Holdings Inc. Common Stock,Hotels/Resorts,86,306.239990234375,-12.518008792074053,51,61,D-
HMC,Honda Motor Company Ltd. Common Stock,Auto Manufacturing,138,31.6200008392334,-7.327075530225602,65,,B-
HMH,HMH Holding Inc. Class A Common Stock,Oil and Gas Field Machinery,22,20.209999084472656,-16.694151303377158,49,,C-
HMN,Horace Mann Educators Corporation Common Stock,Property-Casualty Insurers,29,49.529998779296875,-8.481153442676248,63,80,D+
HMR,Heidmar Maritime Holdings Corp. Common Stock,Marine Transportation,3,1.2400000095367432,-23.92637956047754,52,64,E
HMY,Harmony Gold Mining Company Limited,Precious Metals,18,20.190000534057617,-20.973838078480313,84,,B-
HNGE,Hinge Health Inc. Class A Common Stock,EDP Services,126,88.26000213623047,-4.943453326140801,94,33,B
HNI,HNI Corporation Common Stock,Office Equipment/Supplies/Services,24,46.29999923706055,-9.599519860891936,81,58,B
HNNA,Hennessy Advisors Inc. Common Stock,Investment Managers,46,10.170000076293945,-8.456583522023998,51,51,C+
HNRG,Hallador Energy Company Common Stock,Electric Utilities: Central,71,15.600000381469727,-34.48130730206932,33,36,B-
HNST,The Honest Company Inc. Common Stock,Catalog/Specialty Distribution,98,5.309999942779541,-10.756300621875814,94,55,A
HNVR,Hanover Bancorp Inc. Common Stock,Major Banks,12,27.520000457763672,-0.7930761181315749,77,66,B
HODO,House of Doge Inc. Common Stock,Finance: Consumer Services,114,0.1860000044107437,-99.03125001552205,1,,E-
HOFT,Hooker Furnishings Corporation Common Stock,Home Furnishings,26,12.569999694824219,-29.50084268866625,63,53,C+
HOG,Harley-Davidson Inc. Common Stock,Motor Vehicles,129,26.959999084472656,-9.848103907448468,72,39,C+
HOLO,MicroCloud Hologram Inc. Ordinary Shares,Computer Software: Programming Data Processing,103,1.600000023841858,-71.47950114504664,16,,B
HOMB,Home BancShares Inc. Common Stock,Major Banks,12,29.770000457763672,-5.160875958535371,61,53,C+
HON,Honeywell International Inc. Common Stock,Aerospace,116,202.17999267578125,-21.617600916968794,38,83,D-
HOOD,Robinhood Markets Inc. Class A Common Stock,Investment Bankers/Brokers/Service,51,113.33000183105469,-25.66575046546511,72,92,A-
HOPE,Hope Bancorp Inc. Common Stock,Major Banks,12,13.949999809265137,-3.793104763688715,78,80,C+
HOS,Hornbeck Offshore Services Inc. Common Stock,Oilfield Services/Equipment,15,8.880000114440918,-16.226417029527738,62,,E
HOUR,Hour Loop Inc. Common Stock,Catalog/Specialty Distribution,98,1.8550000190734863,-48.32868904113292,33,66,A-
HOV,Hovnanian Enterprises Inc. Class A Common Stock,Homebuilding,93,113.29000091552734,-27.242954190022527,48,31,D
HOVNP,Hovnanian Enterprises Inc Dep Shr Srs A Pfd,Homebuilding,93,19.309999465942383,-9.736404292424062,47,,E
HOVR,New Horizon Aircraft Ltd. Class A Ordinary Share,Aerospace,116,1.6200000047683716,-58.56777572361105,29,,D
HOWL,Werewolf Therapeutics Inc. Common Stock,Biotechnology: Pharmaceutical Preparations,62,0.9890000224113464,-54.840182804991244,94,63,A+
HP,Helmerich & Payne Inc. Common Stock,Oil & Gas Production,11,44.560001373291016,-6.465151250666612,91,63,A-
HPAI,Helport AI Limited Ordinary Shares,Computer Software: Prepackaged Software,103,0.30000001192092896,-93.15068483829886,3,,E-
HPE,Hewlett Packard Enterprise Company Common Stock,Retail: Computer Software & Peripheral Equipment,26,55.220001220703125,-7.689733362735374,97,57,A-
HPK,HighPeak Energy Inc. Common Stock,Oil & Gas Production,11,8.579999923706055,0.0,82,38,B+
HPP,Hudson Pacific Properties Inc. Common Stock,Real Estate,71,11.880000114440918,-42.469732039218044,46,7,D+
HPQ,HP Inc. Common Stock,Computer Manufacturing,81,32.72999954223633,0.0,89,43,B+
HQ,Horizon Quantum Holdings Ltd. Class A Ordinary Shares,EDP Services,126,15.449999809265137,-59.75514442589154,93,,A-
HQH,abrdn Healthcare Investors Shares of Beneficial Interest,Finance Companies,68,21.760000228881836,-9.305719551372638,81,,C+
HQI,HireQuest Inc. Common Stock (DE),Professional Services,41,15.84000015258789,-10.221492775209795,91,72,A-
HQL,abrdn Life Sciences Investors Shares of Beneficial Interest,Investment Managers,46,19.760000228881836,-10.352828867342845,84,,C
HQY,HealthEquity Inc. Common Stock,Business Services,78,94.55000305175781,-11.461745255954792,59,93,E+
HR,Healthcare Realty Trust Incorporated Common Stock,Real Estate Investment Trusts,57,18.8799991607666,-12.603726466999166,52,17,D+
HRB,H&R Block Inc. Common Stock,Other Consumer Services,132,44.880001068115234,-16.410465659227057,74,58,B
HRI,Herc Holdings Inc. Common Stock,Misc Corporate Leasing Services,89,142.0399932861328,-20.410384344481326,60,44,D+
HRL,Hormel Foods Corporation Common Stock,Meat/Poultry/Fish,112,20.84000015258789,-20.445599970060147,33,68,E-
HRMY,Harmony Biosciences Holdings Inc. Common Stock,Biotechnology: Pharmaceutical Preparations,62,41.099998474121094,-4.106397832867492,75,82,B+
HROW,Harrow Inc. Common Stock,Biotechnology: Pharmaceutical Preparations,62,36.58000183105469,-33.24817091180524,39,17,D+
HRTG,Heritage Insurance Holdings Inc. Common Stock,Property-Casualty Insurers,29,34.529998779296875,-1.9312704426500682,89,89,B+
HRTX,Heron Therapeutics Inc. Common Stock,Biotechnology: Pharmaceutical Preparations,62,0.3199999928474426,-78.52349055038368,9,17,E
HRZN,Horizon Technology Finance Corporation Common Stock,Finance: Consumer Services,114,4.849999904632568,-18.918305097689647,57,17,C+
HSAI,Hesai Group American Depositary Share,Industrial Machinery/Components,93,17.399999618530273,-41.61073804025172,27,86,B
HSBC,HSBC Holdings plc. Common Stock,Savings Institutions,9,103.69999694824219,-3.3926176428569876,87,,C-
HSCS,HeartSciences Inc. Common Stock,Industrial Specialties,68,3.509999990463257,-14.805823107760807,91,,A
HSDT,Solana Company Class A Common Stock (DE),Biotechnology: Electromedical & Electrotherapeutic Apparatus,57,2.1500000953674316,-91.08992884316733,45,7,A
HSHP,Himalaya Shipping Ltd. Common Shares,Marine Transportation,3,17.950000762939453,-2.1798343880919058,95,99,B-
HSIC,Henry Schein Inc. Common Stock,Medical Specialities,15,87.30000305175781,-3.9181130692048094,72,53,C+
HSLV,Highlander Silver Corp. Common Shares,,,5.710000038146973,-14.0060217927512,59,63,B+
HST,Host Hotels & Resorts Inc. Common Stock,Real Estate Investment Trusts,57,22.139999389648438,-13.312456554423358,73,55,D-
HSTM,HealthStream Inc. Common Stock,Computer Software: Programming Data Processing,103,28.8799991607666,-2.9895911431367383,72,94,C+
HSY,The Hershey Company Common Stock,Specialty Foods,71,174.33999633789062,-25.062790117759594,40,78,D+
HTB,HomeTrust Bancshares Inc. Common Stock,Savings Institutions,9,48.7599983215332,-5.675390551378889,66,84,D
HTCO,High-Trend International Group Class A Ordinary Shares,Marine Transportation,3,2.5399999618530273,-93.35426509490232,7,,B-
HTCR,Heartcore Enterprises Inc. Common Stock,EDP Services,126,2.055000066757202,-88.82373811238607,7,42,B
HTFL,Heartflow Inc. Common Stock,Medical/Dental Instruments,98,45.4900016784668,-9.795753711708732,94,17,A
HTGC,Hercules Capital Inc. Common Stock,Investment Managers,46,17.389999389648438,-1.8623021246809701,66,74,B-
HTH,Hilltop Holdings Inc.,Major Banks,12,38.900001525878906,-2.236741314829005,62,64,C
HTHT,H World Group Limited American Depositary Shares,Hotels/Resorts,86,43.0099983215332,-19.743075349724904,47,97,B-
HTLD,Heartland Express Inc. Common Stock,Trucking Freight/Courier Services,24,12.1899995803833,-24.743407996799004,65,34,D-
HTLM,HomesToLife Ltd Ordinary Shares,Other Specialty Stores,121,1.7799999713897705,-52.21315888229964,22,,D-
HTO,H2O America Common Stock,Water Supply,28,63.029998779296875,-2.9868174761796262,76,48,C
HTOO,Fusion Fuel Green PLC Class A Ordinary Shares,Industrial Machinery/Components,93,2.430000066757202,-54.664178988295696,20,,A+
HTT,High Templar Tech Limited American depositary shares each representing one Class A ordinary share,Finance: Consumer Services,114,2.5399999618530273,-48.68686748030181,21,41,D-
HTZ,Hertz Global Holdings Inc Common Stock,Rental/Leasing Companies,40,2.049999952316284,-73.75160093040027,7,63,A-
HUBB,Hubbell Inc Common Stock,Electrical Products,20,460.3999938964844,-16.96430360233362,49,56,D
HUBC,Hub Cyber Security Ltd. Ordinary Shares,Computer Communications Equipment,57,0.41600000858306885,-99.9989166666443,2,,A-
HUBG,Hub Group Inc. Class A Common Stock,Integrated Freight & Logistics,141,35.66999816894531,-31.65592304794008,33,,E
HUBS,HubSpot Inc. Common Stock,Computer Software: Prepackaged Software,103,223.5500030517578,-57.25375918789404,28,99,D
HUDI,Huadi International Group Co. Ltd. Ordinary Shares,Steel/Iron Ore,39,0.7689999938011169,-57.27777699040776,16,,A+
HUHU,HUHUTECH International Group Inc. Ordinary Shares,Metal Fabrications,47,4.070000171661377,-65.21367317939291,10,,E-
HUIZ,Huize Holding Limited American Depositary Shares,Specialty Insurers,48,1.590000033378601,-62.232778646756536,29,,A+
HUM,Humana Inc. Common Stock,Medical Specialities,15,400.7300109863281,-2.122515303698047,92,45,C
HUMA,Humacyte Inc. Common Stock,Biotechnology: Biological Products (No Diagnostic Substances),51,0.5669999718666077,-77.13709808444132,8,26,E
HUN,Huntsman Corporation Common Stock,Major Chemicals,65,9.529999732971191,-40.02517604113295,25,7,E+
HURA,TuHURA Biosciences Inc. Common Stock,Biotechnology: Pharmaceutical Preparations,62,2.0299999713897705,-35.555558414896446,43,,E+
HURC,Hurco Companies Inc. Common Stock,Industrial Machinery/Components,93,22.59000015258789,-3.1303582838311472,82,63,B-
HURN,Huron Consulting Group Inc. Common Stock,Professional Services,41,149.42999267578125,-19.479474511581852,71,88,B-
HUT,Hut 8 Corp. Common Stock,Finance: Consumer Services,114,90.5999984741211,-31.889944696928595,95,17,D-
HUYA,HUYA Inc. American depositary shares each  representing one Class A ordinary share,Computer Software: Programming Data Processing,103,2.0399999618530273,-55.64889124560642,20,35,E+
HVII,Hennessy Capital Investment Corp. VII Ordinary Shares,,,10.5649995803833,-6.172296930473076,51,35,A+
HVIIU,Hennessy Capital Investment Corp. VII Unit,Blank Checks,57,13.300000190734863,-1.4814800686306473,80,,A-
HVMC,Highview Merger Corp. Class A Ordinary Share,,,10.25,-0.09746811558235535,50,,C-
HVT,Haverty Furniture Companies Inc. Common Stock,Other Specialty Stores,121,27.309999465942383,-4.982032709427598,77,58,B+
HVT-A,Haverty Furniture Companies Inc.,,,28.610000610351562,-22.26682529888904,81,56,E-
HWBK,Hawthorn Bancshares Inc. Common Stock,Major Banks,12,39.86000061035156,-1.11635015531808,73,42,B-
HWC,Hancock Whitney Corporation Common Stock,Major Banks,12,74.4000015258789,-6.122664500015162,70,55,C-
HWH,HWH International Inc. Common Stock,Other Pharmaceuticals,137,2.000999927520752,-41.147062606052444,66,35,A
HWKN,Hawkins Inc. Common Stock,Specialty Chemicals,133,122.62999725341797,-32.82847928628353,25,59,D-
HWM,Howmet Aerospace Inc. Common Stock,Metal Fabrications,47,227.91000366210938,-22.121985848144156,54,98,E-
HXHX,Haoxin Holdings Limited Class A Ordinary Shares,Trucking Freight/Courier Services,24,0.4729999899864197,-72.17647195769837,19,,A+
HXL,Hexcel Corporation Common Stock,Major Chemicals,65,89.81999969482422,-18.410780885554722,66,81,D-
HY,Hyster-Yale Inc. Class A common stock,Construction/Ag Equipment/Trucks,4,34.040000915527344,-14.971737388546325,52,7,B
HYFM,Hydrofarm Holdings Group Inc. Common Stock,Consumer Specialties,54,0.9700000286102295,-72.04610891606464,23,7,A+
HYFT,MindWalk Holdings Corp. Common Stock,Biotechnology: Pharmaceutical Preparations,62,1.3200000524520874,-52.51798323608627,25,7,C+
HYLN,Hyliion Holdings Corp. Class A Common Stock,Construction/Ag Equipment/Trucks,4,3.819999933242798,-52.83950921802714,91,17,D
HYMC,Hycroft Mining Holding Corporation Class A Common Stock,Precious Metals,18,21.389999389648438,-61.62540591039897,94,26,D+
HYNE,Hoyne Bancorp Inc. Common Stock,Banks,14,16.549999237060547,-1.2529891942328453,65,,C-
HYPD,Hyperion DeFi Inc. Common Stock,Biotechnology: Pharmaceutical Preparations,62,3.5899999141693115,-76.03471279123038,57,64,A
HYPR,Hyperfine Inc. Class A Common Stock,Biotechnology: Electromedical & Electrotherapeutic Apparatus,57,0.7860000133514404,-64.2727274402114,14,17,E-
HZO,MarineMax Inc.  (FL) Common Stock,Auto & Home Supply Stores,107,52.20000076293945,-0.4956125163375402,96,63,A
IA,Innovative Solutions and Support Inc. Common Stock,EDP Services,126,18.799999237060547,-38.48167681412357,81,50,B
IAG,Iamgold Corporation Ordinary Shares,Precious Metals,18,20.09000015258789,-18.233616596991897,89,98,A-
IART,Integra LifeSciences Holdings Corporation Common Stock,Medical/Dental Instruments,98,15.539999961853027,-21.712848044275855,67,70,D-
IAUX,i-80 Gold Corp. Common Shares,Precious Metals,18,1.7300000190734863,-16.826919109158112,88,41,A-
IBCP,Independent Bank Corporation Common Stock,Major Banks,12,37.06999969482422,-3.714286506950082,65,71,C-
IBEX,IBEX Limited Common Shares,EDP Services,126,37.2599983215332,-11.285718282063806,75,76,C+
IBG,Innovation Beverage Group Limited Ordinary Shares,Beverages (Production/Distribution),119,1.0,-95.44419150231462,9,,A+
IBIO,iBio Inc. Common Stock,Biotechnology: Pharmaceutical Preparations,62,1.2300000190734863,-59.93485192769191,27,26,E+
IBKR,Interactive Brokers Group Inc. Class A Common Stock,Investment Bankers/Brokers/Service,51,89.41999816894531,-8.849220492974242,79,96,C
IBM,International Business Machines Corporation Common Stock,Computer Manufacturing,81,234.02000427246094,-28.409094410043313,32,66,E+
IBN,ICICI Bank Limited Common Stock,Commercial Banks,7,28.850000381469727,-11.683242580076048,51,66,C
IBO,Impact BioMedical Inc. Common Stock,Biotechnology: Pharmaceutical Preparations,62,0.4410000145435333,-43.46153452316436,23,26,A+
IBOC,International Bancshares Corporation Common Stock,Major Banks,12,71.04000091552734,-7.819199862352811,48,54,D+
IBP,Installed Building Products Inc. Common Stock,Homebuilding,93,201.72000122070312,-40.80584938375929,30,49,E
IBRX,ImmunityBio Inc. Common Stock,Biotechnology: Biological Products (No Diagnostic Substances),51,7.71999979019165,-33.16017608047789,97,7,B
IBTA,Ibotta Inc. Class A Common Stock,Advertising,116,40.15999984741211,0.0,92,43,A-
ICCC,ImmuCell Corporation Common Stock,Biotechnology: In Vitro & In Vivo Diagnostic Substances,119,9.920000076293945,-15.358363052249224,88,44,E+
ICCM,IceCure Medical Ltd. Ordinary Shares,Medical/Dental Instruments,98,2.140000104904175,-93.39506171567649,7,,A
ICE,Intercontinental Exchange Inc. Common Stock,Investment Bankers/Brokers/Service,51,155.80999755859375,-10.426484492039211,52,85,C+
ICFI,ICF International Inc. Common Stock,Professional Services,41,85.75,-14.11420461856958,65,66,B
ICG,Intchains Group Limited American Depositary Shares,Semiconductors,41,0.968999981880188,-55.34562452481091,33,17,A
ICHR,Ichor Holdings Ordinary Shares,Semiconductors,41,55.77000045776367,-50.32953236186977,97,59,E
ICL,ICL Group Ltd. Ordinary Shares,Agricultural Chemicals,125,5.71999979019165,-14.578747864683928,58,61,B-
ICLR,ICON plc Ordinary Shares,Biotechnology: Commercial Physical & Biological Resarch,7,165.69000244140625,-18.34712993469596,70,36,C+
ICMB,Investcorp Credit Management BDC Inc. Common Stock,Finance: Consumer Services,114,0.8600000143051147,-72.16828355361591,9,26,E+
ICON,Icon Energy Corp. Common stock,Marine Transportation,3,0.8999999761581421,-92.13973806855545,12,,D-
ICU,SeaStar Medical Holding Corporation Common Stock,Medical/Dental Instruments,98,3.130000114440918,-74.75806281668333,41,17,C+
ICUI,ICU Medical Inc. Common Stock,Medical/Dental Instruments,98,157.25999450683594,-16.020506717949758,69,70,B-
IDA,IDACORP Inc. Common Stock,Electric Utilities: Central,71,135.4499969482422,-11.821720134110315,52,55,C-
IDAI,T Stamp Inc. Class A Common Stock,Computer Software: Prepackaged Software,103,3.259999990463257,-30.04291636889924,80,26,A
IDCC,InterDigital Inc. Common Stock,Multi-Sector Companies,41,346.44000244140625,-12.021258465771856,71,51,B+
IDN,Intellicheck Inc. Common Stock,Computer Software: Prepackaged Software,103,2.5999999046325684,-71.07897696521094,10,91,E+
IDR,Idaho Strategic Resources Inc. Common Stock,Precious Metals,18,30.59000015258789,-41.910367942982084,37,,C-
IDT,IDT Corporation Class B Common Stock,Telecommunications Equipment,103,69.41999816894531,0.0,83,80,B-
IDXX,IDEXX Laboratories Inc. Common Stock,Biotechnology: In Vitro & In Vivo Diagnostic Substances,119,506.5299987792969,-33.93201810165123,27,85,D
IDYA,IDEAYA Biosciences Inc. Common Stock,Biotechnology: Pharmaceutical Preparations,62,37.45000076293945,-11.84086354402083,82,17,C+
IE,Ivanhoe Electric Inc. Common Stock,Metal Mining,57,10.350000381469727,-48.04216695868953,37,7,C+
IEP,Icahn Enterprises L.P. Common Stock,Integrated oil Companies,1,6.880000114440918,-6.0195433204625175,56,17,D-
IESC,IES Holdings Inc. Common Stock,Engineering & Construction,71,319.5199890136719,-19.512322995860853,84,87,D+
IEX,IDEX Corporation Common Stock,Fluid Controls,29,221.4600067138672,-7.924495767513207,73,49,C-
IFBD,Infobird Co. Ltd Ordinary Shares,Computer Software: Prepackaged Software,103,0.9879999756813049,-26.542754299998638,36,,A-
IFF,International Flavors & Fragrances Inc. Common Stock,Major Chemicals,65,84.05000305175781,-4.5645471295518325,78,31,C+
IFRX,InflaRx N.V. Common Stock,Biotechnology: Pharmaceutical Preparations,62,2.049999952316284,-25.182483752513505,93,7,A-
IFS,Intercorp Financial Services Inc. Common Shares,Commercial Banks,7,54.66999816894531,-9.904420082407018,77,,C+
IGC,IGC Pharma Inc. Common Stock,Biotechnology: Pharmaceutical Preparations,62,0.2800000011920929,-34.883721736136344,36,,A-
IGI,Western Asset Investment Grade Opportunity Trust Inc. Common Stock,Investment Managers,46,15.670000076293945,-2.9914498124144706,46,,D
IGIC,International General Insurance Holdings Ltd. Ordinary Share,Property-Casualty Insurers,29,26.020000457763672,-9.800950113456498,63,47,D
IH,iHuman Inc. American depositary shares each representing five Class A ordinary shares,Other Consumer Services,132,1.2000000476837158,-58.59366381246811,15,38,A+
IHG,Intercontinental Hotels Group American Depositary Shares (Each representing one Ordinary Share),Hotels/Resorts,86,152.77000427246094,-11.911015470574371,62,57,D+
IHRT,iHeartMedia Inc. Class A Common Stock,Broadcasting,98,2.7200000286102295,-57.030014827903216,29,17,E
IHS,IHS Holding Limited Ordinary Shares,Telecommunications Equipment,103,8.470000267028809,-2.978227821772794,60,37,C
IHT,InnSuites Hospitality Trust Shares of Beneficial Interest,Real Estate Investment Trusts,57,1.340000033378601,-59.27493325184988,41,,A
III,Information Services Group Inc. Common Stock,Professional Services,41,5.070000171661377,-14.26914472099715,65,69,B+
IIIN,Insteel Industries Inc. Common Stock,Steel/Iron Ore,39,30.450000762939453,-20.10018250580784,45,37,C+
IIIV,i3 Verticals Inc. Class A Common Stock,Computer Software: Prepackaged Software,103,15.520000457763672,-53.12594330514305,16,54,E
IIM,Invesco Value Municipal Income Trust Common Stock,Investment Managers,46,12.109999656677246,-5.72092752172707,47,,D
IIPR,Innovative Industrial Properties Inc. Common Stock,Real Estate,71,55.599998474121094,-14.025050180347232,62,68,D
IKT,Inhibikase Therapeutics Inc. Common Stock,Biotechnology: Biological Products (No Diagnostic Substances),51,2.3299999237060547,-7.539684867402374,88,1,A-
ILAG,Intelligent Living Application Group Inc. Ordinary Shares,Office Equipment/Supplies/Services,24,2.9600000381469727,-66.09392676567401,28,,E
ILLR,Triller Group Inc. Common Stock,Investment Managers,46,0.7480000257492065,-94.9459458370989,4,,A
ILMN,Illumina Inc. Common Stock,Medical Specialities,15,201.27000427246094,-11.603495052772129,93,56,B-
ILPT,Industrial Logistics Properties Trust Common Shares of Beneficial Interest,Real Estate Investment Trusts,57,7.659999847412109,-17.22817309666138,69,26,C-
IMA,ImageneBio Inc. Common Stock,Biotechnology: Biological Products (No Diagnostic Substances),51,5.005000114440918,-45.59782371516484,24,26,E+
IMAX,Imax Corporation Common Stock,Industrial Machinery/Components,93,51.349998474121094,-6.278522328754632,86,95,A-
IMCC,IM Cannabis Corp. Common Shares,Medicinal Chemicals and Botanical Products,129,1.75,-97.18196450402607,2,,E-
IMCR,Immunocore Holdings plc American Depositary Shares,Biotechnology: Biological Products (No Diagnostic Substances),51,33.58000183105469,-16.49881461235363,56,17,B-
IMDX,Insight Molecular Diagnostics Inc. Common Stock,Biotechnology: In Vitro & In Vivo Diagnostic Substances,119,3.9800000190734863,-53.06603497735698,33,7,E-
IMKTA,Ingles Markets Incorporated Class A Common Stock,Food Chains,106,82.0199966430664,-13.71526416407136,49,42,D-
IMMP,Immutep Limited American Depositary Shares,Biotechnology: Pharmaceutical Preparations,62,0.33000001311302185,-89.62264131492492,9,,D+
IMMR,Immersion Corporation Common Stock,Computer peripheral equipment,55,7.360000133514404,-5.519895127654628,68,30,B+
IMMX,Immix Biopharma Inc. Common Stock,Biotechnology: Pharmaceutical Preparations,62,12.699999809265137,-12.232207498964431,98,7,B+
IMNM,Immunome Inc. Common Stock,Biotechnology: Pharmaceutical Preparations,62,24.969999313354492,-16.278294469040844,93,,B+
IMNN,Imunon Inc. Common Stock,Biotechnology: Pharmaceutical Preparations,62,1.4500000476837158,-74.78260786637017,10,,E-
IMO,Imperial Oil Limited Common Stock,Integrated oil Companies,1,130.80999755859375,-4.789139288116795,80,39,C-
IMOS,ChipMOS TECHNOLOGIES INC. American Depositary Shares,Semiconductors,41,55.9900016784668,-26.12481725541721,95,49,B-
IMPP,Imperial Petroleum Inc. Common Shares,Marine Transportation,3,5.605000019073486,-11.732281838548941,75,70,A-
IMRN,Immuron Limited American Depositary Shares,Biotechnology: Pharmaceutical Preparations,62,1.6299999952316284,-30.638295260421078,87,,A+
IMRX,Immuneering Corporation Class A Common Stock,Biotechnology: Pharmaceutical Preparations,62,4.570000171661377,-50.64794753019986,34,17,B-
IMSR,Terrestrial Energy Inc. Common Stock,Metal Fabrications,47,5.260000228881836,-80.59040533269332,16,,E+
IMTE,Integrated Media Technology Limited Ordinary Shares,Consumer Electronics/Appliances,93,0.46399998664855957,-62.58064652580872,18,,A+
IMTX,Immatics N.V. Ordinary Shares,Biotechnology: Biological Products (No Diagnostic Substances),51,8.75,-26.284750763602293,55,,C+
IMUX,Immunic Inc. Common Stock,Biotechnology: Pharmaceutical Preparations,62,11.84000015258789,-29.94082591809213,75,7,E-
IMVT,Immunovant Inc. Common Stock,Biotechnology: Biological Products (No Diagnostic Substances),51,38.099998474121094,-15.258008785682398,93,7,C
IMXI,International Money Express Inc. Common Stock,Business Services,78,14.069999694824219,-11.73149269000241,38,38,A-
INAB,IN8bio Inc. Common Stock,Biotechnology: Biological Products (No Diagnostic Substances),51,1.100000023841858,-57.528955200963395,15,26,C
INBK,First Internet Bancorp Common Stock,Major Banks,12,29.079999923706055,-2.8724134769913867,83,68,B+
INBS,Intelligent Bio Solutions Inc. Common Stock,Medical/Dental Instruments,98,2.190000057220459,-88.35106305268727,11,26,A
INBX,Inhibrx Biosciences Inc. Common Stock,Biotechnology: Biological Products (No Diagnostic Substances),51,111.41999816894531,-21.446699770408152,96,26,D-
INCR,Intercure Ltd. Ordinary Shares,Biotechnology: Pharmaceutical Preparations,62,5.239999771118164,-37.61904751092128,56,,A
INCY,Incyte Corp. Common Stock,Biotechnology: Commercial Physical & Biological Resarch,7,123.27999877929688,-5.11813612818276,82,86,B+
INDB,Independent Bank Corp. Common Stock,Major Banks,12,82.80000305175781,-5.013187115959273,64,66,C-
INDI,indie Semiconductor Inc. Class A Common Stock,Semiconductors,41,3.309999942779541,-44.83333428700765,34,17,D-
INDO,Indonesia Energy Corporation Limited Ordinary Shares,Oil & Gas Production,11,3.1700000762939453,-52.96735632131864,51,,B+
INDP,Indaptus Therapeutics Inc. Common Stock,Biotechnology: Pharmaceutical Preparations,62,2.559999942779541,-46.10526436253598,62,7,A+
INDV,Indivior Pharmaceuticals Inc. Common Stock,Biotechnology: Pharmaceutical Preparations,62,34.5099983215332,-17.4994099667648,55,97,E+
INEO,INNEOVA Holdings Limited Class A Ordinary Shares,Motor Vehicles,129,0.5450000166893005,-48.58490131044755,25,,A+
INFQ,Infleqtion Inc. Common Stock,EDP Services,126,12.960000038146973,-34.77604685070068,38,,B+
INFU,InfuSystems Holdings Inc. Common Stock,Medical/Dental Instruments,98,12.119999885559082,-2.9623690339424025,84,38,A-
INFY,Infosys Limited American Depositary Shares,EDP Services,126,10.90999984741211,-44.87711122773901,24,76,D
ING,ING Group N.V. Common Stock,Commercial Banks,7,36.66999816894531,-1.371710952244054,89,76,B-
INGM,Ingram Micro Holding Corporation Common Stock,Retail: Computer Software & Peripheral Equipment,26,26.3700008392334,-16.396842842046865,65,87,E-
INGN,Inogen Inc Common Stock,Industrial Specialties,68,5.179999828338623,-42.12290571250927,21,17,E
INGR,Ingredion Incorporated Common Stock,Packaged Foods,109,101.12999725341797,-17.85066562020393,39,46,D+
INHD,Inno Holdings Inc. Common Stock,Steel/Iron Ore,39,3.9600000381469727,-99.83663366179262,1,26,E-
INIO,INNIO N.V. Ordinary Shares,Metal Fabrications,47,19.600000381469727,-52.34621961470353,13,,E+
INKT,MiNK Therapeutics Inc. Common Stock,Biotechnology: Biological Products (No Diagnostic Substances),51,12.130000114440918,-25.58281790061988,43,7,B
INLF,INLIF LIMITED Class A Ordinary Shares,Industrial Machinery/Components,93,3.3499999046325684,-99.92627641054946,1,,A+
INLX,Intellinetics Inc. Common Stock,Computer Software: Prepackaged Software,103,5.360000133514404,-57.69534253166131,21,,D
INM,InMed Pharmaceuticals Inc. Common Shares,Biotechnology: Pharmaceutical Preparations,62,1.309999942779541,-46.74797063148358,46,7,A+
INMB,INmune Bio Inc. Common stock,Biotechnology: Biological Products (No Diagnostic Substances),51,2.309999942779541,-7.968129420064374,93,26,A
INMD,InMode Ltd. Ordinary Shares,Biotechnology: Electromedical & Electrotherapeutic Apparatus,57,14.770000457763672,-11.1311690015237,58,46,B-
INN,Summit Hotel Properties Inc. Common Stock,Real Estate Investment Trusts,57,5.670000076293945,-18.72549380122952,67,63,D+
INNV,InnovAge Holding Corp. Common Stock,Medical/Nursing Services,48,10.600000381469727,-12.46902822474426,95,77,B+
INO,Inovio Pharmaceuticals Inc. Common Stock,Biotechnology: Pharmaceutical Preparations,62,1.2799999713897705,-51.69811602545267,28,26,A-
INOD,Innodata Inc. Common Stock,EDP Services,126,53.11000061035156,-56.28806534127444,27,88,E
INR,Infinity Natural Resources Inc. Class A Common Stock,Oil & Gas Production,11,15.380000114440918,-20.020798333038748,56,32,B-
INSE,Inspired Entertainment Inc. Common Stock,Computer Software: Prepackaged Software,103,5.269999980926514,-46.3340107464143,14,63,E-
INSG,Inseego Corp. Common Stock,Telecommunications Equipment,103,4.28000020980835,-78.905864875871,7,17,E-
INSM,Insmed Incorporated Common Stock,Biotechnology: Pharmaceutical Preparations,62,127.27999877929688,-39.79471331795401,54,17,B+
INSP,Inspire Medical Systems Inc. Common Stock,Medical/Dental Instruments,98,68.12000274658203,-52.6911590056047,68,51,A-
INSW,International Seaways Inc. Common Stock,Marine Transportation,3,102.13999938964844,0.0,96,99,B
INTA,Intapp Inc. Common Stock,Computer Software: Prepackaged Software,103,38.040000915527344,-20.201379532864017,83,17,B+
INTC,Intel Corporation Common Stock,Semiconductors,41,100.31999969482422,-28.82077624730367,98,67,C+
INTG,Intergroup Corporation (The) Common Stock,Building operators,71,38.70000076293945,-20.89124650150451,87,64,A-
INTJ,Intelligent Group Limited Class A Ordinary Shares,Professional Services,41,2.799999952316284,-80.08534943989272,7,,A
INTR,Inter & Co. Inc. Class A Common Shares,Commercial Banks,7,5.78000020980835,-42.67223835635123,27,90,B-
INTS,Intensity Therapeutics Inc. Common stock,Biotechnology: Biological Products (No Diagnostic Substances),51,4.039999961853027,-87.75757587317264,19,7,D
INTT,inTest Corporation Common Stock,Electrical Products,20,11.220000267028809,-40.634918023869716,56,77,E
INTU,Intuit Inc. Common Stock,Computer Software: Prepackaged Software,103,312.7699890136719,-54.95112504310893,23,73,D+
INTZ,Intrusion Inc. Common Stock,Computer Communications Equipment,57,0.8199999928474426,-60.19417399880975,24,17,A
INUV,Inuvo Inc.,Advertising,116,0.6200000047683716,-85.16746339162421,5,17,E
INV,Innventure Inc. Common Stock,Blank Checks,57,1.0299999713897705,-85.92896246946403,3,26,E-
INVA,Innoviva Inc. Common Stock,Biotechnology: Pharmaceutical Preparations,62,20.6200008392334,-14.933989133935455,39,35,D
INVE,Identiv Inc. Common Stock,Computer peripheral equipment,55,2.640000104904175,-50.094515615470584,19,17,C-
INVH,Invitation Homes Inc. Common Stock,Real Estate,71,27.559999465942383,-9.905199972315703,47,67,D-
INVX,Innovex International Inc. Common Stock,Oil and Gas Field Machinery,22,29.690000534057617,-6.133413462480675,81,40,D
INVZ,Innoviz Technologies Ltd. Ordinary shares,Auto Parts:O.E.M.,68,0.32499998807907104,-86.34453897262033,7,17,E-
IONQ,IonQ Inc. Common Stock,EDP Services,126,36.84000015258789,-55.12242441703765,23,7,D-
IONR,ioneer Ltd American Depositary Shares,Mining & Quarrying of Nonmetallic Minerals (No Fuels),98,2.9100000858306885,-61.609497162001084,20,,D
IONS,Ionis Pharmaceuticals Inc. Common Stock,Biotechnology: Pharmaceutical Preparations,62,55.650001525878906,-35.66473812037121,22,17,E
IOR,Income Opportunity Realty Investors Inc. Common Stock,Real Estate Investment Trusts,57,18.5,-13.953488372093027,56,43,B
IOSP,Innospec Inc. Common Stock,Major Chemicals,65,93.08000183105469,-2.697053870254673,74,62,B-
IOT,Samsara Inc. Class A Common Stock,EDP Services,126,38.439998626708984,-14.99337109900396,61,63,B+
IOTR,iOThree Limited Ordinary Shares,Telecommunications Equipment,103,2.299999952316284,-56.848030295710615,23,,A
IOVA,Iovance Biotherapeutics Inc. Common Stock,Biotechnology: Biological Products (No Diagnostic Substances),51,8.140000343322754,-9.454943820200878,99,17,A
IP,International Paper Company Common Stock,Paper,62,34.290000915527344,-27.73121458734903,40,17,D
IPAR,Interparfums Inc. Common Stock,Package Goods/Cosmetics,55,110.48999786376953,-14.04901187028118,72,51,C-
IPDN,Professional Diversity Network Inc. Common Stock,Computer Software: Programming Data Processing,103,0.14000000059604645,-97.08333343681362,2,17,A+
IPGP,IPG Photonics Corporation Common Stock,Semiconductors,41,78.33000183105469,-49.106620773644686,26,56,E+
IPHA,Innate Pharma S.A. ADS,Biotechnology: Biological Products (No Diagnostic Substances),51,1.8799999952316284,-25.838266998891424,57,,A+
IPI,Intrepid Potash Inc Common Stock,Mining & Quarrying of Nonmetallic Minerals (No Fuels),98,40.279998779296875,-17.52662028367632,80,74,B+
IPM,Intelligent Protection Management Corp. Common Stock,Computer Software: Programming Data Processing,103,1.8700000047683716,-23.36065733954967,50,7,C+
IPSC,Century Therapeutics Inc. Common Stock,Biotechnology: Biological Products (No Diagnostic Substances),51,1.940000057220459,-34.01360478017889,97,26,D+
IPST,IP Strategy Holdings Inc. Common Stock,Beverages (Production/Distribution),119,3.759999990463257,-99.06000000238419,11,,A+
IPW,iPower Inc. Common Stock,RETAIL: Building Materials,126,1.7000000476837158,-99.91886215696346,1,26,E+
IPWR,Ideal Power Inc. Common Stock,Semiconductors,41,4.820000171661377,-46.384868805598735,52,17,C+
IPX,IperionX Limited American Depositary Share,Other Metals and Minerals,133,19.420000076293945,-67.69256383446181,10,,E
IQ,iQIYI Inc. American Depositary Shares,Consumer Electronics/Video Chains,133,0.9369999766349792,-65.29629777455688,16,17,E+
IQI,Invesco Quality Municipal Income Trust Common Stock,Finance Companies,68,9.850000381469727,-3.5914638676866617,52,,D+
IQMX,IQM Quantum Computers Oyj American Depositary Shares,Computer Software: Prepackaged Software,103,10.229999542236328,-26.455789687592468,43,,A-
IQST,iQSTEL Inc. Common Stock,Telecommunications Equipment,103,0.968999981880188,-85.98189271121146,10,26,A+
IQV,IQVIA Holdings Inc. Common Stock,Biotechnology: Commercial Physical & Biological Resarch,7,257.29998779296875,-5.27207406731619,87,78,B+
IR,Ingersoll Rand Inc. Common Stock,Industrial Machinery/Components,93,73.08999633789062,-25.937916210416812,40,78,D+
IRD,Opus Genetics Inc. Common Stock,Biotechnology: Pharmaceutical Preparations,62,6.070000171661377,0.0,98,26,A+
IRDM,Iridium Communications Inc Common Stock,Telecommunications Equipment,103,47.029998779296875,-15.595840364370673,96,53,B-
IREN,IREN Limited Ordinary Shares,Finance: Consumer Services,114,43.63999938964844,-42.887060204017644,52,7,C-
IRHO,Iron Horse Acquisitions II Corp. Common Stock,Blank Checks,57,10.0600004196167,-0.0992976714056848,49,,C
IRIX,IRIDEX Corporation Common Stock,Biotechnology: Electromedical & Electrotherapeutic Apparatus,57,0.6800000071525574,-56.41025435289679,12,17,E-
IRM,Iron Mountain Incorporated (Delaware)Common Stock REIT,Real Estate Investment Trusts,57,112.9000015258789,-15.151056968746202,63,91,D-
IRMD,iRadimed Corporation Common Stock,Medical/Dental Instruments,98,81.87000274658203,-21.750921540147328,35,52,E+
IRON,Disc Medicine Inc. Common Stock,Biotechnology: Pharmaceutical Preparations,62,74.13999938964844,-21.219850272221276,60,7,C-
IRS,IRSA Inversiones Y Representaciones S.A. Global Depositary Shares (Each representing ten shares of Common Stock),Homebuilding,93,15.569999694824219,-15.426399653051103,59,35,B+
IRT,Independence Realty Trust Inc. Common Stock,Real Estate Investment Trusts,57,15.229999542236328,-12.219024741334394,37,36,E
IRTC,iRhythm Holdings Inc. Common Stock,Medical/Dental Instruments,98,112.87999725341797,-40.35403051338549,27,65,D
IRWD,Ironwood Pharmaceuticals Inc. Class A Common Stock,Biotechnology: Pharmaceutical Preparations,62,3.9700000286102295,-26.345081132650172,94,69,B
ISBA,Isabella Bank Corporation Common stock,Major Banks,12,39.36000061035156,-29.49953287749173,41,78,C
ISOU,IsoEnergy Ltd. Common Shares,,,11.069999694824219,-16.263241518737136,72,26,B
ISPC,iSpecimen Inc. Common Stock,Biotechnology: Commercial Physical & Biological Resarch,7,1.5,-98.07692307692307,4,26,B
ISPR,Ispire Technology Inc. Common Stock,Medicinal Chemicals and Botanical Products,129,1.4299999475479126,-61.14130647807239,18,7,E
ISRG,Intuitive Surgical Inc. Common Stock,Industrial Specialties,68,360.4599914550781,-39.19878446502069,23,77,D-
ISTR,Investar Holding Corporation Common Stock,Major Banks,12,30.670000076293945,-1.3826376202618618,70,58,C+
IT,Gartner Inc. Common Stock,Other Consumer Services,132,170.6199951171875,-35.39323810702496,39,79,C
ITGR,Integer Holdings Corporation Common Stock,Biotechnology: Electromedical & Electrotherapeutic Apparatus,57,126.05000305175781,-0.35572881283967295,90,70,A-
ITIC,Investors Title Company Common Stock,Specialty Insurers,48,301.32000732421875,-1.3688670917390566,80,68,B-
ITOC,iTonic Holdings Ltd Class A Ordinary Shares,Biotechnology: Electromedical & Electrotherapeutic Apparatus,57,0.30399999022483826,-68.00000062741732,14,,A+
ITP,IT Tech Packaging Inc. Common Stock,Containers/Packaging,91,0.1599999964237213,-52.94117801742155,19,35,A-
ITRG,Integra Resources Corp. Common Shares,Precious Metals,18,2.759999990463257,-40.259738986351515,47,,B+
ITRI,Itron Inc. Common Stock,Electrical Products,20,93.55000305175781,-32.29844549835883,52,60,B+
ITRN,Ituran Location and Control Ltd. Ordinary Shares,Electronic Components,2,51.75,-21.409694692441782,66,86,D
ITT,ITT Inc. Common Stock,Fluid Controls,29,196.22999572753906,-11.137816332553507,63,45,B-
ITW,Illinois Tool Works Inc. Common Stock,Industrial Machinery/Components,93,265.20001220703125,-10.803173121868515,56,53,D+
IVA,Inventiva S.A. American Depository Shares,Biotechnology: Pharmaceutical Preparations,62,4.139999866485596,-42.09790473754049,35,,D-
IVDA,Iveda Solutions Inc. Common Stock,Computer Software: Prepackaged Software,103,0.2800000011920929,-86.20689629860436,17,7,A+
IVF,INVO Fertility Inc. Common Stock,Medical/Dental Instruments,98,0.9639999866485596,-98.27857145241329,6,37,A+
IVR,INVESCO MORTGAGE CAPITAL INC Common Stock,Real Estate Investment Trusts,57,6.909999847412109,-17.179584483988364,41,99,D-
IVT,InvenTrust Properties Corp. Common Stock,Real Estate Investment Trusts,57,32.029998779296875,-12.796081735680009,55,45,D+
IVVD,Invivyd Inc. Common Stock,Biotechnology: Biological Products (No Diagnostic Substances),51,0.7760000228881836,-73.05555583150297,13,7,D+
IVZ,Invesco Ltd Common Stock,Investment Managers,46,31.93000030517578,-4.142903065809422,83,84,C
IX,ORIX Corporation American Depositary Shares,Diversified Financial Services,18,39.09000015258789,-5.3740042287639955,79,,D-
IXHL,Incannex Healthcare Inc. Common Stock,Biotechnology: Pharmaceutical Preparations,62,3.25,-83.87896813195069,10,26,D+
IZEA,IZEA Worldwide Inc. Common Stock,Advertising,116,2.9600000381469727,-48.07017303166216,22,17,E-
IZM,ICZOOM Group Inc. Class A Ordinary Shares,Consumer Electronics/Video Chains,133,0.23399999737739563,-90.99999977075136,4,,A+
J,Jacobs Solutions Inc. Common Stock,Military/Government/Technical,98,140.52999877929688,-13.629780207248599,60,74,C-
JACK,Jack In The Box Inc. Common Stock,Restaurants,81,14.65999984741211,-37.67006988908022,46,34,C+
JAGU,Jaguar Uranium Corp. Class A Common Shares,Metal Mining,57,1.5700000524520874,-60.749998688697815,16,26,A-
JAGX,Jaguar Health Inc. Common Stock,Biotechnology: Pharmaceutical Preparations,62,0.3190000057220459,-99.6088289469228,1,26,E-
JAKK,JAKKS Pacific Inc. Common Stock,Recreational Games/Products/Toys,93,23.790000915527344,-9.783635866134633,80,78,B-
JAN,Janus Living Inc. Class A-1 Common Stock,Real Estate Investment Trusts,57,30.809999465942383,-2.991186259739209,82,,C
JANX,Janux Therapeutics Inc. Common Stock,Biotechnology: Pharmaceutical Preparations,62,17.68000030517578,-49.10765846009002,70,17,B
JAZZ,Jazz Pharmaceuticals plc Common Stock (Ireland),Biotechnology: Pharmaceutical Preparations,62,240.47999572753906,-8.080421903600755,86,84,D+
JBDI,JBDI Holdings Limited Ordinary Shares,,,1.2400000095367432,-73.83966098284795,28,,A
JBGS,JBG SMITH Properties Common Shares,Real Estate Investment Trusts,57,11.260000228881836,-51.305649138354546,18,17,E-
JBHT,J.B. Hunt Transport Services Inc. Common Stock,Trucking Freight/Courier Services,24,267.8299865722656,-10.096268795392337,84,83,C
JBI,Janus International Group Inc. Common Stock,Building Products,48,4.570000171661377,-56.26794014283578,22,67,E+
JBIO,Jade Biosciences Inc. Common Stock,Biotechnology: Pharmaceutical Preparations,62,19.139999389648438,-28.71508708484888,93,12,D+
JBK,Lehman ABS 3.50 3.50% Adjustable Corp Backed Tr Certs GS Cap I,Finance: Consumer Services,114,25.649999618530273,-4.8686729435859615,54,,D
JBL,Jabil Inc. Common Stock,Electrical Products,20,302.79998779296875,-21.462174579933468,68,89,D-
JBLU,JetBlue Airways Corporation Common Stock,Air Freight/Delivery Services,65,4.389999866485596,-32.043346121328334,37,17,C-
JBS,JBS N.V. Class A Common Shares,Meat/Poultry/Fish,112,12.619999885559082,-25.9977338009042,42,44,C-
JBSS,John B. Sanfilippo & Son Inc. Common Stock,Specialty Foods,71,70.83999633789062,-19.964969578958303,48,56,E+
JBTM,JBT Marel Corporation Common Stock,Industrial Machinery/Components,93,112.4000015258789,-33.1625054021235,30,60,E+
JCAP,Jefferson Capital Inc. Common Stock,Finance Companies,68,21.200000762939453,-10.705213847356443,76,48,A-
JCI,Johnson Controls International plc Ordinary Share,Industrial Machinery/Components,93,142.80999755859375,-7.7216317991755545,69,71,D+
JCSE,JE Cleantech Holdings Limited Ordinary Shares,Miscellaneous manufacturing industries,140,1.4600000381469727,-19.721406846135203,87,,A
JCTC,Jewett-Cameron Trading Company Common Shares,RETAIL: Building Materials,126,2.930000066757202,-19.060769077767926,88,26,A
JD,JD.com Inc. American Depositary Shares,Other Specialty Stores,121,27.020000457763672,-22.634001918440294,37,74,E
JDZG,JIADE LIMITED Class A Ordinary Shares,Other Consumer Services,132,3.5299999713897705,-99.62939632846302,1,,A+
JEF,Jefferies Financial Group Inc. Common Stock,Investment Bankers/Brokers/Service,51,53.93000030517578,-21.036403260416293,50,73,E+
JELD,JELD-WEN Holding Inc. Common Stock,Forest Products,62,2.0299999713897705,-69.3815997533968,44,17,B+
JEM,707 Cayman Holdings Limited Ordinary Shares,Clothing/Shoe/Accessory Stores,122,3.940000057220459,-97.06845220524707,2,,A+
JF,J and Friends Holdings Limited American Depositary Shares,Computer Software: Programming Data Processing,103,0.9300000071525574,-23.770493004662253,34,,B+
JFIN,Jiayin Group Inc. American Depositary Shares,Finance: Consumer Services,114,1.440000057220459,-87.3573308708051,4,35,E-
JFU,9F Inc. American Depositary Shares,Finance: Consumer Services,114,2.759999990463257,-67.27919557603678,27,,A+
JG,Aurora Mobile Limited American Depositary Shares,Computer Software: Programming Data Processing,103,6.5,-35.96058872619737,40,99,B+
JHS,John Hancock Income Securities Trust Common Stock,Finance Companies,68,10.600000381469727,-7.921791761817709,42,,D
JHX,James Hardie Industries plc. Ordinary Shares,Building Materials,86,28.190000534057617,-9.298582357601969,87,43,C+
JILL,J. Jill Inc. Common Stock,Apparel,109,22.770000457763672,0.0,92,43,A+
JJSF,J & J Snack Foods Corp. Common Stock,Specialty Foods,71,82.55999755859375,-20.37961251469893,43,61,B
JKHY,Jack Henry & Associates Inc. Common Stock,EDP Services,126,161.4199981689453,-15.199036335651407,61,49,B
JKS,JinkoSolar Holding Company Limited American Depositary Shares (each representing 4 Common Shares),Semiconductors,41,11.680000305175781,-58.607980244362054,12,26,E-
JL,J-Long Group Limited Class A Ordinary Shares,Clothing/Shoe/Accessory Stores,122,4.949999809265137,-31.67702018696229,31,,C+
JLHL,Julong Holding Limited Class A Ordinary Shares,Military/Government/Technical,98,6.03000020980835,-86.54017787388696,30,,A+
JLL,Jones Lang LaSalle Incorporated Common Stock,Real Estate,71,342.1600036621094,-12.889840317061463,68,83,C
JMIA,Jumia Technologies AG American Depositary Shares each representing two Ordinary Shares,Catalog/Specialty Distribution,98,7.28000020980835,-50.13698616715037,32,1,A-
JMSB,John Marshall Bancorp Inc. Common Stock,Major Banks,12,23.190000534057617,-2.4400501158451493,67,61,C-
JNJ,Johnson & Johnson Common Stock,Biotechnology: Pharmaceutical Preparations,62,266.3500061035156,-4.338608228292495,79,55,C+
JOB,GEE Group Inc. Common Stock,Diversified Commercial Services,65,0.23999999463558197,-11.111116630059481,66,17,A
JOBY,Joby Aviation Inc. Common Stock,Aerospace,116,6.309999942779541,-67.75677035678042,12,7,E+
JOE,St. Joe Company (The) Common Stock,Homebuilding,93,63.900001525878906,-11.585249733768766,56,67,C-
JOUT,Johnson Outdoors Inc. Class A Common Stock,Recreational Games/Products/Toys,93,44.2400016784668,-16.710372964558186,53,51,C-
JOYY,JOYY Inc. American Depositary Shares,EDP Services,126,74.83000183105469,-0.22666422526042007,76,49,B-
JPM,JP Morgan Chase & Co. Common Stock,Major Banks,12,353.55999755859375,-3.181991168805387,73,82,C
JRSH,Jerash Holdings (US) Inc. Common Stock,Apparel,109,5.269999980926514,-6.560281814148993,94,76,A
JRVR,James River Group Holdings Inc. Common Stock,Property-Casualty Insurers,29,3.8499999046325684,-45.78178545836722,22,82,D+
JSPR,Jasper Therapeutics Inc. Common Stock,Biotechnology: Biological Products (No Diagnostic Substances),51,0.7009999752044678,-73.03846150319251,28,7,A
JTAI,Jet.AI Inc. Common Stock,Transportation Services,113,1.25,-98.20855976908966,30,7,B+
JUNS,Jupiter Neurosciences Inc. Common Stock,Biotechnology: Pharmaceutical Preparations,62,3.1500000953674316,-97.66666659602411,2,26,A+
JVA,Coffee Holding Co. Inc. Common Stock,Packaged Foods,109,3.430000066757202,-35.26715545155758,36,76,D-
JWEL,Jowell Global Ltd. Ordinary Shares,Other Consumer Services,132,2.125,-46.875,42,,A+
JXG,JX Luxventure Group Inc. Common Stock,Office Equipment/Supplies/Services,24,9.149999618530273,-40.77670076705662,85,,A+
JXN,Jackson Financial Inc. Class A Common Stock,Life Insurance,10,138.36000061035156,-1.614167811735867,87,56,B
JYD,Jayud Global Logistics Limited Class A Ordinary Shares,Integrated Freight & Logistics,141,0.8180000185966492,-90.70454544469345,10,,A
JYNT,The Joint Corp. Common Stock,Multi-Sector Companies,41,8.029999732971191,-23.74169101041932,35,39,E
JZ,Jianzhi Education Technology Group Company Limited American Depositary Shs,Other Consumer Services,132,0.7699999809265137,-99.17204303126181,1,,A+
JZXN,Jiuzi Holdings Inc. Ordinary Shares,Retail-Auto Dealers and Gas Stations,86,1.159999966621399,-98.20987667902598,10,,A+
KAI,Kadant Inc Common Stock,Industrial Machinery/Components,93,286.2300109863281,-17.398337624795058,42,91,D-
KALA,KALA BIO Inc. Common Stock,Biotechnology: Pharmaceutical Preparations,62,0.5630000233650208,-99.94263881575498,2,17,E-
KALU,Kaiser Aluminum Corporation Common Stock,Metal Fabrications,47,158.4199981689453,-18.673859649878644,87,97,D+
KAPA,Kairos Pharma Ltd. Common Stock,Biotechnology: Pharmaceutical Preparations,62,1.6799999475479126,-87.02702724098923,7,,E
KARO,Karooooo Ltd. Ordinary Shares,Computer Software: Prepackaged Software,103,63.85499954223633,-4.977674937369702,87,65,B
KAZR,Skyline Builders Group Holding Limited Class A Ordinary Shares,Engineering & Construction,71,2.3499999046325684,-51.14345254493744,34,,A-
KB,KB Financial Group Inc,Commercial Banks,7,126.55000305175781,-4.3895418040209355,87,,B-
KBDC,Kayne Anderson BDC Inc. Common Stock,,,12.960000038146973,-12.681275147944016,40,47,D
KBH,KB Home Common Stock,Homebuilding,93,47.75,-27.884332640447628,28,37,D-
KBON,Karbon Capital Partners Corp. Class A Ordinary Shares,Blank Checks,57,10.100000381469727,-0.4926033393071849,47,,D
KBR,KBR Inc. Common Stock,Military/Government/Technical,98,36.45000076293945,-25.622486489852548,39,82,C
KBSX,FST Corp. Ordinary Shares,Recreational Games/Products/Toys,93,0.9800000190734863,-42.352941671457245,17,17,D
KC,Kingsoft Cloud Holdings Limited American Depositary Shares,Computer Software: Prepackaged Software,103,9.899999618530273,-45.634266247866925,24,17,C+
KD,Kyndryl Holdings Inc. Common Stock,EDP Services,126,12.680000305175781,-61.25878251598227,26,43,C+
KDK,Kodiak AI Inc. Common Stock,EDP Services,126,3.799999952316284,-65.20146588125357,11,17,E+
KDP,Keurig Dr Pepper Inc. Common Stock,Beverages (Production/Distribution),119,31.459999084472656,-6.08955497172341,61,44,C
KE,Kimball Electronics Inc. Common Stock,Electrical Products,20,24.860000610351562,-24.96227042299384,40,65,C
KEEL,Keel Infrastructure Corp. Common Stock,Finance: Consumer Services,114,3.440000057220459,-48.34834630578637,79,26,C-
KELYA,Kelly Services Inc. Class A Common Stock,Professional Services,41,15.920000076293945,-7.870373589756918,92,32,B
KELYB,Kelly Services Inc. Class B Common Stock,Professional Services,41,23.270000457763672,-37.916287978635374,95,32,B
KEN,Kenon Holdings Ltd. Ordinary Shares,Electric Utilities: Central,71,65.1500015258789,-31.808665583453433,57,,D+
KEP,Korea Electric Power Corporation Common Stock,Electric Utilities: Central,71,11.890000343322754,-48.88220023076786,29,53,D+
KEQU,Kewaunee Scientific Corporation Common Stock,Medical Specialities,15,34.540000915527344,-36.84402672729448,29,54,D-
KEX,Kirby Corporation Common Stock,Marine Transportation,3,138.58999633789062,-9.174913386195271,73,85,D+
KEY,KeyCorp Common Stock,Major Banks,12,21.729999542236328,-8.553089525805657,62,57,D
KEYS,Keysight Technologies Inc. Common Stock,Industrial Machinery/Components,93,325.6499938964844,-12.773879817110323,85,86,E
KFFB,Kentucky First Federal Bancorp Common Stock,Savings Institutions,9,5.949999809265137,-5.3871825891332215,88,78,B
KFRC,Kforce Inc. Common Stock,Professional Services,41,51.4900016784668,-14.822165378641039,92,58,D
KFY,Korn Ferry Common Stock,Diversified Commercial Services,65,78.13999938964844,-9.43439905518595,70,54,D
KG,Kestrel Group Ltd.,Property-Casualty Insurers,29,6.309999942779541,-78.28630399606611,9,41,E-
KGC,Kinross Gold Corporation Common Stock,Precious Metals,18,28.93000030517578,-23.707049272252767,70,96,B+
KGEI,Kolibri Global Energy Inc. Common stock,Oil & Gas Production,11,6.53000020980835,-2.8273747963596607,84,80,A-
KGS,Kodiak Gas Services Inc. Common Stock,Natural Gas Distribution,33,62.5,-17.435201953173507,86,83,C+
KHC,The Kraft Heinz Company Common Stock,Packaged Foods,109,24.389999389648438,-10.282670909992797,54,17,D
KIDS,OrthoPediatrics Corp. Common Stock,Medical/Dental Instruments,98,21.559999465942383,-18.641511449274027,71,7,B
KIDZ,KIDZ AI Inc. Class B Common Stock,Other Consumer Services,132,3.5299999713897705,-99.97790297357503,1,,A+
KIM,Kimco Realty Corporation (HC) Common Stock,Real Estate Investment Trusts,57,23.290000915527344,-10.66771752555945,54,72,D
KINS,Kingstone Companies Inc. Common Stock,Property-Casualty Insurers,29,19.25,-7.16149900892975,84,53,B-
KITT,Nauticus Robotics Inc. Common stock,Industrial Machinery/Components,93,0.6439999938011169,-97.84182308810992,3,,E-
KKR,KKR & Co. Inc. Common Stock,Investment Managers,46,100.87000274658203,-31.966507384341757,41,91,C
KLAC,KLA Corporation Common Stock,Electronic Components,2,177.17999267578125,-41.208357725069014,80,86,E+
KLAR,Klarna Group plc Ordinary Shares,Finance: Consumer Services,114,13.800000190734863,-69.6569913596435,16,,E-
KLC,KinderCare Learning Companies Inc. Common Stock,Other Consumer Services,132,2.509999990463257,-67.2323754508788,13,17,E-
KLIC,Kulicke and Soffa Industries Inc. Common Stock,Semiconductors,41,82.97000122070312,-37.99416879566747,87,77,E
KLRA,Kailera Therapeutics Inc. Common Stock,Biotechnology: Pharmaceutical Preparations,62,14.90999984741211,-42.653846740722656,15,,D+
KLRS,Kalaris Therapeutics Inc. Common Stock,Biotechnology: Biological Products (No Diagnostic Substances),51,3.299999952316284,-69.94535437253613,14,26,E-
KLTR,Kaltura Inc. Common Stock,Computer Software: Prepackaged Software,103,1.4299999475479126,-24.33862654119794,44,17,A
KLXE,KLX Energy Services Holdings Inc. Common Stock,Oilfield Services/Equipment,15,1.5399999618530273,-63.93442696178011,15,17,E-
KMB,Kimberly-Clark Corporation Common Stock,Containers/Packaging,91,98.4800033569336,-20.042113643281724,40,43,D-
KMDA,Kamada Ltd. Ordinary Shares,Biotechnology: Pharmaceutical Preparations,62,7.989999771118164,-9.746736527004163,68,69,C
KMI,Kinder Morgan Inc. Common Stock,Natural Gas Distribution,33,30.950000762939453,-8.949899510384562,57,84,C-
KMPR,Kemper Corporation,Property-Casualty Insurers,29,27.020000457763672,-47.466197611703095,32,41,B-
KMRK,K-Tech Solutions Company Limited Class A Ordinary Shares,Recreational Games/Products/Toys,93,0.9419999718666077,-77.62470395888101,11,,B
KMT,Kennametal Inc. Common Stock,Industrial Machinery/Components,93,29.1299991607666,-31.88208625477873,46,95,D-
KMTS,Kestra Medical Technologies Ltd. Common Stock,Medical/Dental Instruments,98,23.56999969482422,-16.860672389161014,70,17,C+
KMX,CarMax Inc,Retail-Auto Dealers and Gas Stations,86,60.52000045776367,-5.761446111194801,83,43,B-
KN,Knowles Corporation Common Stock,Consumer Electronics/Appliances,93,35.40999984741211,-17.26635402191651,83,82,D
KNDI,Kandi Technologies Group Inc. Ordinary Shares,Auto Manufacturing,138,0.6000000238418579,-57.142854710014454,17,34,A
KNF,Knife Riv Holding Co. Common Stock,Mining & Quarrying of Nonmetallic Minerals (No Fuels),98,57.18000030517578,-39.15079327190847,21,48,E-
KNRX,KNOREX LTD. Class A Ordinary Shares,Computer Software: Programming Data Processing,103,0.36000001430511475,-89.09090849978864,6,,A+
KNSA,Kiniksa Pharmaceuticals International plc Class A Ordinary Shares,Biotechnology: Pharmaceutical Preparations,62,76.4800033569336,-5.486894355511318,95,87,B+
KNSL,Kinsale Capital Group Inc. Common Stock,Property-Casualty Insurers,29,362.70001220703125,-24.081916216900044,53,94,B
KNTK,Kinetik Holdings Inc. Class A Common Stock,Natural Gas Distribution,33,54.20000076293945,-1.6333897206990744,83,90,B
KNX,Knight-Swift Transportation Holdings Inc.,Trucking Freight/Courier Services,24,69.02999877929688,-16.035144617327425,75,50,D
KO,Coca-Cola Company (The) Common Stock,Beverages (Production/Distribution),119,87.83000183105469,-4.522226469529322,72,66,C
KOD,Kodiak Sciences Inc Common Stock,Biotechnology: Biological Products (No Diagnostic Substances),51,32.869998931884766,-29.220499776284925,93,17,D
KODK,Eastman Kodak Company Common New,Industrial Machinery/Components,93,8.930000305175781,-38.456235945463234,66,63,B
KOP,Koppers Holdings Inc. Common Stock,Forest Products,62,46.349998474121094,-11.255054471650771,86,32,D
KOPN,Kopin Corporation Common Stock,Semiconductors,41,4.389999866485596,-31.29890519230902,91,,C+
KOS,Kosmos Energy Ltd. Common Shares (DE),Oil & Gas Production,11,2.940000057220459,-10.0917408449817,93,34,B+
KOSS,Koss Corporation Common Stock,Consumer Electronics/Appliances,93,3.4000000953674316,-41.37931062832173,22,17,D
KPET,KPET Ultra Paceline Corporation Class A Ordinary Shares,,,9.979999542236328,-1.3834026176475556,46,,D-
KPLT,Katapult Holdings Inc. Common Stock,Diversified Commercial Services,65,9.164999961853027,-60.27308156441282,79,33,A+
KPRX,Kiora Pharmaceuticals Inc.  Common Stock,Biotechnology: Pharmaceutical Preparations,62,2.5799999237060547,-9.790209148954842,60,7,C+
KPTI,Karyopharm Therapeutics Inc. Common Stock,Biotechnology: Pharmaceutical Preparations,62,1.6200000047683716,-84.81724467493112,3,17,E-
KR,Kroger Company (The) Common Stock,Food Chains,106,56.95000076293945,-23.752878463860473,31,70,D
KRC,Kilroy Realty Corporation Common Stock,Real Estate Investment Trusts,57,34.849998474121094,-16.69158731407886,44,43,D-
KREF,KKR Real Estate Finance Trust Inc. Common Stock,Real Estate Investment Trusts,57,7.119999885559082,-18.691403846384226,42,26,D+
KRG,Kite Realty Group Trust Common Stock,Real Estate Investment Trusts,57,25.950000762939453,-13.00703711260538,56,91,D-
KRKR,36Kr Holdings Inc. American Depositary Shares,Business Services,78,3.1500000953674316,-62.984723729186975,20,34,C-
KRMD,KORU Medical Systems Inc. Common Stock (DE),Medical/Dental Instruments,98,3.1500000953674316,-51.68711496039289,19,37,E-
KRMN,Karman Holdings Inc. Common Stock,Military/Government/Technical,98,34.38999938964844,-70.17087421584299,12,96,E
KRNT,Kornit Digital Ltd. Ordinary Shares,Industrial Machinery/Components,93,15.5600004196167,-13.747230432655154,57,17,C
KRNY,Kearny Financial Corp Common Stock,Savings Institutions,9,9.829999923706055,-2.961502342997957,85,46,B-
KRO,Kronos Worldwide Inc Common Stock,Major Chemicals,65,8.100000381469727,-8.567831830880113,91,63,B+
KROS,Keros Therapeutics Inc. Common Stock,Biotechnology: Pharmaceutical Preparations,62,11.170000076293945,-48.855311363308864,33,41,B
KRRO,Korro Bio Inc. Common Stock,Biotechnology: Pharmaceutical Preparations,62,13.0600004196167,-74.5716505755172,68,26,B+
KRSA,Korsana Biosciences Inc. Common Stock,Biotechnology: Pharmaceutical Preparations,62,31.905000686645508,-28.56023108899699,98,,A+
KRT,Karat Packaging Inc. Common Stock,Plastic Products,17,46.77000045776367,-6.084334991398932,97,88,A-
KRUS,Kura Sushi USA Inc. Class A Common Stock,Restaurants,81,41.130001068115234,-50.45771774124699,22,30,D-
KRYS,Krystal Biotech Inc. Common Stock,Biotechnology: Biological Products (No Diagnostic Substances),51,345.54998779296875,-8.620919378472768,91,85,E+
KSCP,Knightscope Inc. Class A Common Stock,Telecommunications Equipment,103,1.409999966621399,-80.94594664256705,9,26,A-
KSPI,Joint Stock Company Kaspi.kz American Depository Shares,,,97.1500015258789,-8.681396905207016,85,65,D+
KSS,Kohl's Corporation Common Stock,Department/Specialty Retail Stores,45,16.790000915527344,-29.995680992078743,54,67,D
KT,KT Corporation Common Stock,Telecommunications Equipment,103,19.600000381469727,-20.13040077326118,49,46,C+
KTB,Kontoor Brands Inc. Common Stock,Garments and Clothing,109,66.16000366210938,-24.41878971037844,35,77,D
KTCC,Key Tronic Corporation Common Stock,Electrical Products,20,2.390000104904175,-43.89671416680883,22,17,E-
KTF,DWS Municipal Income Trust,Finance Companies,68,8.460000038146973,-7.589079973631863,42,,D-
KTN,Structured Products Corp 8.205% CorTS 8.205% Corporate Backed Trust Securities (CorTS),Finance: Consumer Services,114,25.56999969482422,-0.1171901804627451,53,,C-
KTOS,Kratos Defense & Security Solutions Inc. Common Stock,Military/Government/Technical,98,46.97999954223633,-64.06058820109945,19,94,C
KTTA,Pasithea Therapeutics Corp. Common Stock,Biotechnology: Pharmaceutical Preparations,62,0.5400000214576721,-63.26530537770125,20,7,D-
KULR,KULR Technology Group Inc. Common Stock,Electrical Products,20,2.3499999046325684,-56.95970900706959,16,33,E
KURA,Kura Oncology Inc. Common Stock,Biotechnology: Pharmaceutical Preparations,62,11.569999694824219,-14.863873694504793,82,17,A-
KUST,Kustom Entertainment Inc. Common Stock,Radio And Television Broadcasting And Communications Equipment,81,0.75,-97.7578475847721,3,26,A+
KVHI,KVH Industries Inc. Common Stock,Telecommunications Equipment,103,7.139999866485596,-38.92215463833675,57,31,D-
KVUE,Kenvue Inc. Common Stock,Package Goods/Cosmetics,55,17.790000915527344,-9.287453382223843,51,76,D
KVYO,Klaviyo Inc. Series A Common Stock,Computer Software: Prepackaged Software,103,16.1299991607666,-55.09465483572376,26,17,D
KWR,Quaker Houghton Common Stock,Major Chemicals,65,155.0,-13.539896282738484,71,63,C-
KWY,Kingsway Corporation Common Stock,Property-Casualty Insurers,29,9.59000015258789,-40.545563226600244,27,26,C+
KXIN,Kaixin Holdings Ordinary Shares,Retail-Auto Dealers and Gas Stations,86,1.0850000381469727,-99.86604937800655,2,,E-
KYIV,Kyivstar Group Ltd. Common Shares,Telecommunications Equipment,103,13.869999885559082,-14.223872479176936,64,40,C
KYMR,Kymera Therapeutics Inc. Common Stock,Biotechnology: Biological Products (No Diagnostic Substances),51,117.0,-8.09834086584491,95,7,B+
KYNB,Kyntra Bio Inc. Common Stock,Biotechnology: Pharmaceutical Preparations,62,7.974999904632568,-35.84071030704783,53,41,A-
KYTX,Kyverna Therapeutics Inc. Common Stock,Biotechnology: Biological Products (No Diagnostic Substances),51,7.349999904632568,-34.66666751437717,61,7,D-
KZIA,Kazia Therapeutics Limited American Depositary Shares,Biotechnology: Pharmaceutical Preparations,62,11.010000228881836,-34.852068181056374,59,,E-
L,Loews Corporation Common Stock,Property-Casualty Insurers,29,109.08000183105469,-8.59200386363501,56,66,D+
LAB,Standard BioTools Inc. Common Stock,Biotechnology: Laboratory Analytical Instruments,31,0.6899999976158142,-58.928570288176395,15,17,B
LABT,Lakewood-Amedex Biotherapeutics Inc. Common Stock,Biotechnology: Pharmaceutical Preparations,62,2.049999952316284,-97.63005785859389,2,,A+
LAC,Lithium Americas Corp. Common Shares,Metal Mining,57,3.0199999809265137,-69.95024951630684,21,,C-
LAD,Lithia Motors Inc. Common Stock,Retail-Auto Dealers and Gas Stations,86,366.1499938964844,-14.187024177252738,75,51,B
LADR,Ladder Capital Corp Class A Common Stock,Real Estate Investment Trusts,57,9.670000076293945,-10.171393823613917,40,78,C-
LAES,SEALSQ Corp Ordinary Shares,Semiconductors,41,2.380000114440918,-68.8888877807706,18,,D
LAKE,Lakeland Industries Inc. Common Stock,Industrial Specialties,68,9.640000343322754,-44.23571282851797,26,,E
LAMR,Lamar Advertising Company Class A Common Stock,Real Estate Investment Trusts,57,147.6999969482422,-10.119883586388301,62,54,D+
LAND,Gladstone Land Corporation Common Stock,Real Estate Investment Trusts,57,9.479999542236328,-21.782495141945823,53,7,B
LANV,Lanvin Group Holdings Limited Ordinary Shares,Apparel,109,1.0199999809265137,-54.86725729067666,12,,E-
LAR,Lithium Argentina AG Common Shares,Metal Mining,57,6.409999847412109,-45.63189255172267,70,64,E+
LARK,Landmark Bancorp Inc. Common Stock,Major Banks,12,32.47999954223633,0.0,76,75,B
LASE,Laser Photonics Corporation Common Stock,Industrial Machinery/Components,93,0.7099999785423279,-85.14644461551613,6,26,E-
LASR,nLIGHT Inc. Common Stock,Semiconductors,41,39.290000915527344,-53.74926153385772,29,17,E-
LAUR,Laureate Education Inc. Common Stock,Other Consumer Services,132,35.775001525878906,-11.579331845293373,64,89,D-
LAW,CS Disco Inc. Common Stock,Computer Software: Prepackaged Software,103,4.059999942779541,-54.433220961740425,31,7,B-
LAZ,Lazard Inc. Common Stock,Investment Managers,46,41.869998931884766,-24.88573545565491,38,36,D+
LB,LandBridge Company LLC Class A Shares Representing Limited Liability Company Interests,Oil & Gas Production,11,86.37999725341797,-3.581354325269126,89,89,B
LBGJ,Li Bang International Corporation Class A Ordinary Shares,Industrial Machinery/Components,93,1.940000057220459,-99.99393749982119,1,,A
LBRT,Liberty Energy Inc. Class A common stock,Oilfield Services/Equipment,15,20.760000228881836,-38.36521961110845,59,69,E+
LBRX,LB Pharmaceuticals Inc Common Stock,Biotechnology: Pharmaceutical Preparations,62,46.25,-6.527889191832326,97,17,A-
LBTYA,Liberty Global Ltd. Class A Common Shares,Cable & Other Pay Television Services,81,10.619999885559082,-18.495778179594513,35,36,D
LBTYB,Liberty Global Ltd. Class B Common Shares,Cable & Other Pay Television Services,81,12.449999809265137,-30.87173986094889,46,,C-
LBTYK,Liberty Global Ltd. Class C Common Shares,Cable & Other Pay Television Services,81,10.399999618530273,-17.916341310928086,35,,D
LCCC,Lakeshore Acquisition III Corp. Ordinary Shares,Blank Checks,57,10.529999732971191,-0.28409740012678153,52,,C-
LCFY,Locafy Limited Ordinary Share,Computer Software: Programming Data Processing,103,2.2200000286102295,-69.67213146790994,10,,D-
LCID,Lucid Group Inc. Common Stock,Auto Manufacturing,138,4.179999828338623,-83.12474868352906,11,17,E
LCII,LCI Industries,Auto Parts:O.E.M.,68,93.4000015258789,-38.71317709307983,37,46,C
LCLN,Lincoln International Inc. Class A Common Stock,Investment Managers,46,26.149999618530273,-3.8249389301212466,68,,B+
LCNB,LCNB Corporation Common Stock,Major Banks,12,19.200000762939453,-7.430708878571668,73,59,B+
LCTX,Lineage Cell Therapeutics Inc. Common Stock,Biotechnology: Biological Products (No Diagnostic Substances),51,1.0199999809265137,-47.959185659463344,20,26,C+
LCUT,Lifetime Brands Inc. Common Stock,Industrial Machinery/Components,93,8.399999618530273,-15.151515735337838,95,63,E+
LDI,loanDepot Inc. Class A Common Stock,Finance: Consumer Services,114,0.8320000171661377,-81.75438535950961,10,17,E
LDOS,Leidos Holdings Inc. Common Stock,EDP Services,126,129.5500030517578,-34.539711074431544,30,56,C+
LE,Lands' End Inc. Common Stock,Clothing/Shoe/Accessory Stores,122,10.329999923706055,-46.057440577124865,21,99,E+
LEA,Lear Corporation Common Stock,Auto Parts:O.E.M.,68,127.83999633789062,-13.48446517335744,59,80,E+
LECO,Lincoln Electric Holdings Inc. Common Shares,Industrial Machinery/Components,93,251.05999755859375,-15.474389257800658,48,56,E+
LEDS,SemiLEDS Corporation Common Stock,Semiconductors,41,2.109999895095825,-36.060608315621124,74,58,A+
LEE,Lee Enterprises Incorporated Common Stock,Newspapers/Magazines,36,7.429999828338623,-36.81973058052328,71,63,C+
LEGH,Legacy Housing Corporation Common Stock (TX),Homebuilding,93,27.489999771118164,-6.273440700218702,76,58,B
LEGN,Legend Biotech Corporation American Depositary Shares,Biotechnology: Pharmaceutical Preparations,62,19.190000534057617,-47.105840188152484,16,34,E
LEGO,Legato Merger Corp. IV Ordinary Shares,Military/Government/Technical,98,10.0,0.0,49,,C-
LEN,Lennar Corporation Class A Common Stock,Homebuilding,93,77.9000015258789,-43.273191468935536,21,38,E+
LENZ,LENZ Therapeutics Inc. Common Stock,Biotechnology: Biological Products (No Diagnostic Substances),51,4.71999979019165,-90.37716643504986,8,17,E+
LESL,Leslie's Inc. Common Stock,Other Specialty Stores,121,0.5099999904632568,-95.26022323778096,3,17,E-
LEU,Centrus Energy Corp. Class A Common Stock,Mining & Quarrying of Nonmetallic Minerals (No Fuels),98,165.8699951171875,-61.95642313825975,33,43,D-
LEVI,Levi Strauss & Co Class A Common Stock,Apparel,109,20.1200008392334,-21.190754805745172,40,65,E+
LEXX,Lexaria Bioscience Corp. Common Stock,Biotechnology: Pharmaceutical Preparations,62,4.050000190734863,-82.35294093203274,6,26,A-
LFCR,Lifecore Biomedical Inc. Common Stock,Biotechnology: Pharmaceutical Preparations,62,4.090000152587891,-53.62811457932365,14,1,D-
LFMD,LifeMD Inc. Common Stock,Medical/Nursing Services,48,3.0299999713897705,-56.52797614637437,15,41,E
LFS,LEIFRAS Co. Ltd. American Depositary Shares,Other Consumer Services,132,2.1700000762939453,-80.91468691173831,30,,A+
LFST,LifeStance Health Group Inc. Common Stock,Medical/Nursing Services,48,13.0,0.0,97,90,A-
LFT,Lument Finance Trust Inc. Common Stock,Real Estate Investment Trusts,57,6.829999923706055,-67.06520164578016,11,,E-
LFTO,Liftoff Mobile Inc. Common Stock,EDP Services,126,17.549999237060547,-38.31283386142419,15,,E
LFUS,Littelfuse Inc. Common Stock,Electrical Products,20,413.4200134277344,-15.310006474149285,81,87,D
LFVN,Lifevantage Corporation Common Stock (Delaware),Biotechnology: Pharmaceutical Preparations,62,6.369999885559082,-43.959599471530765,26,39,E
LFWD,Lifeward Ltd. Ordinary Shares,Industrial Specialties,68,7.130000114440918,-28.240738652249696,47,17,B+
LGCL,Lucas GC Limited Class A Ordinary Shares,Computer Software: Programming Data Processing,103,3.069999933242798,-99.65888889630635,1,,E-
LGCY,Legacy Education Inc. Common Stock,Other Consumer Services,132,10.210000038146973,-28.750871650343722,33,66,D
LGHL,Lion Group Holding Ltd. American Depositary Share,Investment Bankers/Brokers/Service,51,7.820000171661377,-99.832905979238,1,,A
LGIH,LGI Homes Inc. Common Stock,Homebuilding,93,48.70000076293945,-26.03280153144113,41,38,D+
LGL,LGL Group Inc. (The) Common Stock,Industrial Machinery/Components,93,6.900000095367432,-10.852709309956232,54,41,E+
LGN,Legence Corp. Class A Common stock,Engineering & Construction,71,53.54999923706055,-47.63860272338136,56,63,E+
LGND,Ligand Pharmaceuticals Incorporated Common Stock,Biotechnology: Pharmaceutical Preparations,62,289.25,-10.340654928956594,88,84,B-
LGO,Largo Inc. Common Shares,Mining & Quarrying of Nonmetallic Minerals (No Fuels),98,0.6899999976158142,-72.61904750641601,17,1,A
LGPS,LogProstyle Inc. Common Shares,Homebuilding,93,0.8299999833106995,-45.394737254879814,41,,A+
LGVN,Longeveron Inc. Class A Common Stock,Biotechnology: Pharmaceutical Preparations,62,6.639999866485596,-42.75862372304247,33,1,D
LH,Labcorp Holdings Inc. Common Stock,Medical Specialities,15,306.9599914550781,-9.34811346805935,70,58,D+
LHAI,Linkhome Holdings Inc. Common stock,Real Estate,71,1.1100000143051147,-92.88005129287406,20,26,A+
LHSW,Lianhe Sowell International Group Ltd Class A Ordinary Shares,Computer Software: Prepackaged Software,103,0.6499999761581421,-98.58449476899648,2,,E
LHX,L3Harris Technologies Inc. Common Stock,Industrial Machinery/Components,93,248.3699951171875,-33.56480844692879,27,74,E+
LI,Li Auto Inc. American Depositary Shares,Auto Manufacturing,138,11.649999618530273,-56.350695446167705,17,22,D-
LICN,Lichen International Limited Class A Ordinary Shares,Professional Services,41,1.0800000429153442,-87.48551531177691,6,,E-
LIDR,AEye Inc. Class A Common Stock,Auto Parts:O.E.M.,68,1.2799999713897705,-61.79104454242776,16,1,A+
LIEN,Chicago Atlantic BDC Inc. Common Stock,Finance: Consumer Services,114,10.175000190734863,-1.595744288376355,59,58,B-
LIF,Life360 Inc. Common Stock,EDP Services,126,41.560001373291016,-62.521416176353014,21,,E
LIFE,Ethos Technologies Inc. Class A Common Stock,Specialty Insurers,48,38.849998474121094,-7.544031292500575,98,49,A
LII,Lennox International Inc. Common Stock,Industrial Machinery/Components,93,372.6199951171875,-34.96465883963643,20,58,E
LILA,Liberty Latin America Ltd. Class A Common Stock,Cable & Other Pay Television Services,81,8.699999809265137,-0.7981829514793981,94,26,A-
LILAK,Liberty Latin America Ltd. Class C Common Stock,Cable & Other Pay Television Services,81,8.680000305175781,0.0,94,26,B+
LIMN,Liminatus Pharma Inc. Class A Common Stock,Biotechnology: Biological Products (No Diagnostic Substances),51,3.630000114440918,-96.50961527457605,5,,A+
LIN,Linde plc Ordinary Shares,Major Chemicals,65,461.6199951171875,-15.275106189226928,46,79,D-
LINC,Lincoln Educational Services Corporation Common Stock,Other Consumer Services,132,24.3799991607666,-56.21408220699966,25,59,E-
LIND,Lindblad Expeditions Holdings Inc. Common Stock,Transportation Services,113,25.290000915527344,-26.653128621569966,92,59,D
LINE,Lineage Inc. Common Stock,Real Estate Investment Trusts,57,37.38999938964844,-16.14711984368895,40,17,D
LINK,Interlink Electronics Inc. Common Stock,Computer peripheral equipment,55,5.739999771118164,-40.041781696166325,89,17,A-
LION,Lionsgate Studios Corp Common Shares,Movies/Entertainment,6,11.149999618530273,-32.012195866566074,74,35,D
LIQT,LiqTech International Inc. Common Stock,Industrial Machinery/Components,93,0.7200000286102295,-75.67567502259338,12,,B
LITB,LightInTheBox Holding Co. Ltd. American Depositary Shares each representing twelve ordinary shares,Catalog/Specialty Distribution,98,3.0999999046325684,-18.848168617610984,82,69,C+
LITE,Lumentum Holdings Inc. Common Stock,Telecommunications Equipment,103,935.7000122070312,-11.147191353384455,98,17,B+
LITS,Lite Strategy Inc. Common Stock,Biotechnology: Pharmaceutical Preparations,62,1.059999942779541,-66.56151680542577,40,26,B
LIVE,Live Ventures Incorporated Common Stock,Other Specialty Stores,121,8.199999809265137,-61.119014936285154,19,31,D+
LIVN,LivaNova PLC Ordinary Shares,Biotechnology: Electromedical & Electrotherapeutic Apparatus,57,78.18000030517578,-8.373861000429372,72,56,D
LKFN,Lakeland Financial Corporation Common Stock,Major Banks,12,60.5099983215332,-6.146960999206808,50,50,C-
LKFT,Lakefront Biotherapeutics American Depositary Shares,Biotechnology: Pharmaceutical Preparations,62,26.809999465942383,-28.734714973052235,31,75,C
LKQ,LKQ Corporation Common Stock,Motor Vehicles,129,23.6299991607666,-29.81408125345366,29,38,E+
LLY,Eli Lilly and Company Common Stock,Biotechnology: Pharmaceutical Preparations,62,1123.0,-12.288920913243928,70,89,C
LLYVA,Liberty Live Holdings Inc. Series A Liberty Live Group Common Stock,Services-Misc. Amusement & Recreation,89,93.37999725341797,-11.058196825012034,49,,C-
LLYVK,Liberty Live Holdings Inc. Series C Liberty Live Group Common Stock,Services-Misc. Amusement & Recreation,89,96.8499984741211,-11.032520732035,50,,D
LMAT,LeMaitre Vascular Inc. Common Stock,Medical/Dental Instruments,98,78.80000305175781,-32.50627692877922,28,77,E
LMB,Limbach Holdings Inc. Common Stock,Engineering & Construction,71,48.310001373291016,-57.66365689694989,12,52,C-
LMND,Lemonade Inc. Common Stock,Property-Casualty Insurers,29,49.61000061035156,-48.627937488737025,29,26,D-
LMNR,Limoneira Co Common Stock,Farming/Seeds/Milling,91,13.3100004196167,-13.120029661038846,41,17,E-
LMRI,Lumexa Imaging Holdings Inc. Common Stock,Medical Specialities,15,11.1899995803833,-39.61144540891526,34,,B
LMT,Lockheed Martin Corporation Common Stock,Military/Government/Technical,98,530.1199951171875,-20.660437268525968,55,84,C
LNAI,Lunai Bioworks Inc. Common Stock,Biotechnology: Pharmaceutical Preparations,62,2.434999942779541,-85.29589359113562,26,26,A+
LNC,Lincoln National Corporation Common Stock,Life Insurance,10,43.560001373291016,-7.319146014274436,73,72,B-
LND,Brasilagro Brazilian Agric Real Estate Co Sponsored ADR (Brazil),Farming/Seeds/Milling,91,3.819999933242798,-12.585811595414242,46,45,B
LNG,Cheniere Energy Inc. Common Stock,Oil/Gas Transmission,37,277.8399963378906,-6.0907151713197045,75,95,D
LNKS,Linkers Industries Limited Class A Ordinary Shares,Electrical Products,20,0.9879999756813049,-99.70285715017103,4,,A
LNN,Lindsay Corporation Common Stock,Industrial Machinery/Components,93,117.30999755859375,-16.212468624746247,44,48,C
LNSR,LENSAR Inc. Common Stock,Medical/Dental Instruments,98,8.050000190734863,-36.763546895456614,44,34,A
LNT,Alliant Energy Corporation Common Stock,Power Generation,77,67.25,-13.159826220976157,46,54,D+
LNTH,Lantheus Holdings Inc. Common Stock,Biotechnology: In Vitro & In Vivo Diagnostic Substances,119,100.38999938964844,-9.509647394617527,85,81,C-
LNZA,LanzaTech Global Inc. Common Stock,Major Chemicals,65,5.880000114440918,-85.80395853602559,12,33,B-
LOAN,Manhattan Bridge Capital Inc,Real Estate Investment Trusts,57,4.079999923706055,-21.22998029087825,38,45,D
LOAR,Loar Holdings Inc. Common Stock,Military/Government/Technical,98,64.76000213623047,-20.9279597928121,39,98,D-
LOB,Live Oak Bancshares Inc. Common Stock,Major Banks,12,39.15999984741211,-10.443670958738805,63,76,C-
LOBO,LOBO TECHNOLOGIES LTD. Class A Ordinary Shares,Motor Vehicles,129,0.5839999914169312,-49.65517170505771,27,,A
LOCL,Local Bounti Corporation Common Stock,Farming/Seeds/Milling,91,1.190000057220459,-65.90257725018122,21,17,A
LOCO,El Pollo Loco Holdings Inc. Common Stock,Restaurants,81,15.0600004196167,-12.441861909295815,78,79,C
LODE,Comstock Inc. Common Stock,Major Chemicals,65,2.950000047683716,-38.155135021390194,36,7,D-
LOGI,Logitech International S.A. Ordinary Shares,Computer peripheral equipment,55,99.7699966430664,-21.248721508858026,38,76,D-
LOMA,Loma Negra Compania Industrial Argentina Sociedad Anonima ADS,Building Materials,86,10.09000015258789,-23.09451036128629,42,64,D-
LONA,LeonaBio Inc. Common Stock,Biotechnology: Biological Products (No Diagnostic Substances),51,6.860000133514404,-41.26712367914478,78,7,A-
LOOP,Loop Industries Inc. Common Stock,Major Chemicals,65,0.4410000145435333,-77.15025769281347,6,7,A
LOPE,Grand Canyon Education Inc. Common Stock,Other Consumer Services,132,151.22000122070312,-31.435049137036096,38,70,C-
LOT,Lotus Technology Inc. American Depositary Shares,Auto Manufacturing,138,1.0099999904632568,-55.30973474667024,21,,E+
LOVE,The Lovesac Company Common Stock,Other Specialty Stores,121,14.260000228881836,-31.277107330689947,41,33,E
LOW,Lowe's Companies Inc. Common Stock,RETAIL: Building Materials,126,196.58999633789062,-30.84156106053244,28,56,D-
LPA,Logistic Properties of the Americas Ordinary Shares,Real Estate,71,3.0299999713897705,-54.229606891694424,41,,B
LPCN,Lipocine Inc. Common Stock,Biotechnology: Pharmaceutical Preparations,62,2.25,-80.01776239552143,24,7,B+
LPG,Dorian LPG Ltd. Common Stock,Marine Transportation,3,54.40999984741211,-1.4311610590732826,95,94,B
LPL,LG Display Co Ltd AMERICAN DEPOSITORY SHARES,Industrial Machinery/Components,93,3.1500000953674316,-45.31250051740141,20,7,E+
LPLA,LPL Financial Holdings Inc. Common Stock,Investment Bankers/Brokers/Service,51,347.260009765625,-11.445699262422082,64,91,C-
LPTH,LightPath Technologies Inc. Class A Common Stock,Semiconductors,41,9.680000305175781,-46.66666386431784,52,34,E-
LPX,Louisiana-Pacific Corporation Common Stock,Forest Products,62,65.72000122070312,-32.52617453996234,27,36,D-
LQDA,Liquidia Corporation Common Stock,Biotechnology: Pharmaceutical Preparations,62,67.8499984741211,-25.464133380223288,94,97,E+
LQDT,Liquidity Services Inc. Common Stock,Business Services,78,41.4900016784668,-4.79577802839507,83,88,C+
LRCX,Lam Research Corporation Common Stock,Industrial Machinery/Components,93,298.010009765625,-31.227928137872716,93,95,D-
LRE,Lead Real Estate Co. Ltd American Depositary Shares,Homebuilding,93,1.2799999713897705,-42.34234437415392,43,,D
LRHC,La Rosa Holdings Corp. Common Stock,Real Estate,71,2.6600000858306885,-99.70179371235082,59,26,E-
LRMR,Larimar Therapeutics Inc. Common Stock,Biotechnology: Pharmaceutical Preparations,62,3.8499999046325684,-35.29411717564294,46,7,C-
LRN,Stride Inc. Common Stock,Other Consumer Services,132,81.44999694824219,-49.4350657919229,32,68,E+
LSAK,Lesaka Technologies Inc. Common Stock,Investment Bankers/Brokers/Service,51,4.489999771118164,-17.61468021549191,45,93,B-
LSBK,Lake Shore Bancorp Inc. Common Stock,Savings Institutions,9,18.850000381469727,0.0,82,44,A-
LSCC,Lattice Semiconductor Corporation Common Stock,Semiconductors,41,114.13999938964844,-26.489343563512357,79,91,E+
LSE,Leishen Energy Holding Co. Ltd. Class A Ordinary Shares,Oil and Gas Field Machinery,22,5.110000133514404,-12.798634520682239,64,,A-
LSF,Laird Superfood Inc. Common Stock,Packaged Foods,109,3.9800000190734863,-37.124801468507805,81,34,B-
LSPD,Lightspeed Commerce Inc. Subordinate Voting Shares,Computer Software: Prepackaged Software,103,9.760000228881836,-27.380948410688223,40,65,D
LSTA,Lisata Therapeutics Inc. Common Stock,Biotechnology: Pharmaceutical Preparations,62,1.6399999856948853,-67.46031749786133,11,7,A+
LSTR,Landstar System Inc. Common Stock,Trucking Freight/Courier Services,24,173.6999969482422,-22.75097680941993,59,68,D-
LTBR,Lightbridge Corporation Common Stock,Major Chemicals,65,7.340000152587891,-73.52092231455524,15,26,D-
LTC,LTC Properties Inc. Common Stock,Real Estate Investment Trusts,57,42.5,-0.11750702222574905,74,68,B-
LTH,Life Time Group Holdings Inc. Common Stock,Hotels/Resorts,86,41.47999954223633,-9.293680390428804,89,92,C-
LTM,LATAM Airlines Group S.A. American Depositary Shares (each representing two thousand (2000) shares of Common Stock),Air Freight/Delivery Services,65,50.68000030517578,-25.782317348674887,55,40,D-
LTRN,Lantern Pharma Inc. Common Stock,Biotechnology: Pharmaceutical Preparations,62,1.7599999904632568,-61.90476116753685,9,,E-
LTRX,Lantronix Inc. Common Stock,Computer Communications Equipment,57,5.059999942779541,-40.11834252077232,32,76,D-
LU,Lufax Holding Ltd American Depositary Shares each representing two (2) Ordinary Shares,Finance: Consumer Services,114,1.2100000381469727,-72.4999997290698,14,,D
LUCD,Lucid Diagnostics Inc. Common Stock,Medical/Dental Instruments,98,0.8040000200271606,-45.306122151080494,18,7,D
LUCK,Lucky Strike Entertainment Corporation Class A Common Stock,Services-Misc. Amusement & Recreation,89,5.539999961853027,-45.844485001520965,14,32,E-
LUCY,Innovative Eyewear Inc. Common Stock,Ophthalmic Goods,114,0.8429999947547913,-60.60747881166393,21,,A+
LUD,Luda Technology Group Limited Ordinary Shares,Steel/Iron Ore,39,4.244999885559082,-78.45177806518176,22,,E-
LULU,lululemon athletica inc. Common Stock,Apparel,109,96.87999725341797,-55.123218889119464,16,53,E-
LUMN,Lumen Technologies Inc. Common Stock,Telecommunications Equipment,103,6.809999942779541,-42.43448870077311,38,7,C+
LUNG,Pulmonx Corporation Common Stock,Medical/Dental Instruments,98,1.850000023841858,-28.846150319251663,66,7,A
LUNR,Intuitive Machines Inc. Class A Common Stock,Industrial Machinery/Components,93,14.619999885559082,-68.00875351972596,44,7,C+
LUV,Southwest Airlines Company Common Stock,Air Freight/Delivery Services,65,38.689998626708984,-28.449628645119052,52,94,D
LUXE,LuxExperience B.V. American Depositary Shares each representing one Ordinary Share,Catalog/Specialty Distribution,98,7.420000076293945,-29.40057169643504,34,39,C-
LVLU,Lulu's Fashion Lounge Holdings Inc. Common Stock,Catalog/Specialty Distribution,98,10.904999732971191,-58.314220961090825,94,17,E
LVO,LiveOne Inc. Common Stock,Restaurants,81,3.940000057220459,-43.87464290704386,19,7,E
LVS,Las Vegas Sands Corp. Common Stock,Hotels/Resorts,86,42.599998474121094,-37.622019399770515,23,89,D-
LVWR,LiveWire Group Inc. Common Stock,Motor Vehicles,129,1.1299999952316284,-81.80354286167099,14,17,A+
LW,Lamb Weston Holdings Inc. Common Stock,Packaged Foods,109,47.31999969482422,-26.717885824403954,45,40,C
LWAY,Lifeway Foods Inc. Common Stock,Packaged Foods,109,24.829999923706055,-26.581903761796855,50,84,E
LWLG,Lightwave Logic Inc. Common Stock,Containers/Packaging,91,5.159999847412109,-71.67947287665348,51,26,E
LX,LexinFintech Holdings Ltd. American Depositary Shares,Finance: Consumer Services,114,0.8069999814033508,-85.03412881230751,5,42,E-
LXEH,Lixiang Education Holding Co. Ltd. American Depositary Shares,Other Consumer Services,132,1.7120000123977661,-94.71604959329913,21,,A+
LXEO,Lexeo Therapeutics Inc. Common Stock,Biotechnology: Biological Products (No Diagnostic Substances),51,4.360000133514404,-58.98400671142685,25,7,B
LXFR,Luxfer Holdings PLC Ordinary Shares,Major Chemicals,65,17.280000686645508,-8.7422141208922,78,53,C
LXP,LXP Industrial Trust Common Stock (Maryland REIT),Real Estate Investment Trusts,57,60.81999969482422,-0.5396595630746348,82,30,B-
LXRX,Lexicon Pharmaceuticals Inc. Common Stock,Biotechnology: Pharmaceutical Preparations,62,2.0199999809265137,-23.48485224776783,84,7,B-
LXU,LSB Industries Inc. Common Stock,Major Chemicals,65,11.630000114440918,-31.101891631179768,67,96,C+
LYB,LyondellBasell Industries NV Ordinary Shares Class A (Netherlands),Major Chemicals,65,64.30000305175781,-20.316381009991645,71,61,C+
LYEL,Lyell Immunopharma Inc. Common Stock,Biotechnology: Pharmaceutical Preparations,62,12.199999809265137,-68.39378162814053,20,7,D
LYFT,Lyft Inc. Class A Common Stock,Business Services,78,15.020000457763672,-38.868536246145325,43,71,D-
LYG,Lloyds Banking Group Plc American Depositary Shares,Commercial Banks,7,5.889999866485596,-5.152981798642031,76,75,C-
LYTS,LSI Industries Inc. Common Stock,Building Products,48,19.59000015258789,-26.717080236890123,35,89,E
LYV,Live Nation Entertainment Inc. Common Stock,Services-Misc. Amusement & Recreation,89,170.0800018310547,-9.752734918829898,57,32,D
LZ,LegalZoom.com Inc. Common Stock,EDP Services,126,5.909999847412109,-46.75675996121381,27,76,D
LZB,La-Z-Boy Incorporated Common Stock,Home Furnishings,26,30.860000610351562,-26.208644622140753,30,66,E
LZM,Lifezone Metals Limited Ordinary Shares,Metal Mining,57,4.050000190734863,-33.606553212252656,49,,B-
LZMH,LZ Technology Holdings Limited Class B Ordinary Shares,EDP Services,126,1.2300000190734863,-98.28690812424225,6,,A
M,Macy's Inc Common Stock,Department/Specialty Retail Stores,45,20.5,-21.7855752915893,53,58,E
MA,Mastercard Incorporated Common Stock,Business Services,78,565.3699951171875,-5.749673436570591,62,93,C+
MAA,Mid-America Apartment Communities Inc. Common Stock,Real Estate Investment Trusts,57,124.4800033569336,-11.441594474805495,38,61,D-
MAAS,Maase Inc. Class A Ordinary Shares,Investment Managers,46,15.670000076293945,-26.22410430718658,99,,C
MAC,Macerich Company (The) Common Stock,Real Estate Investment Trusts,57,22.610000610351562,-14.711428083208178,68,7,E+
MAGN,Magnera Corporation Common Stock,Paper,62,11.5600004196167,-24.246394192460976,40,64,D-
MAIA,MAIA Biotechnology Inc. Common Stock,Biotechnology: Pharmaceutical Preparations,62,1.309999942779541,-55.59322299644951,41,7,B
MAIN,Main Street Capital Corporation Common Stock,Finance/Investors Services,53,55.79999923706055,-10.404459112531207,51,73,C+
MAIR,Madison Air Solutions Corporation Class A Common Stock,Pollution Control Equipment,41,24.90999984741211,-43.205655493007434,20,,E
MAKO,Mako Mining Corp Common Stock,Precious Metals,18,9.819999694824219,-11.291779895752285,94,,A-
MAMA,Mama's Creations Inc. Common Stock,Specialty Foods,71,15.020000457763672,-27.263918957724933,77,79,E
MAMO,Massimo Group Common Stock,Industrial Specialties,68,0.9869999885559082,-81.30681914136262,19,,A
MAN,ManpowerGroup Common Stock,Professional Services,41,57.02000045776367,-9.420175112479034,96,61,A-
MANE,Veradermics Incorporated Common Stock,Biotechnology: Pharmaceutical Preparations,62,98.13999938964844,-24.356408791103846,96,,C+
MANH,Manhattan Associates Inc. Common Stock,Computer Software: Prepackaged Software,103,205.02000427246094,-8.375040532011846,82,81,B+
MANU,Manchester United Ltd. Class A Ordinary Shares,Services-Misc. Amusement & Recreation,89,20.020000457763672,-17.23852825229546,63,97,E+
MAR,Marriott International Class A Common Stock,Hotels/Resorts,86,329.07000732421875,-18.08547457853731,52,90,E+
MARA,MARA Holdings Inc. Common Stock,Finance: Consumer Services,114,11.430000305175781,-49.956216161055046,41,7,B+
MAS,Masco Corporation Common Stock,Industrial Specialties,68,67.63999938964844,-17.921196030796203,48,76,E
MASK,3 E Network Technology Group Ltd Class A Ordinary Shares,EDP Services,126,1.2599999904632568,-92.77936999785547,4,,C
MASS,908 Devices Inc. Common Stock,Industrial Machinery/Components,93,9.350000381469727,-15.765765223949357,87,7,A-
MAT,Mattel Inc. Common Stock,Recreational Games/Products/Toys,93,13.8100004196167,-37.68050309246974,27,32,D+
MATH,Metalpha Technology Holding Limited Ordinary Shares,Finance: Consumer Services,114,0.9300000071525574,-76.69172919975671,14,,A
MATV,Mativ Holdings Inc. Common Stock,Paper,62,12.329999923706055,-15.560280851331743,85,61,A-
MATW,Matthews International Corporation Class A Common Stock,Metal Fabrications,47,20.040000915527344,-29.78174645077005,25,36,E-
MATX,Matson Inc. Common Stock,Marine Transportation,3,227.99000549316406,0.0,94,67,B
MAX,MediaAlpha Inc. Class A Common Stock,Business Services,78,11.739999771118164,-17.729506695769214,60,45,D+
MAYS,J. W. Mays Inc. Common Stock,Building operators,71,40.119998931884766,-27.05454739657316,44,26,B-
MAZE,Maze Therapeutics Inc. Common Stock,Biotechnology: Biological Products (No Diagnostic Substances),51,24.81999969482422,-52.11729500684194,39,26,D+
MB,MasterBeef Group Ordinary Shares,Restaurants,81,4.380000114440918,-58.4834119881108,14,,A+
MBAI,MBody AI Ltd. Ordinary Share,Medical Electronics,116,6.599999904632568,-70.16275020692404,24,,E-
MBBC,Marathon Bancorp Inc. Common Stock,Banks,14,15.145000457763672,-2.227238982906632,76,74,C-
MBC,MasterBrand Inc. Common Stock,Home Furnishings,26,7.429999828338623,-46.23733724740051,22,31,D-
MBI,MBIA Inc. Common Stock,Property-Casualty Insurers,29,4.610000133514404,-41.645568634642004,17,37,E
MBIN,Merchants Bancorp Common Stock,Major Banks,12,52.97999954223633,-4.917447269273801,85,82,B-
MBIO,Mustang Bio Inc. Common Stock,Biotechnology: Pharmaceutical Preparations,62,0.5199999809265137,-70.62146968756929,11,26,D+
MBLY,Mobileye Global Inc. Class A Common Stock,Computer Software: Prepackaged Software,103,8.210000038146973,-47.16859679343273,26,54,E+
MBOT,Microbot Medical Inc. Common Stock,Medical/Dental Instruments,98,1.4600000381469727,-63.950618039796716,14,7,E-
MBRX,Moleculin Biotech Inc. Common Stock,Biotechnology: Pharmaceutical Preparations,62,0.8299999833106995,-93.73584918256076,4,7,E-
MBUU,Malibu Boats Inc. Class A Common Stock,Marine Transportation,3,25.059999465942383,-27.593183981490178,33,45,D-
MBVI,M3-Brigade Acquisition VI Corp. Class A Ordinary Shares,,,10.230999946594238,0.0,50,,C-
MBWM,Mercantile Bank Corporation Common Stock,Major Banks,12,61.7400016784668,-0.6437040796757332,79,84,B-
MBX,MBX Biosciences Inc. Common Stock,Biotechnology: Pharmaceutical Preparations,62,60.939998626708984,-13.804807274147791,99,7,B+
MC,Moelis & Company Class A Common Stock,Investment Managers,46,64.25,-14.868178436256596,48,42,D-
MCB,Metropolitan Bank Holding Corp. Common Stock,Major Banks,12,90.6500015258789,-10.22778976502494,61,47,D-
MCBS,MetroCity Bankshares Inc. Common Stock,Major Banks,12,35.369998931884766,-3.8069169344767895,74,88,C
MCD,McDonald's Corporation Common Stock,Restaurants,81,253.0500030517578,-24.35044434386556,29,75,D
MCFT,MasterCraft Boat Holdings Inc. Common Stock,Marine Transportation,3,20.56999969482422,-24.872168278589946,44,57,E-
MCHB,Mechanics Bancorp Class A Common Stock,Major Banks,12,15.430000305175781,-8.716507628656501,70,71,C-
MCHP,Microchip Technology Incorporated Common Stock,Semiconductors,41,71.58000183105469,-29.889331045266243,46,80,E+
MCHX,Marchex Inc. Class B Common Stock,Computer Software: Prepackaged Software,103,1.4299999475479126,-28.50000262260437,34,7,E-
MCK,McKesson Corporation Common Stock,Other Pharmaceuticals,137,880.8599853515625,-11.340757556825242,64,86,C+
MCO,Moody's Corporation Common Stock,Finance: Consumer Services,114,467.3599853515625,-12.81112568707462,48,80,D+
MCRB,Seres Therapeutics Inc. Common Stock,Biotechnology: Pharmaceutical Preparations,62,5.099999904632568,-82.18651744977554,11,34,E+
MCRI,Monarch Casino & Resort Inc. Common Stock,Hotels/Resorts,86,119.61000061035156,-10.429033898713735,64,92,D
MCRP,Micropolis AI Robotics Ordinary Shares,Auto Parts:O.E.M.,68,0.8700000047683716,-80.22727304746296,10,,E-
MCS,Marcus Corporation (The) Common Stock,Movies/Entertainment,6,27.149999618530273,-12.50230509131358,93,58,B+
MCY,Mercury General Corporation Common Stock,Property-Casualty Insurers,29,102.6500015258789,-7.330794066847113,69,81,C
MD,Pediatrix Medical Group Inc. Common Stock,Hospital/Nursing Management,23,26.729999542236328,-2.409638050819174,83,81,C+
MDA,MDA Space Ltd. Common Shares,Electronic Components,2,28.8799991607666,-40.67379009918369,31,,E
MDAI,Spectral AI Inc. Class A Common Stock,Medical/Dental Instruments,98,1.559999942779541,-41.79104836116143,36,33,D
MDB,MongoDB Inc. Class A Common Stock,Computer Software: Prepackaged Software,103,373.8699951171875,-20.838893825206373,65,95,E
MDBH,MDB Capital Holdings LLC Class A common,Finance: Consumer Services,114,2.8389999866485596,-38.282607706372794,34,,B-
MDCX,Medicus Pharma Ltd. Common Stock,Biotechnology: Pharmaceutical Preparations,62,0.16099999845027924,-94.24999995742526,5,26,E-
MDGL,Madrigal Pharmaceuticals Inc. Common Stock,Biotechnology: Pharmaceutical Preparations,62,533.1199951171875,-11.563794103880355,67,7,D-
MDIA,Mediaco Holding Inc. Class A Common Stock,Broadcasting,98,1.1799999475479126,-17.48251812377243,86,17,B-
MDLN,Medline Inc. Class A Common Stock,Medical/Dental Instruments,98,32.38999938964844,-35.207044804720546,26,52,E
MDLZ,Mondelez International Inc. Class A Common Stock,Packaged Foods,109,62.470001220703125,-3.8775145805494016,58,43,C
MDRR,Medalist Diversified Inc. Common Stock,Real Estate Investment Trusts,57,11.991999626159668,-14.194360591697198,47,,A
MDT,Medtronic plc. Ordinary Shares,Biotechnology: Electromedical & Electrotherapeutic Apparatus,57,91.62000274658203,-10.881108288116437,57,55,B-
MDU,MDU Resources Group Inc. Common Stock (Holding Company),Mining & Quarrying of Nonmetallic Minerals (No Fuels),98,19.239999771118164,-14.418002514527172,48,61,C-
MDWD,MediWound Ltd. Ordinary Shares,Medicinal Chemicals and Botanical Products,129,13.710000038146973,-30.37074826670061,31,17,C+
MDXG,MiMedx Group Inc Common Stock,Medical/Dental Instruments,98,4.599999904632568,-42.211056751409096,43,41,B-
MDXH,MDxHealth SA Ordinary Shares,Medical Specialities,15,0.6759999990463257,-86.48000001907349,13,7,A+
MEC,Mayville Engineering Company Inc. Common Stock,Industrial Specialties,68,18.899999618530273,-49.653704961118336,36,30,E-
MED,MEDIFAST INC Common Stock,Packaged Foods,109,12.050000190734863,-17.295810273658063,51,7,B+
MEDP,Medpace Holdings Inc. Common Stock,Biotechnology: Commercial Physical & Biological Resarch,7,583.1599731445312,-6.055582256217273,75,93,B
MEDS,DataMeds AI Inc. Common Stock,Other Pharmaceuticals,137,0.8920000195503235,-98.8339869025486,2,,E-
MEGL,Magic Empire Global Limited Class A Ordinary Shares,Finance: Consumer Services,114,1.2799999713897705,-29.670333269209216,37,,B+
MEI,Methode Electronics Inc. Common Stock,Electrical Products,20,13.59000015258789,-29.791754159191818,96,7,E+
MELI,MercadoLibre Inc. Common Stock,Business Services,78,1906.239990234375,-24.08352101078345,54,57,C+
MENS,Jyong Biotech Ltd. Ordinary Shares,Biotechnology: Pharmaceutical Preparations,62,2.009999990463257,-96.93690962155902,16,,C
MEOH,Methanex Corporation Common Stock,Major Chemicals,65,62.720001220703125,-4.2499163145510614,85,71,B+
MERC,Mercer International Inc. Common Stock,Paper,62,0.3799999952316284,-88.01261873545798,5,17,E-
MESO,Mesoblast Limited American Depositary Shares,Biotechnology: Biological Products (No Diagnostic Substances),51,15.5,-26.04961509047713,52,7,B+
MET,MetLife Inc. Common Stock,Life Insurance,10,96.77999877929688,-3.171584057763255,79,60,C+
META,Meta Platforms Inc. Class A Common Stock,Computer Software: Programming Data Processing,103,644.3800048828125,-17.14297486511972,49,54,B+
METC,Ramaco Resources Inc. Class A Common Stock,Coal Mining,31,11.449999809265137,-79.01008254921082,18,17,B-
METCB,Ramaco Resources Inc. Class B Common Stock,Coal Mining,31,6.409999847412109,-69.70575509218027,11,17,D-
MF,MindForge Inc. Class A Ordinary Shares,Computer Software: Programming Data Processing,103,12.350000381469727,-85.20958038147339,94,,A-
MFA,MFA Financial Inc.,Real Estate Investment Trusts,57,8.5600004196167,-14.49434284718114,42,94,D
MFC,Manulife Financial Corporation Common Stock,Life Insurance,10,43.47999954223633,-2.489348747596143,80,77,D-
MFG,Mizuho Financial Group Inc. Sponosred ADR (Japan),Major Banks,12,11.0600004196167,-2.2968134471452073,88,83,C
MFI,mF International Limited Class A Ordinary Shares,EDP Services,126,9.279999732971191,-79.09910041880906,24,,A+
MFIC,MidCap Financial Investment Corporation Common Stock,Finance/Investors Services,53,9.050000190734863,-21.21836246560219,33,31,D+
MFIN,Medallion Financial Corp. Common Stock,Finance: Consumer Services,114,12.130000114440918,-0.7364987775877796,80,41,B+
MG,Mistras Group Inc Common Stock,Military/Government/Technical,98,19.350000381469727,-3.1531490250278904,90,87,B+
MGA,Magna International Inc. Common Stock,Auto Parts:O.E.M.,68,65.13999938964844,-10.82820442389979,75,77,D-
MGEE,MGE Energy Inc,Electric Utilities: Central,71,76.44000244140625,-10.018774633005545,46,67,C-
MGIH,Millennium Group International Holdings Limited Ordinary Shares,Publishing,78,1.5399999618530273,-45.000000425747466,44,,E-
MGLD,The Marygold Companies Inc. Common Stock,Finance: Consumer Services,114,1.0199999809265137,-21.538460127700667,40,37,C+
MGM,MGM Resorts International Common Stock,Hotels/Resorts,86,40.72999954223633,-19.648844652413644,52,75,D-
MGN,Megan Holdings Limited Class A Ordinary Shares,Farming/Seeds/Milling,91,0.1940000057220459,-95.99999980336612,13,,A+
MGNI,Magnite Inc. Common Stock,Computer Software: Programming Data Processing,103,23.549999237060547,-9.143521729388294,91,94,A-
MGNX,MacroGenics Inc. Common Stock,Biotechnology: Pharmaceutical Preparations,62,3.9700000286102295,-18.312758857078272,95,,C
MGPI,MGP Ingredients Inc.,Beverages (Production/Distribution),119,15.109999656677246,-45.35980284261758,23,33,E+
MGRC,McGrath RentCorp Common Stock,Diversified Commercial Services,65,109.86000061035156,-11.316194429776283,47,57,D+
MGRT,Mega Fortune Company Limited Ordinary Shares,EDP Services,126,120.69999694824219,-15.119550254157566,99,,C+
MGRX,Mangoceuticals Inc. Common Stock,Misc Health and Biotechnology Services,21,0.38499999046325684,-85.94890550645108,20,26,A+
MGTX,MeiraGTx Holdings plc Ordinary Shares,Biotechnology: Biological Products (No Diagnostic Substances),51,12.850000381469727,-14.161655629548308,92,33,B
MGX,Metagenomi Therapeutics Inc. Common Stock,Biotechnology: Biological Products (No Diagnostic Substances),51,1.159999966621399,-65.37313433898055,22,,C
MGY,Magnolia Oil & Gas Corporation Class A Common Stock,Oil & Gas Production,11,27.700000762939453,-13.274438911737906,61,71,C+
MGYR,Magyar Bancorp Inc. Common Stock,Savings Institutions,9,19.829999923706055,0.0,72,68,B
MH,McGraw Hill Inc. Common Stock,Publishing,78,12.109999656677246,-32.6848259547001,30,41,B
MHH,Mastech Digital Inc Common Stock,Professional Services,41,7.460000038146973,-6.9825484744779125,64,30,B
MHK,Mohawk Industries Inc. Common Stock,Home Furnishings,26,124.23999786376953,-11.320490755744594,68,88,B
MHO,M/I Homes Inc. Common Stock,Homebuilding,93,139.10000610351562,-14.662572942628449,49,39,D+
MI,NFT Limited Class A Ordinary Share,Finance: Consumer Services,114,2.0999999046325684,-89.40998531158796,49,,E
MIAX,Miami International Holdings Inc. Common Stock,Investment Bankers/Brokers/Service,51,42.540000915527344,-25.15833778795209,56,52,C
MICC,The Magnum Ice Cream Company N.V. Ordinary Shares,Specialty Foods,71,19.5,-4.50538723240258,77,,C
MIDD,Middleby Corporation (The) Common Stock,Industrial Machinery/Components,93,105.72000122070312,-26.66855133877517,35,32,E+
MIMI,Mint Incorporation Limited Class A Ordinary Shares,Business Services,78,1.0499999523162842,-99.02325585831043,4,,A+
MIND,MIND Technology Inc. Common Stock (DE),Industrial Machinery/Components,93,3.9100000858306885,-72.63820786376218,10,41,E-
MINE,Mayfair Gold Corp. Common Shares,Oil & Gas Production,11,3.0199999809265137,-34.91379164168153,34,26,A
MIR,Mirion Technologies Inc. Class A Common Stock,Industrial Machinery/Components,93,15.84000015258789,-46.75630200810793,26,52,C
MIRA,MIRA Pharmaceuticals Inc. Common Stock,Biotechnology: Pharmaceutical Preparations,62,0.7889999747276306,-56.16666690950041,16,,A+
MIRM,Mirum Pharmaceuticals Inc. Common Stock,Biotechnology: Pharmaceutical Preparations,62,100.61000061035156,-21.746912282084285,75,7,D-
MIST,Milestone Pharmaceuticals Inc. Common Shares,Biotechnology: Pharmaceutical Preparations,62,1.0499999523162842,-64.40678185274186,16,7,E
MITK,Mitek Systems Inc. Common Stock,Computer peripheral equipment,55,17.100000381469727,-15.094335155447968,88,75,B
MITQ,Moving iMage Technologies Inc. Common Stock,Industrial Machinery/Components,93,0.5899999737739563,-61.18421176463945,31,17,A-
MITT,TPG Mortgage Investment Trust Inc. Common Stock,Real Estate Investment Trusts,57,6.599999904632568,-23.663667747856977,34,41,E
MKC,McCormick & Company Incorporated Common Stock,Packaged Foods,109,51.099998474121094,-27.393350451058485,35,67,C
MKDW,MKDWELL Tech Inc. Ordinary Share,Consumer Electronics/Appliances,93,5.099999904632568,-57.50000079472859,46,,E-
MKL,Markel Group Inc. Common Stock,Property-Casualty Insurers,29,1781.7099609375,-18.713899342193642,37,96,D
MKSI,MKS Inc. Common Stock,Industrial Machinery/Components,93,261.8399963378906,-41.07834386772994,87,87,E+
MKTW,MarketWise Inc. Class A Common Stock,Computer Software: Prepackaged Software,103,18.0,-13.656776045121944,71,38,A-
MKTX,MarketAxess Holdings Inc. Common Stock,Investment Bankers/Brokers/Service,51,163.08999633789062,-14.889601309750189,67,47,A-
MKZR,MacKenzie Realty Capital Inc. Common Stock,Real Estate Investment Trusts,57,1.4600000381469727,-78.04511252317053,9,26,A+
MLAB,Mesa Laboratories Inc. Common Stock,Industrial Machinery/Components,93,120.91000366210938,-7.455025403286363,90,89,B
MLCI,Mount Logan Capital Inc. Common Stock,Investment Managers,46,3.2200000286102295,-61.71824563663151,24,26,D
MLCO,Melco Resorts & Entertainment Limited American Depositary Shares,Hotels/Resorts,86,5.010000228881836,-49.698793075366986,21,70,D-
MLEC,Moolec Science SA Ordinary Shares,Blank Checks,57,7.389999866485596,-64.29951886902154,30,,A
MLGO,MicroAlgo Inc. Class A Ordinary Shares,EDP Services,126,3.6700000762939453,-69.69446589314832,16,,E+
MLI,Mueller Industries Inc. Common Stock,Metal Fabrications,47,60.15999984741211,-14.098749995097759,56,50,D
MLKN,MillerKnoll Inc. Common Stock,Office Equipment/Supplies/Services,24,20.799999237060547,-14.382143873020524,81,97,B-
MLM,Martin Marietta Materials Inc. Common Stock,Mining & Quarrying of Nonmetallic Minerals (No Fuels),98,502.4700012207031,-28.73659299276119,30,46,E+
MLP,Maui Land & Pineapple Company Inc. Common Stock,Real Estate,71,16.079999923706055,-19.277109125906744,40,26,B-
MLR,Miller Industries Inc. Common Stock,Construction/Ag Equipment/Trucks,4,54.5099983215332,-5.386552340594585,82,45,B-
MLSS,Milestone Scientific Inc. Common Stock,Industrial Specialties,68,0.4300000071525574,-27.118639615855123,64,26,A-
MLTX,MoonLake Immunotherapeutics Class A Ordinary Shares,Biotechnology: Pharmaceutical Preparations,62,13.180000305175781,-78.7385062940657,16,17,E-
MLYS,Mineralys Therapeutics Inc. Common Stock,Biotechnology: Pharmaceutical Preparations,62,29.299999237060547,-38.094235995072566,48,17,A-
MMA,Mixed Martial Arts Group Limited Ordinary Shares,Other Consumer Services,132,0.40400001406669617,-77.80219766903926,10,,A+
MMED,MiniMed Group Inc. Common Stock,Medical/Dental Instruments,98,22.440000534057617,-5.87248158376501,86,,A
MMI,Marcus & Millichap Inc. Common Stock,Real Estate,71,31.06999969482422,-5.129771924200854,58,63,C-
MMLP,Martin Midstream Partners L.P. Limited Partnership,Oil Refining/Marketing,126,2.190000057220459,-33.33082688048742,22,37,D-
MMM,3M Company Common Stock,Medical/Dental Instruments,98,162.86000061035156,-10.995244965459893,56,68,C
MMS,Maximus Inc. Common Stock,Business Services,78,56.529998779296875,-41.9420420244178,24,59,D-
MMSI,Merit Medical Systems Inc. Common Stock,Medical/Dental Instruments,98,86.47000122070312,-7.201115113218071,71,85,B-
MMYT,MakeMyTrip Limited Ordinary Shares,Transportation Services,113,49.08000183105469,-51.820947768943256,40,54,C-
MNDO,MIND C.T.I. Ltd. Ordinary Shares,EDP Services,126,1.0,-20.63492003421874,36,46,C-
MNDR,Mobile-health Network Solutions Class A Ordinary Shares,Computer Software: Prepackaged Software,103,1.4819999933242798,-94.80000002342358,4,,E-
MNDY,monday.com Ltd. Ordinary Shares,Computer Software: Prepackaged Software,103,85.16999816894531,-61.13620782979561,27,97,B-
MNKD,MannKind Corporation Common Stock,Biotechnology: Pharmaceutical Preparations,62,3.7899999618530273,-38.96940517597902,41,41,C+
MNOV,Medicinova Inc Common Stock,Biotechnology: Pharmaceutical Preparations,62,1.7400000095367432,-7.446807768615782,83,,A
MNPR,Monopar Therapeutics Inc. Common Stock,Biotechnology: Pharmaceutical Preparations,62,109.95999908447266,-11.208008449505403,97,7,B
MNRO,Monro Inc. Common Stock,Automotive Aftermarket,136,12.569999694824219,-44.36520293873427,25,30,C-
MNSB,MainStreet Bancshares Inc. Common Stock,Major Banks,12,25.389999389648438,-0.8590441837560969,70,52,B-
MNSBP,MainStreet Bancshares Inc. Depositary Shares,Major Banks,12,25.110000610351562,-5.6724274277871185,57,,B
MNSO,MINISO Group Holding Limited American Depositary Shares each representing four Ordinary Shares,Department/Specialty Retail Stores,45,9.0600004196167,-63.344067364722115,11,36,E-
MNST,Monster Beverage Corporation,Beverages (Production/Distribution),119,43.09000015258789,-13.768262757745886,64,81,D
MNTK,Montauk Renewables Inc. Common Stock,Natural Gas Distribution,33,2.549999952316284,0.0,92,30,A+
MNTN,MNTN Inc. Class A Common Stock,Advertising,116,11.670000076293945,-42.65356335363808,59,63,A-
MNTS,Momentus Inc. Class A Common Stock,Military/Government/Technical,98,4.019999980926514,-86.83508731186492,8,,D-
MNY,MoneyHero Limited Class A Ordinary Shares,Business Services,78,0.8399999737739563,-62.16216383115025,13,17,E-
MO,Altria Group Inc.,Medicinal Chemicals and Botanical Products,129,68.79000091552734,-8.182057398873354,58,72,D
MOB,Mobilicom Limited Ordinary Shares,Aerospace,116,4.920000076293945,-51.76470423239734,26,,E
MOBI,Mobia Medical Inc. Common Stock,Medical/Dental Instruments,98,10.25,-29.93848311810693,28,,B+
MOBX,Mobix Labs Inc. Class A Common Stock,Semiconductors,41,1.1150000095367432,-90.04464260245464,5,26,A+
MOD,Modine Manufacturing Company Common Stock,Auto Parts:O.E.M.,68,179.25999450683594,-41.58819578662736,39,95,E
MODD,Modular Medical Inc. Common Stock,Medical/Dental Instruments,98,2.640000104904175,-88.4362675701857,6,26,E-
MOGU,MOGU Inc. American Depositary Shares (each  representing 25 Class A Ordinary Shares),Business Services,78,1.850000023841858,-62.99999952316284,28,17,B
MOH,Molina Healthcare Inc Common Stock,Medical Specialities,15,200.27999877929688,-17.53952785206413,71,36,D-
MOLN,Molecular Partners AG American Depositary Shares,Biotechnology: Biological Products (No Diagnostic Substances),51,4.179999828338623,-18.439027739734183,55,,C+
MOMO,Hello Group Inc. American Depositary Shares,Computer Software: Prepackaged Software,103,5.039999961853027,-31.699966579034633,26,40,E
MORN,Morningstar Inc. Common Stock,Investment Managers,46,193.14999389648438,-24.10821314799628,42,86,C+
MOS,Mosaic Company (The) Common Stock,Agricultural Chemicals,125,25.399999618530273,-26.710554760118487,60,30,B+
MOV,Movado Group Inc. Common Stock,Consumer Specialties,54,32.540000915527344,-17.225414971098353,86,78,D
MOVE,Corvex Inc. Common Stock,EDP Services,126,11.579999923706055,-52.65739837636747,86,,A-
MP,MP Materials Corp. Common Stock,Metal Mining,57,51.31999969482422,-47.97770004964327,32,38,B
MPAA,Motorcar Parts  of America Inc. Common Stock,Auto Parts:O.E.M.,68,10.970000267028809,-38.127464465545415,27,99,E
MPB,Mid Penn Bancorp Common Stock,Major Banks,12,37.0099983215332,-3.6950350568988433,73,67,B-
MPC,Marathon Petroleum Corporation Common Stock,Integrated oil Companies,1,392.4200134277344,-1.757457683448127,96,95,B+
MPLT,MapLight Therapeutics Inc. Common Stock,Biotechnology: Pharmaceutical Preparations,62,13.78499984741211,-65.36432132748399,15,,C
MPT,Medical Properties Trust Inc. common stock,Real Estate Investment Trusts,57,3.6700000762939453,-35.205788634038946,23,63,E-
MPTI,M-tron Industries Inc. Common Stock,Industrial Machinery/Components,93,77.02999877929688,-23.543425529233875,75,66,D-
MPU,Mega Matrix Inc. Class A Ordinary Shares,Movies/Entertainment,6,0.1899999976158142,-88.55421678094841,4,,A
MPV,Barings Participation Investors Common Stock,Finance Companies,68,17.200000762939453,-9.191001466900383,45,,B
MPWR,Monolithic Power Systems Inc. Common Stock,Semiconductors,41,1186.0799560546875,-29.70609198575539,58,86,E+
MQ,Marqeta Inc. Class A Common Stock,Computer Software: Prepackaged Software,103,16.155000686645508,-32.34924097825264,36,95,C-
MRAM,Everspin Technologies Inc. Common Stock,Semiconductors,41,15.930000305175781,-63.80367890770504,90,94,D
MRBK,Meridian Corporation Common Stock,Major Banks,12,19.639999389648438,-4.163889638891927,66,59,C+
MRCY,Mercury Systems Inc Common Stock,Electrical Products,20,80.43000030517578,-36.27287783169716,39,47,E
MRDN,Meridian Holdings Inc. Common Stock,Computer Software: Prepackaged Software,103,13.710000038146973,-6.861414473912242,80,63,B-
MREO,Mereo BioPharma Group plc American Depositary Shares,Biotechnology: Pharmaceutical Preparations,62,0.24500000476837158,-89.39393892479617,9,7,A+
MRK,Merck & Company Inc. Common Stock (new),Biotechnology: Pharmaceutical Preparations,62,144.7100067138672,-7.503988790909921,88,30,B+
MRKR,Marker Therapeutics Inc. Common Stock,Biotechnology: Pharmaceutical Preparations,62,1.2000000476837158,-45.2054787063909,41,7,A
MRLN,Merlin Inc. Common Stock,EDP Services,126,3.0199999809265137,-81.23057829529739,6,,E
MRM,MEDIROM Healthcare Technologies Inc. American Depositary Share,Other Consumer Services,132,0.8799999952316284,-70.06802795563209,14,,D-
MRNA,Moderna Inc. Common Stock,Biotechnology: Biological Products (No Diagnostic Substances),51,136.6199951171875,-21.653864381412667,99,7,A
MRNO,Murano Global Investments PLC Ordinary Shares,Hotels/Resorts,86,0.20499999821186066,-95.01216565565977,5,,E+
MRP,Millrose Properties Inc. Class A Common Stock,Real Estate,71,29.59000015258789,-7.58900771529063,52,89,C-
MRSH,Marsh Common Stock,Specialty Insurers,48,177.2899932861328,-12.993843232700463,49,70,C
MRT,Marti Technologies Inc. Class A Ordinary Shares,Rental/Leasing Companies,40,2.049999952316284,-22.053237143981242,45,,B-
MRTN,Marten Transport Ltd. Common Stock,Trucking Freight/Courier Services,24,13.920000076293945,-23.593221048774428,55,39,D-
MRVI,Maravai LifeSciences Holdings Inc. Class A Common Stock,Biotechnology: Pharmaceutical Preparations,62,6.730000019073486,-25.222222010294594,96,17,A
MRVL,Marvell Technology Inc. Common Stock,Semiconductors,41,226.9600067138672,-28.257119928274733,97,89,C
MRX,Marex Group Limited Ordinary Shares,Investment Bankers/Brokers/Service,51,74.08999633789062,-5.340488673121813,95,98,B+
MS,Morgan Stanley Common Stock,Investment Bankers/Brokers/Service,51,212.66000366210938,-6.440324288262289,76,89,C-
MSA,MSA Safety Incorporated Common Stock,Industrial Specialties,68,181.27000427246094,-9.972371152020953,65,88,B-
MSAI,MultiSensor AI Holdings Inc. Common Stock,Electronic Components,2,4.659999847412109,-94.11616158210529,10,7,B-
MSB,Mesabi Trust Common Stock,Precious Metals,18,22.479999542236328,-44.32165114118942,25,,D-
MSBI,Midland States Bancorp Inc. Common Stock,Major Banks,12,33.310001373291016,-2.577181103223136,92,59,B-
MSC,Studio City International Holdings Limited American depositary shares each representing four  Class A ordinary shares,Hotels/Resorts,86,1.649999976158142,-65.18987223982697,11,17,E-
MSCI,MSCI Inc. Common Stock,Business Services,78,547.5999755859375,-14.642306728840737,42,69,D-
MSEX,Middlesex Water Company Common Stock,Water Supply,28,57.18000030517578,-5.235660118474749,64,65,C
MSFT,Microsoft Corporation Common Stock,Computer Software: Prepackaged Software,103,492.44000244140625,-8.408206385456173,69,93,B+
MSGE,Madison Square Garden Entertainment Corp. Class A Common Stock,Services-Misc. Amusement & Recreation,89,75.75,-14.329335479895134,85,34,C+
MSGM,Motorsport Games Inc. Class A Common Stock,Computer Software: Prepackaged Software,103,4.630000114440918,-12.969925469099742,86,52,A
MSGS,Madison Square Garden Sports Corp. Class A Common Stock (New),Services-Misc. Amusement & Recreation,89,392.1099853515625,-5.3148869953494104,88,65,C
MSGY,Masonglory Limited Class A Ordinary Shares,Engineering & Construction,71,1.8700000047683716,-98.86086746890102,4,,A+
MSI,Motorola Solutions Inc. Common Stock,Radio And Television Broadcasting And Communications Equipment,81,463.8800048828125,-5.569576153299083,63,80,B-
MSLE,Satellos Bioscience Inc. Common Stock,Biotechnology: Pharmaceutical Preparations,62,10.050000190734863,-22.7517293318401,93,,A
MSM,MSC Industrial Direct Company Inc. Common Stock,Industrial Machinery/Components,93,119.68000030517578,-5.971086224866696,80,61,C
MSN,Emerson Radio Corporation Common Stock,Consumer Electronics/Appliances,93,0.5199999809265137,-31.578949019519264,83,26,A
MSS,Maison Solutions Inc. Class A Common Stock,Food Chains,106,1.690000057220459,-97.03508761891148,3,,A+
MSTR,Strategy Inc Common Stock Class A,Computer Software: Prepackaged Software,103,128.55999755859375,-64.25811207262113,29,17,A
MT,Arcelor Mittal NY Registry Shares NEW,Steel/Iron Ore,39,75.05999755859375,-4.67360986158859,92,67,B-
MTA,Metalla Royalty & Streaming Ltd. Common Shares,Precious Metals,18,10.029999732971191,-11.629961269900912,91,64,A-
MTB,M&T Bank Corporation Common Stock,Major Banks,12,239.02000427246094,-5.323914005397679,71,72,C-
MTC,MMTec Inc. Common Shares,Computer Software: Prepackaged Software,103,4.71999979019165,-47.9028744858343,98,,A
MTCH,Match Group Inc. Common Stock,Computer Software: Programming Data Processing,103,41.81999969482422,-1.4608834871511434,79,84,B-
MTD,Mettler-Toledo International Inc. Common Stock,Biotechnology: Laboratory Analytical Instruments,31,1280.5799560546875,-14.969260737100354,55,59,D+
MTDR,Matador Resources Company Common Stock,Oil & Gas Production,11,61.619998931884766,-4.482020284685728,78,74,B
MTEK,Maris-Tech Ltd. Ordinary Shares,Telecommunications Equipment,103,1.0199999809265137,-75.65632537000117,15,,A-
MTEN,Mingteng International Corporation Inc. Class A Ordinary Shares,Building Products,48,0.9950000047683716,-99.9589352040954,6,,A
MTEX,Mannatech Incorporated Common Stock,Medicinal Chemicals and Botanical Products,129,8.510000228881836,-16.486746032213972,80,,A-
MTG,MGIC Investment Corporation Common Stock,Property-Casualty Insurers,29,30.84000015258789,-2.001903954599893,72,52,C+
MTH,Meritage Homes Corporation Common Stock,Homebuilding,93,61.95000076293945,-27.271659378973734,32,44,D-
MTLS,Materialise NV American Depositary Shares,Computer Software: Prepackaged Software,103,7.429999828338623,-1.719578246360698,82,93,A
MTN,Vail Resorts Inc. Common Stock,Services-Misc. Amusement & Recreation,89,133.3300018310547,-16.67395387270101,45,43,C-
MTNB,Matinas Biopharma Holdings Inc. Common Stock,Biotechnology: Pharmaceutical Preparations,62,0.20499999821186066,-90.04854349970243,4,26,A+
MTR,Mesa Royalty Trust Common Stock,Oil & Gas Production,11,2.4700000286102295,-55.28578229469196,11,36,B+
MTRN,Materion Corporation,Industrial Specialties,68,251.6699981689453,-15.323688581938766,95,85,D+
MTRX,Matrix Service Company Common Stock,Engineering & Construction,71,10.359999656677246,-33.58974741447284,28,63,E+
MTSI,MACOM Technology Solutions Holdings Inc. Common Stock,Semiconductors,41,272.42999267578125,-33.501758068185424,81,96,D-
MTUS,Metallus Inc. Common Shares,Steel/Iron Ore,39,19.190000534057617,-12.891511865950534,62,53,D
MTVA,MetaVia Inc. Common Stock,Biotechnology: Pharmaceutical Preparations,62,1.75,-89.39393939393939,15,26,A
MTW,Manitowoc Company Inc. (The) Common Stock,Construction/Ag Equipment/Trucks,4,20.559999465942383,-3.970109236467223,96,43,A-
MTX,Minerals Technologies Inc. Common Stock,Major Chemicals,65,69.41999816894531,-15.929394135691854,53,17,C
MTZ,MasTec Inc. Common Stock,Water Sewer Pipeline Comm & Power Line Construction,93,232.1999969482422,-46.9269292666853,35,72,E
MU,Micron Technology Inc. Common Stock,Semiconductors,41,977.4099731445312,-19.446893874268046,99,94,D
MUFG,Mitsubishi UFJ Financial Group Inc. Common Stock,Commercial Banks,7,23.290000915527344,-3.4811366533531674,86,78,C
MUR,Murphy Oil Corporation Common Stock,Oil & Gas Production,11,38.83000183105469,-7.421806432437183,75,78,C+
MUSA,Murphy USA Inc. Common Stock,Retail-Auto Dealers and Gas Stations,86,525.780029296875,-15.47889533218596,66,93,D
MUX,McEwen Inc. Common Stock,Precious Metals,18,19.549999237060547,-32.70223838037273,65,98,B
MVBF,MVB Financial Corp. Common Stock,Major Banks,12,31.31999969482422,0.0,76,94,B-
MVIS,MicroVision Inc. Common Stock,Industrial Machinery/Components,93,1.590000033378601,-92.58741269545432,3,7,E-
MVST,Microvast Holdings Inc. Common Stock,Industrial Machinery/Components,93,0.6230000257492065,-90.26562474272214,6,7,E-
MWA,MUELLER WATER PRODUCTS Common Stock,Metal Fabrications,47,23.690000534057617,-21.581797890830078,37,88,D+
MWC,Micware Co. Ltd. American Depositary Shares,EDP Services,126,1.4299999475479126,-82.56097584377791,3,,A
MWG,Multi Ways Holdings Limited Class A Ordinary Shares,Miscellaneous manufacturing industries,140,1.2599999904632568,-66.7546173312569,16,,A-
MWH,SOLV Energy Inc. Class A Common Stock,Military/Government/Technical,98,24.5,-47.615993670718304,26,61,E
MWYN,Marwynn Holdings Inc. Common stock,Food Distributors,80,0.9300000071525574,-33.09352397671903,36,,A
MX,Magnachip Semiconductor Corporation Common Stock,Semiconductors,41,2.9700000286102295,-66.74132220478388,25,17,E+
MXC,Mexco Energy Corporation Common Stock,Oil & Gas Production,11,11.25,-25.095113143939287,79,47,A+
MXCT,MaxCyte Inc. Common Stock,Biotechnology: Commercial Physical & Biological Resarch,7,1.190000057220459,-34.97267599378367,53,7,B+
MXL,MaxLinear Inc. Common Stock,Semiconductors,41,69.33999633789062,-45.840820902121834,99,76,D
MYE,Myers Industries Inc. Common Stock,Plastic Products,17,30.190000534057617,-17.82798270324554,91,91,B-
MYFW,First Western Financial Inc. Common Stock,Major Banks,12,31.0,-9.330209870839191,75,73,C+
MYGN,Myriad Genetics Inc. Common Stock,Biotechnology: In Vitro & In Vivo Diagnostic Substances,119,3.359999895095825,-58.924208193857496,14,17,C
MYND,Mynd.ai Inc. American Depositary Shares,Computer peripheral equipment,55,0.3700000047683716,-65.09433728853283,22,,A+
MYO,Myomo Inc. Common Stock,Industrial Specialties,68,1.2999999523162842,-30.107529982898594,77,17,B
MYPS,PLAYSTUDIOS Inc.  Class A Common Stock,Computer Software: Prepackaged Software,103,0.48899999260902405,-53.867922735282036,24,17,B
MYRG,MYR Group Inc. Common Stock,Water Sewer Pipeline Comm & Power Line Construction,93,284.4700012207031,-43.234290812974685,58,80,E
MYSE,Myseum.AI Inc. Common Stock,Telecommunications Equipment,103,2.6700000762939453,-29.9212567875768,89,26,A
MYSZ,My Size Inc. Common Stock,Computer Software: Prepackaged Software,103,1.940000057220459,-82.92253419144996,6,7,A
MZTI,The Marzetti Company Common Stock,Packaged Foods,109,101.47000122070312,-43.50757035348195,21,65,D-
NA,Nano Labs Ltd Class A Ordinary Shares,Semiconductors,41,2.369999885559082,-59.83051106355132,32,,A+
NAAS,NaaS Technology Inc. American Depositary Shares,Other Specialty Stores,121,3.2799999713897705,-24.942790451122875,73,,D-
NABL,N-able Inc. Common Stock,Computer Software: Prepackaged Software,103,3.859999895095825,-54.58823652828442,30,58,B-
NAGE,Niagen Bioscience Inc. Common Stock,Medicinal Chemicals and Botanical Products,129,3.0399999618530273,-70.3124997089617,14,53,D-
NAII,Natural Alternatives International Inc. Common Stock,Medicinal Chemicals and Botanical Products,129,2.0199999809265137,-58.17805356451083,19,26,E-
NAK,Northern Dynasty Minerals Ltd. Common Stock,Precious Metals,18,1.4600000381469727,-47.101447710443054,54,7,E+
NAKA,Nakamoto Inc. Common Stock,Medical/Nursing Services,48,7.760000228881836,-95.95833321412405,46,17,A
NAMI,Jinxin Technology Holding Company American Depositary Shares,Other Consumer Services,132,1.9199999570846558,-93.32173927970555,3,,A+
NAMM,Namib Minerals Ordinary Shares,Precious Metals,18,1.3350000381469727,-79.14062471478248,17,,B
NAMS,NewAmsterdam Pharma Company N.V. Ordinary Shares,Biotechnology: Pharmaceutical Preparations,62,21.860000610351562,-47.26176065623468,19,7,E-
NAT,Nordic American Tankers Limited Common Stock,Marine Transportation,3,7.210000038146973,0.0,96,87,B+
NATH,Nathan's Famous Inc. Common Stock,Restaurants,81,97.80999755859375,-9.399710944689033,46,86,C-
NATL,NCR Atleos Corporation Common Stock,Office Equipment/Supplies/Services,24,46.25,-3.9060898117467158,65,82,C
NATR,Nature's Sunshine Products Inc. Common Stock,Biotechnology: Pharmaceutical Preparations,62,13.609999656677246,-51.04316535903506,16,58,E-
NAUT,Nautilus Biotechnology Inc. Common Stock,Biotechnology: Laboratory Analytical Instruments,31,0.9900000095367432,-74.93670892188267,15,17,E+
NAVI,Navient Corporation Common Stock,Investment Bankers/Brokers/Service,51,9.149999618530273,-27.08006207847363,48,52,C
NAVN,Navan Inc. Class A Common Stock,Computer Software: Prepackaged Software,103,20.260000228881836,-33.74754650285008,84,12,E-
NB,NioCorp Developments Ltd. Common Stock,Metal Mining,57,3.809999942779541,-67.35218579373405,22,37,D+
NBBK,NB Bancorp Inc. Common Stock,Banks,14,22.864999771118164,-1.6559149629326253,69,81,B-
NBHC,National Bank Holdings Corporation Common Stock,Major Banks,12,41.56999969482422,-11.012322346401838,56,45,D
NBIS,Nebius Group N.V. Class A Ordinary Shares,Computer Software: Programming Data Processing,103,228.11000061035156,-20.433221016497527,96,47,C
NBIX,Neurocrine Biosciences Inc. Common Stock,Biotechnology: Biological Products (No Diagnostic Substances),51,156.57000732421875,-15.595683383170488,56,82,E+
NBN,Northeast Bank Common Stock,Major Banks,12,131.22000122070312,-4.567060029874003,72,91,C-
NBP,NovaBridge Biosciences American Depositary Shares,Biotechnology: Pharmaceutical Preparations,62,1.690000057220459,-74.23780378107155,18,,B
NBR,Nabors Industries Ltd.,Oil & Gas Production,11,90.5999984741211,-18.105395712353268,87,41,C
NBRG,Newbridge Acquisition Limited Class A Ordinary Share,Blank Checks,57,10.09000015258789,0.0,50,64,C-
NBRGU,Newbridge Acquisition Limited Unit,Blank Checks,57,10.229999542236328,-0.7759541622147204,50,,C+
NBTB,NBT Bancorp Inc. Common Stock,Major Banks,12,51.619998931884766,-4.119601079380253,74,78,C
NBTX,Nanobiotix S.A. American Depositary Shares,Biotechnology: Pharmaceutical Preparations,62,37.599998474121094,-31.723263696231786,96,,B+
NC,NACCO Industries Inc. Common Stock,Coal Mining,31,39.84000015258789,-31.51892685051967,28,31,D-
NCDL,Nuveen Churchill Direct Lending Corp. Common Stock,,,12.149999618530273,-15.547586836313943,39,52,D
NCEL,NewcelX Ltd. Ordinary Shares,Biotechnology: Pharmaceutical Preparations,62,3.380000114440918,-86.20408116554728,32,,D+
NCEW,New Century Logistics (BVI) Limited Ordinary Shares,Integrated Freight & Logistics,141,18.93000030517578,-8.550726533945918,98,,D-
NCI,Neo-Concept International Group Holdings Limited Class A Ordinary Shares,Apparel,109,12.6899995803833,-86.78125043710074,39,,D
NCLH,Norwegian Cruise Line Holdings Ltd. Ordinary Shares,Marine Transportation,3,14.569999694824219,-45.9168544692314,20,98,E
NCMI,National CineMedia Inc. Common Stock,Advertising,116,2.4600000381469727,-48.357803261119926,15,30,E-
NCNA,NuCana plc American Depositary Share,Biotechnology: Pharmaceutical Preparations,62,1.340000033378601,-80.91168038433891,11,17,A
NCNO,nCino Inc. Common Stock,Computer Software: Prepackaged Software,103,21.43000030517578,-30.035909590800536,69,99,A-
NCPL,Netcapital Inc. Common Stock,Finance: Consumer Services,114,0.46700000762939453,-81.61417265184917,12,,A+
NCRA,Nocera Inc. Common Stock,Farming/Seeds/Milling,91,1.8600000143051147,-96.85279177271117,4,26,A+
NCT,Intercont (Cayman) Limited Class A Ordinary shares,Restaurants,81,0.2930000126361847,-99.25350315251927,1,,E-
NCTY,The9 Limited American Depository Shares,Finance: Consumer Services,114,3.740000009536743,-67.27909090393305,14,,B+
NDAQ,Nasdaq Inc. Common Stock,Investment Bankers/Brokers/Service,51,92.01000213623047,-8.266558736037199,55,61,D+
NDLS,Noodles & Company Class A Common Stock,Restaurants,81,14.0,-24.81203346403076,96,34,A
NDRA,ENDRA Life Sciences Inc. Common Stock,Biotechnology: Electromedical & Electrotherapeutic Apparatus,57,5.784999847412109,-28.75615851053922,88,,A
NDSN,Nordson Corporation Common Stock,Industrial Machinery/Components,93,307.45001220703125,-7.865748493476355,77,49,B
NE,Noble Corporation plc A Ordinary Shares,Oil & Gas Production,11,45.7400016784668,-14.067621632759097,77,61,D+
NECB,NorthEast Community Bancorp Inc. Common Stock,Banks,14,26.950000762939453,-3.970249835969575,72,75,C+
NEE,NextEra Energy Inc. Common Stock,Electric Utilities: Central,71,82.44000244140625,-14.51949583351232,52,67,D
NEGG,Newegg Commerce Inc. Common Shares,Other Specialty Stores,121,14.4399995803833,-84.41278100656288,10,,B-
NEM,Newmont Corporation,Precious Metals,18,126.13999938964844,-6.465457595871172,88,96,B
NEO,NeoGenomics Inc. Common Stock,Precision Instruments,123,17.610000610351562,-5.525744705060864,96,65,A-
NEOG,Neogen Corporation Common Stock,Biotechnology: In Vitro & In Vivo Diagnostic Substances,119,11.770000457763672,-3.127565207385319,93,17,B
NEON,Neonode Inc. Common Stock,Industrial Machinery/Components,93,0.8199999928474426,-80.97447787160247,9,1,E+
NEOV,NeoVolta Inc. Common Stock,Industrial Machinery/Components,93,3.6700000762939453,-39.438942063576555,85,7,A
NEPH,Nephros Inc. Common Stock,Medical/Dental Instruments,98,4.519999980926514,-21.934369417855127,73,82,C
NERV,Minerva Neurosciences Inc Common Stock,Biotechnology: Pharmaceutical Preparations,62,4.159999847412109,-48.45105322519194,59,7,A
NESR,National Energy Services Reunited Corp Ordinary Shares,Oilfield Services/Equipment,15,33.81999969482422,-6.8576193453366185,97,90,A-
NET,Cloudflare Inc. Class A Common Stock,Computer Software: Prepackaged Software,103,311.1700134277344,-5.942621268473425,90,17,A-
NEU,NewMarket Corp Common Stock,Major Chemicals,65,880.6099853515625,-8.45288579124862,73,72,C+
NEUP,Neuphoria Therapeutics Inc. Common Stock,Biotechnology: Pharmaceutical Preparations,62,3.7300000190734863,-81.34999990463257,18,17,A+
NEWP,New Pacific Metals Corp. Common Shares,Precious Metals,18,5.849999904632568,-21.052631240260556,96,1,C-
NEWT,NewtekOne Inc. Common Stock,Major Banks,12,12.170000076293945,-21.786634009655526,51,59,E+
NEXA,Nexa Resources S.A. Common Shares,Metal Mining,57,13.140000343322754,-20.59836732736875,93,75,D+
NEXM,NexMetals Mining Corp. Common Shares,Metal Mining,57,2.369999885559082,-62.61829923471398,21,,C
NEXN,Nexxen International Ltd. Ordinary Shares,Computer Software: Programming Data Processing,103,9.199999809265137,-15.981735438198552,68,39,C
NEXR,Nexera Technologies Ltd Ordinary Shares,Other Specialty Stores,121,1.559999942779541,-99.78718760374058,1,,A-
NEXT,NextDecade Corporation Common Stock,Oil & Gas Production,11,7.670000076293945,-15.89912091513417,51,26,D+
NFE,New Fortress Energy Inc. Class A Common Stock,Oil/Gas Transmission,37,16.479999542236328,0.0,99,7,E-
NFG,National Fuel Gas Company Common Stock,Oil/Gas Transmission,37,82.33000183105469,-13.61156337645033,49,66,C
NFGC,New Found Gold Corp Common Shares,Precious Metals,18,1.690000057220459,-51.43678023109886,32,,B
NFLX,Netflix Inc. Common Stock,Consumer Electronics/Video Chains,133,76.01000213623047,-39.08039538986981,25,69,D-
NG,Novagold Resources Inc.,Precious Metals,18,7.610000133514404,-46.40844904413961,41,26,A-
NGEN,NervGen Pharma Corp. Common stock,Biotechnology: Pharmaceutical Preparations,62,2.1600000858306885,-63.81909276815322,31,26,B+
NGG,National Grid Transco PLC National Grid PLC (NEW) American Depositary Shares,Natural Gas Distribution,33,76.37999725341797,-16.546150584860886,45,,D
NGNE,Neurogene Inc. Common Stock,Biotechnology: Pharmaceutical Preparations,62,36.119998931884766,-15.68627730337947,93,7,A-
NGS,Natural Gas Services Group Inc. Common Stock,Oilfield Services/Equipment,15,36.84000015258789,-16.184917670608144,59,91,D
NGVC,Natural Grocers by Vitamin Cottage Inc. Common Stock,Food Chains,106,28.010000228881836,-30.12101160390458,43,66,E
NGVT,Ingevity Corporation Common Stock,Major Chemicals,65,67.12999725341797,-13.792224366700022,60,60,D+
NHC,National HealthCare Corporation Common Stock,Hospital/Nursing Management,23,224.9199981689453,-4.996832874785506,92,62,B-
NHI,National Health Investors Inc. Common Stock,Real Estate Investment Trusts,57,70.20999908447266,-21.056320309455323,37,75,D+
NHIC,NewHold Investment Corp III Class A Ordinary Shares,,,10.619999885559082,-7.167829763126132,48,33,C-
NHIV,NewHold Investment Corp IV Class A Ordinary Shares,Blank Checks,57,10.050000190734863,-1.0826738024534932,47,,C-
NHP,National Healthcare Properties Inc. Class A Common Stock,Real Estate Investment Trusts,57,16.040000915527344,-6.088987194521311,81,17,B+
NHTC,Natural Health Trends Corp. Common Stock,Consumer Specialties,54,1.590000033378601,-62.302362710531135,12,17,E
NI,NiSource Inc Common Stock,Power Generation,77,41.41999816894531,-15.041671661298551,40,51,D-
NIC,Nicolet Bankshares Inc. Common Stock,Major Banks,12,170.25,-4.696286842249798,77,91,C+
NICE,NICE Ltd American Depositary Shares,Computer Software: Prepackaged Software,103,98.04000091552734,-36.10531845959424,37,49,C+
NICM,Nicola Mining Inc. American Depositary Shares,Metal Mining,57,6.449999809265137,-21.628187508835683,44,26,B-
NIKI,Niki BioSolutions Inc. Common Stock,Industrial Machinery/Components,93,6.230000019073486,-74.14937792339755,12,,E-
NINE,Nine Energy Service Inc. Common Stock,Oilfield Services/Equipment,15,10.25,-21.214451808807144,71,7,A
NIO,NIO Inc. American depositary shares each  representing one Class A ordinary share,Auto Manufacturing,138,3.5799999237060547,-54.62610919788675,16,17,E-
NIPG,NIP Group Inc. American Depositary Shares,Services-Misc. Amusement & Recreation,89,13.609999656677246,-76.73504332191924,13,,A+
NIQ,NIQ Global Intelligence plc Ordinary Shares,Computer Software: Programming Data Processing,103,17.649999618530273,-8.264034155419775,93,17,A
NIU,Niu Technologies American Depositary Shares,Auto Manufacturing,138,2.069999933242798,-62.76978499017809,17,17,B+
NIVF,NewGenIvf Group Limited Class A Ordinary Shares,Misc Health and Biotechnology Services,21,1.1100000143051147,-99.90112768064144,2,,A
NIXX,Nixxy Inc. Common Stock,EDP Services,126,0.5386999845504761,-71.49735509905756,12,36,B-
NJR,NewJersey Resources Corporation Common Stock,Oil/Gas Transmission,37,53.34000015258789,-11.174020265984453,59,65,D
NKE,Nike Inc. Common Stock,Shoe Manufacturing,107,36.619998931884766,-49.27258945914191,17,78,E+
NKLR,Terra Innovatum Global N.V. Ordinary shares,Metal Fabrications,47,5.25,-71.24863124757208,38,,D+
NKSH,National Bankshares Inc. Common Stock,Major Banks,12,42.47999954223633,-1.6438969832094141,82,72,B-
NKTR,Nektar Therapeutics  Common Stock,Biotechnology: Pharmaceutical Preparations,62,70.6500015258789,-29.59640996497017,78,17,C+
NKTX,Nkarta Inc. Common Stock,Biotechnology: Pharmaceutical Preparations,62,2.809999942779541,-23.43324565766367,81,17,A-
NL,NLI Holdings Inc. Common Stock,Major Chemicals,65,7.019999980926514,-14.946707973514128,79,83,A-
NLOP,Net Lease Office Properties Common Shares of Beneficial Interest,Real Estate Investment Trusts,57,10.9399995803833,-18.175021136689917,46,17,D
NLY,Annaly Capital Management Inc. Common Stock,Real Estate Investment Trusts,57,22.0,-7.329400959957166,59,89,D+
NMAD,Nomad Power Solutions Inc. Common Stock,Biotechnology: Pharmaceutical Preparations,62,3.7100000381469727,-53.85572069963162,23,26,E+
NMAX,Newsmax Inc. Class B Common Stock,Broadcasting,98,10.979999542236328,-16.310978368820027,77,,A
NMFC,New Mountain Finance Corporation Common Stock,Finance/Investors Services,53,7.230000019073486,-20.757905468748618,33,32,C-
NMG,Nouveau Monde Graphite Inc. Common Shares,Other Metals and Minerals,133,1.350000023841858,-73.37278149638642,20,,C
NMIH,NMI Holdings Inc. Common Stock,Property-Casualty Insurers,29,44.189998626708984,-3.325312816031112,73,82,C+
NMR,Nomura Holdings Inc ADR American Depositary Shares,Investment Bankers/Brokers/Service,51,10.539999961853027,-1.0328606630732096,85,87,B-
NMRA,Neumora Therapeutics Inc. Common Stock,Biotechnology: Biological Products (No Diagnostic Substances),51,1.1399999856948853,-68.24512498745645,12,17,C
NMRK,Newmark Group Inc. Class A Common Stock,Real Estate,71,14.170000076293945,-26.777078538727274,35,54,D+
NMTC,NeuroOne Medical Technologies Corporation Common Stock,Medical/Dental Instruments,98,1.5800000429153442,-75.15723255115296,7,26,E-
NN,NextNav Inc. Common Stock,Industrial Machinery/Components,93,14.829999923706055,-37.1343797041936,26,,B-
NNBR,NN Inc. Common Stock,Industrial Machinery/Components,93,3.559999942779541,-13.381999339853202,97,67,A
NNDM,Nano Dimension Ltd. American Depositary Shares,Electrical Products,20,1.5199999809265137,-28.97196698994665,37,26,E+
NNE,Nano Nuclear Energy Inc. Common Stock,Electric Utilities: Central,71,17.360000610351562,-69.3448697105431,15,26,D
NNI,Nelnet Inc. Common Stock,Finance: Consumer Services,114,125.77999877929688,-12.340183703334418,44,35,D
NNN,NNN REIT Inc. Common Stock,Real Estate Investment Trusts,57,43.849998474121094,-10.421228561028473,53,72,D+
NNNN,Anbio Biotechnology Class A Ordinary Shares,Biotechnology: In Vitro & In Vivo Diagnostic Substances,119,6.510000228881836,-85.79222987289282,4,,E-
NNOX,NANO-X IMAGING LTD Ordinary Shares,Medical Electronics,116,0.7300000190734863,-83.95604420940508,5,17,C-
NNVC,NanoViricides Inc. Common Stock,Biotechnology: Pharmaceutical Preparations,62,1.0199999809265137,-49.75369481270459,22,26,E
NOA,North American Construction Group Ltd. Common Shares (no par),Oilfield Services/Equipment,15,13.5,-18.50265429011211,44,,C-
NOAH,Noah Holdings Limited American Depositary Shares,Investment Managers,46,8.170000076293945,-23.359101372078726,31,39,C-
NOC,Northrop Grumman Corporation Common Stock,Industrial Machinery/Components,93,518.9500122070312,-31.824099366052614,34,57,D
NODK,NI Holdings Inc. Common Stock,Property-Casualty Insurers,29,15.069999694824219,-7.715861817321324,60,57,D
NOEM,CO2 Energy Transition Corp. Common Stock,,,10.6899995803833,-10.916670163472498,54,,E-
NOEMU,CO2 Energy Transition Corp. Unit,,,12.649999618530273,0.0,69,,A+
NOG,Northern Oil and Gas Inc. Common Stock,Oil & Gas Production,11,26.309999465942383,-11.285968562574633,71,68,B+
NOK,Nokia Corporation Sponsored American Depositary Shares,Radio And Television Broadcasting And Communications Equipment,81,10.619999885559082,-36.97329587459177,88,30,D+
NOMA,NOMADAR Corp. Class A Common Stock,Services-Misc. Amusement & Recreation,89,1.690000057220459,-85.30434732851775,6,26,E+
NOMD,Nomad Foods Limited Ordinary Shares,Packaged Foods,109,11.09000015258789,-17.23910286899074,51,50,B+
NOV,NOV Inc. Common Stock,Oil and Gas Field Machinery,22,21.31999969482422,-1.7964044500000553,79,50,C
NOVT,Novanta Inc. Common Stock,Industrial Machinery/Components,93,143.91000366210938,-14.719997829861109,63,80,C-
NOW,ServiceNow Inc. Common Stock,Computer Software: Prepackaged Software,103,131.1699981689453,-31.764032105134277,50,90,B+
NP,Neptune Insurance Holdings Inc. Class A Common Stock,Specialty Insurers,48,31.139999389648438,-11.307323132123903,84,55,B+
NPB,Northpointe Bancshares Inc. Common Stock,Major Banks,12,17.0,-11.844409947563971,40,80,D-
NPCE,Neuropace Inc. Common Stock,Medical/Dental Instruments,98,13.869999885559082,-28.097463829592005,45,17,D+
NPK,National Presto Industries Inc. Common Stock,Ordnance And Accessories,35,147.97000122070312,-5.631378609182813,79,,B
NPKI,NPK International Inc. Common Stock,Misc Corporate Leasing Services,89,13.1899995803833,-19.327221574060715,50,85,D+
NPO,Enpro Inc. Common Stock,Metal Fabrications,47,293.8800048828125,-24.105003318385553,68,83,D
NPT,Texxon Holding Limited Ordinary shares,Specialty Chemicals,133,2.9000000953674316,-85.85365807137838,21,,D+
NPWR,NET Power Inc. Class A Common Stock,Industrial Machinery/Components,93,1.8200000524520874,-62.474224984753505,37,26,A-
NRC,NRC Health Common Stock,Biotechnology: Commercial Physical & Biological Resarch,7,21.260000228881836,-6.631533590360494,77,74,B
NRDS,NerdWallet Inc. Class A Common Stock,EDP Services,126,9.319999694824219,-41.494039445836805,36,57,B-
NRDY,Nerdy Inc. Class A Common Stock,Other Consumer Services,132,9.100000381469727,-57.27699198394174,12,7,E
NREF,NexPoint Real Estate Finance Inc. Common Stock,Real Estate Investment Trusts,57,17.31999969482422,-4.678042806277727,78,44,C
NRG,NRG Energy Inc. Common Stock,Electric Utilities: Central,71,111.6500015258789,-38.92873266279055,25,45,E
NRGV,Energy Vault Holdings Inc. Common Stock,Industrial Machinery/Components,93,4.210000038146973,-35.13096784868406,84,17,A-
NRIM,Northrim BanCorp Inc Common Stock,Savings Institutions,9,26.049999237060547,-10.745915236046521,63,77,C
NRIX,Nurix Therapeutics Inc. Common stock,Biotechnology: Pharmaceutical Preparations,62,25.809999465942383,-7.124870040859399,96,7,B+
NRP,Natural Resource Partners LP Limited Partnership,Coal Mining,31,110.19000244140625,-10.86208944943724,56,39,B
NRSN,NeuroSense Therapeutics Ltd. Ordinary Shares,Biotechnology: Pharmaceutical Preparations,62,0.3319999873638153,-75.5882364800232,7,7,A-
NRT,North European Oil Royality Trust Common Stock,Oil & Gas Production,11,9.140000343322754,-2.4546376205489606,89,54,B+
NRXP,NRX Pharmaceuticals Inc. Common Stock,Biotechnology: Pharmaceutical Preparations,62,3.4000000953674316,-26.406922519739716,79,33,B-
NRXS,Neuraxis Inc. Common Stock,Biotechnology: Electromedical & Electrotherapeutic Apparatus,57,5.690000057220459,-35.41430435632128,89,,E
NSC,Norfolk Southern Corporation Common Stock,Railroads,33,323.29998779296875,-8.408414717429702,64,67,D+
NSIT,Insight Enterprises Inc. Common Stock,Catalog/Specialty Distribution,98,155.8699951171875,-3.1743078307694295,93,92,B+
NSLR,Neostellar Capital Corp. Common Stock,Finance: Consumer Services,114,9.739999771118164,-34.67471582296018,34,74,C
NSP,Insperity Inc. Common Stock,Professional Services,41,49.81999969482422,-6.702896764794253,93,40,B
NSPR,InspireMD Inc. Common Stock,Medical/Dental Instruments,98,0.7799999713897705,-68.80000114440918,15,7,D+
NSRX,Nasus Pharma Ltd. Ordinary Shares,Biotechnology: Pharmaceutical Preparations,62,3.3499999046325684,-63.38797765796339,22,,A-
NSSC,NAPCO Security Technologies Inc. Common Stock,Telecommunications Equipment,103,35.5099983215332,-24.236797523158327,36,38,D-
NSTS,NSTS Bancorp Inc. Common Stock,Savings Institutions,9,14.119999885559082,-0.1414459496326459,66,,C
NSYS,Nortech Systems Incorporated Common Stock,Industrial Machinery/Components,93,11.430000305175781,-35.27746090637294,59,17,E+
NTAP,NetApp Inc. Common Stock,Electronic Components,2,183.60000610351562,-11.338610932935534,90,83,B-
NTB,Bank of N.T. Butterfield & Son Limited (The) Voting Ordinary Shares,Commercial Banks,7,60.04999923706055,-6.039744358578436,73,90,C-
NTCL,NETCLASS TECHNOLOGY INC Class A Ordinary Shares,Computer Software: Prepackaged Software,103,1.9800000190734863,-98.63917524462303,1,,E
NTCT,NetScout Systems Inc. Common Stock,EDP Services,126,37.439998626708984,-16.503125559092624,74,71,D
NTES,NetEase Inc. American Depositary Shares,Computer Software: Prepackaged Software,103,115.62999725341797,-25.675340346543763,35,50,D
NTGR,NETGEAR Inc. Common Stock,Telecommunications Equipment,103,20.979999542236328,-41.73840455390763,29,67,D-
NTHI,NeOnc Technologies Holdings Inc. Common Stock,Biotechnology: Pharmaceutical Preparations,62,3.6600000858306885,-69.72704681854567,11,26,E+
NTIC,Northern Technologies International Corporation Common Stock,Industrial Specialties,68,7.900000095367432,-20.033562009739512,46,33,E+
NTIP,Network-1 Technologies Inc. Common Stock,Multi-Sector Companies,41,1.6100000143051147,-2.4242401473340114,64,26,B-
NTLA,Intellia Therapeutics Inc. Common Stock,Biotechnology: In Vitro & In Vivo Diagnostic Substances,119,11.930000305175781,-57.362399927250806,52,17,D
NTNX,Nutanix Inc. Class A Common Stock,Computer Software: Prepackaged Software,103,65.41999816894531,-19.35404838025383,85,84,B+
NTR,Nutrien Ltd. Common Shares,Agricultural Chemicals,125,78.73999786376953,-4.658946283013011,79,43,B+
NTRA,Natera Inc. Common Stock,Medical Specialities,15,326.1400146484375,-3.70829557305018,93,7,B+
NTRB,Nutriband Inc. Common Stock,Industrial Specialties,68,6.079999923706055,-28.47058913286995,91,,A+
NTRP,NextTrip Inc. Common Stock,Transportation Services,113,1.4600000381469727,-69.13319170698529,10,7,B+
NTRS,Northern Trust Corporation Common Stock,Major Banks,12,187.19000244140625,-1.774210982707558,84,87,C-
NTSK,Netskope Inc. Class A Common Stock,Computer Software: Prepackaged Software,103,15.100000381469727,-41.45017508557554,78,17,A-
NTST,NetSTREIT Corp. Common Stock,Real Estate Investment Trusts,57,19.729999542236328,-10.375233133345086,56,70,C+
NTWK,NetSol Technologies Inc. Common  Stock,Computer Software: Prepackaged Software,103,4.0,-23.37164442964199,55,89,D
NU,Nu Holdings Ltd. Class A Ordinary Shares,Finance: Consumer Services,114,15.020000457763672,-19.936032651856106,63,98,B+
NUAI,New Era Energy & Digital Inc. Common Stock,Oil & Gas Production,11,5.929999828338623,-26.426804967578033,99,26,B+
NUCL,Eagle Nuclear Energy Corp. Common stock,Other Metals and Minerals,133,6.420000076293945,-51.40045376415829,25,26,B
NUE,Nucor Corporation Common Stock,Steel/Iron Ore,39,255.4600067138672,-7.017538110873655,89,85,D-
NUS,Nu Skin Enterprises Inc. Common Stock,Other Pharmaceuticals,137,4.880000114440918,-60.62375142099747,17,35,D-
NUTX,Nutex Health Inc. Common Stock,Business Services,78,195.1999969482422,-1.2545506978071108,95,93,A-
NUVB,Nuvation Bio Inc. Class A Common Stock,Biotechnology: Pharmaceutical Preparations,62,6.28000020980835,-34.17190529434199,86,33,C+
NUWE,Nuwellis Inc. Common Stock,Biotechnology: Electromedical & Electrotherapeutic Apparatus,57,0.7699999809265137,-99.53191490521185,1,17,A+
NVA,Nova Minerals Corp Common Stock,Precious Metals,18,6.099999904632568,-57.54454418376815,72,,A-
NVAX,Novavax Inc. Common Stock,Biotechnology: Biological Products (No Diagnostic Substances),51,9.300000190734863,-16.89007560788217,65,41,A-
NVCR,NovoCure Limited Ordinary Shares,Medical/Dental Instruments,98,15.350000381469727,-23.211603015385595,65,7,B-
NVCT,Nuvectis Pharma Inc. Common Stock,Biotechnology: Pharmaceutical Preparations,62,22.489999771118164,-21.170700210864634,99,7,B-
NVDA,NVIDIA Corporation Common Stock,Semiconductors,41,218.36000061035156,-7.160808095172355,71,95,B
NVEC,NVE Corporation Common Stock,Semiconductors,41,97.62000274658203,-26.63223332181567,81,62,D
NVGS,Navigator Holdings Ltd. Ordinary Shares (Marshall Islands),Marine Transportation,3,22.989999771118164,-4.761859235002664,73,93,C
NVMI,Nova Ltd. Ordinary Shares,Electronic Components,2,366.0299987792969,-39.56410731867576,38,86,E+
NVNI,Nvni Group Limited Ordinary Shares,Computer Software: Prepackaged Software,103,0.8849999904632568,-93.93835638808274,13,,E-
NVNO,enVVeno Medical Corporation Common Stock,Medical/Dental Instruments,98,11.119999885559082,-67.38046396073447,34,7,E-
NVO,Novo Nordisk A/S Common Stock,Biotechnology: Pharmaceutical Preparations,62,44.0099983215332,-27.77890283493746,51,51,D-
NVR,NVR Inc. Common Stock,Homebuilding,93,6088.27978515625,-28.650020851997514,32,54,D-
NVRI,Enviri Corporation Common Stock,Diversified Commercial Services,65,22.209999084472656,-6.915345698537245,84,33,B-
NVS,Novartis AG Common Stock,Biotechnology: Pharmaceutical Preparations,62,137.47999572753906,-15.985976851753424,45,66,E-
NVST,Envista Holdings Corporation Common Stock,Medical/Dental Instruments,98,25.8700008392334,-14.507598666368738,68,69,C-
NVT,nVent Electric plc Ordinary Shares,Industrial Machinery/Components,93,155.1699981689453,-15.712543000671031,84,94,B-
NVTS,Navitas Semiconductor Corporation Common Stock,Semiconductors,41,11.149999618530273,-64.92607959289418,55,17,E
NVX,NOVONIX Limited American Depository Shares,Industrial Machinery/Components,93,2.9100000858306885,-90.1020403959578,6,,E-
NWAX,New America Acquisition I Corp. Class A Common Stock,Blank Checks,57,10.137999534606934,-0.8023554821854684,47,,D
NWBI,Northwest Bancshares Inc. Common Stock,Major Banks,12,15.489999771118164,-2.0201564425634255,77,66,C+
NWE,NorthWestern Energy Group Inc. Common Stock,Power Generation,77,70.01000213623047,-3.7464445185455664,64,47,C
NWFL,Norwood Financial Corp. Common Stock,Major Banks,12,34.41999816894531,-0.8354967536057134,75,54,B
NWG,NatWest Group plc American Depositary Shares (each representing two (2) Ordinary Shares),Commercial Banks,7,18.420000076293945,-3.5602109507573476,79,94,C+
NWGL,CL Workshop Group Limited American Depositary Shares,Forest Products,62,1.3300000429153442,-23.99999754769462,88,,A+
NWL,Newell Brands Inc. Common Stock,Plastic Products,17,5.869999885559082,-7.41325324474893,86,53,B+
NWN,Northwest Natural Holding Company Common Stock,Oil/Gas Transmission,37,49.060001373291016,-10.372021218930227,57,91,D+
NWPX,NWPX Infrastructure Inc. Common Stock,Steel/Iron Ore,39,103.62999725341797,-30.885690565521607,87,95,E+
NWS,News Corporation Class B Common Stock,Newspapers/Magazines,36,32.779998779296875,-6.9121902947139375,62,86,C-
NWSA,News Corporation Class A Common Stock,Newspapers/Magazines,36,29.3799991607666,-5.486195755782797,65,86,C-
NWTG,Newton Golf Company Inc. Common Stock,Recreational Games/Products/Toys,93,1.2899999618530273,-36.138615146850505,41,,A
NX,Quanex Building Products Corporation Common Stock,Metal Fabrications,47,21.09000015258789,-8.024422713036616,87,31,A-
NXAT,Nexus Advanced Technologies Inc. Ordinary Shares,Movies/Entertainment,6,1.3650000095367432,-98.48837213354871,2,,B
NXB,NextBoat Inc. Common Stcok,Marine Transportation,3,2.319999933242798,-38.94736941171156,32,,A
NXDR,Nextdoor Holdings Inc. Class A Common Stock,Computer Software: Programming Data Processing,103,2.2300000190734863,-19.49458359463264,72,26,B
NXDT,NexPoint Diversified Real Estate Trust Common Stock,Real Estate Investment Trusts,57,5.320000171661377,-7.958477879747782,89,26,B+
NXE,Nexgen Energy Ltd. Common Shares,Other Metals and Minerals,133,10.210000038146973,-26.652298978540824,60,7,C
NXGL,NexGel Inc Common Stock,Medical/Dental Instruments,98,0.28999999165534973,-89.56834551655145,6,,A+
NXH,Neighborhood Intelligence Inc. Common Stock,Catalog/Specialty Distribution,98,3.549999952316284,-70.68538354285687,12,17,E-
NXL,Nexalin Technology Inc. Common Stock,Biotechnology: Electromedical & Electrotherapeutic Apparatus,57,4.869999885559082,-91.27240151945273,5,7,E-
NXPI,NXP Semiconductors N.V. Common Stock,Semiconductors,41,226.47000122070312,-31.69260827355913,40,71,E+
NXPL,NextPlat Corp Common Stock,Telecommunications Equipment,103,9.079999923706055,-7.3469413573023505,92,,A
NXRT,NexPoint Residential Trust Inc. Common Stock,Real Estate Investment Trusts,57,22.600000381469727,-29.182438472549865,25,26,E+
NXST,Nexstar Media Group Inc. Common Stock,Broadcasting,98,169.97000122070312,-31.67630682514142,33,48,D+
NXT,Nextpower Inc. Common Stock,Semiconductors,41,81.3499984741211,-47.985932449611354,30,77,E
NXTC,NextCure Inc. Common Stock,Biotechnology: Pharmaceutical Preparations,62,7.309999942779541,-48.77365306037888,96,7,A+
NXTS,Nexentis Technologies Inc. Common Stock,Agricultural Chemicals,125,1.690000057220459,-96.71525746907705,3,,A
NXTT,Next Technology Holding Inc. Ordinary Shares,EDP Services,126,4.829999923706055,-99.93197183206047,1,42,A+
NXXT,NextNRG Inc. Common Stock,Retail-Auto Dealers and Gas Stations,86,0.15299999713897705,-94.57446805812376,4,7,B+
NYAX,Nayax Ltd. Ordinary Shares,Computer Software: Prepackaged Software,103,47.404998779296875,-37.468671275635614,29,,E-
NYC,American Strategic Investment Co. Class A Common Stock,Real Estate Investment Trusts,57,6.309999942779541,-44.55184640312685,20,17,C-
NYT,New York Times Company (The) Common Stock,Newspapers/Magazines,36,66.56999969482422,-22.22415351611514,43,69,E
NYXH,Nyxoah SA Ordinary Shares,Medical/Dental Instruments,98,1.5,-76.99386496337313,15,17,A
O,Realty Income Corporation Common Stock,Real Estate Investment Trusts,57,59.56999969482422,-9.500304139919201,48,86,D+
OABI,OmniAb Inc. Common Stock,Biotechnology: Commercial Physical & Biological Resarch,7,3.950000047683716,-21.62698258768553,97,7,A+
OBA,Oxley Bridge Acquisition Limited Class A Ordinary Shares,Blank Checks,57,10.319999694824219,-0.19342802193930142,51,,C-
OBAI,Our Bond Inc. Common Stock,Telecommunications Equipment,103,0.3199999928474426,-99.03030305197744,4,26,A
OBDC,Blue Owl Capital Corporation Common Stock,Diversified Financial Services,18,11.0600004196167,-12.405789355777674,44,36,B-
OBE,Obsidian Energy Ltd. Common Shares,Oil & Gas Production,11,12.739999771118164,-11.89488424959385,94,71,A-
OBIO,Orchestra BioMed Holdings Inc. Ordinary Shares,Medicinal Chemicals and Botanical Products,129,5.809999942779541,0.0,92,33,A
OBK,Origin Bancorp Inc. Common Stock,Major Banks,12,54.2599983215332,-1.2694679458476021,84,81,C+
OBT,Orange County Bancorp Inc. Common Stock,Major Banks,12,38.279998779296875,-1.8619955705797775,81,68,C
OC,Owens Corning Inc Common Stock New,Industrial Machinery/Components,93,127.48999786376953,-19.77724683319153,62,47,D+
OCC,Optical Cable Corporation Common Stock,Telecommunications Equipment,103,14.279999732971191,-46.9539387351402,87,63,B-
OCFC,OceanFirst Financial Corp. Common Stock,Major Banks,12,18.739999771118164,-6.493803993017178,55,80,C
OCG,Oriental Culture Holding LTD Ordinary Shares,Other Consumer Services,132,1.5099999904632568,-99.9770862062109,8,,A-
OCGN,Ocugen Inc. Common Stock,Biotechnology: Biological Products (No Diagnostic Substances),51,1.024999976158142,-58.66935611794567,25,17,E-
OCS,Oculis Holding AG Ordinary shares,Biotechnology: Pharmaceutical Preparations,62,11.3100004196167,-65.35987782220404,20,17,C+
OCSL,Oaktree Specialty Lending Corporation Common Stock,Finance: Consumer Services,114,12.579999923706055,-5.1282073411632485,60,40,C+
OCTV,Octave Intelligence plc Class B Ordinary Shares,Computer Software: Prepackaged Software,103,17.25,-31.30227168179075,26,,E
OCUL,Ocular Therapeutix Inc. Common Stock,Biotechnology: Pharmaceutical Preparations,62,10.619999885559082,-34.078215498420604,48,7,A-
ODC,Oil-Dri Corporation Of America Common Stock,Miscellaneous manufacturing industries,140,86.19999694824219,-18.8262458408747,78,40,E+
ODD,ODDITY Tech Ltd. Class A Ordinary Shares,Package Goods/Cosmetics,55,16.010000228881836,-74.85471856556354,41,49,A
ODFL,Old Dominion Freight Line Inc. Common Stock,Trucking Freight/Courier Services,24,180.5500030517578,-27.29850669328502,44,75,E
ODTX,Odyssey Therapeutics Inc. Common Stock,Biotechnology: Biological Products (No Diagnostic Substances),51,23.639999389648438,-17.802506253430796,90,,B
ODYS,Odysight.ai Inc. Common Stock,EDP Services,126,3.4600000381469727,-52.602740441864725,32,,D-
OEC,Orion S.A. Common Shares,Major Chemicals,65,5.789999961853027,-43.38147337954577,37,30,E+
OESX,Orion Energy Systems Inc. Common Stock,Building Products,48,28.389999389648438,-6.9790335392128195,99,53,A+
OFAL,OFA Group Class A Ordinary Shares,Military/Government/Technical,98,0.6420000195503235,-95.74834434879772,2,,A+
OFG,OFG Bancorp Common Stock,Major Banks,12,52.560001373291016,-2.5764585171299648,78,92,C+
OFIX,Orthofix Medical Inc. Common Stock (DE),Medical/Dental Instruments,98,8.6899995803833,-46.45717914058606,20,31,E+
OFLX,Omega Flex Inc. Common Stock,Industrial Specialties,68,25.510000228881836,-30.590206455751257,31,43,D-
OFRM,Once Upon a Farm PBC Common Stock,Packaged Foods,109,15.890000343322754,-38.69598651021796,26,26,C-
OFS,OFS Capital Corporation Common Stock,Finance/Investors Services,53,3.890000104904175,-47.97609236749384,44,45,B-
OGC,OceanaGold Corporation Common Shares,,,30.010000228881836,-28.9783330394764,75,,A-
OGE,OGE Energy Corp Common Stock,Electric Utilities: Central,71,46.59000015258789,-6.72672784590731,54,47,C-
OGEN,Oragenics Inc. Common Stock,Biotechnology: Pharmaceutical Preparations,62,0.5,-64.78873133020865,14,7,D
OGG,Osisko Gold Group Inc. Common Shares,Precious Metals,18,2.819999933242798,-41.004188086513416,39,,B+
OGI,Organigram Global Inc. Common Shares,Biotechnology: Pharmaceutical Preparations,62,1.0700000524520874,-49.289094518959985,25,65,A+
OGN,Organon & Co. Common Stock,Biotechnology: Pharmaceutical Preparations,62,13.630000114440918,-1.0885313602101987,91,47,C-
OGS,ONE Gas Inc. Common Stock,Oil/Gas Transmission,37,78.16000366210938,-12.314643290268346,50,67,D+
OHI,Omega Healthcare Investors Inc. Common Stock,Real Estate Investment Trusts,57,46.95000076293945,-7.986929118976748,58,90,C-
OI,O-I Glass Inc. Common Stock,Containers/Packaging,91,6.630000114440918,-60.132288340204035,14,34,E+
OIA,Invesco Municipal Income Opportunities Trust Common Stock,Finance Companies,68,5.849999904632568,-5.9519040226911235,46,,D+
OII,Oceaneering International Inc. Common Stock,Oilfield Services/Equipment,15,50.56999969482422,-6.542230411378192,93,81,B+
OIO,OIO Group Ordinary Shares,Environmental Services,81,1.6799999475479126,-87.03703747991563,7,,D+
OIS,Oil States International Inc. Common Stock,Oil and Gas Field Machinery,22,8.59000015258789,-40.30576825820702,65,87,B-
OKE,ONEOK Inc. Common Stock,Oil & Gas Production,11,95.72000122070312,-1.835710056724793,75,82,C+
OKLO,Oklo Inc. Class A common stock,Electric Utilities: Central,71,39.880001068115234,-77.09888526019722,13,7,D-
OKTA,Okta Inc. Class A Common Stock,Computer Software: Prepackaged Software,103,171.11000061035156,-1.1153448628432816,96,86,A-
OKUR,OnKure Therapeutics Inc. Class A Common Stock,Biotechnology: Pharmaceutical Preparations,62,3.2699999809265137,-37.95066427397561,39,7,C+
OKYO,OKYO Pharma Limited Ordinary Shares,Biotechnology: Biological Products (No Diagnostic Substances),51,1.4299999475479126,-54.019292740077354,27,,E
OLB,The OLB Group Inc. Common Stock,Business Services,78,0.29499998688697815,-80.33333420753479,8,7,A+
OLED,Universal Display Corporation Common Stock,Electrical Products,20,81.16000366210938,-45.60535533785025,24,48,C
OLLI,Ollie's Bargain Outlet Holdings Inc. Common Stock,Department/Specialty Retail Stores,45,71.91999816894531,-48.00086802222878,20,70,D
OLMA,Olema Pharmaceuticals Inc. Common Stock,Biotechnology: Pharmaceutical Preparations,62,10.6899995803833,-70.16466917643852,38,7,C
OLN,Olin Corporation Common Stock,Major Chemicals,65,17.309999465942383,-41.49266088007292,21,33,E+
OLOX,Olenox Industries Inc. Common Stock,RETAIL: Building Materials,126,0.875,-99.15865384615384,1,7,A+
OLP,One Liberty Properties Inc. Common Stock,Real Estate Investment Trusts,57,23.229999542236328,-8.68711063454054,57,90,D+
OM,Outset Medical Inc. Common Stock,Biotechnology: Electromedical & Electrotherapeutic Apparatus,57,3.2699999809265137,-79.31688871513774,17,7,E
OMAB,Grupo Aeroportuario del Centro Norte S.A.B. de C.V. ADS,Aerospace,116,98.12999725341797,-25.186633599038455,45,90,C-
OMC,Omnicom Group Inc. Common Stock,Advertising,116,79.44999694824219,-10.670120567419694,58,81,E+
OMCL,Omnicell Inc. Common Stock ($0.001 par value),Computer Manufacturing,81,32.25,-37.24459937141745,29,77,E
OMDA,Omada Health Inc. Common Stock,Medical/Nursing Services,48,21.5,-19.716208182468442,82,63,B
OMER,Omeros Corporation Common Stock,Biotechnology: Pharmaceutical Preparations,62,18.59000015258789,-4.125834256021865,98,97,A
OMEX,Odyssey Marine Exploration Inc. Common Stock,Marine Transportation,3,0.7419999837875366,-81.99029115538804,12,34,D+
OMF,OneMain Holdings Inc. Common Stock,Finance: Consumer Services,114,62.060001373291016,-8.23669846853754,67,54,C-
OMH,Ohmyhome Limited Class A Ordinary Shares,Real Estate,71,2.25,-97.6063829787234,1,,A+
OMSE,OMS Energy Technologies Inc. Ordinary Shares,Oil and Gas Field Machinery,22,4.429999828338623,-34.66077151546511,38,,E
ON,ON Semiconductor Corporation Common Stock,Semiconductors,41,70.16999816894531,-47.60695736106446,53,82,E
ONB,Old National Bancorp Common Stock,Major Banks,12,25.600000381469727,-5.666249530414225,67,88,C-
ONC,BeOne Medicines Ltd. American Depositary Shares,Biotechnology: Pharmaceutical Preparations,62,341.79998779296875,-9.449761123368972,70,95,C+
ONCO,Onconetix Inc. Common Stock,Biotechnology: Pharmaceutical Preparations,62,0.7820000052452087,-99.62038834696834,5,26,A
ONCY,Oncolytics Biotech Inc. Common Stock,Biotechnology: Pharmaceutical Preparations,62,0.7699999809265137,-45.77464759172463,25,7,D
ONDS,Ondas Inc. Common Stock,Radio And Television Broadcasting And Communications Equipment,81,7.25,-48.2512499532012,32,7,C
ONEG,OneConstruction Group Limited Ordinary Shares,Homebuilding,93,1.0299999713897705,-92.0708237910838,17,,A-
ONEW,OneWater Marine Inc. Class A Common Stock,Auto & Home Supply Stores,107,10.979999542236328,-35.259433166545286,41,32,B+
ONFO,Onfolio Holdings Inc. Common Stock,EDP Services,126,0.8980000019073486,-98.80266666412354,1,,A+
ONIT,Onity Group Inc. Common Stock,Finance: Consumer Services,114,34.58000183105469,-35.18275010292891,31,43,D
ONL,Orion Properties Inc. Common Stock,Real Estate Investment Trusts,57,2.569999933242798,-13.754507254211978,53,52,B+
ONMD,OneMedNet Corp Class A Common Stock,Biotechnology: Commercial Physical & Biological Resarch,7,0.6669999957084656,-78.75796262978722,29,26,B+
ONON,On Holding AG Class A Ordinary Shares,Shoe Manufacturing,107,26.850000381469727,-46.968201036877346,15,90,E-
ONT,Onterris Inc. Common Stock,Professional Services,41,18.15999984741211,-40.75040759076226,27,83,B
ONTO,Onto Innovation Inc. Common Stock,Industrial Machinery/Components,93,268.9200134277344,-28.941734772458783,92,80,C-
OOMA,Ooma Inc. Common Stock,EDP Services,126,22.670000076293945,-3.0367797688551135,93,97,B+
OPAD,Offerpad Solutions Inc. Class A Common Stock,Real Estate,71,3.7699999809265137,-38.89789409547315,96,7,D
OPAL,OPAL Fuels Inc. Class A Common Stock,Natural Gas Distribution,33,1.8200000524520874,-34.532371540196905,30,70,C-
OPBK,OP Bancorp Common Stock,Major Banks,12,15.260000228881836,-4.722393212104581,65,90,B-
OPCH,Option Care Health Inc. Common Stock,Medical/Nursing Services,48,23.6299991607666,-35.41951609121453,36,82,B-
OPEN,Opendoor Technologies Inc Common Stock,Real Estate,71,2.799999952316284,-73.38403202967632,10,7,E+
OPFI,OppFi Inc. Class A Common Stock,Finance: Consumer Services,114,7.590000152587891,-37.99019367224613,28,58,E-
OPHC,OptimumBank Holdings Inc. Common Stock,Major Banks,12,9.069999694824219,-10.198026215278466,97,45,A-
OPK,OPKO Health Inc. Common Stock,Biotechnology: Pharmaceutical Preparations,62,1.4900000095367432,-11.834321947459314,64,7,A-
OPLN,OPENLANE Inc. Common Stock,Retail-Auto Dealers and Gas Stations,86,34.77000045776367,-18.951050766771903,67,77,D
OPRA,Opera Limited American Depositary Shares,Computer Software: Prepackaged Software,103,18.030000686645508,-12.091660236766034,67,73,E
OPRT,Oportun Financial Corporation Common Stock,Finance: Consumer Services,114,7.659999847412109,-5.315207627508256,91,44,A-
OPRX,OptimizeRx Corporation Common Stock,Business Services,78,7.179999828338623,-66.88192007716668,41,60,A-
OPTH,Optimi Health Corp. Common Shares,Biotechnology: Pharmaceutical Preparations,62,4.5,-25.986841176520414,27,26,D
OPTT,Ocean Power Technologies Inc. Common Stock,Electric Utilities: Central,71,0.1599999964237213,-77.14285726449927,8,,E+
OPTU,Optimum Communications Inc. Class A common stock,Cable & Other Pay Television Services,81,0.9649999737739563,-64.39114538043334,14,7,D+
OPTX,Syntec Optics Holdings Inc. Class A Common Stock,Electronic Components,2,7.289999961853027,-48.33451354193906,98,,E+
OPXS,Optex Systems Holdings Inc. Common Stock,Electronic Components,2,10.489999771118164,-39.4341803928962,27,52,D
OPY,Oppenheimer Holdings Inc. Class A Common Stock (DE),Investment Bankers/Brokers/Service,51,123.83000183105469,-0.7295142282338851,92,91,B+
OR,OR Royalties Inc. Common Shares,Precious Metals,18,35.84000015258789,-24.640443069139963,55,98,B+
ORA,Ormat Technologies Inc. Common Stock,Electric Utilities: Central,71,96.6500015258789,-33.31781043429376,29,80,E
ORBS,Eightco Holdings Inc. Common Stock,Finance Companies,68,0.9380000233650208,-96.10949813513363,20,37,A-
ORC,Orchid Island Capital Inc. Common Stock,Real Estate Investment Trusts,57,6.349999904632568,-14.120638283067333,48,38,D+
ORCL,Oracle Corporation Common Stock,Computer Software: Prepackaged Software,103,152.94000244140625,-52.887894250082304,22,86,D+
ORGO,Organogenesis Holdings Inc. Class A Common Stock,Biotechnology: Pharmaceutical Preparations,62,1.5299999713897705,-76.60550488816419,9,7,E-
ORI,Old Republic International Corporation Common Stock,Property-Casualty Insurers,29,40.84000015258789,-7.727182778068331,58,76,C-
ORIC,Oric Pharmaceuticals Inc. Common Stock,Biotechnology: Pharmaceutical Preparations,62,12.069999694824219,-17.610921439497528,83,7,B+
ORIO,Orion Digital Corp. Common Shares,Finance: Consumer Services,114,1.100000023841858,-45.54455276096979,50,37,A+
ORIQ,Origin Investment Corp I Ordinary Shares,,,10.34000015258789,-0.6724274337200908,49,99,E+
ORKA,Oruka Therapeutics Inc. Common Stock,Biotechnology: In Vitro & In Vivo Diagnostic Substances,119,91.6500015258789,-18.95118496477646,99,12,B
ORKT,Orangekloud Technology Inc. Class A Ordinary Shares,Computer Software: Prepackaged Software,103,1.0499999523162842,-60.22727611390013,18,,C
ORLY,O'Reilly Automotive Inc. Common Stock,Auto & Home Supply Stores,107,85.51000213623047,-20.691891691467625,33,80,D
ORMP,Oramed Pharmaceuticals Inc. Common Stock,Biotechnology: Pharmaceutical Preparations,62,4.760000228881836,-10.8614214818884,94,96,C
ORN,Orion Group Holdings Inc. Common,Military/Government/Technical,98,9.0600004196167,-47.141185867903744,30,45,E
ORRF,Orrstown Financial Services Inc. Common Stock,Major Banks,12,42.34000015258789,-2.6218937480462667,72,75,C
OSBC,Old Second Bancorp Inc. Common Stock,Major Banks,12,25.530000686645508,-1.4666119760882834,82,54,C+
OSCR,Oscar Health Inc. Class A Common Stock,Medical Specialities,15,32.58000183105469,-1.3026249995233052,94,95,C+
OSG,Octave Specialty Group Inc. Common Stock,Property-Casualty Insurers,29,4.989999771118164,-50.49603364199709,23,62,C-
OSIS,OSI Systems Inc. Common Stock (DE),Semiconductors,41,201.25,-35.01356084999065,28,69,E
OSK,Oshkosh Corporation (Holding Company)Common Stock,Auto Manufacturing,138,147.77000427246094,-16.27859509084234,65,58,C+
OSPN,OneSpan Inc. Common Stock,EDP Services,126,16.489999771118164,-1.786784562541266,82,70,B
OSS,One Stop Systems Inc. Common Stock,Computer Manufacturing,81,8.90999984741211,-55.33834833748998,42,43,E-
OSTX,OS Therapies Incorporated Common Stock,Biotechnology: Pharmaceutical Preparations,62,1.8200000524520874,-21.212116989832218,50,,D
OSUR,OraSure Technologies Inc. Common Stock,Medical/Dental Instruments,98,3.2300000190734863,-28.222221798366974,44,63,E+
OSW,OneSpaWorld Holdings Limited Common Shares,Hotels/Resorts,86,21.920000076293945,-23.424182605090582,47,93,E
OTEX,Open Text Corporation Common Shares,EDP Services,126,22.610000610351562,-40.59493107967804,33,83,D
OTF,Blue Owl Technology Finance Corp. Common Stock,,,10.6899995803833,-21.88082272813944,36,58,B-
OTIS,Otis Worldwide Corporation Common Stock,Consumer Electronics/Appliances,93,67.88999938964844,-26.601858494862984,31,57,D-
OTLK,Outlook Therapeutics Inc. Common Stock,Biotechnology: Biological Products (No Diagnostic Substances),51,0.6610000133514404,-73.23886616619357,25,26,E-
OTLY,Oatly Group AB American Depositary Shares,Packaged Foods,109,12.529999732971191,-30.735214885121522,75,17,A
OTTR,Otter Tail Corporation Common Stock,Electric Utilities: Central,71,87.93000030517578,-6.151161860886123,54,68,C
OUST,Ouster Inc. Common Stock,Industrial Machinery/Components,93,35.22999954223633,-43.650033134538305,73,7,D-
OUT,OUTFRONT Media Inc. Common Stock,Real Estate Investment Trusts,57,28.420000076293945,-14.98781038168653,71,93,D
OVBC,Ohio Valley Banc Corp. Common Stock,Major Banks,12,46.619998931884766,-6.446914206823906,63,44,C+
OVID,Ovid Therapeutics Inc. Common Stock,Biotechnology: Pharmaceutical Preparations,62,2.630000114440918,-11.148645927472423,91,17,B
OVLY,Oak Valley Bancorp (CA) Common Stock,Major Banks,12,34.540000915527344,-0.9747710498171247,66,45,C+
OVV,Ovintiv Inc. (DE),Oil & Gas Production,11,64.0,-4.349130926377887,84,39,B-
OWL,Blue Owl Capital Inc. Class A Common Stock,Investment Managers,46,10.430000305175781,-41.01565710683624,40,90,C+
OWLS,OBOOK Holdings Inc. Class A Common Shares,Computer Software: Prepackaged Software,103,5.340000152587891,-90.38703829715757,19,,C-
OWLT,Owlet Inc. Class A Common Stock,Industrial Machinery/Components,93,4.690000057220459,-71.6101699318273,22,17,C-
OXBR,Oxbridge Re Holdings Limited Ordinary Shares,Property-Casualty Insurers,29,1.3899999856948853,-49.454545974731445,84,63,A
OXLC,Oxford Lane Capital Corp. Common Stock,Investment Managers,46,9.569999694824219,-26.081961013501065,52,,C+
OXM,Oxford Industries Inc. Common Stock,Garments and Clothing,109,30.950000762939453,-35.81691355987417,24,32,E-
OXSQ,Oxford Square Capital Corp. Common Stock,Blank Checks,57,1.340000033378601,-24.924684144936382,38,30,D
OXY,Occidental Petroleum Corporation Common Stock,Oil & Gas Production,11,61.15999984741211,-6.816972119009879,78,96,B
OZK,Bank OZK Common Stock,Major Banks,12,48.77000045776367,-8.137125037498494,51,51,D
P,Everpure Inc. Class A common stock,Electronic Components,2,94.0999984741211,-20.3622244772354,87,96,C+
PAAI,Paradium.AI Inc. Common Stock,EDP Services,126,1.059999942779541,-84.06015146499072,9,41,A+
PAAS,Pan American Silver Corp. Common Stock,Precious Metals,18,50.650001525878906,-25.58006502611223,70,81,B-
PAC,Grupo Aeroportuario Del Pacifico S.A. B. de C.V. Grupo Aeroportuario Del Pacifico S.A. de C.V. (each representing 10 Series B shares),Aerospace,116,204.55999755859375,-31.906396236832492,32,46,D
PACB,Pacific Biosciences of California Inc. Common Stock,Biotechnology: Laboratory Analytical Instruments,31,1.2699999809265137,-52.43445900236383,30,17,C-
PACH,Pioneer Acquisition I Corp Class A Ordinary Shares,,,10.335000038146973,0.0,51,,C
PACK,Ranpak Holdings Corp Class A Common Stock,Containers/Packaging,91,3.9800000190734863,-47.90575800226697,22,17,E
PACS,PACS Group Inc. Common Stock,Hospital/Nursing Management,23,44.849998474121094,-7.430345164353613,98,85,B
PAG,Penske Automotive Group Inc. Common Stock,Retail-Auto Dealers and Gas Stations,86,216.61000061035156,-2.4141238284301036,83,46,B+
PAGS,PagSeguro Digital Ltd. Class A Common Shares,EDP Services,126,10.130000114440918,-13.556713296774914,64,85,B
PAHC,Phibro Animal Health Corporation Class A Common Stock,Biotechnology: Pharmaceutical Preparations,62,36.58000183105469,-38.15070423252873,44,89,B
PAL,Proficient Auto Logistics Inc. Common Stock,Transportation Services,113,4.989999771118164,-52.65654848976985,15,17,E-
PALI,Palisade Bio Inc. Common Stock,Biotechnology: Biological Products (No Diagnostic Substances),51,2.009999990463257,-28.214284832380244,94,,B
PAM,Pampa Energia S.A.,Electric Utilities: Central,71,88.44999694824219,-4.140023662947945,67,87,B-
PAMT,PAMT CORP Common Stock,Trucking Freight/Courier Services,24,13.350000381469727,-23.974938567839644,70,26,C
PANL,Pangaea Logistics Solutions Ltd. Common Shares,Marine Transportation,3,8.319999694824219,-9.30750354020995,79,79,C+
PANW,Palo Alto Networks Inc. Common Stock,Computer peripheral equipment,55,338.489990234375,-14.522729738794194,94,90,D+
PAPL,Pineapple Financial Inc. Common Stock,Finance: Consumer Services,114,0.949999988079071,-85.58421902758218,21,37,E-
PAR,PAR Technology Corporation Common Stock,Office Equipment/Supplies/Services,24,17.6200008392334,-61.46949264025352,36,17,B
PARA,Banzai International Inc. Class A Common Stock,Broadcasting,98,0.9800000190734863,-98.64781779063973,2,,E+
PARK,Park Dental Partners Inc. Common Stock,Misc Health and Biotechnology Services,21,21.290000915527344,-7.635567808190724,90,30,A
PARR,Par Pacific Holdings Inc.  Common Stock,Oil & Gas Production,11,83.58999633789062,-2.8362228013810387,96,89,B
PASG,Passage Bio Inc. Common Stock,Biotechnology: Biological Products (No Diagnostic Substances),51,4.985000133514404,-74.88664968405756,21,,E+
PASW,Ping An Biomedical Co. Ltd. Class A Ordinary Shares,Apparel,109,0.14399999380111694,-89.25373207356992,12,,A+
PATH,UiPath Inc. Class A Common Stock,Computer Software: Prepackaged Software,103,13.869999885559082,-28.097463829592005,66,86,C+
PATK,Patrick Industries Inc. Common Stock,Auto Parts:O.E.M.,68,74.86000061035156,-47.89953135304419,22,48,E+
PAVM,PAVmed Inc. Common Stock,Medical/Dental Instruments,98,4.269999980926514,-74.35435388133999,11,41,E-
PAVS,Paranovus Entertainment Technology Ltd. Class A Ordinary Shares,EDP Services,126,4.599999904632568,-99.99663742697031,1,,A+
PAX,Patria Investments Limited Class A Common Shares,Investment Managers,46,10.75,-36.42578925823944,32,38,D
PAY,Paymentus Holdings Inc. Class A Common Stock,Business Services,78,36.279998779296875,-18.654708474153548,88,99,B+
PAYC,Paycom Software Inc. Common Stock,Computer Software: Prepackaged Software,103,216.0399932861328,-10.177952166754988,90,83,A-
PAYO,Payoneer Global Inc. Common Stock,Business Services,78,7.119999885559082,-0.8356538191369944,74,59,B+
PAYP,PayPay Corporation American Depository Shares,Business Services,78,18.239999771118164,-25.73289833979121,69,95,A-
PAYS,Paysign Inc. Common Stock,EDP Services,126,13.34000015258789,-5.657709839537894,98,89,A-
PAYX,Paychex Inc. Common Stock,Diversified Commercial Services,65,115.18000030517578,-11.226165315594017,63,73,C
PB,Prosperity Bancshares Inc. Common Stock,Major Banks,12,71.48999786376953,-4.9966805797082685,57,56,D
PBA,Pembina Pipeline Corp. Ordinary Shares (Canada),Oil & Gas Production,11,48.34000015258789,-5.898382017322157,67,54,C-
PBAM,Private Bancorp of America Inc. Common Stock,Major Banks,12,90.8499984741211,-0.12093295015253025,89,72,B+
PBF,PBF Energy Inc. Class A Common Stock,Integrated oil Companies,1,77.08000183105469,0.0,98,65,A-
PBFS,Pioneer Bancorp Inc. Common Stock,Banks,14,18.079999923706055,-2.4811271257059953,79,52,C
PBH,Prestige Consumer Healthcare Inc. Common Stock,Biotechnology: Pharmaceutical Preparations,62,47.34000015258789,-32.57370635252237,27,57,D+
PBHC,Pathfinder Bancorp Inc. Common Stock (MD),Major Banks,12,17.200000762939453,0.0,76,63,B-
PBI,Pitney Bowes Inc. Common Stock,Office Equipment/Supplies/Services,24,16.969999313354492,-7.790504206610061,88,84,C
PBK,PowerBank Corporation Common Stock,Power Generation,77,0.35100001096725464,-83.75000013797371,6,26,E
PBLS,Parabilis Medicines Inc. Common Stock,Biotechnology: Pharmaceutical Preparations,62,36.31999969482422,-12.100677727319308,70,,C-
PBM,Psyence Biomedical Ltd. Common Shares,Biotechnology: Pharmaceutical Preparations,62,4.96999979019165,-97.59939632775648,53,,A+
PBR,Petroleo Brasileiro S.A. Petrobras ADS,Oil & Gas Production,11,21.3799991607666,0.0,90,92,A-
PBT,Permian Basin Royalty Trust Common Stock,Oil & Gas Production,11,35.54999923706055,0.0,94,,B+
PBYI,Puma Biotechnology Inc Common Stock,Biotechnology: Pharmaceutical Preparations,62,9.170000076293945,-5.366352183771572,93,47,B
PCAR,PACCAR Inc. Common Stock,Auto Manufacturing,138,122.56999969482422,-11.08128796155775,67,71,C-
PCB,PCB Bancorp Common Stock,Major Banks,12,27.8700008392334,-8.263345391895749,77,85,C-
PCG,Pacific Gas & Electric Co. Common Stock,Power Generation,77,14.029999732971191,-26.158177826454022,31,77,E-
PCLA,PicoCELA Inc. American Depositary Shares,Building Products,48,9.720000267028809,-39.776947741008996,96,,A+
PCOR,Procore Technologies Inc. Common Stock,Computer Software: Prepackaged Software,103,53.209999084472656,-33.15326620041097,42,92,B
PCRX,Pacira BioSciences Inc. Common Stock,Biotechnology: Pharmaceutical Preparations,62,25.15999984741211,-8.906592748277287,56,56,D-
PCSA,Processa Pharmaceuticals Inc. Common Stock,Biotechnology: Pharmaceutical Preparations,62,1.850000023841858,-84.55114851850382,14,26,E-
PCT,PureCycle Technologies Inc. Common stock,Major Chemicals,65,5.829999923706055,-61.46728433834197,15,7,E
PCTY,Paylocity Holding Corporation Common Stock,Computer Software: Prepackaged Software,103,142.86000061035156,-16.90804007666581,66,86,B
PCVX,Vaxcyte Inc. Common Stock,Biotechnology: Biological Products (No Diagnostic Substances),51,58.900001525878906,-6.9510233241923185,86,7,B
PCYO,Pure Cycle Corporation Common Stock,Water Supply,28,11.050000190734863,-7.453931498545884,54,78,B-
PD,PagerDuty Inc. Common Stock,Computer Software: Prepackaged Software,103,13.75,-17.318095647058595,88,98,A-
PDC,Perpetuals.com Ltd American Depositary Shares,EDP Services,126,2.9700000286102295,-64.3243231632891,19,,B-
PDCC,Pearl Diver Credit Company Inc. Common Stock,,,8.949999809265137,-38.58413528884108,26,,E
PDD,PDD Holdings Inc. American Depositary Shares,Business Services,78,77.83999633789062,-43.64729342916554,24,70,E+
PDEX,Pro-Dex Inc. Common Stock,Medical/Dental Instruments,98,59.84000015258789,-18.485223855840303,81,77,D-
PDFS,PDF Solutions Inc. Common Stock,Computer Software: Prepackaged Software,103,47.15999984741211,-33.38042204055424,88,96,D-
PDLB,Ponce Financial Group Inc. Common Stock,Savings Institutions,9,20.43000030517578,-1.5895949906924889,76,87,C+
PDM,Piedmont Realty Trust Inc. Class A Common Stock,Building operators,71,9.40999984741211,-5.522090247272615,69,7,C
PDS,Precision Drilling Corporation Common Stock,Oil & Gas Production,11,89.26000213623047,-12.455862163867215,69,43,C+
PDSB,PDS Biotechnology Corporation Common Stock,Biotechnology: Pharmaceutical Preparations,62,0.3149999976158142,-77.97202733077303,5,7,A+
PDYN,Palladyne AI Corp. Common Stock,Computer Software: Prepackaged Software,103,5.630000114440918,-45.339805726360474,32,7,C-
PEB,Pebblebrook Hotel Trust Common Shares of Beneficial Interest,Real Estate Investment Trusts,57,18.079999923706055,-8.455696588830108,87,32,D
PEBK,Peoples Bancorp of North Carolina Inc. Common Stock,Major Banks,12,44.34000015258789,-1.5398407165898353,75,7,C
PEBO,Peoples Bancorp Inc. Common Stock,Major Banks,12,39.7599983215332,-4.8900630310034,80,80,C+
PECO,Phillips Edison & Company Inc. Common Stock,Real Estate Investment Trusts,57,38.720001220703125,-11.78475033269043,54,85,D+
PED,Pedevco Corp. Common Stock,Oil & Gas Production,11,14.479999542236328,-20.352039058470616,63,35,A-
PEG,Public Service Enterprise Group Incorporated Common Stock,Power Generation,77,72.4800033569336,-14.469448715425537,37,60,D
PEGA,Pegasystems Inc. Common Stock,EDP Services,126,35.720001220703125,-46.141703732965276,28,70,C-
PEN,Penumbra Inc. Common Stock,Medical/Dental Instruments,98,317.7799987792969,-11.580410635503524,52,87,D+
PENG,Penguin Solutions Inc. Common Stock,Semiconductors,41,48.619998931884766,-40.2629324284422,95,76,E
PENN,PENN Entertainment Inc. Common Stock,Hotels/Resorts,86,17.110000610351562,-22.438798619342403,42,68,D
PEP,PepsiCo Inc. Common Stock,Beverages (Production/Distribution),119,136.64999389648438,-17.40879524293525,40,68,D+
PEPG,PepGen Inc. Common Stock,Biotechnology: Pharmaceutical Preparations,62,3.0199999809265137,-57.88005650220994,91,7,A
PERF,Perfect Corp. Class A Ordinary Share,Computer Software: Prepackaged Software,103,1.9199999570846558,-8.133969572540567,69,53,A-
PERI,Perion Network Ltd. Ordinary Shares,EDP Services,126,9.079999923706055,-17.90235461834878,56,66,D+
PESI,Perma-Fix Environmental Services Inc. Common Stock,Environmental Services,81,18.25,-6.073084336810086,94,26,A
PETS,PetMed Express Inc. Common Stock,Retail-Drug Stores and Proprietary Stores,123,1.7000000476837158,-56.41025625350521,30,1,A-
PETZ,TDH Holdings Inc. Common Shares,Real Estate,71,1.3799999952316284,-18.823531969195763,61,,A+
PEW,GrabAGun Digital Holdings Inc. Common Stock,Other Specialty Stores,121,2.319999933242798,-65.11278345907134,20,17,A
PFAI,Pinnacle Food Group Limited Class A Common Shares,Farming/Seeds/Milling,91,3.00600004196167,-34.223196300912406,69,,D-
PFE,Pfizer Inc. Common Stock,Biotechnology: Pharmaceutical Preparations,62,27.649999618530273,-4.720884967687466,65,39,B-
PFG,Principal Financial Group Inc Common Stock,Accident &Health Insurance,4,114.95999908447266,-2.9955303246699705,80,56,B
PFGC,Performance Food Group Company Common Stock,Food Distributors,80,94.3499984741211,-19.117019082773467,43,52,E+
PFIS,Peoples Financial Services Corp. Common Stock,Major Banks,12,71.69999694824219,-0.18098966935609084,85,45,C+
PFLT,PennantPark Floating Rate Capital Ltd. Common Stock,Finance: Consumer Services,114,7.079999923706055,-20.49592499632943,31,99,D
PFS,Provident Financial Services Inc Common Stock,Savings Institutions,9,23.31999969482422,-6.8593724920131045,67,49,C-
PFSA,Profusa Inc. Common Stock,Medical/Dental Instruments,98,2.5,-99.92769342010122,1,,A+
PFSI,PennyMac Financial Services Inc. Common Stock,Finance: Consumer Services,114,69.80999755859375,-55.75254327216056,20,39,E
PFX,PhenixFIN Corporation Common Stock,Finance: Consumer Services,114,45.04999923706055,-17.202721258226116,54,99,A
PG,Procter & Gamble Company (The) Common Stock,Package Goods/Cosmetics,55,142.97000122070312,-13.204611186999182,43,62,D+
PGC,Peapack-Gladstone Financial Corporation Common Stock,Commercial Banks,7,46.040000915527344,-4.6351448487209845,85,91,C-
PGEN,Precigen Inc. Common Stock,Biotechnology: Pharmaceutical Preparations,62,6.679999828338623,-10.215056761246421,96,37,A-
PGNY,Progyny Inc. Common Stock,Misc Health and Biotechnology Services,21,27.079999923706055,-16.31644186359039,73,75,D
PGR,Progressive Corporation (The) Common Stock,Property-Casualty Insurers,29,216.19000244140625,-7.800236105166691,53,76,C
PGY,Pagaya Technologies Ltd. Class A Ordinary Shares,Finance: Consumer Services,114,20.299999237060547,-53.66355032931695,73,89,B+
PH,Parker-Hannifin Corporation Common Stock,Metal Fabrications,47,934.3400268554688,-12.817956592096024,62,75,D+
PHAR,Pharming Group N.V. ADS each representing 10 ordinary shares,Biotechnology: Pharmaceutical Preparations,62,10.805000305175781,-48.98489070118025,22,53,C
PHAT,Phathom Pharmaceuticals Inc. Common Stock,Biotechnology: Pharmaceutical Preparations,62,8.369999885559082,-53.7057526500067,20,7,E
PHG,Koninklijke Philips N.V. NY Registry Shares,Medical Electronics,116,24.600000381469727,-22.33799663170212,38,94,D-
PHI,PLDT Inc. Sponsored ADR,Telecommunications Equipment,103,18.09000015258789,-20.219752192903872,46,58,C+
PHIN,PHINIA Inc. Common Stock,Auto Parts:O.E.M.,68,66.01000213623047,-22.145719260515694,49,90,E+
PHIO,Phio Pharmaceuticals Corp. Common Stock,Biotechnology: Pharmaceutical Preparations,62,1.0099999904632568,-59.27419424615219,25,26,E-
PHM,PulteGroup Inc. Common Stock,Homebuilding,93,116.41000366210938,-17.995428667739553,39,56,D
PHOE,Phoenix Asia Holdings Limited Ordinary Shares,Engineering & Construction,71,18.979999542236328,-85.7421873208995,89,,A
PHR,Phreesia Inc. Common Stock,Business Services,78,10.170000076293945,-60.086341212699466,25,98,D+
PHUN,Phunware Inc. Common Stock,EDP Services,126,2.0199999809265137,-33.9869274934805,45,7,D+
PHVS,Pharvaris N.V. Ordinary Shares,Biotechnology: Pharmaceutical Preparations,62,37.5099983215332,-0.8720978586785777,87,7,A
PI,Impinj Inc. Common Stock,Industrial Machinery/Components,93,171.7899932861328,-28.985990374303626,84,35,B+
PICS,PicS N.V. Class A Common Shares,Finance: Consumer Services,114,10.510000228881836,-44.68420932167455,26,96,D-
PII,Polaris Inc. Common Stock,Industrial Specialties,68,57.939998626708984,-21.61048947771853,41,69,E+
PIII,P3 Health Partners Inc. Class A Common Stock,Medical/Nursing Services,48,8.359999656677246,-49.24104429137015,84,17,A-
PIM,Franklin Master Intermediate Income Trust Shares of Beneficial Interest,Finance Companies,68,3.0799999237060547,-4.5738803154343195,46,,E+
PINE,Alpine Income Property Trust Inc. Common Stock,Real Estate Investment Trusts,57,18.489999771118164,-13.526730612080694,59,63,D
PINS,Pinterest Inc. Class A Common Stock,Computer Software: Programming Data Processing,103,18.780000686645508,-48.53384537461444,23,77,E
PIPR,Piper Sandler Companies Common Stock,Investment Bankers/Brokers/Service,51,76.11000061035156,-17.507450541962843,43,67,C-
PJT,PJT Partners Inc. Class A Common Stock,Investment Managers,46,171.74000549316406,-9.860126922904422,60,81,C
PK,Park Hotels & Resorts Inc. Common Stock,Hotels/Resorts,86,15.319999694824219,-5.256650448108968,86,96,C+
PKBK,Parke Bancorp Inc. Common Stock,Major Banks,12,34.59000015258789,-1.537150296352996,84,70,C
PKE,Park Aerospace Corp. Common Stock,Military/Government/Technical,98,30.709999084472656,-19.670417336666745,79,76,B-
PKG,Packaging Corporation of America Common Stock,Containers/Packaging,91,232.41000366210938,-9.719142961396566,64,68,C+
PKOH,Park-Ohio Holdings Corp. Common Stock,Industrial Specialties,68,45.779998779296875,-12.816605898607513,96,75,B+
PKX,POSCO HOLDINGS INC. American Depositary Shares (Each representing 1/4th of a share of Common Stock),Steel/Iron Ore,39,61.599998474121094,-32.8390780044858,63,,B-
PL,Planet Labs PBC Class A Common Stock,Radio And Television Broadcasting And Communications Equipment,81,16.690000534057617,-67.5291828042952,43,17,E-
PLAB,Photronics Inc. Common Stock,Semiconductors,41,28.3799991607666,-48.36244608165479,55,83,D
PLAG,Planet Green Holdings Corp. Common Stock,Packaged Foods,109,0.7200000286102295,-87.60757253526276,7,,A+
PLAY,Dave & Buster's Entertainment Inc. Common Stock,Restaurants,81,8.170000076293945,-66.22571353484996,11,31,E
PLBC,Plumas Bancorp,Finance Companies,68,62.720001220703125,-1.3371063051779375,83,67,C+
PLBL,Polibeli Group Ltd Class A Ordinary Shares,Consumer Electronics/Appliances,93,5.659999847412109,-51.8297885326629,19,,C
PLBY,Playboy Inc. Common Stock,Other Specialty Stores,121,1.1449999809265137,-57.74907878933335,17,34,B-
PLCE,Children's Place Inc. (The) Common Stock,Clothing/Shoe/Accessory Stores,122,2.430000066757202,-73.50054474874894,11,1,E
PLD,Prologis Inc. Common Stock,Real Estate Investment Trusts,57,134.41000366210938,-10.42915777095994,54,92,D-
PLG,Platinum Group Metals Ltd. Ordinary Shares (Canada),Precious Metals,18,1.4600000381469727,-58.04597614526214,31,37,B-
PLGO,Pelagos Insurance Capital Limited Common Shares,Property-Casualty Insurers,29,25.170000076293945,-3.1177809092165165,83,95,D-
PLMR,Palomar Holdings Inc. Common stock,Property-Casualty Insurers,29,132.9199981689453,-8.195455092517555,69,73,B-
PLNT,Planet Fitness Inc. Common Stock,Hotels/Resorts,86,49.97999954223633,-55.36304456787388,19,89,D-
PLOW,Douglas Dynamics Inc. Common Stock,Construction/Ag Equipment/Trucks,4,40.52000045776367,-25.239852606293333,57,58,D
PLPC,Preformed Line Products Company Common Stock,Water Sewer Pipeline Comm & Power Line Construction,93,404.0400085449219,-15.959810766509385,93,88,D+
PLRX,Pliant Therapeutics Inc. Common Stock,Biotechnology: Pharmaceutical Preparations,62,1.1299999952316284,-39.57219292244888,30,17,B
PLRZ,Polyrizon Ltd. Ordinary Shares,Medical/Dental Instruments,98,11.229999542236328,-34.59522718499449,71,,E-
PLSE,Pulse Biosciences Inc Common Stock (DE),Medical/Dental Instruments,98,54.43000030517578,-0.5117872125432799,99,1,A
PLSM,Pulsenmore Ltd. Ordinary Shares,Medical/Dental Instruments,98,2.450000047683716,-66.71195647772578,9,,A-
PLTK,Playtika Holding Corp. Common Stock,EDP Services,126,2.2200000286102295,-47.91945862017276,16,46,E
PLTR,Palantir Technologies Inc. Class A Common Stock,Computer Software: Prepackaged Software,103,165.86000061035156,-19.944006914843314,65,98,A-
PLUG,Plug Power Inc. Common Stock,Industrial Machinery/Components,93,2.109999895095825,-49.03381731538599,44,,D
PLUR,Pluri Inc. Common Stock,Biotechnology: Biological Products (No Diagnostic Substances),51,1.25,-75.68093322043858,8,26,E-
PLUS,ePlus inc. Common Stock,Retail: Computer Software & Peripheral Equipment,26,88.01000213623047,-9.030045765532913,64,44,C
PLUT,Plutus Financial Group Limited Ordinary Shares,Investment Bankers/Brokers/Service,51,2.690000057220459,-31.898733550702662,30,,B
PLX,Protalix BioTherapeutics Inc. (DE) Common Stock,Biotechnology: Biological Products (No Diagnostic Substances),51,2.7300000190734863,-13.33333535169161,87,,B+
PLXS,Plexus Corp. Common Stock,Electrical Products,20,246.94000244140625,-18.721612636298012,83,83,D-
PLYX,Polaryx Therapeutics Inc. Common Stock,Biotechnology: Pharmaceutical Preparations,62,1.9900000095367432,-94.31428568703788,8,26,D-
PM,Philip Morris International Inc Common Stock,Medicinal Chemicals and Botanical Products,129,189.77000427246094,-5.195580752169803,70,48,C
PMA,PMA Graphene Technology Group Inc. Class A Ordinary Shares,Engineering & Construction,71,1.2200000286102295,-58.922558354953566,27,,A-
PMAX,Powell Max Limited Class A Ordinary Shares,Other Consumer Services,132,0.9190000295639038,-97.54933325449626,4,,A
PMCB,PharmaCyte  Biotech Inc. Common Stock,Biotechnology: Biological Products (No Diagnostic Substances),51,0.4422999918460846,-63.74590315789309,11,,E
PMEC,Primech Holdings Ltd. Ordinary Shares,Diversified Commercial Services,65,0.4699999988079071,-78.82882915536997,10,,E
PMI,Picard Medical Inc. Common Stock,Medical/Dental Instruments,98,4.409999847412109,-99.33181820493756,3,,A+
PMM,Franklin Managed Municipal Income Trust Shares of Beneficial Interest,Investment Managers,46,5.940000057220459,-9.059250237680317,45,,D
PMN,ProMIS Neurosciences Inc. Common Shares (ON),Biotechnology: Pharmaceutical Preparations,62,13.399999618530273,-45.94594948103807,81,,A
PMO,Franklin Municipal Opportunities Trust Shares of Beneficial Interest,Finance Companies,68,9.760000228881836,-8.633111765927403,41,,D
PMT,PennyMac Mortgage Investment Trust Common Shares of Beneficial Interest,Real Estate Investment Trusts,57,9.170000076293945,-28.57518084170596,32,74,D-
PMTS,CPI Card Group Inc. Common Stock,Publishing,78,26.940000534057617,-11.672129396532405,94,84,A-
PMVP,PMV Pharmaceuticals Inc. Common Stock,Biotechnology: Pharmaceutical Preparations,62,1.440000057220459,-19.99999470180921,70,26,A+
PN,PN Smart Energy Limited Class A Ordinary Shares,Retail: Computer Software & Peripheral Equipment,26,2.430000066757202,-89.73384005523978,6,,A+
PNBK,Patriot National Bancorp Inc. Common Stock,Major Banks,12,0.949999988079071,-50.52083284826948,26,26,E
PNC,PNC Financial Services Group Inc. (The) Common Stock,Major Banks,12,242.97999572753906,-5.4442173898534225,71,87,C-
PNFP,Pinnacle Financial Partners Inc. Common stock,Major Banks,12,99.13999938964844,-8.641703113611609,60,89,C
PNNT,PennantPark Investment Corporation Common Stock,Finance: Consumer Services,114,3.5799999237060547,-38.590564310027595,28,54,D+
PNR,Pentair plc. Ordinary Share,Industrial Machinery/Components,93,56.72999954223633,-48.996822399238795,16,48,E
PNRG,PrimeEnergy Resources Corporation Common Stock,Oil & Gas Production,11,214.50999450683594,-21.30672534257686,71,50,B+
PNTG,The Pennant Group Inc. Common Stock,Medical/Nursing Services,48,39.29999923706055,-6.473110878323595,84,92,C+
PNW,Pinnacle West Capital Corporation Common Stock,Electric Utilities: Central,71,96.58999633789062,-10.882087025273234,53,54,D
POAS,Phaos Technology Holdings (Cayman) Limited Class A Ordinary Shares,Industrial Machinery/Components,93,0.16899999976158142,-97.43939390600657,4,,D
POCI,Precision Optics Corporation Inc. Common stock,Biotechnology: Electromedical & Electrotherapeutic Apparatus,57,4.389999866485596,-26.34228459081531,36,26,C+
PODC,PodcastOne Inc. Common Stock,Computer Software: Programming Data Processing,103,2.5299999713897705,-49.19678791767416,41,17,E
PODD,Insulet Corporation Common Stock,Medical/Dental Instruments,98,134.67999267578125,-61.11560273364769,14,97,E+
POET,POET Technologies Inc. Common Shares,Semiconductors,41,7.599999904632568,-63.05298970643707,49,7,D+
POLA,Polar Power Inc. Common Stock,Industrial Machinery/Components,93,1.2699999809265137,-75.90132854795122,16,26,A+
POM,POMDOCTOR LIMITED American Depositary Shares,Other Specialty Stores,121,0.7419999837875366,-99.32311625141729,3,,A
PONO,Pono Capital Four Inc. Class A Ordinary Shares,Blank Checks,57,10.029999732971191,0.0,50,,B-
PONY,Pony AI Inc. American Depositary Shares,EDP Services,126,6.630000114440918,-72.44388918700571,13,17,E
POOL,Pool Corporation Common Stock,Industrial Specialties,68,175.75999450683594,-45.36597131082032,25,44,D
POR,Portland General Electric Co Common Stock,Electric Utilities: Central,71,48.560001373291016,-9.481271907110479,52,47,D+
POST,Post Holdings Inc. Common Stock,Packaged Foods,109,80.27999877929688,-29.953757654856872,26,38,E
POWI,Power Integrations Inc. Common Stock,Semiconductors,41,49.689998626708984,-42.87547589754933,44,47,E
POWL,Powell Industries Inc. Common Stock,Electrical Products,20,176.88999938964844,-45.03053637018773,72,88,E
POWW,Outdoor Holding Company Common Stock,Ordnance And Accessories,35,2.119999885559082,-17.187502619344798,69,63,B+
PPBT,Purple Biotech Ltd. American Depositary Shares,Biotechnology: Pharmaceutical Preparations,62,1.7400000095367432,-83.58490616114972,8,63,A+
PPC,Pilgrim's Pride Corporation Common Stock,Meat/Poultry/Fish,112,29.93000030517578,-32.06990610009554,30,46,B
PPCB,Propanc Biopharma Inc. Common Stock,Biotechnology: Pharmaceutical Preparations,62,0.942799985408783,-98.32391113705106,6,26,A+
PPG,PPG Industries Inc. Common Stock,Paints/Coatings,71,105.05000305175781,-18.66526126316429,45,59,E+
PPHC,Public Policy Holding Company Inc. Common Stock,,,11.270000457763672,-22.861049126630782,52,26,A-
PPIH,Perma-Pipe International Holdings Inc. Common Stock,Pollution Control Equipment,41,29.3700008392334,-16.77529023154315,58,94,B-
PPL,PPL Corporation Common Stock,Electric Utilities: Central,71,34.209999084472656,-12.655766687421766,44,70,D+
PPLI,People Incorporated Common Stock,Computer Software: Programming Data Processing,103,37.540000915527344,-21.167572957688986,42,54,D+
PPSI,Pioneer Power Solutions Inc. Common Stock,Industrial Machinery/Components,93,2.9700000286102295,-51.15131470594048,21,,B
PPT,Franklin Premier Income Trust Shares of Beneficial Interest,Finance Companies,68,3.309999942779541,-5.126296939882014,45,,C-
PPTA,Perpetua Resources Corp. Common Shares,Precious Metals,18,23.670000076293945,-36.40516039766322,58,,B
PR,Permian Resources Corporation Class A Common Stock,Oil & Gas Production,11,23.700000762939453,-0.7121913293548277,89,78,B
PRAA,PRA Group Inc. Common Stock,Finance Companies,68,18.770000457763672,-15.56454860873372,70,45,B
PRAX,Praxis Precision Medicines Inc. Common Stock,Biotechnology: Pharmaceutical Preparations,62,338.57000732421875,-12.36248308649296,99,7,B+
PRCH,Porch Group Inc. Common Stock,Computer Software: Prepackaged Software,103,16.290000915527344,-13.763888608412934,94,32,A-
PRCT,PROCEPT BioRobotics Corporation Common Stock,Medical/Dental Instruments,98,20.06999969482422,-49.27975777202397,14,17,D+
PRDO,Perdoceo Education Corporation Common Stock,Other Consumer Services,132,32.84000015258789,-12.615437679589458,48,81,D-
PRE,Prenetics Global Limited Class A Ordinary Share,Blank Checks,57,23.65999984741211,-9.866667247953863,93,26,A
PRFX,PRF Technologies Ltd. Ordinary Shares,Biotechnology: Pharmaceutical Preparations,62,0.9279999732971191,-87.7894738823423,6,,A
PRG,PROG Holdings Inc. Common Stock,Diversified Commercial Services,65,37.150001525878906,-21.578418481262652,68,75,D-
PRGO,Perrigo Company plc Ordinary Shares,Biotechnology: Pharmaceutical Preparations,62,13.59000015258789,-35.47750452218759,69,46,B+
PRGS,Progress Software Corporation Common Stock (DE),Computer Software: Prepackaged Software,103,40.61000061035156,-13.356088039666336,64,89,B
PRHI,Presurance Holdings Inc. Common Stock,Property-Casualty Insurers,29,8.390000343322754,-40.957070226603356,91,32,A+
PRI,Primerica Inc. Common Stock,Life Insurance,10,289.0400085449219,-11.090593644134938,63,73,D+
PRIM,Primoris Services Corporation Common Stock,Water Sewer Pipeline Comm & Power Line Construction,93,72.97000122070312,-64.01040547203924,15,35,E+
PRK,Park National Corporation Common Stock,Major Banks,12,187.75999450683594,-11.183976990623856,68,82,B-
PRKS,United Parks & Resorts Inc. Common Stock,Services-Misc. Amusement & Recreation,89,37.90999984741211,-31.334902234993923,38,43,E+
PRLB,Proto Labs Inc. Common stock,Metal Fabrications,47,79.75,-13.61568428983534,86,87,C+
PRLD,Prelude Therapeutics Incorporated Common Stock,Biotechnology: Pharmaceutical Preparations,62,4.670000076293945,-29.56259433356363,98,7,A-
PRM,Perimeter Solutions SA Common Stock,Major Chemicals,65,30.540000915527344,-19.163573577818617,65,70,E+
PRMB,Primo Brands Corporation Class A Common Stock,Beverages (Production/Distribution),119,20.559999465942383,-18.600748494628693,47,97,E+
PRME,Prime Medicine Inc. Common Stock,Biotechnology: Biological Products (No Diagnostic Substances),51,3.3499999046325684,-49.77511444806564,46,26,B
PROF,Profound Medical Corp. Common Stock,Medical/Dental Instruments,98,5.960000038146973,-31.098262416344014,54,17,C-
PROK,ProKidney Corp. Class A Ordinary Shares,Biotechnology: Biological Products (No Diagnostic Substances),51,1.840000033378601,-44.24242242527618,36,7,B-
PROP,Prairie Operating Co. Common Stock,Oil & Gas Production,11,0.43700000643730164,-82.51999974250793,6,,E-
PROV,Provident Financial Holdings Inc. Common Stock,Savings Institutions,9,18.709999084472656,0.0,74,67,B
PRPL,Purple Innovation Inc. Common Stock,Home Furnishings,26,3.359999895095825,-88.00000037465777,4,17,E-
PRPO,Precipio Inc.  Common Stock,Biotechnology: Laboratory Analytical Instruments,31,26.90999984741211,-16.867467607774632,68,,C-
PRQR,ProQR Therapeutics N.V. Ordinary Shares,Biotechnology: Pharmaceutical Preparations,62,1.940000057220459,-36.3934397524449,65,,C
PRSO,Peraso Inc. Common Stock,Semiconductors,41,0.5299999713897705,-77.1551729896406,10,17,E
PRSU,Pursuit Attractions and Hospitality Inc. Common Stock,Services-Misc. Amusement & Recreation,89,48.119998931884766,-14.025374517795564,77,53,D+
PRTA,Prothena Corporation plc Ordinary Shares,Biotechnology: Pharmaceutical Preparations,62,9.020000457763672,-21.633359874920355,53,17,B-
PRTH,Priority Technology Holdings Inc. Common Stock,Business Services,78,5.764999866485596,-25.32383389685975,40,61,C
PRTS,CarParts.com Inc. Common Stock,Auto & Home Supply Stores,107,8.6899995803833,-13.100004196166992,89,,B
PRU,Prudential Financial Inc. Common Stock,Life Insurance,10,118.4800033569336,-4.221370385752731,72,96,C-
PRVA,Privia Health Group Inc. Common Stock,Medical/Nursing Services,48,20.3700008392334,-27.508894794655593,33,98,E+
PRZO,ParaZero Technologies Ltd. Ordinary Shares,Military/Government/Technical,98,0.796999990940094,-57.606383353107496,37,,A+
PS,Pershing Square Inc. Common Stock,Investment Managers,46,36.79999923706055,-29.10614010307827,87,,D-
PSA,Public Storage Common Stock,Real Estate Investment Trusts,57,294.6000061035156,-10.854236385962269,48,60,D-
PSBD,Palmer Square Capital BDC Inc. Common Stock,,,10.229999542236328,-13.579364487282387,41,32,C
PSEC,Prospect Capital Corporation Common Stock,Finance: Consumer Services,114,2.180000066757202,-20.054651048517425,42,57,C+
PSFE,Paysafe Limited Common Shares,Business Services,78,6.25,-56.59722107244123,23,17,E
PSHG,Performance Shipping Inc. Common Shares,Marine Transportation,3,1.7000000476837158,-33.33333021675055,28,36,C-
PSIG,PS International Group Ltd. Ordinary Shares,Integrated Freight & Logistics,141,2.2899999618530273,-80.67510642924549,7,,A-
PSIX,Power Solutions International Inc. Common Stock,Industrial Machinery/Components,93,40.290000915527344,-65.20124258048293,24,50,B+
PSKY,Paramount Skydance Corporation Class B Common Stock,Broadcasting,98,10.380000114440918,-46.660392217592204,34,32,B-
PSMT,PriceSmart Inc. Common Stock,Department/Specialty Retail Stores,45,169.50999450683594,-14.011636016415263,76,72,D-
PSN,Parsons Corporation Common Stock,EDP Services,126,45.880001068115234,-48.61686572103417,21,38,E+
PSNL,Personalis Inc. Common Stock,Medical Specialities,15,16.329999923706055,-11.153423997082735,97,7,A-
PSNY,Polestar Automotive Holding UK PLC Class A ADS,Auto Manufacturing,138,7.71999979019165,-74.26666736602783,7,,E-
PSNYW,Polestar Automotive Holding UK PLC Class C-1 ADS (ADW),Auto Manufacturing,138,4.139999866485596,-55.48387331636751,61,,A+
PSO,Pearson Plc Common Stock,Books,12,15.600000381469727,-10.9618994898123,66,,D-
PSQH,PSQ Holdings Inc. Class A Common Stock,Advertising,116,4.909999847412109,-88.43345168629835,9,17,A+
PSQL,Pasqal Holding SA Ordinary Share,EDP Services,126,7.789999961853027,-59.23600359471828,22,,E-
PSTL,Postal Realty Trust Inc. Class A Common Stock,Real Estate Investment Trusts,57,23.09000015258789,-6.57777344931988,81,93,C
PSUS,Pershing Square USA Ltd. Common Shares,,,38.4900016784668,-10.446714545348524,44,,B-
PSX,Phillips 66 Common Stock,Integrated oil Companies,1,258.510009765625,-0.8704613176998333,94,95,B+
PTC,PTC Inc. Common Stock,Computer Software: Prepackaged Software,103,128.72000122070312,-37.82543497093659,26,79,E+
PTCT,PTC Therapeutics Inc. Common Stock,Biotechnology: Pharmaceutical Preparations,62,67.37000274658203,-24.768285370527853,44,34,D-
PTEN,Patterson-UTI Energy Inc. Common Stock,Oil & Gas Production,11,12.899999618530273,-1.9011407395610358,94,1,B+
PTGX,Protagonist Therapeutics Inc. Common Stock,Biotechnology: Pharmaceutical Preparations,62,145.16000366210938,-8.485683942389455,95,97,B-
PTHS,Pelthos Therapeutics Inc. Common Stock,Biotechnology: Biological Products (No Diagnostic Substances),51,22.43000030517578,-40.05878834117544,27,17,D-
PTLE,PTL LTD Class A Ordinary Shares,Oil Refining/Marketing,126,7.0,-68.97163047114641,34,,D-
PTLO,Portillo's Inc. Class A Common Stock,Restaurants,81,4.099999904632568,-39.259260672110095,28,69,C-
PTN,Palatin Technologies Inc. Common Stock,Biotechnology: Pharmaceutical Preparations,62,12.020000457763672,-57.07142693655831,29,26,A
PTON,Peloton Interactive Inc. Class A Common Stock,Recreational Games/Products/Toys,93,4.920000076293945,-45.33333248562283,32,87,E
PTRN,Pattern Group Inc. Series A Common Stock,Catalog/Specialty Distribution,98,19.860000610351562,-32.44897663932562,81,48,C-
PUBM,PubMatic Inc. Class A Common Stock,Computer Software: Programming Data Processing,103,16.229999542236328,-8.717666392293111,95,38,A-
PUK,Prudential Public Limited Company Common Stock,Life Insurance,10,26.770000457763672,-19.29624518429073,47,,D-
PULM,Pulmatrix Inc. Common Stock,Biotechnology: Pharmaceutical Preparations,62,1.4600000381469727,-71.86897838053423,17,26,A-
PUMP,ProPetro Holding Corp. Common Stock,Oilfield Services/Equipment,15,11.5,-36.813189461962125,75,31,E+
PURR,Hyperliquid Strategies Inc Common Stock,Finance: Consumer Services,114,11.010000228881836,-14.18550043372484,98,,A
PUSA,Aureus Greenway Holdings Inc. Common Stock,Hotels/Resorts,86,3.6700000762939453,-53.03902687878872,27,,C
PVH,PVH Corp. Common Stock,Garments and Clothing,109,69.3499984741211,-29.75072049260975,38,79,D-
PVLA,Palvella Therapeutics Inc. Common Stock,Biotechnology: Pharmaceutical Preparations,62,150.38999938964844,-4.677698347569037,94,26,B
PW,Power REIT (MD) Common Stock,Real Estate Investment Trusts,57,6.75,-47.755418265166035,14,35,E
PWCM,PowerCompute Inc. Common Stock,Finance: Consumer Services,114,1.100000023841858,-96.879432556477,2,26,E
PWP,Perella Weinberg Partners Class A Common Stock,Finance: Consumer Services,114,15.170000076293945,-36.954354612488146,35,92,D+
PWR,Quanta Services Inc. Common Stock,Engineering & Construction,71,618.72998046875,-21.19294678307232,75,94,D
PWRL,Powerlaw Corp. Common Stock,,,10.199999809265137,-64.64471516674028,8,,E+
PXED,Phoenix Education Partners Inc. Common Stock,Other Consumer Services,132,26.790000915527344,-28.25128628090653,29,36,D
PXLW,Pixelworks Inc.  Common Stock,Computer Software: Prepackaged Software,103,6.880000114440918,-54.825999203998144,44,63,B+
PXS,Pyxis Tankers Inc. Common Stock,Marine Transportation,3,7.010000228881836,0.0,97,77,A+
PYPD,PolyPid Ltd. Ordinary Shares,Medical/Dental Instruments,98,5.159999847412109,-7.526883190618305,80,7,D
PYPL,PayPal Holdings Inc. Common Stock,Diversified Commercial Services,65,53.310001373291016,-29.194134647148594,62,67,B-
PYT,PPlus Tr GSC-2 Tr Ctf Fltg Rate,Finance: Consumer Services,114,23.5,-1.6736385979694512,54,,B
PYXS,Pyxis Oncology Inc. Common Stock,Biotechnology: Pharmaceutical Preparations,62,3.2699999809265137,-38.76404705078905,95,7,E
PZG,Paramount Gold Nevada Corp. Common Stock,Metal Mining,57,1.309999942779541,-50.93633313307364,59,26,C
PZZA,Papa John's International Inc. Common Stock,Restaurants,81,21.459999084472656,-59.700106745527926,12,39,E-
Q,Qnity Electronics Inc. Common Stock,Semiconductors,41,123.31999969482422,-29.741466768135094,66,41,C-
QBTS,D-Wave Quantum Inc. Common Stock,EDP Services,126,16.65999984741211,-62.79589034934382,23,7,D+
QCLS,Q/C Technologies Inc. Common Stock,Biotechnology: In Vitro & In Vivo Diagnostic Substances,119,1.649999976158142,-76.15606997157995,7,,E-
QCOM,QUALCOMM Incorporated Common Stock,Radio And Television Broadcasting And Communications Equipment,81,176.8800048828125,-28.890314244231906,59,58,C
QCRH,QCR Holdings Inc. Common Stock,Major Banks,12,101.93000030517578,-4.37188872578872,72,70,C
QDEL,QuidelOrtho Corporation Common Stock,Biotechnology: In Vitro & In Vivo Diagnostic Substances,119,12.149999618530273,-65.65856627551105,16,17,D
QFIN,Qfin Holdings Inc. American Depositary Shares,Finance: Consumer Services,114,8.470000267028809,-69.94233043757012,10,47,E-
QGEN,Qiagen N.V. Common Shares,Biotechnology: Biological Products (No Diagnostic Substances),51,42.130001068115234,-23.62551011404038,53,59,B-
QH,Quhuo Limited Class A Ordinary Shares,Business Services,78,4.019999980926514,-64.45623490911636,99,,B+
QLYS,Qualys Inc. Common Stock,Computer Software: Prepackaged Software,103,161.57000732421875,-17.515824332922648,88,71,B
QMCO,Quantum Corporation Common Stock,Electronic Components,2,23.030000686645508,-11.79624608084061,99,,A
QNBC,QNB Corp. Common Stock,Major Banks,12,44.95000076293945,-0.7726235761936984,73,44,B-
QNC,Quantum eMotion Corp. Common Shares,,,1.7100000381469727,-54.88126503012126,10,,C-
QNCX,Quince Therapeutics Inc. Common Stock,Biotechnology: Biological Products (No Diagnostic Substances),51,28.959999084472656,-96.70909101312812,37,36,A-
QNME,Quanome Technologies Inc. Common Stock,Integrated Freight & Logistics,141,0.32499998807907104,-77.73972742551706,8,37,A+
QNRX,Quoin Pharmaceuticals Ltd. American Depositary Shares,Biotechnology: Pharmaceutical Preparations,62,6.900000095367432,-69.05829447787484,45,17,A+
QNST,QuinStreet Inc. Common Stock,Business Services,78,18.030000686645508,-18.119889592061266,87,98,B
QNT,Quantinuum Inc. Class A Common Stock,EDP Services,126,48.66999816894531,-41.48130426781936,30,,D
QNTM,Quantum Biopharma Ltd. Class B Subordinate Voting Shares,Biotechnology: Pharmaceutical Preparations,62,3.2899999618530273,-83.54177088782929,22,26,D
QRHC,Quest Resource Holding Corporation Common Stock,Environmental Services,81,1.3700000047683716,-43.15352879764921,31,17,A-
QRVO,Qorvo Inc. Common Stock,Semiconductors,41,112.36000061035156,0.0,80,95,B+
QS,QuantumScape Corporation Class A Common Stock,Industrial Machinery/Components,93,5.179999828338623,-71.9088954538181,15,17,E+
QSI,Quantum-Si Incorporated Class A Common Stock,Industrial Machinery/Components,93,0.7390000224113464,-71.9011410549523,17,17,D
QSR,Restaurant Brands International Inc. Common Shares,Restaurants,81,76.48999786376953,-6.227782089077316,65,79,C
QTEX,QTREX Quantum Ltd. Ordinary Shares,Medical/Dental Instruments,98,0.8180000185966492,-73.44155717989828,24,,A
QTI,QT Imaging Holdings Inc. Common Stock,Biotechnology: Electromedical & Electrotherapeutic Apparatus,57,2.5999999046325684,-93.45911973677342,9,17,E-
QTRX,Quanterix Corporation Common Stock,Biotechnology: Laboratory Analytical Instruments,31,2.5,-68.98263188776745,13,33,C
QTTB,Q32 Bio Inc. Common Stock,Biotechnology: Pharmaceutical Preparations,62,10.720000267028809,-49.859678728610234,98,37,B
QTWO,Q2 Holdings Inc. Common Stock,Computer Software: Prepackaged Software,103,60.33000183105469,-28.383186893453384,62,97,B
QUAD,Quad Graphics Inc Class A Common Stock,Publishing,78,10.109999656677246,-5.873336628607639,92,98,A-
QUBT,Quantum Computing Inc. Common Stock,Computer Software: Prepackaged Software,103,7.820000171661377,-68.23720590943378,21,17,C-
QUCY,Quantum Cyber N.V. Ordinary Shares,Biotechnology: Pharmaceutical Preparations,62,1.3700000047683716,-61.51685318009537,52,,A
QUIK,QuickLogic Corporation Common Stock,Semiconductors,41,10.729999542236328,-54.80202339643518,74,7,E
QURE,uniQure N.V. Ordinary Shares,Biotechnology: Pharmaceutical Preparations,62,44.470001220703125,-37.002403275614085,97,26,B+
QXL,Quantum X Labs Inc. Common Stock,Computer Software: Prepackaged Software,103,4.610000133514404,-32.70072704093442,97,,A-
QXO,QXO Inc. Common Stock,RETAIL: Building Materials,126,12.289999961853027,-54.599186921295484,16,32,E+
R,Ryder System Inc. Common Stock,Rental/Leasing Companies,40,241.60000610351562,-13.468970313680284,68,75,D
RACC,Research Alliance Corporation III Class A Ordinary Shares,Blank Checks,57,11.4399995803833,-60.95563181478434,64,,E-
RACE,Ferrari N.V. Common Shares,Auto Manufacturing,138,408.6400146484375,-17.999529687266524,64,65,B-
RADX,Radiopharm Theranostics Limited American Depositary Shares,Biotechnology: Pharmaceutical Preparations,62,2.059999942779541,-80.62088503667071,8,,E-
RAIL,FreightCar America Inc. Common Stock,Railroads,33,6.659999847412109,-55.00000161093632,23,41,E+
RAIN,Rain Enhancement Technologies Holdco Inc. Class A Common Stock,Industrial Machinery/Components,93,0.7630000114440918,-90.61500614140444,4,26,E-
RAL,Ralliant Corporation Common Stock,Industrial Machinery/Components,93,64.68000030517578,-12.086099393906213,80,36,C+
RAMP,LiveRamp Holdings Inc. Common Stock,EDP Services,126,37.75,-0.6840261326344521,75,97,C-
RAND,Rand Capital Corporation Common Stock,Finance: Consumer Services,114,10.890000343322754,-28.07496710651254,42,63,A
RANI,Rani Therapeutics Holdings Inc. Class A Common Stock,Biotechnology: Pharmaceutical Preparations,62,0.8220000267028809,-71.15789283477693,43,17,A-
RAPP,Rapport Therapeutics Inc. Common Stock,Biotechnology: Pharmaceutical Preparations,62,43.459999084472656,-17.21904936290922,87,7,C+
RARE,Ultragenyx Pharmaceutical Inc. Common Stock,Biotechnology: Pharmaceutical Preparations,62,14.399999618530273,-60.59113503631271,11,17,E-
RAVE,Rave Restaurant Group Inc. Common Stock,Food Distributors,80,2.9700000286102295,-18.406594972106006,44,47,E
RAYA,Erayak Power Solution Group Inc. Class A Ordinary Shares,Metal Fabrications,47,2.190000057220459,-98.59795128040487,5,,C+
RBA,RB Global Inc. Common Stock,Business Services,78,80.54000091552734,-31.931854085234303,22,60,E-
RBB,RBB Bancorp Common Stock,Major Banks,12,26.68000030517578,-3.855458256317368,78,48,C
RBBN,Ribbon Communications Inc. Common Stock,EDP Services,126,1.9600000381469727,-51.48514711252672,18,41,D
RBC,RBC Bearings Incorporated Common Stock,Metal Fabrications,47,478.05999755859375,-26.32649805566786,43,94,E+
RBCAA,Republic Bancorp Inc. Class A Common Stock,Major Banks,12,97.23999786376953,-3.3783799150426286,83,61,C+
RBKB,Rhinebeck Bancorp Inc. Common Stock,Banks,14,13.069999694824219,0.0,81,51,D+
RBLX,Roblox Corporation Class A Common Stock,Computer Software: Prepackaged Software,103,44.880001068115234,-68.29612754864682,20,7,C
RBNE,Robin Energy Ltd. Common Stock,Marine Transportation,3,2.6700000762939453,-98.45217386881511,2,63,E-
RBRK,Rubrik Inc. Class A Common Stock,Computer Software: Prepackaged Software,103,88.91000366210938,-16.922064613174648,74,17,B
RC,Ready Capital Corporation Common Stock,Real Estate Investment Trusts,57,1.659999966621399,-59.869796839010924,24,17,B-
RCAT,Red Cat Holdings Inc. Common Stock,Computer Software: Prepackaged Software,103,8.079999923706055,-53.45622327404731,23,17,C+
RCBC,River City Bank Common stock,Major Banks,12,52.2400016784668,-1.508294161485113,82,,E-
RCEL,Avita Medical Inc. Common Stock,Medical/Dental Instruments,98,9.859999656677246,-11.964287280428188,98,17,A+
RCI,Rogers Communication Inc. Common Stock,Cable & Other Pay Television Services,81,36.09000015258789,-9.38014693578233,43,38,C
RCKT,Rocket Pharmaceuticals Inc. Common Stock,Biotechnology: Pharmaceutical Preparations,62,3.4800000190734863,-34.339624644598885,62,7,A-
RCKY,Rocky Brands Inc. Common Stock,Shoe Manufacturing,107,43.29999923706055,-14.408363625642329,80,85,B
RCL,Royal Caribbean Cruises Ltd. Common Stock,Marine Transportation,3,259.010009765625,-24.793846862732938,37,84,D
RCMT,RCM Technologies Inc. Common Stock,Professional Services,41,39.119998931884766,-6.8571454002743675,95,69,A
RCON,Recon Technology Ltd. Class A Ordinary Shares,Oilfield Services/Equipment,15,1.2899999618530273,-99.70814480501062,1,,E-
RCT,RedCloud Holdings plc Ordinary Shares,Computer Software: Programming Data Processing,103,0.20399999618530273,-90.37735815105931,4,,A
RCUS,Arcus Biosciences Inc. Common Stock,Biotechnology: Pharmaceutical Preparations,62,26.149999618530273,-17.168198063627273,86,1,D-
RDCM,Radcom Ltd. Ordinary Shares,Computer peripheral equipment,55,9.960000038146973,-38.28996025529637,23,83,E
RDDT,Reddit Inc. Class A Common Stock,EDP Services,126,155.33999633789062,-42.61756076939336,28,89,E
RDGT,Ridgetech Inc. Ordinary Shares,Retail-Drug Stores and Proprietary Stores,123,0.8399999737739563,-99.88954635453334,3,,A+
RDHL,Redhill Biopharma Ltd. American Depositary Shares,Biotechnology: Pharmaceutical Preparations,62,0.652999997138977,-74.08730150470508,15,,A+
RDI,Reading International Inc Class A Common Stock,Movies/Entertainment,6,2.140000104904175,-8.547000709448128,95,37,A+
RDIB,Reading International Inc Class B Common Stock,Movies/Entertainment,6,17.010000228881836,-7.09994142533219,95,37,A+
RDN,Radian Group Inc. Common Stock,Property-Casualty Insurers,29,36.220001220703125,-8.148595866266195,60,88,D
RDNT,RadNet Inc. Common Stock,Medical Specialities,15,74.27999877929688,-12.073868575195279,70,33,B+
RDNW,RideNow Group Inc. Class B Common Stock,EDP Services,126,5.570000171661377,-32.56658574674891,42,17,D
RDVT,Red Violet Inc. Common Stock,Computer Software: Prepackaged Software,103,73.05000305175781,-4.422343634596427,90,93,B+
RDW,Redwire Corporation Common Stock,Military/Government/Technical,98,10.869999885559082,-58.03088785460023,64,7,C
RDWR,Radware Ltd. Ordinary Shares,Business Services,78,28.0,-12.854033398130548,59,54,C-
RDY,Dr. Reddy's Laboratories Ltd Common Stock,Biotechnology: Pharmaceutical Preparations,62,11.710000038146973,-23.322821268313188,29,80,D-
RDZN,Roadzen Inc. Ordinary Shares,Specialty Insurers,48,1.149999976158142,-52.28216036507918,27,7,D+
REA,Rare Earths Americas Inc. Common Stock,Metal Mining,57,11.119999885559082,-59.71014589903809,13,,D-
REAL,The RealReal Inc. Common Stock,Other Specialty Stores,121,9.550000190734863,-43.491121856218186,43,7,E
REAX,Real REMAX Group Inc. Common Stock,Real Estate,71,18.530000686645508,-63.73776665369222,22,17,E-
REBN,Reborn Coffee Inc. Common Stock,Restaurants,81,0.8479999899864197,-70.34964961220716,10,,A+
RECT,Rectitude Holdings Ltd Ordinary Shares,Industrial Machinery/Components,93,1.284999966621399,-66.17111950794954,31,,A
REED,Reed's Inc. Common Stock,Beverages (Production/Distribution),119,0.8700000047683716,-92.74999996026358,6,17,E-
REFI,Chicago Atlantic Real Estate Finance Inc. Common Stock,Real Estate Investment Trusts,57,10.699999809265137,-10.246527279192396,42,43,C
REFR,Research Frontiers Incorporated Common Stock,Multi-Sector Companies,41,0.38999998569488525,-83.47457614276506,7,26,E
REG,Regency Centers Corporation Common Stock,Real Estate Investment Trusts,57,75.30999755859375,-8.91388814632197,51,78,D+
REGN,Regeneron Pharmaceuticals Inc. Common Stock,Biotechnology: Pharmaceutical Preparations,62,793.260009765625,-6.897646504284493,79,67,B
REI,Ring Energy Inc. Common Stock,Oil & Gas Production,11,1.5499999523162842,-21.71717487954443,86,60,B+
REKR,Rekor Systems Inc. Common Stock,Telecommunications Equipment,103,0.4749999940395355,-85.15625040745363,10,,E-
RELL,Richardson Electronics Ltd. Common Stock,Electronic Components,2,17.040000915527344,-21.679928120503533,89,70,C+
RELX,RELX PLC PLC American Depositary Shares (Each representing One Ordinary Share),Business Services,78,33.81999969482422,-27.233227514651915,37,,D+
RELY,Remitly Global Inc. Common Stock,Business Services,78,21.93000030517578,-18.536403257711775,83,99,D-
RENT,Rent the Runway Inc. Class A Common Stock,Other Specialty Stores,121,2.819999933242798,-69.96805292719606,15,41,E-
RENX,RenX Enterprises Corp. Common Stock,Environmental Services,81,1.809999942779541,-94.27215214895716,12,,D-
REPL,Replimune Group Inc. Common Stock,Biotechnology: Biological Products (No Diagnostic Substances),51,13.239999771118164,-17.1464321001771,94,7,A-
REPX,Riley Exploration Permian Inc. Common Stock,Oil & Gas Production,11,43.20000076293945,0.0,89,72,A-
RERE,ATRenew Inc. American Depositary Shares (every three of which representing two Class A ordinary shares),Other Specialty Stores,121,3.9800000190734863,-35.77082832023779,33,80,E
RES,RPC Inc. Common Stock,Oilfield Services/Equipment,15,6.460000038146973,-18.21488047539631,61,69,C-
RETO,ReTo Eco-Solutions Inc. Class A Shares,Industrial Machinery/Components,93,0.41100001335144043,-98.76204818100416,1,,A-
REVB,Revelation Biosciences Inc. Common Stock,Biotechnology: Pharmaceutical Preparations,62,0.9990000128746033,-89.88866395442209,13,7,E+
REX,REX American Resources Corporation,Major Chemicals,65,42.130001068115234,-17.65050587613255,68,96,C-
REXR,Rexford Industrial Realty Inc. Common Stock,Real Estate Investment Trusts,57,37.0,-13.242678471727409,51,32,B
REYN,Reynolds Consumer Products Inc. Common Stock,Containers/Packaging,91,21.56999969482422,-19.938691524209418,40,60,E+
REZI,Resideo Technologies Inc. Common Stock,Wholesale Distributors,,18.829999923706055,-39.19390999385308,27,63,E+
RF,Regions Financial Corporation Common Stock,Major Banks,12,29.950000762939453,-6.6242199569705225,66,51,C-
RFIL,RF Industries Ltd. Common Stock,Electrical Products,20,10.1899995803833,-52.60465311449627,58,64,E
RFL,Rafael Holdings Inc. Class B Common Stock,Biotechnology: Pharmaceutical Preparations,62,2.359999895095825,-37.56613986882815,92,26,B+
RGA,Reinsurance Group of America Incorporated Common Stock,Life Insurance,10,247.4499969482422,-3.3058522890091258,80,94,C+
RGC,Regencell Bioscience Holdings Limited Ordinary Shares,Medicinal Chemicals and Botanical Products,129,5.635000228881836,-89.34379705926378,5,,B
RGCO,RGC Resources Inc. Common Stock,Oil & Gas Production,11,21.639999389648438,-17.78740606460334,43,45,D
RGEN,Repligen Corporation Common Stock,Biotechnology: Biological Products (No Diagnostic Substances),51,164.67999267578125,-9.531399340694236,81,35,B
RGLD,Royal Gold Inc. Common Stock,Precious Metals,18,253.97999572753906,-16.18305642998982,79,81,B
RGNT,Regentis Biomaterials Ltd. Ordinary Shares,Industrial Specialties,68,1.9600000381469727,-79.14893491821837,16,,A
RGNX,REGENXBIO Inc. Common Stock,Biotechnology: Biological Products (No Diagnostic Substances),51,8.5600004196167,-46.433037141259106,55,7,D+
RGP,Resources Connection Inc. Common Stock,Business Services,78,3.890000104904175,-24.105919497542494,34,7,C-
RGR,Sturm Ruger & Company Inc. Common Stock,Ordnance And Accessories,35,37.59000015258789,-19.296820428418382,53,47,D+
RGS,Regis Corporation Common Stock,Other Consumer Services,132,27.399999618530273,-11.010072088979705,57,98,A-
RGTI,Rigetti Computing Inc. Common Stock,EDP Services,126,15.15999984741211,-73.09194212574783,23,17,C-
RH,RH Common Stock,Other Specialty Stores,121,134.02000427246094,-42.59402020975769,28,48,E+
RHI,Robert Half Inc. Common Stock,Professional Services,41,37.41999816894531,-17.468023725162084,86,43,D+
RHLD,Resolute Holdings Management Common Stock,Finance: Consumer Services,114,128.30999755859375,-43.31846078268011,62,36,D+
RHP,Ryman Hospitality Properties Inc. (REIT),Real Estate Investment Trusts,57,122.3499984741211,-10.030154031965699,77,83,C+
RICK,RCI Hospitality Holdings Inc. Common Stock,Restaurants,81,28.6200008392334,-17.53410586654429,65,67,B-
RIG,Transocean Ltd (Switzerland) Common Stock,Oil & Gas Production,11,5.769999980926514,-23.878627453792724,74,64,B-
RIGL,Rigel Pharmaceuticals Inc. Common Stock,Biotechnology: Pharmaceutical Preparations,62,47.279998779296875,-7.221350807082461,90,53,B+
RILY,BRC Group Holdings Inc. Common Stock,Investment Managers,46,6.579999923706055,-38.389515583466505,58,52,C-
RIME,Algorhythm Holdings Inc. Common Stock,EDP Services,126,0.23999999463558197,-93.10344846781123,3,,E-
RIO,Rio Tinto Plc Common Stock,Metal Mining,57,99.38999938964844,-9.34267758134144,80,,C
RIOT,Riot Platforms Inc. Common Stock,Finance: Consumer Services,114,20.950000762939453,-26.97803982934781,74,7,B
RITM,Rithm Capital Corp. Common Stock,Real Estate Investment Trusts,57,9.65999984741211,-15.508951422862882,47,35,C+
RITR,Reitar Logtech Holdings Limited Ordinary shares,Real Estate,71,0.08799999952316284,-98.78284924908701,2,,A+
RIVN,Rivian Automotive Inc. Class A Common Stock,Auto Manufacturing,138,16.049999237060547,-28.50780092820332,55,17,C-
RJET,Republic Airways Holdings Inc. Common Stock,Air Freight/Delivery Services,65,17.209999084472656,-32.11045828207255,36,45,B
RJF,Raymond James Financial Inc. Common Stock,Investment Bankers/Brokers/Service,51,173.52999877929688,-4.222317146338517,67,78,C
RKDA,Arcadia Biosciences Inc. Common Stock,Oil & Gas Production,11,0.453000009059906,-91.73357650578082,5,34,A
RKLB,Rocket Lab Corporation Common Stock,Military/Government/Technical,98,61.959999084472656,-58.75657269081942,35,7,E
RKT,Rocket Companies Inc. Class A Common Stock,Finance: Consumer Services,114,13.1899995803833,-43.728672014240665,30,63,C+
RKTO,Rocket One Inc. Common Stock,Biotechnology: Pharmaceutical Preparations,62,0.6449999809265137,-70.94594717954583,10,,A
RL,Ralph Lauren Corporation Common Stock,Garments and Clothing,109,336.6700134277344,-18.52916078485819,42,75,D-
RLAY,Relay Therapeutics Inc. Common Stock,Biotechnology: Biological Products (No Diagnostic Substances),51,18.889999389648438,-8.963858363140066,98,7,C
RLGT,Radiant Logistics Inc. Common Stock,Integrated Freight & Logistics,141,8.210000038146973,-14.568154719521997,66,70,D+
RLI,RLI Corp. Common Stock (DE),Property-Casualty Insurers,29,60.439998626708984,-9.021861075704528,58,60,C+
RLJ,RLJ Lodging Trust Common Shares of Beneficial Interest $0.01 par value,Real Estate Investment Trusts,57,10.9399995803833,-12.33974373669785,86,49,D
RLMD,Relmada Therapeutics Inc. Common Stock,Biotechnology: Pharmaceutical Preparations,62,4.070000171661377,-48.21882821213672,63,26,E+
RLYB,Rallybio Corporation Common Stock,Biotechnology: Pharmaceutical Preparations,62,16.75,-1.4705882352941124,97,7,B-
RM,Regional Management Corp. Common Stock,Finance: Consumer Services,114,32.75,-25.56085041445566,36,46,C+
RMBI,Richmond Mutual Bancorporation Inc. Common Stock,Major Banks,12,15.65999984741211,-2.3524213723716714,66,44,B
RMBS,Rambus Inc. Common Stock,Semiconductors,41,85.3499984741211,-49.98828275949999,26,82,E
RMCF,Rocky Mountain Chocolate Factory Inc. Common Stock,Specialty Foods,71,0.9100000262260437,-68.72852235788594,11,79,A+
RMCO,Royalty Management Holding Corporation Class A Common Stock,Multi-Sector Companies,41,2.6600000858306885,-41.14332472284973,60,37,A-
RMD,ResMed Inc. Common Stock,Medical/Dental Instruments,98,219.5800018310547,-21.666508806424144,43,55,C-
RMIX,Suncrete Inc. Class A Common Stock,Building Materials,86,13.960000038146973,-43.80032225284594,54,,E
RMNI,Rimini Street Inc. (DE) Common Stock,Business Services,78,4.570000171661377,-19.11504257480583,69,52,C
RMR,The RMR Group Inc. Class A Common Stock,Professional Services,41,19.059999465942383,-8.821652223985543,67,38,C-
RMSG,Real Messenger Corporation Ordinary Shares,Computer Software: Programming Data Processing,103,0.3190000057220459,-90.03124996973202,6,,E+
RMT,Royce Micro-Cap Trust Inc. Common Stock,Investment Managers,46,13.4399995803833,-8.446871246693977,73,,D
RMTI,Rockwell Medical Inc. Common Stock,Biotechnology: Pharmaceutical Preparations,62,8.039999961853027,-52.426034654832534,37,17,B+
RNA,Atrium Therapeutics Inc. Common Stock,Biotechnology: Pharmaceutical Preparations,62,10.350000381469727,-37.42442679218112,23,,E-
RNAC,Cartesian Therapeutics Inc. Common Stock,Biotechnology: Pharmaceutical Preparations,62,8.430000305175781,-20.396598831816515,60,31,A-
RNAZ,TransCode Therapeutics Inc. Common Stock,Biotechnology: Pharmaceutical Preparations,62,1.690000057220459,-88.90347926450231,3,26,E-
RNG,RingCentral Inc. Class A Common Stock,EDP Services,126,69.04000091552734,-9.586170293759666,97,93,A
RNGR,Ranger Energy Services Inc. Class A Common Stock,Oilfield Services/Equipment,15,17.100000381469727,-6.514225902243176,70,78,C
RNR,RenaissanceRe Holdings Ltd. Common Stock,Property-Casualty Insurers,29,326.5299987792969,-3.384916531078641,74,65,C
RNST,Renasant Corporation Common Stock,Major Banks,12,40.529998779296875,-8.510159193433486,57,89,D+
RNTX,Rein Therapeutics Inc. Common Stock,Biotechnology: Pharmaceutical Preparations,62,0.781000018119812,-58.45744573932365,17,26,C-
RNW,ReNew Energy Global plc Class A Ordinary Shares,Electric Utilities: Central,71,6.849999904632568,-16.361413240609945,59,42,A
RNXT,RenovoRx Inc. Common Stock,Biotechnology: Pharmaceutical Preparations,62,1.7699999809265137,-29.761904987167974,97,,A
ROAD,Construction Partners Inc. Class A Common Stock,Military/Government/Technical,98,96.12000274658203,-31.57744471105568,31,85,D
ROC,Rank One Computing Corporation Common stock,Computer Software: Prepackaged Software,103,4.300000190734863,-41.176467518550496,29,,C+
ROCK,Gibraltar Industries Inc. Common Stock,Steel/Iron Ore,39,44.52000045776367,-40.30571283892649,50,31,C
ROG,Rogers Corporation Common Stock,Major Chemicals,65,132.67999267578125,-20.5936946653139,83,80,C-
ROIV,Roivant Sciences Ltd. Common Shares,Biotechnology: Pharmaceutical Preparations,62,40.939998626708984,-2.0808484047020515,96,7,A-
ROK,Rockwell Automation Inc. Common Stock,Industrial Machinery/Components,93,421.3699951171875,-14.6263250974064,59,81,E+
ROKU,Roku Inc. Class A Common Stock,Cable & Other Pay Television Services,81,154.1199951171875,-3.530295182507104,90,87,C
ROL,Rollins Inc. Common Stock,Diversified Commercial Services,65,34.560001373291016,-46.71864066590518,15,55,E
ROLR,High Roller Technologies Inc. Common Stock,Services-Misc. Amusement & Recreation,89,6.159999847412109,-74.06315853721217,96,42,B+
ROMA,Roma Green Finance Limited Class A Ordinary Shares,Professional Services,41,8.977999687194824,-13.172151308452207,98,,C+
ROOT,Root Inc. Class A Common Stock,Property-Casualty Insurers,29,52.790000915527344,-48.68778934208855,30,88,D-
ROP,Roper Technologies Inc. Common Stock,Industrial Machinery/Components,93,388.5799865722656,-24.740839451556297,50,78,C+
ROST,Ross Stores Inc. Common Stock,Clothing/Shoe/Accessory Stores,122,225.47999572753906,-11.485408326712887,71,77,D+
RPAY,Repay Holdings Corporation Class A Common Stock,Business Services,78,3.559999942779541,-39.86486660641765,47,17,B+
RPC,Ridgepost Capital Inc. Class A Common Stock,Investment Managers,46,7.900000095367432,-34.97105009844913,33,74,D+
RPD,Rapid7 Inc. Common Stock,Computer Software: Prepackaged Software,103,10.5,-49.54348741246108,65,58,B
RPGL,Republic Power Group Limited Class A Ordinary Shares,Computer Software: Prepackaged Software,103,1.4500000476837158,-99.9636044164738,4,,A+
RPID,Rapid Micro Biosystems Inc. Class A Common Stock,Biotechnology: Laboratory Analytical Instruments,31,1.2000000476837158,-74.35897239958426,9,17,E-
RPM,RPM International Inc. Common Stock,Paints/Coatings,71,99.30999755859375,-20.98504576329203,38,52,E
RPRX,Royalty Pharma plc Class A Ordinary Shares,Biotechnology: Pharmaceutical Preparations,62,58.75,-8.1457147577375,85,82,D-
RPT,Rithm Property Trust Inc. Common stock,Real Estate Investment Trusts,57,12.510000228881836,-24.937676408980092,31,38,D-
RR,Richtech Robotics Inc. Class B Common Stock,Industrial Machinery/Components,93,1.6200000047683716,-77.05382410908955,13,26,D+
RRBI,Red River Bancshares Inc. Common Stock,Major Banks,12,103.17500305175781,-0.06264488523393119,84,88,C+
RRC,Range Resources Corporation Common Stock,Oil & Gas Production,11,41.880001068115234,-11.877223920778857,63,91,B-
RRGB,Red Robin Gourmet Burgers Inc. Common Stock,Restaurants,81,7.559999942779541,-28.611899585930644,95,30,B+
RRR,Red Rock Resorts Inc. Class A Common Stock,Hotels/Resorts,86,54.689998626708984,-18.688675453892813,37,88,E+
RRX,Regal Rexnord Corporation Common Stock,Industrial Machinery/Components,93,156.52000427246094,-34.28775235393676,35,76,E
RS,Reliance Inc. Common Stock,Metal Fabrications,47,392.3999938964844,-8.322040098937933,76,60,D-
RSG,Republic Services Inc. Common Stock,Environmental Services,81,221.0800018310547,-4.2686345710724165,51,57,C
RSI,Rush Street Interactive Inc. Class A Common Stock,Services-Misc. Amusement & Recreation,89,26.360000610351562,-23.63846969641884,71,85,D
RSKD,Riskified Ltd. Class A Ordinary Shares,Business Services,78,5.96999979019165,-13.852814746419984,80,17,A-
RSSS,Research Solutions Inc Common Stock,EDP Services,126,2.130000114440918,-46.212118840341674,27,99,C
RSVR,Reservoir Media Inc. Common Stock,Services-Misc. Amusement & Recreation,89,8.819999694824219,-20.540546020626515,44,38,E
RTB,RTB Digital Inc. Common Stock,Professional Services,41,8.220000267028809,-57.36514536162607,90,,C-
RTO,Rentokil Initial plc American Depositary Shares (each representing five (5) Ordinary Shares),Other Consumer Services,132,22.420000076293945,-34.442815039918116,23,,E
RTX,RTX Corporation Common Stock,Aerospace,116,198.1199951171875,-12.138014860621526,68,73,C-
RUBI,Rubico Inc. Common Stock,Marine Transportation,3,1.659999966621399,-99.99888768488037,1,,E-
RUM,RUM Group Inc. Class A Common Stock,Computer Software: Programming Data Processing,103,7.364999771118164,-28.0058641184637,61,17,B+
RUN,Sunrun Inc. Common Stock,Industrial Machinery/Components,93,8.630000114440918,-59.69173201332809,14,48,D-
RUSHA,Rush Enterprises Inc. Common Stock Cl A,Retail-Auto Dealers and Gas Stations,86,48.189998626708984,-12.410847124442315,73,45,D+
RUSHB,Rush Enterprises Inc. Class B,Retail-Auto Dealers and Gas Stations,86,49.209999084472656,-8.663041114817194,75,45,C
RVLV,Revolve Group Inc. Class A Common Stock,Catalog/Specialty Distribution,98,20.479999542236328,-34.88076615130047,34,76,E+
RVMD,Revolution Medicines Inc. Common Stock,Biotechnology: Biological Products (No Diagnostic Substances),51,203.35000610351562,-8.0488303342665,98,7,B
RVP,Retractable Technologies Inc. Common Stock,Medical/Dental Instruments,98,0.699999988079071,-33.96226171073887,39,37,C+
RVSB,Riverview Bancorp Inc Common Stock,Savings Institutions,9,5.320000171661377,-12.166660604769497,44,50,E+
RVSN,Rail Vision Ltd. Ordinary Share,Railroads,33,3.9100000858306885,-99.46098704794105,8,,E-
RVTY,Revvity Inc. Common Stock,Biotechnology: Laboratory Analytical Instruments,31,120.94000244140625,-7.637085545706213,82,44,B-
RWAY,Runway Growth Finance Corp. Common Stock,Finance: Consumer Services,114,6.510000228881836,-26.651904418165905,41,62,B+
RWT,Redwood Trust Inc. Common Stock,Real Estate Investment Trusts,57,3.630000114440918,-41.709721432379695,18,26,E-
RXO,RXO Inc. Common Stock,Transportation Services,113,19.510000228881836,-33.41296676825739,61,31,E+
RXRX,Recursion Pharmaceuticals Inc. Class A Common Stock,Biotechnology: Biological Products (No Diagnostic Substances),51,3.1600000858306885,-53.46097049213668,30,7,B-
RXST,RxSight Inc. Common Stock,Ophthalmic Goods,114,5.960000038146973,-54.46906059073895,34,17,B
RXT,Rackspace Technology Inc. Common Stock,Computer Software: Programming Data Processing,103,3.130000114440918,-58.432934565342045,94,7,D-
RY,Royal Bank Of Canada Common Stock,Commercial Banks,7,205.97999572753906,-4.889235819594906,77,86,D+
RYAAY,Ryanair Holdings plc American Depositary Shares,Air Freight/Delivery Services,65,53.0,-27.728215102841514,33,48,D-
RYAM,Rayonier Advanced Materials Inc. Common Stock,Paper,62,8.350000381469727,-28.936166966215094,65,7,C
RYAN,Ryan Specialty Holdings Inc. Class A Common Stock,Specialty Insurers,48,38.66999816894531,-33.057876617412305,40,43,C
RYDE,Ryde Group Ltd. Class A Ordinary Shares,Business Services,78,0.6340000033378601,-57.44966447785611,75,,A
RYET,Ruanyun Edai Technology Inc. Ordinary shares,Computer Software: Prepackaged Software,103,0.8199999928474426,-47.435895966354856,22,,A
RYM,RYTHM Inc. Common Stock,Farming/Seeds/Milling,91,23.15999984741211,-52.00000031624433,41,63,E
RYN,Rayonier Inc. REIT Common Stock,Real Estate Investment Trusts,57,20.280000686645508,-17.055932727111177,41,48,D+
RYOJ,rYojbaba Co. Ltd. Common Shares,Professional Services,41,4.699999809265137,-48.46491372541269,96,,A
RYTM,Rhythm Pharmaceuticals Inc. Common Stock,Biotechnology: Pharmaceutical Preparations,62,102.19999694824219,-13.110019927106265,63,7,B-
RYZ,Ryerson Holding Corporation Common Stock,Metal Fabrications,47,25.209999084472656,-18.170888144860918,53,57,E+
RZLT,Rezolute Inc. Common Stock (NV),Biotechnology: Pharmaceutical Preparations,62,4.170000076293945,-61.882996012438205,32,17,B+
RZLV,Rezolve AI PLC Ordinary Shares,Computer Software: Programming Data Processing,103,2.299999952316284,-70.20725369399024,24,,D+
S,SentinelOne Inc. Class A Common Stock,Computer Software: Prepackaged Software,103,19.809999465942383,-16.90436518813546,84,17,B-
SA,Seabridge Gold Inc. Common Shares New,Precious Metals,18,30.950000762939453,-21.346881923530393,80,,D+
SABR,Sabre Corporation Common Stock,Computer Software: Programming Data Processing,103,2.130000114440918,-5.752206927916459,84,41,B+
SABS,SAB Biotherapeutics Inc. Common Stock,Biotechnology: Biological Products (No Diagnostic Substances),51,3.4200000762939453,-25.490196893224216,60,26,B-
SACH,Sachem Capital Corp. Common Shares,Real Estate Investment Trusts,57,0.9300000071525574,-31.954412611146175,34,31,A-
SAFE,Safehold Inc. New Common Stock,Real Estate Investment Trusts,57,14.359999656677246,-16.365756593655313,43,46,D
SAFT,Safety Insurance Group Inc. Common Stock,Property-Casualty Insurers,29,103.31999969482422,-0.1063527120052199,91,40,A-
SAFX,XCF Global Inc. Class A Common Stock,Major Chemicals,65,0.41499999165534973,-71.18055728022692,23,,A-
SAGT,SAGTEC GLOBAL LIMITED Class A Ordinary shares,Computer Software: Prepackaged Software,103,0.5720000267028809,-78.65671595318278,6,,A
SAGU,Shreya Acquisition Group Class A Ordinary Shares,Blank Checks,57,10.050000190734863,0.0,50,,C
SAH,Sonic Automotive Inc. Common Stock,Retail-Auto Dealers and Gas Stations,86,76.5199966430664,-32.07882641956441,56,56,D-
SAIA,Saia Inc. Common Stock,Trucking Freight/Courier Services,24,346.0,-28.97319259439124,38,59,E+
SAIC,Science Applications International Corporation Common Stock,EDP Services,126,128.75999450683594,-0.15509630631070914,80,49,B-
SAIH,SAIHEAT Limited Class A Ordinary Shares,EDP Services,126,23.639999389648438,-9.839816900345976,98,,A+
SAIL,SailPoint Inc. Common Stock,Computer Software: Prepackaged Software,103,17.639999389648438,-25.349132390421282,56,17,B-
SAM,Boston Beer Company Inc. (The) Common Stock,Beverages (Production/Distribution),119,169.52000427246094,-34.81253134785018,29,53,C+
SAMG,Silvercrest Asset Management Group Inc. Class A Common Stock,Investment Managers,46,10.0,-36.40310509879123,23,35,B-
SAN,Banco Santander S.A. Sponsored ADR (Spain),Commercial Banks,7,14.630000114440918,-2.790698145987447,85,72,C-
SANA,Sana Biotechnology Inc. Common Stock,Biotechnology: Biological Products (No Diagnostic Substances),51,3.0899999141693115,-47.80405617657151,43,17,E
SANG,Sangoma Technologies Corporation Common Shares,Computer Software: Programming Data Processing,103,3.700000047683716,-38.84297634651321,26,26,D-
SANM,Sanmina Corporation Common Stock,Electrical Products,20,203.30999755859375,-28.087861955022632,81,97,E+
SAP,SAP  SE ADS,Computer Software: Prepackaged Software,103,205.9499969482422,-25.29052646914387,53,82,B
SAR,Saratoga Investment Corp New,Investment Managers,46,17.15999984741211,-23.772338033687056,25,33,E
SARO,StandardAero Inc. Common Stock,Aerospace,116,23.649999618530273,-28.592994017997032,34,92,D-
SATL,Satellogic Inc. Class A Common Stock,Radio And Television Broadcasting And Communications Equipment,81,4.699999809265137,-56.23836210961288,88,26,C
SB,Safe Bulkers Inc Common Stock ($0.001 par value),Marine Transportation,3,8.380000114440918,-8.615048585390038,92,79,E+
SBAC,SBA Communications Corporation Class A Common Stock,Real Estate Investment Trusts,57,181.4199981689453,-17.865604565992076,38,62,D
SBC,SBC Medical Group Holdings Incorporated Common Stock,Medical/Nursing Services,48,4.400000095367432,-10.569105139490375,80,96,A
SBCF,Seacoast Banking Corporation of Florida Common Stock,Major Banks,12,33.86000061035156,-6.282868504443384,64,79,C+
SBET,Sharplink Inc. Common Stock,Computer Software: Prepackaged Software,103,8.430000305175781,-56.18502907764922,67,26,A
SBFG,SB Financial Group Inc. Common Stock,Major Banks,12,29.139999389648438,-2.8342793863183613,86,65,A-
SBFM,Sunshine Biopharma Inc. Common Stock,Biotechnology: Pharmaceutical Preparations,62,1.0800000429153442,-95.09090889583935,4,7,A-
SBGI,Sinclair Inc. Class A Common Stock,Broadcasting,98,13.819999694824219,-15.14577319225432,51,33,C
SBH,Sally Beauty Holdings Inc. (Name to be changed from Sally Holdings Inc.) Common Stock,Other Specialty Stores,121,15.800000190734863,-7.058822407441978,65,65,B-
SBLK,Star Bulk Carriers Corp. Common Shares,Marine Transportation,3,30.739999771118164,-5.181981778877454,90,79,B
SBMT,Silver Bow Mining Corp. Common Shares,Precious Metals,18,7.900000095367432,-26.511627019837846,31,26,A-
SBR,Sabine Royalty Trust Common Stock,Oil & Gas Production,11,74.79000091552734,-3.550523375202108,53,45,C-
SBRA,Sabra Health Care REIT Inc. Common Stock,Real Estate Investment Trusts,57,20.829999923706055,-5.56136235122734,65,41,B-
SBS,Companhia de saneamento Basico Do Estado De Sao Paulo - Sabesp American Depositary Shares (Each repstg 250 Common Shares),Water Supply,28,5.320000171661377,-24.8799726367372,53,,C-
SBSI,Southside Bancshares Inc. Common Stock,Major Banks,12,32.09000015258789,-9.172534266520415,54,56,D
SBSW,D/B/A Sibanye-Stillwater Limited ADS,Precious Metals,18,12.569999694824219,-38.755689351400235,80,,A-
SBUX,Starbucks Corporation Common Stock,Restaurants,81,99.22000122070312,-8.544563393490623,61,70,D+
SBXD,SilverBox Corp IV Class A Ordinary Shares,,,10.869999885559082,-2.9464279404100013,51,45,C
SBXE,SilverBox Corp V Class A Ordinary Shares,,,10.100000381469727,-0.7858538438882068,49,,C-
SCAG,Scage Future American Depositary Shares,Construction/Ag Equipment/Trucks,4,0.23999999463558197,-92.72727278474278,6,,A
SCCO,Southern Copper Corporation Common Stock,Metal Mining,57,194.13999938964844,-11.63404547730389,88,95,C+
SCHL,Scholastic Corporation Common Stock,Books,12,35.27000045776367,-25.015238927568785,58,45,E+
SCHW,Charles Schwab Corporation (The) Common Stock,Investment Bankers/Brokers/Service,51,107.33000183105469,-5.5609323448931995,73,94,C
SCI,Service Corporation International Common Stock,Other Consumer Services,132,79.7300033569336,-8.691540305050294,56,50,C+
SCKT,Socket Mobile Inc. Common Stock,Computer Manufacturing,81,0.5400000214576721,-74.64788767866281,10,17,A+
SCL,Stepan Company Common Stock,Package Goods/Cosmetics,55,61.65999984741211,-6.280235784325439,83,69,B-
SCLX,Scilex Holding Company Common Stock,Biotechnology: Biological Products (No Diagnostic Substances),51,5.050000190734863,-72.96566640874507,18,26,B-
SCM,Stellus Capital Investment Corporation Common Stock,Finance/Investors Services,53,8.1899995803833,-34.88192879323566,28,58,D
SCNI,Scinai Immunotherapeutics Ltd. American Depositary Shares,Biotechnology: Biological Products (No Diagnostic Substances),51,1.6699999570846558,-89.75460101073101,5,,E-
SCNX,Scienture Holdings Inc. Common Stock,Biotechnology: Pharmaceutical Preparations,62,0.3580000102519989,-86.23076833140917,21,,A+
SCOR,comScore Inc. Common Stock,Business Services,78,5.019999980926514,-44.16017676603197,18,42,E
SCPQ,Social Commerce Partners Corporation Class A Ordinary Shares,,,10.029999732971191,-0.199009526209859,49,,C-
SCPQU,Social Commerce Partners Corporation Unit,,,10.279999732971191,-0.772200061362871,50,,E
SCSC,ScanSource Inc. Common Stock,Retail: Computer Software & Peripheral Equipment,26,55.529998779296875,-5.705553820980636,83,50,B+
SCWO,374Water Inc. Common Stock,Metal Fabrications,47,3.200000047683716,-54.28571360451835,73,26,A
SCYX,SCYNEXIS Inc. Common Stock,Biotechnology: Pharmaceutical Preparations,62,4.699999809265137,-50.21186421414758,33,,A
SCZM,Santacruz Silver Mining Ltd. Common Shares,Precious Metals,18,9.6899995803833,-40.03713074332068,88,70,A-
SD,SandRidge Energy Inc. Common Stock,Oil & Gas Production,11,14.670000076293945,-15.78488473629539,56,77,C+
SDA,SunCar Technology Group Inc. Class A Ordinary Shares,Automotive Aftermarket,136,0.609000027179718,-77.77372171313668,7,,A+
SDEV,Stablecoin Development Corporation Common Stock,Biotechnology: Pharmaceutical Preparations,62,0.8600000143051147,-99.102296464604,10,30,A
SDGR,Schrodinger Inc. Common Stock,Biotechnology: Pharmaceutical Preparations,62,18.799999237060547,-16.51865517356449,78,37,A-
SDHC,Smith Douglas Homes Corp. Class A Common Stock,Homebuilding,93,10.420000076293945,-52.978338682115044,18,35,D-
SDOT,Sadot Group Inc. Common Stock,Restaurants,81,12.619999885559082,-93.4339229521645,5,33,A+
SDRL,Seadrill Limited Common Shares,Oil & Gas Production,11,48.459999084472656,-11.569343505209817,81,63,B
SDST,Stardust Power Inc. Common Stock,Major Chemicals,65,0.17000000178813934,-97.60225672595946,1,26,E-
SE,Sea Limited American Depositary Shares each representing one Class A Ordinary Share,Other Consumer Services,132,107.69000244140625,-45.195927510734734,56,71,B
SEAT,Vivid Seats Inc. Class A Common Stock,Services-Misc. Amusement & Recreation,89,4.710000038146973,-72.821696140321,11,17,E-
SEB,Seaboard Corporation Common Stock,Farming/Seeds/Milling,91,4297.6201171875,-27.806216923242356,37,78,C
SEDG,SolarEdge Technologies Inc. Common Stock,Semiconductors,41,36.75,-53.190677620627945,41,34,C
SEED,Origin Agritech Limited Common Stock,Farming/Seeds/Milling,91,1.0499999523162842,-47.50000238418579,36,,A+
SEER,Seer Inc. Class A Common Stock,Biotechnology: Laboratory Analytical Instruments,31,1.9299999475479126,-18.565399124792513,60,7,A
SEG,Seaport Entertainment Group Inc. Common Stock,Services-Misc. Amusement & Recreation,89,25.850000381469727,-11.563459506328833,68,17,C+
SEGG,Sports Entertainment Gaming Global Corporation Common Stock,Computer Software: Prepackaged Software,103,3.0399999618530273,-92.67028312550782,5,,E+
SEI,Solaris Energy Infrastructure Inc. Class A Common Stock,Oil and Gas Field Machinery,22,64.1500015258789,-22.598933817853904,87,94,C+
SEIC,SEI Investments Company Common Stock,Investment Bankers/Brokers/Service,51,106.7699966430664,-4.353669022600249,81,77,C+
SELF,Global Self Storage Inc. Common Stock,Real Estate Investment Trusts,57,5.150000095367432,-9.171075377946003,54,42,C+
SENEA,Seneca Foods Corp. Class A Common Stock,Packaged Foods,109,186.19000244140625,-10.183309358215931,90,92,B-
SENEB,Seneca Foods Corp. Class B Common Stock,Packaged Foods,109,188.22000122070312,-9.739604698357752,91,92,A-
SENS,Senseonics Holdings Inc. Common Stock,Medical/Dental Instruments,98,8.789999961853027,-22.212391031106748,79,26,A
SEPN,Septerna Inc. Common Stock,Biotechnology: Pharmaceutical Preparations,62,37.75,-21.66424346175989,93,7,B-
SER,Serina Therapeutics Inc. Common Stock,Biotechnology: Pharmaceutical Preparations,62,2.5,-55.59502754560317,70,,A
SERA,Sera Prognostics Inc. Class A Common Stock,Medical Specialities,15,2.049999952316284,-45.333334604899086,33,7,B-
SERV,Serve Robotics Inc. Common Stock,Industrial Machinery/Components,93,4.420000076293945,-75.0,9,17,E
SES,SES AI Corporation Class A Common Stock,Industrial Machinery/Components,93,0.5270000100135803,-85.1129939069909,8,7,E
SEV,Aptera Motors Corp. Class B Common Stock,Auto Manufacturing,138,2.309999942779541,-78.6900377282,19,,A-
SEVN,Seven Hills Realty Trust Common Stock,Real Estate Investment Trusts,57,7.340000152587891,-24.588332168663985,32,54,D+
SEZL,Sezzle Inc. Common Stock,Finance: Consumer Services,114,118.41000366210938,-37.19968085622077,86,95,E
SF,Stifel Financial Corporation Common Stock,Investment Bankers/Brokers/Service,51,79.69000244140625,-9.036711009819475,61,74,C-
SFBC,Sound Financial Bancorp Inc. Common Stock,Savings Institutions,9,48.0,-0.7238851813168634,64,58,D+
SFBS,ServisFirst Bancshares Inc. Common Stock,Major Banks,12,42.34000015258789,-7.483883497735267,62,71,C-
SFD,Smithfield Foods Inc. Common Stock,Meat/Poultry/Fish,112,20.59000015258789,-28.558239869715674,31,56,E
SFHG,Samfine Creation Holdings Group Limited Class A Ordinary Share,Publishing,78,2.309999942779541,-52.12435162497216,27,,E+
SFIX,Stitch Fix Inc. Class A Common Stock,Catalog/Specialty Distribution,98,2.8499999046325684,-50.86207222569985,18,17,D-
SFL,SFL Corporation Ltd,Marine Transportation,3,12.680000305175781,0.0,87,63,C+
SFM,Sprouts Farmers Market Inc. Common Stock,Food Chains,106,72.19999694824219,-47.57479210841851,25,60,D-
SFNC,Simmons First National Corporation Class A Common Stock,Major Banks,12,23.1299991607666,-4.104484427946076,71,76,C
SFST,Southern First Bancshares Inc. Common Stock,Major Banks,12,63.41999816894531,-1.8266259025508935,74,72,C
SFWL,Shengfeng Development Limited Class A Ordinary Shares,Trucking Freight/Courier Services,24,9.479999542236328,-13.107244043774969,99,,A
SG,Sweetgreen Inc. Class A Common Stock,Restaurants,81,6.760000228881836,-33.79039957272402,36,17,D-
SGA,Saga Communications Inc. Class A Common Stock (FL),Broadcasting,98,8.899999618530273,-27.046330919009797,32,17,C-
SGC,Superior Group of Companies Inc. Common Stock,Apparel,109,12.289999961853027,-12.085972789559307,64,59,D+
SGHC,Super Group (SGHC) Limited Ordinary Shares,Services-Misc. Amusement & Recreation,89,13.640000343322754,-12.508016614364447,64,80,C+
SGHT,Sight Sciences Inc. Common Stock,Medical/Dental Instruments,98,8.005000114440918,-11.546961925633848,95,17,A-
SGI,Somnigroup International Inc. Common Stock,Home Furnishings,26,66.11000061035156,-32.04955916987128,30,48,C-
SGLY,Singularity Future Technology Ltd. Common Stock,Integrated Freight & Logistics,141,1.9600000381469727,-89.92805688407827,5,37,A+
SGML,Sigma Lithium Corporation Common Shares,Metal Mining,57,10.069999694824219,-57.420719419656294,47,35,E
SGMT,Sagimet Biosciences Inc. Series A Common Stock,Biotechnology: Pharmaceutical Preparations,62,11.0600004196167,0.0,95,7,A
SGP,SpyGlass Pharma Inc. Common Stock,Medical/Dental Instruments,98,27.309999465942383,-7.985177947656908,78,,A-
SGRX,SANGRIX INC. Class A Ordinary Shares,Finance: Consumer Services,114,1.4299999475479126,-99.07622744227609,2,,E-
SGRY,Surgery Partners Inc. Common Stock,Hospital/Nursing Management,23,14.119999885559082,-38.44812747673663,35,17,B
SGU,Star Group L.P. Common Stock,Other Specialty Stores,121,12.779999732971191,-3.5175402187213045,59,53,C
SHAK,Shake Shack Inc. Class A Common Stock,Restaurants,81,61.70000076293945,-41.06409463742996,31,65,B+
SHAZ,SharonAI Holdings Inc. Class A Common Stock,EDP Services,126,56.56999969482422,-38.97518710123655,94,26,E
SHBI,Shore Bancshares Inc Common Stock,Major Banks,12,23.399999618530273,-4.32795638760518,79,62,C
SHC,Sotera Health Company Common Stock,Misc Health and Biotechnology Services,21,18.260000228881836,-6.693916639604469,71,98,B-
SHEL,Shell PLC American Depositary Shares (each representing two (2) Ordinary Shares),Oil & Gas Production,11,96.7699966430664,0.0,78,75,B
SHEN,Shenandoah Telecommunications Co Common Stock,Telecommunications Equipment,103,11.979999542236328,-29.941524707693258,29,7,E+
SHFS,SHF Holdings Inc. Class A Common Stock,Finance: Consumer Services,114,0.15399999916553497,-97.92172736387683,4,,A-
SHG,Shinhan Financial Group Co Ltd American Depositary Shares,Major Banks,12,81.2300033569336,-3.835678722561009,89,55,B-
SHIM,Shimmick Corporation Common Stock,Military/Government/Technical,98,3.440000057220459,-48.4257868384939,63,17,C-
SHIP,Seanergy Maritime Holdings Corp. Common Stock,Marine Transportation,3,18.239999771118164,-3.594081936753246,93,87,B+
SHLS,Shoals Technologies Group Inc. Class A Common Stock,Semiconductors,41,7.110000133514404,-44.32263211712106,37,39,E+
SHMD,SCHMID Group N.V. Class A Ordinary Shares,Industrial Machinery/Components,93,3.2300000190734863,-69.00191942971374,23,,E-
SHO,Sunstone Hotel Investors Inc. Sunstone Hotel Investors Inc. Common Shares,Hotels/Resorts,86,10.970000267028809,-7.426161064239334,67,73,D
SHOE,Shoe Station Group Inc. Common Stock,Clothing/Shoe/Accessory Stores,122,12.279999732971191,-46.56684936236325,17,31,E-
SHOO,Steven Madden Ltd. Common Stock,Shoe Manufacturing,107,41.560001373291016,-15.304663477153714,63,79,C-
SHOP,Shopify Inc. Class A Subordinate Voting Shares,Computer Software: Prepackaged Software,103,126.5999984741211,-29.277692665765343,47,94,B-
SHOTU,RMG ML Sports Holdings Unit,,,9.979999542236328,-0.5976137434728135,47,,C-
SHPH,Shuttle Pharmaceuticals Holdings Inc. Common Stock,Biotechnology: Pharmaceutical Preparations,62,3.5299999713897705,-92.5840334358226,8,,A
SHW,Sherwin-Williams Company (The) Common Stock,RETAIL: Building Materials,126,317.44000244140625,-14.196438094438346,45,60,C
SI,Shoulder Innovations Inc. Common Stock,Medical/Dental Instruments,98,19.110000610351562,-21.195873771746133,77,17,B+
SIBN,SI-BONE Inc. Common Stock,Medical/Dental Instruments,98,18.299999237060547,-14.485983349202659,71,17,C+
SID,Companhia Siderurgica Nacional S.A. Common Stock,Steel/Iron Ore,39,1.3799999952316284,-34.905657088387166,52,17,A
SIDU,Sidus Space Inc. Class A Common Stock,Telecommunications Equipment,103,2.0,-67.74193449149392,81,,D
SIEB,Siebert Financial Corp. Common Stock,Investment Bankers/Brokers/Service,51,2.7300000190734863,-32.75861927218441,81,,A+
SIF,SIFCO Industries Inc. Common Stock,Aerospace,116,20.90999984741211,-25.92986118852888,97,61,E
SIFY,Sify Technologies Limited American Depositary Shares,Computer Software: Programming Data Processing,103,14.1899995803833,-18.21326070091268,59,46,D+
SIG,Signet Jewelers Limited Common Shares,Consumer Specialties,54,97.70999908447266,-7.09834483737154,67,48,A-
SIGA,SIGA Technologies Inc. Common Stock,Biotechnology: Pharmaceutical Preparations,62,3.0199999809265137,-63.56549542454483,12,7,D
SIGI,Selective Insurance Group Inc. Common Stock,Property-Casualty Insurers,29,90.55999755859375,-9.161732626986597,65,87,C-
SII,Sprott Inc. Common Shares,Finance: Consumer Services,114,126.33999633789062,-23.57698933792497,80,95,A-
SILC,Silicom Ltd Ordinary Shares,Computer Communications Equipment,57,40.47999954223633,-20.596312464265274,96,7,C+
SILO,Silo Pharma Inc. Common Stock,Biotechnology: Pharmaceutical Preparations,62,2.1040000915527344,-82.7893658413139,5,26,E-
SIM,Grupo Simec S.A.B. de C.V. American Depositary Shares,Steel/Iron Ore,39,26.5,-22.852980561367986,36,94,A
SIMO,Silicon Motion Technology Corporation American Depositary Shares,Semiconductors,41,265.25,-21.107508650142137,97,93,D+
SINT,SiNtx Technologies Inc. Common Stock,Medical/Dental Instruments,98,1.8600000143051147,-62.27180366998264,16,26,A
SION,Sionna Therapeutics Inc. Common Stock,Biotechnology: Pharmaceutical Preparations,62,7.619999885559082,-85.07053340737514,3,26,E+
SIRI,SiriusXM Holdings Inc. Common Stock,Broadcasting,98,28.8799991607666,-10.576629146275662,76,55,C+
SITC,SITE Centers Corp. Common Stock,Real Estate Investment Trusts,57,2.819999933242798,-46.406400418456414,15,56,E+
SITE,SiteOne Landscape Supply Inc. Common Stock,Professional and commerical equipment,,94.77999877929688,-41.94180779216118,24,47,E+
SITM,SiTime Corporation Common Stock,Semiconductors,41,602.27001953125,-33.19097122732746,92,63,C
SJ,Scienjoy Holding Corporation Class A Ordinary Shares,EDP Services,126,0.7900000214576721,-50.31446510230593,39,,E-
SJM,The J.M. Smucker Company Common Stock,Packaged Foods,109,121.06999969482422,-8.515941480224798,66,67,B
SJT,San Juan Basin Royalty Trust Common Stock,Oil & Gas Production,11,3.049999952316284,-52.859350058403344,16,26,D+
SKE,Skeena Resources Limited Common Shares,Precious Metals,18,31.239999771118164,-18.048266929545886,85,26,C+
SKIL,Skillsoft Corp. Class A Common Stock,Computer Software: Prepackaged Software,103,4.190000057220459,-76.6052479457397,17,17,E-
SKIN,SkinHealth Systems Inc. Class A Common Stock,Medical/Dental Instruments,98,0.6899999976158142,-73.76425978739954,17,17,A
SKK,SKK Holdings Limited Class A Ordinary Shares,Water Sewer Pipeline Comm & Power Line Construction,93,4.489999771118164,-63.16653055227602,76,,A+
SKM,SK Telecom Co. Ltd. Common Stock,Telecommunications Equipment,103,37.04999923706055,-19.456523397694458,86,,C+
SKT,Tanger Inc. Common Stock,Real Estate Investment Trusts,57,36.470001220703125,-12.72723422127906,53,58,D+
SKWD,Skyward Specialty Insurance Group Inc. Common Stock,Property-Casualty Insurers,29,56.29999923706055,-14.216057301254148,73,73,C+
SKY,Champion Homes Inc. Common Stock,Homebuilding,93,81.75,-16.119432825826465,57,39,B-
SKYA,SkyAI Inc. Common Stock,Medical/Dental Instruments,98,1.2999999523162842,-86.02150617575889,20,26,A
SKYE,Skye Bioscience Inc. Common Stock,Biotechnology: Pharmaceutical Preparations,62,2.0799999237060547,-94.52631599024723,4,17,E-
SKYH,Sky Harbour Group Corporation Class A Common Stock,Real Estate,71,10.270000457763672,-10.617922869077368,62,,D-
SKYQ,Sky Quarry Inc. Common Stock,Environmental Services,81,3.190000057220459,-74.6624303529913,79,,A
SKYW,SkyWest Inc. Common Stock,Air Freight/Delivery Services,65,95.77999877929688,-17.388307087795553,52,66,C
SKYX,SKYX Platforms Corp. Common Stock,Building Products,48,1.3200000524520874,-57.82747590448998,49,7,D-
SLAB,Silicon Laboratories Inc. Common Stock,Semiconductors,41,219.14999389648438,-0.7068156268080994,80,73,C-
SLB,SLB Limited Common Shares,Oilfield Services/Equipment,15,56.0099983215332,-6.321767101716535,81,42,B
SLBT,SL Science Holding Limited Ordinary Shares,Biotechnology: Biological Products (No Diagnostic Substances),51,2.0999999046325684,-83.60911754906599,3,,A
SLDB,Solid Biosciences Inc. Common Stock,Biotechnology: Biological Products (No Diagnostic Substances),51,9.069999694824219,-18.654708474153548,91,7,A-
SLDE,Slide Insurance Holdings Inc. Common Stock,Property-Casualty Insurers,29,24.450000762939453,-1.1322231479166223,91,92,B+
SLDP,Solid Power Inc. Class A Common Stock,Industrial Machinery/Components,93,2.4700000286102295,-70.97532359367781,20,7,C
SLE,Super League Enterprise Inc. Common Stock,EDP Services,126,4.570000171661377,-95.52487265104942,30,17,A+
SLF,Sun Life Financial Inc. Common Stock,Life Insurance,10,79.55999755859375,-4.536221414776276,79,55,C
SLG,SL Green Realty Corp Common Stock,Real Estate Investment Trusts,57,51.630001068115234,-17.848170592286717,67,17,B-
SLGB,Smart Logistics Global Limited Class A Ordinary Shares,Integrated Freight & Logistics,141,0.39100000262260437,-92.59469721428673,5,,A+
SLGL,Sol-Gel Technologies Ltd. Ordinary Shares,Biotechnology: Pharmaceutical Preparations,62,66.79000091552734,-31.82606911980602,86,,E
SLGN,Silgan Holdings Inc. Common Stock,Containers/Packaging,91,38.56999969482422,-19.86390908758029,41,54,E+
SLI,Standard Lithium Ltd. Common Shares,Major Chemicals,65,2.2699999809265137,-59.82300986529646,14,1,C
SLM,SLM Corporation Common Stock,Finance: Consumer Services,114,25.579999923706055,-15.61108105800335,60,43,C-
SLMT,Brera Holdings PLC Class B Ordinary Shares,Services-Misc. Amusement & Recreation,89,3.549999952316284,-98.8322368577907,7,,B+
SLN,Silence Therapeutics Plc American Depository Share,Biotechnology: Pharmaceutical Preparations,62,13.3100004196167,-13.739467554306895,98,7,A
SLND,Southland Holdings Inc. Common Stock,Military/Government/Technical,98,0.5720000267028809,-88.08333325054912,8,26,A+
SLNG,Stabilis Solutions Inc. Common Stock,Oil/Gas Transmission,37,5.320000171661377,-19.271622936575884,80,17,A
SLNH,Soluna Holdings Inc. Common Stock,EDP Services,126,1.159999966621399,-73.75565731677479,75,1,B
SLP,Simulations Plus Inc. Common Stock,EDP Services,126,18.420000076293945,-11.612284350167979,76,53,B-
SLQT,SelectQuote Inc. Common Stock,Specialty Insurers,48,0.5149999856948853,-75.82159821479341,10,17,E-
SLRC,SLR Investment Corp. Common Stock,Finance/Investors Services,53,12.319999694824219,-21.742894683756862,34,58,C
SLS,SELLAS Life Sciences Group Inc. Common Stock,Biotechnology: Pharmaceutical Preparations,62,13.489999771118164,-12.74256314468245,99,7,A-
SLSN,Solesence Inc. Common Stock,Package Goods/Cosmetics,55,0.8299999833106995,-80.96330371802827,12,41,D+
SLSR,Solaris Resources Inc. Common Shares,,,7.96999979019165,-28.39173667347262,58,26,D
SLVM,Sylvamo Corporation Common Stock,Paper,62,35.029998779296875,-34.56090463814324,28,31,D
SLXN,Silexion Therapeutics Corp Ordinary Shares,Biotechnology: Biological Products (No Diagnostic Substances),51,0.4230000078678131,-99.14198780037744,1,,A+
SM,SM Energy Company Common Stock,Oil & Gas Production,11,38.18000030517578,0.0,91,74,B+
SMA,SmartStop Self Storage REIT Inc. Common Stock,Real Estate Investment Trusts,57,32.04999923706055,-13.653071719918142,44,63,C
SMBC,Southern Missouri Bancorp Inc. Common Stock,Banks,14,73.2300033569336,-7.365584159581607,72,60,C
SMBK,SmartFinancial Inc. Common Stock,Major Banks,12,51.54999923706055,-3.1561155732168555,84,72,B-
SMC,Summit Midstream Corporation Common Stock,Natural Gas Distribution,33,34.22999954223633,-2.0880994317890478,78,63,B+
SMCI,Super Micro Computer Inc. Common Stock,Computer Manufacturing,81,37.380001068115234,-36.298567018210825,68,95,A-
SMFG,Sumitomo Mitsui Financial Group Inc Unsponsored American Depositary Shares (Japan),Commercial Banks,7,26.549999237060547,-3.6647323964209666,85,83,C
SMG,Scotts Miracle-Gro Company (The) Common Stock,Agricultural Chemicals,125,56.15999984741211,-22.72634368022306,44,44,D
SMHI,SEACOR Marine Holdings Inc. Common Stock,Marine Transportation,3,9.65999984741211,-3.012050096243546,87,34,B+
SMID,Smith-Midland Corporation Common Stock,Building Materials,86,24.229999542236328,-43.963925528007806,20,52,E+
SMJF,SMJ International Holdings Inc. Class A Ordinary Shares,RETAIL: Building Materials,126,1.0399999618530273,-90.88518864363606,3,,E-
SMMT,Summit Therapeutics Inc. Common Stock,Biotechnology: Pharmaceutical Preparations,62,17.0,-35.5572382834527,62,17,A-
SMP,Standard Motor Products Inc. Common Stock,Auto Parts:O.E.M.,68,38.459999084472656,-12.683962798489745,53,52,B-
SMPL,The Simply Good Foods Company Common Stock,Packaged Foods,109,10.239999771118164,-62.99241148216981,15,32,D+
SMR,NuScale Power Corporation Class A Common Stock,Metal Fabrications,47,10.210000038146973,-80.89088530819654,21,7,B+
SMRT,SmartRent Inc. Class A Common Stock,EDP Services,126,1.159999966621399,-45.28301748867849,27,17,A-
SMSI,Smith Micro Software Inc. Common Stock,Computer Software: Prepackaged Software,103,2.809999942779541,-38.24176208824065,24,17,A-
SMTC,Semtech Corporation Common Stock,Semiconductors,41,159.1300048828125,-8.928055414739456,95,49,A
SMTI,Sanara MedTech Inc. Common Stock,Industrial Specialties,68,35.029998779296875,-0.7086168045637997,91,17,A
SMTK,SmartKem Inc. Common Stock,Semiconductors,41,2.2899999618530273,-98.38162546865512,2,26,A+
SMWB,Similarweb Ltd. Ordinary Shares,Computer Software: Programming Data Processing,103,8.100000381469727,-19.801979450113294,96,17,A
SMX,SMX (Security Matters) Public Limited Company Ordinary Shares,Industrial Machinery/Components,93,17.6200008392334,-99.52684261842207,15,,A-
SMXT,Solarmax Technology Inc. Common Stock,Engineering & Construction,71,2.4200000762939453,-81.9940464892118,5,,A
SN,SharkNinja Inc. Ordinary Shares,Consumer Electronics/Appliances,93,162.5800018310547,-15.700507457984337,88,88,C-
SNA,Snap-On Incorporated Common Stock,Industrial Machinery/Components,93,374.8299865722656,-10.05327849914176,58,51,D
SNAL,Snail Inc. Class A Common Stock,Computer Software: Prepackaged Software,103,2.559999942779541,-69.88235361435834,15,63,A
SNAP,Snap Inc. Class A Common Stock,Computer Software: Programming Data Processing,103,5.519999980926514,-39.27392862193749,37,17,B-
SND,Smart Sand Inc. Common Stock,Mining & Quarrying of Nonmetallic Minerals (No Fuels),98,5.199999809265137,-8.719003819840154,92,44,B
SNDA,Sonida Senior Living Inc. Common Stock,Hospital/Nursing Management,23,39.779998779296875,-7.638729832456226,80,1,B-
SNDK,Sandisk Corporation Common Stock,Electronic Components,2,1692.5899658203125,-27.512207031250004,99,67,C+
SNDL,SNDL Inc. Common Shares,Medicinal Chemicals and Botanical Products,129,1.340000033378601,-52.3978683431459,26,26,C
SNDR,Schneider National Inc. Common Stock,Trucking Freight/Courier Services,24,34.02000045776367,-11.998186310691494,74,54,D-
SNDX,Syndax Pharmaceuticals Inc. Common Stock,Biotechnology: Pharmaceutical Preparations,62,18.81999969482422,-25.168986161901064,48,7,C+
SNES,SenesTech Inc. Common Stock,Agricultural Chemicals,125,0.8939999938011169,-82.64077714085298,7,17,B+
SNEX,StoneX Group Inc. Common Stock,Investment Bankers/Brokers/Service,51,69.7699966430664,-24.714052062262247,84,96,D
SNFCA,Security National Financial Corporation Class A Common Stock,Finance: Consumer Services,114,8.789999961853027,-11.923844037738752,52,55,D-
SNGX,Soligenix Inc. Common Stock,Biotechnology: Pharmaceutical Preparations,62,0.36000001430511475,-87.67123270893795,8,,C
SNN,Smith & Nephew SNATS Inc. Common Stock,Industrial Specialties,68,27.6200008392334,-26.62473268722231,28,,E+
SNOA,Sonoma Pharmaceuticals Inc. Common Stock,Medical/Dental Instruments,98,1.309999942779541,-72.00854720448602,19,26,A
SNOW,Snowflake Inc. Common Stock,Computer Software: Prepackaged Software,103,329.7200012207031,-7.504137769909603,91,92,A-
SNPS,Synopsys Inc. Common Stock,Computer Software: Prepackaged Software,103,397.1700134277344,-25.701508672242145,27,81,D+
SNT,Senstar Technologies Corporation Common Shares,Telecommunications Equipment,103,1.659999966621399,-68.67924703996597,11,32,D+
SNTG,Sentage Holdings Inc. Class A Ordinary Shares,Finance: Consumer Services,114,1.75,-56.57568464287442,17,,B+
SNTI,Senti Biosciences Holdings Inc. Common Stock,Biotechnology: Biological Products (No Diagnostic Substances),51,0.30000001192092896,-87.4476987969439,4,17,E-
SNWV,SANUWAVE Health Inc. Common Stock,Medical/Dental Instruments,98,4.0,-90.20088184736763,3,42,E-
SNX,TD SYNNEX Corporation Common Stock,Retail: Computer Software & Peripheral Equipment,26,255.5399932861328,-11.751391726512328,88,93,D+
SNY,Sanofi ADS,Biotechnology: Pharmaceutical Preparations,62,42.720001220703125,-13.851808049432247,43,71,D-
SNYR,Synergy CHC Corp. Common Stock,Other Pharmaceuticals,137,0.1080000028014183,-95.9999999668863,4,26,A+
SO,Southern Company (The) Common Stock,Electric Utilities: Central,71,87.75,-9.991801762292429,42,69,D
SOAR,Volato Group Inc. Class A Common Stock,Transportation Services,113,0.19499999284744263,-94.53805998476327,10,42,A+
SOBO,South Bow Corporation Common Shares,Natural Gas Distribution,33,36.38999938964844,-5.8960405669940545,71,60,C
SOBR,SOBR Safe Inc. Common Stock,Newspapers/Magazines,36,0.42899999022483826,-88.91472860695285,6,,A+
SOC,Sable Offshore Corp. Common Stock,Oil & Gas Production,11,4.920000076293945,-79.99186642633609,8,26,C+
SOFI,SoFi Technologies Inc. Common Stock,Finance: Consumer Services,114,17.209999084472656,-46.56938971237348,31,92,D+
SOGP,Sound Group Inc. American Depositary Shares,Computer Software: Programming Data Processing,103,11.869999885559082,-46.99115783713855,30,,A
SOHU,Sohu.com Limited American Depositary Shares,EDP Services,126,13.5,-21.602784330366088,35,33,D+
SOLS,Solstice Advanced Materials Inc. Common Stock,Major Chemicals,65,61.560001373291016,-30.426617637827647,47,51,B+
SOLV,Solventum Corporation Common Stock,Medical/Dental Instruments,98,87.6500015258789,-5.181740360255316,69,51,C+
SON,Sonoco Products Company Common Stock,Containers/Packaging,91,48.43000030517578,-19.278436764314854,56,47,E+
SONM,DNA X Inc. Common Stock,Telecommunications Equipment,103,3.1700000762939453,-81.20478938362419,12,35,C-
SONO,Sonos Inc. Common Stock,Consumer Electronics/Appliances,93,14.630000114440918,-23.643005057659472,40,37,D+
SONY,Sony Group Corporation American Depositary Shares,Consumer Electronics/Appliances,93,23.520000457763672,-22.27362762768631,48,47,C+
SOPH,SOPHiA GENETICS SA Ordinary Shares,EDP Services,126,7.610000133514404,-14.686097887611405,95,17,A-
SOR,Source Capital Inc. Cmn Shs of BI,Investment Managers,46,46.25,-3.464821895583825,54,,C-
SORA,AsiaStrategy Ordinary Shares,Other Specialty Stores,121,2.2200000286102295,-68.24034189839317,27,,E-
SOS,SOS Limited Class A Ordinary Shares,Investment Bankers/Brokers/Service,51,0.7450000047683716,-67.46724815813836,12,,A-
SOTK,Sono-Tek Corporation Common Stock,Industrial Machinery/Components,93,4.510000228881836,-26.307184424565843,51,,E+
SOUN,SoundHound AI Inc Class A Common Stock,Computer Software: Prepackaged Software,103,6.28000020980835,-70.65420410395478,19,17,C+
SOWG,Sow Good Inc. Common Stock,Packaged Foods,109,3.4200000762939453,-76.96969704753998,63,17,A
SPAI,Safe Pro Group Inc. Common Stock,Industrial Specialties,68,4.579999923706055,-48.8268154043446,29,26,A+
SPB,Spectrum Brands Holdings Inc. Common Stock,Industrial Machinery/Components,93,85.62000274658203,-5.377632484897788,81,86,C-
SPCB,SuperCom Ltd. Ordinary Shares (Israel),Semiconductors,41,9.850000381469727,-25.265552705627513,57,,B
SPCE,Virgin Galactic Holdings Inc. Common Stock,Transportation Services,113,2.9100000858306885,-61.303190249846814,24,7,C-
SPFI,South Plains Financial Inc. Common Stock,Major Banks,12,44.63999938964844,-2.478743779139647,64,75,C
SPG,Simon Property Group Inc. Common Stock,Real Estate Investment Trusts,57,204.6699981689453,-12.603818879799256,61,54,D
SPGI,S&P Global Inc. Common Stock,Finance: Consumer Services,114,410.4200134277344,-20.55040318388134,39,79,C
SPH,Suburban Propane Partners L.P. Common Stock,Other Specialty Stores,121,17.389999389648438,-13.426703759600112,38,31,D-
SPHL,Springview Holdings Ltd Class A Ordinary Shares,Homebuilding,93,2.390000104904175,-86.27225660051093,14,,A+
SPHR,Sphere Entertainment Co. Class A Common Stock,Services-Misc. Amusement & Recreation,89,141.83999633789062,-19.5827234316443,92,33,C-
SPIR,Spire Global Inc. Class A Common Stock,Telecommunications Equipment,103,11.279999732971191,-55.72998455406892,44,,E
SPMC,Sound Point Meridian Capital Inc. Common Stock,,,9.640000343322754,-34.758834943535774,30,,E
SPNT,SiriusPoint Ltd. Common Shares,Property-Casualty Insurers,29,24.360000610351562,-7.411626359457147,69,72,C-
SPOK,Spok Holdings Inc. Common Stock,Telecommunications Equipment,103,10.630000114440918,-32.86839616763659,35,43,C-
SPOT,Spotify Technology S.A. Ordinary Shares,Broadcasting,98,521.72998046875,-29.3556172705031,39,95,C
SPPL,SIMPPLE LTD. Ordinary Shares,Diversified Commercial Services,65,1.7400000095367432,-73.71601148615738,10,,D-
SPRB,Spruce Biosciences Inc. Common Stock,Biotechnology: Pharmaceutical Preparations,62,54.349998474121094,-70.23548923469906,97,7,A-
SPRC,SciSparc Ltd. Ordinary Shares,Biotechnology: Pharmaceutical Preparations,62,4.949999809265137,-90.96880188790276,13,,A+
SPRO,Spero Therapeutics Inc. Common Stock,Biotechnology: Pharmaceutical Preparations,62,1.1200000047683716,-62.41610746309352,9,41,E-
SPRU,Spruce Power Holding Corporation Class A Common Stock,Electric Utilities: Central,71,1.7000000476837158,-73.68420994357525,12,17,E+
SPRY,ARS Pharmaceuticals Inc. Common Stock,Biotechnology: Pharmaceutical Preparations,62,5.059999942779541,-61.25574440886543,10,26,E
SPSC,SPS Commerce Inc. Common Stock,Computer Software: Prepackaged Software,103,77.2300033569336,-31.6790492467829,66,46,B+
SPT,Sprout Social Inc Class A Common Stock,Computer Software: Prepackaged Software,103,10.609999656677246,-27.67553100546656,83,73,B+
SPTX,Seaport Therapeutics Inc. Common Stock,Biotechnology: Pharmaceutical Preparations,62,23.280000686645508,-16.379308336744046,79,,C+
SPWH,Sportsman's Warehouse Holdings Inc. Common Stock,Other Specialty Stores,121,1.2400000095367432,-61.128527044065585,26,17,A
SPWR,SunPower Inc. Common Stock,Semiconductors,41,0.3499999940395355,-83.41232173266813,5,26,A+
SPXC,SPX Technologies Inc. Common Stock,Industrial Machinery/Components,93,186.9499969482422,-24.13051654972659,33,91,E+
SQFT,Presidio Property Trust Inc. Class A Common Stock,Real Estate Investment Trusts,57,1.3450000286102295,-84.85360347661538,8,26,A+
SQM,Sociedad Quimica y Minera S.A. Common Stock,Mining & Quarrying of Nonmetallic Minerals (No Fuels),98,72.48999786376953,-21.9306064369269,75,,C-
SQNS,Sequans Communications S.A. American Depositary Shares (each representing one hundred (100) Ordinary Shares),Semiconductors,41,2.940000057220459,-71.53920543141992,19,42,C-
SR,Spire Inc. Common Stock,Oil/Gas Transmission,37,81.47000122070312,-13.524386050639048,51,93,C-
SRAD,Sportradar Group AG Class A Ordinary Shares,Computer Software: Programming Data Processing,103,12.699999809265137,-59.34699134983198,14,39,D-
SRBK,SR Bancorp Inc. Common stock,Banks,14,19.639999389648438,-3.631009821348441,71,79,C+
SRCE,1st Source Corporation Common Stock,Major Banks,12,86.69000244140625,-4.547453498453747,81,71,C+
SRE,DBA Sempra Common Stock,Natural Gas Distribution,33,84.0,-15.18765285510163,42,72,D
SRFM,Surf Air Mobility Inc. Common Stock,Transportation Services,113,0.578000009059906,-89.39449487544401,6,26,C+
SRG,Seritage Growth Properties Class A Common Stock,Real Estate,71,1.909999966621399,-57.174889007064664,14,,E
SRI,Stoneridge Inc. Common Stock,Auto Parts:O.E.M.,68,7.179999828338623,-21.701202087225944,51,7,B-
SRL,Scully Royalty Ltd.,Precious Metals,18,5.639999866485596,-44.37870142480255,34,,B
SRPT,Sarepta Therapeutics Inc. Common Stock (DE),Biotechnology: Pharmaceutical Preparations,62,20.520000457763672,-16.073620378502206,75,74,A-
SRRK,Scholar Rock Holding Corporation Common Stock,Biotechnology: Biological Products (No Diagnostic Substances),51,55.66999816894531,-7.278485476258334,87,17,B+
SRTA,Strata Critical Medical Inc. Class A Common Stock,Medical/Nursing Services,48,5.130000114440918,-20.710969384916154,60,33,C
SRTS,Sensus Healthcare Inc. Common Stock,Medical/Dental Instruments,98,3.119999885559082,-41.132079749482365,40,17,B+
SRXH,SRX Global Inc. Common Stock,Beverages (Production/Distribution),119,1.559999942779541,-95.42711881104198,2,26,A-
SRZN,Surrozen Inc. Common Stock,Biotechnology: Biological Products (No Diagnostic Substances),51,19.450000762939453,-43.01201243995876,52,26,D
SSB,SouthState Bank Corporation Common Stock,Major Banks,12,105.83999633789062,-5.152791637871557,67,72,C+
SSBI,Summit State Bank Common Stock,Major Banks,12,12.25,-12.5,45,34,E
SSD,Simpson Manufacturing Company Inc. Common Stock,Industrial Machinery/Components,93,172.42999267578125,-17.792691487073252,40,76,D
SSII,SS Innovations International Inc. Common Stock,Medical/Dental Instruments,98,3.299999952316284,-66.93386669658287,19,17,B-
SSL,Sasol Ltd. American Depositary Shares,Oil & Gas Production,11,14.649999618530273,0.0,94,,A
SSM,Sono Group N.V. Ordinary Shares,Semiconductors,41,1.9700000286102295,-80.32950613003547,6,42,A+
SSMR,Sunshine Silver Mining & Refining Company Common Stock,Precious Metals,18,16.829999923706055,-11.140446414229988,59,,B
SSNC,SS&C Technologies Holdings Inc. Common Stock,Computer Software: Prepackaged Software,103,78.91999816894531,-11.130941498771808,55,86,B-
SSP,E.W. Scripps Company (The) Class A Common Stock,Broadcasting,98,3.0999999046325684,-39.92248069179093,42,17,B-
SSRM,SSR Mining Inc. Common Stock,Precious Metals,18,36.209999084472656,-7.651109589512883,92,81,B+
SST,System1 Inc. Class A Common Stock,Computer Software: Programming Data Processing,103,3.8399999141693115,-56.950673976173974,60,17,A+
SSTI,SoundThinking Inc. Common Stock,Computer Software: Prepackaged Software,103,5.639999866485596,-56.17715682488842,18,7,E-
SSTK,Shutterstock Inc. Common Stock,EDP Services,126,5.050000190734863,-79.59961878362111,5,31,E-
SSYS,Stratasys Ltd. Ordinary Shares (Israel),Computer peripheral equipment,55,7.570000171661377,-39.14790653531413,29,47,E+
ST,Sensata Technologies Holding plc Ordinary Shares,Industrial Machinery/Components,93,42.189998626708984,-21.008782495830946,66,74,D
STAA,STAAR Surgical Company Common Stock,Ophthalmic Goods,114,23.420000076293945,-29.75404928282205,40,82,E+
STAG,Stag Industrial Inc. Common Stock,Real Estate Investment Trusts,57,36.869998931884766,-12.297816058641075,47,55,D+
STAK,STAK Inc. Class A Ordinary Shares,Oil and Gas Field Machinery,22,1.2400000095367432,-86.62351727827331,82,,A-
STBA,S&T Bancorp Inc. Common Stock,Major Banks,12,50.130001068115234,-5.366664165440415,75,59,C
STC,Stewart Information Services Corporation Common Stock,Specialty Insurers,48,66.55999755859375,-11.705032745688815,46,61,D+
STE,STERIS plc (Ireland) Ordinary Shares,Industrial Specialties,68,212.4499969482422,-20.239759810543177,38,74,D+
STEM,Stem Inc. Class A Common Stock,EDP Services,126,5.119999885559082,-82.8130254172285,10,7,D
STEP,StepStone Group Inc. Class A Common Stock,Investment Managers,46,49.34000015258789,-33.2430746228938,53,17,C-
STEX,Streamex Corp. Common Stock,Biotechnology: Electromedical & Electrotherapeutic Apparatus,57,0.6830000281333923,-90.24285674095154,8,26,E+
STFS,Star Fashion Culture Holdings Limited Class A Ordinary Shares,Advertising,116,4.119999885559082,-77.47403127759607,15,,A+
STG,Sunlands Technology Group American Depositary Shares representing Class A ordinary shares,Other Consumer Services,132,2.9600000381469727,-66.43990770335321,19,44,E
STGW,Stagwell Inc. Class A Common Stock,Advertising,116,8.569999694824219,-8.342252992752275,89,31,B+
STHO,Star Holdings Shares of Beneficial Interest,Real Estate,71,9.529999732971191,-4.028203020256694,67,37,B-
STI,Solidion Technology Inc. Common Stock,Industrial Machinery/Components,93,7.099999904632568,-80.12318123741427,34,26,E
STIM,Neuronetics Inc. Common Stock,Medical/Dental Instruments,98,3.009999990463257,-13.005781581572363,97,17,A
STKE,Sol Strategies Inc. Common Shares,,,1.190000057220459,-84.5854910678577,17,26,A
STKH,Steakholder Foods Ltd. American Depositary Shares,Packaged Foods,109,2.309999942779541,-87.83570315628538,10,,A+
STKS,The ONE Group Hospitality Inc. Common Stock,Restaurants,81,1.559999942779541,-50.0,23,17,E
STLA,Stellantis N.V. Common Shares,Auto Manufacturing,138,5.28000020980835,-56.435641421915825,17,,D
STLD,Steel Dynamics Inc.,Steel/Iron Ore,39,237.0800018310547,-15.964890095899042,81,90,D-
STLN,Starling Oncology Inc. Common Stock,Medical/Nursing Services,48,6.199999809265137,-6.906907637929094,96,17,B+
STM,STMicroelectronics N.V. Common Stock,Semiconductors,41,50.7400016784668,-36.431969591003465,87,53,E
STN,Stantec Inc Common Stock,Military/Government/Technical,98,70.04000091552734,-38.11673318463382,26,67,D+
STNE,StoneCo Ltd. Class A Common Shares,EDP Services,126,10.300000190734863,-35.930262715789716,30,87,C
STNG,Scorpio Tankers Inc. Common Shares,Marine Transportation,3,84.51000213623047,-1.2844285738347727,83,78,B-
STOK,Stoke Therapeutics Inc. Common Stock,Biotechnology: Pharmaceutical Preparations,62,29.34000015258789,-23.494129543742293,49,26,B-
STRA,Strategic Education Inc. Common Stock,Other Consumer Services,132,81.02999877929688,-6.838615124934733,52,70,C-
STRL,Sterling Infrastructure Inc. Common Stock,Military/Government/Technical,98,484.8599853515625,-51.20856661537717,66,98,E-
STRO,Sutro Biopharma Inc. Common Stock,Biotechnology: Biological Products (No Diagnostic Substances),51,17.829999923706055,-56.416524101175355,76,7,E
STRR,Star Equity Holdings Inc. Common Stock,Professional Services,41,10.449999809265137,-11.515669449872057,46,17,B
STRT,STRATTEC SECURITY CORPORATION Common Stock,Auto Parts:O.E.M.,68,71.08000183105469,-21.81278300764131,38,49,E+
STRW,Strawberry Fields REIT Inc. Common Stock,Real Estate Investment Trusts,57,13.920000076293945,-4.787960429169102,67,71,C
STRZ,Starz Entertainment Corp. Common Shares,Movies/Entertainment,6,25.31999969482422,-16.186691618146398,93,17,B
STT,State Street Corporation Common Stock,Major Banks,12,191.3000030517578,-1.523726726438246,90,81,C
STTK,Shattuck Labs Inc. Common Stock,Biotechnology: Pharmaceutical Preparations,62,6.150000095367432,-23.697273260689222,96,17,A-
STUB,StubHub Holdings Inc. Class A Common Stock,Services-Misc. Amusement & Recreation,89,5.949999809265137,-72.9545463215221,10,17,E-
STVN,Stevanato Group S.p.A. Ordinary Shares,Medical/Dental Instruments,98,20.950000762939453,-23.847989304169204,66,42,C
STWD,STARWOOD PROPERTY TRUST INC. Starwood Property Trust Inc.,Real Estate Investment Trusts,57,15.619999885559082,-16.03603301561992,36,57,D+
STX,Seagate Technology Holdings PLC Ordinary Shares (Ireland),Electronic Components,2,862.3300170898438,-21.123097502342002,98,83,C-
STXS,Stereotaxis Inc. Common Stock,Biotechnology: Electromedical & Electrotherapeutic Apparatus,57,1.2999999523162842,-63.585434828413746,13,17,E
STZ,Constellation Brands Inc. Common Stock,Beverages (Production/Distribution),119,123.80999755859375,-24.635099836053254,31,88,E+
SU,Suncor Energy  Inc. Common Stock,Integrated oil Companies,1,68.93000030517578,-0.1303916868556798,86,77,C
SUGP,SU Group Holdings Limited Class A Ordinary Shares,Diversified Commercial Services,65,0.6179999709129333,-98.8217350582965,1,,E-
SUI,Sun Communities Inc. Common Stock,Real Estate Investment Trusts,57,114.93000030517578,-14.681136563488428,35,38,B
SUIG,Sui Group Holdings Limited Common Stock,Finance: Consumer Services,114,0.9850000143051147,-78.58695576682206,12,26,A-
SUJA,Suja Life Inc. Class A Common Stock,Beverages (Production/Distribution),119,9.180000305175781,-48.57142796083278,14,,B+
SUNB,Sunbelt Rentals Holdings Inc. Common Stock,Diversified Commercial Services,65,73.18000030517578,-14.083596937164577,44,57,B
SUNE,SUNation Energy Inc. Common Stock,Engineering & Construction,71,3.369999885559082,-42.68707789167265,97,,A+
SUNS,Sunrise Realty Trust Inc. Common Stock,Real Estate Investment Trusts,57,7.28000020980835,-28.96714819463303,28,44,D-
SUPN,Supernus Pharmaceuticals Inc. Common Stock,Biotechnology: Pharmaceutical Preparations,62,41.689998626708984,-26.8596515320895,32,17,D+
SUPV,Grupo Supervielle S.A. American Depositary Shares each Representing five Class B shares,Commercial Banks,7,8.729999542236328,-32.11508728382053,49,46,B-
SUPX,SuperX AI Technology Limited Ordinary Shares,,,8.170000076293945,-89.1066665649414,15,,B+
SURG,SurgePays Inc. Common Stock,Advertising,116,0.16500000655651093,-94.59016363488125,3,,A+
SUZ,Suzano S.A. American Depositary Shares (each representing One Ordinary Share),Paper,62,9.430000305175781,-17.704340681574216,56,38,B+
SVC,Service Properties Trust Common Shares of Beneficial Interest,Real Estate Investment Trusts,57,6.869999885559082,-51.755879715262786,19,26,D
SVCC,Stellar V Capital Corp. Class A Ordinary Shares,,,10.680000305175781,0.0,51,,C-
SVCCU,Stellar V Capital Corp. Unit,Blank Checks,57,10.710000038146973,-6.707313020844929,48,,D-
SVCO,Silvaco Group Inc. Common Stock,Computer Software: Prepackaged Software,103,6.510000228881836,-52.79187638223129,75,34,E
SVM,Silvercorp Metals Inc. Common Shares,Precious Metals,18,12.119999885559082,-22.770394054031684,92,,B
SVRA,Savara Inc. Common Stock,Biotechnology: Pharmaceutical Preparations,62,5.320000171661377,-23.342937639800375,57,,D+
SVRE,SaverOne 2014 Ltd. American Depositary Shares,EDP Services,126,2.4100000858306885,-88.52380911509195,9,,E
SVRN,SVRN Inc. Common Stock,Marine Transportation,3,10.390000343322754,-76.38636285608465,28,,E-
SVV,Savers Value Village Inc. Common Stock,Other Specialty Stores,121,9.640000343322754,-29.68635801239804,48,48,E
SW,Smurfit WestRock plc Ordinary Shares,Containers/Packaging,91,42.209999084472656,-16.89529583472997,60,80,D+
SWAG,Stran & Company Inc. Common Stock,Advertising,116,1.7100000381469727,-48.95522128874427,34,,E
SWBI,Smith & Wesson Brands Inc. Common Stock,Ordnance And Accessories,35,13.289999961853027,-19.580834632817258,68,82,B
SWIM,Latham Group Inc. Common Stock,Plastic Products,17,6.329999923706055,-20.67669287498327,49,48,B-
SWK,Stanley Black & Decker Inc. Common Stock,Industrial Machinery/Components,93,89.2300033569336,-13.455233689749624,76,74,D+
SWKS,Skyworks Solutions Inc. Common Stock,Semiconductors,41,84.02999877929688,0.0,81,36,A-
SWMR,Swarmer Inc Common Stock,Computer Software: Prepackaged Software,103,35.9900016784668,-54.16453996799191,40,,B+
SWVL,Swvl Holdings Corp Class A Common Shares,Business Services,78,7.940000057220459,0.0,99,,A+
SWX,Southwest Gas Holdings Inc. Common Stock (DE),Oil & Gas Production,11,86.9000015258789,-6.279121777535535,56,99,C-
SXC,SunCoke Energy Inc. Common Stock,Steel/Iron Ore,39,10.130000114440918,-4.162720842827971,88,58,C+
SXI,Standex International Corporation Common Stock,Industrial Machinery/Components,93,266.8699951171875,-25.311323246895434,59,83,D
SXT,Sensient Technologies Corporation Common Stock,Major Chemicals,65,131.05999755859375,-4.6489629185329395,81,67,B
SXTC,China SXT Pharmaceuticals Inc. Class A Ordinary Shares,Biotechnology: Pharmaceutical Preparations,62,1.9299999475479126,-99.99195833355189,1,,A+
SXTP,60 Degrees Pharmaceuticals Inc. Common Stock,Biotechnology: Pharmaceutical Preparations,62,0.9300000071525574,-87.08333289181743,7,26,E-
SY,So-Young International Inc. American Depository Shares,EDP Services,126,2.619999885559082,-41.387024417583916,50,7,A+
SYBT,Stock Yards Bancorp Inc. Common Stock,Major Banks,12,78.94999694824219,-10.314667678025858,66,65,C
SYF,Synchrony Financial Common Stock,Finance: Consumer Services,114,75.44000244140625,-13.662413238473281,58,76,D
SYK,Stryker Corporation Common Stock,Medical/Dental Instruments,98,270.010009765625,-29.93769952681732,24,77,E
SYM,Symbotic Inc. Class A Common Stock,Industrial Machinery/Components,93,41.099998474121094,-52.92096559291755,30,99,D-
SYNA,Synaptics Incorporated Common Stock $0.001 Par Value,Semiconductors,41,93.47000122070312,-36.660570182567774,55,74,E+
SYNX,Silynxcom Ltd. Ordinary Shares,Consumer Electronics/Appliances,93,0.800000011920929,-55.80110291647842,18,,E
SYPR,Sypris Solutions Inc. Common Stock,Industrial Machinery/Components,93,1.840000033378601,-55.98085863774007,21,17,E+
SYRE,Spyre Therapeutics Inc. Common Stock,Biotechnology: Pharmaceutical Preparations,62,88.70999908447266,-18.55490215224299,98,7,E+
SYY,Sysco Corporation Common Stock,Food Distributors,80,82.30999755859375,-8.42454843738263,58,50,C
T,AT&T Inc.,Telecommunications Equipment,103,25.549999237060547,-10.092442864768358,53,72,C+
TAC,TransAlta Corporation Ordinary Shares,Electric Utilities: Central,71,12.180000305175781,-30.507550134722784,41,43,C
TACT,TransAct Technologies Incorporated Common Stock,Computer peripheral equipment,55,5.289999961853027,-9.417811239116848,76,63,C
TAK,Takeda Pharmaceutical Company Limited American Depositary Shares (each representing 1/2 of a share of Common Stock),Biotechnology: Pharmaceutical Preparations,62,18.110000610351562,-3.6702056101618696,70,,B-
TAL,TAL Education Group American Depositary Shares,Other Consumer Services,132,11.5,-10.921765019964369,66,96,B-
TALO,Talos Energy Inc. Common Stock,Oil & Gas Production,11,17.540000915527344,-1.183093433648763,88,34,B
TANH,Tantech Holdings Ltd. Class A Common Shares,Major Chemicals,65,23.739999771118164,-79.88135612617104,12,,A+
TAOP,Taoping Inc. Ordinary Shares,Computer Software: Prepackaged Software,103,0.7400000095367432,-78.79656138926575,7,,A+
TAOX,Tao Synergies Inc. Common Stock,Finance: Consumer Services,114,3.799999952316284,-60.41666873627231,26,,A-
TAP,Molson Coors Beverage Company Class B Common Stock,Beverages (Production/Distribution),119,38.439998626708984,-26.886991638684364,33,32,D-
TARA,Protara Therapeutics Inc.  Common Stock,Biotechnology: Biological Products (No Diagnostic Substances),51,3.7899999618530273,-49.867724992871096,35,17,D-
TARS,Tarsus Pharmaceuticals Inc. Common Stock,Biotechnology: Biological Products (No Diagnostic Substances),51,81.12000274658203,-10.641106149604717,79,17,A-
TASK,TaskUs Inc. Class A Common Stock,EDP Services,126,7.639999866485596,-34.98131034996589,63,68,B+
TATT,TAT Technologies Ltd. Ordinary Shares,Aerospace,116,37.849998474121094,-38.06251334301313,34,96,B
TAYD,Taylor Devices Inc. Common Stock,Industrial Machinery/Components,93,59.380001068115234,-33.98554409925898,60,,B+
TBBB,BBB Foods Inc. Class A Common Shares,Food Chains,106,51.34000015258789,-0.6194341768668177,92,7,A-
TBBK,The Bancorp Inc Common Stock,Major Banks,12,50.29999923706055,-37.39108597228348,28,90,E-
TBCH,Turtle Beach Corporation Common Stock,Telecommunications Equipment,103,11.84000015258789,-30.719718859715794,30,41,B-
TBI,TrueBlue Inc. Common Stock,Professional Services,41,9.0600004196167,-16.49769492091535,95,17,B
TBLA,Taboola.com Ltd. Ordinary Shares,Computer Software: Programming Data Processing,103,3.7300000190734863,-33.15412060801353,39,99,D+
TBLD,Thornburg Income Builder Opportunities Trust Common Stock,Investment Managers,46,21.3799991607666,-5.049168813221872,57,,D
TBN,Tamboran Resources Corporation Common stock,Oil & Gas Production,11,39.33000183105469,-21.324263831749192,88,7,B-
TBPH,Theravance Biopharma Inc. Ordinary Shares,Biotechnology: Pharmaceutical Preparations,62,17.020000457763672,-17.93635175702769,63,73,D+
TC,Token Cat Limited American Depositary Shares,Business Services,78,1.9800000190734863,-89.47927709256012,3,,A
TCBI,Texas Capital Bancshares Inc. Common Stock,Major Banks,12,98.9000015258789,-8.015627170903606,57,57,D+
TCBK,TriCo Bancshares Common Stock,Major Banks,12,53.66999816894531,-12.901656768490778,64,60,B+
TCBS,Texas Community Bancshares Inc. Common Stock,Banks,14,17.40999984741211,-5.4659238456182475,58,83,C+
TCBX,Third Coast Bancshares Inc. Common Stock,Banks,14,45.11000061035156,-2.2111433647216794,71,79,B
TCI,Transcontinental Realty Investors Inc. Common Stock,Real Estate Investment Trusts,57,39.16999816894531,-33.50874508504004,42,30,E-
TCMD,Tactile Systems Technology Inc. Common Stock,Medical/Dental Instruments,98,22.31999969482422,-32.46596003005128,46,71,E
TCOM,Trip.com Group Limited American Depositary Shares,Business Services,78,38.70000076293945,-50.98784041076598,17,73,E
TCPC,BlackRock TCP Capital Corp. Common Stock,Finance/Investors Services,53,4.010000228881836,-33.34167198533158,42,37,B+
TCRT,Alaunos Therapeutics Inc. Common Stock,Biotechnology: Pharmaceutical Preparations,62,1.559999942779541,-64.22018589430422,13,26,E+
TCRX,TScan Therapeutics Inc. Common Stock,Biotechnology: Biological Products (No Diagnostic Substances),51,0.3179999887943268,-87.38095273011035,5,7,E-
TCX,Tucows Inc. Class A Common Stock,EDP Services,126,10.90999984741211,-56.18473889737323,17,26,B+
TD,Toronto Dominion Bank (The) Common Stock,Commercial Banks,7,120.13999938964844,-3.7339772020492212,82,56,D+
TDAY,USA TODAY Co. Inc. Common Stock,Newspapers/Magazines,36,6.289999961853027,-30.343298473350078,58,52,E
TDC,Teradata Corporation Common Stock,Computer Software: Prepackaged Software,103,27.360000610351562,-27.771911724201825,42,96,D
TDG,Transdigm Group Incorporated Common Stock,Military/Government/Technical,98,1126.8800048828125,-22.28413759428879,33,85,D-
TDIC,Dreamland Limited Class A Ordinary Shares,Other Consumer Services,132,2.240000009536743,-99.75350756428757,2,,A
TDOC,Teladoc Health Inc. Common Stock,Medical/Nursing Services,48,6.090000152587891,-37.34567916375716,33,17,E
TDS,Telephone and Data Systems Inc. Common Shares,Telecommunications Equipment,103,37.439998626708984,-21.176240895410093,38,63,B-
TDTH,Trident Digital Tech Holdings Ltd Class B Ordinary Shares,Business Services,78,1.649999976158142,-95.21739137345466,6,,A+
TDUP,ThredUp Inc. Class A Common Stock,Catalog/Specialty Distribution,98,2.5999999046325684,-76.19047723015254,9,7,E-
TDW,Tidewater Inc. Common Stock,Marine Transportation,3,91.98999786376953,-8.567739483439718,88,53,B
TDY,Teledyne Technologies Incorporated Common Stock,Industrial Machinery/Components,93,596.5,-13.71329227064294,53,61,C-
TE,T1 Energy Inc. Common Stock,Semiconductors,41,4.579999923706055,-61.960133403512366,43,17,C-
TEAD,Teads Holding Co. Common Stock,Computer Software: Programming Data Processing,103,0.47999998927116394,-72.57142918450492,10,17,E-
TEAM,Atlassian Corporation Class A Common Stock,Computer Software: Prepackaged Software,103,179.57000732421875,-7.761447462516891,95,63,A
TECH,Bio-Techne Corp Common Stock,Biotechnology: Biological Products (No Diagnostic Substances),51,72.08000183105469,-0.5381528675026725,85,61,B+
TECK,Teck Resources Ltd Ordinary Shares,Mining & Quarrying of Nonmetallic Minerals (No Fuels),98,65.9000015258789,-8.434069184200743,85,76,B-
TECX,Tectonic Therapeutic Inc. Common Stock,Biotechnology: Biological Products (No Diagnostic Substances),51,28.610000610351562,-24.571578222614587,74,7,D-
TEL,TE Connectivity plc Ordinary Shares,Electronic Components,2,204.6300048828125,-16.925684017539812,44,93,D+
TELA,TELA Bio Inc. Common Stock,Medical/Dental Instruments,98,0.9049999713897705,-44.135804399632214,33,17,A
TELO,Telomir Pharmaceuticals Inc. Common Stock,Biotechnology: Pharmaceutical Preparations,62,1.1799999475479126,-38.860104683053684,33,26,B+
TEM,Tempus AI Inc. Class A Common Stock,Computer Software: Programming Data Processing,103,58.7400016784668,-43.1089572121387,46,7,A-
TEN,Tsakos Energy Navigation Ltd Common Shares,Marine Transportation,3,44.709999084472656,0.0,92,,B
TENB,Tenable Holdings Inc. Common Stock,Computer Software: Prepackaged Software,103,32.029998779296875,-24.900357248845793,79,97,B
TENX,Tenax Therapeutics Inc. Common Stock,Biotechnology: Pharmaceutical Preparations,62,1.9500000476837158,-89.35589475891405,3,26,E+
TEO,Telecom Argentina SA,Telecommunications Equipment,103,13.539999961853027,-15.269084169459457,74,96,C+
TER,Teradyne Inc. Common Stock,Electrical Products,20,370.19000244140625,-23.45977800508455,95,92,C
TEVA,Teva Pharmaceutical Industries Limited American Depositary Shares,Biotechnology: Pharmaceutical Preparations,62,36.349998474121094,-4.593176036971924,84,44,B+
TEX,Terex Corporation Common Stock,Construction/Ag Equipment/Trucks,4,59.63999938964844,-19.826733536404006,59,69,E+
TFC,Truist Financial Corporation Common Stock,Major Banks,12,50.33000183105469,-7.0347057679146285,61,84,D+
TFII,TFI International Inc. Common Shares,Trucking Freight/Courier Services,24,131.1300048828125,-19.46718135284673,68,65,D
TFIN,Triumph Financial Inc. Common Stock,Major Banks,12,66.91999816894531,-17.46423697869961,54,72,D
TFPM,Triple Flag Precious Metals Corp. Common Shares,Precious Metals,18,32.959999084472656,-19.90986800551493,63,95,B
TFSL,TFS Financial Corporation Common Stock,Savings Institutions,9,17.079999923706055,-6.51183160760781,77,82,C-
TFX,Teleflex Incorporated Common Stock,Medical/Dental Instruments,98,132.0,-7.074975597216959,58,33,D+
TG,Tredegar Corporation Common Stock,Metal Fabrications,47,7.400000095367432,-28.5024171726976,40,86,C+
TGB,Trekor Metals Limited Common Shares,Precious Metals,18,8.020000457763672,-17.148758213618308,91,97,B
TGE,The Generation Essentials Group Class A Ordinary Shares,Newspapers/Magazines,36,0.8939999938011169,-69.69491595421944,23,,A
TGEN,Tecogen Inc. Common Stock,Industrial Machinery/Components,93,3.0299999713897705,-74.89643705054047,13,17,E
TGHL,The GrowHub Limited Class A Ordinary Shares,EDP Services,126,0.9599999785423279,-54.929580893740535,96,,A+
TGL,Treasure Global Inc. Common Stock,Business Services,78,2.9800000190734863,-88.28616369294477,8,26,A
TGLS,Tecnoglass Holdings Inc. Common Stock,Electronic Components,2,38.310001373291016,-47.582401339019476,24,42,E+
TGS,Transportadora de Gas del Sur SA TGS Common Stock,Natural Gas Distribution,33,30.739999771118164,-12.967157313926048,59,,C+
TGT,Target Corporation Common Stock,Department/Specialty Retail Stores,45,155.72999572753906,-8.334807059262461,90,86,B
TGTX,TG Therapeutics Inc. Common Stock,Biotechnology: Pharmaceutical Preparations,62,55.38999938964844,-6.214022855242063,93,72,B
TH,Target Hospitality Corp. Common Stock,Hotels/Resorts,86,19.1200008392334,-6.822610074555769,96,7,E
THC,Tenet Healthcare Corporation Common Stock,Hospital/Nursing Management,23,263.4599914550781,-6.165187960224216,88,87,B+
THCH,TH International Limited Ordinary shares,Restaurants,81,1.3559999465942383,-50.51095102647465,15,17,E
THFF,First Financial Corporation Common Stock,Major Banks,12,77.80000305175781,-6.027295335895633,77,58,C-
THG,Hanover Insurance Group Inc,Property-Casualty Insurers,29,224.00999450683594,-3.7054593969161,78,79,C+
THH,TryHard Holdings Limited Ordinary Shares,Services-Misc. Amusement & Recreation,89,1.690000057220459,-99.69300634746222,4,,A+
THM,International Tower Hill Mines Ltd. Ordinary Shares (Canada),Metal Mining,57,2.4200000762939453,-32.96398485824034,82,,A
THO,Thor Industries Inc. Common Stock,Homebuilding,93,72.01000213623047,-39.336558777786394,27,48,D-
THRM,Gentherm Inc Common Stock,Auto Parts:O.E.M.,68,38.33000183105469,-15.961409081070299,67,81,C
THRY,Thryv Holdings Inc. Common Stock,Advertising,116,1.8300000429153442,-85.91223960616114,7,30,E-
TIC,TIC Solutions Inc. Common Stock,Business Services,78,9.270000457763672,-36.02484055078543,55,17,B+
TIGO,Millicom International Cellular S.A. Common Stock,Telecommunications Equipment,103,96.47000122070312,-7.516054569444974,93,49,C+
TIGR,UP Fintech Holding Ltd American Depositary Share representing fifteen Class A Ordinary Shares,Investment Bankers/Brokers/Service,51,4.900000095367432,-56.483126147733465,19,55,B
TII,Titan Mining Corporation Common Shares,,,2.9800000190734863,-42.02334442644605,91,,B-
TIL,Instil Bio Inc. Common Stock,Biotechnology: Biological Products (No Diagnostic Substances),51,7.360000133514404,-71.45073724793572,19,26,D
TILE,Interface Inc. Common Stock,Home Furnishings,26,33.849998474121094,-13.840472938890702,74,91,C-
TIMB,TIM S.A. American Depositary Shares (Each representing 5 Common Shares),Telecommunications Equipment,103,19.18000030517578,-30.89382079052071,31,64,C-
TIPT,Tiptree Inc. Common Stock,Property-Casualty Insurers,29,17.850000381469727,-29.00113297262916,45,50,C
TISI,Team Inc. Common Stock,Other Consumer Services,132,26.520000457763672,-4.980291641876599,94,17,A
TITN,Titan Machinery Inc. Common Stock,Other Specialty Stores,121,23.639999389648438,-9.839816900345976,81,17,A
TJGC,TJGC Group Limited Class A Ordinary Shares,Advertising,116,10.670000076293945,0.0,99,,A
TJX,TJX Companies Inc. (The) Common Stock,Clothing/Shoe/Accessory Stores,122,126.41999816894531,-24.69635174915862,25,73,E
TK,Teekay Corporation Ltd. Common Stock,Marine Transportation,3,14.100000381469727,0.0,89,,B
TKC,Turkcell Iletisim Hizmetleri AS Common Stock,Telecommunications Equipment,103,5.269999980926514,-26.29370754357041,36,60,E
TKLF,Tokyo Lifestyle Co. Ltd. American Depositary Shares,Other Specialty Stores,121,1.725000023841858,-55.88235329986245,17,,A
TKNO,Alpha Teknova Inc. Common Stock,Biotechnology: In Vitro & In Vivo Diagnostic Substances,119,6.909999847412109,-7.372656674563238,96,7,B+
TKO,TKO Group Holdings Inc. Class A Common Stock,Services-Misc. Amusement & Recreation,89,189.63999938964844,-15.031188567532794,39,78,C+
TKR,Timken Company (The) Common Stock,Metal Fabrications,47,118.16000366210938,-18.470635997208706,74,79,E+
TLF,Tandy Leather Factory Inc. Common Stock,Apparel,109,2.5999999046325684,-1.8867995824705996,71,,B-
TLIH,Ten-League International Holdings Limited Ordinary Shares,Industrial Specialties,68,5.795000076293945,-21.263587348240588,86,,B+
TLK,PT Telekomunikasi Indonesia Tbk,Telecommunications Equipment,103,14.989999771118164,-30.68232653905072,37,,C
TLN,Talen Energy Corporation Common Stock,Electric Utilities: Central,71,311.5400085449219,-30.122911559326827,34,72,E+
TLNC,Talon Capital Corp. Class A Ordinary Shares,Blank Checks,57,10.270000457763672,-1.0597269312570767,49,,C-
TLPH,Talphera Inc. Common Stock,Biotechnology: Pharmaceutical Preparations,62,1.2400000095367432,-15.64625949639834,87,7,C-
TLRY,Tilray Brands Inc. Common Stock,Medicinal Chemicals and Botanical Products,129,4.139999866485596,-80.28571492149716,14,32,C-
TLS,Telos Corporation Common Stock,EDP Services,126,4.679999828338623,-39.69072564044267,39,88,B
TLSA,Tiziana Life Sciences Ltd. Common Shares,Biotechnology: Pharmaceutical Preparations,62,0.9599999785423279,-58.078602858774154,18,,E+
TLSI,TriSalus Life Sciences Inc. Common Stock,Medical Specialities,15,4.699999809265137,-37.333335876464844,61,7,A-
TLX,Telix Pharmaceuticals Limited American Depositary Shares,Biotechnology: Pharmaceutical Preparations,62,11.899999618530273,-4.186799151122367,85,,B
TLYS,Tilly's Inc. Common Stock,Clothing/Shoe/Accessory Stores,122,4.289999961853027,-21.284401614841908,96,33,A+
TM,Toyota Motor Corporation Common Stock,Auto Manufacturing,138,192.47999572753906,-22.477747419436888,49,74,C+
TMC,TMC the metals company Inc. Common Stock,Metal Mining,57,4.010000228881836,-62.48830321527428,19,7,C
TMCI,Treace Medical Concepts Inc. Common Stock,Medical/Dental Instruments,98,4.349999904632568,-41.532259796007274,91,7,C+
TMCR,The Metals Royalty Company Inc. Common Stock,Precious Metals,18,5.409999847412109,-65.54140182715497,8,,E-
TMDE,TMD Energy Limited Ordinary Shares,Oil Refining/Marketing,126,0.7739999890327454,-80.84158424898264,22,,A
TMDX,TransMedics Group Inc. Common Stock,Biotechnology: Electromedical & Electrotherapeutic Apparatus,57,85.04000091552734,-43.4649634684784,30,58,C-
TME,Tencent Music Entertainment Group American Depositary Shares each representing two Class A Ordinary Shares,Broadcasting,98,7.900000095367432,-69.22669412819913,13,61,E+
TMO,Thermo Fisher Scientific Inc Common Stock,Industrial Machinery/Components,93,603.1799926757812,-5.484156343965907,76,51,B+
TMP,Tompkins Financial Corporation Common Stock,Major Banks,12,98.30000305175781,-2.875206065643854,82,81,C+
TMQ,Trilogy Metals Inc. Common Stock,Precious Metals,18,3.309999942779541,-68.77358656924314,52,26,C-
TMS,Teamshares Inc. Common Stock,,,7.355000019073486,-41.15999984741211,18,,C
TMUS,T-Mobile US Inc. Common Stock,Telecommunications Equipment,103,177.16000366210938,-25.160299310896516,32,68,D
TNC,Tennant Company Common Stock,Industrial Machinery/Components,93,69.0,-23.961828097296923,35,44,E
TNDM,Tandem Diabetes Care Inc. Common Stock,Medical/Dental Instruments,98,18.309999465942383,-35.208778069189506,61,17,C+
TNET,TriNet Group Inc. Common Stock,Business Services,78,66.20999908447266,-7.618249231152452,87,65,B-
TNGX,Tango Therapeutics Inc.,Biotechnology: Pharmaceutical Preparations,62,23.3700008392334,-28.966566093163483,96,7,D
TNK,Teekay Tankers Ltd.,Marine Transportation,3,98.25,0.0,93,91,B+
TNL,Travel   Leisure Co. Common  Stock,Hotels/Resorts,86,65.36000061035156,-16.68578310656509,42,85,D-
TNMG,TNL Mediagene Ordinary Shares,Advertising,116,3.5,-67.94871817264824,99,,A+
TNON,Tenon Medical Inc. Common Stock,Medical/Dental Instruments,98,5.300000190734863,-88.26135102631828,3,,A+
TNXP,Tonix Pharmaceuticals Holding Corp. Common Stock,Biotechnology: Pharmaceutical Preparations,62,12.279999732971191,-60.65363635630276,28,17,B+
TNYA,Tenaya Therapeutics Inc. Common Stock,Biotechnology: Biological Products (No Diagnostic Substances),51,0.6489999890327454,-69.09523721400839,19,17,D
TOL,Toll Brothers Inc. Common Stock,Homebuilding,93,132.47999572753906,-19.961914145593717,39,45,D-
TOMZ,TOMI Environmental Solutions Inc. Common Stock,Major Chemicals,65,1.6299999952316284,-50.15290505384687,17,26,C-
TONT,Graf Global Corp. Class A ordinary shares,,,10.880000114440918,-3.716814771722865,50,,D+
TONX,TON Strategy Company Common Stock,Finance: Consumer Services,114,3.0,-63.68038841560525,29,37,D+
TOON,Kartoon Studios Inc. Common Stock,Movies/Entertainment,6,0.6100000143051147,-51.19999885559082,25,37,B-
TOP,TOP Financial Group Limited Class A Ordinary Shares,Investment Bankers/Brokers/Service,51,14.9399995803833,-10.699342563244052,99,,A-
TOPP,Toppoint Holdings Inc. Common Stock,Trucking Freight/Courier Services,24,0.15299999713897705,-94.43636374040084,2,,E-
TOPS,TOP Ships Inc. Common Stock,Marine Transportation,3,0.7200000286102295,-88.31168755770813,7,60,E+
TORO,Toro Corp. Common Stock,Marine Transportation,3,6.78000020980835,0.0,98,44,A-
TOST,Toast Inc. Class A Common Stock,EDP Services,126,31.940000534057617,-22.999033542574566,61,85,C
TOUR,Tuniu Corporation American Depositary Shares,Transportation Services,113,5.110000133514404,-35.66026410131777,31,41,C-
TOVX,Theriva Biologics Inc. Common Stock,Biotechnology: Pharmaceutical Preparations,62,0.23999999463558197,-71.42857117515031,48,26,A
TOWN,TowneBank Common Stock,Major Banks,12,37.09000015258789,-4.308560993970789,63,40,C+
TOYO,TOYO Co. Ltd Ordinary Shares,Miscellaneous manufacturing industries,140,4.380000114440918,-74.22012846706085,11,,E-
TPB,Turning Point Brands Inc. Common Stock,Tobacco,,71.94999694824219,-49.580422728418306,25,49,D
TPC,Tutor Perini Corporation Common Stock,General Bldg Contractors - Nonresidential Bldgs,,86.2300033569336,-12.910208201698282,83,98,B
TPCS,TechPrecision Corporation Common stock,Metal Fabrications,47,5.659999847412109,-9.14928041599181,89,7,A
TPET,Trio Petroleum Corp. Common Stock,Oil & Gas Production,11,2.0199999809265137,-88.49002809834398,6,26,A+
TPG,TPG Inc. Class A Common Stock,Investment Managers,46,46.93000030517578,-30.1002710553705,50,75,C+
TPL,Texas Pacific Land Corporation Common Stock,Oil & Gas Production,11,366.1000061035156,-31.9645770589447,51,68,D
TPR,Tapestry Inc. Common Stock,Apparel,109,115.87000274658203,-29.415438770653935,36,66,E
TPST,Tempest Therapeutics Inc. Common Stock,Biotechnology: Pharmaceutical Preparations,62,0.8029999732971191,-93.2121726248874,7,7,A-
TPVG,TriplePoint Venture Growth BDC Corp. Common Stock,Other Consumer Services,132,5.139999866485596,-16.449191741404377,40,55,C
TR,Tootsie Roll Industries Inc. Common Stock,Specialty Foods,71,38.36000061035156,-14.186381945818137,45,49,C+
TRAD,APEX Tech Acquisition Inc. Ordinary Shares,Investment Bankers/Brokers/Service,51,10.020000457763672,-0.2985048000182955,49,,D+
TRAK,ReposiTrak Inc. Common Stock,EDP Services,126,7.889999866485596,-55.331283558507295,19,65,C+
TRAW,Traws Pharma Inc. Common Stock,Biotechnology: Pharmaceutical Preparations,62,0.5299999713897705,-83.06709418493298,5,,E
TRAX,First Tracks Biotherapeutics Inc. Ordinary Shares,Biotechnology: Pharmaceutical Preparations,62,37.97999954223633,-20.742902768203,98,,A-
TRC,Tejon Ranch Co Common Stock,Real Estate,71,16.1200008392334,-21.289056642853986,33,63,D
TRDA,Entrada Therapeutics Inc. Common Stock,Biotechnology: Pharmaceutical Preparations,62,6.420000076293945,-59.9500948141418,33,17,D+
TREE,LendingTree Inc. Common Stock,Finance: Consumer Services,114,26.889999389648438,-64.8542691950665,13,72,E
TREX,Trex Company Inc. Common Stock,Forest Products,62,43.66999816894531,-29.869924766476142,54,44,C+
TRGP,Targa Resources Inc. Common Stock,Natural Gas Distribution,33,291.9100036621094,-3.421007886812444,88,99,B-
TRGS,TRG Latin America Acquisitions Corp. Class A Ordinary Shares,Blank Checks,57,9.960000038146973,0.0,48,,C-
TRI,Thomson Reuters Corporation Common Shares,Publishing,78,95.70999908447266,-42.51408839822045,37,77,B-
TRIB,Trinity Biotech plc American Depositary Shares,Biotechnology: In Vitro & In Vivo Diagnostic Substances,119,7.789999961853027,-79.71354257211914,5,,E-
TRIN,Trinity Capital Inc. Common Stock,Finance: Consumer Services,114,17.81999969482422,-3.9544367045151185,77,73,D+
TRIP,TripAdvisor Inc. Common Stock,Computer Software: Programming Data Processing,103,8.829999923706055,-53.86624762129502,18,50,E
TRLV,Trulieve Cannabis Corp. Subordinate Voting Shares,Medicinal Chemicals and Botanical Products,129,11.319999694824219,-12.923079270582939,90,17,C-
TRMB,Trimble Inc. Common Stock,Industrial Machinery/Components,93,56.84000015258789,-31.944441526379553,34,83,D-
TRMD,TORM plc Class A Common Stock,Marine Transportation,3,34.599998474121094,-2.4252696913580674,92,74,B+
TRMK,Trustmark Corporation Common Stock,Major Banks,12,47.45000076293945,-1.6699471722526726,69,75,B-
TRN,Trinity Industries Inc. Common Stock,Railroads,33,28.360000610351562,-25.505645291068312,39,97,E
TRNO,Terreno Realty Corporation Common Stock,Real Estate,71,65.0199966430664,-13.399047606079373,57,61,C-
TRNR,Interactive Strength Inc. Common Stock,Consumer Electronics/Appliances,93,3.059999942779541,-98.80562068814157,6,17,E
TRNS,Transcat Inc. Common Stock,Electrical Products,20,82.36000061035156,-15.752865373733016,66,36,D-
TRON,Tron Inc. Common Stock,Finance: Consumer Services,114,1.5399999618530273,-62.71186636367687,26,45,A-
TROO,TROOPS Inc. Ordinary Shares,Diversified Financial Services,18,2.109999895095825,-57.96812942006437,78,,B
TROW,T. Rowe Price Group Inc. Common Stock,Investment Managers,46,107.55000305175781,-11.61242374916146,60,71,D
TROX,Tronox Holdings plc Ordinary Shares (UK),Major Chemicals,65,4.590000152587891,-55.61166212927091,28,17,E
TRP,TC Energy Corporation Common Stock,Natural Gas Distribution,33,61.90999984741211,-12.296354923904918,54,76,D-
TRS,TriMas Corporation Common Stock,Industrial Specialties,68,38.220001220703125,-15.040174506448933,50,53,C-
TRSG,Tungray Technologies Inc Class A Ordinary Shares,Industrial Machinery/Components,93,1.4500000476837158,-14.705881940452292,48,,D-
TRST,TrustCo Bank Corp NY Common Stock,Major Banks,12,58.41999816894531,0.0,83,57,C+
TRT,Trio-Tech International Common Stock,Industrial Machinery/Components,93,10.029999732971191,-49.975061772413056,97,17,B
TRTX,TPG RE Finance Trust Inc. Common Stock,Real Estate Investment Trusts,57,7.480000019073486,-14.793112790959405,35,78,D-
TRU,TransUnion Common Stock,Finance: Consumer Services,114,76.94999694824219,-16.6836353231007,52,77,C-
TRUG,TruGolf Holdings Inc. Class A Common Stock,Recreational Games/Products/Toys,93,0.3709999918937683,-99.00802145252038,2,26,A+
TRUP,Trupanion Inc. Common Stock,Medical Specialities,15,25.0,-44.67802443077734,31,58,B+
TRV,The Travelers Companies Inc. Common Stock,Property-Casualty Insurers,29,367.55999755859375,-7.150521047500591,82,88,B-
TRVG,trivago N.V. American Depositary Shares,EDP Services,126,5.650000095367432,-11.718749825377017,94,41,A-
TRVI,Trevi Therapeutics Inc. Common Stock,Biotechnology: Pharmaceutical Preparations,62,15.90999984741211,-18.410257192758415,87,7,B-
TRX,TRX Gold Corporation Common Stock,Precious Metals,18,1.1100000143051147,-49.08256971036409,89,37,B+
TS,Tenaris S.A. American Depositary Shares,Steel/Iron Ore,39,56.91999816894531,-11.09028248424635,75,74,D
TSAT,Telesat Corporation Class A Common Shares and Class B Variable Voting Shares,Metal Fabrications,47,47.13999938964844,-23.224758602359575,91,17,B
TSBK,Timberland Bancorp Inc. Common Stock,Banks,14,46.54999923706055,-0.5554414197877389,78,93,C+
TSCO,Tractor Supply Company Common Stock,RETAIL: Building Materials,126,33.52000045776367,-43.36411254748304,26,50,B-
TSEM,Tower Semiconductor Ltd. Ordinary Shares,Semiconductors,41,208.07000732421875,-34.331701651840326,95,74,C
TSHA,Taysha Gene Therapies Inc. Common Stock,Biotechnology: Biological Products (No Diagnostic Substances),51,5.159999847412109,-26.074500955416337,65,7,D
TSLA,Tesla Inc. Common Stock,Auto Manufacturing,138,363.55999755859375,-25.78590799076125,38,42,C
TSLX,Sixth Street Specialty Lending Inc. Common Stock,Investment Managers,46,17.780000686645508,-20.931854598647682,41,54,C-
TSM,Taiwan Semiconductor Manufacturing Company Ltd.,Semiconductors,41,428.0299987792969,-10.373350039817208,83,99,C
TSN,Tyson Foods Inc. Common Stock,Meat/Poultry/Fish,112,52.459999084472656,-22.333065559305098,39,72,E+
TSQ,Townsquare Media Inc. Class A Common Stock,Broadcasting,98,5.260000228881836,-27.424764104594203,34,32,E
TSSI,TSS Inc. Common Stock,Professional Services,41,8.920000076293945,-56.31733573473694,23,57,D
TT,Trane Technologies plc,Auto Parts:O.E.M.,68,439.8299865722656,-12.432008400296334,54,74,D
TTAM,Titan America SA Common Shares,Mining & Quarrying of Nonmetallic Minerals (No Fuels),98,14.680000305175781,-24.016560367190287,38,59,E+
TTAN,ServiceTitan Inc. Class A Common Stock,Computer Software: Prepackaged Software,103,56.0099983215332,-52.23027861702925,15,17,E-
TTC,Toro Company (The) Common Stock,Tools/Hardware,,92.72000122070312,-8.0935481392435,64,66,E+
TTD,The Trade Desk Inc. Class A Common Stock,Computer Software: Programming Data Processing,103,13.970000267028809,-74.19176059233867,10,55,E-
TTE,TotalEnergies SE Ordinary Shares,Oil & Gas Production,11,91.2300033569336,-2.5320461066489885,78,92,C
TTEC,TTEC Holdings Inc. Common Stock,Professional Services,41,1.2699999809265137,-67.26804269412987,9,38,E-
TTEK,Tetra Tech Inc. Common Stock,Military/Government/Technical,98,35.709999084472656,-15.663398908913539,71,45,B-
TTGT,TechTarget Inc. Common Stock,Telecommunications Equipment,103,3.809999942779541,-45.415473748304166,32,26,C
TTI,Tetra Technologies Inc. Common Stock,Oil & Gas Production,11,6.820000171661377,-44.642854378263166,31,65,E+
TTMI,TTM Technologies Inc. Common Stock,Electrical Products,20,122.33999633789062,-44.76001460081528,88,96,E+
TTRX,Turn Therapeutics Inc. Common Stock,Biotechnology: Pharmaceutical Preparations,62,13.380000114440918,-2.690908258611502,99,,A
TTWO,Take-Two Interactive Software Inc. Common Stock,Computer Software: Prepackaged Software,103,216.9600067138672,-17.282397481523248,42,17,E+
TU,Telus Corporation Ordinary Shares,Telecommunications Equipment,103,9.09000015258789,-39.819371412718304,19,51,E
TULP,Bloomia Holdings Inc. Common Stock,Farming/Seeds/Milling,91,3.4000000953674316,-37.614674965908335,30,17,E+
TURB,Turbo Energy S.A. American Depositary Shares,Industrial Machinery/Components,93,1.2300000190734863,-90.08064470231594,19,,A
TUSK,Mammoth Energy Services Inc. Common Stock,Oilfield Services/Equipment,15,3.109999895095825,-19.010417588287986,77,41,B
TUYA,Tuya Inc. American Depositary Shares each representing one Class A Ordinary Share,Computer Software: Prepackaged Software,103,1.8200000524520874,-30.585031508306738,28,58,B
TV,Grupo Televisa S.A.B. Common Stock,Broadcasting,98,2.369999885559082,-31.10465563555669,28,17,E-
TVA,Texas Ventures Acquisition III Corp Class A Ordinary Share,,,10.550000190734863,-9.442055483381917,50,31,C-
TVACU,Texas Ventures Acquisition III Corp Unit,Blank Checks,57,10.770000457763672,-13.839996337890625,51,,D-
TVC,Tennessee Valley Authority Common Stock,Electric Utilities: Central,71,23.81999969482422,-1.6925499745976569,47,,C-
TVE,Tennessee Valley Authority,Electric Utilities: Central,71,23.31999969482422,-4.436665118026983,46,,C-
TVGN,Tevogen Inc. Common Stock,Biotechnology: Biological Products (No Diagnostic Substances),51,7.289999961853027,-83.50678770131266,11,,E
TVRD,Tvardi Therapeutics Inc. Common Stock,Biotechnology: Pharmaceutical Preparations,62,1.8350000381469727,-95.73057222500962,9,17,A
TVTX,Travere Therapeutics Inc. Common Stock,Biotechnology: Pharmaceutical Preparations,62,67.51000213623047,-0.014802291665938494,97,62,A-
TW,Tradeweb Markets Inc. Class A Common Stock,Investment Bankers/Brokers/Service,51,102.47000122070312,-18.822103005848266,38,75,D-
TWAV,TaoWeave Inc. Common Stock,Computer Software: Programming Data Processing,103,1.190000057220459,-61.237782309542965,17,36,E+
TWFG,TWFG Inc. Class A Common Stock,Specialty Insurers,48,26.940000534057617,-13.51524602256574,74,91,B
TWG,Top Wealth Group Holding Limited Class A Ordinary Shares,Packaged Foods,109,0.3889999985694885,-98.23262156054393,2,,A+
TWI,Titan International Inc. (DE) Common Stock,Steel/Iron Ore,39,7.360000133514404,-35.43859315967871,38,63,C+
TWIN,Twin Disc Incorporated Common Stock,Industrial Machinery/Components,93,24.34000015258789,-3.066509116077998,92,93,B
TWLO,Twilio Inc. Class A Common Stock,Computer Software: Prepackaged Software,103,231.1300048828125,-9.697203501216977,94,96,B
TWLV,Twelve Seas Investment Company III Class A Ordinary Shares,Blank Checks,57,10.069999694824219,-2.9865165337081168,50,,C-
TWST,Twist Bioscience Corporation Common Stock,Biotechnology: Biological Products (No Diagnostic Substances),51,126.8499984741211,-17.145660733446412,99,7,A-
TX,Ternium S.A. Ternium S.A. American Depositary Shares (each representing ten shares USD1.00 par value),Steel/Iron Ore,39,57.61000061035156,-0.8604370930103356,90,65,A-
TXG,10x Genomics Inc. Class A Common Stock,Biotechnology: Laboratory Analytical Instruments,31,66.37999725341797,-1.3523609001755754,99,73,A-
TXMD,TherapeuticsMD Inc. Common Stock,Biotechnology: Pharmaceutical Preparations,62,2.0999999046325684,-24.187728552613297,82,37,A
TXN,Texas Instruments Incorporated Common Stock,Semiconductors,41,258.82000732421875,-21.709045964311535,76,80,D-
TXNM,TXNM Energy Inc. Common Stock,Electric Utilities: Central,71,57.86000061035156,-2.007946402388716,51,69,C-
TXRH,Texas Roadhouse Inc. Common Stock,Restaurants,81,181.0500030517578,-15.1825249864038,63,54,D+
TXT,Textron Inc. Common Stock,Aerospace,116,79.19999694824219,-21.37123021821299,34,54,E+
TY,Tri Continental Corporation Common Stock,Finance Companies,68,34.91999816894531,-3.1614064363016947,58,,C-
TYG,Tortoise Energy Infrastructure Corporation Common Stock,Investment Managers,46,44.150001525878906,-8.24940252138473,60,,C
TYGO,Tigo Energy Inc. Common Stock,Semiconductors,41,1.0299999713897705,-80.03875965410452,8,7,E-
TYL,Tyler Technologies Inc. Common Stock,Computer Software: Prepackaged Software,103,335.4800109863281,-39.442947183143595,34,81,C-
TYRA,Tyra Biosciences Inc. Common Stock,Biotechnology: Pharmaceutical Preparations,62,23.540000915527344,-40.57056159353992,64,7,E-
TZOO,Travelzoo Common Stock,Advertising,116,5.889999866485596,-51.36251004567163,18,32,E
U,Unity Software Inc. Common Stock,Computer Software: Prepackaged Software,103,42.06999969482422,-14.958563459226305,89,91,A-
UA,Under Armour Inc. Class C Common Stock,Apparel,109,4.989999771118164,-36.675130727809616,39,17,E+
UAA,Under Armour Inc. Class A Common Stock,Apparel,109,4.96999979019165,-38.94349409618215,37,17,E
UAL,United Airlines Holdings Inc. Common Stock,Air Freight/Delivery Services,65,106.48999786376953,-21.761812220820275,57,64,D+
UAMY,United States Antimony Corporation Common Stock,Metal Fabrications,47,4.929999828338623,-71.78019449279536,21,,E+
UAVS,AgEagle Aerial Systems Inc. Common Stock,Aerospace,116,0.9900000095367432,-65.74394555014837,34,26,A
UBCP,United Bancorp Inc. Common Stock,Major Banks,12,15.720000267028809,-5.281332620034462,61,49,D-
UBER,Uber Technologies Inc. Common Stock,Business Services,78,72.55999755859375,-27.512488846488115,37,78,C
UBS,UBS Group AG Registered Ordinary Shares,Major Banks,12,54.0099983215332,-3.0689211444858366,83,59,C+
UBSI,United Bankshares Inc. Common Stock,Major Banks,12,47.33000183105469,-4.1320582235471415,74,56,C
UCAR,U Power Limited Class A Ordinary Shares,Industrial Machinery/Components,93,7.400000095367432,-66.21004463805534,98,,E-
UCB,United Community Banks Inc. Common Stock,Major Banks,12,35.150001525878906,-5.230516631781745,64,73,C-
UCL,uCloudlink Group Inc. American Depositary Shares,Telecommunications Equipment,103,0.4230000078678131,-83.73076833140918,5,41,E-
UCTT,Ultra Clean Holdings Inc. Common Stock,Semiconductors,41,71.12999725341797,-50.11571703469039,95,64,E+
UDR,UDR Inc. Common Stock,Real Estate Investment Trusts,57,35.13999938964844,-14.157762022609056,40,93,D-
UE,Urban Edge Properties Common Shares of Beneficial Interest,Real Estate,71,20.700000762939453,-12.695058784310154,45,60,D
UEC,Uranium Energy Corp. Common Stock,Other Metals and Minerals,133,11.020000457763672,-45.28301493679422,42,26,C-
UEIC,Universal Electronics Inc. Common Stock,Consumer Electronics/Appliances,93,4.619999885559082,-17.33808421722053,83,37,A-
UFCS,United Fire Group Inc. Common Stock,Property-Casualty Insurers,29,54.7599983215332,-2.1793519662011596,90,87,C+
UFG,Uni-Fuels Holdings Limited Class A Ordinary Shares,Oil Refining/Marketing,126,0.6520000100135803,-92.7876104782645,13,,A+
UFI,Unifi Inc. New Common Stock,Textiles,38,6.730000019073486,-16.810878959988116,95,17,A
UFPI,UFP Industries Inc. Common Stock,Forest Products,62,80.19999694824219,-29.781496470095338,36,46,D
UFPT,UFP Technologies Inc. Common Stock,Medical/Dental Instruments,98,277.3999938964844,-17.15446274925978,82,71,B-
UG,United-Guardian Inc. Common Stock,Package Goods/Cosmetics,55,7.190000057220459,-8.987336653085865,64,59,B-
UGI,UGI Corporation Common Stock,Natural Gas Distribution,33,38.0,-4.496449969239169,62,34,A
UGP,Ultrapar Participacoes S.A. (New) American Depositary Shares (Each representing one Common Share),Oil/Gas Transmission,37,7.559999942779541,0.0,96,97,A-
UHAL,U-Haul Holding Company Common Stock,Rental/Leasing Companies,40,63.34000015258789,-15.849604121880168,69,30,D+
UHS,Universal Health Services Inc. Common Stock,Hospital/Nursing Management,23,172.72000122070312,-28.957230655911424,47,82,B-
UHT,Universal Health Realty Income Trust Common Stock,Real Estate Investment Trusts,57,41.119998931884766,-10.257531196514524,55,62,D+
UI,Ubiquiti Inc. Common Stock,Radio And Television Broadcasting And Communications Equipment,81,536.8400268554688,-50.352387035652235,33,79,E
UIS,Unisys Corporation New Common Stock,EDP Services,126,2.4100000858306885,-49.581590375551144,22,17,E
UK,Ucommune International Ltd Class A Ordinary Shares,Business Services,78,2.0429999828338623,-81.42727288332853,10,,E-
UL,Unilever PLC American Depositary Shares (each representing One Ordinary Share),Package Goods/Cosmetics,55,61.630001068115234,-15.238501014455895,47,,C+
ULBI,Ultralife Corporation Common Stock,Industrial Machinery/Components,93,5.650000095367432,-28.930814705394404,36,55,B
ULCC,Frontier Group Holdings Inc. Common Stock,Air Freight/Delivery Services,65,5.53000020980835,-31.389579132660472,68,17,D+
ULH,Universal Logistics Holdings Inc. Common Stock,Trucking Freight/Courier Services,24,18.65999984741211,-23.99981107184257,62,55,C
ULS,UL Solutions Inc. Class A Common Stock,Precision Instruments,123,71.0999984741211,-31.983340068666088,30,83,E
ULTA,Ulta Beauty Inc. Common Stock,Other Specialty Stores,121,535.6300048828125,-24.219744866797654,48,56,C+
UMAC,Unusual Machines Inc. Common Stock,Radio And Television Broadcasting And Communications Equipment,81,23.530000686645508,-30.916031303812176,93,36,D+
UMBF,UMB Financial Corporation Common Stock,Major Banks,12,139.3699951171875,-8.007623065554458,70,64,C
UMC,United Microelectronics Corporation (NEW) Common Stock,Semiconductors,41,22.1200008392334,-19.638822540555633,98,92,B-
UMH,UMH Properties Inc. Common Stock,Real Estate Investment Trusts,57,15.539999961853027,-6.7226884502826545,58,55,C
UNB,Union Bankshares Inc. Common Stock,Major Banks,12,23.899999618530273,-7.43494767062709,53,51,E
UNCY,Unicycive Therapeutics Inc. Common Stock,Biotechnology: Pharmaceutical Preparations,62,5.309999942779541,-37.9672934289726,27,26,E+
UNF,Unifirst Corporation Common Stock,Other Consumer Services,132,270.7699890136719,-9.980500794466563,76,50,D-
UNFI,United Natural Foods Inc. Common Stock,Food Distributors,80,44.11000061035156,-20.55115229347334,67,62,D-
UNH,UnitedHealth Group Incorporated Common Stock (DE),Medical Specialities,15,388.2799987792969,-11.0163874531527,67,68,D+
UNIT,Uniti Group Inc. Common Stock,Real Estate Investment Trusts,57,9.869999885559082,-22.58823619169348,71,7,E+
UNM,Unum Group Common Stock,Accident &Health Insurance,4,94.30999755859375,-2.34027352528986,76,40,C+
UNP,Union Pacific Corporation Common Stock,Railroads,33,285.7799987792969,-7.569955919134408,73,51,C-
UNTY,Unity Bancorp Inc. Common Stock,Major Banks,12,59.09000015258789,-4.138850951374662,66,50,C
UONE,Urban One Inc. Class A Common Stock,Broadcasting,98,4.659999847412109,-69.1594973309426,11,17,E+
UONEK,Urban One Inc. Class D Common Stock,Broadcasting,98,4.409999847412109,-59.541284387615946,18,7,E-
UP,Wheels Up Experience Inc. Class A Common Stock,Transportation Services,113,3.9100000858306885,-92.33333316503787,7,17,E-
UPB,Upstream Bio Inc. Common Stock,Biotechnology: Pharmaceutical Preparations,62,5.75,-82.36196236461628,12,26,E+
UPBD,Upbound Group Inc. Common Stock,Diversified Commercial Services,65,18.200000762939453,-27.84644593513075,45,64,E+
UPC,Universe Pharmaceuticals Inc. Class A Ordinary Shares,Biotechnology: Pharmaceutical Preparations,62,3.880000114440918,-68.14449903755629,64,,A
UPLD,Upland Software Inc. Common Stock,Computer Software: Prepackaged Software,103,3.2100000381469727,-87.70114945888666,6,48,E-
UPS,United Parcel Service Inc. Common Stock,Trucking Freight/Courier Services,24,99.97000122070312,-13.724156294419332,59,37,D-
UPST,Upstart Holdings Inc. Common stock,Finance: Consumer Services,114,25.100000381469727,-63.153259880440714,17,98,E+
UPWK,Upwork Inc. Common Stock,EDP Services,126,8.40999984741211,-61.962914449334406,19,60,D-
UPXI,Upexi Inc. Common Stock,Finance: Consumer Services,114,0.9940000176429749,-87.09090854201152,22,26,A
URBN,Urban Outfitters Inc. Common Stock,Clothing/Shoe/Accessory Stores,122,75.5999984741211,-8.86075798014463,57,70,B-
URG,Ur Energy Inc Common Shares (Canada),Precious Metals,18,1.340000033378601,-36.19047170323289,36,7,C
URGN,UroGen Pharma Ltd. Ordinary Shares,Biotechnology: Pharmaceutical Preparations,62,42.2400016784668,-16.00715667232183,96,7,B+
URI,United Rentals Inc. Common Stock,Diversified Commercial Services,65,989.0800170898438,-15.08730424466882,62,85,D+
UROY,Uranium Royalty Corp. Common Stock,Investment Bankers/Brokers/Service,51,4.5,-17.582418158238323,89,63,A-
USAR,USA Rare Earth Inc. Class A Common Stock,Metal Mining,57,16.040000915527344,-58.53153880823256,32,17,D-
USAS,Americas Gold and Silver Corporation Common Shares no par value,Metal Mining,57,5.090000152587891,-49.25224039781627,71,,B
USAU,U.S. Gold Corp. Common Stock,Metal Mining,57,15.069999694824219,-33.31858654666012,47,,B-
USB,U.S. Bancorp Common Stock,Major Banks,12,62.40999984741211,-4.601037000581942,75,66,C
USBC,USBC Inc. Common Stock,Finance: Consumer Services,114,0.46000000834465027,-65.9259259095735,49,26,A
USCB,USCB Financial Holdings Inc. Class A Common Stock,Major Banks,12,22.989999771118164,-2.0868815190423717,80,72,B-
USEA,United Maritime Corporation Common Stock,Marine Transportation,3,2.9700000286102295,-2.302629411880963,92,17,B+
USFD,US Foods Holding Corp. Common Stock,Food Distributors,80,96.05999755859375,-13.41265959559671,68,85,D+
USGO,U.S. GoldMining Inc. Common stock,Precious Metals,18,8.260000228881836,-47.8205921118663,34,26,B+
USIO,Usio Inc. Common Stock,Investment Bankers/Brokers/Service,51,2.5299999713897705,-13.945580879284458,95,34,A
USLM,United States Lime & Minerals Inc. Common Stock,Mining & Quarrying of Nonmetallic Minerals (No Fuels),98,115.88999938964844,-16.812265003211422,52,70,C+
USNA,USANA Health Sciences Inc. Common Stock,Medicinal Chemicals and Botanical Products,129,14.829999923706055,-51.9442656176373,20,32,E+
USPH,U.S. Physical Therapy Inc. Common Stock,Medical/Nursing Services,48,77.70999908447266,-14.431344578831485,62,38,C+
UTHR,United Therapeutics Corporation Common Stock,Biotechnology: Pharmaceutical Preparations,62,503.8599853515625,-15.567401114989021,50,73,D
UTI,Universal Technical Institute Inc Common Stock,Other Consumer Services,132,20.600000381469727,-59.76562485448085,15,50,E-
UTL,UNITIL Corporation Common Stock,Power Generation,77,53.130001068115234,-4.274670042140505,63,53,C-
UTMD,Utah Medical Products Inc. Common Stock,Medical/Dental Instruments,98,69.70999908447266,-5.759094316518887,66,44,C+
UTSI,UTStarcom Holdings Corp. Ordinary Shares,Telecommunications Equipment,103,2.299999952316284,-30.091186049106977,32,,E+
UTZ,Utz Brands Inc Class A Common Stock,Packaged Foods,109,14.229999542236328,-0.14035408956962758,95,60,A
UUU,Universal Safety Products Inc. Common Stock,Electronic Components,2,5.300000190734863,-29.144382657483604,54,,A
UUUU,Energy Fuels Inc Ordinary Shares (Canada),Mining & Quarrying of Nonmetallic Minerals (No Fuels),98,13.630000114440918,-50.82972419889463,36,26,B-
UVE,UNIVERSAL INSURANCE HOLDINGS INC Common Stock,Property-Casualty Insurers,29,44.220001220703125,-1.907720886025177,88,84,B-
UVSP,Univest Financial Corporation Common Stock,Major Banks,12,42.66999816894531,-5.131724835555451,77,89,C
UVV,Universal Corporation Common Stock,Farming/Seeds/Milling,91,45.33000183105469,-20.365235969242445,31,30,E+
UWMC,UWM Holdings Corporation Class A Common Stock,Finance: Consumer Services,114,1.340000033378601,-78.39290184806266,7,31,E+
UXIN,Uxin Limited ADS,Business Services,78,1.2599999904632568,-68.73449317951332,9,1,D-
UZX,Linkage Global Inc. Class A Ordinary Shares,Catalog/Specialty Distribution,98,0.08900000154972076,-96.56370638999555,2,,E-
V,Visa Inc.,Business Services,78,367.2099914550781,-4.407253227408148,68,60,C+
VABK,Virginia National Bankshares Corporation Common Stock,Major Banks,12,47.900001525878906,0.0,72,75,C+
VAC,Marriott Vacations Worldwide Corporation Common Stock,Real Estate,71,101.08999633789062,-18.965934799286078,89,82,C+
VAI,Valor Energy Incorporated Common Stock,Rental/Leasing Companies,40,2.009999990463257,-24.719103631891727,85,26,A+
VAL,Valaris Limited Common Shares,Oil & Gas Production,11,85.70999908447266,-24.431316815220793,74,43,B
VALE,VALE S.A.  American Depositary Shares Each Representing one common share,Metal Mining,57,15.279999732971191,-11.807252591194073,75,50,C+
VALN,Valneva SE American Depositary Shares,Biotechnology: Biological Products (No Diagnostic Substances),51,6.690000057220459,-45.163933099901996,37,7,A+
VALU,Value Line Inc. Common Stock,Investment Managers,46,37.7599983215332,-7.0496934070783945,60,39,C-
VANI,Vivani Medical Inc. Common Stock (DE),Biotechnology: Electromedical & Electrotherapeutic Apparatus,57,1.25,-33.155080384353695,53,26,B+
VATE,INNOVATE Corp. Common Stock,Metal Fabrications,47,7.079999923706055,-64.70588179363419,55,32,A+
VBIO,Valion Bio Inc. Common Stock,Biotechnology: Electromedical & Electrotherapeutic Apparatus,57,2.200000047683716,-97.20634914579846,1,26,A
VBNK,VersaBank Common Shares,Commercial Banks,7,22.299999237060547,-5.909488794038853,91,85,A
VC,Visteon Corporation Common Stock,Auto Parts:O.E.M.,68,100.55999755859375,-20.540641461030727,37,54,E+
VCEL,Vericel Corporation Common Stock,Biotechnology: Biological Products (No Diagnostic Substances),51,37.869998931884766,-21.610437061958308,59,52,D+
VCIG,VCI Global Limited Ordinary Share,Diversified Commercial Services,65,1.809999942779541,-99.99162037063527,1,,E-
VCTR,Victory Capital Holdings Inc. Class A Common Stock,Investment Managers,46,111.05999755859375,-7.901714967128493,92,93,B
VCYT,Veracyte Inc. Common Stock,Medical Specialities,15,42.029998779296875,-30.51744484533765,58,82,E+
VECO,Veeco Instruments Inc. Common Stock,Industrial Machinery/Components,93,43.900001525878906,-47.133910113348506,72,47,E+
VEEA,Veea Inc. Common Stock,EDP Services,126,1.659999966621399,-91.00758370016561,3,,E-
VEEE,Twin Vee PowerCats Co. Common Stock,Marine Transportation,3,9.75,-90.58880295018969,23,26,A+
VEEV,Veeva Systems Inc. Class A Common Stock,Computer Software: Prepackaged Software,103,260.9800109863281,-14.77368886879763,85,69,A-
VEL,Velocity Financial Inc. Common Stock,Finance: Consumer Services,114,18.1200008392334,-12.7167599255399,47,57,C
VELO,Velo3D Inc. Common stock,Industrial Machinery/Components,93,10.4399995803833,-65.89350090750163,84,17,C
VENU,Venu Holding Corporation Common Stock,Services-Misc. Amusement & Recreation,89,1.75,-87.39193093968869,6,26,E
VEON,VEON Ltd. ADS,Telecommunications Equipment,103,69.16000366210938,0.0,86,45,A
VERA,Vera Therapeutics Inc. Class A Common Stock,Biotechnology: Pharmaceutical Preparations,62,33.599998474121094,-39.64433343045383,47,26,B
VERI,Veritone Inc. Common Stock,EDP Services,126,0.8799999952316284,-89.51132348961126,6,26,E-
VERU,Veru Inc. Common Stock,Biotechnology: Pharmaceutical Preparations,62,2.5,-43.56658923534154,31,7,B-
VERX,Vertex Inc. Class A Common Stock,Computer Software: Prepackaged Software,103,12.270000457763672,-52.69853429010567,23,99,D-
VET,Vermilion Energy Inc. Common (Canada),Oil & Gas Production,11,13.390000343322754,-6.327952137995219,88,32,A-
VFC,V.F. Corporation Common Stock,Garments and Clothing,109,12.619999885559082,-40.713712507878384,23,37,E
VFF,Village Farms International Inc. Common Shares,Farming/Seeds/Milling,91,2.859999895095825,-31.578947068221364,65,53,A
VFS,VinFast Auto Ltd. Ordinary Shares,Auto Manufacturing,138,3.009999990463257,-36.76470912333693,39,17,D
VG,Venture Global Inc. Class A common stock,Oil/Gas Transmission,37,15.5,-11.458303938246184,89,68,B+
VGAS,Verde Clean Fuels Inc. Class A Common Stock,Major Chemicals,65,1.2999999523162842,-61.19403016941669,19,17,A+
VGNT,Versigent PLC Ordinary Shares,Auto Parts:O.E.M.,68,46.400001525878906,-7.606530469874684,85,,C
VGZ,Vista Gold Corp Common Stock,Precious Metals,18,2.190000057220459,-28.19671831282191,69,7,A-
VHC,VirnetX Holding Corp Common Stock,Multi-Sector Companies,41,11.569999694824219,-53.421901675717876,21,7,E
VHCP,Vine Hill Capital Investment Corp. II Class A Ordinary Shares,,,10.100000381469727,0.0,49,,C-
VHI,Valhi Inc. Common Stock,Major Chemicals,65,18.149999618530273,-2.733120220001317,84,68,A
VHUB,VenHub Global Inc. Common Stock,Industrial Machinery/Components,93,0.8500000238418579,-89.48019762539813,8,26,E
VIA,Via Transportation Inc. Class A Common Stock,Computer Software: Prepackaged Software,103,26.360000610351562,-51.121823732269235,82,26,A-
VIAV,Viavi Solutions Inc. Common Stock,Semiconductors,41,37.400001525878906,-32.40556607954481,94,88,D-
VICI,VICI Properties Inc. Common Stock,Real Estate Investment Trusts,57,24.729999542236328,-21.095239993390948,32,49,D-
VICR,Vicor Corporation Common Stock,Industrial Machinery/Components,93,178.0500030517578,-53.11759344250544,92,85,E
VIDA,VIDA Global Inc. Class A Common Stock,Computer Software: Prepackaged Software,103,2.0799999237060547,-62.79070005493437,18,,E-
VIK,Viking Holdings Ltd Ordinary Shares,Marine Transportation,3,84.01000213623047,-22.399777869470828,67,50,E
VINP,Vinci Compass Investments Ltd. Class A Common Shares,Investment Managers,46,9.550000190734863,-24.94821308053008,41,75,C-
VIOT,Viomi Technology Co. Ltd American Depositary Shares,Consumer Electronics/Appliances,93,1.3600000143051147,-59.3112152823251,50,,A+
VIP,Vulcan Infrastructure and Power Inc. Class A Common Stock,Finance: Consumer Services,114,1.8300000429153442,-37.75510179256708,83,,A
VIPS,Vipshop Holdings Limited American Depositary Shares each representing two ordinary shares,Catalog/Specialty Distribution,98,12.579999923706055,-36.642110421164155,25,90,E
VIR,Vir Biotechnology Inc. Common Stock,Biotechnology: Biological Products (No Diagnostic Substances),51,10.579999923706055,-9.028376443703412,90,34,B+
VIRC,Virco Manufacturing Corporation Common Stock,Industrial Specialties,68,6.150000095367432,-24.040208116231486,38,34,E+
VIRT,Virtu Financial Inc. Class A Common Stock,Investment Bankers/Brokers/Service,51,61.56999969482422,-9.029962915810618,90,81,B+
VISN,Vistance Networks Inc. Common Stock,Radio And Television Broadcasting And Communications Equipment,81,6.400000095367432,-12.837377720566012,70,45,E+
VIST,Vista Energy S.A.B. de C.V. American Depositary Shares each representing one series A share with no par value,Oil & Gas Production,11,78.94999694824219,-0.378552746697558,90,90,A-
VITL,Vital Farms Inc. Common Stock,Packaged Foods,109,9.789999961853027,-79.83937461905072,12,39,D-
VIV,Telefonica Brasil S.A. American Depositary Shares (Each representing One Common Share),Telecommunications Equipment,103,11.920000076293945,-26.676886554203318,39,68,D
VIVK,Vivakor Inc. Common Stock,Environmental Services,81,0.8500000238418579,-99.96536831577323,1,26,A+
VIVO,VivoPower PLC Class A Ordinary Shares,Power Generation,77,4.019999980926514,-39.09090849978863,77,,B-
VIVS,VivoSim Labs Inc. Common Stock,Biotechnology: Biological Products (No Diagnostic Substances),51,0.30000001192092896,-93.72384939847194,3,26,A-
VKI,Invesco Advantage Municipal Income Trust II Common Shares of Beneficial Interest (DE),Finance Companies,68,8.539999961853027,-9.392178041753196,44,,D
VKTX,Viking Therapeutics Inc. Common Stock,Biotechnology: Pharmaceutical Preparations,62,32.130001068115234,-23.736054465871316,58,7,C-
VLGEA,Village Super Market Inc. Class A Common Stock,Food Chains,106,43.130001068115234,-8.025640268477996,67,57,C+
VLN,Valens Semiconductor Ltd. Ordinary Shares,Semiconductors,41,1.649999976158142,-53.25779066483866,35,17,C
VLO,Valero Energy Corporation Common Stock,Integrated oil Companies,1,385.42999267578125,-0.9050056358852476,97,98,B+
VLOS,Velos Acquisition I Corp. Class A Ordinary shares,,,10.729999542236328,-3.6717874043414755,49,38,A-
VLRS,Controladora Vuela Compania de Aviacion S.A.B. de C.V. American Depositary Shares each representing ten (10) Ordinary Participation Certificates,Air Freight/Delivery Services,65,6.46999979019165,-39.134527558451126,36,17,D-
VLTO,Veralto Corp Common Stock,Electrical Products,20,93.44999694824219,-13.888039979384326,52,53,C+
VLY,Valley National Bancorp Common Stock,Major Banks,12,13.850000381469727,-8.821588123307645,69,61,D+
VMAR,Vision Marine Technologies Inc. Common Shares,Marine Transportation,3,7.199999809265137,-99.89024390534657,2,26,A-
VMC,Vulcan Materials Company (Holding Company) Common Stock,Mining & Quarrying of Nonmetallic Minerals (No Fuels),98,250.60000610351562,-23.709362665377142,34,59,D-
VMD,Viemed Healthcare Inc. Common Shares,Misc Health and Biotechnology Services,21,8.75,-29.034873851240107,57,53,E+
VMET,Versamet Royalties Corporation Common Stock,Precious Metals,18,9.789999961853027,-27.642275276651908,37,99,D-
VMI,Valmont Industries Inc. Common Stock,Metal Fabrications,47,477.0299987792969,-18.145779752493308,61,91,D
VMRK,Vivmark Residential Common Shares of Beneficial Interest,Real Estate Investment Trusts,57,65.0199966430664,-7.312907728049012,54,39,D-
VNCE,Vince Holding Corp. Common Stock,Clothing/Shoe/Accessory Stores,122,5.03000020980835,-36.08640047075401,96,61,D
VNDA,Vanda Pharmaceuticals Inc. Common Stock,Biotechnology: Pharmaceutical Preparations,62,5.039999961853027,-47.28033744108243,27,7,D-
VNET,VNET Group Inc. American Depositary Shares,Computer Software: Programming Data Processing,103,6.380000114440918,-54.526013999504194,17,33,E+
VNO,Vornado Realty Trust Common Stock,Real Estate Investment Trusts,57,34.369998931884766,-18.245000701867596,47,35,D
VNOM,Viper Energy Inc. Class A Common Stock,Oil & Gas Production,11,44.84000015258789,-9.297968719182858,63,61,C-
VNRX,VolitionRX Limited Common Stock,Biotechnology: In Vitro & In Vivo Diagnostic Substances,119,0.3400000035762787,-97.50000004382694,2,,A+
VNT,Vontier Corporation Common Stock,Industrial Machinery/Components,93,31.260000228881836,-27.95600832003674,37,73,C+
VNTG,Vantage Corp Class A Ordinary Shares,Integrated Freight & Logistics,141,0.6000000238418579,-92.15686253121491,14,,A
VOD,Vodafone Group Plc American Depositary Shares,Telecommunications Equipment,103,17.329999923706055,0.0,83,,B+
VOR,Vor Biopharma Inc. Common Stock,Biotechnology: Biological Products (No Diagnostic Substances),51,22.34000015258789,-54.146142050803746,94,33,A-
VOXR,Vox Royalty Corp. Common Stock,Precious Metals,18,5.739999771118164,-10.168029744659535,78,97,B
VOYA,Voya Financial Inc. Common Stock,Life Insurance,10,102.66999816894531,-2.0885012670790126,86,45,C+
VOYG,Voyager Technologies Inc. Class A Common Stock,Military/Government/Technical,98,32.970001220703125,-36.31446604370506,58,17,C
VPG,Vishay Precision Group Inc. Common Stock,Electrical Products,20,61.720001220703125,-58.828630703113504,78,48,E
VRA,Vera Bradley Inc. Common Stock,Apparel,109,3.049999952316284,-28.403760834612733,73,33,A-
VRAX,Virax Biolabs Group Limited Ordinary Shares,Biotechnology: In Vitro & In Vivo Diagnostic Substances,119,2.8499999046325684,-83.43023384758555,8,,A+
VRCA,Verrica Pharmaceuticals Inc. Common Stock,Biotechnology: Pharmaceutical Preparations,62,4.949999809265137,-45.60439998063308,26,17,A
VRDN,Viridian Therapeutics Inc. Common Stock,Biotechnology: Pharmaceutical Preparations,62,22.290000915527344,-34.01420449669031,60,17,B+
VREX,Varex Imaging Corporation Common Stock,Industrial Machinery/Components,93,18.469999313354492,-0.5920377330637883,95,63,A
VRM,Vroom Inc. Common Stock,Retail-Auto Dealers and Gas Stations,86,10.260000228881836,-63.93673126980342,28,26,A+
VRME,VerifyMe Inc. Common Stock,EDP Services,126,0.6209999918937683,-56.573425547418665,24,17,E-
VRNS,Varonis Systems Inc. Common Stock,Computer Software: Prepackaged Software,103,45.5,-28.13141839672212,88,17,A-
VRRM,Verra Mobility Corporation Class A Common Stock,Transportation Services,113,3.6500000953674316,-85.43495541439282,8,36,C-
VRSK,Verisk Analytics Inc. Common Stock,EDP Services,126,175.86000061035156,-33.34670621662683,29,47,D
VRSN,VeriSign Inc. Common Stock,EDP Services,126,288.8500061035156,-6.549054199164561,61,58,C
VRT,Vertiv Holdings LLC Class A Common Stock,Industrial Machinery/Components,93,248.1300048828125,-34.03459751706591,75,97,E
VRTS,Virtus Investment Partners Inc. Common Stock,Investment Managers,46,151.82000732421875,-19.946305152254617,54,56,D+
VRTX,Vertex Pharmaceuticals Incorporated Common Stock,Biotechnology: Pharmaceutical Preparations,62,514.5599975585938,-7.778339433822268,72,54,B-
VRXA,Veraxa Biotech AG Ordinary Shares,Biotechnology: Pharmaceutical Preparations,62,1.649999976158142,-93.34409070100253,2,,A
VS,Versus Systems Inc. Common Stock,EDP Services,126,1.04830002784729,-55.39148636641345,22,,B+
VSA,VisionSys AI Inc. American Depositary Shares,Other Consumer Services,132,3.0,-99.85037406483791,5,1,A+
VSAT,ViaSat Inc. Common Stock,Telecommunications Equipment,103,74.18000030517578,-17.403404607845207,95,43,C+
VSEC,VSE Corporation Common Stock,Military/Government/Technical,98,192.63999938964844,-20.880564001151868,62,86,C-
VSH,Vishay Intertechnology Inc. Common Stock,Electrical Products,20,31.290000915527344,-51.63474544590453,90,69,E
VSME,VS Media Holdings Limited Class A Ordinary Shares,Advertising,116,0.9200000166893005,-98.45637577140414,8,,A
VSNT,Versant Media Group Inc. Class A Common Stock,Broadcasting,98,37.36000061035156,-19.62172302195796,36,,C+
VST,Vistra Corp. Common Stock,Electric Utilities: Central,71,147.0500030517578,-32.24008648344597,38,89,D
VSTM,Verastem Inc. Common Stock,Biotechnology: Pharmaceutical Preparations,62,7.619999885559082,-28.38346203305252,87,26,A-
VSTS,Vestis Corporation Common Stock,Consumer Specialties,54,13.039999961853027,-20.969697200890746,95,73,C-
VSXY,Victorias Secret & Co. Common Stock,Clothing/Shoe/Accessory Stores,122,73.38999938964844,-26.587977899864367,93,51,E
VTAK,Catheter Precision Inc. Common Stock,Medical/Dental Instruments,98,0.17000000178813934,-94.3333332737287,2,,A
VTEX,VTEX Class A Common Shares,Computer Software: Prepackaged Software,103,3.549999952316284,-23.65591656970123,37,98,C+
VTGN,Vistagen Therapeutics Inc. Common Stock,Biotechnology: Pharmaceutical Preparations,62,0.23999999463558197,-95.10204102113215,4,26,A+
VTIX,Virtuix Holdings Inc. Class A Common Stock,Computer peripheral equipment,55,1.0750000476837158,-95.59245561875673,3,,E-
VTMX,Corporacion Inmobiliaria Vesta S.A.B de C.V. American Depositary Shares each representing ten (10) Common Shares,Real Estate,71,33.560001373291016,-7.739940515560473,59,85,C-
VTN,Invesco Trust for Investment Grade New York Municipals Common Stock,Finance Companies,68,10.0600004196167,-13.025616966999587,38,,E+
VTOL,Bristow Group Inc. Common Stock,Transportation Services,113,42.75,-14.034460452068199,58,57,D
VTR,Ventas Inc. Common Stock,Real Estate Investment Trusts,57,90.44000244140625,-10.036801412921692,69,66,D+
VTRS,Viatris Inc. Common Stock,Biotechnology: Pharmaceutical Preparations,62,16.3799991607666,-7.598837926813406,83,68,D
VTS,Vitesse Energy Inc. Common Stock,Oil & Gas Production,11,18.639999389648438,-20.58978897487771,42,30,B
VTSI,VirTra Inc. Common Stock,Miscellaneous manufacturing industries,140,2.950000047683716,-52.79999923706055,18,7,E+
VTVT,vTv Therapeutics Inc. Class A Common Stock,Biotechnology: Pharmaceutical Preparations,62,31.860000610351562,-25.412617355635614,70,34,D
VUZI,Vuzix Corporation Common Stock,Radio And Television Broadcasting And Communications Equipment,81,2.5399999618530273,-50.5836570460902,37,17,C
VVOS,Vivos Therapeutics Inc. Common Stock,Medical/Dental Instruments,98,0.18199999630451202,-95.22309713811345,3,,E-
VVV,Valvoline Inc. Common Stock,Major Chemicals,65,30.209999084472656,-25.719202250812177,29,51,E
VVX,V2X Inc. Common Stock,Diversified Commercial Services,65,72.55999755859375,-20.096906167434337,60,91,E+
VWAV,VisionWave Holdings Inc. Common Stock,Computer Software: Prepackaged Software,103,0.48500001430511475,-96.57968967653628,1,,D-
VYGR,Voyager Therapeutics Inc. Common Stock,Biotechnology: Biological Products (No Diagnostic Substances),51,3.190000057220459,-40.15009187838058,26,17,D+
VYX,NCR Voyix Corporation Common Stock,Office Equipment/Supplies/Services,24,8.069999694824219,-38.631179247698164,45,39,C+
VZ,Verizon Communications Inc. Common Stock,Telecommunications Equipment,103,49.970001220703125,-1.2255365289874365,68,40,C
VZLA,Vizsla Silver Corp. Common Shares,Precious Metals,18,4.0,-41.69096323397905,59,26,B+
W,Wayfair Inc. Class A Common Stock,Catalog/Specialty Distribution,98,97.44999694824219,-18.143641789009337,81,50,B+
WAB,Westinghouse Air Brake Technologies Corporation Common Stock,Railroads,33,280.2699890136719,-8.250998147314704,78,90,B-
WABC,Westamerica Bancorporation Common Stock,Major Banks,12,59.11000061035156,-4.602153328605507,71,73,C
WAFD,WaFd Inc. Common Stock,Major Banks,12,34.099998474121094,-12.632044791579311,55,83,E-
WAFDP,WaFd Inc. Depositary Shares,Major Banks,12,16.399999618530273,-1.8551734466008551,53,,D+
WAFU,Wah Fu Education Group Limited Ordinary Shares,Other Consumer Services,132,1.3700000047683716,-33.81642275600599,25,,A+
WAL,Western Alliance Bancorporation Common Stock (DE),Major Banks,12,79.27999877929688,-16.210572523044863,46,52,C-
WALD,Waldencast plc Class A Ordinary Share,Package Goods/Cosmetics,55,1.3300000429153442,-56.81817935517991,19,,D-
WASH,Washington Trust Bancorp Inc. Common Stock,Major Banks,12,39.849998474121094,-1.0183801900280232,83,54,B-
WAT,Waters Corporation Common Stock,Biotechnology: Laboratory Analytical Instruments,31,401.6400146484375,-4.657454935754146,73,32,B-
WATR,Air Water Ventures Limited Ordinary Shares,Beverages (Production/Distribution),119,1.8300000429153442,-82.57972372223304,3,,E-
WATT,Energous Corporation Common Stock,Radio And Television Broadcasting And Communications Equipment,81,11.229999542236328,-68.21398539423431,43,1,E-
WAVE,Eco Wave Power Global AB (publ) American Depositary Shares,Electric Utilities: Central,71,5.690000057220459,-42.64112889658151,23,,A
WAY,Waystar Holding Corp. Common Stock,EDP Services,126,23.059999465942383,-43.06172971372251,37,80,B-
WB,Weibo Corporation American Depositary Share,Computer Software: Programming Data Processing,103,6.610000133514404,-44.85112458205223,21,57,E+
WBD,Warner Bros. Discovery Inc. Series A Common Stock,Cable & Other Pay Television Services,81,28.200000762939453,-5.937287546616476,84,12,C+
WBI,WaterBridge Infrastructure LLC Class A Shares Representing Limited Liability Company Interests,Oilfield Services/Equipment,15,32.720001220703125,-9.495053348455917,83,32,B+
WBTN,WEBTOON Entertainment Inc. Common stock,Publishing,78,10.319999694824219,-51.57203212830845,32,17,A-
WBUY,WEBUY GLOBAL LTD. Class A Ordinary Shares,Other Specialty Stores,121,0.8949999809265137,-77.9556651837344,12,,A+
WBX,Wallbox N.V. Class A Ordinary Shares,Industrial Specialties,68,3.2799999713897705,-54.38108560102339,63,,E+
WCC,WESCO International Inc. Common Stock,Telecommunications Equipment,103,344.0,-8.045978511742335,80,90,C-
WCN,Waste Connections Inc. Common Shares,Environmental Services,81,159.44000244140625,-10.118249434575722,41,53,C-
WCT,Wellchange Holdings Company Limited Class A Ordinary shares,Computer Software: Prepackaged Software,103,7.369999885559082,-64.04878104605326,99,,A+
WD,Walker & Dunlop Inc Common Stock,Finance: Consumer Services,114,40.33000183105469,-51.2723844299396,20,35,E
WDAY,Workday Inc. Class A Common Stock,EDP Services,126,185.08999633789062,-25.273529608173963,68,98,A-
WDC,Western Digital Corporation Common Stock,Electronic Components,2,460.92999267578125,-38.21234909151365,98,80,E+
WDFC,WD-40 Company Common Stock,Major Chemicals,65,199.0399932861328,-24.56491318041465,38,79,B-
WDS,Woodside Energy Group Limited American Depositary Shares each representing one Ordinary Share,Oil & Gas Production,11,23.889999389648438,-1.2401865968824644,82,,B-
WEAV,Weave Communications Inc. Common Stock,Computer Software: Prepackaged Software,103,7.300000190734863,-8.63578973903698,78,92,A+
WEC,WEC Energy Group Inc. Common Stock,Power Generation,77,105.3499984741211,-10.586171804864353,43,59,D+
WELL,Welltower Inc. Common Stock,Real Estate Investment Trusts,57,235.7100067138672,-6.137256789171063,75,85,C
WEN,Wendy's Company (The) Common Stock,Restaurants,81,7.440000057220459,-19.96305934716396,50,46,B+
WENC,West Enclave Merger Corp. Ordinary Shares,Blank Checks,57,9.989999771118164,-0.19980476829525307,49,,C-
WERN,Werner Enterprises Inc. Common Stock,Trucking Freight/Courier Services,24,38.59000015258789,-18.397125384877853,72,64,D-
WEST,Westrock Coffee Company Common Stock,Beverages (Production/Distribution),119,7.710000038146973,-20.76053030959426,89,26,D+
WETH,Wetouch Technology Inc. Common Stock,Computer peripheral equipment,55,1.2000000476837158,-64.8910965609679,29,,E+
WETO,Wetour Robotics Limited Ordinary Shares,Other Transportation,,2.5799999237060547,-98.89032261345976,1,,A
WEX,WEX Inc. common stock,Business Services,78,190.02999877929688,-6.504305643642372,81,91,B
WEYS,Weyco Group Inc. Common Stock,Apparel,109,44.61000061035156,-4.2566895496645945,88,43,B
WF,Woori Financial Group Inc. American Depositary Shares (each representing three (3) shares of Common Stock),Commercial Banks,7,74.55999755859375,-11.731980015267817,81,48,B-
WFC,Wells Fargo & Company Common Stock,Major Banks,12,89.44999694824219,-5.672199591758609,64,86,C+
WFCF,Where Food Comes From Inc. Common Stock,Computer Software: Prepackaged Software,103,13.199999809265137,-27.19249630286804,60,40,A
WFF,WF Holding Limited Ordinary Shares,Miscellaneous manufacturing industries,140,1.8600000143051147,-67.65217366425887,17,,A+
WFG,West Fraser Timber Co. Ltd Common stock,Forest Products,62,67.43000030517578,-11.265501355486974,52,7,C-
WFRD,Weatherford International plc Ordinary Shares,Oil and Gas Field Machinery,22,89.91999816894531,-19.042008055963112,62,84,C
WGO,Winnebago Industries Inc. Common Stock,Homebuilding,93,28.190000534057617,-41.43838764571976,35,43,D
WGS,GeneDx Holdings Corp. Class A Common Stock,Medical/Nursing Services,48,83.95999908447266,-49.8791156670231,57,40,A-
WH,Wyndham Hotels & Resorts Inc. Common Stock,Hotels/Resorts,86,68.62000274658203,-23.26361003527473,34,52,D
WHD,Cactus Inc. Class A Common Stock,Oil and Gas Field Machinery,22,68.4000015258789,-7.0288514326163565,89,66,B
WHF,WhiteHorse Finance Inc. Common Stock,Finance Companies,68,6.980000019073486,-7.669044893427001,48,,C+
WHG,Westwood Holdings Group Inc Common Stock,Investment Managers,46,18.670000076293945,-7.494058462386388,68,91,B-
WHK,WhiteHawk Minerals Corp Class A Common Stock,Oil & Gas Production,11,28.139999389648438,-0.9503712045541124,61,,C+
WHLR,Wheeler Real Estate Investment Trust Inc. Common Stock,Real Estate Investment Trusts,57,0.37299999594688416,-99.99778608739348,1,7,E-
WHR,Whirlpool Corporation Common Stock,Consumer Electronics/Appliances,93,35.88999938964844,-61.209640532051445,15,68,D-
WHWK,Whitehawk Therapeutics Inc. Common Stock,Biotechnology: Pharmaceutical Preparations,62,4.070000171661377,-20.196073573169958,89,7,D-
WIMI,WiMi Hologram Cloud Inc. Class B Ordinary Shares,Computer Software: Prepackaged Software,103,1.0399999618530273,-79.7270967124263,9,,E+
WINA,Winmark Corporation Common Stock,Other Specialty Stores,121,310.04998779296875,-38.102048915604314,20,46,E
WING,Wingstop Inc. Common Stock,Restaurants,81,110.5199966430664,-60.91386439325397,12,76,E+
WIT,Wipro Limited Common Stock,EDP Services,126,1.6699999570846558,-44.8050024116581,18,50,E+
WIX,Wix.com Ltd. Ordinary Shares,Computer Software: Programming Data Processing,103,75.5199966430664,-59.009990017684586,58,45,B+
WK,Workiva Inc. Class A Common Stock,Computer Software: Prepackaged Software,103,71.33000183105469,-23.55588500978878,70,91,B+
WKC,World Kinect Corporation Common Stock,Oil Refining/Marketing,126,35.349998474121094,-12.173916834481757,86,63,B-
WKEY,WISeKey International Holding Ltd American Depositary Shares,EDP Services,126,6.300000190734863,-64.60673898447182,33,,D-
WKHS,Workhorse Group Inc. Common Stock,Auto Manufacturing,138,3.0399999618530273,-78.71148446288868,17,7,A-
WKSP,Worksport Ltd. Common Stock,Auto Parts:O.E.M.,68,0.460999995470047,-87.82034385690451,7,7,A+
WLDN,Willdan Group Inc. Common Stock,Military/Government/Technical,98,81.93000030517578,-39.28412715069315,30,91,C
WLDS,Wearable Devices Ltd. Ordinary Share,Computer Communications Equipment,57,1.7699999809265137,-97.91224344608183,8,,A
WLFC,Willis Lease Finance Corporation Common Stock,Industrial Specialties,68,56.189998626708984,-29.570599708965762,57,84,D+
WLK,Westlake Corporation Common Stock,Major Chemicals,65,71.62000274658203,-41.1980189157255,29,63,C-
WLTH,Wealthfront Corporation Common Stock,Finance: Consumer Services,114,10.880000114440918,-22.00716657203984,57,31,A
WLY,John Wiley & Sons Inc. Common Stock,Books,12,47.029998779296875,-15.595840364370673,78,72,E+
WLYB,John Wiley & Sons Inc. Common Stock,Books,12,48.380001068115234,-11.602409148972603,83,72,E
WM,Waste Management Inc. Common Stock,Environmental Services,81,214.77000427246094,-12.15025841248818,43,78,D
WMB,Williams Companies Inc. (The) Common Stock,Natural Gas Distribution,33,72.81999969482422,-7.609902361175469,64,80,C
WMG,Warner Music Group Corp. Class A Common Stock,Services-Misc. Amusement & Recreation,89,27.84000015258789,-18.847959759397924,43,94,D+
WMK,Weis Markets Inc. Common Stock,Food Chains,106,71.18000030517578,-13.455843413387203,47,43,D
WMS,Advanced Drainage Systems Inc. Common Stock,Containers/Packaging,91,127.16000366210938,-27.20661307179666,36,71,D+
WMT,Walmart Inc. Common Stock,Department/Specialty Retail Stores,45,105.7300033569336,-21.025986542398467,36,76,E
WNC,Wabash National Corporation Common Stock,Construction/Ag Equipment/Trucks,4,12.619999885559082,-11.809926516430425,89,7,C-
WNEB,Western New England Bancorp Inc. Common Stock,Savings Institutions,9,13.680000305175781,-7.165809677134593,59,39,C+
WNW,Meiwu Technology Company Limited Ordinary Shares,Package Goods/Cosmetics,55,2.309999942779541,-99.06097563301644,4,,A+
WOK,WORK Medical Technology Group LTD Class A Ordinary Shares,Medical/Dental Instruments,98,1.9299999475479126,-99.99978837719873,1,,A
WOLF,Wolfspeed Inc. Common Stock New,Semiconductors,41,25.170000076293945,-65.75510193701504,40,17,E-
WOOF,Petco Health and Wellness Company Inc. Class A Common Stock,Other Specialty Stores,121,2.430000066757202,-37.851662061001136,28,30,E+
WOR,Worthington Enterprises Inc. Common Shares,Steel/Iron Ore,39,57.61000061035156,-10.838036902685266,53,87,D+
WPC,W. P. Carey Inc. REIT,Real Estate Investment Trusts,57,69.55000305175781,-9.31020884384981,49,80,D
WPM,Wheaton Precious Metals Corp Common Shares (Canada),Precious Metals,18,150.97999572753906,-8.492842657583244,86,92,A-
WPP,WPP plc American Depositary Shares,Advertising,116,24.770000457763672,-10.090739950210924,83,,A-
WPRT,Westport Fuel Systems Inc Common Shares,Industrial Machinery/Components,93,1.7599999904632568,-29.88047820118026,37,7,A
WRAP,Wrap Technologies Inc. Common Stock,Ordnance And Accessories,35,1.6200000047683716,-47.74193372240171,54,26,A
WRB,W.R. Berkley Corporation Common Stock,Property-Casualty Insurers,29,70.05000305175781,-8.358783144057536,54,61,C+
WRBY,Warby Parker Inc. Class A Common Stock,Ophthalmic Goods,114,24.299999237060547,-19.90771550807706,45,99,C-
WRD,WeRide Inc. American Depositary Shares,EDP Services,126,5.695000171661377,-53.99838352975198,23,17,E
WRLD,World Acceptance Corporation Common Stock,Finance: Consumer Services,114,190.0,-15.114149825450717,77,50,C+
WRN,Western Copper and Gold Corporation Common Stock,Metal Mining,57,2.390000104904175,-40.98765450994918,60,42,D+
WS,Worthington Steel Inc. Common Shares,Steel/Iron Ore,39,33.75,-30.085724673819758,39,55,C-
WSBC,WesBanco Inc. Common Stock,Major Banks,12,40.25,-4.862566737925322,77,74,B-
WSBF,Waterstone Financial Inc. Common Stock (MD),Savings Institutions,9,21.360000610351562,-0.743493698925024,81,40,B-
WSBK,Winchester Bancorp Inc. Common Stock,Banks,14,12.96500015258789,-2.2615920314383975,70,,C-
WSC,WillScot Holdings Corporation Class A Common Stock,Misc Corporate Leasing Services,89,18.684999465942383,-35.49490955887234,27,54,E
WSE,Wise Group plc Class A Ordinary Shares,Diversified Commercial Services,65,11.930000305175781,-22.53246363187675,36,,D-
WSFS,WSFS Financial Corporation Common Stock,Major Banks,12,79.94000244140625,-2.6172772680371215,81,88,C
WSHP,WeShop Holdings Limited Class A Ordinary Shares,Other Specialty Stores,121,5.230000019073486,-97.38499999046326,9,,A+
WSM,Williams-Sonoma Inc. Common Stock (DE),Home Furnishings,26,223.74000549316406,-11.136704036094569,70,50,D+
WSO,Watsco Inc. Common Stock,Industrial Machinery/Components,93,310.8999938964844,-31.363610118917485,29,43,E
WSO-B,Watsco Inc.,,,312.4599914550781,-30.484727426539628,31,44,E-
WST,West Pharmaceutical Services Inc. Common Stock,Medical/Dental Instruments,98,344.25,-5.81427591553465,79,85,C-
WT,WisdomTree Inc. Common Stock,Investment Bankers/Brokers/Service,51,24.260000228881836,-3.115018602742259,94,89,B+
WTBA,West Bancorporation Common Stock,Major Banks,12,29.200000762939453,-2.6666641235351562,84,80,B-
WTF,Waton Financial Limited Ordinary Shares,Investment Bankers/Brokers/Service,51,2.5999999046325684,-63.38028254146687,24,,B
WTFC,Wintrust Financial Corporation Common Stock,Major Banks,12,150.75,-9.367678791827384,58,67,D
WTI,W&T Offshore Inc. Common Stock,Oil & Gas Production,11,4.190000057220459,-14.249151012563722,94,63,B+
WTM,White Mountains Insurance Group Ltd. Common Stock,Property-Casualty Insurers,29,2075.989990234375,-10.494907372954321,54,7,C-
WTRG,Essential Utilities Inc. Common Stock,Water Supply,28,41.79999923706055,-0.4761922927129847,66,49,B-
WTS,Watts Water Technologies Inc. Class A Common Stock,Metal Fabrications,47,350.260009765625,-10.546267497627127,74,89,D
WTTR,Select Water Solutions Inc. Class A common stock,Oilfield Services/Equipment,15,20.360000610351562,-8.22513785138832,94,93,B
WTW,Willis Towers Watson Public Limited Company Ordinary Shares,Specialty Insurers,48,315.4100036621094,-10.075551343660905,62,68,C
WU,Western Union Company (The) Common Stock,Business Services,78,6.889999866485596,-29.048706897440667,32,38,D-
WULF,TeraWulf Inc. Common Stock,Finance: Consumer Services,114,16.139999389648438,-44.306419445847425,51,7,D-
WVE,Wave Life Sciences Inc. Common Stock,Biotechnology: Pharmaceutical Preparations,62,4.670000076293945,-78.085405005488,12,7,E
WVVI,Willamette Valley Vineyards Inc. Common Stock,Beverages (Production/Distribution),119,2.180000066757202,-57.08661221461577,19,,B
WW,WW International Inc.  Common Stock,Other Consumer Services,132,14.774999618530273,-57.68900231022973,16,46,D+
WWD,Woodward Inc. Common Stock,Industrial Machinery/Components,93,332.760009765625,-23.687998615954932,55,95,E+
WWR,Westwater Resources Inc. Common Stock,Metal Mining,57,0.5799999833106995,-83.33333390425905,35,26,A+
WWW,Wolverine World Wide Inc. Common Stock,Shoe Manufacturing,107,19.290000915527344,-36.181795052104505,55,94,B
WXM,WF International Limited Ordinary Shares,Engineering & Construction,71,4.170000076293945,-89.3076921120668,18,,A+
WY,Weyerhaeuser Company Common Stock,Real Estate Investment Trusts,57,21.989999771118164,-16.691965735087212,39,38,D
WYFI,WhiteFiber Inc. Ordinary Shares,Finance: Consumer Services,114,18.530000686645508,-58.610675681974044,38,,E-
WYHG,Wing Yip Food Holdings Group Limited American Depositary Shares,Specialty Foods,71,4.519999980926514,-54.018311129117414,87,,A+
WYNN,Wynn Resorts Limited Common stock,Hotels/Resorts,86,88.41999816894531,-33.08052715706052,24,88,E+
WYY,WidePoint Corporation Common Stock,EDP Services,126,10.710000038146973,-46.980199833475254,93,34,B+
XAIR,Beyond Air Inc. Common Stock,Medical/Dental Instruments,98,3.069999933242798,-94.31481493843926,4,17,E-
XBIO,Xenetic Biosciences Inc. Common Stock,Biotechnology: Pharmaceutical Preparations,62,4.070000171661377,-60.71428275542294,90,26,A+
XBIT,XBiotech Inc. Common Stock,Biotechnology: Pharmaceutical Preparations,62,2.1700000762939453,-26.19047503197972,33,,E+
XBP,XBP Global Holdings Inc. Common Stock,EDP Services,126,2.819999933242798,-77.96875084983184,20,,A-
XCH,XCHG Limited American Depositary Share,Industrial Machinery/Components,93,3.1649999618530273,-91.9670054840628,3,,E-
XCUR,Exicure Inc. Common Stock,Biotechnology: Pharmaceutical Preparations,62,1.3700000047683716,-81.2071328952362,7,26,C
XE,X-Energy Inc. Class A Common Stock,Metal Fabrications,47,15.84000015258789,-55.97554098355789,16,,E+
XEL,Xcel Energy Inc. Common Stock,Power Generation,77,75.41000366210938,-8.78282350630759,46,71,D
XELB,Xcel Brands Inc. Common Stock,Multi-Sector Companies,41,0.8938999772071838,-63.21399371811213,13,,A
XENE,Xenon Pharmaceuticals Inc. Common Shares,Biotechnology: Pharmaceutical Preparations,62,58.79999923706055,-17.136414887684147,78,17,B+
XERS,Xeris Biopharma Holdings Inc. Common Stock,Biotechnology: Pharmaceutical Preparations,62,7.670000076293945,-22.525248769326602,69,53,D-
XFLH,XFLH Capital Corporation Ordinary Shares,Blank Checks,57,10.0,-2.2482849709497543,48,,C
XFLT,XAI Floating Rate & Alternative Income Trust Common Shares of Beneficial Interest,Investment Managers,46,19.520000457763672,-19.279542789500514,58,,C+
XFOR,X4 Pharmaceuticals Inc. Common Stock,Biotechnology: Biological Products (No Diagnostic Substances),51,3.4000000953674316,-27.19485996099533,35,26,E
XGN,Exagen Inc. Common Stock,Medical Specialities,15,6.96999979019165,-41.72240996688533,90,7,A
XHG,XChange TEC.INC American Depositary Shares,Specialty Insurers,48,3.140000104904175,-32.03462808042489,99,,A+
XHLD,TEN Holdings Inc. Common Stock,Business Services,78,10.84000015258789,0.0,99,26,A+
XHR,Xenia Hotels & Resorts Inc. Common Stock,Hotels/Resorts,86,17.600000381469727,-19.340052119045126,69,56,E+
XLAB,Exascale Labs Holdings Inc. Class A Common Stock,Computer Software: Prepackaged Software,103,4.21999979019165,-61.60145697835359,7,,A
XLO,Xilio Therapeutics Inc. Common Stock,Biotechnology: Pharmaceutical Preparations,62,8.930000305175781,-26.088392081550914,53,17,C+
XMAX,XMAX Inc. Common Stock,Home Furnishings,26,8.539999961853027,-8.565312394702717,85,37,C-
XMTR,Xometry Inc. Class A Common Stock,Business Services,78,84.8499984741211,-19.074869137872586,90,92,C-
XNCR,Xencor Inc. Common Stock,Biotechnology: Pharmaceutical Preparations,62,24.260000228881836,-17.20136225056208,97,7,A-
XNDU,Xanadu Quantum Technologies Limited Class B Subordinate Voting Shares,Computer Manufacturing,81,8.979999542236328,-75.13842799616121,44,26,D
XNET,Xunlei Limited American Depositary Shares,Computer Software: Prepackaged Software,103,4.889999866485596,-54.63821903882542,27,39,D-
XOM,ExxonMobil Holdings Corporation Common Stock,Integrated oil Companies,1,165.22999572753906,-2.356885627980587,81,71,C+
XOS,Xos Inc. Common Stock,Auto Parts:O.E.M.,68,2.7899999618530273,-62.600536895626476,58,17,A+
XP,XP Inc. Class A Common Stock,Investment Bankers/Brokers/Service,51,19.969999313354492,-11.857615870902682,73,61,B
XPEL,XPEL Inc. Common Stock,Industrial Specialties,68,48.060001373291016,-12.53867023473335,67,73,B-
XPER,Xperi Inc. Common Stock,Computer Software: Prepackaged Software,103,5.710000038146973,-33.91203922162077,31,89,E
XPEV,XPeng Inc. American depositary shares each representing two Class A ordinary shares,Auto Manufacturing,138,10.34000015258789,-63.16351882791624,12,33,E
XPL,Solitario Resources Corp. Common Stock,Precious Metals,18,0.6000000238418579,-36.84210196096147,23,26,E-
XPO,XPO Inc. Common Stock,Transportation Services,113,182.33999633789062,-20.155887272177196,58,65,D-
XPOF,Xponential Fitness Inc. Class A Common Stock,Services-Misc. Amusement & Recreation,89,4.039999961853027,-55.11111153496636,13,17,E-
XPON,Expion Energy Inc. Common Stock,Industrial Machinery/Components,93,5.190000057220459,-75.14367688782076,13,7,A+
XPRO,Expro Ltd Ordinary Shares,Oilfield Services/Equipment,15,17.56999969482422,-7.331220763543078,72,48,B-
XRAY,DENTSPLY SIRONA Inc. Common Stock,Medical/Dental Instruments,98,10.5,-28.474115928335664,37,46,D
XRN,Chiron Real Estate Inc. Common Stock,Real Estate Investment Trusts,57,36.619998931884766,-3.056341198560386,58,63,C+
XRTX,XORTX Therapeutics Inc. Common Shares,Biotechnology: Pharmaceutical Preparations,62,2.109999895095825,-61.636365543712266,23,26,E-
XRX,Xerox Holdings Corporation Common Stock,Computer peripheral equipment,55,3.1700000762939453,-19.756196862246465,74,39,B+
XSLL,Xsolla SPAC 1 Class A Ordinary Shares,Blank Checks,57,10.0,0.0,50,,C-
XTIA,XTI Aerospace Inc. Common Stock,EDP Services,126,1.0399999618530273,-66.01307250651949,10,17,E-
XTLB,XTL Biopharmaceuticals Ltd. American Depositary Shares,Biotechnology: Pharmaceutical Preparations,62,2.5199999809265137,-69.26829220070006,30,17,A
XTNT,Xtant Medical Holdings Inc. Common Stock,Medical/Dental Instruments,98,0.3400000035762787,-63.04347854255503,13,41,A+
XWEL,XWELL Inc. Common Stock,Other Consumer Services,132,0.9399999976158142,-44.705884044145584,29,,E-
XXI,Twenty One Capital Inc. Class A Common Stock,Finance: Consumer Services,114,5.449999809265137,-77.85453200284466,17,,C
XXII,22nd Century Group Inc. Common Stock,Medicinal Chemicals and Botanical Products,129,2.0450000762939453,-99.6557238928798,2,7,E-
XYF,X Financial American Depositary Shares each representing six Class A Ordinary Shares,Finance: Consumer Services,114,5.179999828338623,-61.69093287351743,39,47,C+
XYL,Xylem Inc. Common Stock New,Fluid Controls,29,106.55000305175781,-29.360183539715024,33,,D-
XYZ,Block Inc. Class A Common Stock,Computer Software: Prepackaged Software,103,79.06999969482422,-6.812019897749022,74,47,C
XZO,Exzeo Group Inc. Common Stock,Computer Software: Prepackaged Software,103,15.779999732971191,-34.92783615269612,49,75,C-
YAAS,Youxin Technology Ltd Class A Ordinary shares,Computer Software: Prepackaged Software,103,1.5,-82.31131979985435,69,,E
YALA,Yalla Group Limited American Depositary Shares each representing one Class A Ordinary Share,Computer Software: Programming Data Processing,103,5.440000057220459,-31.13924061329467,30,53,C
YARW,Yarrow Bioscience Inc. Common Stock,Biotechnology: Pharmaceutical Preparations,62,28.440000534057617,-33.76804507774778,98,,B
YB,Yuanbao Inc. American Depositary Shares,Specialty Insurers,48,13.640000343322754,-42.09769928810005,22,78,B
YCBD,cbdMD Inc. Common Stock,Package Goods/Cosmetics,55,0.4779999852180481,-78.94273175178841,18,26,E
YDDL,One and One Green Technologies. Inc Class A Ordinary Shares,Industrial Specialties,68,1.649999976158142,-89.2438073028325,7,,A+
YDES,YD Bio Limited Ordinary Shares,Medical Specialities,15,3.9000000953674316,-83.1241886959513,18,,B+
YDKG,Yueda Digital Holding Class A Ordinary Share,Advertising,116,0.8799999952316284,-99.8218623491434,19,,B+
YELP,Yelp Inc. Common Stock,Other Consumer Services,132,20.950000762939453,-38.07271762040483,24,55,E+
YETI,YETI Holdings Inc. Common Stock,Recreational Games/Products/Toys,93,39.470001220703125,-25.07592826109908,39,87,E-
YEXT,Yext Inc. Common Stock,EDP Services,126,6.28000020980835,-30.144601004508687,73,87,B-
YFOR,YYForce Inc. Class A Ordinary Shares,Professional Services,41,1.2899999618530273,-99.80410023358345,2,,A+
YHC,LQR House Inc. Common Stock,Beverages (Production/Distribution),119,1.4299999475479126,-98.71171175896585,1,37,E-
YHGJ,Yunhong Green CTI Ltd. Common Stock,Specialty Chemicals,133,2.6500000953674316,-71.5665216508635,15,26,B
YHNA,YHN Acquisition I Limited Ordinary Shares,,,11.100000381469727,0.0,54,71,E+
YHNAU,YHN Acquisition I Limited Unit,,,10.90999984741211,-5.130436109459923,52,,D-
YI,111 Inc. American Depositary Shares,Retail-Drug Stores and Proprietary Stores,123,3.450000047683716,-58.83054891922412,19,17,B+
YIBO,Planet Image International Limited Class A Ordinary Shares,Computer peripheral equipment,55,1.1799999475479126,-25.316461044480075,61,,E+
YJ,Yunji Inc. American Depository Shares,Other Specialty Stores,121,1.909999966621399,-55.05882431479061,66,,A+
YMAT,J-Star Holding Co. Ltd. Class A Ordinary Shares,Recreational Games/Products/Toys,93,2.0899999141693115,-77.64706065348005,15,,A+
YMM,Full Truck Alliance Co. Ltd. American Depositary Shares (each representing 20 Class A Ordinary Shares),Computer Software: Prepackaged Software,103,8.140000343322754,-40.679896049192386,28,56,D+
YMT,Yimutian Inc. American Depositary Shares,EDP Services,126,2.200000047683716,-99.60144926672396,1,,E-
YORW,York Water Company (The) Common Stock,Water Supply,28,33.349998474121094,-3.55697886582812,62,69,C+
YOU,Clear Secure Inc. Class A Common Stock,Computer Software: Prepackaged Software,103,42.7400016784668,-31.028994448479295,52,96,E+
YOUL,Youlife Group Inc. American Depositary Shares,Other Consumer Services,132,0.45500001311302185,-78.43601726376588,10,,A
YPF,YPF Sociedad Anonima American Depositary Shares,Integrated oil Companies,1,56.060001373291016,-0.5146355078665343,90,68,B
YQ,17 Education & Technology Group Inc. American Depositary Shares,Other Consumer Services,132,4.255000114440918,-31.701442994959837,92,26,A+
YRD,Yiren Digital Ltd. American Depositary Shares each representing two ordinary shares,Finance: Consumer Services,114,0.9940000176429749,-84.93939345445624,9,30,A+
YSG,Yatsen Holding Limited American Depositary Shares each representing twenty (20) Class A Ordinary Shares,Package Goods/Cosmetics,55,2.5999999046325684,-75.47169989561765,13,17,D-
YSS,York Space Systems Inc. Common Stock,Military/Government/Technical,98,7.449999809265137,-82.85385574579877,4,,E-
YSWY,Yesway Inc. Class A Common Stock,Food Chains,106,22.1299991607666,-21.413354827129595,47,,B+
YSXT,YSX Tech. Co. Ltd Class A Ordinary Shares,Automotive Aftermarket,136,1.2999999523162842,-58.99053876881551,37,,C+
YTRA,Yatra Online Inc. Ordinary Shares,Transportation Services,113,1.0099999904632568,-47.12041842336537,33,17,B
YUM,Yum! Brands Inc.,Restaurants,81,143.88999938964844,-13.657268072094453,43,79,D+
YUMC,Yum China Holdings Inc. Common Stock,Restaurants,81,42.290000915527344,-25.675768992148072,38,75,D-
YXT,YXT.COM GROUP HOLDING LIMITED American Depository Shares,Computer Software: Prepackaged Software,103,2.4100000858306885,-89.71404159436435,6,,A+
YYAI,AiRWA Inc. Common Stock,Computer Software: Programming Data Processing,103,0.7250000238418579,-99.99927788842247,1,,B-
Z,Zillow Group Inc. Class C Capital Stock,Business Services,78,31.25,-65.40079704872853,16,83,E+
ZBAO,Zhibao Technology Inc. Class A Ordinary Shares,Specialty Insurers,48,0.14800000190734863,-88.34645636770979,3,,A+
ZBH,Zimmer Biomet Holdings Inc. Common Stock,Industrial Specialties,68,92.44000244140625,-10.404294809698811,47,70,D+
ZBIO,Zenas BioPharma Inc. Common Stock,Biotechnology: Pharmaceutical Preparations,62,31.100000381469727,-27.959227008163822,88,17,B+
ZBRA,Zebra Technologies Corporation Class A Common Stock,Industrial Machinery/Components,93,344.010009765625,-10.194222325967505,90,77,B+
ZCMD,Zhongchao Inc. Class A Ordinary Shares,Other Consumer Services,132,0.8659999966621399,-99.90688172078902,2,,A+
ZD,Ziff Davis Inc. Common Stock,Telecommunications Equipment,103,55.290000915527344,-2.469567375367765,87,90,B
ZDAI,DirectBooking Technology Co. Ltd. Class A Ordinary Shares,General Bldg Contractors - Nonresidential Bldgs,,1.5,-87.22752090892695,6,,A-
ZDGE,Zedge Inc. Class B Common Stock,Computer Software: Prepackaged Software,103,3.069999933242798,-25.70496977946749,55,36,A
ZENA,ZenaTech Inc. Common Stock,Computer Software: Prepackaged Software,103,1.5700000524520874,-76.53213693537117,18,,A
ZEO,Zeo Energy Corporation Class A Common Stock,Industrial Machinery/Components,93,0.24500000476837158,-87.6884420304397,4,17,E-
ZEPP,Zepp Health Corporation American depositary shares each representing sixteen Class A ordinary shares,Computer Manufacturing,81,4.949999809265137,-91.92100575765882,13,17,D-
ZETA,Zeta Global Holdings Corp. Class A Common Stock,Computer Software: Prepackaged Software,103,30.559999465942383,-6.487150610269843,93,95,A
ZG,Zillow Group Inc. Class A Common Stock,Business Services,78,31.8799991607666,-63.254958073066135,17,83,D-
ZGN,Ermenegildo Zegna N.V. Ordinary Shares,Apparel,109,11.630000114440918,-23.737704167600537,53,,E+
ZH,Zhihu Inc. American Depositary Shares each representing three (3) Class A Ordinary Shares,Business Services,78,2.809999942779541,-48.154983335333355,25,17,D-
ZIM,ZIM Integrated Shipping Services Ltd. Ordinary Shares,Marine Transportation,3,29.469999313354492,-2.027927566152754,90,30,A-
ZION,Zions Bancorporation N.A. Common Stock,Major Banks,12,68.29000091552734,-6.2217403753704765,72,77,D+
ZIP,ZipRecruiter Inc. Class A Common Stock,Computer Software: Programming Data Processing,103,3.690000057220459,-32.78688140147398,42,,D-
ZJK,ZJK Industrial Co. Ltd. Class A Ordinary Shares,Metal Fabrications,47,2.1600000858306885,-45.03816668855709,26,,A+
ZJYL,JIN MEDICAL INTERNATIONAL LTD. Class A Ordinary Shares,Industrial Specialties,68,2.059999942779541,-84.62686566101945,13,,A+
ZKH,ZKH Group Limited American Depositary Shares each representing thirty-five (35) Class A Ordinary Shares,RETAIL: Building Materials,126,2.9000000953674316,-23.482846317772843,41,17,C+
ZKIN,ZK International Group Co. Ltd Ordinary Share,Metal Fabrications,47,1.2350000143051147,-60.032360886420236,16,,A-
ZLAB,Zai Lab Limited American Depositary Shares,Biotechnology: Pharmaceutical Preparations,62,24.170000076293945,-29.819973751248718,77,17,A-
ZM,Zoom Communications Inc. Class A Common Stock,Computer Software: Programming Data Processing,103,95.45999908447266,-14.676437765503858,62,93,D
ZNB,Zeta Network Group Class A Ordinary Shares,Other Consumer Services,132,1.4700000286102295,-99.9459558813011,1,,E
ZNTL,Zentalis Pharmaceuticals Inc. Common Stock,Biotechnology: Pharmaceutical Preparations,62,3.5899999141693115,-45.688353378888955,94,,D+
ZONE,Zone Frontier Inc. Class B Common Stock,Specialty Chemicals,133,0.15199999511241913,-96.19047632207732,5,26,E-
ZOOZ,ZOOZ Strategy Ltd. Ordinary Shares,Industrial Machinery/Components,93,7.71999979019165,-84.5600004196167,48,,A
ZS,Zscaler Inc. Common Stock,EDP Services,126,163.47999572753906,-51.38430396151339,45,17,C+
ZSQR,Z Squared Inc. Common Stock,Finance: Consumer Services,114,3.1600000858306885,-83.19148822303481,4,,E
ZSTK,ZeroStack Corp. Common Stock,Other Pharmaceuticals,137,4.900000095367432,-85.37749823694041,19,,A+
ZTG,Zenta Group Company Limited Class A Ordinary Shares,Professional Services,41,0.7699999809265137,-92.66666684831891,6,,A+
ZTO,ZTO Express (Cayman) Inc. American Depositary Shares each representing one Class A ordinary share.,Trucking Freight/Courier Services,24,20.850000381469727,-19.435853718736674,43,58,E+
ZTS,Zoetis Inc. Class A Common Stock,Biotechnology: Pharmaceutical Preparations,62,72.86000061035156,-50.69428805000547,18,52,D+
ZUMZ,Zumiez Inc. Common Stock,Clothing/Shoe/Accessory Stores,122,16.709999084472656,-45.42782943669245,23,31,E+
ZURA,Zura Bio Limited Class A Ordinary Shares,Biotechnology: Biological Products (No Diagnostic Substances),51,5.380000114440918,-23.579543414872038,92,,A-
ZVIA,Zevia PBC Class A Common Stock,Beverages (Production/Distribution),119,1.2400000095367432,-54.57875454676453,20,17,C+
ZVRA,Zevra Therapeutics Inc. Common Stock,Biotechnology: Pharmaceutical Preparations,62,12.0600004196167,-18.23728529073424,71,97,C
ZWS,Zurn Elkay Water Solutions Corporation Common Stock,Industrial Machinery/Components,93,45.52000045776367,-14.213622748410392,44,83,D+
ZYBT,Zhengye Biotechnology Holding Limited Class A Ordinary Shares,Biotechnology: Pharmaceutical Preparations,62,1.590000033378601,-85.12628535274844,84,,A+
ZYME,Zymeworks Inc. Common Stock,Biotechnology: Pharmaceutical Preparations,62,26.434999465942383,-14.863123621625762,77,7,B
