symbol,name,industry,industry_rank,price,pct_off_high,rs_rating,eps_rating,ad_rating
A,Agilent Technologies Inc. Common Stock,Biotechnology: Laboratory Analytical Instruments,4,172.83999633789062,0.0,87,83,B+
AA,Alcoa Corporation Common Stock,Aluminum,,42.68000030517578,-48.9642833651013,36,67,E+
AACG,ATA Creativity Global American Depositary Shares,Other Consumer Services,124,0.8299999833106995,-55.135136615454996,25,42,A+
AADX,Applied Aerospace & Defense Inc. Common Stock,Military/Government/Technical,94,12.739999771118164,-46.582811038374174,16,,E+
AAL,American Airlines Group Inc. Common Stock,Air Freight/Delivery Services,74,13.350000381469727,-26.446277344050074,41,21,D+
AAME,Atlantic American Corporation Common Stock,Life Insurance,17,1.309999942779541,-60.303031463377856,12,,A
AAMI,Acadian Asset Management Inc. Common Stock,Investment Managers,55,93.31999969482422,-3.996001808369365,94,94,B-
AAOI,Applied Optoelectronics Inc. Common Stock,Semiconductors,29,101.02999877929688,-54.71537605766797,95,35,C
AAON,AAON Inc. Common Stock,Industrial Machinery/Components,103,84.2699966430664,-43.04419492480688,31,90,D
AAP,Advance Auto Parts Inc.,Auto & Home Supply Stores,106,41.43000030517578,-33.958779397518654,25,61,E-
AAPG,Ascentage Pharma Group International American Depository Shares,Biotechnology: Pharmaceutical Preparations,81,15.229999542236328,-62.14268029944473,17,,C
AAPL,Apple Inc. Common Stock,Computer Manufacturing,87,335.9200134277344,-1.138040502102633,83,80,B-
AARD,Aardvark Therapeutics Inc. Common Stock,Biotechnology: Pharmaceutical Preparations,81,5.550000190734863,-68.12176772327867,40,26,A-
AAT,American Assets Trust Inc. Common Stock,Real Estate Investment Trusts,60,21.489999771118164,-15.585243331676047,61,46,D+
AAUC,Allied Gold Corporation Common Shares,,,22.049999237060547,-31.115275247523332,45,38,B-
ABAT,American Battery Technology Company Common Stock,Mining & Quarrying of Nonmetallic Minerals (No Fuels),94,2.25,-80.14121787157063,18,7,D+
ABBV,AbbVie Inc. Common Stock,Biotechnology: Pharmaceutical Preparations,81,265.1199951171875,-0.31958720893875414,76,69,B
ABCB,Ameris Bancorp Common Stock,Major Banks,20,81.79000091552734,-12.2142293410617,53,77,D+
ABCL,AbCellera Biologics Inc. Common Shares,Biotechnology: Pharmaceutical Preparations,81,12.649999618530273,-0.6284361868248767,99,7,A
ABEO,Abeona Therapeutics Inc. Common Stock,Biotechnology: Pharmaceutical Preparations,81,5.429999828338623,-27.211798919944663,58,7,E+
ABEV,Ambev S.A. American Depositary Shares (Each representing 1 Common Share),Beverages (Production/Distribution),110,2.9100000858306885,-14.520443469725851,65,77,C
ABG,Asbury Automotive Group Inc Common Stock,Retail-Auto Dealers and Gas Stations,113,179.94000244140625,-29.719172245703042,30,62,E+
ABLV,Able View Global Inc. Class B Ordinary Shares,Other Consumer Services,124,1.1399999856948853,-4.201686480785671,85,,A
ABM,ABM Industries Incorporated Common Stock,Diversified Commercial Services,85,49.540000915527344,-2.094856898337405,75,77,B
ABNB,Airbnb Inc. Class A Common Stock,Diversified Commercial Services,85,151.38999938964844,-20.530184047428644,70,74,E+
ABOS,Acumen Pharmaceuticals Inc. Common Stock,Biotechnology: Biological Products (No Diagnostic Substances),74,2.234999895095825,-33.679526083276436,71,7,C+
ABR,Arbor Realty Trust Common Stock,Real Estate Investment Trusts,60,4.070000171661377,-62.742277086397976,14,41,E
ABSI,Absci Corporation Common Stock,Biotechnology: Commercial Physical & Biological Resarch,7,10.345000267028809,-10.972458098857619,98,7,A
ABT,Abbott Laboratories Common Stock,Biotechnology: Pharmaceutical Preparations,81,101.06999969482422,-23.169551833835158,43,69,B-
ABTC,American Bitcoin Corp. Class A Common Stock,Finance: Consumer Services,74,9.600000381469727,-91.14799386665605,11,17,A-
ABTS,Abits Group Inc Ordinary Shares,Finance: Consumer Services,74,1.2599999904632568,-87.73125672540012,13,,A
ABUS,Arbutus Biopharma Corporation Common Stock,Biotechnology: Pharmaceutical Preparations,81,4.880000114440918,-6.5134040118083885,65,65,B
ABVC,ABVC BioPharma Inc. Common Stock,Biotechnology: Pharmaceutical Preparations,81,1.090000033378601,-66.86929951316229,16,7,A-
ABVX,Abivax SA American Depositary Shares,Biotechnology: Pharmaceutical Preparations,81,94.87000274658203,-34.71199205799495,43,26,E
ABX,Abacus Global Management Inc. Class A Common Stock,Investment Managers,55,8.270000457763672,-31.08332951863607,55,88,E+
ACA,Arcosa Inc. Common Stock,Metal Fabrications,58,146.52000427246094,-0.054571505950828936,81,77,C
ACAD,ACADIA Pharmaceuticals Inc. Common Stock,Biotechnology: Pharmaceutical Preparations,81,22.18000030517578,-27.44520599739797,39,57,E-
ACB,Aurora Cannabis Inc. Common Shares,Medicinal Chemicals and Botanical Products,123,4.159999847412109,-33.22632689123528,77,7,A-
ACCL,Acco Group Holdings Limited Class A Ordinary Shares,Professional Services,47,2.5299999713897705,-43.90244250570618,80,,A+
ACCO,Acco Brands Corporation Common Stock,Publishing,37,4.300000190734863,-2.7149294906731902,79,56,C
ACCS,ACCESS Newswire Inc. Common Stock,Professional Services,47,4.760000228881836,-56.72727064652876,13,46,E
ACDC,ProFrac Holding Corp. Class A Common Stock,Oilfield Services/Equipment,35,4.539999961853027,-43.67245998147317,43,7,C+
ACEL,Accel Entertainment Inc.,Services-Misc. Amusement & Recreation,99,11.039999961853027,-17.673377423762236,40,87,D
ACET,Adicet Bio Inc. Common Stock,Biotechnology: Pharmaceutical Preparations,81,8.270000457763672,-50.3004761952795,51,7,E-
ACFN,Acorn Energy Inc. Common Stock,Military/Government/Technical,94,20.799999237060547,-28.961752905465797,73,7,B+
ACGL,Arch Capital Group Ltd. Common Stock,Property-Casualty Insurers,42,95.0199966430664,-10.762590488893853,55,87,C-
ACH,Accendra Health Inc. Common Stock,Medical Specialities,10,0.7300000190734863,-86.7513613657031,3,31,E-
ACHC,Acadia Healthcare Company Inc. Common Stock,Medical Specialities,10,27.799999237060547,-21.93204504192203,84,44,C-
ACHR,Archer Aviation Inc. Class A Common Stock,Aerospace,120,5.710000038146973,-58.13783068603651,41,7,B+
ACHV,Achieve Life Sciences Inc. Common Shares,Biotechnology: In Vitro & In Vivo Diagnostic Substances,110,7.829999923706055,-8.206328618738546,97,7,B+
ACI,Albertsons Companies Inc. Class A Common Stock,Food Chains,74,11.949999809265137,-36.884347669721926,24,53,D-
ACIC,American Coastal Insurance Corporation Common Stock,Property-Casualty Insurers,42,9.069999694824219,-25.99692209674028,27,69,D
ACIU,AC Immune SA Common Stock,Biotechnology: Pharmaceutical Preparations,81,2.6600000858306885,-33.33333134153234,51,35,A-
ACIW,ACI Worldwide Inc. Common Stock,Computer Software: Prepackaged Software,60,49.619998931884766,-17.547360119210243,63,79,D
ACLS,Axcelis Technologies Inc. Common Stock,Industrial Machinery/Components,103,116.13999938964844,-39.38413586119536,52,67,D
ACM,AECOM Common Stock,Military/Government/Technical,94,58.52000045776367,-55.95066562713992,16,42,E+
ACMR,ACM Research Inc. Class A Common Stock,Industrial Machinery/Components,103,76.18000030517578,-39.963747599016486,88,72,C+
ACN,Accenture plc Class A Ordinary Shares (Ireland),Business Services,66,177.41000366210938,-37.24758689029984,60,75,B-
ACNB,ACNB Corporation Common Stock,Major Banks,20,63.439998626708984,-3.8059112019414587,83,89,B-
ACNT,Ascent Industries Co. Common Stock,Major Chemicals,71,14.640000343322754,-17.660293712368624,60,31,D+
ACOG,Alpha Cognition Inc. Common Stock,,,8.569999694824219,-12.102567232572115,87,7,C+
ACON,Aclarion Inc. Common Stock,Medical Specialities,10,2.630000114440918,-72.85861477470895,18,7,A
ACR,ACRES Commercial Realty Corp. Common Stock,Real Estate Investment Trusts,60,10.960000038146973,-54.40931938123201,11,35,E-
ACRE,Ares Commercial Real Estate Corporation Common Stock,Real Estate Investment Trusts,60,4.150000095367432,-22.438323351585744,42,48,C-
ACRS,Aclaris Therapeutics Inc. Common Stock,Biotechnology: Pharmaceutical Preparations,81,5.380000114440918,-17.6740590656414,94,7,B
ACRV,Acrivon Therapeutics Inc. Common Stock,Biotechnology: Pharmaceutical Preparations,81,2.119999885559082,-29.568109891163108,83,7,A-
ACT,Enact Holdings Inc. Common Stock,Specialty Insurers,66,47.25,-5.632114463774851,73,77,C-
ACTG,Acacia Research Corporation (Acacia Tech) Common Stock,Multi-Sector Companies,60,4.309999942779541,-16.472866855972256,58,66,D+
ACTU,Actuate Therapeutics Inc. Common stock,Biotechnology: Pharmaceutical Preparations,81,0.6200000047683716,-92.33621763814132,3,26,A
ACU,Acme United Corporation. Common Stock,Industrial Machinery/Components,103,63.310001373291016,-0.7991199059415921,90,53,B+
ACVA,ACV Auctions Inc. Class A Common Stock,Business Services,66,10.460000038146973,-0.190834971020315,93,57,A+
ACXP,Acurx Pharmaceuticals Inc. Common Stock,Biotechnology: Pharmaceutical Preparations,81,1.3600000143051147,-83.20987715733483,12,7,B
AD,Array Digital Infrastructure Inc. Common Shares,Telecommunications Equipment,94,34.4900016784668,-21.705053185869794,50,91,D-
ADAG,Adagene Inc. American Depositary Shares,Biotechnology: Pharmaceutical Preparations,81,2.9800000190734863,-37.656906103086406,60,1,D+
ADAM,Adamas Trust Inc. Common Stock,Real Estate Investment Trusts,60,8.140000343322754,-17.660848601521817,69,53,D-
ADBE,Adobe Inc. Common Stock,Computer Software: Prepackaged Software,60,238.92999267578125,-33.69869969388423,45,89,C-
ADC,Agree Realty Corporation Common Stock,Real Estate Investment Trusts,60,67.18000030517578,-16.59724343500789,41,74,D
ADCT,ADC Therapeutics SA Common Shares,Biotechnology: Pharmaceutical Preparations,81,1.2899999618530273,-73.56557517210595,18,7,A-
ADEA,Adeia Inc. Common Stock,Cable & Other Pay Television Services,103,25.010000228881836,-25.350992760680025,71,71,C-
ADGM,Adagio Medical Holdings Inc Common Stock,Medical/Dental Instruments,81,0.20999999344348907,-91.10169479753463,3,17,A+
ADI,Analog Devices Inc. Common Stock,Semiconductors,29,382.6099853515625,-13.851194679584466,78,94,C+
ADIL,Adial Pharmaceuticals Inc Common Stock,Biotechnology: Pharmaceutical Preparations,81,4.440000057220459,-57.71428516932896,90,7,B+
ADM,Archer-Daniels-Midland Company Common Stock,Packaged Foods,113,81.87999725341797,-7.049607608851172,80,70,C-
ADMA,ADMA Biologics Inc Common Stock,Biotechnology: Biological Products (No Diagnostic Substances),74,9.520000457763672,-53.28753263105839,31,92,B
ADNT,Adient plc Ordinary Shares,Auto Parts:O.E.M.,94,17.0,-37.24621666945247,26,49,E+
ADP,Automatic Data Processing Inc. Common Stock,EDP Services,116,263.1099853515625,-7.891388693944956,73,80,C+
ADPT,Adaptive Biotechnologies Corporation Common Stock,Biotechnology: Biological Products (No Diagnostic Substances),74,29.56999969482422,0.0,95,7,A-
ADSE,ADS-TEC ENERGY PLC Ordinary Shares,Industrial Specialties,68,10.949999809265137,-14.984474285927107,49,,B
ADSK,Autodesk Inc. Common Stock,Computer Software: Prepackaged Software,60,211.35000610351562,-34.671731799983455,36,94,D+
ADT,ADT Inc. Common Stock,Diversified Commercial Services,85,6.360000133514404,-25.76622340114686,38,83,E+
ADTN,ADTRAN Holdings Inc. Common Stock,Telecommunications Equipment,94,6.940000057220459,-64.22680312533828,13,70,E+
ADUR,Aduro Clean Technologies Inc. Common Stock,Major Chemicals,71,12.5600004196167,-27.774578145798213,48,26,D
ADUS,Addus HomeCare Corporation Common Stock,Medical/Nursing Services,35,114.05000305175781,-7.087573888588339,68,88,C+
ADV,Advantage Solutions Inc. Class A Common Stock,Business Services,66,33.95000076293945,-27.48825078123077,69,7,C-
ADVB,Advanced Biomed Inc. Common Stock,Medical Specialities,10,6.309999942779541,-66.75447789796911,69,37,A+
ADXN,Addex Therapeutics Ltd American Depositary Shares,Biotechnology: Pharmaceutical Preparations,81,3.4600000381469727,-68.40182558524468,9,,A+
AEBI,Aebi Schmidt Holding AG Common Stock,Auto Manufacturing,137,11.220000267028809,-27.829644432413005,39,82,D
AEC,Anfield Energy Inc. Common Shares,Metal Mining,52,3.5999999046325684,-66.91176593045873,20,26,E+
AEE,Ameren Corporation Common Stock,Power Generation,99,99.19999694824219,-15.564788650626781,42,70,D
AEG,Aegon Ltd. New York Registry Shares,Life Insurance,17,8.8100004196167,-5.02937596141777,75,7,C
AEHL,Antelope Enterprise Holdings Limited Class A Ordinary Shares,Telecommunications Equipment,94,8.960000038146973,-97.84449571881716,4,,A+
AEHR,Aehr Test Systems Common Stock,Electrical Products,12,97.41999816894531,-33.095255984759866,98,66,B+
AEI,Alset Inc. Common Stock (TX),Real Estate,74,0.7540000081062317,-80.20997324330247,8,26,E-
AEIS,Advanced Energy Industries Inc. Common Stock,Industrial Machinery/Components,103,278.0299987792969,-28.489079351214762,58,90,C-
AEM,Agnico Eagle Mines Limited Common Stock,Precious Metals,25,193.8800048828125,-22.760966049005415,74,98,B+
AEMD,Aethlon Medical Inc. Common Stock,Medical/Dental Instruments,81,6.769999980926514,-83.07500004768372,31,7,A+
AENT,Alliance Entertainment Holding Corporation Class A Common Stock,Durable Goods,138,4.880000114440918,-42.111507262405,21,31,A+
AEO,American Eagle Outfitters Inc. Common Stock,Clothing/Shoe/Accessory Stores,116,16.079999923706055,-41.875862540642004,32,86,E
AEON,AEON Biopharma Inc. Class A Common Stock,Biotechnology: Pharmaceutical Preparations,81,0.25999999046325684,-81.42857179349782,5,1,A+
AEP,American Electric Power Company Inc. Common Stock,Electric Utilities: Central,87,117.56999969482422,-14.582804677029937,46,65,D
AER,AerCap Holdings N.V. Ordinary Shares,Diversified Commercial Services,85,145.4199981689453,-6.074062787628465,59,96,C
AERO,Grupo Aeromexico S.A.B. de C.V. American Depositary Shares (each representing ten (10) Common Shares),Air Freight/Delivery Services,74,15.579999923706055,-31.994761992693967,33,42,C+
AERT,Aeries Technology Inc. Class A Ordinary Share,Professional Services,47,7.239999771118164,-1.7639093142408635,92,41,C+
AES,The AES Corporation Common Stock,Electric Utilities: Central,87,14.850000381469727,-11.95944719637555,65,76,C
AESI,Atlas Energy Solutions Inc. Common Stock,Mining & Quarrying of Nonmetallic Minerals (No Fuels),94,10.989999771118164,-44.3544315386422,31,7,E
AEVA,Aeva Technologies Inc. Common Stock,Auto Parts:O.E.M.,94,15.619999885559082,-46.67122090365474,36,7,C-
AEYE,AudioEye Inc. Common Stock,Computer Software: Prepackaged Software,60,7.199999809265137,-53.15549861500055,47,82,B+
AFCG,Advanced Flower Capital Inc. Common Stock,Real Estate,74,3.4800000190734863,-9.897616272850096,74,45,B+
AFG,American Financial Group Inc. Common Stock,Property-Casualty Insurers,42,138.4199981689453,-5.663462005426945,59,80,C
AFJK,Aimei Health Technology Co. Ltd Ordinary Share,,,12.1850004196167,-86.23163794393594,11,34,E+
AFL,AFLAC Incorporated Common Stock,Accident &Health Insurance,11,114.01000213623047,-11.552149924878464,57,66,D+
AFRI,Forafric Global PLC Ordinary Shares,Packaged Foods,113,11.100000381469727,-1.7699097866309854,70,,B+
AFRM,Affirm Holdings Inc. Class A Common Stock,Finance: Consumer Services,74,71.56999969482422,-16.565632183131086,60,94,D+
AFYA,Afya Limited Class A Common Shares,Other Consumer Services,124,13.729999542236328,-13.430013622630588,40,67,D+
AG,First Majestic Silver Corp. Ordinary Shares (Canada),Precious Metals,25,18.760000228881836,-41.293377239554516,75,88,B-
AGBK,AGI Inc Class A Common Shares,Commercial Banks,13,5.809999942779541,-51.58333381017049,18,58,D-
AGCC,Agencia Comercial Spirits Ltd Class A Ordinary Shares,Beverages (Production/Distribution),110,14.895000457763672,-37.833885530419664,88,,D-
AGCO,AGCO Corporation Common Stock,Industrial Machinery/Components,103,116.20999908447266,-16.81942592271003,57,65,B
AGEN,Agenus Inc. Common Stock,Biotechnology: Biological Products (No Diagnostic Substances),74,8.5,-2.298848432756806,98,7,A
AGI,Alamos Gold Inc. Class A Common Shares,Precious Metals,25,34.099998474121094,-38.1780687616844,47,97,B
AGIG,Abundia Global Impact Group Inc. Common stock,Oil & Gas Production,13,1.2799999713897705,-81.66189157747775,36,26,A-
AGIO,Agios Pharmaceuticals Inc. Common Stock,Biotechnology: Pharmaceutical Preparations,81,32.900001525878906,-27.676411712570914,56,7,D
AGL,agilon health inc. Common Stock,Misc Health and Biotechnology Services,21,75.83000183105469,-41.59734752786222,99,53,E+
AGM,Federal Agricultural Mortgage Corporation Common Stock,Finance Companies,64,218.7899932861328,-8.846074209610244,83,87,C+
AGMB,AgomAb Therapeutics NV American Depositary Shares,Biotechnology: Biological Products (No Diagnostic Substances),74,10.579999923706055,-40.62850670654616,23,,B+
AGMH,AGM Group Holdings Inc. Class A Ordinary Shares,EDP Services,116,0.7639999985694885,-91.17782896038045,10,,E
AGNC,AGNC Investment Corp. Common Stock,Real Estate Investment Trusts,60,9.619999885559082,-13.953058686835075,51,35,E+
AGNT,AGNT Inc. Common Stock,Real Estate,74,3.5299999713897705,-69.2094943249897,10,40,E+
AGO,Assured Guaranty Ltd. Common Stock,Property-Casualty Insurers,42,68.4000015258789,-24.716546871088752,30,69,E+
AGPU,Axe Compute Inc. Common Stock,Industrial Specialties,68,11.350000381469727,-36.94444232516818,98,7,A-
AGRO,Adecoagro S.A. Common Shares,Farming/Seeds/Milling,116,10.630000114440918,-29.973650192770375,72,89,B+
AGRZ,Agroz Inc. Class A Ordinary Shares,Farming/Seeds/Milling,116,0.20000000298023224,-96.7897270887974,5,,A+
AGX,Argan Inc. Common Stock,Engineering & Construction,71,361.05999755859375,-54.74847822470066,30,95,E-
AGYS,Agilysys Inc. Common Stock (DE),EDP Services,116,99.68000030517578,-29.365076704828052,59,88,B-
AHCO,AdaptHealth Corp. Common Stock,Medical/Nursing Services,35,5.570000171661377,-58.37070161419712,11,31,E-
AHG,Akso Health Group ADS,Business Services,66,0.7599999904632568,-69.60000038146973,9,33,E-
AHMA,Ambitions Enterprise Management Co. L.L.C Class A Ordinary Shares,Services-Misc. Amusement & Recreation,99,1.350000023841858,-96.36216652751742,12,,A+
AHR,American Healthcare REIT Inc. Common Stock,Real Estate Investment Trusts,60,52.310001373291016,-9.372833910252309,68,70,D
AHRT,AH Realty Trust Inc. Common Stock,Real Estate,74,6.059999942779541,-15.598884572929549,45,7,D
AHT,Ashford Hospitality Trust Inc Common Stock,Real Estate Investment Trusts,60,2.5399999618530273,-57.73710706953508,19,35,E+
AI,C3.ai Inc. Class A Common Stock,Computer Software: Prepackaged Software,60,10.760000228881836,-45.269581320479006,55,7,B
AIAI,AIAI Holdings Corporation Class A Common Stock,EDP Services,116,3.3299999237060547,-81.7133438158957,3,,A
AIB,AIB Data Centers Inc. Common Stock,Investment Bankers/Brokers/Service,56,1.4199999570846558,-60.664819990335126,17,26,A-
AIBZ,Bitzero Holdings Inc. Common Shares,Services-Misc. Amusement & Recreation,99,4.309999942779541,-54.39153407649962,9,26,D-
AIDX,20/20 Biolabs Inc. Common Stock,Precision Instruments,133,0.41999998688697815,-98.23899379383953,5,,B
AIFA,All In FutureTech Alliance Inc. Common Stock,Services-Misc. Amusement & Recreation,99,4.199999809265137,-26.315790354269943,95,7,A+
AIFC,AI Financial Corporation Common Stock,Investment Bankers/Brokers/Service,56,0.5400000214576721,-84.21052604060645,12,93,A-
AIFF,Firefly Neuroscience Inc. Common Stock,Computer Software: Prepackaged Software,60,1.190000057220459,-60.98360407131389,25,26,A+
AIFU,AIFU Inc. Class A Ordinary Share,Specialty Insurers,66,9.100000381469727,-92.03152309575452,2,45,E-
AIG,American International Group Inc. New Common Stock,Property-Casualty Insurers,42,74.81999969482422,-11.925932265784333,48,82,C
AII,American Integrity Insurance Group Inc. Common Stock,Property-Casualty Insurers,42,25.329999923706055,-5.379157674388447,87,62,B+
AIIO,Robo.ai Inc. Class B Ordinary Shares,Auto Manufacturing,137,1.4500000476837158,-97.23282441706114,5,,D+
AIIR,Air Global PLC Ordinary Shares,Tobacco,,7.46999979019165,-50.200001398722335,35,,C
AIM,AIM ImmunoTech Inc. Common Stock,Biotechnology: Biological Products (No Diagnostic Substances),74,0.20000000298023224,-92.8402767500149,4,7,E-
AIMD,Ainos Inc. Common Stock,Computer peripheral equipment,42,1.440000057220459,-66.11764571245979,20,26,A+
AIN,Albany International Corporation Common Stock,Textiles,28,60.63999938964844,-20.110270700356846,55,67,D+
AIOS,AIOS Tech Inc. Class A Common Shares,Metal Fabrications,58,12.425000190734863,-85.51864831142298,22,,D
AIOT,PowerFleet Inc. Common Stock,Telecommunications Equipment,94,2.8299999237060547,-49.911506620567344,17,40,E
AIP,Arteris Inc. Common Stock,Semiconductors,29,24.190000534057617,-50.216092903697465,82,7,D
AIR,AAR Corp. Common Stock,Aerospace,120,120.55999755859375,-21.566591443185956,72,96,C-
AIRE,reAlpha Tech Corp. Common Stock,Real Estate,74,1.3600000143051147,-94.48275847727497,6,26,A+
AIRG,Airgain Inc. Common Stock,Radio And Television Broadcasting And Communications Equipment,71,5.25,-28.958050137331036,60,35,D+
AIRI,Air Industries Group Common Stock,Military/Government/Technical,94,2.569999933242798,-27.40113104697547,30,7,B-
AIRJ,AirJoule Technologies Corporation Class A Common Stock,Industrial Machinery/Components,103,4.050000190734863,-38.54324587315177,47,26,C-
AIRO,AIRO Group Holdings Inc. Common Stock,Aerospace,120,7.210000038146973,-64.09362517160676,27,17,B-
AIRS,AirSculpt Technologies Inc. Common Stock,Medical/Nursing Services,35,2.0299999713897705,-82.57510697115484,11,31,E
AIRT,Air T Inc. Common Stock,Air Freight/Delivery Services,74,28.65999984741211,-16.345588874712124,86,44,B+
AISP,Airship AI Holdings Inc. Class A Common Stock,Computer Software: Prepackaged Software,60,1.8899999856948853,-72.92263638208756,15,7,E
AIT,Applied Industrial Technologies Inc. Common Stock,Industrial Specialties,68,332.0199890136719,-8.269104070713428,72,84,C+
AIV,Apartment Investment and Management Company Common Stock,Real Estate Investment Trusts,60,2.180000066757202,-30.42207510558156,22,98,E+
AIXC,AIxCrypto Holdings Inc. Common Stock,Finance: Consumer Services,74,1.4199999570846558,-76.37271376029801,41,7,A+
AIXI,XIAO-I Corporation American Depositary Shares,Computer Software: Prepackaged Software,60,1.8799999952316284,-95.17948719171378,11,,A+
AIZ,Assurant Inc. Common Stock,Property-Casualty Insurers,42,261.8599853515625,-12.899431685009743,69,92,D
AJG,Arthur J. Gallagher & Co. Common Stock,Specialty Insurers,66,227.1300048828125,-25.984868389517146,45,83,D+
AKA,a.k.a. Brands Holding Corp. Common Stock,Catalog/Specialty Distribution,63,10.930000305175781,-26.64429137580132,66,7,B+
AKAM,Akamai Technologies Inc. Common Stock,Business Services,66,110.41000366210938,-31.481938637017226,69,69,C-
AKAN,Akanda Corp. Common Shares,Medicinal Chemicals and Botanical Products,123,3.130000114440918,-97.08654081871498,4,,A-
AKBA,Akebia Therapeutics Inc. Common Stock,Biotechnology: Pharmaceutical Preparations,81,0.9190000295639038,-71.00946348751168,15,1,B-
AKO-A,Embotelladora Andina S.A.,,,25.969999313354492,0.0,79,62,A-
AKO-B,Embotelladora Andina S.A.,,,30.290000915527344,-5.442333382634579,73,69,B
AKR,Acadia Realty Trust Common Stock,Real Estate Investment Trusts,60,19.209999084472656,-15.448945136273428,44,49,D
AKTS,Aktis Oncology Inc. Common stock,Biotechnology: Pharmaceutical Preparations,81,19.6299991607666,-39.09401352909686,27,,E-
AKTX,Akari Therapeutics plc ADS,Biotechnology: Pharmaceutical Preparations,81,10.0600004196167,-77.54464153808597,60,7,A-
ALAB,Astera Labs Inc. Common Stock,Semiconductors,29,360.510009765625,-25.36333527277258,95,98,B+
ALAR,Alarum Technologies Ltd. American Depositary Share,Computer Software: Prepackaged Software,60,1.7100000381469727,-89.47692284217248,3,50,C-
ALB,Albemarle Corporation Common Stock,Major Chemicals,71,108.25,-49.49821200341753,31,86,E+
ALC,Alcon Inc. Ordinary Shares,Ophthalmic Goods,128,64.55999755859375,-25.58375627375302,35,85,D+
ALCO,Alico Inc. Common Stock,Farming/Seeds/Milling,116,38.86000061035156,-12.490027586442686,57,53,B
ALDF,Aldel Financial II Inc. Class A Ordinary Shares,,,10.829999923706055,0.0,57,61,B-
ALDX,Aldeyra Therapeutics Inc. Common Stock,Biotechnology: Pharmaceutical Preparations,81,1.2200000286102295,-78.74564325335207,9,7,E
ALEC,Alector Inc. Common Stock,Biotechnology: Biological Products (No Diagnostic Substances),74,1.9199999570846558,-42.1686748285774,48,7,A-
ALG,Alamo Group Inc. Common Stock,Industrial Machinery/Components,103,159.02999877929688,-26.913774763187625,38,71,D
ALGM,Allegro MicroSystems Inc. Common Stock,Semiconductors,29,35.130001068115234,-49.54036242143077,41,83,D
ALGN,Align Technology Inc. Common Stock,Industrial Specialties,68,145.6300048828125,-26.26701993160545,36,75,D-
ALGS,Aligos Therapeutics Inc. Common Stock,Biotechnology: Biological Products (No Diagnostic Substances),74,5.550000190734863,-58.254981881264065,24,7,A-
ALGT,Allegiant Travel Company Common Stock,Air Freight/Delivery Services,74,76.83999633789062,-35.51527863679959,35,90,D
ALH,Alliance Laundry Holdings Inc. Common Stock,Industrial Machinery/Components,103,21.3700008392334,-23.705816977472793,37,93,D-
ALHC,Alignment Healthcare Inc. Common Stock,Medical Specialities,10,7.670000076293945,-68.77035731645671,6,91,E-
ALIT,Alight Inc. Class A Common Stock,Business Services,66,11.279999732971191,-82.71270068457368,18,45,D
ALK,Alaska Air Group Inc. Common Stock,Air Freight/Delivery Services,74,40.029998779296875,-33.516028254482954,26,7,D-
ALKS,Alkermes plc Ordinary Shares,Biotechnology: Pharmaceutical Preparations,81,40.790000915527344,-26.131836266178265,75,76,E
ALKT,Alkami Technology Inc. Common Stock,Computer Software: Prepackaged Software,60,14.180000305175781,-44.7819309319953,23,92,E-
ALL,Allstate Corporation (The) Common Stock,Property-Casualty Insurers,42,227.1699981689453,-17.082089428379422,62,85,E
ALLE,Allegion plc Ordinary Shares,Diversified Commercial Services,85,152.47999572753906,-14.204799997802088,56,75,C+
ALLO,Allogene Therapeutics Inc. Common Stock,Biotechnology: Biological Products (No Diagnostic Substances),74,1.6699999570846558,-45.424836983241356,48,7,D
ALLR,Allarity Therapeutics Inc. Common Stock,Biotechnology: Pharmaceutical Preparations,81,1.090000033378601,-38.41807654664289,36,1,E-
ALLT,Allot Ltd. Ordinary Shares,Computer Communications Equipment,23,8.619999885559082,-25.043479256007984,64,91,A
ALLY,Ally Financial Inc. Common Stock,Major Banks,20,38.7400016784668,-17.44094428657811,36,59,E+
ALM,Almonty Industries Inc. Common Shares,Other Metals and Minerals,141,12.399999618530273,-47.053801972094234,73,38,D
ALMR,Alamar Biosciences Inc. Common Stock,Biotechnology: Laboratory Analytical Instruments,4,33.20000076293945,-9.215200875054219,89,,A
ALMS,Alumis Inc. Common Stock,Biotechnology: Pharmaceutical Preparations,81,7.289999961853027,-75.94059357949924,15,7,E-
ALMU,Aeluma Inc. Common Stock,Semiconductors,29,13.359999656677246,-57.57383374473473,25,17,B-
ALNT,Allient Inc. Common Stock,Electrical Products,12,112.55999755859375,-1.4688315905314164,95,79,B+
ALNY,Alnylam Pharmaceuticals Inc. Common Stock,Biotechnology: Pharmaceutical Preparations,81,249.58999633789062,-49.18977327518248,19,95,D
ALOV,Aldabra 4 Liquidity Opportunity Vehicle Inc. Class A Ordinary Shares,,,10.0,-0.3984059960658093,54,,C-
ALOY,REalloys Inc. Common Stock,Metal Mining,52,8.520000457763672,-67.0788225114019,34,,D+
ALP,Alpha Compute Corp Ordinary Shares,Finance: Consumer Services,74,5.610000133514404,-48.57928311662519,99,7,E-
ALPS,ALPS Group Inc Ordinary Share,Medical/Nursing Services,35,0.4000000059604645,-84.37499941792338,8,,C+
ALRM,Alarm.com Holdings Inc. Common Stock,Computer Software: Prepackaged Software,60,53.439998626708984,-7.222222148636237,71,86,C+
ALRS,Alerus Financial Corporation Common Stock,Major Banks,20,32.209999084472656,-5.597889528733935,84,73,C+
ALSN,Allison Transmission Holdings Inc. Common Stock,Auto Parts:O.E.M.,94,112.73999786376953,-16.709877560554055,59,83,D
ALT,Altimmune Inc. Common Stock,Biotechnology: Pharmaceutical Preparations,81,3.0399999618530273,-50.80906073956519,38,7,B
ALTG,Alta Equipment Group Inc. Class A Common Stock,Industrial Machinery/Components,103,5.820000171661377,-29.879517615455775,37,7,D-
ALTI,AlTi Global Inc. Class A Common Stock,Investment Managers,55,3.059999942779541,-41.04046418029627,31,94,E+
ALTO,Alto Ingredients Inc. Common Stock,Major Chemicals,71,3.740000009536743,-37.56260179558253,89,46,E+
ALV,Autoliv Inc. Common Stock,Auto Parts:O.E.M.,94,113.91999816894531,-12.877181378475289,48,65,D
ALVO,Alvotech Ordinary Shares,Biotechnology: Biological Products (No Diagnostic Substances),74,5.880000114440918,-34.52115351693441,90,7,A
ALX,Alexander's Inc. Common Stock,Real Estate Investment Trusts,60,245.4600067138672,-12.787447178463607,61,,D+
ALXO,ALX Oncology Holdings Inc. Common Stock,Biotechnology: Pharmaceutical Preparations,81,1.3550000190734863,-47.88461273943875,29,7,D-
ALZN,Alzamend Neuro Inc. Common Stock,Biotechnology: Pharmaceutical Preparations,81,1.8200000524520874,-30.26819442131561,65,7,B+
AM,Antero Midstream Corporation Common Stock,Natural Gas Distribution,31,21.229999542236328,-8.156735589473929,60,70,D+
AMAL,Amalgamated Financial Corp. Common Stock (DE),Major Banks,20,47.209999084472656,-7.576355927671907,85,84,C
AMAT,Applied Materials Inc. Common Stock,Semiconductors,29,474.25,-34.33511544303425,88,91,C
AMBA,Ambarella Inc. Ordinary Shares,Semiconductors,29,69.86000061035156,-26.85582761195323,60,54,A-
AMBO,Ambow Education Holding Ltd. American Depository Shares (each representing twenty (20) Class A Ordinary Shares),Other Consumer Services,124,2.1540000438690186,-62.53912967184316,29,79,E
AMBP,Ardagh Metal Packaging S.A. Ordinary Shares,Containers/Packaging,93,4.309999942779541,-17.914335885976374,63,65,C
AMBQ,Ambiq Micro Inc. Common Stock,Semiconductors,29,68.91999816894531,-23.828475229975897,95,26,A-
AMBR,Amber International Holding Limited American Depositary Shares,Finance: Consumer Services,74,1.8799999952316284,-49.530200178164286,48,96,E-
AMC,AMC Entertainment Holdings Inc. Class A Common Stock,Movies/Entertainment,3,2.9100000858306885,-7.619047691131842,95,1,A-
AMCI,AMC Robotics Corporation Common Stock,Home Furnishings,33,3.130000114440918,-78.63481094919695,10,,E
AMCR,Amcor plc Ordinary Shares,Miscellaneous manufacturing industries,133,42.099998474121094,-13.036713300764635,60,75,D+
AMCX,AMC Global Media Inc. Class A Common Stock,Cable & Other Pay Television Services,103,12.029999732971191,-6.381327814441251,90,32,B
AMD,Advanced Micro Devices Inc. Common Stock,Semiconductors,29,629.260009765625,0.0,98,94,A-
AME,AMETEK Inc.,Industrial Machinery/Components,103,247.74000549316406,-4.030231747650037,73,87,B-
AMG,Affiliated Managers Group Inc. Common Stock,Investment Managers,55,370.7099914550781,-3.312291803752865,83,93,C
AMGN,Amgen Inc. Common Stock,Biotechnology: Biological Products (No Diagnostic Substances),74,406.0400085449219,-8.574256280043791,81,73,C
AMH,American Homes 4 Rent Common Shares of Beneficial Interest,Real Estate Investment Trusts,60,30.670000076293945,-10.964212957036235,50,86,D
AMIX,Autonomix Medical Inc. Common Stock,Medical/Dental Instruments,81,4.070000171661377,-84.61829058017713,8,26,A+
AMKR,Amkor Technology Inc. Common Stock,Semiconductors,29,52.689998626708984,-43.57353000532221,64,88,D-
AMLX,Amylyx Pharmaceuticals Inc. Common Stock,Biotechnology: Pharmaceutical Preparations,81,30.139999389648438,-24.00403553805074,97,7,A
AMN,AMN Healthcare Services Inc,Professional Services,47,34.560001373291016,-5.573762802947946,93,80,C
AMOD,Alpha Modus Holdings Inc. Class A Common Stock,Multi-Sector Companies,60,1.6699999570846558,-96.54958697430675,3,26,A-
AMP,Ameriprise Financial Inc. Common Stock,Investment Managers,55,485.1499938964844,-14.987383450796532,59,93,E+
AMPG,Amplitech Group Inc. Common Stock,Telecommunications Equipment,94,3.440000057220459,-64.53608118698438,29,7,E
AMPH,Amphastar Pharmaceuticals Inc. Common Stock,Biotechnology: Pharmaceutical Preparations,81,26.270000457763672,-10.646255787002868,73,71,B+
AMPL,Amplitude Inc. Class A Common Stock,Computer Software: Prepackaged Software,60,13.6899995803833,-4.2657384770301565,95,37,A-
AMPX,Amprius Technologies Inc. Common Stock,Industrial Machinery/Components,103,9.6899995803833,-57.704060912606806,25,7,D+
AMPY,Amplify Energy Corp. Common Stock,Oil & Gas Production,13,4.340000152587891,-34.539968662521424,42,32,A-
AMR,Alpha Metallurgical Resources Inc. Common Stock,Coal Mining,74,172.00999450683594,-31.099539870944803,43,7,D
AMRC,Ameresco Inc. Class A Common Stock,Engineering & Construction,71,21.670000076293945,-49.872772829613275,20,33,D
AMRN,Amarin Corporation plc,Biotechnology: Pharmaceutical Preparations,81,13.430000305175781,-33.67901083863811,34,56,B-
AMRX,Amneal Pharmaceuticals Inc. Class A Common Stock,Biotechnology: Pharmaceutical Preparations,81,19.80500030517578,-1.7609104410876153,91,76,A-
AMRZ,Amrize Ltd Ordinary Shares,Building Materials,116,37.22999954223633,-42.7718979874159,17,54,E
AMS,American Shared Hospital Services Common Stock,Medical Specialities,10,1.4600000381469727,-51.97368235304083,24,7,C
AMSC,American Superconductor Corporation Common Stock,Metal Fabrications,58,30.420000076293945,-54.37912426954097,24,72,D
AMSF,AMERISAFE Inc. Common Stock,Property-Casualty Insurers,42,23.829999923706055,-41.20756414952492,17,53,E+
AMSS,AMASS Brands Inc. Common Stock,Beverages (Production/Distribution),110,0.6800000071525574,-94.00881071103097,2,,A
AMST,Amesite Inc. Common Stock,Computer Software: Prepackaged Software,60,1.0499999523162842,-71.84986737407313,16,26,A-
AMT,American Tower Corporation (REIT) Common Stock,Real Estate Investment Trusts,60,167.25999450683594,-13.014319340513293,48,87,D+
AMTB,Amerant Bancorp Inc. Class A Common Stock,Major Banks,20,29.299999237060547,-3.889411031293044,86,73,B
AMTD,AMTD IDEA Group American Depositary Shares each representing six (6) Class A Ordinary Shares,Finance: Consumer Services,74,0.7089999914169312,-45.03875873000148,16,,B
AMTM,Amentum Holdings Inc. Common Stock,Business Services,66,19.399999618530273,-48.30801958556916,29,90,E+
AMTX,Aemetis Inc. (DE) Common Stock,Major Chemicals,71,1.7699999809265137,-51.63934591753466,41,7,B+
AMWL,American Well Corporation Class A Common Stock,Business Services,66,13.470000267028809,-2.8839194075750307,98,7,A-
AMZE,Amaze Holdings Inc. Common Stock,Catalog/Specialty Distribution,63,0.13300000131130219,-99.50813610647872,1,26,A
AMZN,Amazon.com Inc. Common Stock,Catalog/Specialty Distribution,63,249.3800048828125,-12.196319086961138,70,98,B
AN,AutoNation Inc. Common Stock,Retail-Auto Dealers and Gas Stations,113,162.88999938964844,-29.172100871491967,27,72,E-
ANAB,AnaptysBio Inc. Common Stock,Biotechnology: Pharmaceutical Preparations,81,51.70000076293945,-25.94183846010595,94,96,D-
ANDE,Andersons Inc. (The) Common Stock,Farming/Seeds/Milling,116,66.79000091552734,-17.410660755356254,74,95,C-
ANDG,Andersen Group Inc. Class A Common Stock,Business Services,66,53.369998931884766,-7.101830769141893,96,44,A-
ANET,Arista Networks Inc. Common Stock,Computer Communications Equipment,23,205.6999969482422,-2.280286485395633,89,98,B+
ANF,Abercrombie & Fitch Company Common Stock,Clothing/Shoe/Accessory Stores,116,134.3000030517578,-11.69121420648629,90,77,A
ANGH,Anghami Inc. Ordinary Shares,Telecommunications Equipment,94,3.6500000953674316,-38.13559260391636,58,,D+
ANGI,Angi Inc. Class A Common Stock,Advertising,124,5.159999847412109,-69.1756277302061,17,7,B
ANGO,AngioDynamics Inc. Common Stock,Medical/Dental Instruments,81,15.279999732971191,-5.2696805456933005,80,31,B
ANGX,Angel Studios Inc. Class A Common Stock,Movies/Entertainment,3,4.860000133514404,-47.854074113185185,87,26,B+
ANIK,Anika Therapeutics Inc. Common Stock,Medical/Dental Instruments,81,20.229999542236328,-8.170681290538194,95,92,B+
ANIP,ANI Pharmaceuticals Inc.,Biotechnology: Pharmaceutical Preparations,81,74.04000091552734,-22.373660046552267,35,89,C
ANIX,Anixa Biosciences Inc. Common Stock,Biotechnology: Pharmaceutical Preparations,81,2.7799999713897705,-46.74329342668989,44,7,D+
ANL,Adlai Nortye Group Ltd. American Depositary Shares,Biotechnology: Pharmaceutical Preparations,81,15.829999923706055,-4.638556867885435,99,,B+
ANNA,AleAnna Inc. Class A Common Stock,Oil & Gas Production,13,2.759999990463257,-73.04687449068295,26,98,B
ANNX,Annexon Inc. Common Stock,Biotechnology: Pharmaceutical Preparations,81,3.799999952316284,-45.402299834929394,30,7,E+
ANPA,Rich Sparkle Holdings Limited Ordinary Shares,Other Consumer Services,124,2.069999933242798,-98.68896070603284,4,,A+
ANRO,Alto Neuroscience Inc. Common Stock,Biotechnology: Pharmaceutical Preparations,81,27.18000030517578,-25.818775223957303,98,7,D+
ANTA,Antalpha Platform Holding Company Class A Ordinary Shares,Investment Bankers/Brokers/Service,56,2.9149999618530273,-78.4870854552,7,97,B-
ANTX,AN2 Therapeutics Inc. Common Stock,Biotechnology: Pharmaceutical Preparations,81,4.889999866485596,-22.13376268924,98,7,B
ANVS,Annovis Bio Inc. Common Stock,Biotechnology: Pharmaceutical Preparations,81,1.3300000429153442,-73.92156729832008,14,7,E-
AOMR,Angel Oak Mortgage REIT Inc. Common Stock,Real Estate,74,7.460000038146973,-16.188410772280893,39,40,E+
AON,Aon plc Class A Ordinary Shares (Ireland),Specialty Insurers,66,276.0899963378906,-27.419784567878203,29,71,E
AORT,Artivion Inc. Common Stock,Medical/Dental Instruments,81,23.030000686645508,-51.648120574865175,21,56,D+
AOS,A.O. Smith Corporation Common Stock,Consumer Electronics/Appliances,64,57.70000076293945,-27.451926023906314,35,68,C-
AOSL,Alpha and Omega Semiconductor Limited Common Shares,Semiconductors,29,27.309999465942383,-48.780945944766444,40,7,D
AOUT,American Outdoor Brands Inc. Common Stock,Recreational Games/Products/Toys,81,17.030000686645508,0.0,96,37,A+
AP,Ampco-Pittsburgh Corporation Common Stock,Fluid Controls,16,8.670000076293945,-28.934424493108413,95,52,C-
APA,APA Corporation Common Stock,Oil & Gas Production,13,43.68000030517578,-7.867537553767634,91,93,B-
APAC,StoneBridge Acquisition II Corporation Class A Ordinary Shares,Blank Checks,47,10.260000228881836,0.0,56,99,C
APAM,Artisan Partners Asset Management Inc. Class A Common Stock,Investment Managers,55,35.779998779296875,-18.011000733918394,49,68,D
APC,ARKO Petroleum Corp. Class A Common Stock,Oil Refining/Marketing,107,16.770000457763672,-20.133098331383813,47,61,C-
APD,Air Products and Chemicals Inc. Common Stock,Major Chemicals,71,284.489990234375,-9.452882643065653,61,82,C+
APEI,American Public Education Inc. Common Stock,Other Consumer Services,124,42.709999084472656,-29.822545750667985,39,84,E+
APG,APi Group Corporation Common Stock,Diversified Commercial Services,85,37.83000183105469,-23.421051290379225,44,84,D
APH,Amphenol Corporation Common Stock,Electrical Products,12,83.08000183105469,-5.616093866441818,76,98,B-
API,Agora Inc. American Depositary Shares,Computer Software: Prepackaged Software,60,4.269999980926514,-18.821296670661457,70,7,B+
APLD,Applied Digital Corporation Common Stock,EDP Services,116,27.059999465942383,-45.498492176605495,33,97,C+
APLE,Apple Hospitality REIT Inc. Common Shares,Real Estate Investment Trusts,60,16.110000610351562,-4.706524780446419,80,78,C-
APLM,Apollomics Inc. Class A Ordinary Shares,Biotechnology: Pharmaceutical Preparations,81,23.479999542236328,-35.93451960525327,78,,D-
APO,Apollo Global Management Inc. (New) Common Stock,Investment Managers,55,120.69000244140625,-19.968527892792466,44,84,D+
APOG,Apogee Enterprises Inc. Common Stock,Auto Parts:O.E.M.,94,36.310001373291016,-25.25933817666829,40,61,D+
APP,Applovin Corporation Class A Common Stock,Computer Software: Programming Data Processing,90,312.4700012207031,-57.405941709427054,12,96,E+
APPF,AppFolio Inc. Class A Common Stock,Computer Software: Prepackaged Software,60,204.42999267578125,-27.65588421333536,72,84,B
APPN,Appian Corporation Class A Common Stock,Computer Software: Prepackaged Software,60,37.61000061035156,-17.594213161006632,91,90,B
APPS,Digital Turbine Inc. Common Stock,Multi-Sector Companies,60,10.880000114440918,-24.391939855029577,97,79,B+
APRE,Aprea Therapeutics Inc. Common stock,Biotechnology: Pharmaceutical Preparations,81,0.7799999713897705,-52.72727377815354,37,1,A
APT,Alpha Pro Tech Ltd. Common Stock,Industrial Specialties,68,4.980000019073486,-24.99999820467934,59,90,D+
APTV,Aptiv PLC Ordinary Shares,Auto Parts:O.E.M.,94,43.58000183105469,-50.851468669232915,13,68,E
APUR,Aperture AC Class A Ordinary Shares,Blank Checks,47,10.029999732971191,-0.5946523162470907,53,,B-
APUS,Apimeds Pharmaceuticals US Inc. Common Stock,Biotechnology: Pharmaceutical Preparations,81,4.920000076293945,-87.36842110417807,6,26,A+
APVO,Aptevo Therapeutics Inc. Common Stock,Biotechnology: Pharmaceutical Preparations,81,1.8300000429153442,-94.28838954237207,4,7,E
APWC,Asia Pacific Wire & Cable Corporation Ltd. Ordinary Shares (Bermuda),Telecommunications Equipment,94,1.3300000429153442,-40.0900889290549,21,41,E
APXT,Apex Treasury Corporation Class A Ordinary Share,Blank Checks,47,10.140000343322754,-0.09851503037757725,55,,C+
APYX,Apyx Medical Corporation Common Stock,Medical/Dental Instruments,81,2.8299999237060547,-41.769550494649856,30,7,E
AQB,AquaBounty Technologies Inc. Common Stock,Meat/Poultry/Fish,124,0.8809999823570251,-69.08771888290268,29,7,A+
AQMS,Aqua Metals Inc. Common Stock,Metal Fabrications,58,2.490000009536743,-91.59351809930203,16,7,E+
AQN,Algonquin Power & Utilities Corp. Common Shares,Electric Utilities: Central,87,5.019999980926514,-26.51314218439844,32,47,D-
AQST,Aquestive Therapeutics Inc. Common Stock,Biotechnology: Pharmaceutical Preparations,81,4.820000171661377,-35.64752578167555,53,7,B
AR,Antero Resources Corporation Common Stock,Oil & Gas Production,13,36.09000015258789,-20.066447546182342,54,80,C
ARAI,Arrive AI Inc. Common Stock,Diversified Commercial Services,85,0.23399999737739563,-96.28571443979432,5,26,E-
ARAY,Accuray Incorporated Common Stock,Medical/Dental Instruments,81,0.2199999988079071,-88.1081083258022,8,7,C+
ARBB,ARB IOT Group Limited Ordinary Shares,EDP Services,116,4.199999809265137,-64.55696477585919,23,,A
ARBE,Arbe Robotics Ltd. Ordinary Shares,EDP Services,116,0.6740000247955322,-74.94423752942343,27,7,A+
ARBK,Argo Blockchain plc American Depositary Shares,Finance: Consumer Services,74,2.453000068664551,-98.60827426326796,11,,E
ARCB,ArcBest Corporation Common Stock,Trucking Freight/Courier Services,39,127.3499984741211,-26.415490676572905,85,57,D
ARCC,Ares Capital Corporation Common Stock,Finance: Consumer Services,74,19.1299991607666,-2.8960978859030484,63,67,C+
ARCI,Archimedes Tech SPAC Partners III Co. Ordinary Share,,,10.100000381469727,-0.6882959124787646,55,,C
ARCL,ARC Group Acquisition I Corp Class A Ordinary Shares,Blank Checks,47,9.989999771118164,-0.3988032195209046,53,,C+
ARCLU,ARC Group Acquisition I Corp Unit,Blank Checks,47,10.199999809265137,-2.8571446736653683,54,,C-
ARCO,Arcos Dorados Holdings Inc. Class A Shares,Restaurants,94,7.230000019073486,-22.546490518918382,45,98,D
ARCT,Arcturus Therapeutics Holdings Inc. Common Stock,Biotechnology: Pharmaceutical Preparations,81,14.119999885559082,-39.032815291072446,96,7,A
ARDT,Ardent Health Inc. Common Stock,Hospital/Nursing Management,25,10.479999542236328,-31.097965049623355,65,67,C+
ARDX,Ardelyx Inc. Common Stock,Biotechnology: Pharmaceutical Preparations,81,3.450000047683716,-56.8210244491546,12,7,E
ARE,Alexandria Real Estate Equities Inc. Common Stock,Real Estate Investment Trusts,60,50.47999954223633,-37.64687561255108,42,37,C+
AREC,American Resources Corporation Class A Common Stock,Coal Mining,74,1.8799999952316284,-71.96607134781719,32,7,B-
ARES,Ares Management Corporation Class A Common Stock,Investment Managers,55,120.11000061035156,-29.841769105714246,43,88,D+
ARGX,argenx SE American Depositary Shares,Biotechnology: Biological Products (No Diagnostic Substances),74,962.219970703125,-9.130234345252275,78,91,B
ARHS,Arhaus Inc. Class A Common Stock,Other Specialty Stores,130,9.470000267028809,-16.286175403549763,66,47,A-
ARI,Apollo Commercial Real Estate Finance Inc,Real Estate Investment Trusts,60,6.260000228881836,-13.393127444156349,43,31,D+
ARIS,Aris Mining Corporation Common Shares,,,18.649999618530273,-17.768962224069394,86,98,B-
ARKO,ARKO Corp. Common Stock,Food Chains,74,4.230000019073486,-50.72716010419613,21,34,E
ARKR,Ark Restaurants Corp. Common Stock,Restaurants,94,4.559999942779541,-43.35403932005036,17,34,E+
ARL,American Realty Investors Inc. Common Stock,Real Estate,74,15.739999771118164,-32.8498318579455,47,32,D
ARLO,Arlo Technologies Inc. Common Stock,Diversified Commercial Services,85,13.020000457763672,-33.024690843225656,40,99,D-
ARM,Arm Holdings plc American Depositary Shares,Semiconductors,29,306.3399963378906,-30.291721136301685,95,82,B+
ARMK,Aramark Common Stock,Restaurants,94,54.31999969482422,-12.76173021120739,80,96,C
ARMP,Armata Pharmaceuticals Inc. Common Stock,Biotechnology: Biological Products (No Diagnostic Substances),74,3.619999885559082,-75.54054162901103,15,35,B+
AROC,Archrock Inc. Common Stock,Natural Gas Distribution,31,30.68000030517578,-26.383199806826994,45,74,D-
AROW,Arrow Financial Corporation Common Stock,Major Banks,20,37.33000183105469,-11.482574140013835,69,76,C-
ARQ,Arq Inc. Common Stock,Major Chemicals,71,2.009999990463257,-72.83783831676485,17,53,C
ARQQ,Arqit Quantum Inc. Ordinary Shares,Computer Software: Prepackaged Software,60,23.1200008392334,-60.32263487625736,46,,B-
ARQT,Arcutis Biotherapeutics Inc. Common Stock,Biotechnology: Pharmaceutical Preparations,81,26.270000457763672,-15.801282643017823,67,66,D-
ARR,ARMOUR Residential REIT Inc.,Real Estate Investment Trusts,60,14.109999656677246,-17.36100134151326,43,34,E+
ARRY,Array Technologies Inc. Common Stock,Semiconductors,29,3.930000066757202,-67.14046777406115,9,46,E
ARTL,Artelo Biosciences Inc. Common Stock,Biotechnology: Pharmaceutical Preparations,81,5.170000076293945,-96.72681217082386,3,7,A+
ARTNA,Artesian Resources Corporation Class A Common Stock,Water Supply,42,33.31999969482422,-9.185061482753854,60,71,D+
ARTV,Artiva Biotherapeutics Inc. Common Stock,Biotechnology: Biological Products (No Diagnostic Substances),74,7.489999771118164,-44.06273652671538,92,7,E
ARTW,Art's-Way Manufacturing Co. Inc. Common Stock,Industrial Machinery/Components,103,3.2799999713897705,-1.2048181523292234,87,79,A+
ARVN,Arvinas Inc. Common Stock,Biotechnology: Pharmaceutical Preparations,81,7.789999961853027,-43.67317422395528,32,66,D+
ARW,Arrow Electronics Inc. Common Stock,Electronic Components,2,227.3300018310547,-3.1937997451432,91,91,B-
ARWR,Arrowhead Pharmaceuticals Inc. Common Stock,Biotechnology: Pharmaceutical Preparations,81,66.06999969482422,-26.2529273406377,73,7,E
ARX,Accelerant Holdings Class A Common Shares,Specialty Insurers,66,19.739999771118164,-0.7042223116625057,89,53,A
ARXS,Arxis Inc. Class A Common Stock,Military/Government/Technical,94,51.29999923706055,-14.485751288994376,82,,B+
AS,Amer Sports Inc. Ordinary Shares,Apparel,121,26.770000457763672,-36.20114146363282,23,86,E
ASA,ASA  Gold and Precious Metals Limited,Precious Metals,25,56.68000030517578,-30.230755671222585,63,,C
ASAN,Asana Inc. Class A Common Stock,Computer Software: Prepackaged Software,60,9.15999984741211,-39.69716852894759,71,90,B-
ASB,Associated Banc-Corp Common Stock,Major Banks,20,29.06999969482422,-9.372949288269982,63,76,D
ASBP,Aspire-Lakewood Holdings Inc. Common Stock,Biotechnology: Pharmaceutical Preparations,81,8.699999809265137,-51.123594482233045,99,26,C
ASC,Ardmore Shipping Corporation Common Stock,Marine Transportation,5,17.829999923706055,-6.453303130643673,88,98,C+
ASH,Ashland Inc. Common Stock,Specialty Chemicals,130,69.0999984741211,-9.093459420407102,79,48,B-
ASIC,Ategrity Specialty Insurance Company Holdings Common Stock,Property-Casualty Insurers,42,26.540000915527344,-7.3970653983663315,84,92,C
ASIX,AdvanSix Inc. Common Stock,Major Chemicals,71,15.75,-38.78609065920217,27,21,E+
ASLE,AerSale Corporation Common Stock,Industrial Specialties,68,5.489999771118164,-34.87544991252894,25,39,D
ASM,Avino Silver & Gold Mines Ltd. Common Shares (Canada),Metal Mining,52,5.909999847412109,-47.41992911247027,58,98,D
ASMB,Assembly Biosciences Inc. Common Stock,Biotechnology: Pharmaceutical Preparations,81,23.65999984741211,-38.54545494178673,33,39,E
ASML,ASML Holding N.V. New York Registry Shares,Industrial Machinery/Components,103,1722.5,-13.305868690466871,86,87,C-
ASND,Ascendis Pharma A/S Ordinary Share,Biotechnology: Pharmaceutical Preparations,81,230.6999969482422,-16.768885545756884,55,53,E
ASO,Academy Sports and Outdoors Inc. Common Stock,Other Specialty Stores,130,48.130001068115234,-20.6452401324421,47,67,B+
ASPI,ASP Isotopes Inc. Common Stock,Major Chemicals,71,2.950000047683716,-79.00355866451116,8,7,E-
ASPN,Aspen Aerogels Inc. Common Stock,RETAIL: Building Materials,132,5.300000190734863,-39.90929281046317,78,7,B+
ASPS,Altisource Portfolio Solutions S.A. Common Stock,Other Consumer Services,124,5.369999885559082,-61.47776149781329,19,1,E
ASR,Grupo Aeroportuario del Sureste S.A. de C.V. Common Stock,Aerospace,120,238.3000030517578,-36.29562686925152,21,79,D-
ASRV,AmeriServ Financial Inc. Common Stock,Major Banks,20,4.670000076293945,-10.877857246596534,89,82,B+
ASST,Strive Inc. Class A Common Stock,Finance: Consumer Services,74,29.940000534057617,-50.265780474060406,97,26,A
ASTC,Astrotech Corporation (DE) Common Stock,Biotechnology: Laboratory Analytical Instruments,4,7.179999828338623,-85.58232944109092,93,7,A
ASTE,Astec Industries Inc. Common Stock,Construction/Ag Equipment/Trucks,31,40.59000015258789,-37.226097844557735,23,47,E+
ASTH,Astrana Health Inc. Common Stock,Professional Services,47,34.439998626708984,-30.857262242164264,71,91,D-
ASTI,Ascent Solar Technologies Inc. Common Stock,Semiconductors,29,2.869999885559082,-68.1818210653324,25,7,C+
ASTL,Algoma Steel Group Inc. Common Shares,Steel/Iron Ore,33,4.190000057220459,-27.75862207877645,52,1,B+
ASTS,AST SpaceMobile Inc. Class A Common Stock,Telecommunications Equipment,94,61.060001373291016,-54.12126902590704,32,7,C+
ASUR,Asure Software Inc Common Stock,EDP Services,116,7.909999847412109,-21.837945287930015,49,91,D+
ASX,ASE Technology Holding Co. Ltd. American Depositary Shares (each representing Two Common Shares),Semiconductors,29,43.5,-3.7610635713380858,98,92,B
ASYS,Amtech Systems Inc. Common Stock,Industrial Machinery/Components,103,15.399999618530273,-35.806587055200765,69,94,D-
ATAT,Atour Lifestyle Holdings Limited American Depositary Shares,Hotels/Resorts,87,32.349998474121094,-23.358314937394155,40,94,D+
ATCH,AtlasClear Holdings Inc. Common Stock,Finance: Consumer Services,74,0.19499999284744263,-76.36363688907677,30,37,C+
ATCX,Atlas Critical Minerals Corporation Common Stock,Precious Metals,25,3.1050000190734863,-74.87863992458874,12,,C+
ATEC,Alphatec Holdings Inc. Common Stock,Medical/Dental Instruments,81,9.920000076293945,-56.26102317983606,30,95,B+
ATEN,A10 Networks Inc. Common Stock,Computer Communications Equipment,23,25.989999771118164,-31.65301724483851,67,82,D-
ATER,Aterian Inc. Common Stock,Home Furnishings,33,0.675000011920929,-51.43884756347787,23,7,A+
ATEX,Anterix Inc. Common Stock,Telecommunications Equipment,94,81.33000183105469,-24.837114315622067,98,74,C-
ATGL,Alpha Technology Group Limited Class A Ordinary Shares,EDP Services,116,6.369999885559082,-79.1898080413468,6,,A+
ATHE,Alterity Therapeutics Limited American Depositary Shares,Biotechnology: Pharmaceutical Preparations,81,3.7699999809265137,-35.99320770144651,41,,E
ATHM,Autohome Inc. American Depositary Shares each representing four class A ordinary shares.,EDP Services,116,21.299999237060547,-24.777437597519658,62,48,C+
ATHR,Aether Holdings Inc. Common Stock,Computer Software: Prepackaged Software,60,3.5999999046325684,-44.61538608257587,40,26,B-
ATI,ATI Inc. Common Stock,Steel/Iron Ore,33,186.2100067138672,-19.660882002515613,90,99,D
ATII,Archimedes Tech SPAC Partners II Co. Ordinary Shares,,,10.6850004196167,-6.107202880800344,54,35,C+
ATIIU,Archimedes Tech SPAC Partners II Co. Unit,Blank Checks,47,11.300000190734863,-30.030956918603213,57,,E+
ATKR,Atkore Inc. Common Stock,Industrial Machinery/Components,103,94.54000091552734,-0.01057867361992093,89,50,A-
ATLC,Atlanticus Holdings Corporation Common Stock,Finance: Consumer Services,74,91.38999938964844,-18.248502870389906,78,98,D
ATLO,Ames National Corporation Common Stock,Major Banks,20,31.809999465942383,-3.0773925602476937,82,83,C
ATLX,Atlas Lithium Corporation Common Stock,Mining & Quarrying of Nonmetallic Minerals (No Fuels),94,2.6600000858306885,-64.29529994722148,15,7,E
ATMU,Atmus Filtration Technologies Inc. Common Stock,Auto Parts:O.E.M.,94,44.790000915527344,-31.531262027220887,30,79,D-
ATNI,ATN International Inc. Common Stock,Telecommunications Equipment,94,29.139999389648438,-9.249458624256956,85,35,B-
ATNM,Actinium Pharmaceuticals Inc. (Delaware) Common Stock,Biotechnology: Pharmaceutical Preparations,81,1.190000057220459,-29.585797814844415,55,66,A
ATO,Atmos Energy Corporation Common Stock,Oil/Gas Transmission,50,156.4199981689453,-17.70078372246494,39,71,D
ATOM,Atomera Incorporated Common Stock,Semiconductors,29,4.340000152587891,-64.16184743494283,54,7,E+
ATOS,Atossa Therapeutics Inc. Common Stock,Biotechnology: Pharmaceutical Preparations,81,2.049999952316284,-88.41807986467093,13,7,B
ATPC,Agape ATP Corporation Common Stock,Medical/Nursing Services,35,2.240000009536743,-96.75362317458442,11,38,A
ATR,AptarGroup Inc. Common Stock,Plastic Products,29,123.37999725341797,-14.695845740373937,49,65,C-
ATRA,Atara Biotherapeutics Inc. Common Stock,Biotechnology: Biological Products (No Diagnostic Substances),74,8.539999961853027,-52.79159817678981,37,7,C+
ATRC,AtriCure Inc. Common Stock,Medical/Dental Instruments,81,60.77000045776367,0.0,97,97,A-
ATRO,Astronics Corporation Common Stock,Military/Government/Technical,94,69.1500015258789,-26.00320622356144,84,87,C-
ATS,ATS Corporation Common Shares,Industrial Machinery/Components,103,18.889999389648438,-46.6082565874418,16,51,E+
ATTT,Atlas Trinity Tech Limited Ordinary Shares,Consumer Electronics/Appliances,64,2.9600000381469727,-64.69465529461587,49,,A+
ATXG,Addentax Group Corp. Common Stock,Professional Services,47,3.6500000953674316,-78.07807700304545,15,38,C
ATYR,aTyr Pharma Inc. Common Stock,Biotechnology: Biological Products (No Diagnostic Substances),74,0.33799999952316284,-68.1132058708554,9,7,E-
AU,AngloGold Ashanti PLC Ordinary Shares,Precious Metals,25,98.48999786376953,-20.47132267807377,81,97,B
AUB,Atlantic Union Bankshares Corporation Common Stock,Major Banks,20,38.52000045776367,-10.443010469643987,58,74,C-
AUBN,Auburn National Bancorporation Inc. Common Stock,Major Banks,20,27.190000534057617,-4.8845180929972365,64,44,B+
AUC,ATIF Holdings Limited Ordinary Shares,Professional Services,47,8.899999618530273,-15.559775609661642,83,,C
AUDC,AudioCodes Ltd. Common Stock,Telecommunications Equipment,94,10.529999732971191,0.0,77,51,B
AUGO,Aura Minerals Inc. Common Shares,Metal Mining,52,83.06999969482422,-22.382146430380324,93,97,B+
AUID,authID Inc. Common Stock,Computer Software: Prepackaged Software,60,0.41499999165534973,-87.68545977008242,5,17,E-
AUNA,Auna SA Class A Ordinary Shares,Medical/Nursing Services,35,5.090000152587891,-24.815359424989325,45,53,C+
AUPH,Aurinia Pharmaceuticals Inc Ordinary Shares,Biotechnology: Pharmaceutical Preparations,81,16.594999313354492,-10.875410497362136,63,88,B
AUR,Aurora Innovation Inc. Class A Common Stock,EDP Services,116,6.059999942779541,-27.85714026211059,73,7,D
AURA,Aura Biosciences Inc. Common Stock,Biotechnology: Biological Products (No Diagnostic Substances),74,6.150000095367432,-30.898872371153775,43,7,E
AURE,Aurelion Inc. Class A Ordinary Shares,Finance: Consumer Services,74,1.090000033378601,-90.683760246599,7,37,A
AUST,Austin Gold Corp. Common Shares,Precious Metals,25,1.090000033378601,-61.61971597462455,26,26,B+
AUTL,Autolus Therapeutics plc American Depositary Share,Biotechnology: Biological Products (No Diagnostic Substances),74,1.909999966621399,-24.803149791073984,83,7,A-
AUUD,Auddia Inc. Common Stock,EDP Services,116,1.2799999713897705,-92.69380577518118,9,7,A+
AVA,Avista Corporation Common Stock,Power Generation,99,35.04999923706055,-16.336578714337424,39,75,D-
AVAH,Aveanna Healthcare Holdings Inc. Common Stock,Medical/Nursing Services,35,12.380000114440918,-13.908205730760237,92,70,B+
AVAT,Avalanche Treasury Corporation Class A Common Stock,Finance: Consumer Services,74,1.7999999523162842,-83.05084772398259,57,,A+
AVAV,AeroVironment Inc. Common Stock,Aerospace,120,158.5500030517578,-61.31322542358657,31,77,B+
AVBC,Avidia Bancorp Inc. Common Stock,Banks,19,21.690000534057617,-3.98406202944257,76,57,B-
AVBH,Avidbank Holdings Inc. Common stock,Commercial Banks,13,31.40999984741211,-6.266781794410459,66,70,C+
AVBP,ArriVent BioPharma Inc. Common Stock,Biotechnology: Pharmaceutical Preparations,81,30.100000381469727,-13.356364631015904,79,7,B
AVD,American Vanguard Corporation Common Stock ($0.10 Par Value),Agricultural Chemicals,136,1.9299999475479126,-66.7814119353573,14,7,E
AVEX,AEVEX Corp. Class A Common Stock,Aerospace,120,16.68000030517578,-58.794465183301,26,,D
AVGO,Broadcom Inc. Common Stock,Semiconductors,29,350.3599853515625,-26.99846895503988,53,98,D
AVIR,Atea Pharmaceuticals Inc. Common Stock,Biotechnology: Pharmaceutical Preparations,81,5.170000076293945,-15.934959412629668,87,7,C+
AVLN,Avalyn Pharma Inc. Common Stock,Biotechnology: Pharmaceutical Preparations,81,28.549999237060547,-27.26114844061007,47,,D-
AVNT,Avient Corporation Common Stock,Major Chemicals,71,40.779998779296875,-11.414356363443511,76,70,B
AVNW,Aviat Networks Inc. Common Stock,Radio And Television Broadcasting And Communications Equipment,71,19.950000762939453,-25.392666665287635,37,37,B-
AVO,Mission Produce Inc. Common Stock,Farming/Seeds/Milling,116,12.960000038146973,-15.514994072796062,61,41,B
AVPT,AvePoint Inc. Class A Common Stock,Computer Software: Prepackaged Software,60,13.15999984741211,-14.26710410184322,72,78,B
AVR,Anteris Technologies Global Corp. Common Stock,Industrial Specialties,68,7.650000095367432,-27.62535178583415,77,17,E+
AVT,Avnet Inc. Common Stock,Electronic Components,2,100.91000366210938,-0.23726926361749,93,93,B+
AVTR,Avantor Inc. Common Stock,Biotechnology: Laboratory Analytical Instruments,4,15.380000114440918,-3.0264788942428678,92,54,A-
AVTX,Avalo Therapeutics Inc. Common Stock,Biotechnology: Pharmaceutical Preparations,81,15.720000267028809,-31.26366554363562,55,7,D-
AVX,Avax One Technology Ltd. Common Shares,Finance: Consumer Services,74,5.449999809265137,-89.28852261231482,13,17,A+
AVXL,Anavex Life Sciences Corp. Common Stock,Biotechnology: Biological Products (No Diagnostic Substances),74,2.3399999141693115,-76.50602504812177,20,7,C+
AVY,Avery Dennison Corporation Common Stock,Containers/Packaging,93,169.00999450683594,-12.925106909325434,54,78,D-
AWI,Armstrong World Industries Inc Common Stock,Plastic Products,29,162.1300048828125,-19.79469934878473,41,77,B
AWK,American Water Works Company Inc. Common Stock,Water Supply,42,131.52999877929688,-7.090501705578223,53,62,C
AWR,American States Water Company Common Stock,Water Supply,42,82.5,-9.44017411434327,68,76,C-
AWRE,Aware Inc. Common Stock,Computer Software: Prepackaged Software,60,1.1299999952316284,-57.03422258322439,18,7,D
AWX,Avalon Holdings Corporation Common Stock,Environmental Services,81,2.549999952316284,-49.504953346443045,52,72,A
AX,Axos Financial Inc. Common Stock,Savings Institutions,13,88.58000183105469,-15.718360497535254,48,88,D
AXG,Solowin Holdings Class A Ordinary Share,Investment Bankers/Brokers/Service,56,1.2999999523162842,-72.28145124828139,6,,E-
AXGN,Axogen Inc. Common Stock,Biotechnology: Electromedical & Electrotherapeutic Apparatus,58,43.31999969482422,-16.257490666601583,89,81,D-
AXIL,AXIL Brands Inc. Common Stock,Package Goods/Cosmetics,47,6.190000057220459,-28.76869555674445,42,50,A-
AXON,Axon Enterprise Inc. Common Stock,Ordnance And Accessories,18,445.0,-41.40419275131172,31,75,E+
AXP,American Express Company Common Stock,Finance: Consumer Services,74,305.6600036621094,-19.938509464823074,37,82,D-
AXR,AMREP Corporation Common Stock,Homebuilding,90,22.6299991607666,-20.288835338904754,40,71,D-
AXS,Axis Capital Holdings Limited Common Stock,Property-Casualty Insurers,42,94.72000122070312,-20.583546670025388,40,81,D-
AXSM,Axsome Therapeutics Inc. Common Stock,Biotechnology: Pharmaceutical Preparations,81,196.02999877929688,-23.17670565271254,74,7,D+
AXTA,Axalta Coating Systems Ltd. Common Shares,Paints/Coatings,68,32.2599983215332,-15.527626390194504,57,71,D
AXTI,AXT Inc Common Stock,Semiconductors,29,75.9000015258789,-46.10523287720213,99,42,A-
AYA,Aya Gold & Silver Inc. Common Shares,Precious Metals,25,27.940000534057617,-8.031595438159368,97,97,B
AYI,Acuity Inc. Common Stock,Building Products,105,309.45001220703125,-17.795355383076316,38,79,C
AYTU,Aytu BioPharma Inc.  Common Stock,Biotechnology: Pharmaceutical Preparations,81,2.309999942779541,-20.344832178811956,44,7,A
AZ,A2Z Cust2Mate Solutions Corp. Common Shares,Industrial Machinery/Components,103,5.679999828338623,-33.9534932977768,39,7,B-
AZI,Autozi Internet Technology (Global) Ltd. Class A Ordinary Shares,Automotive Aftermarket,135,1.2100000381469727,-98.91964282308307,5,,A+
AZIO,Azio AI Holdings Inc. Common Stock,Auto Parts:O.E.M.,94,1.2949999570846558,-64.80978441324314,71,26,A
AZN,AstraZeneca PLC Ordinary Shares,Biotechnology: Pharmaceutical Preparations,81,164.55999755859375,-21.119738562856384,41,85,D
AZO,AutoZone Inc. Common Stock,Auto & Home Supply Stores,106,2861.75,-33.29627611361725,31,72,C
AZTA,Azenta Inc.,Industrial Machinery/Components,103,34.20000076293945,-16.605700651828638,85,33,B-
AZTR,Azitra Inc Common Stock,Biotechnology: Pharmaceutical Preparations,81,0.16699999570846558,-78.9141418417459,17,1,A
AZUL,Azul S.A. American Depositary Shares each representing two (2) Common Shares,Air Freight/Delivery Services,74,6.170000076293945,-37.23295906224418,16,35,E
AZZ,AZZ Inc.,Industrial Specialties,68,137.97999572753906,-13.709810630556818,62,82,D
B,Barrick Mining Corporation Common Shares,Precious Metals,25,42.31999969482422,-18.798030968627266,70,96,C+
BA,Boeing Company (The) Common Stock,Aerospace,120,196.8000030517578,-21.951216412660113,39,39,D-
BABA,Alibaba Group Holding Limited American Depositary Shares each representing eight Ordinary share,Business Services,66,110.62999725341797,-41.034106904198666,39,40,C-
BAC,Bank of America Corporation Common Stock,Major Banks,20,56.029998779296875,-13.106202276358891,60,81,E+
BAER,Bridger Aerospace Group Holdings Inc. Common Stock,Aerospace,120,0.8299999833106995,-74.61773736538282,9,7,E-
BAFN,BayFirst Financial Corp. Common Stock,Major Banks,20,7.119999885559082,-31.93116769031661,78,17,A
BAH,Booz Allen Hamilton Holding Corporation Common Stock,Professional Services,47,73.81999969482422,-26.943517245003545,54,85,B
BAK,Braskem SA ADR,Major Chemicals,71,1.5199999809265137,-69.72111580275393,10,35,E
BALL,Ball Corporation Common Stock,Containers/Packaging,93,56.65999984741211,-15.555341913482012,54,81,D-
BALY,Bally's Corporation Common Stock,Hotels/Resorts,87,14.050000190734863,-27.800612272661873,59,7,B
BAM,Brookfield Asset Management Inc Class A Limited Voting Shares,Building operators,57,44.58000183105469,-21.59937968515855,41,82,D
BANC,Banc of California Inc. Common Stock,Major Banks,20,17.729999542236328,-18.25007670959502,43,50,D
BAND,Bandwidth Inc. Class A Common Stock,Computer Software: Prepackaged Software,60,61.83000183105469,-21.175420822760728,99,68,A-
BANF,BancFirst Corporation Common Stock,Major Banks,20,107.3499984741211,-16.628642517737457,43,81,C-
BANL,CBL International Limited Class B Ordinary Shares,Oil Refining/Marketing,107,5.28000020980835,-67.20496841797991,29,,A
BANR,Banner Corporation Common Stock,Major Banks,20,68.79000091552734,-7.053102378101073,63,79,C
BAOS,Baosheng Media Group Holdings Limited Ordinary shares,Business Services,66,0.27799999713897705,-94.27983560696022,2,,A+
BAP,Credicorp Ltd. Common Stock,Commercial Banks,13,383.010009765625,-4.787824042074462,79,88,C+
BARK,BARK Inc. Class A Common Stock,Other Specialty Stores,130,8.100000381469727,-56.914889839451966,19,31,D-
BATL,Battalion Oil Corporation Common Stock,Oil & Gas Production,13,1.1200000047683716,-95.95375725281713,23,63,D-
BATRA,Atlanta Braves Holdings Inc. Series A Common Stock,Services-Misc. Amusement & Recreation,99,58.849998474121094,0.0,78,17,B-
BATRK,Atlanta Braves Holdings Inc. Series C Common Stock,Services-Misc. Amusement & Recreation,99,54.060001373291016,0.0,79,7,B
BAX,Baxter International Inc. Common Stock,Medical/Dental Instruments,81,23.479999542236328,-17.146181411515393,75,50,B-
BB,BlackBerry Limited Common Stock,Computer Software: Prepackaged Software,60,8.729999542236328,-31.850122901888657,95,77,B+
BBAI,BigBear.ai Inc. Common Stock,Computer Software: Prepackaged Software,60,2.799999952316284,-68.5746352382987,14,7,C-
BBAR,Banco BBVA Argentina S.A. ADS,Commercial Banks,13,13.489999771118164,-37.906545758184386,35,69,E+
BBCP,Concrete Pumping Holdings Inc. Common Stock,Engineering & Construction,71,9.600000381469727,-19.260917525557385,73,74,B+
BBD,Banco Bradesco Sa American Depositary Shares,Major Banks,20,3.380000114440918,-17.684353571175993,57,82,C
BBDC,Barings BDC Inc. Common Stock,Diversified Financial Services,38,8.619999885559082,-6.159572409348158,65,69,B-
BBDO,Banco Bradesco Sa American Depositary Shares (each representing one Common Share),Major Banks,20,3.0799999237060547,-15.669979278577506,63,54,C-
BBGI,Beasley Broadcast Group Inc. Class A Common Stock,Broadcasting,68,16.040000915527344,-39.4945274347744,98,36,D-
BBIO,BridgeBio Pharma Inc. Common Stock,Biotechnology: Pharmaceutical Preparations,81,66.27999877929688,-26.494399328796025,51,7,C-
BBLG,Bone Biologics Corp Common Stock,Industrial Specialties,68,0.4909999966621399,-82.40143357077203,5,1,E-
BBN,BlackRock Taxable Municipal Bond Trust Common Shares of Beneficial Interest,Finance Companies,64,14.470000267028809,-11.30242242576488,41,,E+
BBNX,Beta Bionics Inc. Common Stock,Medical/Dental Instruments,81,21.760000228881836,-31.97874215514179,83,26,A
BBOT,BridgeBio Oncology Therapeutics Inc. Common Stock,Biotechnology: Pharmaceutical Preparations,81,3.990000009536743,-70.93954739573971,7,17,E-
BBSI,Barrett Business Services Inc. Common Stock,Professional Services,47,31.600000381469727,-29.05015561643517,37,36,D-
BBT,Beacon Financial Corporation Common stock,Banks,19,28.0,-14.136769469695087,53,82,E
BBUC,Brookfield Business Corporation Class A Subordinate Voting Shares,Engineering & Construction,71,25.06999969482422,-32.97666831948629,21,75,E+
BBVA,Banco Bilbao Vizcaya Argentaria S.A. Common Stock,Commercial Banks,13,28.469999313354492,-3.9473687597394447,85,76,B-
BBW,Build-A-Bear Workshop Inc. Common Stock,Recreational Games/Products/Toys,81,25.100000381469727,-64.65401319871398,13,57,E-
BBWI,Bath & Body Works Inc.,Other Specialty Stores,130,16.799999237060547,-35.197076406054784,27,53,D-
BBY,Best Buy Co. Inc. Common Stock,Consumer Electronics/Video Chains,124,91.0,-4.028685622356876,86,57,B-
BC,Brunswick Corporation Common Stock,Industrial Machinery/Components,103,66.16000366210938,-24.646798868588505,34,62,E+
BCAL,California BanCorp Common Stock,Major Banks,20,21.59000015258789,-1.722486210438301,74,58,C+
BCAT,BlackRock Capital Allocation Term Trust Common Shares of Beneficial Interest,Finance/Investors Services,40,13.699999809265137,-13.302967978838076,58,,E-
BCAX,Bicara Therapeutics Inc. Common Stock,Biotechnology: Pharmaceutical Preparations,81,19.780000686645508,-34.93420745114537,68,7,E
BCBP,BCB Bancorp Inc. (NJ) Common Stock,Savings Institutions,13,8.75,-23.71403839324755,46,35,A-
BCC,Boise Cascade L.L.C. Common Stock,RETAIL: Building Materials,132,76.0999984741211,-15.662659057637773,50,43,B
BCDA,BioCardia Inc. Common Stock,Biotechnology: Biological Products (No Diagnostic Substances),74,1.0700000524520874,-31.410250532086103,35,7,D+
BCE,BCE Inc. Common Stock,Telecommunications Equipment,94,21.299999237060547,-16.278335060020723,41,60,D
BCG,Binah Capital Group Inc. Common Stock,Finance: Consumer Services,74,1.1649999618530273,-62.540192889069814,15,33,A-
BCH,Banco De Chile ADS,Commercial Banks,13,41.5,-5.03484885676685,75,79,C+
BCHT,Birchtech Corp. Common Stock,Industrial Machinery/Components,103,1.6200000047683716,-65.89473674171849,15,7,A-
BCIC,BCP Investment Corporation Common Stock,Finance: Consumer Services,74,7.0,-40.96853009063784,34,53,D
BCML,BayCom Corp Common Stock,Major Banks,20,30.209999084472656,-12.289350326925364,53,40,C
BCO,Brinks Company (The) Common Stock,Integrated Freight & Logistics,138,105.8499984741211,-21.571761931303634,55,78,C
BCPC,Balchem Corporation Common Stock,Major Chemicals,71,167.83999633789062,-8.414274053888027,58,84,C+
BCRX,BioCryst Pharmaceuticals Inc. Common Stock,Biotechnology: Biological Products (No Diagnostic Substances),74,8.520000457763672,-23.312324743025105,46,94,E+
BCS,Barclays PLC Common Stock,Commercial Banks,13,24.43000030517578,-13.500011818455027,58,72,D-
BCSF,Bain Capital Specialty Finance Inc. Common Stock,Finance/Investors Services,40,11.119999885559082,-15.672749810519493,41,69,D
BCSS,Bain Capital GSS Investment Corp. Class A Ordinary Shares,,,10.289999961853027,-0.48356083169253106,54,,C+
BCTX,BriaCell Therapeutics Corp. Common Shares,Biotechnology: Pharmaceutical Preparations,81,4.28000020980835,-68.96301507144294,46,35,E-
BCX,BlackRock Resources Common Shares of Beneficial Interest,Finance/Investors Services,40,12.069999694824219,-9.08692436277474,73,,C+
BCYC,Bicycle Therapeutics plc American Depositary Shares,Biotechnology: Pharmaceutical Preparations,81,3.7300000190734863,-57.94813903948115,20,7,E+
BDC,Belden Inc Common Stock,Telecommunications Equipment,94,110.80000305175781,-26.483935560410245,37,85,D+
BDCI,BTC Development Corp. Class A Ordinary Shares,Blank Checks,47,10.154999732971191,-0.4411772268178793,54,99,C
BDJ,Blackrock Enhanced Equity Dividend Trust,Finance Companies,64,9.609999656677246,-2.407292247053061,67,,C
BDL,Flanigan's Enterprises Inc. Common Stock,Restaurants,94,44.41999816894531,-14.197415923947743,85,57,B+
BDMD,Baird Medical Investment Holdings Ltd Ordinary Share,Medical/Dental Instruments,81,0.7799999713897705,-77.32558260420451,11,,E
BDN,Brandywine Realty Trust Common Stock,Real Estate Investment Trusts,60,2.890000104904175,-28.612012083533134,44,7,C-
BDRX,Biodexa Pharmaceuticals plc American Depositary Shs,Biotechnology: Pharmaceutical Preparations,81,0.675000011920929,-98.761467868035,2,,A+
BDSX,Biodesix Inc. Common Stock,Medical Specialities,10,29.399999618530273,-3.921571071829566,98,7,A-
BDTX,Black Diamond Therapeutics Inc. Common Stock,Biotechnology: Biological Products (No Diagnostic Substances),74,1.8899999856948853,-61.19096447416218,34,7,C+
BDX,Becton Dickinson and Company Common Stock,Medical/Dental Instruments,81,179.22999572753906,-6.100545816767788,77,57,B
BE,Bloom Energy Corporation Class A Common Stock,Industrial Machinery/Components,103,266.6499938964844,-22.900104325378003,97,96,D+
BEAM,Beam Therapeutics Inc. Common Stock,Biotechnology: Biological Products (No Diagnostic Substances),74,24.65999984741211,-34.9683516925708,35,7,E+
BEAT,Heartbeam Inc. Common Stock,Medical/Dental Instruments,81,0.3790000081062317,-88.98255808715115,6,7,E
BEBE,TGE Value Creative Solutions Corp Class A Ordinary Shares,Diversified Commercial Services,85,10.039999961853027,-0.0995047631049295,53,7,C+
BEEM,Beam Global Common Stock,Industrial Machinery/Components,103,1.2100000381469727,-68.81443292634218,25,7,A+
BEEP,Mobile Infrastructure Corporation Common Stock,Real Estate,74,2.859999895095825,-23.32439998736957,88,26,B+
BEKE,KE Holdings Inc American Depositary Shares (each representing three Class A Ordinary Shares),Real Estate,74,16.690000534057617,-15.888827957573215,64,74,B
BELFA,Bel Fuse Inc. Class A Common Stock,Electrical Products,12,203.14999389648438,-30.226316263349418,67,95,C
BELFB,Bel Fuse Inc. Class B Common Stock,Electrical Products,12,250.9600067138672,-24.626805205823,76,95,C
BEN,Franklin Templeton Inc. Common Stock,Investment Managers,55,32.54999923706055,-9.0019602446056,81,83,C
BENF,Beneficient Class A Common Stock,Finance: Consumer Services,74,1.4500000476837158,-87.8355701476259,6,63,A+
BEPC,Brookfield Renewable Corporation Brookfield Renewable Corporation Class A Subordinate Voting Shares,Electric Utilities: Central,87,28.3799991607666,-33.991710065039,24,7,E+
BESS,Bimergen Energy Corporation Common Stock,Electric Utilities: Central,87,2.5999999046325684,-80.74074144716616,12,38,E+
BETA,Beta Technologies Inc. Class A Common Stock,Aerospace,120,23.149999618530273,-37.09239103674663,73,17,D+
BETR,Better Home & Finance Holding Company Class A Common Stock,Finance: Consumer Services,74,10.84000015258789,-87.40559987100855,5,17,E-
BF-A,Brown Forman Corporation,,,26.399999618530273,-12.238189453671877,52,49,D+
BF-B,Brown Forman Corporation,,,26.0,-13.55597479889531,51,49,C-
BFAM,Bright Horizons Family Solutions Inc. Common Stock,Other Consumer Services,124,66.33999633789062,-39.265774696435955,27,80,D+
BFC,Bank First Corporation Common Stock,Major Banks,20,152.1300048828125,-3.5869176722517326,71,84,C
BFH,Bread Financial Holdings Inc. Common Stock,Business Services,66,101.55999755859375,-10.245688254935493,83,61,D
BFLY,Butterfly Network Inc. Class A Common Stock,Medical Electronics,99,9.40999984741211,-5.236661045142499,98,7,A-
BFRG,Bullfrog AI Holdings Inc. Common Stock,Biotechnology: Pharmaceutical Preparations,81,0.7649999856948853,-54.46428514408821,58,26,A+
BFRI,Biofrontera Inc. Common Stock,Biotechnology: Pharmaceutical Preparations,81,1.2000000476837158,-25.465836209843594,88,7,E-
BFS,Saul Centers Inc. Common Stock,Real Estate Investment Trusts,60,29.850000381469727,-19.89473705762308,39,50,D-
BFST,Business First Bancshares Inc. Common Stock,Major Banks,20,30.6299991607666,-4.668528543032469,70,73,C
BG,Bunge Limited Common Shares,Packaged Foods,113,110.20999908447266,-15.603914408822028,69,68,D-
BGC,BGC Group Inc. Class A Common Stock,Investment Bankers/Brokers/Service,56,12.170000076293945,-3.620333369057005,77,92,B-
BGDE,Big Digital Energy Inc. Common Stock,Finance: Consumer Services,74,6.239999771118164,-81.42857126638191,78,35,B-
BGIN,Bgin Blockchain Limited Class A Ordinary Shares,Finance: Consumer Services,74,1.8600000143051147,-62.5,24,,A+
BGL,Blue Gold Limited Class A Ordinary Shares,Metal Mining,52,0.210999995470047,-98.17474058987065,5,,C-
BGLC,BioNexus Gene Lab Corp Common stock,Medical Specialities,10,1.4800000190734863,-75.3333330154419,10,26,A-
BGM,BGM Group Ltd. Class A Ordinary Shares,Biotechnology: Pharmaceutical Preparations,81,0.24899999797344208,-97.70083102744627,7,,C+
BGMS,Bio Green Med Solution Inc. Common Stock,Biotechnology: Pharmaceutical Preparations,81,0.949999988079071,-84.03361313390694,49,7,A+
BGS,B&G Foods Inc. Common Stock,Packaged Foods,113,3.0199999809265137,-45.29666462826878,20,52,E+
BGSF,BGSF Inc. Common Stock,Professional Services,47,5.0,-24.012157173645544,39,7,E
BGSI,Boyd Group Services Inc. Common Shares,,,79.18000030517578,-56.46705532896685,14,83,D-
BH,Biglari Holdings Inc. Class B Common Stock,Restaurants,94,348.6099853515625,-26.903888380355035,53,32,C
BHB,Bar Harbor Bankshares Inc. Common Stock,Major Banks,20,39.72999954223633,-2.884381103830358,77,91,B-
BHC,Bausch Health Companies Inc. Common Stock,Biotechnology: Pharmaceutical Preparations,81,5.650000095367432,-28.481012314410002,48,75,B+
BHE,Benchmark Electronics Inc. Common Stock,Electrical Products,12,82.1500015258789,-16.742674520760037,89,90,B
BHF,Brighthouse Financial Inc. Common Stock,Life Insurance,17,53.459999084472656,-19.741782623306747,34,83,C-
BHK,Blackrock Core Bond Trust,Finance Companies,64,8.369999885559082,-8.782596422552235,43,,D+
BHM,Bluerock Homes Trust Inc. Class A Common Stock,Real Estate Investment Trusts,60,8.130999565124512,-31.81148843566577,29,26,C+
BHP,BHP Group Limited American Depositary Shares (Each representing two Ordinary Shares),Coal Mining,74,85.08999633789062,-11.898959439327806,85,,C-
BHR,Braemar Hotels & Resorts Inc. Common Stock,Real Estate Investment Trusts,60,1.7100000381469727,-45.54140187841944,21,35,D-
BHRB,Burke & Herbert Financial Services Corp. Common Stock,Major Banks,20,69.33999633789062,-6.397454258656232,65,70,C
BHST,BioHarvest Sciences Inc. Common Stock,,,1.4500000476837158,-88.5375486845099,5,7,E
BHV,BlackRock Virginia Municipal Bond Trust,Finance/Investors Services,40,12.660099983215332,-3.4095468213230284,74,,B+
BHVN,Biohaven Ltd. Common Shares,Biotechnology: Pharmaceutical Preparations,81,13.1899995803833,-27.167315649652824,64,7,B-
BIAF,bioAffinity Technologies Inc. Common Stock,Biotechnology: Commercial Physical & Biological Resarch,7,7.829999923706055,-90.13232504817287,6,26,A+
BIDU,Baidu Inc. ADS,Computer Software: Programming Data Processing,90,88.08000183105469,-45.803593701984745,24,48,E-
BIIB,Biogen Inc. Common Stock,Biotechnology: Biological Products (No Diagnostic Substances),74,226.36000061035156,-0.514217103336867,83,52,B-
BIII,Black Spade Acquisition III Co Class A Ordinary Shares,Blank Checks,47,10.050000190734863,-0.19860481326166024,53,,B
BILI,Bilibili Inc. American Depositary Shares,EDP Services,116,14.8100004196167,-58.7694844805958,19,81,D
BILL,BILL Holdings Inc. Common Stock,Computer Software: Prepackaged Software,60,44.970001220703125,-20.138518692998442,68,99,B
BIO,Bio-Rad Laboratories Inc. Class A Common Stock,Biotechnology: Laboratory Analytical Instruments,4,387.5400085449219,-0.7173202385709398,86,53,B+
BIO-B,Bio-Rad Laboratories Inc.,,,365.0799865722656,0.0,82,59,A
BIOA,BioAge Labs Inc. Common Stock,Biotechnology: Pharmaceutical Preparations,81,7.210000038146973,-71.27490068299038,13,7,E
BIOX,Bioceres Crop Solutions Corp. Ordinary Shares,Agricultural Chemicals,136,0.3709999918937683,-81.72413807278156,20,1,A
BIPC,Brookfield Infrastructure Corporation Brookfield Infrastructure Corporation,Marine Transportation,5,34.529998779296875,-30.102627956765062,34,17,D-
BIRD,Smartbird Inc. Class A Common Stock,Apparel,121,2.380000114440918,-83.98131709631265,14,7,A
BIRK,Birkenstock Holding plc Ordinary Shares,Shoe Manufacturing,50,31.790000915527344,-35.0827034448032,21,72,E+
BIVI,BioVie Inc. Class A Common Stock,Biotechnology: Pharmaceutical Preparations,81,1.6100000143051147,-29.385963398774006,54,7,A+
BIYA,Baiya International Group Inc Class A Ordinary Shares,Diversified Commercial Services,85,2.065000057220459,-98.68051114554603,3,,A
BJ,BJ's Wholesale Club Holdings Inc. Common Stock,Department/Specialty Retail Stores,40,91.83999633789062,-10.644096683536752,52,75,B-
BJDX,Bluejay Diagnostics Inc. Common Stock,Medical/Dental Instruments,81,0.949999988079071,-93.2142857994352,4,26,A+
BJRI,BJ's Restaurants Inc. Common Stock,Restaurants,94,61.959999084472656,-16.563429434318323,91,58,C
BKD,Brookdale Senior Living Inc. Common Stock,Hospital/Nursing Management,25,11.069999694824219,-33.98927016904545,39,7,E+
BKE,Buckle Inc. (The) Common Stock,Clothing/Shoe/Accessory Stores,116,41.540000915527344,-25.906422196130563,33,62,C-
BKH,Black Hills Corporation Common Stock,Electric Utilities: Central,87,69.93000030517578,-7.235401176364742,59,60,C-
BKKT,Bakkt Inc. Class A Common Stock,Finance: Consumer Services,74,9.079999923706055,-79.84014267509536,45,35,A-
BKNG,Booking Holdings Inc. Common Stock,Transportation Services,110,157.41000366210938,-28.775681711103296,29,80,E
BKR,Baker Hughes Company Class A Common Stock,Oil and Gas Field Machinery,9,57.290000915527344,-17.19098340624915,65,85,C-
BKSY,BlackSky Technology Inc. Class A Common Stock,Radio And Television Broadcasting And Communications Equipment,71,23.170000076293945,-55.122991290033355,47,7,C+
BKT,BlackRock Income Trust Inc. (The),Investment Bankers/Brokers/Service,56,9.550000190734863,-9.243817887681994,41,,D
BKTI,BK Technologies Corporation Common Stock,Radio And Television Broadcasting And Communications Equipment,71,74.87000274658203,-22.774620832064397,42,71,C+
BKU,BankUnited Inc. Common Stock,Savings Institutions,13,43.38999938964844,-13.619217094823,46,59,D-
BKV,BKV Corporation Common Stock,Oil & Gas Production,13,23.079999923706055,-28.233830742498323,35,57,D
BKYI,BIO-key International Inc. Common Stock,Computer Software: Prepackaged Software,60,2.0399999618530273,-80.19417549440374,6,7,E-
BL,BlackLine Inc. Common Stock,Computer Software: Prepackaged Software,60,27.889999389648438,-52.59221736939315,23,88,C
BLBD,Blue Bird Corporation Common Stock,Construction/Ag Equipment/Trucks,31,55.58000183105469,-31.80367873490222,33,82,E+
BLCO,Bausch + Lomb Corporation Common Shares,Ophthalmic Goods,128,16.799999237060547,-9.677425309100707,61,70,C+
BLDP,Ballard Power Systems Inc. Common Shares,Industrial Machinery/Components,103,2.130000114440918,-66.61441886780327,18,7,E+
BLDR,Builders FirstSource Inc. Common Stock,RETAIL: Building Materials,132,58.279998779296875,-55.01003412084033,13,43,D-
BLFS,BioLife Solutions Inc. Common Stock,Biotechnology: Electromedical & Electrotherapeutic Apparatus,58,38.58000183105469,0.0,93,80,A-
BLIN,Bridgeline Digital Inc. Common Stock,Computer Software: Prepackaged Software,60,0.8500000238418579,-45.85987290164133,28,35,C
BLIV,BeLive Holdings Ordinary Share,EDP Services,116,2.315000057220459,-41.39240432217267,33,,A
BLK,BlackRock Inc. Common Stock,Investment Bankers/Brokers/Service,56,1073.449951171875,-8.83092695776513,62,92,C+
BLKB,Blackbaud Inc. Common Stock,Computer Software: Prepackaged Software,60,43.27000045776367,-36.32082060176894,71,82,B+
BLLN,BillionToOne Inc. Class A Common Stock,Medical Specialities,10,124.9000015258789,-16.716676329107973,82,99,B+
BLMN,Bloomin' Brands Inc. Common Stock,Restaurants,94,8.119999885559082,-31.476796420558607,71,49,D
BLND,Blend Labs Inc. Class A Common Stock,Computer Software: Programming Data Processing,90,1.0700000524520874,-71.84210352950477,10,90,E-
BLNE,Beeline Holdings Inc. Common Stock,Finance: Consumer Services,74,0.9599999785423279,-77.93103449220843,11,1,C+
BLNK,Blink Charging Co. Common Stock,Industrial Machinery/Components,103,0.5590000152587891,-77.63999938964844,22,7,B
BLRX,BioLineRx Ltd. American Depositary Shares,Biotechnology: Pharmaceutical Preparations,81,2.5199999809265137,-43.243244404278435,30,1,A-
BLSH,Bullish Ordinary Shares,Finance: Consumer Services,74,39.689998626708984,-42.30266303463572,80,63,A
BLTE,Belite Bio Inc American Depositary Shares,Biotechnology: Pharmaceutical Preparations,81,169.44000244140625,-12.483858319689013,88,7,B+
BLW,Blackrock Limited Duration Income Trust,Other Consumer Services,124,11.609999656677246,-10.509389960396586,43,,D
BLX,Bladex Inc. Class E Common Stock,Commercial Banks,13,54.65999984741211,-11.885025653583249,65,46,C-
BLZE,Backblaze Inc. Class A Common Stock,Computer Software: Prepackaged Software,60,13.505000114440918,-33.89623146006742,97,96,B-
BMA,Banco Macro S.A.  ADR (representing Ten Class B Common Shares),Commercial Banks,13,71.0,-29.79186094821492,50,80,E+
BMBL,Bumble Inc. Class A Common Stock,Computer Software: Programming Data Processing,90,2.680000066757202,-59.39393779572484,22,66,C-
BMEA,Biomea Fusion Inc. Common Stock,Biotechnology: Pharmaceutical Preparations,81,1.4900000095367432,-44.19475779173325,68,7,D
BMGL,Basel Medical Group Ltd Ordinary Shares,Medical/Nursing Services,35,3.799999952316284,-82.60073294062678,8,,A+
BMHL,Bluemount Holdings Limited Class B Ordinary Shares,Finance: Consumer Services,74,5.110000133514404,-17.045450323165557,75,,E-
BMI,Badger Meter Inc. Common Stock,Industrial Machinery/Components,103,130.60000610351562,-29.682018860890047,29,68,C+
BMM,Blue Moon Metals Inc. Common Shares,,,5.21999979019165,-38.297875098650614,56,26,B+
BMNR,BitMine Immersion Technologies Inc. Common Stock,Finance: Consumer Services,74,28.030000686645508,-55.649742833693004,89,44,A
BMO,Bank Of Montreal Common Stock,Commercial Banks,13,171.05999755859375,-7.938216561974121,76,83,D+
BMR,Beamr Imaging Ltd. Ordinary Share,Computer Software: Prepackaged Software,60,1.2999999523162842,-58.860762120057174,23,,B+
BMRA,Biomerica Inc. Common Stock,Biotechnology: In Vitro & In Vivo Diagnostic Substances,110,2.4600000381469727,-23.124999953433868,75,1,A+
BMRC,Bank of Marin Bancorp Common Stock,Major Banks,20,27.780000686645508,-7.523449588076225,67,76,C+
BMRN,BioMarin Pharmaceutical Inc. Common Stock,Biotechnology: Pharmaceutical Preparations,81,61.349998474121094,-12.656605438528901,65,49,B-
BMY,Bristol-Myers Squibb Company Common Stock,Biotechnology: Pharmaceutical Preparations,81,61.5,-9.678362009579711,76,48,C
BN,Brookfield Corporation Class A Limited Voting Shares,Building operators,57,36.630001068115234,-25.116997684728293,30,34,E+
BNAI,Brand Engagement Network Inc. Common Stock,EDP Services,116,6.485000133514404,-89.70634899442157,90,1,E-
BNC,CEA Industries Inc. Common Stock,Farming/Seeds/Milling,116,6.260000228881836,-44.9428294468798,93,,A+
BNED,Barnes & Noble Education Inc Common Stock,Other Specialty Stores,130,11.130000114440918,-18.482539682539677,64,53,E
BNGO,Bionano Genomics Inc. Common Stock,Biotechnology: Laboratory Analytical Instruments,4,1.690000057220459,-20.657278571834723,85,7,A+
BNKK,Bonk Inc. Common Stock,Package Goods/Cosmetics,47,1.4199999570846558,-90.4312672339358,13,26,A-
BNL,Broadstone Net Lease Inc. Common Stock,Real Estate Investment Trusts,60,18.899999618530273,-17.2504400513815,55,86,D-
BNR,Burning Rock Biotech Limited American Depositary Shares,Medical Specialities,10,18.0,-56.161716030265985,94,7,A
BNS,Bank Nova Scotia Halifax Pfd 3 Ordinary Shares,Major Banks,20,92.2300033569336,-3.272150149047248,82,83,B-
BNT,Brookfield Wealth Solutions Ltd. Class A Exchangeable Limited Voting Shares,Property-Casualty Insurers,42,36.59000015258789,-25.855788939831626,29,36,D-
BNTC,Benitec Biopharma Inc. Common Stock,Biotechnology: Pharmaceutical Preparations,81,9.640000343322754,-41.64648864284759,24,7,E-
BNTX,BioNTech SE American Depositary Share,Biotechnology: Biological Products (No Diagnostic Substances),74,99.26000213623047,-16.825871307057117,65,7,B+
BNY,The Bank of New York Mellon Corporation Common Stock,Major Banks,20,150.19000244140625,-8.887402464177852,79,94,D+
BOBS,Bob's Discount Furniture Inc. Common Stock,Other Specialty Stores,130,13.6899995803833,-39.2365771719752,40,73,D+
BOC,Boston Omaha Corporation Class A Common Stock,Real Estate,74,13.430000305175781,-11.000661568100945,61,7,C-
BODI,The Beachbody Company Inc. Class A Common Stock,Other Consumer Services,124,4.800000190734863,-70.09345533393339,10,97,E-
BOF,BranchOut Food Inc. Common Stock,Packaged Foods,113,3.890000104904175,-23.575638736938032,70,26,A-
BOH,Bank of Hawaii Corporation Common Stock,Major Banks,20,71.12999725341797,-16.38893769036499,48,83,D-
BOKF,BOK Financial Corporation Common Stock,Major Banks,20,130.8000030517578,-10.063184740480713,61,83,D+
BOLD,Boundless Bio Inc. Common Stock,Biotechnology: Pharmaceutical Preparations,81,2.5999999046325684,-13.333336512247717,95,7,D+
BOLT,Bolt Biotherapeutics Inc. Common Stock,Biotechnology: Pharmaceutical Preparations,81,3.5899999141693115,-49.36530554433146,22,7,B+
BON,Bon Natural Life Limited Class A Ordinary Shares,Medicinal Chemicals and Botanical Products,123,1.2100000381469727,-46.9298222223477,34,,B+
BOOM,DMC Global Inc. Common Stock,Industrial Specialties,68,5.820000171661377,-35.117056873966256,41,31,B-
BOOT,Boot Barn Holdings Inc. Common Stock,Clothing/Shoe/Accessory Stores,116,126.0,-39.417250414282954,20,76,E
BORR,Borr Drilling Limited Common Shares,Oil & Gas Production,13,4.260000228881836,-35.55219148510245,58,7,B-
BOSC,B.O.S. Better Online Solutions Common Stock,Computer Communications Equipment,23,4.739999771118164,-28.181820611980047,56,88,B+
BOT,RoboStrategy Inc. Common Stock,,,30.010000228881836,-28.10254187324659,34,,B
BOTJ,Bank of the James Financial Group Inc. Common Stock,Major Banks,20,26.690000534057617,-5.1864977060659845,87,58,C-
BOW,Bowhead Specialty Holdings Inc. Common Stock,Property-Casualty Insurers,42,33.869998931884766,0.0,83,95,B+
BOX,Box Inc. Class A Common Stock,Computer Software: Prepackaged Software,60,32.31999969482422,-10.122356736155124,78,85,B-
BOXL,Boxlight Corporation Class A Common Stock,Other Consumer Services,124,4.789999961853027,-95.45885493988453,14,35,A+
BP,BP p.l.c. Common Stock,Integrated oil Companies,1,44.40999984741211,-5.430151803183714,79,95,B-
BPAC,Blueport Acquisition Ltd Class A Ordinary Shares,,,10.1899995803833,-0.09804146145916404,55,99,C+
BPOP,Popular Inc. Common Stock,Major Banks,20,159.58999633789062,-9.78463583153193,72,93,D+
BPRN,Princeton Bancorp Inc. Common Stock (PA),Major Banks,20,43.189998626708984,-1.5724758992944343,82,81,B
BQ,Boqii Holding Limited Class A Ordinary Shares,Other Specialty Stores,130,0.8460000157356262,-95.01473158534621,21,,A+
BR,Broadridge Financial Solutions Inc. Common Stock,Business Services,66,162.66000366210938,-30.14339361704498,46,67,B-
BRAG,Bragg Gaming Group Inc. Common Shares,Office Equipment/Supplies/Services,107,1.3799999952316284,-56.19047766820279,17,7,B-
BRAI,Braiin Limited Common Stock,EDP Services,116,5.53000020980835,-62.74421574464692,16,,A
BRBI,BRBI BR Partners S.A. ADSs,Finance: Consumer Services,74,11.239999771118164,-29.440890312018574,35,41,B
BRBR,BellRing Brands Inc. Common Stock,Packaged Foods,113,7.690000057220459,-79.10326028084258,8,48,E
BRBS,Blue Ridge Bankshares Inc. Common Stock,Major Banks,20,3.880000114440918,-5.596107338245182,67,46,B+
BRC,Brady Corporation Common Stock,Miscellaneous manufacturing industries,133,82.62999725341797,-15.889658947263129,49,88,D-
BRCB,Black Rock Coffee Bar Inc. Class A Common Stock,Restaurants,94,7.190000057220459,-72.28219001853746,13,63,D-
BRCC,BRC Inc. Class A Common Stock,Beverages (Production/Distribution),110,9.039999961853027,-49.21348118357631,25,49,E+
BRFH,Barfresh Food Group Inc. Common Stock,Packaged Foods,113,1.0,-73.33333333333334,6,7,E-
BRIA,BrilliA Inc Class A Ordinary Shares,Apparel,121,1.3799999952316284,-39.20704815740248,28,,E-
BRID,Bridgford Foods Corporation Common Stock,Specialty Foods,99,5.900000095367432,-30.588234172147864,27,44,D-
BRK-A,Berkshire Hathaway Inc.,,,758506.0,-4.448013705964238,57,84,C+
BRK-B,Berkshire Hathaway Inc.,,,505.17999267578125,-4.578593747279946,58,84,C
BRKR,Bruker Corporation Common Stock,Biotechnology: Laboratory Analytical Instruments,4,64.0,-0.4473610256643945,90,66,B+
BRLS,Borealis Foods Inc. Class A Common Shares,Packaged Foods,113,1.340000033378601,-66.58354222208482,30,,A+
BRLT,Brilliant Earth Group Inc. Class A Common Stock,Consumer Specialties,42,1.399999976158142,-50.0,51,48,A
BRN,Barnwell Industries Inc. Common Stock,Oil & Gas Production,13,0.9700000286102295,-30.21582456165929,32,26,B-
BRNX,BrenX Ltd. Ordinary Shares,Building Products,105,2.2899999618530273,-99.5238095256982,3,,E-
BRO,Brown & Brown Inc. Common Stock,Specialty Insurers,66,60.33000183105469,-36.52193723521287,33,74,D-
BROS,Dutch Bros Inc. Class A Common Stock,Restaurants,94,38.5099983215332,-47.469649974065675,14,81,E-
BRSL,Brightstar Lottery PLC Trading under the Legal Name to begin at the market open on July 21 2025. Ordinary Shares,Services-Misc. Amusement & Recreation,99,9.739999771118164,-42.82740814575629,24,59,C-
BRSP,BrightSpire Capital Inc. Class A Common Stock,Real Estate Investment Trusts,60,4.090000152587891,-30.59295315552415,24,48,E
BRT,BRT Apartments Corp. (MD) Common Stock,Real Estate Investment Trusts,60,13.699999809265137,-12.348050486529482,44,7,C-
BRTX,BioRestorative Therapies Inc. Common Stock (NV),Managed Health Care,,2.509999990463257,-9.057971045791135,99,7,E-
BRUN,Boost Run Inc. Class A Common Stock,EDP Services,116,16.719999313354492,-57.34694135730235,58,,C
BRX,Brixmor Property Group Inc. Common Stock,Real Estate Investment Trusts,60,27.729999542236328,-15.172833566350008,48,72,D
BRZE,Braze Inc. Class A Common Stock,Computer Software: Prepackaged Software,60,24.670000076293945,-31.831994991878876,56,81,E+
BSAC,Banco Santander - Chile ADS,Commercial Banks,13,33.779998779296875,-6.556023918520182,71,69,C
BSBK,Bogota Financial Corp. Common Stock,Banks,19,9.010000228881836,-4.453871290581213,57,43,C+
BSBR,Banco Santander Brasil SA American Depositary Shares each representing one unit,Commercial Banks,13,5.710000038146973,-17.607256885001775,64,50,B
BSEM,BioStem Technologies Inc. Common Stock,Biotechnology: Biological Products (No Diagnostic Substances),74,3.880000114440918,-52.68292433303564,44,7,A
BSET,Bassett Furniture Industries Incorporated Common Stock,Home Furnishings,33,17.8700008392334,-17.107703316682077,72,40,B+
BSIN,Big Sky Industrial Inc. Common Stock,Oil & Gas Production,13,1.5499999523162842,-6.060607593140565,91,7,A-
BSRR,Sierra Bancorp Common Stock,Major Banks,20,39.650001525878906,-6.8508724589464,73,76,C-
BST,BlackRock Science and Technology Trust Common Shares of Beneficial Interest,Finance Companies,64,48.900001525878906,-2.2195497558662347,83,,B-
BSVN,Bank7 Corp. Common stock,Major Banks,20,55.290000915527344,-3.1939834960242885,82,82,B+
BSX,Boston Scientific Corporation Common Stock,Medical/Dental Instruments,81,44.68000030517578,-57.43951335830777,19,87,D+
BSY,Bentley Systems Incorporated Class B Common Stock,Computer Software: Prepackaged Software,60,31.899999618530273,-43.40149470688098,38,73,B
BTBD,BT Brands Inc. Common Stock,Restaurants,94,1.8700000047683716,-16.888888676961265,90,37,A
BTBT,Bit Digital Inc. Ordinary Shares,Finance: Consumer Services,74,1.7899999618530273,-57.58293718370695,33,7,A-
BTCS,BTCS Inc. Common Stock,Finance: Consumer Services,74,1.6299999952316284,-72.65100696646283,57,1,A
BTCT,BTC Digital Ltd. Ordinary Shares,Finance: Consumer Services,74,1.2400000095367432,-59.74025843336077,33,,A+
BTDR,Bitdeer Technologies Group Class A Ordinary Shares,Finance: Consumer Services,74,12.149999618530273,-53.08880387072477,42,7,B+
BTE,Baytex Energy Corp Common Shares,Oil & Gas Production,13,4.590000152587891,-13.146988047470852,88,32,C+
BTG,B2Gold Corp Common shares (Canada),Precious Metals,25,5.320000171661377,-13.25845070981002,81,57,B+
BTGO,BitGo Holdings Inc. Class A Common Stock,Finance: Consumer Services,74,7.96999979019165,-56.89561985478774,52,26,A
BTI,British American Tobacco  Industries p.l.c. Common Stock ADR,Medicinal Chemicals and Botanical Products,123,56.02000045776367,-14.843833175569154,50,,C+
BTLN,Brightline Interactive Inc. Common Stock,EDP Services,116,0.6499999761581421,-64.08839797199306,25,1,D
BTMD,Biote Corp. Class A Common Stock,Medicinal Chemicals and Botanical Products,123,1.2300000190734863,-61.442006363309545,12,56,B-
BTOC,Armlogi Holding Corp. Common Stock,Office Equipment/Supplies/Services,107,0.2409999966621399,-79.04347811664661,13,26,A-
BTQ,BTQ Technologies Corp. Common Stock,,,2.7899999618530273,-80.26874190869074,14,26,E
BTSG,BrightSpring Health Services Inc. Common Stock,Medical/Nursing Services,35,56.02000045776367,-23.16554979563562,83,99,D
BTSGU,BrightSpring Health Services Inc. Tangible Equity Unit,Medical/Nursing Services,35,184.30999755859375,-23.427503159368136,84,,E
BTT,BlackRock Municipal 2030 Target Term Trust,Investment Managers,55,21.739999771118164,-4.8025592178690175,48,,C-
BTTC,Black Titan Corporation Ordinary Shares,Biotechnology: Biological Products (No Diagnostic Substances),74,0.5410000085830688,-97.74395321555282,7,,A+
BTU,Peabody Energy Corporation Common Stock,Coal Mining,74,25.68000030517578,-34.58099174276532,45,7,E+
BTX,BlackRock Technology and Private Equity Term Trust Common Shares of Beneficial Interest,,,8.979999542236328,-2.916972063379275,81,,C
BTZ,BlackRock Credit Allocation Income Trust,Finance/Investors Services,40,9.479999542236328,-7.334583538844763,45,,D+
BUD,Anheuser-Busch Inbev SA Sponsored ADR (Belgium),Beverages (Production/Distribution),110,77.41999816894531,-10.476416323198357,68,84,D+
BUDA,Buda Juice Inc. Common Stock,Beverages (Production/Distribution),110,7.5,-30.93922433608327,34,,D-
BULL,Webull Corporation Class A Ordinary Shares,Investment Bankers/Brokers/Service,56,7.260000228881836,-53.311896206872376,51,63,B+
BUR,Burford Capital Limited Ordinary Shares,Finance: Consumer Services,74,3.630000114440918,-70.1596211683319,12,44,E+
BURL,Burlington Stores Inc. Common Stock,Department/Specialty Retail Stores,40,254.8300018310547,-31.53228185618111,30,87,E
BURU,Nuburu Inc. Common Stock,Industrial Machinery/Components,103,1.0399999618530273,-68.19571963549808,99,26,E
BUSE,First Busey Corporation Class A Common Stock,Major Banks,20,30.0,-5.003166331612308,75,77,C+
BUUU,BUUU Group Limited Class A Ordinary Share,Services-Misc. Amusement & Recreation,99,45.915000915527344,-4.720891836508034,99,,A
BV,BrightView Holdings Inc. Common Stock,Farming/Seeds/Milling,116,9.90999984741211,-33.26599600779739,21,36,E
BVC,BitVentures Limited Ordinary Shares,Investment Managers,55,13.039999961853027,-22.334727511577,99,,A-
BVFL,BV Financial Inc. Common Stock,Savings Institutions,13,20.809999465942383,-4.890309578909191,64,72,B
BVN,Buenaventura Mining Company Inc.,Metal Mining,52,32.849998474121094,-22.59219684528839,76,89,B-
BVS,Bioventus Inc. Class A Common Stock,Medical/Dental Instruments,81,13.520000457763672,-11.402357437878363,93,60,B+
BW,Babcock & Wilcox Enterprises Inc. Common Stock,Building Products,105,6.170000076293945,-71.76201387380057,34,43,E
BWA,BorgWarner Inc. Common Stock,Auto Parts:O.E.M.,94,58.47999954223633,-23.879835236794968,64,79,E+
BWAY,BrainsWay Ltd. American Depositary Shares,Medical/Dental Instruments,81,13.210000038146973,-23.06348293856104,76,93,B-
BWB,Bridgewater Bancshares Inc. Common Stock,Major Banks,20,20.68000030517578,-8.048019050079313,68,84,C-
BWEN,Broadwind Inc. Common Stock,Metal Fabrications,58,4.170000076293945,-23.34558763911877,91,7,B+
BWFG,Bankwell Financial Group Inc. Common Stock,Major Banks,20,66.0,-3.7479943215140588,85,84,C+
BWIN,The Baldwin Insurance Group Inc. Class A Common Stock,Specialty Insurers,66,31.84000015258789,-2.000620167125766,86,69,A
BWLP,BW LPG Limited Common Shares,Transportation Services,110,24.059999465942383,-7.957153681226725,94,81,B
BWMN,Bowman Consulting Group Ltd. Common Stock,Professional Services,47,42.560001373291016,-4.208865449111698,86,74,A-
BWMX,Betterware de Mexico S.A.P.I. de C.V. Ordinary Shares,Catalog/Specialty Distribution,63,16.450000762939453,-10.861219762893647,67,64,B
BWXT,BWX Technologies Inc. Common Stock,Industrial Machinery/Components,103,138.67999267578125,-41.66404358508926,18,80,D-
BX,Blackstone Inc. Common Stock,Investment Managers,55,117.20999908447266,-31.51133318895223,39,86,D
BXBL,BOXABL Inc. Common stock,Homebuilding,90,4.03000020980835,-72.93485482278342,7,26,E
BXC,Bluelinx Holdings Inc. Common Stock,Wholesale Distributors,,73.81999969482422,-19.242974797709632,77,45,B
BXDC,Blackstone Digital Infrastructure Trust Inc. Common Stock,Real Estate,74,19.56999969482422,-12.399285760267965,44,,D-
BXMT,Blackstone Mortgage Trust Inc. Common Stock,Real Estate Investment Trusts,60,12.390000343322754,-37.02493339848068,18,41,E
BXP,BXP Inc. Common Stock,Real Estate Investment Trusts,60,62.27000045776367,-15.566537803842294,49,46,D
BY,Byline Bancorp Inc. Common Stock,Major Banks,20,37.11000061035156,-6.641507898486632,74,89,C+
BYAH,Park Ha Biological Technology Co. Ltd. Class A Ordinary Shares,Package Goods/Cosmetics,47,2.869999885559082,-98.57071721018883,3,,A
BYD,Boyd Gaming Corporation Common Stock,Hotels/Resorts,87,71.83999633789062,-21.075269916751203,29,76,D-
BYFC,Broadway Financial Corporation Class A Common Stock,Savings Institutions,13,11.90999984741211,-3.249395276763478,92,65,A-
BYND,Beyond Meat Inc. Common Stock,Packaged Foods,113,9.1899995803833,-91.5377534903251,5,7,E-
BYRN,Byrna Technologies Inc. Common Stock,Industrial Machinery/Components,103,3.619999885559082,-86.89829896665606,7,45,C
BYSI,BeyondSpring Inc. Ordinary Shares,Biotechnology: Pharmaceutical Preparations,81,0.7250000238418579,-69.14893390367118,7,7,A+
BZ,KANZHUN LIMITED American Depository Shares,Computer Software: Programming Data Processing,90,14.220000267028809,-41.67349976815308,39,83,E
BZAI,Blaize Holdings Inc. Common Stock,Semiconductors,29,0.5080000162124634,-91.9236880875464,4,26,E-
BZFD,BuzzFeed Inc. Class A Common Stock,Telecommunications Equipment,94,1.0299999713897705,-50.71770269430117,49,1,B
BZH,Beazer Homes USA Inc. Common Stock,Homebuilding,90,33.36000061035156,-2.0839421509607936,90,7,C+
BZUN,Baozun Inc. American Depositary Shares,Catalog/Specialty Distribution,63,2.940000057220459,-29.156626755205938,56,7,B+
C,Citigroup Inc. Common Stock,Major Banks,20,132.10000610351562,-8.854507899646013,66,81,D+
CAAP,Corporacion America Airports SA Common Shares,Aerospace,120,23.549999237060547,-19.367332718154884,55,89,D
CAAS,China Automotive Systems Inc. Ordinary Share,Auto Parts:O.E.M.,94,5.079999923706055,-7.803997954879261,71,76,A
CABA,Cabaletta Bio Inc. Common Stock,Biotechnology: Biological Products (No Diagnostic Substances),74,2.1549999713897705,-48.072291039333784,26,7,E
CABO,Cable One Inc. Common Stock,Cable & Other Pay Television Services,103,15.630000114440918,-91.24271599697867,3,44,E-
CABR,Caring Brands Inc. Common Stock,Package Goods/Cosmetics,47,1.215000033378601,-24.534160088004587,79,26,C+
CAC,Camden National Corporation Common Stock,Major Banks,20,56.900001525878906,-4.8017381795284475,81,88,C+
CACC,Credit Acceptance Corporation Common Stock,Finance: Consumer Services,74,547.4000244140625,-16.707240680692436,61,81,D-
CACI,CACI International Inc. Class A Common Stock,EDP Services,116,616.8200073242188,-9.301848043752747,81,78,B
CADL,Candel Therapeutics Inc. Common Stock,Biotechnology: Biological Products (No Diagnostic Substances),74,11.550000190734863,-15.999998612837363,96,7,D+
CAE,CAE Inc. Common Shares,Industrial Machinery/Components,103,24.6200008392334,-27.694562728692784,38,72,C
CAES,Cantor Equity Partners VII Inc. Class A Ordinary Shares,Blank Checks,47,10.0600004196167,-0.4945523121509199,51,,C
CAG,ConAgra Brands Inc. Common Stock,Packaged Foods,113,14.670000076293945,-24.017657710701613,49,52,C
CAH,Cardinal Health Inc. Common Stock,Other Pharmaceuticals,46,222.6199951171875,-10.45412711852184,67,92,D+
CAI,Caris Life Sciences Inc. Common Stock,Medical Specialities,10,32.27000045776367,-2.0637338070735756,91,17,A
CAKE,Cheesecake Factory Incorporated (The) Common Stock,Restaurants,94,105.05000305175781,-10.435670362544226,95,86,B
CAL,Caleres Inc. Common Stock,Shoe Manufacturing,50,12.489999771118164,-14.704476175248782,53,73,B-
CALC,CalciMedica Inc. Common Stock,Biotechnology: Pharmaceutical Preparations,81,1.7400000095367432,-94.83679534081716,6,35,E-
CALM,Cal-Maine Foods Inc. Common Stock,Farming/Seeds/Milling,116,68.4800033569336,-28.386330373196778,29,41,E+
CALX,Calix Inc Common Stock,Telecommunications Equipment,94,33.27000045776367,-51.373865319884835,20,77,D-
CALY,Callaway Golf Company Common Stock,Recreational Games/Products/Toys,81,14.25,-27.517802082405606,63,64,E+
CAMP,CAMP4 Therapeutics Corporation Common Stock,Biotechnology: Pharmaceutical Preparations,81,3.8399999141693115,-46.143059571740054,50,26,A-
CAMT,Camtek Ltd. Ordinary Shares,Electronic Components,2,145.1199951171875,-30.0491707216901,62,76,B-
CAN,Canaan Inc. American Depositary Shares,Finance: Consumer Services,74,0.3930000066757202,-80.8292675211201,36,7,A
CANF,Can-Fite Biopharma Ltd American Depositary Shares each representing two (2) Ordinary Shares,Biotechnology: Pharmaceutical Preparations,81,2.1700000762939453,-82.77777769367951,11,,E-
CANG,Cango Inc. Class A Ordinary Shares,Finance: Consumer Services,74,2.0299999713897705,-91.59420288424289,10,1,A+
CAPR,Capricor Therapeutics Inc. Common Stock,Biotechnology: Pharmaceutical Preparations,81,8.569999694824219,-75.74985948550808,10,7,A
CAPS,Capstone Holding Corp. Common Stock,RETAIL: Building Materials,132,0.18000000715255737,-87.14285641300434,7,26,A+
CAR,Avis Budget Group Inc. Common Stock,Rental/Leasing Companies,22,103.54000091552734,-85.49798938832677,18,59,E
CARE,Carter Bankshares Inc. Common Stock,Major Banks,20,30.06999969482422,-15.561599925616543,84,67,C-
CARG,CarGurus Inc. Class A Common Stock,EDP Services,116,30.989999771118164,-20.599536919389962,36,94,E+
CARL,Carlsmed Inc. Common Stock,Medical/Dental Instruments,81,14.819999694824219,-12.772219573438704,82,17,B+
CARR,Carrier Global Corporation Common Stock,Industrial Machinery/Components,103,54.869998931884766,-27.54301198928568,33,41,E+
CARS,Cars.com Inc. Common Stock,EDP Services,116,10.609999656677246,-21.407409950538913,53,85,D-
CART,Maplebear Inc. Common Stock,Business Services,66,43.2599983215332,-16.45423070417339,52,58,D
CASH,Pathward Financial Inc. Common Stock,Major Banks,20,73.5,-26.356845555718543,36,49,E+
CASS,Cass Information Systems Inc Common Stock,Business Services,66,54.380001068115234,-6.572666907235725,78,60,C
CAST,FreeCast Inc. Class A Common Stock,EDP Services,116,1.2400000095367432,-87.39837408223387,2,26,A
CASY,Casey's General Stores Inc. Common Stock,Retail-Auto Dealers and Gas Stations,113,598.8499755859375,-34.59433562230141,36,88,E-
CAT,Caterpillar Inc. Common Stock,Construction/Ag Equipment/Trucks,31,805.25,-24.242297566651672,73,94,D
CATO,Cato Corporation (The) Class A Common Stock,Clothing/Shoe/Accessory Stores,116,2.430000066757202,-46.94322909964398,20,33,E-
CATX,Perspective Therapeutics Inc. Common Stock,Biotechnology: Pharmaceutical Preparations,81,2.5,-55.7522131362474,24,7,E
CATY,Cathay General Bancorp Common Stock,Major Banks,20,61.130001068115234,-5.2729963959096455,73,87,C
CAVA,CAVA Group Inc. Common Stock,Restaurants,94,53.5099983215332,-45.05596195001027,20,54,E+
CB,Chubb Limited  Common Stock,Property-Casualty Insurers,42,334.8399963378906,-7.606186423679285,64,59,C-
CBAN,Colony Bankcorp Inc. Common Stock,Major Banks,20,20.739999771118164,-6.870231949690531,67,60,C-
CBAT,CBAK Energy Technology Limited Ordinary Shares,Industrial Machinery/Components,103,1.3700000047683716,-6.164385686785934,96,,A+
CBC,Central Bancompany Inc. Class A Common Stock,Major Banks,20,32.0,-4.147677749292811,82,47,C+
CBFV,CB Financial Services Inc. Common Stock,Major Banks,20,37.04999923706055,-2.5594652086555647,62,47,C+
CBIO,Crescent Biopharma Inc. Common Stock,Biotechnology: Pharmaceutical Preparations,81,14.239999771118164,-47.22016303660087,56,12,C+
CBK,Commercial Bancgroup Inc. Common Stock,Major Banks,20,32.09000015258789,-9.12950151722669,75,54,C+
CBL,CBL & Associates Properties Inc. Common Stock,Real Estate Investment Trusts,60,52.310001373291016,-11.877374125939289,87,99,C-
CBLL,CeriBell Inc. Common Stock,Biotechnology: Electromedical & Electrotherapeutic Apparatus,58,23.81999969482422,-4.872209169715324,88,7,A-
CBNA,Chain Bridge Bancorp Inc. Class A Common Stock,Major Banks,20,47.40999984741211,-3.853176785567991,86,92,B-
CBNK,Capital Bancorp Inc. Common Stock,Major Banks,20,35.97999954223633,-5.015843379894191,72,56,C+
CBOE,Cboe Global Markets Inc. Common Stock,Investment Bankers/Brokers/Service,56,267.57000732421875,-26.676939565848745,63,90,C-
CBRE,CBRE Group Inc Common Stock Class A,Real Estate,74,136.52999877929688,-20.441700195960866,42,86,D+
CBRL,Cracker Barrel Old Country Store Inc Common Stock,Restaurants,94,51.84000015258789,-12.195123054352585,91,41,B+
CBRS,Cerebras Systems Inc. Class A Common Stock,Semiconductors,29,206.41000366210938,-33.645160638397854,35,,B-
CBSH,Commerce Bancshares Inc. Common Stock,Major Banks,20,55.7599983215332,-7.137506116334036,59,75,D+
CBT,Cabot Corporation Common Stock,Major Chemicals,71,78.6500015258789,-15.31872534996246,54,50,D-
CBU,Community Financial System Inc. Common Stock,Major Banks,20,60.7400016784668,-13.771584821493843,51,61,D+
CBUS,Cibus Inc. Class A Common Stock,Agricultural Chemicals,136,1.5,-62.96296470722318,43,17,A-
CBZ,CBIZ Inc. Common Stock,Business Services,66,54.68000030517578,-3.7323925358462295,93,41,A-
CC,Chemours Company (The) Common Stock,Major Chemicals,71,14.1899995803833,-48.73656501714822,28,26,E+
CCAP,Crescent Capital BDC Inc. Common stock,Finance: Consumer Services,74,9.579999923706055,-30.763850492741184,26,39,E+
CCB,Coastal Financial Corporation Common Stock,Major Banks,20,43.619998931884766,-63.33529588609097,9,34,D-
CCBG,Capital City Bank Group Common Stock,Major Banks,20,49.310001373291016,-6.191960619889847,68,75,C-
CCC,CCC Intelligent Solutions Holdings Inc. Common Stock,Computer Software: Prepackaged Software,60,6.869999885559082,-27.60800788987141,74,88,B+
CCCC,C4 Therapeutics Inc. Common Stock,Biotechnology: Biological Products (No Diagnostic Substances),74,3.0299999713897705,-35.117774691893764,56,17,E+
CCEC,Capital Clean Energy Carriers Corp. Common Share,Marine Transportation,5,21.360000610351562,-9.087638254463226,58,43,C+
CCEL,Cryo-Cell International Inc. Common Stock,Misc Health and Biotechnology Services,21,4.03000020980835,-18.089427900090605,64,,A+
CCEP,Coca-Cola Europacific Partners plc Ordinary Shares,Beverages (Production/Distribution),110,100.30999755859375,-10.204996526101906,64,,D
CCG,Cheche Group Inc. Class A Ordinary Shares,Specialty Insurers,66,12.9399995803833,-24.811154742837083,99,,B+
CCHH,CCH Holdings Ltd Class A Ordinary Shares,Restaurants,94,1.0299999713897705,-99.31878307395577,2,,E-
CCI,Crown Castle Inc. Common Stock,Real Estate Investment Trusts,60,67.62999725341797,-28.07458971946214,30,37,D-
CCJ,Cameco Corporation Common Stock,Other Metals and Minerals,141,88.12000274658203,-34.28294044804786,36,74,D-
CCK,Crown Holdings Inc.,Containers/Packaging,93,105.69999694824219,-13.211268450884617,56,71,D-
CCL,Carnival Corporation Ltd. Common Shares,Marine Transportation,5,21.790000915527344,-34.86272763079241,22,67,E+
CCLD,CareCloud Inc. Common Stock,Computer Software: Prepackaged Software,60,2.059999942779541,-45.93175922000954,22,44,E
CCM,Concord Medical Services Holdings Limited American Depositary Shares (Each represents thirty (30) Class A ordinary shares),Medical/Nursing Services,35,3.559999942779541,-48.40579864383368,27,,B
CCNE,CNB Financial Corporation Common Stock,Major Banks,20,33.90999984741211,-4.530844539756407,76,67,C
CCO,Clear Channel Outdoor Holdings Inc. Common Stock,Advertising,124,2.3499999046325684,-3.2921876513111736,69,42,D
CCOI,Cogent Communications Holdings Inc.,Telecommunications Equipment,94,7.639999866485596,-82.96996802968364,7,63,E-
CCS,Century Communities Inc. Common Stock,Homebuilding,90,62.0,-15.884265593877933,50,47,C-
CCSI,Consensus Cloud Solutions Inc. Common Stock,Computer Software: Prepackaged Software,60,35.369998931884766,-11.242157374599838,81,71,D
CCTG,CCSC Technology International Holdings Limited Class A Ordinary Shares,Building Products,105,0.5199999809265137,-97.77777782306146,11,,A
CCU,Compania Cervecerias Unidas S.A. Common Stock,Beverages (Production/Distribution),110,10.930000305175781,-27.341661183924828,44,34,C-
CCXI,Churchill Capital Corp XI Class A Ordinary Shares,Blank Checks,47,12.229999542236328,-35.96859006295349,69,,B-
CCZ,Comcast Holdings ZONES,Cable & Other Pay Television Services,103,64.66999816894531,-2.7518824527138164,59,,D-
CD,Chaince Digital Holdings Inc. Ordinary Shares,Finance: Consumer Services,74,5.170000076293945,-85.5546243530523,47,,A-
CDE,Coeur Mining Inc. Common Stock,Precious Metals,25,18.940000534057617,-30.161068166914372,67,91,B-
CDIO,Cardio Diagnostics Holdings Inc. Common stock,Biotechnology: In Vitro & In Vivo Diagnostic Substances,110,1.909999966621399,-70.8396960152285,23,26,D-
CDLR,Cadeler A/S American Depositary Share (each representing four (4) Ordinary Shares),Marine Transportation,5,23.450000762939453,-20.696648613614897,67,,C
CDLX,Cardlytics Inc. Common Stock,Computer Software: Programming Data Processing,90,3.450000047683716,-87.76595760870433,8,17,D-
CDNA,CareDx Inc. Common Stock,Medical Specialities,10,61.369998931884766,0.0,99,86,A
CDNL,Cardinal Infrastructure Group Inc. Class A Common Stock,Military/Government/Technical,94,27.540000915527344,-70.79842898053619,21,,E-
CDNS,Cadence Design Systems Inc. Common Stock,Computer Software: Prepackaged Software,60,322.0,-22.6686547054045,44,86,C
CDP,COPT Defense Properties Common Shares of Beneficial Interest,Real Estate Investment Trusts,60,33.810001373291016,-11.838324071625994,66,54,D+
CDRE,Cadre Holdings Inc. Common Stock,Industrial Specialties,68,26.209999084472656,-42.728626409404825,26,58,C
CDRO,Codere Online Luxembourg S.A. Ordinary Shares,Services-Misc. Amusement & Recreation,99,9.800000190734863,-3.921564960882995,76,,E+
CDT,CDT Equity Inc. Common Stock,Biotechnology: Pharmaceutical Preparations,81,0.12099999934434891,-99.992710843413,1,26,E-
CDTG,CDT Environmental Technology Investment Holdings Limited ordinary shares,Miscellaneous,140,1.2100000381469727,-94.06862715307173,4,,A+
CDW,CDW Corporation Common Stock,Catalog/Specialty Distribution,63,139.4600067138672,-13.427163937039632,60,50,D+
CDXS,Codexis Inc. Common Stock,Major Chemicals,71,1.3700000047683716,-51.929822785555615,16,17,D-
CDZI,CADIZ Inc. Common Stock,Water Supply,42,3.7100000381469727,-46.38728327682492,30,26,C
CDZIP,Cadiz Inc. Depositary Shares,Water Supply,42,21.799999237060547,-6.809898431195693,69,,C
CE,Celanese Corporation Common Stock,Major Chemicals,71,47.560001373291016,-31.26493432288493,50,63,B-
CECO,CECO Environmental Corp. Common Stock,Pollution Control Equipment,54,72.86000061035156,-26.898763972233198,63,96,D+
CEG,Constellation Energy Corporation Common Stock,Electric Utilities: Central,87,261.6199951171875,-34.87251549811666,33,91,D
CELC,Celcuity Inc. Common Stock,Medical Specialities,10,79.37000274658203,-45.254514356765405,41,17,E+
CELH,Celsius Holdings Inc. Common Stock,Beverages (Production/Distribution),110,28.43000030517578,-56.16712914332228,26,84,C
CELU,Celularity Inc. Class A Common Stock,Biotechnology: Pharmaceutical Preparations,81,1.3200000524520874,-41.85021746505382,86,,A+
CELZ,Creative Medical Technology Holdings Inc. Common Stock,Biotechnology: Biological Products (No Diagnostic Substances),74,0.9700000286102295,-82.64758493501706,8,7,A+
CENN,Cenntro Inc. Common Stock,Auto Manufacturing,137,4.428800106048584,-88.54363909755739,20,26,E
CENT,Central Garden & Pet Company Common Stock,Consumer Specialties,42,39.5099983215332,-15.105291052215453,60,49,D
CENTA,Central Garden & Pet Company Class A Common Stock Nonvoting,Consumer Specialties,42,34.189998626708984,-15.788177557439854,55,48,D+
CENX,Century Aluminum Company Common Stock,Aluminum,,38.119998931884766,-44.56885154475555,47,99,E
CEPF,Cantor Equity Partners IV Inc. Class A Ordinary Shares,Blank Checks,47,10.28499984741211,-3.1544260052441264,52,99,D
CEPO,Cantor Equity Partners I Inc. Class A Ordinary Shares,Blank Checks,47,10.765000343322754,-0.3240726554999074,56,37,C+
CEPS,Cantor Equity Partners VI Inc. Class A Ordinary Shares,Blank Checks,47,10.300000190734863,-1.3409903762017006,53,65,D-
CEPU,Central Puerto S.A. American Depositary Shares (each represents ten Common Shares),Electric Utilities: Central,87,13.420000076293945,-25.236771554898162,52,93,D+
CEPV,Cantor Equity Partners V Inc. Class A Ordinary Shares,,,10.359999656677246,-0.8612454950295279,53,99,C
CERS,Cerus Corporation Common Stock,Medical/Dental Instruments,81,2.609999895095825,-20.426831772503316,80,17,B
CERT,Certara Inc. Common Stock,Computer Software: Prepackaged Software,60,8.890000343322754,-34.63235225025759,84,17,B
CET,Central Securities Corporation Common Stock,Finance/Investors Services,40,56.38999938964844,-1.0528202687263066,70,,C+
CETX,Cemtrex Inc. Common Stock,Electrical Products,12,2.049999952316284,-97.82377917332349,5,1,A-
CETY,Clean Energy Technologies Inc. Common Stock,Oil/Gas Transmission,50,1.0049999952316284,-76.73611214591394,52,26,B+
CEV,Eaton Vance California Municipal Income Trust Shares of Beneficial Interest,Finance/Investors Services,40,9.989999771118164,-7.389570808966084,54,,C-
CEVA,CEVA Inc. Common Stock,Computer Software: Programming Data Processing,90,34.459999084472656,-31.162608591420405,82,41,C+
CF,CF Industries Holdings Inc. Common Stock,Agricultural Chemicals,136,118.44000244140625,-14.95656005747218,80,71,C
CFBK,CF Bankshares Inc. Common Stock,Major Banks,20,34.11000061035156,-6.058938804000524,80,55,B-
CFFI,C&F Financial Corporation Common Stock,Major Banks,20,93.01000213623047,-3.376272520127821,83,70,A-
CFFN,Capitol Federal Financial Inc. Common Stock,Savings Institutions,13,8.65999984741211,-4.867662109345739,78,65,C+
CFG,Citizens Financial Group Inc. Common Stock,Major Banks,20,64.7300033569336,-13.381506156552557,62,68,D
CFR,Cullen/Frost Bankers Inc. Common Stock,Major Banks,20,156.2100067138672,-7.566165575310024,72,85,C-
CG,The Carlyle Group Inc. Common Stock,Investment Managers,55,39.41999816894531,-39.122491458416356,26,36,D
CGAU,Centerra Gold Inc. Common Shares,Precious Metals,25,22.780000686645508,-6.061852838575222,94,84,B+
CGBD,Carlyle Secured Lending Inc. Common Stock,Finance: Consumer Services,74,11.149999618530273,-7.621795892877003,59,33,C+
CGC,Canopy Growth Corporation Common Shares,Medicinal Chemicals and Botanical Products,123,0.9290000200271606,-51.61458120875366,34,17,B
CGCFU,Cartesian Growth Corporation IV Unit,Blank Checks,47,9.890000343322754,-1.0999965667724654,50,,C
CGEM,Cullinan Therapeutics Inc. Common Stock,Biotechnology: Biological Products (No Diagnostic Substances),74,15.4399995803833,-32.72331561175192,88,7,E-
CGEN,Compugen Ltd. Ordinary Shares,Biotechnology: Biological Products (No Diagnostic Substances),74,2.369999885559082,-23.548388436483215,87,39,B+
CGNT,Cognyte Software Ltd. Ordinary Shares,Computer Software: Prepackaged Software,60,8.699999809265137,-28.92156885661148,58,55,C+
CGNX,Cognex Corporation Common Stock,Industrial Machinery/Components,103,57.70000076293945,-20.214040003886513,71,86,D-
CGON,CG Oncology Inc. Common stock,Biotechnology: Biological Products (No Diagnostic Substances),74,68.76000213623047,-14.774415126248607,85,7,D
CGTL,Creative Global Technology Holdings Limited Class A Ordinary Shares,Retail: Computer Software & Peripheral Equipment,6,3.799999952316284,-95.1282051893381,7,,A+
CGTX,Cognition Therapeutics Inc. Common Stock,Biotechnology: Biological Products (No Diagnostic Substances),74,0.9509999752044678,-51.23077169489807,23,7,E+
CHA,Chagee Holdings Limited American Depositary Shares,Restaurants,94,11.470000267028809,-30.242134789557127,45,93,A-
CHAI,Core AI Holdings Inc. Common Shares,Telecommunications Equipment,94,0.28600001335144043,-97.77950302165928,3,26,A+
CHCI,Comstock Holding Companies Inc. Class A Common Stock,Real Estate,74,19.399999618530273,-8.274231827724298,88,7,A-
CHCO,City Holding Company Common Stock,Major Banks,20,140.08999633789062,-5.331801336293807,70,79,C
CHCT,Community Healthcare Trust Incorporated Common Stock,Real Estate Investment Trusts,60,14.3100004196167,-23.046389235916653,40,78,E
CHD,Church & Dwight Company Inc. Common Stock,Package Goods/Cosmetics,47,95.33000183105469,-8.861059931699188,60,65,C-
CHDN,Churchill Downs Incorporated Common Stock,Services-Misc. Amusement & Recreation,99,79.41000366210938,-32.46874212502943,32,53,D
CHE,Chemed Corp,Medical/Nursing Services,35,495.6499938964844,-10.207341593220953,73,73,D+
CHEC,Chenghe Acquisition III Co. Class A Ordinary Share,,,10.279999732971191,0.0,56,99,C+
CHEF,The Chefs' Warehouse Inc. Common Stock,Food Distributors,74,110.36000061035156,-4.466755698286762,92,96,C+
CHGA,Change Agents Corporation Common Stock,EDP Services,116,2.059999942779541,-95.91269864997565,3,26,A+
CHGG,Chegg Inc. Common Stock,Other Consumer Services,124,0.7300000190734863,-54.938270560199044,24,17,B
CHH,Choice Hotels International Inc. Common Stock,Hotels/Resorts,87,100.95999908447266,-17.083577728320577,46,68,D+
CHKP,Check Point Software Technologies Ltd. Ordinary Shares,Computer Software: Prepackaged Software,60,136.2899932861328,-34.13078590984963,38,75,B-
CHMG,Chemung Financial Corp Common Stock,Major Banks,20,82.08999633789062,-3.2673531160108515,88,82,B-
CHMI,Cherry Hill Mortgage Investment Corporation Common Stock,Real Estate Investment Trusts,60,2.740000009536743,-7.744108311713105,75,57,A
CHNR,China Natural Resources Inc. Common Stock,Precious Metals,25,3.819999933242798,-46.72245617021956,34,,A
CHOW,ChowChow Cloud International Holdings Limited Ordinary Shares,Computer Software: Prepackaged Software,60,0.7009999752044678,-94.00854712280122,80,,A+
CHPT,ChargePoint Holdings Inc. Common Stock,Industrial Machinery/Components,103,8.979999542236328,-27.22852973098966,90,17,A+
CHR,Cheer Holding Inc. Class A Ordinary Share,EDP Services,116,1.600000023841858,-98.73015871123661,11,,B+
CHRD,Chord Energy Corporation Common Stock,Oil & Gas Production,13,140.02000427246094,-10.815283902891126,84,78,C+
CHRN,ChronoScale Holdings Corporation Common Stock,Industrial Machinery/Components,103,21.850000381469727,-26.257168409233213,98,,D-
CHRS,Coherus Oncology Inc. Common Stock,Biotechnology: Biological Products (No Diagnostic Substances),74,1.1699999570846558,-53.38645571593348,23,42,D-
CHRW,C.H. Robinson Worldwide Inc. Common Stock,Integrated Freight & Logistics,138,146.1999969482422,-29.887019272106873,36,55,E+
CHSN,Chanson International Holding Class A Ordinary Shares,Packaged Foods,113,1.190000057220459,-99.5896551526826,8,,A+
CHT,Chunghwa Telecom Co. Ltd.,Telecommunications Equipment,94,46.06999969482422,-0.2813875886762296,68,52,B
CHTR,Charter Communications Inc. Class A Common Stock New,Cable & Other Pay Television Services,103,117.55000305175781,-58.424698623524854,16,59,E+
CHWY,Chewy Inc. Class A Common Stock,Catalog/Specialty Distribution,63,18.31999969482422,-54.70951953205123,21,87,E
CHYM,Chime Financial Inc. Class A Common Stock,Finance: Consumer Services,74,27.06999969482422,-21.649782076443003,86,63,B-
CI,The Cigna Group Common Stock,Medical Specialities,10,265.5,-12.695376356322397,45,53,D+
CIA,Citizens Inc. Class A Common Stock ($1.00 Par),Life Insurance,17,3.609999895095825,-43.41693055890845,15,50,D
CIEN,Ciena Corporation Common Stock,Telecommunications Equipment,94,358.42999267578125,-42.834131949636166,84,95,D-
CIFR,Cipher Digital Inc. Common Stock,Finance: Consumer Services,74,18.100000381469727,-37.97121250112101,50,26,B-
CIG,Comp En De Mn Cemig ADS American Depositary Shares,Electric Utilities: Central,87,2.069999933242798,-20.89460922768319,55,46,C
CIGI,Colliers International Group Inc. Subordinate Voting Shares,Real Estate,74,92.2300033569336,-45.376586521890715,29,95,D+
CIIT,Tianci International Inc. Common Stock,Computer Communications Equipment,23,2.7850000858306885,-96.02142844881331,3,38,E-
CIM,Chimera Investment Corporation Common Stock,Real Estate Investment Trusts,60,10.40999984741211,-22.84004016734793,30,42,E
CINF,Cincinnati Financial Corporation Common Stock,Property-Casualty Insurers,42,162.3300018310547,-14.98442367352295,50,95,D
CING,Cingulate Inc. Common Stock,Biotechnology: Pharmaceutical Preparations,81,5.059999942779541,-56.603773507745046,68,17,C-
CINT,CI&T Inc Class A Common Shares,EDP Services,116,3.009999990463257,-45.667869834127806,19,62,E
CION,CION Investment Corporation Common Stock,Finance/Investors Services,40,7.130000114440918,-20.975756136329306,61,41,B
CIRC,Circle8 Group Inc. Common Stock,Biotechnology: Laboratory Analytical Instruments,4,0.3319999873638153,-92.62222250302634,3,26,B+
CISO,CISO Global Inc. Common Stock,Professional Services,47,0.23499999940395355,-83.21428547100145,15,26,E
CISS,C3is Inc. Common Stock,Marine Transportation,5,1.1200000047683716,-99.99508599506507,1,78,E-
CITR,CitroTech Inc. Common Stock,Major Chemicals,71,4.269999980926514,-57.680872979656584,13,,E
CIVB,Civista Bancshares Inc. Common Stock,Major Banks,20,27.059999465942383,-7.072208234484146,72,47,C
CIX,CompX International Inc. Common Stock,Industrial Machinery/Components,103,36.2599983215332,-5.793721121558604,91,66,A-
CJMB,Callan JMB Inc. Common Stock,Business Services,66,2.190000057220459,-55.935610670599054,96,26,A
CKX,CKX Lands Inc. Common Stock,Oil & Gas Production,13,10.960000038146973,-11.111110251712786,54,60,B
CL,Colgate-Palmolive Company Common Stock,Package Goods/Cosmetics,47,85.31999969482422,-12.90859737527944,55,50,D+
CLAR,Clarus Corporation Common Stock,Recreational Games/Products/Toys,81,3.509999990463257,-8.115181889974066,70,63,B
CLB,Core Laboratories Inc. Common Stock,Oilfield Services/Equipment,35,10.489999771118164,-46.5528988481108,27,47,D-
CLBK,Columbia Financial Inc. Common Stock,Savings Institutions,13,11.260000228881836,-4.737728260581909,89,64,B
CLBT,Cellebrite DI Ltd. Ordinary Shares,Computer Software: Prepackaged Software,60,11.369999885559082,-41.87116464212395,23,37,E-
CLDI,Calidi Biotherapeutics Inc. Common Stock,Biotechnology: Biological Products (No Diagnostic Substances),74,1.2000000476837158,-95.50898174206178,4,7,D+
CLDT,Chatham Lodging Trust (REIT) Common Shares of Beneficial Interest,Real Estate Investment Trusts,60,13.399999618530273,-2.8281388281479525,92,58,B-
CLDX,Celldex Therapeutics Inc.,Biotechnology: In Vitro & In Vivo Diagnostic Substances,110,31.479999542236328,-29.84176444928208,62,17,E-
CLF,Cleveland-Cliffs Inc. Common Stock,Metal Mining,52,12.5,-22.744130010915974,74,17,B+
CLFD,Clearfield Inc. Common Stock,Telecommunications Equipment,94,30.530000686645508,-40.44088629277125,39,39,C
CLGN,CollPlant Biotechnologies Ltd Ordinary Shares,Industrial Specialties,68,4.119999885559082,-86.87898109677772,16,7,A+
CLH,Clean Harbors Inc. Common Stock,Environmental Services,81,316.07000732421875,-3.1470212443829193,76,80,B
CLIK,Click Holdings Limited Class A Ordinary Share,Diversified Commercial Services,85,1.159999966621399,-88.91013420276337,9,,A+
CLIR,ClearSign Technologies Corporation Common Stock (DE),Industrial Machinery/Components,103,3.4600000381469727,-67.35849138085379,27,26,E-
CLLS,Cellectis S.A. American Depositary Shares,Biotechnology: Pharmaceutical Preparations,81,1.4299999475479126,-73.27102854133372,7,17,E-
CLMB,Climb Global Solutions Inc. Common Stock,Retail: Computer Software & Peripheral Equipment,6,31.15999984741211,-12.94839785289098,83,54,B+
CLMT,Calumet Inc. Common Stock,Integrated oil Companies,1,53.849998474121094,-8.806097934165368,97,66,B+
CLNE,Clean Energy Fuels Corp. Common Stock,Natural Gas Distribution,31,1.6399999856948853,-46.4052282234621,24,17,D
CLNN,Clene Inc. Common Stock,Biotechnology: Pharmaceutical Preparations,81,4.210000038146973,-66.31999969482422,18,26,C-
CLOV,Clover Health Investments Corp. Class A Common Stock,Medical Specialities,10,4.510000228881836,-16.635852937422747,91,63,C+
CLPR,Clipper Realty Inc. Common Stock,Real Estate Investment Trusts,60,3.4100000858306885,-8.466559291047005,68,17,D+
CLPS,CLPS Incorporation Common Stock,Computer Software: Prepackaged Software,60,1.0149999856948853,-37.34568007979664,64,,A
CLPT,ClearPoint Neuro Inc. Common Stock,Medical/Dental Instruments,81,14.609999656677246,-50.6418936878682,64,26,C
CLRB,Cellectar Biosciences Inc.  Common Stock,Biotechnology: Pharmaceutical Preparations,81,2.0799999237060547,-66.2884943600289,18,26,E+
CLRO,ClearOne Inc. Common Stock,Telecommunications Equipment,94,3.430000066757202,-75.2167627966692,32,7,A
CLS,Celestica Inc. Common Stock,Electrical Products,12,373.55999755859375,-20.92294615049236,77,92,B+
CLSK,CleanSpark Inc. Common Stock,Finance: Consumer Services,74,14.260000228881836,-38.5344837933743,66,44,B+
CLST,Catalyst Bancorp Inc. Common Stock,Savings Institutions,13,17.899999618530273,-1.377410497269449,73,67,B
CLVT,Clarivate Plc Ordinary Shares,EDP Services,116,1.840000033378601,-52.69922920930288,19,17,D+
CLW,Clearwater Paper Corporation Common Stock,Paper,52,20.270000457763672,-13.041609085493,77,17,B+
CLWT,Euro Tech Holdings Company Limited Common Stock,Professional and commerical equipment,,1.4500000476837158,-24.083765810288337,64,,B
CLX,Clorox Company (The) Common Stock,Specialty Chemicals,130,81.80000305175781,-34.09973342872614,28,54,E
CLYM,Climb Bio Inc. Common Stock,Biotechnology: Pharmaceutical Preparations,81,11.890000343322754,-33.352016582813896,98,7,E+
CM,Canadian Imperial Bank of Commerce Common Stock,Commercial Banks,13,111.41999816894531,-9.95636003516649,72,67,D+
CMBT,CMB.TECH NV Ordinary Shares,Marine Transportation,5,19.040000915527344,-6.712390701259485,94,,B+
CMC,Commercial Metals Company Common Stock,Steel/Iron Ore,33,64.22000122070312,-22.319480530506798,46,68,E+
CMCL,Caledonia Mining Corporation Plc Common Shares,Precious Metals,25,23.8700008392334,-35.97933230175253,57,88,B-
CMCM,Cheetah Mobile Inc. American Depositary Shares each representing fifty (50) Class A Ordinary Shares,Computer Software: Prepackaged Software,60,2.6500000953674316,-69.98867363234137,11,17,E-
CMCO,Columbus McKinnon Corporation Common Stock,Construction/Ag Equipment/Trucks,31,16.030000686645508,-30.335339330962587,60,17,D
CMCSA,Comcast Corporation Class A Common Stock,Cable & Other Pay Television Services,103,22.1299991607666,-30.134373914793933,34,51,D-
CMCT,Creative Media & Community Trust Corporation Common stock,Real Estate Investment Trusts,60,2.140000104904175,-99.83385092353228,5,17,E-
CMDB,Costamare Bulkers Holdings Limited Common Stock,Marine Transportation,5,22.799999237060547,-6.976748167494007,91,69,C+
CME,CME Group Inc. Class A Common Stock,Investment Bankers/Brokers/Service,56,268.9100036621094,-14.824072975875735,65,57,C+
CMG,Chipotle Mexican Grill Inc. Common Stock,Restaurants,94,32.0099983215332,-24.43343281324013,40,58,D
CMI,Cummins Inc. Common Stock,Industrial Machinery/Components,103,521.0700073242188,-28.117551547459428,40,70,E+
CMMB,Chemomab Therapeutics Ltd. American Depositary Share,Biotechnology: Pharmaceutical Preparations,81,2.200000047683716,-37.14285578046527,81,17,B
CMND,Clearmind Medicine Inc. Common Shares,Biotechnology: Pharmaceutical Preparations,81,0.8100000023841858,-99.81074766299434,2,26,E-
CMP,Compass Minerals Intl Inc Common Stock,Mining & Quarrying of Nonmetallic Minerals (No Fuels),94,22.75,-32.10981456426673,46,36,E+
CMPR,Cimpress plc Ordinary Shares (Ireland),Publishing,37,78.61000061035156,-25.353715285565837,58,97,E+
CMPS,COMPASS Pathways Plc American Depository Shares,Biotechnology: Pharmaceutical Preparations,81,13.09000015258789,-13.824881407550505,95,7,B+
CMPX,Compass Therapeutics Inc. Common Stock,Biotechnology: Biological Products (No Diagnostic Substances),74,1.1349999904632568,-83.0343799588124,6,17,E-
CMRC,Commerce.com Inc. Series 1 Common Stock,Computer Software: Prepackaged Software,60,3.1500000953674316,-42.831216614909785,48,97,A
CMRE,Costamare Inc. Common Stock $0.0001 par value,Marine Transportation,5,14.65999984741211,-16.907743258024777,53,44,C-
CMS,CMS Energy Corporation Common Stock,Power Generation,99,62.77000045776367,-20.230144577593666,32,45,D-
CMT,Core Molding Technologies Inc Common Stock,Plastic Products,29,23.100000381469727,-18.51851826933848,61,41,C+
CMTG,Claros Mortgage Trust Inc. Common Stock,Real Estate,74,1.2999999523162842,-64.86486660641765,9,7,E-
CMTL,Comtech Telecommunications Corp. Common Stock,Radio And Television Broadcasting And Communications Equipment,71,1.3899999856948853,-76.75585315616361,10,17,E+
CMTV,Community Bancorp. Common Stock,Major Banks,20,40.470001220703125,-4.099524907486818,88,60,B
CNA,CNA Financial Corporation Common Stock,Property-Casualty Insurers,42,46.11000061035156,-15.8414400835719,57,55,D
CNC,Centene Corporation Common Stock,Medical Specialities,10,61.91999816894531,-10.790959657091658,90,67,D-
CNCK,Coincheck Group N.V. Ordinary Shares,Finance: Consumer Services,74,1.6799999475479126,-78.68020402094743,18,17,A
CNDT,Conduent Incorporated Common Stock,Business Services,66,1.6299999952316284,-42.60563223614051,61,7,C-
CNET,ZW Data Action Technologies Inc. Common Stock,Computer Software: Programming Data Processing,90,1.3700000047683716,-46.274508612286965,84,37,A-
CNEY,CN Energy Group Inc. Class A Ordinary Shares,Major Chemicals,71,0.5809999704360962,-77.93391594517803,51,,A
CNF,CNFinance Holdings Limited American Depositary Shares each representing two hundred (200) Ordinary Shares,Finance: Consumer Services,74,1.8700000047683716,-70.82683230447593,11,,A
CNH,CNH Industrial N.V. Common Shares,Construction/Ag Equipment/Trucks,31,13.279999732971191,-7.777777189089907,82,40,A-
CNI,Canadian National Railway Company Common Stock,Railroads,25,119.91999816894531,-7.6673745941028715,73,52,C
CNK,Cinemark Holdings Inc Cinemark Holdings Inc. Common Stock,Movies/Entertainment,3,36.97999954223633,-3.4656176702376973,86,42,B
CNL,Collective Mining Ltd. Common Shares,,,13.029999732971191,-37.32564137003222,45,26,E
CNM,Core & Main Inc. Class A Common Stock,Durable Goods,138,41.619998931884766,-29.565072221341016,28,54,D-
CNMD,CONMED Corporation Common Stock,Biotechnology: Electromedical & Electrotherapeutic Apparatus,58,45.18000030517578,-12.880833448818763,76,77,B+
CNNE,Cannae Holdings Inc. Common Stock,Restaurants,94,15.529999732971191,-13.843280802468117,68,63,B-
CNO,CNO Financial Group Inc. Common Stock,Accident &Health Insurance,11,53.52000045776367,-5.380836154665358,78,67,C-
CNOB,ConnectOne Bancorp Inc. Common Stock,Major Banks,20,30.889999389648438,-8.907424970884026,66,82,C-
CNP,CenterPoint Energy Inc (Holding Co) Common Stock,Electric Utilities: Central,87,36.81999969482422,-17.761898980346047,37,73,D-
CNQ,Canadian Natural Resources Limited Common Stock,Oil & Gas Production,13,47.93000030517578,-7.0223064703408555,85,88,C
CNR,Core Natural Resources Inc. Common Stock,Coal Mining,74,88.76000213623047,-21.449548879901904,56,89,D+
CNS,Cohen & Steers Inc Common Stock,Investment Managers,55,75.1500015258789,-12.259194177395848,70,61,D+
CNSP,CNS Pharmaceuticals Inc. Common Stock,Biotechnology: Pharmaceutical Preparations,81,5.150000095367432,-51.27719731260525,74,26,B+
CNSY,Cerenome Inc. Common Stock,Medical/Dental Instruments,81,1.8700000047683716,-91.59550559654664,4,26,E
CNTB,Connect Biopharma Holdings Limited Ordinary Shares,Biotechnology: Pharmaceutical Preparations,81,1.100000023841858,-70.18970171316346,9,7,E-
CNTN,Canton Strategic Holdings Inc. Common Stock,Biotechnology: Pharmaceutical Preparations,81,2.309999942779541,-57.84671651935328,28,26,A
CNTX,Context Therapeutics Inc. Common Stock,Biotechnology: Pharmaceutical Preparations,81,0.3709999918937683,-88.95833322985305,7,26,E
CNTY,Century Casinos Inc. Common Stock,Hotels/Resorts,87,1.1100000143051147,-58.270677500430445,22,17,E+
CNVS,Cineverse Corp. Class A Common Stock,Consumer Electronics/Video Chains,124,2.0399999618530273,-41.71428680419922,25,17,A-
CNX,CNX Resources Corporation Common Stock,Oil & Gas Production,13,33.40999984741211,-21.591177261575602,45,90,D
CNXC,Concentrix Corporation Common Stock,Computer Software: Prepackaged Software,60,29.389999389648438,-44.59437107762213,59,46,B+
CNXN,PC Connection Inc. Common Stock,Catalog/Specialty Distribution,63,89.0199966430664,0.0,89,84,B
CNXU,Conexeu Sciences Inc. Common Stock,Industrial Specialties,68,3.9600000381469727,-76.49851662613692,5,26,E-
COAG,Hemab Therapeutics Holdings Inc. Common Stock,Biotechnology: Biological Products (No Diagnostic Substances),74,35.720001220703125,-34.98361464585492,72,,E+
COCH,Envoy Medical Inc. Class A Common Stock,Industrial Specialties,68,0.7160000205039978,-54.96855311489743,53,7,A-
COCO,The Vita Coco Company Inc. Common Stock,Beverages (Production/Distribution),110,59.16999816894531,-29.57629072480068,55,94,C-
COCP,Cocrystal Pharma Inc. Common Stock,Biotechnology: Pharmaceutical Preparations,81,1.149999976158142,-26.751596322431503,64,26,A
CODA,Coda Octopus Group Inc. Common stock,Industrial Machinery/Components,103,10.710000038146973,-36.097852673707855,70,65,A-
CODI,D/B/A Compass Diversified Holdings Shares of Beneficial Interest,Home Furnishings,33,11.25,-11.487018361644552,93,70,B+
CODX,Co-Diagnostics Inc. Common Stock,Medical/Dental Instruments,81,1.149999976158142,-96.95767195934057,5,26,E-
COE,51Talk Online Education Group American depositary shares each representing 60 Class A ordinary shares,Other Consumer Services,124,11.569999694824219,-79.1756670107172,11,17,E-
COF,Capital One Financial Corporation Common Stock,Major Banks,20,196.61000061035156,-22.885386252555374,42,79,D
COFS,ChoiceOne Financial Services Inc. Common Stock,Major Banks,20,32.869998931884766,-4.241707680635476,67,44,C
COGT,Cogent Biosciences Inc. Common Stock,Biotechnology: Pharmaceutical Preparations,81,31.43000030517578,-26.633986477058524,73,7,D
COHN,Cohen & Company Inc.,Investment Bankers/Brokers/Service,56,10.109999656677246,-63.27070230682417,30,80,E
COHR,Coherent Corp. Common Stock,Electronic Components,2,290.6099853515625,-31.92392059324871,87,89,B-
COHU,Cohu Inc. Common Stock,Electrical Products,12,63.70000076293945,-13.81410146567774,96,71,A-
COIN,Coinbase Global Inc. Class A Common Stock,Finance: Consumer Services,74,199.2100067138672,-48.560432678703016,62,42,A
COKE,Coca-Cola Consolidated Inc. Common Stock,Beverages (Production/Distribution),110,189.64999389648438,-12.331009794048553,77,61,D
COLB,Columbia Banking System Inc. Common Stock,Major Banks,20,29.18000030517578,-12.121127176734447,57,55,D+
COLD,Americold Realty Trust Inc. Common Stock,Real Estate Investment Trusts,60,14.359999656677246,-11.630771343524637,72,31,C
COLL,Collegium Pharmaceutical Inc. Common Stock,Biotechnology: Pharmaceutical Preparations,81,22.639999389648438,-54.574640207995905,13,42,E+
COLM,Columbia Sportswear Company Common Stock,Apparel,121,56.970001220703125,-15.541002445374941,51,83,D
COMP,Compass Inc. Class A Common Stock,Real Estate,74,9.289999961853027,-31.590574270653338,48,88,E+
CON,Concentra Group Holdings Parent Inc. Common Stock,Medical Specialities,10,34.619998931884766,-4.811658101165939,91,70,B
COO,The Cooper Companies Inc. Common Stock,Ophthalmic Goods,128,55.380001068115234,-34.32163037411087,23,82,E-
COOK,Traeger Inc. Common Stock,Consumer Electronics/Appliances,64,46.72999954223633,-43.0121956801996,42,37,E+
COOT,Australian Oilseeds Holdings Limited Ordinary Shares,Packaged Foods,113,0.48500001430511475,-81.62878806693385,28,,A+
COP,ConocoPhillips Common Stock,Integrated oil Companies,1,129.33999633789062,-8.412409559638833,83,70,C
COR,Cencora Inc. Common Stock,Other Pharmaceuticals,46,309.8699951171875,-16.819550521058492,54,53,C
CORT,Corcept Therapeutics Incorporated Common Stock,Biotechnology: Pharmaceutical Preparations,81,118.51000213623047,-4.094843061495689,95,36,E
CORZ,Core Scientific Inc. Common Stock,Finance: Consumer Services,74,18.1200008392334,-37.860079101332666,39,17,D+
COSM,Cosmos Health Inc. Common Stock,Other Pharmaceuticals,46,0.3799999952316284,-69.60000038146973,82,26,A
COSO,CoastalSouth Bancshares Inc. Common Stock,Major Banks,20,26.56999969482422,-5.141022928563899,63,50,C-
COST,Costco Wholesale Corporation Common Stock,Department/Specialty Retail Stores,40,896.47998046875,-17.94856095885352,46,65,D+
COTY,Coty Inc. Class A Common Stock,Package Goods/Cosmetics,47,2.630000114440918,-40.89887129960955,69,17,B
COUR,Coursera Inc. Common Stock,Computer Software: Prepackaged Software,60,5.059999942779541,-58.077878453059625,21,17,D+
COYA,Coya Therapeutics Inc. Common Stock,Biotechnology: Pharmaceutical Preparations,81,5.179999828338623,-29.619568826486287,59,26,B+
CP,Canadian Pacific Kansas City Limited Common Shares,Railroads,25,87.31999969482422,-9.690766894188684,66,47,D+
CPA,Copa Holdings S.A. Class A Common Stock,Air Freight/Delivery Services,74,128.8300018310547,-16.94515066781761,52,49,D+
CPAC,Cementos Pacasmayo S.A.A. American Depositary Shares (Each representing five Common Shares),Building Materials,116,12.170000076293945,-4.173226306543221,80,72,E
CPAY,Corpay Inc. Common Stock,Business Services,66,400.32000732421875,-5.860216226705628,84,49,B-
CPB,The Campbell's Company Common Stock,Packaged Foods,113,19.850000381469727,-37.41333991968286,28,32,E
CPBI,Central Plains Bancshares Inc. Common Stock,Savings Institutions,13,20.100000381469727,-6.337366081189422,72,85,E
CPF,Central Pacific Financial Corp New,Major Banks,20,36.84000015258789,-7.1405734901089035,69,59,C
CPHC,Canterbury Park Holding Corporation 'New' Common Stock,Services-Misc. Amusement & Recreation,99,15.779999732971191,-5.889638112693129,55,37,C
CPHI,China Pharma Holdings Inc. Common Stock,Biotechnology: Pharmaceutical Preparations,81,0.7400000095367432,-90.86419784337748,35,53,A
CPIX,Cumberland Pharmaceuticals Inc. Common Stock,Biotechnology: Pharmaceutical Preparations,81,8.010000228881836,-10.70234124379753,98,17,A-
CPK,Chesapeake Utilities Corporation Common Stock,Oil & Gas Production,13,128.25999450683594,-6.474555749391575,59,52,C+
CPNG,Coupang Inc. Class A Common Stock,Catalog/Specialty Distribution,63,13.880000114440918,-57.721598110568806,17,7,E+
CPOP,Pop Culture Group Co. Ltd Class A Ordinary Shares,Services-Misc. Amusement & Recreation,99,5.46999979019165,-73.31707419418707,98,,A
CPRI,Capri Holdings Limited Ordinary Shares,Apparel,121,15.1899995803833,-45.08315378098424,22,57,B
CPRT,Copart Inc. (DE) Common Stock,Retail-Auto Dealers and Gas Stations,113,28.040000915527344,-38.72377197546223,26,50,C-
CPS,Cooper-Standard Holdings Inc. Common Stock,Auto Parts:O.E.M.,94,22.219999313354492,-50.840710313498064,19,17,E+
CPSH,CPS Technologies Corp. Common Stock,Building Materials,116,3.869999885559082,-66.60914724237546,44,32,E+
CPSS,Consumer Portfolio Services Inc. Common Stock,Finance: Consumer Services,74,9.369999885559082,-9.02912900926296,64,56,D
CPT,Camden Property Trust Common Stock,Real Estate Investment Trusts,60,97.41000366210938,-17.154276113999945,39,33,D-
CR,Crane Company Common Stock,Metal Fabrications,58,204.55999755859375,-9.551184139515524,60,51,D+
CRAI,CRA International Inc. Common Stock,Other Consumer Services,124,162.57000732421875,-26.445263960120148,48,66,C
CRBG,Corebridge Financial Inc. Common Stock,Life Insurance,17,34.09000015258789,-2.2649108123150463,79,26,B-
CRBP,Corbus Pharmaceuticals Holdings Inc. Common Stock,Biotechnology: Pharmaceutical Preparations,81,7.449999809265137,-61.51859723970405,31,17,E-
CRBU,Caribou Biosciences Inc. Common Stock,Biotechnology: Biological Products (No Diagnostic Substances),74,1.25,-55.98591416276082,20,17,D-
CRC,California Resources Corporation Common Stock,Oil & Gas Production,13,52.43000030517578,-24.163875917134625,51,75,C-
CRCL,Circle Internet Group Inc. Class A Common Stock,Finance: Consumer Services,74,93.0,-38.197765390433055,64,63,A-
CRCT,Cricut Inc. Class A Common Stock,Industrial Machinery/Components,103,5.920000076293945,-8.41974838913887,83,80,B+
CRD-A,Crawford & Company,,,12.430000305175781,-9.183801803879565,74,82,B+
CRD-B,Crawford & Company,,,12.0600004196167,-7.938930775331377,76,82,A+
CRDF,Cardiff Oncology Inc. Common Stock,Biotechnology: Biological Products (No Diagnostic Substances),74,1.2799999713897705,-60.12461195705554,24,7,B
CRDL,Cardiol Therapeutics Inc. Class A Common Shares,Biotechnology: Biological Products (No Diagnostic Substances),74,1.7300000190734863,-24.288842271768996,94,26,A-
CRDO,Credo Technology Group Holding Ltd Ordinary Shares,Semiconductors,29,195.97000122070312,-35.220809091115434,76,98,E+
CRE,Cre8 Enterprise Limited Class A Ordinary Shares,Publishing,37,3.009999990463257,-74.91666674613953,37,,A+
CRESY,Cresud S.A.C.I.F. y A. American Depositary Shares,Real Estate,74,12.739999771118164,-9.709425364236346,76,56,A-
CREX,Creative Realities Inc. Common Stock,EDP Services,116,2.5199999809265137,-39.277110288755345,25,7,D-
CRGO,Freightos Limited Ordinary shares,Integrated Freight & Logistics,138,1.0199999809265137,-75.12195110604706,11,17,A+
CRGY,Crescent Energy Company Class A Common Stock,Oil & Gas Production,13,13.420000076293945,-12.687051553573948,88,69,C+
CRH,CRH PLC Ordinary Shares,Building Materials,116,83.95999908447266,-35.37745986930807,20,56,E+
CRI,Carter's Inc. Common Stock,Apparel,121,30.260000228881836,-30.30262147235372,32,85,E+
CRIS,Curis Inc. Common Stock,Biotechnology: Biological Products (No Diagnostic Substances),74,0.8799999952316284,-97.39644965948183,2,7,C+
CRK,Comstock Resources Inc. Common Stock,Oil & Gas Production,13,13.819999694824219,-49.50676188868067,25,36,B+
CRL,Charles River Laboratories International Inc. Common Stock,Biotechnology: Commercial Physical & Biological Resarch,7,294.44000244140625,-1.3865578126608158,93,17,B+
CRM,Salesforce Inc. Common Stock,Computer Software: Prepackaged Software,60,238.22000122070312,-9.907453658734767,84,97,A-
CRMD,CorMedix Inc. Common Stock,Biotechnology: Pharmaceutical Preparations,81,7.769999980926514,-38.96307729511883,36,72,B
CRML,Critical Metals Corp. Ordinary Shares,Metal Mining,52,8.170000076293945,-72.73940519360163,53,,A
CRMT,America's Car-Mart Inc Common Stock,Retail-Auto Dealers and Gas Stations,113,1.3600000143051147,-95.73132458176023,2,17,B
CRNC,Cerence Inc. Common Stock,Computer Software: Prepackaged Software,60,7.929999828338623,-40.375941995377765,29,44,D
CRNT,Ceragon Networks Ltd. Ordinary Shares,Radio And Television Broadcasting And Communications Equipment,71,2.130000114440918,-33.4374974155799,40,17,B+
CRON,Cronos Group Inc. Common Share,Medicinal Chemicals and Botanical Products,123,3.319999933242798,-6.478873863742374,80,63,A-
CROX,Crocs Inc. Common Stock,Shoe Manufacturing,50,123.44000244140625,-12.571711660226248,86,63,B-
CRS,Carpenter Technology Corporation Common Stock,Steel/Iron Ore,33,400.8500061035156,-35.241322840645786,59,98,E
CRSP,CRISPR Therapeutics AG Common Shares,Biotechnology: Biological Products (No Diagnostic Substances),74,55.70000076293945,-27.455064276507223,56,17,B+
CRSR,Corsair Gaming Inc. Common Stock,Computer peripheral equipment,42,13.550000190734863,-5.5749140729494995,96,63,B+
CRT,Cross Timbers Royalty Trust Common Stock,Oil & Gas Production,13,12.25,-6.273907528467215,92,41,A-
CRTO,Criteo S.A. Ordinary Shares,Advertising,124,16.559999465942383,-28.86598377360887,35,54,D-
CRUS,Cirrus Logic Inc. Common Stock,Semiconductors,29,118.80000305175781,-33.594182725071406,32,80,C-
CRVL,CorVel Corp. Common Stock,Specialty Insurers,66,73.7300033569336,-6.883047394843134,74,70,B+
CRVO,CervoMed Inc. Common Stock,Biotechnology: Pharmaceutical Preparations,81,2.5199999809265137,-74.6478864455914,11,26,D-
CRVS,Corvus Pharmaceuticals Inc. Common Stock,Biotechnology: Pharmaceutical Preparations,81,11.800000190734863,-53.761755567895854,79,17,D-
CRWD,CrowdStrike Holdings Inc. Class A Common Stock,Computer Software: Prepackaged Software,60,259.6700134277344,-1.0743178450815183,97,97,A-
CRWS,Crown Crafts Inc Common Stock,Textiles,28,2.549999952316284,-15.172388303969642,45,79,E+
CRWV,CoreWeave Inc. Class A Common Stock,Computer Software: Prepackaged Software,60,90.12999725341797,-37.00727138664617,39,26,B
CSAI,Cloudastructure Inc. Class A Common Stock,Computer Software: Programming Data Processing,90,3.5299999713897705,-93.90328172994606,3,26,E-
CSBR,Champions Oncology Inc. Common Stock,Biotechnology: Biological Products (No Diagnostic Substances),74,4.949999809265137,-36.53846553561711,24,17,B-
CSCO,Cisco Systems Inc. Common Stock (DE),Computer Communications Equipment,23,106.97000122070312,-17.407560173408655,80,81,D-
CSGP,CoStar Group Inc. Common Stock,Real Estate,74,27.860000610351562,-67.1462268776722,16,81,D+
CSHR,CoinShares PLC Ordinary Shares,Investment Bankers/Brokers/Service,56,5.840000152587891,-32.17188867064773,60,,A
CSIQ,Canadian Solar Inc. Common Shares (ON),Semiconductors,29,10.949999809265137,-67.39130669391862,17,17,E
CSL,Carlisle Companies Incorporated Common Stock,Specialty Chemicals,130,314.1300048828125,-24.2631941802792,35,51,E+
CSPI,CSP Inc. Common Stock,EDP Services,116,7.570000171661377,-48.751498512979275,23,17,E
CSQ,Calamos Strategic Total Return Common Stock,Finance Companies,64,20.75,-1.4719823067598115,71,,B-
CSR,D/B/A Centerspace Common Stock,Real Estate Investment Trusts,60,55.16999816894531,-18.81915745390551,45,42,A
CSTE,Caesarstone Ltd. Ordinary Shares,Building Materials,116,3.0,-15.730335724171663,97,7,A-
CSTL,Castle Biosciences Inc. Common Stock,Medical Specialities,10,35.189998626708984,-18.238852513561056,88,17,A-
CSTM,Constellium SE Ordinary Shares (France),Metal Fabrications,58,24.6299991607666,-31.867225114403976,63,89,E+
CSV,Carriage Services Inc. Common Stock,Other Consumer Services,124,31.979999542236328,-37.76649264610579,24,53,D-
CSW,CSW Industrials Inc. Common Stock,Home Furnishings,33,294.45001220703125,-16.1803623659345,61,91,C
CSWC,Capital Southwest Corporation Common Stock,Textiles,28,23.040000915527344,-8.94044747316367,65,,D+
CSX,CSX Corporation Common Stock,Railroads,25,46.95000076293945,-11.556393801619723,76,56,D+
CTAS,Cintas Corporation Common Stock,Garments and Clothing,90,197.67999267578125,-8.468339435017292,67,87,C+
CTBI,Community Trust Bancorp Inc. Common Stock,Major Banks,20,75.29000091552734,-4.375704882459597,79,61,C
CTEV,Claritev Corporation Class A Common Stock,Business Services,66,23.360000610351562,-67.26457341570855,23,7,E
CTGO,Contango Silver & Gold Inc. Common Stock,Precious Metals,25,18.1299991607666,-45.22658611316444,46,31,C+
CTKB,Cytek Biosciences Inc. Common Stock,Biotechnology: Laboratory Analytical Instruments,4,5.730000019073486,-2.5510219804084855,85,7,A
CTM,Castellum Inc. Common Stock,Professional Services,47,0.625,-52.29007425192073,22,26,D+
CTMX,CytomX Therapeutics Inc. Common Stock,Biotechnology: Pharmaceutical Preparations,81,2.75,-59.25925925925925,32,26,C+
CTNM,Contineum Therapeutics Inc. Class A Common Stock,Biotechnology: Pharmaceutical Preparations,81,12.489999771118164,-28.912919817537187,50,7,C
CTNT,Cheetah Net Supply Chain Service Inc Class A Common Stock,Motor Vehicles,113,0.03200000151991844,-99.99234449724403,1,38,A-
CTO,CTO Realty Growth Inc. Common Stock,Real Estate Investment Trusts,60,20.549999237060547,-7.1393652725370345,73,84,C-
CTOR,Citius Oncology Inc. Common Stock,Biotechnology: Pharmaceutical Preparations,81,1.0499999523162842,-48.275863688932105,84,26,A
CTOS,Custom Truck One Source Inc. Common Stock,Diversified Commercial Services,85,9.229999542236328,-22.890565277093376,78,97,C-
CTRE,CareTrust REIT Inc. Common Stock,Real Estate Investment Trusts,60,37.31999969482422,-14.009220316338588,54,75,C-
CTRI,Centuri Holdings Inc. Common Stock,Oil & Gas Production,13,20.389999389648438,-51.22009626361348,20,58,D
CTRM,Castor Maritime Inc. Common Shares,Marine Transportation,5,2.140000104904175,-18.939393186810072,57,71,B+
CTRN,Citi Trends Inc. Common Stock,Clothing/Shoe/Accessory Stores,116,50.06999969482422,-34.27408835095215,71,69,E-
CTS,CTS Corporation Common Stock,Electrical Products,12,59.58000183105469,-12.727722590814118,73,89,C+
CTSH,Cognizant Technology Solutions Corporation Class A Common Stock,EDP Services,116,57.16999816894531,-32.86575616787051,66,50,B-
CTSO,Cytosorbents Corporation Common Stock,Medical/Dental Instruments,81,4.300000190734863,-32.91731212020403,99,17,A+
CTVA,Corteva Inc. Common Stock,Farming/Seeds/Milling,116,79.44999694824219,-12.032552534846186,61,46,D+
CTW,CTW Class A Ordinary Shares,EDP Services,116,2.0999999046325684,-30.232561086840203,42,,E+
CTXR,Citius Pharmaceuticals Inc. Common Stock,Biotechnology: Pharmaceutical Preparations,81,0.5699999928474426,-68.68131997691532,24,26,A
CUB,Lionheart Holdings Class A Ordinary Shares,Industrial Machinery/Components,103,10.880000114440918,-0.2749746415285914,55,34,C
CUBE,CubeSmart Common Shares,Real Estate Investment Trusts,60,37.61000061035156,-11.505880916819855,53,,D-
CUBI,Customers Bancorp Inc Common Stock,Major Banks,20,76.83000183105469,-8.15301801604188,59,56,C-
CUE,Cue Biopharma Inc. Common Stock,Biotechnology: Pharmaceutical Preparations,81,32.849998474121094,-13.187107976598488,98,7,E-
CULP,Culp Inc. Common Stock,Textiles,28,3.509999990463257,-21.30044931744931,63,7,A+
CUPR,Cuprina Holdings (Cayman) Limited Class A Ordinary Shares,Industrial Specialties,68,1.899999976158142,-78.7946432135163,7,,A
CURB,Curbline Properties Corp. Common Stock,Real Estate,74,28.440000534057617,-10.425195168322466,66,48,D
CURI,CuriosityStream Inc. Class A Common Stock,Movies/Entertainment,3,3.119999885559082,-36.42516260465545,60,68,A
CURR,Currenc Group Inc. Ordinary Shares,Business Services,66,3.009999990463257,-32.96213487971597,88,,E-
CURV,Torrid Holdings Inc. Common Stock,Clothing/Shoe/Accessory Stores,116,2.440000057220459,-11.272725191983312,91,54,A
CURX,Curanex Pharmaceuticals Inc Common Stock,Biotechnology: Pharmaceutical Preparations,81,4.449999809265137,-74.33679486674629,12,26,B+
CUVL,Clinuvel Pharmaceuticals Limited American Depositary Shares,Miscellaneous,140,5.78000020980835,-33.57609503330637,25,,E-
CUZ,Cousins Properties Incorporated Common Stock,Real Estate Investment Trusts,60,28.489999771118164,-11.79566425986427,67,67,C-
CV,CapsoVision Inc. Common Stock,Biotechnology: Electromedical & Electrotherapeutic Apparatus,58,6.170000076293945,-57.21220496775694,33,26,A-
CVBF,CVB Financial Corporation Common Stock,Major Banks,20,22.299999237060547,-4.291845634095203,68,44,C
CVCO,Cavco Industries Inc. Common Stock When Issued,Homebuilding,90,543.2100219726562,-22.14944760805101,43,45,C
CVE,Cenovus Energy Inc Common Stock,Oil & Gas Production,13,31.280000686645508,-7.783011865598488,92,71,C
CVEO,Civeo Corporation (Canada) Common Shares,Hotels/Resorts,87,33.0,-7.199103696362119,79,7,B-
CVGI,Commercial Vehicle Group Inc. Common Stock,Auto Parts:O.E.M.,94,3.009999990463257,-47.92387748783384,75,63,E
CVI,CVR Energy Inc. Common Stock,Integrated oil Companies,1,51.29999923706055,-5.245659742528364,95,35,A-
CVKD,Cadrenal Therapeutics Inc. Common Stock,Biotechnology: Pharmaceutical Preparations,81,1.2000000476837158,-91.54929532533693,4,26,A+
CVLG,Covenant Logistics Group Inc. Class A Common Stock,Trucking Freight/Courier Services,39,33.15999984741211,-33.38481828659711,72,54,E
CVLT,Commvault Systems Inc. Common Stock,Computer Software: Prepackaged Software,60,150.0,-22.291871238364212,79,68,B
CVM,Cel-Sci Corporation Common Stock,Biotechnology: Biological Products (No Diagnostic Substances),74,1.7200000286102295,-83.57211093846195,39,26,A-
CVNA,Carvana Co. Class A Common Stock,Retail-Auto Dealers and Gas Stations,113,64.18000030517578,-32.92925209770472,38,94,D-
CVR,Chicago Rivet & Machine Co. Common Stock,Industrial Machinery/Components,103,10.25,-29.937094708906177,36,26,C
CVRX,CVRx Inc. Common Stock,Medical/Dental Instruments,81,2.5299999713897705,-76.59574585400915,6,17,E-
CVS,CVS Health Corporation Common Stock,Retail-Drug Stores and Proprietary Stores,121,85.05000305175781,-22.625187334702634,55,66,E+
CVSA,Covista Inc. Common Shares,Other Consumer Services,124,124.16000366210938,-19.61152080584586,57,85,D+
CVU,CPI Aerostructures Inc. Common Stock,Military/Government/Technical,94,5.159999847412109,-11.945397101595034,88,65,C
CVV,CVD Equipment Corporation Common Stock,Industrial Machinery/Components,103,4.389999866485596,-47.36211287570079,44,63,E-
CVX,Chevron Corporation Common Stock,Integrated oil Companies,1,205.64999389648438,-5.565509545939451,81,75,C+
CW,Curtiss-Wright Corporation Common Stock,Industrial Machinery/Components,103,544.2100219726562,-31.353354874035556,30,76,E
CWBC,Community West Bancshares Common Stock,Major Banks,20,26.360000610351562,-5.477597540762613,69,40,C+
CWCO,Consolidated Water Co. Ltd. Ordinary Shares,Water Supply,42,27.829999923706055,-26.928425094466125,34,57,C-
CWD,CaliberCos Inc. Class A Common Stock,Real Estate,74,0.6579999923706055,-89.0333334604899,14,7,A+
CWEN,Clearway Energy Inc. Class C Common Stock,Electric Utilities: Central,87,29.190000534057617,-28.179023649350686,33,52,D
CWH,Camping World Holdings Inc. Class A Common Stock,Retail-Auto Dealers and Gas Stations,113,5.190000057220459,-69.63325104381506,12,35,E+
CWK,Cushman & Wakefield Ltd. Common Shares,Real Estate,74,12.279999732971191,-28.604655882163122,34,72,C-
CWST,Casella Waste Systems Inc. Class A Common Stock,Environmental Services,81,83.83000183105469,-21.902361942355498,42,39,C-
CWT,California Water Service Group Common Stock,Water Supply,42,46.0,-11.695267922670205,57,70,C-
CX,Cemex S.A.B. de C.V. Sponsored ADR,Building Materials,116,9.510000228881836,-29.43815495706833,31,54,E
CXAI,CXApp Inc. Class A Common Stock,EDP Services,116,2.5799999237060547,-94.51063846019989,3,26,E-
CXDO,Crexendo Inc. Common Stock,Telecommunications Equipment,94,5.869999885559082,-43.93505505396822,33,74,E
CXII,Churchill Capital Corp XII Class A Ordinary Shares,Blank Checks,47,10.720000267028809,-1.2891288588794625,61,,B-
CXM,Sprinklr Inc. Class A Common Stock,Computer Software: Prepackaged Software,60,5.300000190734863,-35.44457775750397,35,58,E-
CXT,Crane NXT Co. Common Stock,Metal Fabrications,58,47.15999984741211,-30.544686659492694,45,64,C
CXW,CoreCivic Inc. Common Stock,Real Estate Investment Trusts,60,34.36000061035156,-3.320203361785068,91,86,B
CYAB,Cyabra Inc. Common Stock,Computer Software: Prepackaged Software,60,0.23999999463558197,-93.49593520558466,4,26,A
CYCU,Cycurion Inc. Common Stock,EDP Services,116,2.859999895095825,-97.50387532963961,5,26,A
CYD,China Yuchai International Limited Common Stock,Industrial Machinery/Components,103,31.200000762939453,-46.71073421046219,22,,E
CYH,Community Health Systems Inc. Common Stock,Hospital/Nursing Management,25,2.880000114440918,-34.69387269636825,38,51,D-
CYN,Cyngn Inc. Common Stock,EDP Services,116,0.7120000123977661,-88.80503148662153,6,26,E-
CYPH,Cypherpunk Technologies Inc. Common Stock,Biotechnology: Pharmaceutical Preparations,81,4.079999923706055,0.0,99,7,A+
CYRX,CryoPort Inc. Common Stock,Biotechnology: Pharmaceutical Preparations,81,17.399999618530273,-1.248588026246067,93,7,B+
CYTK,Cytokinetics Incorporated Common Stock,Biotechnology: Pharmaceutical Preparations,81,65.66000366210938,-24.753607546787748,53,7,E
CZFS,Citizens Financial Services Inc. Common Stock,Major Banks,20,79.33000183105469,-4.601704389327777,83,60,C+
CZNC,Citizens & Northern Corp Common Stock,Major Banks,20,25.479999542236328,-2.4875608090574652,79,55,B-
CZR,Caesars Entertainment Inc. Common Stock,Hotels/Resorts,87,29.6200008392334,-2.597826412833537,63,17,C
CZWI,Citizens Community Bancorp Inc. Common Stock,Savings Institutions,13,21.209999084472656,-11.009313807713529,66,52,B-
D,Dominion Energy Inc. Common Stock,Electric Utilities: Central,87,60.400001525878906,-14.897211771409912,48,51,D-
DAC,Danaos Corporation Common Stock,Marine Transportation,5,154.66000366210938,-4.766004018022663,90,89,B-
DAIC,CID HoldCo Inc. Common Stock,EDP Services,116,3.4100000858306885,-95.71069171593624,41,,A+
DAIO,Data I/O Corporation Common Stock,Electrical Products,12,2.880000114440918,-32.39436714310083,37,1,C-
DAKT,Daktronics Inc. Common Stock,Miscellaneous manufacturing industries,133,17.209999084472656,-37.937254350618964,31,78,D-
DAL,Delta Air Lines Inc. Common Stock,Air Freight/Delivery Services,74,82.76000213623047,-11.419661673104297,70,80,C+
DAN,Dana Incorporated Common Stock,Auto Parts:O.E.M.,94,27.350000381469727,-29.18988851733928,62,76,D-
DAO,Youdao Inc. American Depositary Shares each representing one Class A Ordinary Share,Other Consumer Services,124,14.5600004196167,-21.084011829075934,90,77,D
DAR,Darling Ingredients Inc. Common Stock,Packaged Foods,113,61.7400016784668,-9.657587083838504,90,85,C-
DARE,Dare Bioscience Inc. Common Stock,Biotechnology: Pharmaceutical Preparations,81,0.7409999966621399,-77.33944951118357,6,7,E-
DASH,DoorDash Inc. Class A Common Stock,Business Services,66,187.52999877929688,-33.43862948838265,47,59,D+
DAVA,Endava plc American Depositary Shares (each representing one Class A Ordinary Share),EDP Services,116,1.7000000476837158,-82.3834184985944,7,32,E-
DAVE,Dave Inc. Class A Common Stock,Finance: Consumer Services,74,331.4549865722656,-25.099996048500138,88,82,D-
DB,Deutsche Bank AG Common Stock,Major Banks,20,35.619998931884766,-14.292594430046524,61,61,D-
DBCA,D. Boral Acquisition I Corp. Class A Ordinary Shares,Blank Checks,47,10.029999732971191,-0.49603364199709565,54,,C
DBD,Diebold Nixdorf Incorporated Common stock,Office Equipment/Supplies/Services,107,62.470001220703125,-31.162533090134293,31,89,D-
DBGI,Digital Brands Group Inc. Common Stock,Clothing/Shoe/Accessory Stores,116,5.130000114440918,-99.2786839108001,1,26,A+
DBI,Designer Brands Inc. Class A Common Stock,Clothing/Shoe/Accessory Stores,116,6.269999980926514,-30.059044651726662,76,52,A-
DBRG,DigitalBridge Group Inc.,Real Estate Investment Trusts,60,15.979999542236328,-0.06254051923064718,70,93,C+
DBVT,DBV Technologies S.A. American Depositary Shares,Biotechnology: Biological Products (No Diagnostic Substances),74,11.600000381469727,-52.73023655785609,23,26,E-
DBX,Dropbox Inc. Class A Common Stock,Computer Software: Prepackaged Software,60,32.65999984741211,-13.460523595983753,82,49,D-
DC,Dakota Gold Corp. Common Stock,Metal Mining,52,6.71999979019165,-4.000002997262142,90,7,A-
DCBO,Docebo Inc. Common Shares,Computer Software: Prepackaged Software,60,22.3700008392334,-23.17994438690304,71,96,B+
DCGO,DocGo Inc. Common Stock,Medical/Nursing Services,35,0.3400000035762787,-77.18120795972422,10,17,E-
DCH,Dauch Corporation Common Stock,Auto Parts:O.E.M.,94,5.420000076293945,-39.777776930067276,36,17,E
DCI,Donaldson Company Inc. Common Stock,Pollution Control Equipment,54,86.5999984741211,-20.909771725462967,51,79,C-
DCO,Ducommun Incorporated Common Stock,Military/Government/Technical,94,174.57000732421875,-15.658512451601192,89,75,B-
DCOM,Dime Commercial Bancshares Inc. Common Stock,Major Banks,20,40.209999084472656,-3.665554701650753,76,51,C
DCOY,Decoy Therapeutics Inc. Common Stock,Biotechnology: Pharmaceutical Preparations,81,3.109999895095825,-94.36594229689969,6,7,A+
DCTH,Delcath Systems Inc. Common Stock,Medical/Dental Instruments,81,16.079999923706055,-7.373275585498873,91,70,A-
DCX,Digital Currency X Technology Inc. Class A Ordinary Shares,Auto Manufacturing,137,0.05999999865889549,-99.97206704012736,1,,E-
DD,DuPont de Nemours Inc. Common Stock,Major Chemicals,71,130.22000122070312,-14.717080611519673,61,54,C-
DDC,DDC Enterprise Limited Class A Ordinary Shares,Packaged Foods,113,0.210999995470047,-97.83589748235849,2,,E-
DDD,3D Systems Corporation Common Stock,Computer Software: Prepackaged Software,60,3.430000066757202,-11.597939031209481,89,42,A-
DDI,DoubleDown Interactive Co. Ltd. American Depository Shares,EDP Services,116,13.0,-0.7633616683796363,87,93,B
DDL,Dingdong (Cayman) Limited American Depositary Shares (each two representing three Ordinary Shares),Catalog/Specialty Distribution,63,2.25,-29.687501047737886,61,97,B-
DDOG,Datadog Inc. Class A Common Stock,Computer Software: Prepackaged Software,60,256.9200134277344,-10.838098604981795,94,98,B
DDS,Dillard's Inc. Common Stock,Department/Specialty Retail Stores,40,651.7899780273438,-6.822573051287984,69,60,B-
DDT,Dillard's Capital Trust I,Department/Specialty Retail Stores,40,26.261999130249023,-0.5227291298306902,60,,C-
DE,Deere & Company Common Stock,Industrial Machinery/Components,103,694.9400024414062,-2.049385243786195,84,55,B+
DEA,Easterly Government Properties Inc. Common Stock,Real Estate Investment Trusts,60,22.709999084472656,-9.76608379477505,59,39,D+
DEC,Diversified Energy Company Common Stock,,,14.050000190734863,-20.156264548150638,61,,C-
DECK,Deckers Outdoor Corporation Common Stock,Shoe Manufacturing,50,78.68000030517578,-34.942947976791096,22,61,E+
DEFT,Defi Technologies Inc. Common Stock,Finance: Consumer Services,74,0.5320000052452087,-79.61685721731891,21,7,A
DEI,Douglas Emmett Inc. Common Stock,Real Estate Investment Trusts,60,9.670000076293945,-35.372761545080834,32,32,E+
DELL,Dell Technologies Inc. Class C Common Stock,Computer Manufacturing,87,536.02001953125,-8.902107870402165,99,95,A-
DEO,Diageo plc Common Stock,Beverages (Production/Distribution),110,86.83000183105469,-14.1309671942202,60,,B-
DERM,Journey Medical Corporation Common Stock,Biotechnology: Pharmaceutical Preparations,81,6.320000171661377,-31.74945987636838,39,7,D
DETX,Liberty Defense Holdings Ltd. Common Shares,Industrial Machinery/Components,103,2.0999999046325684,-63.22241872849327,7,26,E-
DFDV,DeFi Development Corp. Common Stock,Finance: Consumer Services,74,5.789999961853027,-67.6716917298598,92,26,A
DFH,Dream Finders Homes Inc. Class A Common Stock,Homebuilding,90,11.09000015258789,-58.60395754536841,13,41,E
DFIN,Donnelley Financial Solutions Inc. Common Stock,Other Consumer Services,124,49.220001220703125,-11.363222937700279,69,48,B-
DFLI,Dragonfly Energy Holdings Corp. Common Stock (NV),Industrial Machinery/Components,103,0.8989999890327454,-95.43654845575446,6,17,E
DFNS,T3 Defense Inc. Common Stock,Professional Services,47,7.869999885559082,-99.52375189799945,2,44,A+
DFSC,DEFSEC Technologies Inc. Common Stock,Computer Software: Prepackaged Software,60,1.059999942779541,-79.8095248994373,8,26,A+
DFTX,Definium Therapeutics Inc. Common Shares,Medicinal Chemicals and Botanical Products,123,36.72999954223633,-24.18988861950242,97,7,C-
DG,Dollar General Corporation Common Stock,Department/Specialty Retail Stores,40,122.52999877929688,-20.802015443660537,60,59,B-
DGICA,Donegal Group Inc. Class A Common Stock,Property-Casualty Insurers,42,17.920000076293945,-11.764094326506358,50,88,D+
DGICB,Donegal Group Inc. Class B Common Stock,Property-Casualty Insurers,42,17.40999984741211,-34.26876067123557,41,88,E-
DGII,Digi International Inc. Common Stock,Computer Communications Equipment,23,76.75,-9.96011036665937,91,93,B-
DGNX,Diginex Limited Ordinary Shares,EDP Services,116,1.399999976158142,-99.4424976093581,20,,A-
DGX,Quest Diagnostics Incorporated Common Stock,Medical Specialities,10,236.58999633789062,-4.38876570793536,80,57,C+
DGXX,Digi Power X Inc. Subordinate Voting Shares,Finance: Consumer Services,74,4.53000020980835,-46.45389847066037,89,26,B+
DH,Definitive Healthcare Corp. Class A Common Stock,Computer Software: Prepackaged Software,60,1.0099999904632568,-75.1231525936477,44,17,A
DHC,Diversified Healthcare Trust Common Shares of Beneficial Interest,Real Estate Investment Trusts,60,8.119999885559082,-15.767639041802695,83,7,C
DHI,D.R. Horton Inc. Common Stock,Homebuilding,90,140.35000610351562,-18.814161393208106,37,45,D
DHR,Danaher Corporation Common Stock,Industrial Machinery/Components,103,223.77000427246094,-7.162895065962815,72,67,B-
DHT,DHT Holdings Inc.,Marine Transportation,5,21.68000030517578,-6.832832493810336,93,95,B
DHX,DHI Group Inc. Common Stock,Business Services,66,4.730000019073486,-5.2104161116307335,96,94,B+
DIBS,1stdibs.com Inc. Common Stock,Catalog/Specialty Distribution,63,4.050000190734863,-37.01399224171833,39,17,B+
DIN,Dine Brands Global Inc. Common Stock,Restaurants,94,29.010000228881836,-23.785397013490595,49,56,D
DINO,HF Sinclair Corporation Common Stock,Natural Gas Distribution,31,105.79000091552734,-9.286573122956042,96,74,B
DIOD,Diodes Incorporated Common Stock,Semiconductors,29,94.73999786376953,-22.825027521070172,85,78,C+
DIS,Walt Disney Company (The) Common Stock,Services-Misc. Amusement & Recreation,99,105.55999755859375,-8.207759956362072,58,52,C
DIT,AMCON Distributing Company Common Stock,Food Distributors,74,67.55999755859375,-29.104565678575035,35,42,E-
DJCO,Daily Journal Corp. (S.C.) Common Stock,Newspapers/Magazines,23,655.010009765625,-4.747980783235716,84,44,B
DJT,Trump Media & Technology Group Corp. Common Stock,Computer Software: Programming Data Processing,90,9.100000381469727,-48.35414331418588,42,26,B
DK,Delek US Holdings Inc. Common Stock,Integrated oil Companies,1,66.91000366210938,-17.952175158542648,95,97,E
DKI,DarkIris Inc. Class A Ordinary Shares,Computer Software: Prepackaged Software,60,2.9000000953674316,-75.0,99,,A+
DKNG,DraftKings Inc. Class A Common Stock,Services-Misc. Amusement & Recreation,99,21.270000457763672,-50.47729899898615,25,42,D-
DKS,Dick's Sporting Goods Inc Common Stock,Other Specialty Stores,130,133.25,-43.75845820384187,13,47,E-
DLB,Dolby Laboratories Common Stock,Multi-Sector Companies,60,57.560001373291016,-18.959236128014357,48,47,C-
DLHC,DLH Holdings Corp.,Professional Services,47,3.7699999809265137,-42.61796221577294,16,32,D+
DLO,DLocal Limited Class A Common Shares,Business Services,66,13.880000114440918,-12.040555454258717,61,77,B+
DLPN,Dolphin Entertainment Inc. Common Stock,Other Consumer Services,124,1.090000033378601,-40.10989000192372,29,26,B+
DLR,Digital Realty Trust Inc. Common Stock,Real Estate Investment Trusts,60,181.0,-10.030808073491581,59,79,C+
DLTH,Duluth Holdings Inc. Class B Common Stock,Clothing/Shoe/Accessory Stores,116,4.019999980926514,-15.723270503123189,79,68,A+
DLTR,Dollar Tree Inc. Common Stock,Department/Specialty Retail Stores,40,113.5,-19.623259964866214,56,84,E+
DLX,Deluxe Corporation Common Stock,Publishing,37,24.290000915527344,-21.92108993752807,66,47,D+
DLXY,Delixy Holdings Limited Class A Ordinary Shares,Oil Refining/Marketing,107,0.46000000834465027,-93.15476156686708,16,,A+
DMAC,DiaMedica Therapeutics Inc. Common Stock,Biotechnology: Pharmaceutical Preparations,81,7.829999923706055,-16.613422391683063,73,26,A-
DMC,Del Monte Corporation Ordinary Shares,Farming/Seeds/Milling,116,30.510000228881836,-27.242402561339652,41,40,D+
DMII,Drugs Made In America Acquisition II Corp. Ordinary Shares,Blank Checks,47,10.15999984741211,-0.1964681450304373,55,99,C
DMIIU,Drugs Made In America Acquisition II Corp. Unit,,,10.199999809265137,-0.4878067388767171,54,,C
DMRA,Damora Therapeutics Inc. Ordinary Shares,Biotechnology: Pharmaceutical Preparations,81,20.270000457763672,-40.62682829481912,94,1,E
DMRC,Digimarc Corporation Common Stock,EDP Services,116,4.940000057220459,-69.93304951026532,18,35,E
DNA,Ginkgo Bioworks Holdings Inc. Class A Common Stock,Biotechnology: Biological Products (No Diagnostic Substances),74,10.25,-36.49318223286955,68,7,A
DNLI,Denali Therapeutics Inc. Common Stock,Biotechnology: Biological Products (No Diagnostic Substances),74,20.469999313354492,-24.770305027185145,62,7,D-
DNMX,Dynamix Corporation III Class A Ordinary Shares,Blank Checks,47,10.050000190734863,-0.2976164007763349,53,,C-
DNMXU,Dynamix Corporation III Unit,Blank Checks,47,10.149900436401367,-0.09940365317342437,52,,C
DNN,Denison Mines Corp Ordinary Shares (Canada),Other Metals and Minerals,141,2.630000114440918,-39.81692944359322,33,34,E+
DNOW,DNOW Inc. Common Stock,Oil and Gas Field Machinery,9,15.90999984741211,-5.690580581292448,76,17,B
DNTH,Dianthus Therapeutics Inc. Common Stock,Biotechnology: Pharmaceutical Preparations,81,90.70999908447266,-21.77475008567936,92,7,E+
DNUT,Krispy Kreme Inc. Common Stock,Food Chains,74,2.9800000190734863,-36.59574170196783,29,17,C-
DOC,Healthpeak Properties Inc. Common Stock,Real Estate Investment Trusts,60,20.270000457763672,-10.285679264058988,71,61,C-
DOCN,DigitalOcean Holdings Inc. Common Stock,Computer Software: Programming Data Processing,90,141.57000732421875,-21.909640594019653,97,73,B+
DOCS,Doximity Inc. Class A Common Stock,EDP Services,116,26.040000915527344,-65.33546330745818,40,49,A-
DOCU,DocuSign Inc. Common Stock,Computer Software: Prepackaged Software,60,68.98999786376953,-17.878828580559404,85,89,B+
DOGZ,Dogness (International) Corporation Class A Common Stock,Miscellaneous manufacturing industries,133,0.906499981880188,-93.94859806688045,9,,A+
DOLE,Dole plc Ordinary Shares,Farming/Seeds/Milling,116,12.899999618530273,-19.750725063458997,40,74,D
DOMH,Dominari Holdings Inc. Common Stock,Investment Bankers/Brokers/Service,56,2.299999952316284,-62.99872559633584,17,26,A-
DOO,BRP Inc. Common Subordinate Voting Shares,Industrial Specialties,68,55.38999938964844,-31.799637001361837,33,32,C+
DORM,Dorman Products Inc. Common Stock,Auto Parts:O.E.M.,94,122.5999984741211,-22.419794076349365,43,79,B
DOUG,Douglas Elliman Inc. Common Stock,Real Estate,74,1.5299999713897705,-50.48543644373912,22,42,D-
DOV,Dover Corporation Common Stock,Industrial Machinery/Components,103,187.88999938964844,-18.87048837643386,38,78,D-
DOW,Dow Inc. Common Stock,Major Chemicals,71,28.559999465942383,-30.295638943628045,61,41,D+
DOX,Amdocs Limited Ordinary Shares,EDP Services,116,57.849998474121094,-30.517434018725297,42,44,C+
DOYU,DouYu International Holdings Limited ADS,Computer Software: Programming Data Processing,90,4.650000095367432,-39.21568578563409,31,17,B-
DPC,DPC Holdings PLC Ordinary Shares,Metal Fabrications,58,41.34000015258789,-27.26952842785011,34,,D
DPRO,Draganfly Inc. Common Shares,Aerospace,120,5.570000171661377,-59.54974592233254,52,7,A
DPU,Top KingWin Ltd Class A Ordinary Shares,Business Services,66,1.6699999570846558,-64.23983019696335,20,,A
DPZ,Domino's Pizza Inc Common Stock,Food Distributors,74,293.0299987792969,-31.991385959581574,31,58,D+
DQ,DAQO New Energy Corp. American Depositary Shares each representing five ordinary shares,Semiconductors,29,11.449999809265137,-67.91818366533529,13,17,D
DRCT,Direct Digital Holdings Inc. Class A Common Stock,Advertising,124,1.5800000429153442,-98.11500829316645,6,7,A+
DRD,DRDGOLD Limited American Depositary Shares,Precious Metals,25,24.940000534057617,-33.9292667469812,53,,B
DRH,Diamondrock Hospitality Company Common Stock,Real Estate Investment Trusts,60,12.420000076293945,-7.174888116113342,83,78,C
DRI,Darden Restaurants Inc. Common Stock,Restaurants,94,207.24000549316406,-8.977506957198456,61,74,C-
DRIO,DarioHealth Corp. Common Stock,Medical/Dental Instruments,81,6.769999980926514,-60.979828057196706,37,7,B+
DRK,DarkHorse Technologies Inc. Common Shares,Finance: Consumer Services,74,3.049999952316284,-70.95238140651158,69,26,A
DRMA,Dermata Therapeutics Inc. Common Stock,Biotechnology: Pharmaceutical Preparations,81,1.1699999570846558,-78.252789364369,18,7,A
DRS,Leonardo DRS Inc. Common Stock,Industrial Machinery/Components,103,37.59000015258789,-24.199943061455244,36,90,C-
DRTS,Alpha Tau Medical Ltd. Ordinary Shares,Medical/Dental Instruments,81,14.770000457763672,-4.709674466040825,98,7,B
DRUG,Bright Minds Biosciences Inc. Common Stock,Biotechnology: Pharmaceutical Preparations,81,53.5099983215332,-44.25170809889812,28,26,D-
DRVN,Driven Brands Holdings Inc. Common Stock,Automotive Aftermarket,135,12.039999961853027,-29.54944497159736,31,54,D+
DSC,DSC Holdings Ltd. American Depositary Shares,Computer Software: Programming Data Processing,90,6.199999809265137,-31.56733419304367,17,,B+
DSGN,Design Therapeutics Inc. Common Stock,Biotechnology: Pharmaceutical Preparations,81,12.239999771118164,-23.21204458385666,81,17,E
DSGR,Distribution Solutions Group Inc. Common Stock,Industrial Specialties,68,34.95000076293945,-0.02859931863569143,82,72,B+
DSGX,Descartes Systems Group Inc. (The) Common Stock,Computer Software: Prepackaged Software,60,80.12999725341797,-18.28472440503792,61,78,B+
DSP,Viant Technology Inc. Class A Common Stock,Computer Software: Programming Data Processing,90,12.34000015258789,-12.420156004601457,74,42,A-
DSS,DSS Inc. Common Stock,Containers/Packaging,93,0.6769999861717224,-54.10169659466345,33,7,A+
DSWL,Deswell Industries Inc. Common Shares,Plastic Products,29,3.130000114440918,-14.748105316400329,44,,D
DSX,Diana Shipping inc. common stock,Marine Transportation,5,2.890000104904175,-7.0739484762867395,91,73,A-
DSY,Big Tree Cloud Holdings Limited Class A Ordinary Shares,Containers/Packaging,93,3.5999999046325684,-85.9375005820766,38,,A+
DT,Dynatrace Inc. Common Stock,Computer Software: Prepackaged Software,60,58.68000030517578,0.0,89,49,A-
DTCX,Datacentrex Inc. Common Stock,EDP Services,116,1.9900000095367432,-63.28413318220001,21,,B+
DTE,DTE Energy Company Common Stock,Electric Utilities: Central,87,121.18000030517578,-20.812974836329346,33,55,E+
DTI,Drilling Tools International Corporation Common Stock,Oil and Gas Field Machinery,9,2.450000047683716,-45.434294597445344,63,17,E+
DTIL,Precision BioSciences Inc. Common Stock,Biotechnology: Biological Products (No Diagnostic Substances),74,6.329999923706055,-31.788791962827258,70,7,B
DTM,DT Midstream Inc. Common Stock,Natural Gas Distribution,31,124.75,-16.658900642977837,46,79,D+
DTSS,Datasea Intelligent Technology Ltd. Class A Ordinary Shares,Computer Software: Prepackaged Software,60,0.8830000162124634,-61.60869415135372,41,,A+
DTST,Data Storage Corporation Common Stock,EDP Services,116,2.8499999046325684,-44.33593811845641,19,44,D-
DUK,Duke Energy Corporation (Holding Company) Common Stock,Power Generation,99,113.2300033569336,-13.672565779715384,40,67,D-
DUKR,DUKE Robotics Corp. Common Stock,Aerospace,120,5.309999942779541,-56.969206830471954,99,26,B
DUO,Fangdd Network Group Ltd. Class A Ordinary Shares,Real Estate,74,0.597000002861023,-84.69230799326999,11,,A+
DUOL,Duolingo Inc. Class A Common Stock,Computer Software: Prepackaged Software,60,147.75,-57.453853003640006,61,75,B
DUOT,Duos Technologies Group Inc. Common Stock,Computer Software: Prepackaged Software,60,9.550000190734863,-34.767759789769535,62,38,A-
DV,DoubleVerify Holdings Inc. Common Stock,Computer Software: Programming Data Processing,90,13.369999885559082,-1.109471650338989,83,83,A
DVA,DaVita Inc. Common Stock,Misc Health and Biotechnology Services,21,174.6699981689453,-27.510792952309004,69,88,E
DVLT,Datavault AI Inc. Common Stock,Business Services,66,0.15000000596046448,-95.61403501127957,4,26,E-
DVN,Devon Energy Corporation Common Stock,Oil & Gas Production,13,48.900001525878906,-4.80745010628072,80,61,B
DWSN,Dawson Geophysical Company Common Stock,Oil & Gas Production,13,3.0799999237060547,-59.313079869718266,76,17,E+
DWTX,Dogwood Therapeutics Inc. Common Stock,Biotechnology: Pharmaceutical Preparations,81,1.4299999475479126,-81.92161851917403,13,17,D-
DX,Dynex Capital Inc. Common Stock,Real Estate Investment Trusts,60,11.34000015258789,-14.55632436579144,45,85,E+
DXC,DXC Technology Company Common Stock,EDP Services,116,10.8100004196167,-29.941670733534377,53,98,B-
DXCM,DexCom Inc. Common Stock,Medical/Dental Instruments,81,87.47000122070312,-5.273982359028051,84,85,B+
DXF,Eason Technology Limited American Depositary Shares (each representing sixty-thousand (60000) Ordinary Shares),Finance: Consumer Services,74,0.5400000214576721,-91.21951198237485,22,,A
DXLG,Destination XL Group Inc. Common Stock,Clothing/Shoe/Accessory Stores,116,0.5199999809265137,-66.66666666666667,19,63,E
DXPE,DXP Enterprises Inc. Common Stock,Industrial Machinery/Components,103,193.64999389648438,-3.579965431442189,89,86,B
DXR,Daxor Corporation Common Stock,Medical/Dental Instruments,81,11.390000343322754,-22.779658689337257,57,,A
DXST,Decent Holding Inc Class A Ordinary Shares,Miscellaneous,140,2.299999952316284,-95.555555647698,14,,A+
DXYZ,Destiny Tech100 Inc. Common Stock,,,29.139999389648438,-59.09601310576661,62,,B-
DY,Dycom Industries Inc. Common Stock,Water Sewer Pipeline Comm & Power Line Construction,107,272.1000061035156,-49.159192844289535,19,95,E-
DYAI,Dyadic International Inc. Common Stock,Biotechnology: Biological Products (No Diagnostic Substances),74,0.4399999976158142,-70.06802795563209,10,26,E-
DYN,Dyne Therapeutics Inc. Common Stock,Biotechnology: Pharmaceutical Preparations,81,16.510000228881836,-38.349515289165225,37,7,E-
DYNC,Dynamix Corporation Class A Ordinary Shares,,,10.880000114440918,-0.6392666305344519,57,99,C
DYOR,Insight Digital Partners II Class A Ordinary Shares,Blank Checks,47,10.140000343322754,0.0,55,,C
E,ENI S.p.A. Common Stock,Oil & Gas Production,13,55.040000915527344,-2.8994872418846462,86,40,B-
EAF,GrafTech International Ltd. Common Stock,Industrial Machinery/Components,103,10.569999694824219,-46.67003099104758,78,17,A
EAI,Entergy Arkansas LLC First Mortgage Bonds 4.875% Series Due September 1 2066,Electric Utilities: Central,87,18.735000610351562,-9.513256339967658,42,,D+
EARN,Ellington Credit Company Common Shares of Beneficial Interest,Real Estate Investment Trusts,60,4.170000076293945,-16.202354119901475,45,,D+
EAT,Brinker International Inc. Common Stock,Restaurants,94,206.7100067138672,-18.59887976430056,86,77,C-
EBAY,eBay Inc. Common Stock,Business Services,66,107.83000183105469,-8.828431788369118,72,93,C-
EBC,Eastern Bankshares Inc. Common Stock,Savings Institutions,13,21.309999465942383,-9.28243939361707,66,43,C-
EBF,Ennis Inc. Common Stock,Office Equipment/Supplies/Services,107,22.309999465942383,-0.9764811983939636,73,48,B-
EBMT,Eagle Bancorp Montana Inc. Common Stock,Major Banks,20,21.399999618530273,-11.85418866430349,61,61,C
EBON,Ebang International Holdings Inc. Class A Ordinary Shares,Investment Bankers/Brokers/Service,56,2.009999990463257,-62.91512984926667,21,,B
EBS,Emergent BioSolutions Inc. Common Stock,Biotechnology: Pharmaceutical Preparations,81,6.769999980926514,-51.29496282934183,24,46,C
EC,Ecopetrol S.A. American Depositary Shares,Oil & Gas Production,13,16.3700008392334,-10.350489408313512,90,78,C
ECAT,BlackRock ESG Capital Allocation Term Trust Common Shares of Beneficial Interest,Finance/Investors Services,40,14.069999694824219,-7.927077643184555,59,,D-
ECBK,ECB Bancorp Inc. Common Stock,Banks,19,20.700000762939453,-3.9443086042402764,77,93,B
ECG,Everus Construction Group Inc. Common Stock,Homebuilding,90,116.69999694824219,-31.01206288612647,56,98,D
ECHO,EchoStar  Corporation Common Stock,Telecommunications Equipment,94,90.37999725341797,-36.262344634485835,41,35,C+
ECL,Ecolab Inc. Common Stock,Package Goods/Cosmetics,47,275.3699951171875,-9.973730393824598,55,80,C+
ECO,Okeanis Eco Tankers Corp. Common Stock,Marine Transportation,5,78.22000122070312,-9.362690087286285,98,98,B
ECOR,electroCore Inc. Common Stock,Biotechnology: Electromedical & Electrotherapeutic Apparatus,58,11.350000381469727,-7.64849132059372,96,26,A-
ECPG,Encore Capital Group Inc Common Stock,Finance Companies,64,97.58000183105469,-5.937918025412047,92,72,B-
ECVT,Ecovyst Inc. Common Stock,Major Chemicals,71,10.140000343322754,-32.26452797294903,41,47,D+
ECX,ECARX Holdings Inc. Class A Ordinary shares,EDP Services,116,1.100000023841858,-58.33333408591721,32,17,A-
ED,Consolidated Edison Inc. Common Stock,Power Generation,99,102.70999908447266,-9.561947564033446,50,66,D+
EDBL,Edible Garden AG Incorporated Common Stock,Farming/Seeds/Milling,116,1.1799999475479126,-99.88697318510077,1,26,E-
EDHL,Everbright Digital Holding Limited Ordinary Shares,Advertising,124,5.440000057220459,-71.66666749450891,62,,A+
EDIT,Editas Medicine Inc. Common Stock,Biotechnology: Biological Products (No Diagnostic Substances),74,2.75,-33.73494128181409,62,17,C-
EDN,Empresa Distribuidora Y Comercializadora Norte S.A. (Edenor) American Depositary Shares,Electric Utilities: Central,87,22.0,-38.392605533372894,35,72,C
EDRY,EuroDry Ltd. Common Shares,Marine Transportation,5,50.900001525878906,-29.1579643606923,99,63,A-
EDSA,Edesa Biotech Inc. Common Shares,Biotechnology: Pharmaceutical Preparations,81,4.03000020980835,-77.95404782040039,80,7,E
EDTK,Skillful Craftsman Education Technology Limited Ordinary Share,Other Consumer Services,124,1.0740000009536743,-4.107143180254768,67,,A
EDU,New Oriental Education & Technology Group Inc. Sponsored ADR representing 10 Ordinary Share (Cayman Islands),Other Consumer Services,124,57.08000183105469,-9.072181587529693,73,93,B
EDUC,Educational Development Corporation Common Stock,Consumer Specialties,42,1.2999999523162842,-21.21212296358922,39,42,D+
EDVA,Endovia Health Sciences Inc. Common Stock,Beverages (Production/Distribution),110,0.1899999976158142,-98.12992125522315,2,26,E-
EE,Excelerate Energy Inc. Class A Common Stock,Oil/Gas Transmission,50,33.56999969482422,-21.19152829262225,65,93,E
EEFT,Euronet Worldwide Inc. Common Stock,Investment Bankers/Brokers/Service,56,64.33000183105469,-28.082723280273004,35,50,D-
EEIQ,EpicQuest Education Group International Limited Common Stock,Other Consumer Services,124,4.099999904632568,-61.247637672984176,72,,B
EFC,Ellington Financial Inc. Common Stock,Real Estate,74,12.369999885559082,-8.901167390163511,52,68,D
EFOI,Energy Focus Inc. Common Stock,Building Products,105,2.740000009536743,-57.78120021312931,67,17,E
EFOR,Everforth Inc. Common Stock,Professional Services,47,32.43000030517578,-39.13288091557319,77,51,A-
EFSC,Enterprise Financial Services Corporation Common Stock,Major Banks,20,60.689998626708984,-10.941340980704862,57,45,D
EFSI,Eagle Financial Services Inc Common Stock,Major Banks,20,45.720001220703125,-1.8462871973916606,77,42,B
EFT,Eaton Vance Floating Rate Income Trust Common Shares of Beneficial Interest,Finance Companies,64,10.5,-5.002727816227582,51,,C-
EFX,Equifax Inc. Common Stock,Finance: Consumer Services,74,148.8000030517578,-41.537192882011844,28,48,E+
EFXT,Enerflex Ltd Common Shares,Industrial Machinery/Components,103,23.25,-17.897255180886486,86,60,C
EG,Everest Group Ltd. Common Stock,Property-Casualty Insurers,42,371.9599914550781,-6.199539016234478,69,56,D+
EGAN,eGain Corporation Common Stock,Computer Software: Prepackaged Software,60,5.789999961853027,-62.54851262893649,22,50,E-
EGBN,Eagle Bancorp Inc. Common Stock,Major Banks,20,28.31999969482422,-2.7462119041182897,74,61,B-
EGG,Enigmatig Limited Class A Ordinary Shares,Professional Services,47,2.6700000762939453,-75.39170523114515,8,,A+
EGHT,8x8 Inc Common Stock,EDP Services,116,2.2799999713897705,-17.39130509898733,81,42,A
EGO,Eldorado Gold Corporation Ordinary Shares,Precious Metals,25,42.130001068115234,-14.774993986705699,86,92,B+
EGP,EastGroup Properties Inc. Common Stock,Real Estate Investment Trusts,60,202.5,-9.347302545617886,67,84,C
EGY,VAALCO Energy Inc.  Common Stock,Oil & Gas Production,13,5.940000057220459,-9.027916785307388,86,7,C-
EH,EHang Holdings Limited ADS,Aerospace,120,4.539999961853027,-76.64609137278961,9,17,E
EHC,Encompass Health Corporation Common Stock,Hospital/Nursing Management,25,122.01000213623047,-3.5225696241722115,74,68,B
EHGO,Eshallgo Inc. Class A Ordinary Shares,Diversified Commercial Services,85,0.8870000243186951,-91.43160737969973,3,,A-
EHLD,Euroholdings Ltd. Common Stock,Marine Transportation,5,11.520000457763672,-26.62420001454201,94,85,A
EHTH,eHealth Inc. Common Stock,Specialty Insurers,66,0.8199999928474426,-85.48672603528308,7,17,E-
EIC,Eagle Point Income Company Common Shares of Beneficial Interest,Finance/Investors Services,40,9.420000076293945,-23.68519681862561,37,,D+
EIG,Employers Holdings Inc Common Stock,Property-Casualty Insurers,42,47.56999969482422,-7.749214252773362,67,54,C-
EIKN,Eikon Therapeutics Inc. Common Stock,Biotechnology: Biological Products (No Diagnostic Substances),74,8.289999961853027,-49.015991112177794,18,,B-
EIX,Edison International Common Stock,Electric Utilities: Central,87,52.540000915527344,-34.635478090547956,27,74,E
EJH,E-Home Household Service Holdings Limited Ordinary Shares,Other Consumer Services,124,1.2589999437332153,-95.35852555305728,7,,A+
EL,Estee Lauder Companies Inc. (The) Common Stock,Package Goods/Cosmetics,47,95.37000274658203,-19.433688236630154,71,32,B+
ELA,Envela Corporation Common Stock,Consumer Specialties,42,12.619999885559082,-56.30193818459899,31,94,D-
ELAB,PMGC Holdings Inc. Common Stock,Biotechnology: Pharmaceutical Preparations,81,4.519999980926514,-99.79143595040769,3,26,A-
ELAN,Elanco Animal Health Incorporated Common Stock,Biotechnology: Pharmaceutical Preparations,81,22.350000381469727,-16.728762092369966,49,57,E+
ELBM,Electra Battery Materials Corporation Common Stock,Industrial Machinery/Components,103,0.5270000100135803,-92.49287732983689,26,65,C-
ELC,Entergy Louisiana Inc. Collateral Trust Mortgage Bonds 4.875 % Series due September 1 2066,Electric Utilities: Central,87,18.690000534057617,-8.651419938456106,42,,D+
ELDN,Eledon Pharmaceuticals Inc. Common Stock,Biotechnology: Pharmaceutical Preparations,81,2.680000066757202,-38.53211044291937,54,26,D-
ELE,Elemental Royalty Corporation Common Stock,Precious Metals,25,20.149999618530273,-16.6054585344671,82,48,B-
ELF,e.l.f. Beauty Inc. Common Stock,Package Goods/Cosmetics,47,100.56999969482422,-30.67485033618349,85,69,A-
ELLO,Ellomay Capital Ltd Ordinary Shares (Israel),Electric Utilities: Central,87,21.979999542236328,-26.216855096571123,65,63,B
ELMD,Electromed Inc. Common Stock,Biotechnology: Electromedical & Electrotherapeutic Apparatus,58,27.860000610351562,-39.84020776466737,42,89,E
ELME,Elme Communities Common Stock,Real Estate Investment Trusts,60,1.7000000476837158,-46.540880125914995,41,,C
ELMT,The Elmet Group Co. Common Stock,Metal Fabrications,58,19.729999542236328,-14.142733092864646,65,,A+
ELOG,Eastern International Ltd. Ordinary Shares,Integrated Freight & Logistics,138,0.49000000953674316,-83.50168333951054,7,,E-
ELOX,Eloxx Pharmaceuticals Inc. Common Stock,Biotechnology: Biological Products (No Diagnostic Substances),74,16.0,-23.73689061437173,90,,B
ELPC,Companhia Paranaense de Energia (COPEL) American Depositary Shares (each representing four (4) Common Shares),Electric Utilities: Central,87,12.079999923706055,-9.779182327235636,74,90,C+
ELPW,Elong Power Holding Limited Class A Ordinary Shares,Industrial Machinery/Components,103,2.680000066757202,-99.99465965234585,1,,A
ELS,Equity Lifestyle Properties Inc. Common Stock,Real Estate Investment Trusts,60,59.54999923706055,-11.973395574455047,48,75,D+
ELTK,Eltek Ltd. Ordinary Shares,Electrical Products,12,8.119999885559082,-29.69697184877318,34,32,A+
ELTX,Elicio Therapeutics Inc. Common Stock,Biotechnology: Pharmaceutical Preparations,81,1.8799999952316284,-87.34006769738842,4,7,E+
ELUT,Elutia Inc. Class A Common Stock,Biotechnology: Biological Products (No Diagnostic Substances),74,0.8299999833106995,-31.967216078166892,44,39,E+
ELV,Elevance Health Inc. Common Stock,Medical Specialities,10,398.25,-6.280988210018224,75,46,C-
ELVA,Electrovaya Inc. Common Shares,Industrial Machinery/Components,103,6.389999866485596,-47.87928428066277,24,54,A-
ELVN,Enliven Therapeutics Inc. Common Stock,Biotechnology: Pharmaceutical Preparations,81,45.16999816894531,-26.132465998665268,93,7,E
ELVR,Elevra Lithium Limited American Depository Shares,Mining & Quarrying of Nonmetallic Minerals (No Fuels),94,42.83000183105469,-58.1452154161334,49,,E
ELWT,Elauwit Connection Inc. Common Stock,Telecommunications Equipment,94,6.894999980926514,-22.002264005526996,68,26,B
EMA,Emera Incorporated Common Shares,Electric Utilities: Central,87,47.7599983215332,-12.491150385881266,45,46,D
EMAT,Evolution Metals & Technologies Corp. Common Stock,Industrial Machinery/Components,103,3.2100000381469727,-83.1052629571212,5,,B-
EMBC,Embecta Corp. Common Stock,Medical/Dental Instruments,81,5.619999885559082,-60.536403829919514,56,43,A-
EMBJ,Embraer S.A. Common Stock,Aerospace,120,76.4000015258789,-3.815694294938732,81,83,B-
EME,EMCOR Group Inc. Common Stock,Engineering & Construction,71,751.9600219726562,-20.28095915879583,56,95,C-
EML,Eastern Company (The) Common Stock,Industrial Machinery/Components,103,24.600000381469727,-15.93783922681623,70,50,B
EMN,Eastman Chemical Company Common Stock,Major Chemicals,71,66.19000244140625,-15.678788370053775,52,52,C-
EMP,Entergy Mississippi LLC First Mortgage Bonds 4.90% Series Due October 1 2066,Electric Utilities: Central,87,19.075000762939453,-8.385866050799851,43,,D+
EMPD,Empery Digital Inc. Common stock,Auto Manufacturing,137,2.930000066757202,-63.37499916553497,17,26,A-
EMR,Emerson Electric Company Common Stock,Consumer Electronics/Appliances,64,156.13999938964844,-4.690651371158183,72,56,B-
ENB,Enbridge Inc Common Stock,Natural Gas Distribution,31,47.349998474121094,-17.29605085800767,40,,D-
ENGN,enGene Therapeutics Inc. Common Stock,Biotechnology: Biological Products (No Diagnostic Substances),74,1.9199999570846558,-84.22350086238174,12,26,B+
ENGS,Energys Group Limited Ordinary Shares,Engineering & Construction,71,2.9100000858306885,-76.18657919605569,93,,A-
ENHA,Enhanced Group Inc. Class A Common Stock,Services-Misc. Amusement & Recreation,99,1.4700000286102295,-84.84536023179989,4,,E-
ENIC,Enel Chile S.A. American Depositary Shares (Each representing 50 shares of Common Stock),Electric Utilities: Central,87,4.239999771118164,-9.012877468809123,62,36,E+
ENLT,Enlight Renewable Energy Ltd. Ordinary Shares,Electric Utilities: Central,87,68.87000274658203,-35.88716819910348,85,99,D-
ENLV,Enlivex Ltd. Ordinary Shares,Biotechnology: Pharmaceutical Preparations,81,0.6060000061988831,-96.66115692046525,1,,E-
ENO,Entergy New Orleans LLC First Mortgage Bonds 5.50% Series due April 1 2066,Power Generation,99,20.329999923706055,-10.413260025139282,41,,D+
ENOV,Enovis Corporation Common Stock,Industrial Specialties,68,18.270000457763672,-44.41739868740522,21,17,E
ENPH,Enphase Energy Inc. Common Stock,Semiconductors,29,32.81999969482422,-54.624638650661495,26,44,E+
ENR,Energizer Holdings Inc. Common Stock,Industrial Machinery/Components,103,22.200000762939453,-10.787872748943217,66,55,B-
ENRD,Einride AB American Depositary Shares,EDP Services,116,3.8299999237060547,-74.44963320756368,6,,E-
ENS,EnerSys Common Stock,Industrial Machinery/Components,103,177.1300048828125,-27.004990381056547,64,89,C
ENSC,Ensysce Biosciences Inc. Common Stock,Biotechnology: Pharmaceutical Preparations,81,0.4000000059604645,-84.435797029156,27,17,A+
ENSG,The Ensign Group Inc. Common Stock,Hospital/Nursing Management,25,173.27999877929688,-19.65553431320457,50,67,C
ENTA,Enanta Pharmaceuticals Inc. Common Stock,Biotechnology: Pharmaceutical Preparations,81,12.0,-28.783384401601353,58,17,D
ENTG,Entegris Inc. Common Stock,Plastic Products,29,148.6300048828125,-19.154398527673923,81,86,D+
ENTX,Entera Bio Ltd. Ordinary Shares,Biotechnology: Biological Products (No Diagnostic Substances),74,2.799999952316284,-28.571431178045636,96,7,A
ENVA,Enova International Inc. Common Stock,Finance: Consumer Services,74,171.89999389648438,-35.2420470930643,60,92,E
ENVB,Enveric Biosciences Inc. Common Stock,Biotechnology: Pharmaceutical Preparations,81,1.5449999570846558,-85.69444509445393,21,26,E+
ENVX,Enovix Corporation Common Stock,Industrial Machinery/Components,103,2.9600000381469727,-77.55875563067337,8,17,E-
EOCN,Eocene Ltd. Ordinary Shares,Biotechnology: Pharmaceutical Preparations,81,3.619999885559082,-71.89441107612741,14,26,A
EOG,EOG Resources Inc. Common Stock,Oil & Gas Production,13,142.86000061035156,-7.076885972464908,75,73,C-
EOLS,Evolus Inc. Common Stock,Biotechnology: Pharmaceutical Preparations,81,7.860000133514404,-15.48387126545504,83,17,B
EONR,EON Resources Inc. Class A Common Stock,Oil & Gas Production,13,0.515999972820282,-66.27451094972406,56,,B+
EOSE,Eos Energy Enterprises Inc. Class A Common Stock,Industrial Machinery/Components,103,3.244999885559082,-83.09015218733325,8,17,E+
EOT,Eaton Vance Municipal Income Trust EATON VANCE NATIONAL MUNICIPAL OPPORTUNITIES TRUST,Investment Bankers/Brokers/Service,56,15.40999984741211,-11.933134707364612,40,,E+
EP,Empire Petroleum Corporation Common Stock,Oil & Gas Production,13,2.259999990463257,-53.11203506276492,20,17,E
EPAC,Enerpac Tool Group Corp. Common Stock,Industrial Machinery/Components,103,36.040000915527344,-16.225010385783644,43,88,C+
EPAM,EPAM Systems Inc. Common Stock,EDP Services,116,106.98999786376953,-51.675699723012315,44,87,B
EPC,Edgewell Personal Care Company Common Stock,Package Goods/Cosmetics,47,27.329999923706055,-7.354183353588251,86,37,B-
EPD,Enterprise Products Partners L.P. Common Stock,Natural Gas Distribution,31,37.27000045776367,-5.309959654924967,68,66,C
EPM,Evolution Petroleum Corporation Inc. Common Stock,Oil & Gas Production,13,3.630000114440918,-22.065606003415837,44,31,E
EPOW,E-Power Inc. Class A Ordinary Shares,Industrial Machinery/Components,103,5.730000019073486,-83.62857137407576,4,,A+
EPR,EPR Properties Common Stock,Real Estate Investment Trusts,60,56.810001373291016,-10.781714338433856,64,52,D
EPRT,Essential Properties Realty Trust Inc. Common Stock,Real Estate Investment Trusts,60,26.469999313354492,-21.877067713657127,35,87,E+
EPRX,Eupraxia Pharmaceuticals Inc. Common Stock,Pharmaceuticals and Biotechnology,,8.15999984741211,-10.033074730216352,83,26,A
EPSM,Epsium Enterprise Limited Class A Ordinary Shares,Beverages (Production/Distribution),110,1.4199999570846558,-96.22641531549715,23,,A+
EPSN,Epsilon Energy Ltd. Common Share,Oil & Gas Production,13,6.03000020980835,-5.080741770449282,76,41,B-
EQ,Equillium Inc. Common Stock,Biotechnology: Pharmaceutical Preparations,81,1.7200000286102295,-46.24999990686774,35,17,D
EQBK,Equity Bancshares Inc. Class A Common Stock,Major Banks,20,48.16999816894531,-6.881889435132038,64,90,C+
EQH,Equitable Holdings Inc. Common Stock,Specialty Insurers,66,52.61000061035156,-2.6461885287735076,76,17,B
EQIX,Equinix Inc. Common Stock REIT,Real Estate Investment Trusts,60,1034.760009765625,-6.831523710949739,72,77,C
EQNR,Equinor ASA,Integrated oil Companies,1,43.16999816894531,-5.639348264600407,92,73,B
EQPT,EquipmentShare.com Inc Class A Common Stock,Diversified Commercial Services,85,16.31999969482422,-52.873233637146846,17,38,E
EQS,Equus Total Return Inc. Common Stock,Finance/Investors Services,40,0.949999988079071,-61.06557517210596,13,33,E-
EQT,EQT Corporation Common Stock,Oil & Gas Production,13,51.869998931884766,-23.186638933265847,45,39,C
EQX,Equinox Gold Corp. Common Shares,Precious Metals,25,11.729999542236328,-37.21306533042964,62,82,B
ERAS,Erasca Inc. Common Stock,Biotechnology: Pharmaceutical Preparations,81,14.520000457763672,-35.38050333123925,99,17,D+
ERIC,Ericsson American Depositary Shares,Radio And Television Broadcasting And Communications Equipment,71,9.510000228881836,-30.786023382095664,43,51,D
ERIE,Erie Indemnity Company Class A Common Stock,Specialty Insurers,66,218.9600067138672,-32.52647615465093,33,60,E+
ERII,Energy Recovery Inc. Common Stock,Industrial Machinery/Components,103,6.829999923706055,-62.28603151011454,14,34,E+
ERNA,Ernexa Therapeutics Inc. Common Stock,Biotechnology: Pharmaceutical Preparations,81,3.619999885559082,-92.29787258391686,6,26,A
ERO,Ero Copper Corp. Common Shares,Metal Mining,52,37.11000061035156,-8.143566315015804,93,82,A-
EROC,ERock Inc. Class A Common Stock,Industrial Machinery/Components,103,12.0600004196167,-35.679997762044266,18,,A-
EROK,EagleRock Land LLC Class A shares representing limited liability company interests,Oil & Gas Production,13,22.010000228881836,-17.25563942392049,59,,D
ES,Eversource Energy (D/B/A) Common Stock,Electric Utilities: Central,87,63.79999923706055,-14.377069247179275,43,42,E+
ESAB,ESAB Corporation Common Stock,Industrial Machinery/Components,103,67.88999938964844,-49.52942030580193,15,75,E+
ESCA,Escalade Incorporated Common Stock,Recreational Games/Products/Toys,81,19.309999465942383,-14.557525929180482,83,79,C
ESE,ESCO Technologies Inc. Common Stock,Telecommunications Equipment,94,268.4200134277344,-24.349617851300977,53,92,D
ESEA,Euroseas Ltd. Common Stock (Marshall Islands),Marine Transportation,5,71.02999877929688,-9.560568438769245,74,59,C
ESI,Element Solutions Inc. Common Stock,Major Chemicals,71,34.5,-29.562367666115097,57,87,E+
ESLA,Estrella Immunopharma Inc. Common Stock,Biotechnology: Biological Products (No Diagnostic Substances),74,0.47099998593330383,-84.55737726895343,8,26,E
ESLT,Elbit Systems Ltd. Ordinary Shares,Military/Government/Technical,94,739.719970703125,-26.899771342612723,70,79,D
ESNT,Essent Group Ltd. Common Shares,Property-Casualty Insurers,42,64.26000213623047,-7.712186311947466,60,50,C-
ESOA,Energy Services of America Corporation Common Stock,Water Sewer Pipeline Comm & Power Line Construction,107,11.09000015258789,-42.65770390335837,36,92,E
ESP,Espey Mfg. & Electronics Corp. Common Stock,Industrial Machinery/Components,103,63.25,-10.677253843242285,79,90,C+
ESQ,Esquire Financial Holdings Inc. Common Stock,Commercial Banks,13,123.16999816894531,-7.1942362502745,70,62,C+
ESRT,Empire State Realty Trust Inc. Class A Common Stock,Real Estate Investment Trusts,60,4.159999847412109,-46.40976563649365,20,34,E
ESS,Essex Property Trust Inc. Common Stock,Real Estate Investment Trusts,60,271.6499938964844,-8.94311463032177,59,55,D
ESTA,Establishment Labs Holdings Inc. Common Shares,Industrial Specialties,68,65.58000183105469,-31.437531850627863,51,7,D-
ESTC,Elastic N.V. Ordinary Shares,Computer Software: Prepackaged Software,60,91.27999877929688,-8.637778567198085,91,42,A-
ESYN,EnerSyn Global Inc. Common Stock,Other Pharmaceuticals,46,2.559999942779541,-17.948716773083884,93,36,A
ETD,Ethan Allen Interiors Inc. Common Stock,Home Furnishings,33,21.049999237060547,-11.844887108858915,63,43,B
ETN,Eaton Corporation PLC Ordinary Shares,Industrial Machinery/Components,103,440.0,-4.339506006149563,76,52,B
ETO,Eaton Vance Tax-Advantage Global Dividend Opp Common Stock,Investment Managers,55,30.43000030517578,-4.664552335084704,68,,C+
ETON,Eton Pharmaceuticals Inc. Common Stock,Biotechnology: Pharmaceutical Preparations,81,59.4900016784668,-7.6672335919764745,98,97,A-
ETOR,eToro Group Ltd. Class A Common Shares,Investment Bankers/Brokers/Service,56,26.809999465942383,-38.97109201070581,20,95,E
ETR,Entergy Corporation Common Stock,Electric Utilities: Central,87,98.16000366210938,-15.860618244577463,47,46,D-
ETS,Elite Express Holding Inc. Class A Common Stock,Trucking Freight/Courier Services,39,1.6299999952316284,-37.30769019155099,98,26,A+
ETSS,Energy Transition Special Opportunities Class A Ordinary Shares,Blank Checks,47,9.949999809265137,0.0,53,,C+
ETSY,Etsy Inc. Common Stock,Business Services,66,68.9800033569336,-20.739969752426447,68,42,E+
ETX,Eaton Vance Municipal Income 2028 Term Trust Common Shares of Beneficial Interest,Investment Managers,55,17.530000686645508,-6.857095370252608,44,,D
EU,enCore Energy Corp. Common Shares,Other Metals and Minerals,141,1.2200000286102295,-70.02457058589694,16,7,E-
EUDA,EUDA Health Holdings Limited Ordinary Shares,Medical/Nursing Services,35,16.420000076293945,-78.89460227222581,47,,A
EVAX,Evaxion A/S American Depositary Share,Biotechnology: Biological Products (No Diagnostic Substances),74,3.259999990463257,-70.39055474393628,41,17,A-
EVC,Entravision Communications Corporation Common Stock,Broadcasting,68,7.800000190734863,-41.777985070509786,97,7,E
EVCM,EverCommerce Inc. Common Stock,Computer Software: Prepackaged Software,60,8.319999694824219,-37.9104482710667,26,86,C-
EVER,EverQuote Inc. Class A Common Stock,Computer Software: Programming Data Processing,90,18.059999465942383,-35.19914272654486,30,64,E-
EVEX,Eve Holding Inc. Common Stock,Aerospace,120,2.0899999141693115,-58.695653403086,17,7,D
EVF,Eaton Vance Senior Income Trust Common Stock,Investment Bankers/Brokers/Service,56,4.869999885559082,-4.298222919426465,50,,C
EVGN,Evogene Ltd Ordinary Shares,Agricultural Chemicals,136,0.41999998688697815,-71.23287836211013,16,17,B+
EVGO,EVgo Inc. Class A Common Stock,Automotive Aftermarket,135,1.3300000429153442,-73.45309416857687,12,17,C+
EVH,Evolent Health Inc Class A Common Stock,Other Consumer Services,124,3.5199999809265137,-63.37148692319945,31,66,E
EVI,EVI Industries Inc.  Common Stock,Other Consumer Services,124,19.6200008392334,-42.14096514192788,52,41,A
EVLV,Evolv Technologies Holdings Inc. Class A Common Stock,Computer peripheral equipment,42,4.900000095367432,-40.96385562933828,25,17,D+
EVMN,Evommune Inc. Common Stock,Biotechnology: Pharmaceutical Preparations,81,8.800000190734863,-72.12543466645143,7,17,E-
EVN,Eaton Vance Municipal Income Trust Common Stock,Investment Managers,55,9.789999961853027,-11.807692648031509,41,,D-
EVO,Evotec SE American Depositary Shares,Biotechnology: Pharmaceutical Preparations,81,1.5299999713897705,-63.13253165710331,10,7,E-
EVR,Evercore Inc. Class A Common Stock,Investment Managers,55,256.92999267578125,-32.3857906014996,23,50,E+
EVRG,Evergy Inc. Common Stock,Power Generation,99,77.66000366210938,-11.14438705827533,51,65,D+
EVTC,Evertec Inc. Common Stock,EDP Services,116,28.200000762939453,-17.64327166210624,51,38,C-
EVTL,Vertical Aerospace Ltd. Ordinary Shares,Aerospace,120,0.6769999861717224,-90.70054990850687,4,,E-
EW,Edwards Lifesciences Corporation Common Stock,Industrial Specialties,68,85.7300033569336,-9.928553181280364,55,41,C-
EWBC,East West Bancorp Inc. Common Stock,Major Banks,20,125.62000274658203,-8.038069448264107,66,61,C-
EWTX,Edgewise Therapeutics Inc. Common Stock,Biotechnology: Pharmaceutical Preparations,81,41.15999984741211,-14.870731858569485,93,7,C
EXC,Exelon Corporation Common Stock,Power Generation,99,40.20000076293945,-18.543592039491042,36,52,D
EXE,Expand Energy Corporation Common Stock,Oil & Gas Production,13,88.62000274658203,-26.61618618497198,37,61,D+
EXEL,Exelixis Inc. Common Stock,Biotechnology: Biological Products (No Diagnostic Substances),74,57.95000076293945,-1.9956033889065417,82,81,B-
EXFY,Expensify Inc. Class A Common Stock,Computer Software: Prepackaged Software,60,2.259999990463257,-16.911765930458735,95,17,A-
EXK,Endeavour Silver Corporation Ordinary Shares (Canada),Precious Metals,25,9.15999984741211,-35.12747930840781,65,65,D
EXLS,ExlService Holdings Inc. Common Stock,Business Services,66,35.15999984741211,-20.145353572109304,69,61,B
EXOD,Exodus Movement Inc. Class A Common Stock,Finance: Consumer Services,74,7.949999809265137,-75.15625059604645,47,26,A
EXOZ,eXoZymes Inc. Common Stock,Biotechnology: Biological Products (No Diagnostic Substances),74,6.335000038146973,-61.606060374866836,18,26,D
EXP,Eagle Materials Inc Common Stock,Building Materials,116,177.42999267578125,-26.268639151405793,27,46,D-
EXPD,Expeditors International of Washington Inc. Common Stock,Integrated Freight & Logistics,138,183.66000366210938,-5.281067847707998,83,68,B-
EXPE,Expedia Group Inc. Common Stock,Transportation Services,110,261.75,-22.705942307631656,62,95,E
EXPO,Exponent Inc. Common Stock,Professional Services,47,64.45999908447266,-18.087030035915507,55,56,C
EXR,Extra Space Storage Inc Common Stock,Real Estate Investment Trusts,60,132.22999572753906,-12.47318641810139,49,59,D
EXTR,Extreme Networks Inc. Common Stock,Computer Communications Equipment,23,21.639999389648438,-35.805399058535855,54,62,E+
EXYN,Exyn Technologies Inc. Common Stock,Computer Software: Prepackaged Software,60,2.4200000762939453,-64.61988271479282,8,,A+
EYE,National Vision Holdings Inc. Common Stock,Ophthalmic Goods,128,16.40999984741211,-44.297351129039065,19,61,D-
EYPT,EyePoint Inc. Common Stock,Biotechnology: Laboratory Analytical Instruments,4,3.6500000953674316,-80.63660466046716,4,7,E-
EZGO,EZGO Technologies Ltd. Ordinary Shares,Motor Vehicles,113,1.090000033378601,-99.87023809126445,5,,A+
EZPW,EZCORP Inc. Class A Non Voting Common Stock,Other Specialty Stores,130,30.290000915527344,-14.891821338402444,81,95,B-
EZRA,Reliance Global Group Inc. Common Stock,Specialty Insurers,66,2.700000047683716,-93.49648298703411,8,17,A+
F,Ford Motor Company Common Stock,Auto Manufacturing,137,12.600000381469727,-26.969827151627925,52,37,D-
FA,First Advantage Corporation Common Stock,EDP Services,116,19.920000076293945,-17.412937880614688,88,63,D
FABC,Fabric.AI Inc. Common Stock,Telecommunications Equipment,94,2.309999942779541,-62.439025903112125,19,7,E
FAC,Factorial Energy Inc. Class A Common Stock,Industrial Machinery/Components,103,6.039999961853027,-72.47037459056989,11,,A
FAF,First American Corporation (New) Common Stock,Specialty Insurers,66,65.5999984741211,-17.1298693287945,61,87,E+
FAMI,Farmmi Inc. Class A Ordinary Shares,Packaged Foods,113,0.12999999523162842,-93.46733695434044,1,,A+
FANG,Diamondback Energy Inc. Common Stock,Oil & Gas Production,13,189.00999450683594,-10.64624611280669,72,71,E-
FAST,Fastenal Company Common Stock,RETAIL: Building Materials,132,50.72999954223633,-3.150060122628162,70,57,C+
FATE,Fate Therapeutics Inc. Common Stock,Biotechnology: Biological Products (No Diagnostic Substances),74,2.3299999237060547,-25.080385778139625,96,17,B+
FATN,FatPipe Inc. Common Stock,Computer Software: Prepackaged Software,60,5.449999809265137,-31.532666040867817,93,91,B+
FBGL,FBS Global Limited Ordinary Shares,Homebuilding,90,0.37299999594688416,-72.97101469306328,12,,A+
FBIN,Fortune Brands Innovations Inc. Common Stock,Forest Products,85,37.9900016784668,-39.9870993533587,28,59,D
FBIO,Fortress Biotech Inc. Common Stock,Biotechnology: Pharmaceutical Preparations,81,2.2799999713897705,-47.945207492744565,18,37,E+
FBIZ,First Business Financial Services Inc. Common Stock,Major Banks,20,70.19999694824219,-3.637613701282749,81,87,B
FBK,FB Financial Corporation Common Stock,Major Banks,20,52.810001373291016,-14.932345657771029,47,91,D
FBLA,FB Bancorp Inc. Common Stock,Banks,19,16.260000228881836,-0.3676437932864096,77,33,B-
FBLG,FibroBiologics Inc. Common Stock,Biotechnology: Pharmaceutical Preparations,81,1.3600000143051147,-88.88888856424485,33,26,A
FBNC,First Bancorp Common Stock,Major Banks,20,62.79999923706055,-5.3361430452901315,69,58,C+
FBP,First BanCorp. New Common Stock,Major Banks,20,26.790000915527344,-9.15183461449277,75,71,C-
FBRT,Franklin BSP Realty Trust Inc. Common Stock,Real Estate Investment Trusts,60,7.300000190734863,-28.27230792455263,30,59,E+
FBYD,Falcon's Beyond Global Inc. Class A Common Stock,Services-Misc. Amusement & Recreation,99,6.75,-67.54807573274744,10,42,E
FC,Franklin Covey Company Common Stock,Other Consumer Services,124,17.270000457763672,-32.40704119977682,36,79,D-
FCAP,First Capital Inc. Common Stock,Savings Institutions,13,61.150001525878906,-10.804254302901183,71,72,D+
FCBC,First Community Bankshares Inc. (VA) Common Stock,Major Banks,20,47.43000030517578,-4.2785044692778325,80,75,C+
FCBM,First Carolina Financial Services Inc. Common Stock,Major Banks,20,12.710000038146973,-4.003019200403135,51,,E
FCCO,First Community Corporation Common Stock,Major Banks,20,32.650001525878906,-6.279778939026903,66,66,B
FCEL,FuelCell Energy Inc. Common Stock,Industrial Machinery/Components,103,16.389999389648438,-54.48486488862853,92,7,D+
FCF,First Commonwealth Financial Corporation Common Stock,Major Banks,20,20.940000534057617,-3.9746226059454215,73,78,C
FCFS,FirstCash Holdings Inc. Common Stock,Other Specialty Stores,130,216.39999389648438,-8.471851879961868,77,81,C+
FCHL,Fitness Champs Holdings Limited Common Stock,Services-Misc. Amusement & Recreation,99,0.9700000286102295,-99.69206348298087,5,,A+
FCN,FTI Consulting Inc. Common Stock,Professional Services,47,130.4499969482422,-30.25183243348113,29,59,D-
FCNCA,First Citizens BancShares Inc. Class A Common Stock,Major Banks,20,2056.830078125,-10.148230033046069,57,80,C-
FCNCP,First Citizens BancShares Inc. Depositary Shares,Major Banks,20,18.893999099731445,-11.214116116400884,43,,C-
FCPT,Four Corners Property Trust Inc. Common Stock,Real Estate Investment Trusts,60,22.139999389648438,-15.612077169305305,43,46,E+
FCUV,Focus Universal Inc. Common Stock,Industrial Machinery/Components,103,4.730000019073486,-97.5768442146402,9,26,A+
FCX,Freeport-McMoRan Inc. Common Stock,Metal Mining,52,72.08000183105469,-9.798525181106221,86,57,B
FDBC,Fidelity D & D Bancorp Inc. Common Stock,Major Banks,20,54.709999084472656,-3.543727244309025,78,51,C
FDMT,4D Molecular Therapeutics Inc. Common Stock,Biotechnology: Biological Products (No Diagnostic Substances),74,14.710000038146973,-12.231504550949712,92,7,A-
FDS,FactSet Research Systems Inc. Common Stock,Computer Software: Programming Data Processing,90,271.25,-13.490667976328751,77,52,C-
FDSB,Fifth District Bancorp Inc. Common Stock,Savings Institutions,13,17.81999969482422,-4.654900023400488,77,69,D+
FDUS,Fidus Investment Corporation Common Stock,Finance/Investors Services,40,19.09000015258789,-5.260615097235421,66,49,B-
FDX,FedEx Corporation Common Stock,Air Freight/Delivery Services,74,279.5400085449219,-17.30148538262375,64,69,D-
FDXF,FedEx Freight Holding Company Inc. Common Stock,Air Freight/Delivery Services,74,113.80999755859375,-39.61053087969596,20,,E
FE,FirstEnergy Corp. Common Stock,Electric Utilities: Central,87,43.189998626708984,-15.106837776665728,43,59,D
FEAM,5E Advanced Materials Inc. Common Stock,Mining & Quarrying of Nonmetallic Minerals (No Fuels),94,2.7750000953674316,-60.55436879094971,92,26,A+
FEBO,Fenbo Holdings Limited Class A Ordinary Shares,Home Furnishings,33,0.6610000133514404,-52.78571252798545,16,,A+
FEDU,Four Seasons Education (Cayman) Inc. American Depositary Shares each ADS representing 10 ordinary shares,Other Consumer Services,124,9.399999618530273,-36.1846577688138,29,,A
FEIM,Frequency Electronics Inc. Common Stock,Electrical Products,12,84.54000091552734,-5.011234926373776,96,32,B
FELE,Franklin Electric Co. Inc. Common Stock,Metal Fabrications,58,96.83999633789062,-11.779181407770235,47,50,C-
FEMY,Femasys Inc. Common Stock,Medical/Dental Instruments,81,2.430000066757202,-88.31730694284097,7,26,A+
FENC,Fennec Pharmaceuticals Inc. Common Stock,Biotechnology: Biological Products (No Diagnostic Substances),74,10.619999885559082,-16.9014076098884,83,53,C+
FENG,Phoenix New Media Limited American Depositary Shares each representing 48 Class A ordinary shares.,Broadcasting,68,1.4500000476837158,-53.67412157610367,26,63,B-
FER,Ferrovial N.V. Ordinary Shares,Military/Government/Technical,94,55.380001068115234,-24.815014567233828,32,,D
FERG,Ferguson Enterprises Inc. Common Stock,Miscellaneous,140,220.1699981689453,-17.133283162110246,43,49,B+
FET,Forum Energy Technologies Inc. Common Stock,Oil and Gas Field Machinery,9,83.63999938964844,-3.09349813981018,97,50,A-
FF,FutureFuel Corp.  Common shares,Major Chemicals,71,5.139999866485596,-19.156730717381055,89,91,A-
FFAI,Faraday Future Intelligent Electric Inc. Class A Common Stock,Auto Manufacturing,137,1.309999942779541,-99.47070709382645,1,26,E-
FFBC,First Financial Bancorp. Common Stock,Major Banks,20,31.549999237060547,-12.09670056650175,69,50,D+
FFIN,First Financial Bankshares Inc. Common Stock,Major Banks,20,32.16999816894531,-11.274374062050486,51,52,C-
FFIV,F5 Inc. Common Stock,Computer Communications Equipment,23,446.54998779296875,-2.070221417920637,88,69,B+
FG,F&G Annuities & Life Inc. Common Stock,Life Insurance,17,21.6200008392334,-35.7025267902664,25,61,E
FGBI,First Guaranty Bancshares Inc. Common Stock,Savings Institutions,13,7.909999847412109,-26.21268982855659,55,63,B+
FGI,FGI Industries Ltd. Ordinary Shares,Industrial Specialties,68,8.050000190734863,-31.313993111574767,95,40,A+
FGL,Founder Group Limited Class A Ordinary Shares,Engineering & Construction,71,4.409999847412109,-99.95916666807952,1,,E-
FGNX,FG Nexus Inc. Common Stock,Property-Casualty Insurers,42,7.699999809265137,-76.84210583679658,42,7,C-
FHB,First Hawaiian Inc. Common Stock,Major Banks,20,25.1200008392334,-16.41936449317449,45,76,D-
FHI,Federated Hermes Inc. Common Stock,Investment Managers,55,57.380001068115234,-12.24957699388085,61,73,C-
FHN,First Horizon Corporation Common Stock,Major Banks,20,23.18000030517578,-10.983013593315071,47,65,D
FHTX,Foghorn Therapeutics Inc. Common Stock,Biotechnology: Pharmaceutical Preparations,81,3.5999999046325684,-49.08062493318715,23,26,E-
FIBK,First Interstate BancSystem Inc. Common Stock (DE),Major Banks,20,36.5099983215332,-8.104471704819815,60,73,C-
FICO,Fair Isaac Corporation Common Stock,Business Services,66,856.47998046875,-54.431648095630436,16,96,E-
FIEE,FiEE Inc Common Stock,Telecommunications Equipment,94,3.7799999713897705,-50.90909006463311,58,99,A+
FIG,Figma Inc. Class A Common Stock,Computer Software: Prepackaged Software,60,21.34000015258789,-69.977490710665,35,17,C-
FIGR,Figure Technology Solutions Inc. Class A Common Stock,Finance: Consumer Services,74,32.65999984741211,-55.811124030351586,52,98,A-
FIGS,FIGS Inc. Class A Common Stock,Apparel,121,12.489999771118164,-27.044397436621605,76,93,B-
FINS,Angel Oak Financial Strategies Income Term Trust Common Shares of Beneficial Interest,Finance/Investors Services,40,11.920000076293945,-5.624372494745322,49,,D
FINV,FinVolution Group American Depositary Shares,Finance: Consumer Services,74,3.130000114440918,-56.71593231104089,13,46,E-
FINW,FinWise Bancorp Common Stock,Major Banks,20,11.279999732971191,-45.74314941685961,17,40,E
FIP,FTAI Infrastructure Inc. Common Stock,Railroads,25,3.0899999141693115,-51.04152548096821,15,17,E
FIRY,Firy Inc. Class A Common Stock,EDP Services,116,12.739999771118164,-2.748096182201587,98,17,A+
FIS,Fidelity National Information Services Inc. Common Stock,Business Services,66,34.9900016784668,-47.02228843556085,21,99,D-
FISI,Financial Institutions Inc. Common Stock,Major Banks,20,40.02000045776367,-5.539450976465721,81,60,C+
FISN,Deep Fission Inc. Common Stock,Electric Utilities: Central,87,6.949999809265137,-52.26648620214738,11,,D-
FISV,Fiserv Inc. Common Stock,Business Services,66,45.97999954223633,-64.79056525641754,22,62,E+
FITB,Fifth Third Bancorp Common Stock,Major Banks,20,51.459999084472656,-13.32322720181831,61,47,D
FIVE,Five Below Inc. Common Stock,Department/Specialty Retail Stores,40,222.3800048828125,-15.354748839241294,77,91,C-
FIVN,Five9 Inc. Common Stock,EDP Services,116,36.65999984741211,-5.1487751614559425,97,98,A-
FIX,Comfort Systems USA Inc. Common Stock,Engineering & Construction,71,1643.3900146484375,-20.433918546995734,85,99,C-
FIZZ,National Beverage Corp. Common Stock,Beverages (Production/Distribution),110,29.8700008392334,-12.4156299387029,48,52,C-
FJET,Starfighters Space Inc. Common Stock,Air Freight/Delivery Services,74,1.7999999523162842,-94.28571443709116,4,26,E-
FKWL,Franklin Wireless Corp. Common Stock,Telecommunications Equipment,94,2.369999885559082,-53.8910516124286,20,36,B-
FLD,Fold Holdings Inc. Class A Common Stock,Finance: Consumer Services,74,0.5419999957084656,-86.90821224183846,13,17,A
FLEX,Flex Ltd. Ordinary Shares,Electrical Products,12,112.4000015258789,-30.647253380433128,86,91,D
FLG,Flagstar Bank N.A. Common Stock,Banks,19,12.390000343322754,-19.2760500551162,38,63,D-
FLGT,Fulgent Genetics Inc. Common Stock,Medical Specialities,10,21.549999237060547,-30.14587043569469,61,17,B
FLL,Full House Resorts Inc. Common Stock,Hotels/Resorts,87,1.75,-48.68035319788875,15,17,E
FLNA,Filana Therapeutics Inc. Common Stock,Biotechnology: Pharmaceutical Preparations,81,0.7699999809265137,-83.40517234734916,8,17,A+
FLNC,Fluence Energy Inc. Class A Common Stock,Industrial Machinery/Components,103,7.460000038146973,-76.85386241358492,8,17,E-
FLNG,FLEX LNG Ltd. Ordinary Shares,Marine Transportation,5,31.06999969482422,-4.458796871244464,77,59,C+
FLNT,Fluent Inc. Common Stock,Advertising,124,3.450000047683716,-19.203745594979427,82,17,B+
FLO,Flowers Foods Inc. Common Stock,Packaged Foods,113,5.809999942779541,-51.828134201891764,16,39,E+
FLOC,Flowco Holdings Inc. Class A Common Stock,Oil and Gas Field Machinery,9,19.5,-29.87217379184094,56,83,B-
FLR,Fluor Corporation Common Stock,Military/Government/Technical,94,50.630001068115234,-11.947824229364812,63,42,C
FLS,Flowserve Corporation Common Stock,Fluid Controls,16,76.04000091552734,-16.889742965404064,66,85,C-
FLUT,Flutter Entertainment plc Ordinary Shares,Computer Software: Programming Data Processing,90,81.88999938964844,-71.09016572533275,14,17,E
FLUX,Flux Power Holdings Inc. Common Stock,Industrial Machinery/Components,103,0.4620000123977661,-93.0630627179776,7,17,A+
FLWS,1-800-FLOWERS.COM Inc. Common Stock,Other Specialty Stores,130,2.809999942779541,-45.4368953253571,22,17,E
FLX,BingEx Limited American Depositary Shares,Trucking Freight/Courier Services,39,1.0,-75.96153757981293,6,42,E
FLXS,Flexsteel Industries Inc. Common Stock,Home Furnishings,33,88.37000274658203,0.0,95,58,A-
FLY,Firefly Aerospace Inc. Common Stock,Military/Government/Technical,94,23.09000015258789,-60.73797039039965,27,17,C
FLYE,Fly-E Group Inc. Common Stock,Aerospace,120,1.4800000190734863,-93.08411193712381,9,26,A+
FLYW,Flywire Corporation Voting Common Stock,Business Services,66,17.09000015258789,-12.53838612153071,76,42,B
FLYX,flyExclusive Inc. Class A Common Stock,Transportation Services,110,1.2400000095367432,-82.84923919411486,9,26,B-
FMAO,Farmers & Merchants Bancorp Inc. Common Stock,Savings Institutions,13,35.029998779296875,-2.17816968467337,85,72,B
FMBH,First Mid Bancshares Inc. Common Stock,Major Banks,20,49.38999938964844,-5.594468005799391,75,51,C+
FMC,FMC Corporation Common Stock,Major Chemicals,71,9.59000015258789,-70.99633295203418,16,17,D
FMFC,Kandal M Venture Limited Class A Ordinary Shares,Apparel,121,0.20200000703334808,-98.69509035525354,10,,A
FMNB,Farmers National Banc Corp. Common Stock,Major Banks,20,15.34000015258789,-5.2754998707966845,70,48,C
FMS,Fresenius Medical Care AG American Depositary Shares (Each representing 1/2 of an Ordinary Share),Misc Health and Biotechnology Services,21,22.350000381469727,-15.172891027428538,46,58,D
FMST,Foremost Clean Energy Ltd. Common Shares,Other Metals and Minerals,141,0.7200000286102295,-83.25581403085513,6,26,D
FMX,Fomento Economico Mexicano S.A.B. de C.V. Common Stock,Beverages (Production/Distribution),110,117.70999908447266,-10.926973499009652,66,74,C-
FN,Fabrinet Ordinary Shares,Telecommunications Equipment,94,398.3599853515625,-46.634157972043546,25,87,E
FNB,F.N.B. Corporation Common Stock,Major Banks,20,17.440000534057617,-9.875526156657555,52,62,D+
FND,Floor & Decor Holdings Inc. Common Stock,RETAIL: Building Materials,132,46.41999816894531,-41.595374674961214,22,52,D
FNF,Fidelity National Financial Inc. Common Stock,Specialty Insurers,66,40.81999969482422,-26.93015387477051,31,67,E+
FNGR,FingerMotion Inc. Common Stock,Computer Software: Prepackaged Software,60,0.14900000393390656,-92.97169754824715,3,,A+
FNKO,Funko Inc. Class A Common Stock,Recreational Games/Products/Toys,81,5.449999809265137,-23.239438275074463,87,63,D-
FNLC,First Bancorp Inc  (ME) Common Stock,Major Banks,20,34.349998474121094,-3.7275835753335373,76,55,C+
FNRN,First Northern Community Bancorp Common stock,Savings Institutions,13,17.079999923706055,-9.148932889123994,72,50,C
FNUC,Frontier Nuclear and Minerals Inc. Common Shares,Other Metals and Minerals,141,1.5099999904632568,-76.18296602332259,16,,A-
FNV,Franco-Nevada Corporation,Precious Metals,25,259.8900146484375,-6.949344663063695,78,93,B
FNWB,First Northwest Bancorp Common Stock,Banks,19,10.050000190734863,-17.41988391346562,67,47,D
FNWD,Finward Bancorp Common Stock,Savings Institutions,13,43.2400016784668,-4.236734695256883,82,44,A-
FOA,Finance of America Companies Inc. Class A Common Stock,Finance: Consumer Services,74,14.390000343322754,-48.42293713235256,16,42,E
FOCL,EDAP TMS S.A. American Depositary Shares,Biotechnology: Electromedical & Electrotherapeutic Apparatus,58,4.590000152587891,-27.602522994982525,86,7,E-
FOFO,Hang Feng Technology Innovation Co. Ltd. Ordinary Shares,Professional Services,47,2.430000066757202,-94.59999985165067,9,,A+
FOR,Forestar Group Inc Common Stock,Real Estate,74,26.700000762939453,-16.510315368590057,48,50,D
FORM,FormFactor Inc. FormFactor Inc. Common Stock,Semiconductors,29,129.0399932861328,-19.314700684236453,95,92,B-
FORR,Forrester Research Inc. Common Stock,Diversified Commercial Services,85,11.569999694824219,-8.537549061456284,93,56,B+
FORTY,Formula Systems (1985) Ltd. American Depositary Shares,EDP Services,116,114.0,-33.126075687589704,47,90,C
FOSL,Fossil Group Inc. Common Stock,Consumer Specialties,42,5.849999904632568,-8.736348769269132,93,1,B+
FOUR,Shift4 Payments Inc. Class A Common Stock,Business Services,66,38.15999984741211,-52.848140734565604,19,37,E+
FOX,Fox Corporation Class B Common Stock,Broadcasting,68,57.20000076293945,-14.711746595554054,70,58,C
FOXA,Fox Corporation Class A Common Stock,Broadcasting,68,63.84000015258789,-15.337545999520207,70,81,B-
FOXF,Fox Factory Holding Corp. Common Stock,Motor Vehicles,113,18.520000457763672,-27.65624928986655,45,47,C+
FOXX,Foxx Development Holdings Inc. Common Stock,Computer Communications Equipment,23,2.4700000286102295,-59.44170826398707,15,26,B+
FPH,Five Point Holdings LLC Class A Common Shares,Real Estate,74,4.630000114440918,-26.507936916413776,33,97,E+
FPI,Farmland Partners Inc. Common Stock,Real Estate Investment Trusts,60,10.699999809265137,-16.50556812463526,64,53,B-
FPS,Forgent Power Solutions Inc. Class A Common Stock,Industrial Machinery/Components,103,38.95000076293945,-39.69654285289052,59,41,A
FR,First Industrial Realty Trust Inc. Common Stock,Real Estate Investment Trusts,60,61.36000061035156,-10.891664149756842,63,94,C-
FRAF,Franklin Financial Services Corporation Common Stock,Major Banks,20,62.2599983215332,-3.1123618864146274,73,61,C+
FRBA,First Bank Common Stock,Major Banks,20,17.799999237060547,-6.414306999688524,63,59,C+
FRBT,Forbright Inc. Class A Common Stock,Major Banks,20,17.920000076293945,-11.37487297312365,50,,E-
FRD,Friedman Industries Inc. Common Stock,Steel/Iron Ore,33,39.470001220703125,-17.90765449761359,94,78,B
FRGT,Freight Technologies Inc. Ordinary Shares,Integrated Freight & Logistics,138,0.4000000059604645,-98.89655170769527,1,,E-
FRHC,Freedom Holding Corp. Common Stock,Investment Bankers/Brokers/Service,56,176.3699951171875,0.0,82,45,B+
FRME,First Merchants Corporation Common Stock,Major Banks,20,40.4900016784668,-9.686035453184749,55,44,C-
FRMEP,First Merchants Corporation Depository Shares,Major Banks,20,25.200000762939453,-3.49515889227362,56,,D-
FRMI,Fermi Inc. Common Stock,Real Estate Investment Trusts,60,4.550000190734863,-86.012910047723,9,21,E+
FRMM,Forum Markets Incorporated Common Stock,Finance: Consumer Services,74,5.210000038146973,-79.80620080537429,44,1,B+
FRNM,Freenome Inc. Common stock,Medical Specialities,10,16.010000228881836,-6.428990895559794,89,,A
FRO,Frontline Plc Ordinary Shares,Marine Transportation,5,47.970001220703125,-6.70944587922172,96,81,B+
FROG,JFrog Ltd. Ordinary Shares,Computer Software: Prepackaged Software,60,94.19999694824219,-9.449199217919213,92,97,B+
FRPH,FRP Holdings Inc. Common Stock,Real Estate,74,21.079999923706055,-17.527385116755333,37,33,D+
FRPT,Freshpet Inc. Common Stock,Packaged Foods,113,58.310001373291016,-31.80116798445495,61,82,B-
FRSH,Freshworks Inc. Class A Common Stock,Computer Software: Prepackaged Software,60,12.8100004196167,-7.97413542093005,84,99,B+
FRST,Primis Financial Corp. Common Stock,Major Banks,20,15.59000015258789,-6.4787037718248115,76,71,B-
FRSX,Foresight Autonomous Holdings Ltd. American Depositary Shares,Computer Software: Prepackaged Software,60,1.1299999952316284,-85.05291000285156,8,,A+
FRT,Federal Realty Investment Trust Common Stock,Real Estate Investment Trusts,60,110.3499984741211,-13.19908687313822,58,42,D
FRTT,Fort Technology Inc. Common Shares,Agricultural Chemicals,136,0.8999999761581421,-73.52941320841695,8,,A
FRVO,Fervo Energy Company Class A common stock,Electric Utilities: Central,87,16.709999084472656,-60.68235509535845,9,,C
FSBC,Five Star Bancorp Common Stock,Major Banks,20,43.43000030517578,-12.11492382463919,68,70,D-
FSBW,FS Bancorp Inc. Common Stock,Banks,19,44.2599983215332,-1.5713806644421457,65,53,C
FSEA,First Seacoast Bancorp Inc. Common Stock,Savings Institutions,13,17.18000030517578,-0.11628172602623499,81,38,C
FSI,Flexible Solutions International Inc. Common Stock (CDA),Major Chemicals,71,5.800000190734863,-41.99999809265137,32,7,C-
FSK,FS KKR Capital Corp. Common Stock,Investment Managers,55,11.170000076293945,-19.63562587752561,59,32,B
FSLR,First Solar Inc. Common Stock,Semiconductors,29,172.16000366210938,-45.90416224285644,20,94,E
FSLY,Fastly Inc. Class A Common Stock,Computer Software: Prepackaged Software,60,26.68000030517578,-20.358208044251402,97,17,A
FSM,Fortuna Mining Corp. Common Shares,Precious Metals,25,11.5,-15.81259056764427,84,96,B+
FSP,Franklin Street Properties Corp. Common Stock,Real Estate Investment Trusts,60,0.3199999928474426,-80.25149896635693,8,7,E-
FSS,Federal Signal Corporation Common Stock,Auto Manufacturing,137,112.77999877929688,-15.644976989156302,42,93,C
FSTR,L.B. Foster Company Common Stock,Metal Fabrications,58,37.52000045776367,-16.936015101371126,73,60,D
FSUN,FirstSun Capital Bancorp Common Stock,Major Banks,20,39.2400016784668,-5.217390743480788,58,36,B-
FSV,FirstService Corporation Common Shares,Real Estate,74,127.02999877929688,-33.06127522794441,32,61,E+
FTAI,FTAI Aviation Ltd. Common Stock,Misc Corporate Leasing Services,128,174.52999877929688,-43.39121242206269,26,85,D-
FTCI,FTC Solar Inc. Common Stock,Semiconductors,29,2.680000066757202,-78.55999946594238,9,17,A
FTDR,Frontdoor Inc. Common Stock,Diversified Commercial Services,85,71.87999725341797,-20.863155560520674,67,77,E+
FTEK,Fuel Tech Inc. Common Stock,Pollution Control Equipment,54,1.7200000286102295,-46.749225434877694,41,17,A-
FTF,Franklin Limited Duration Income Trust Common Shares of Beneficial Interest,Finance/Investors Services,40,5.360000133514404,-6.547848862169747,46,,D+
FTFT,Future FinTech Group Inc. Common Stock,Business Services,66,4.420000076293945,-97.06117004277533,3,36,A+
FTH,Faeth Therapeutics Inc. Common Stock,Biotechnology: Pharmaceutical Preparations,81,29.049999237060547,-27.465668438318158,97,26,E
FTHM,Fathom Holdings Inc. Common Stock,Real Estate,74,0.5189999938011169,-76.08295043530616,9,17,E-
FTI,TechnipFMC plc Ordinary Share,Oil and Gas Field Machinery,9,70.94999694824219,-11.401104737827216,85,94,D+
FTK,Flotek Industries Inc. Common Stock,Major Chemicals,71,28.950000762939453,-25.425036088294227,94,98,D
FTLF,FitLife Brands Inc. Common Stock,Medicinal Chemicals and Botanical Products,123,9.279999732971191,-55.29865303151287,15,56,E+
FTNT,Fortinet Inc. Common Stock,Computer peripheral equipment,42,178.6699981689453,-0.03916712659015609,96,96,B+
FTRE,Fortrea Holdings Inc. Common Stock,Medical Specialities,10,20.020000457763672,-3.285025507792394,92,55,B
FTS,Fortis Inc. Common Shares,Electric Utilities: Central,87,53.08000183105469,-9.046749471014826,52,53,D+
FTV,Fortive Corporation Common Stock,Industrial Machinery/Components,103,55.439998626708984,-13.391335595499033,50,48,D
FTW,Presidio Production Company Class A Common Stock,Oil & Gas Production,13,10.260000228881836,-23.295619217836183,42,,D+
FUBO,FuboTV Inc. Class A Common Stock,Movies/Entertainment,3,9.729999542236328,-81.0109304771446,22,17,B-
FUFU,BitFuFu Inc. Class A Ordinary Shares,Finance: Consumer Services,74,1.4299999475479126,-63.88889056129754,19,26,A-
FUL,H. B. Fuller Company Common Stock,Home Furnishings,33,50.0,-25.28207907722638,30,71,E+
FULC,Fulcrum Therapeutics Inc. Common Stock,Biotechnology: Pharmaceutical Preparations,81,3.7850000858306885,-74.07534255523309,17,17,B-
FULT,Fulton Financial Corporation Common Stock,Major Banks,20,23.049999237060547,-8.495439665051718,68,51,D+
FUN,Six Flags Entertainment Corporation Common Stock New,Services-Misc. Amusement & Recreation,99,12.399999618530273,-53.62752533781434,15,17,E
FUNC,First United Corporation Common Stock,Major Banks,20,43.29999923706055,-6.23646827432448,67,96,C+
FUND,Sprott Focus Trust Inc. Common Stock,Investment Managers,55,9.949999809265137,-7.206853934542934,72,,C
FURY,Fury Gold Mines Limited Common Shares,Precious Metals,25,0.5460000038146973,-42.22222138123958,42,37,C-
FUSB,First US Bancshares Inc. Common Stock,Major Banks,20,16.440000534057617,-3.2371939050611864,71,84,A-
FUSE,Fusemachines Inc. Common stock,EDP Services,116,0.5799999833106995,-96.98544703632815,6,,A
FUTU,Futu Holdings Limited American Depositary Shares,Investment Bankers/Brokers/Service,56,109.2699966430664,-44.22105063181993,33,87,B+
FVCB,FVCBankcorp Inc. Common Stock,Major Banks,20,17.979999542236328,-5.517609598122764,77,68,C+
FVR,FrontView REIT Inc. Common Stock,Real Estate Investment Trusts,60,18.219999313354492,-16.879565465608426,73,48,D+
FVRR,Fiverr International Ltd. Ordinary Shares no par value,Business Services,66,8.520000457763672,-66.40378449247379,15,73,E+
FWDI,Forward Industries Inc. Common Stock,Finance: Consumer Services,74,8.350000381469727,-74.52714858933001,93,26,A
FWONA,Liberty Media Corporation Series A Common Stock,Broadcasting,68,86.7300033569336,-12.684987659168456,57,42,C-
FWONK,Liberty Media Corporation Series C Common Stock,Broadcasting,68,95.08000183105469,-12.231145366972251,57,42,C-
FWRD,Forward Air Corporation Common Stock,Integrated Freight & Logistics,138,14.75,-51.207409118905865,27,17,B
FWRG,First Watch Restaurant Group Inc. Common Stock,Restaurants,94,10.220000267028809,-45.23043756376994,24,82,E+
FXHO,UTime Limited Class A Ordinary Shares,Consumer Electronics/Appliances,64,9.75,-99.84016393442623,21,,A
FXNC,First National Corporation Common Stock,Major Banks,20,29.3799991607666,-8.737604826634648,68,50,C+
G,Genpact Limited Common Stock,Professional Services,47,33.369998931884766,-30.078815493572986,46,68,C+
GAB,Gabelli Equity Trust Inc. (The) Common Stock,Investment Managers,55,5.320000171661377,-8.358173009987258,48,,D
GABC,German American Bancorp Inc. Common Stock,Major Banks,20,49.099998474121094,-4.437529284928409,74,81,C+
GAIA,Gaia Inc. Class A Common Stock,Movies/Entertainment,3,1.3300000429153442,-78.7539937014841,8,17,E
GAIN,Gladstone Investment Corporation Business Development Company,Finance: Consumer Services,74,15.649999618530273,-6.247149173523125,71,60,C
GALT,Galectin Therapeutics Inc. Common Stock,Biotechnology: Pharmaceutical Preparations,81,3.9600000381469727,-39.17050846514108,53,26,A-
GAM,General American Investors Inc. Common Stock,Investment Managers,55,64.5199966430664,-5.047829962065231,66,,C-
GAME,GameSquare Holdings Inc. Common Stock,Services-Misc. Amusement & Recreation,99,3.130000114440918,-54.293222958901275,47,7,A-
GANX,Gain Therapeutics Inc. Common Stock,Biotechnology: Pharmaceutical Preparations,81,1.840000033378601,-55.98085863774007,42,26,A-
GAP,Gap Inc. (The) Common Stock,Clothing/Shoe/Accessory Stores,116,21.690000534057617,-24.31547670944304,46,97,B+
GASS,StealthGas Inc. Common Stock,Marine Transportation,5,8.9399995803833,-13.955733542119775,74,52,B-
GATX,GATX Corporation Common Stock,Transportation Services,110,183.3800048828125,-7.965507182914811,60,88,C+
GAU,Galiano Gold Inc.,Mining & Quarrying of Nonmetallic Minerals (No Fuels),94,2.0,-43.97758998882371,40,74,C+
GAUZ,Gauzy Ltd. Ordinary Shares,Industrial Machinery/Components,103,6.449999809265137,-95.37965649909617,8,,A+
GBAB,Guggenheim Taxable Municipal Bond & Investment Grade Debt Trust Common Shares of Beneficial Interest,Investment Managers,55,12.640000343322754,-13.04779018788932,38,,D-
GBCI,Glacier Bancorp Inc. Common Stock,Major Banks,20,44.349998474121094,-18.63878216888255,41,70,D+
GBDC,Golub Capital BDC Inc. Common Stock,Finance: Consumer Services,74,12.40999984741211,-5.340288085616052,54,49,C
GBFH,GBank Financial Holdings Inc. Common Stock,Major Banks,20,18.889999389648438,-55.03451524784773,12,58,E
GBLI,Global Indemnity Group LLC Class A Common Stock,Property-Casualty Insurers,42,25.030000686645508,-16.4935673672684,45,92,D
GBR,New Concept Energy Inc Common Stock,Oil & Gas Production,13,0.7099999785423279,-34.862389284375716,34,26,A
GBTG,Global Business Travel Group Inc. Class A Common Stock,Transportation Services,110,9.470000267028809,-0.4206094730844212,80,60,C+
GBX,Greenbrier Companies Inc. (The) Common Stock,Railroads,25,42.68000030517578,-26.488351698806547,35,52,D-
GCBC,Greene County Bancorp Inc. Common Stock,Banks,19,34.70000076293945,-3.66462986687639,88,56,B-
GCDT,Green Circle Decarbonize Technology Limited Class A Ordinary Shares,Industrial Machinery/Components,103,0.6700000166893005,-87.94963986358684,14,,A+
GCGR,General Catalyst Global Resilience Merger Corp. Class A Ordinary Shares,,,10.119999885559082,-0.9784772882280857,51,,C+
GCL,GCL Global Holdings Ltd Ordinary Shares,Computer Software: Prepackaged Software,60,0.6880000233650208,-75.94405424473034,61,,A
GCMG,GCM Grosvenor Inc. Class A Common Stock,Investment Managers,55,12.630000114440918,-9.317645067466817,69,71,C
GCO,Genesco Inc. Common Stock,Clothing/Shoe/Accessory Stores,116,34.45000076293945,-19.358614750590952,75,79,C
GCT,GigaCloud Technology Inc Class A Ordinary Shares,Catalog/Specialty Distribution,63,53.90999984741211,0.0,92,90,B+
GCTK,GlucoTrack Inc. Common Stock,Medical/Dental Instruments,81,2.5799999237060547,-97.99065416951184,4,26,A+
GCTS,GCT Semiconductor Holding Inc. Common Stock,Semiconductors,29,2.240000009536743,-39.94638074846048,86,26,B
GD,General Dynamics Corporation Common Stock,Marine Transportation,5,336.2900085449219,-15.071846981286141,51,59,D-
GDC,GD Culture Group Limited Common Stock,Steel/Iron Ore,33,1.440000057220459,-99.91603498208626,2,26,A+
GDDY,GoDaddy Inc. Class A Common Stock,EDP Services,116,100.80999755859375,-29.636354748143724,61,78,B+
GDEV,GDEV Inc. Ordinary Shares,EDP Services,116,10.899999618530273,-69.88950445081375,20,,A-
GDHG,Golden Heaven Group Holdings Ltd. Class A Ordinary Shares,Services-Misc. Amusement & Recreation,99,1.1699999570846558,-84.66378387182887,14,,A
GDOT,Green Dot Corporation Class A Common Stock $0.001 par value,Finance: Consumer Services,74,12.789999961853027,-12.933966458838375,49,40,C-
GDRX,GoodRx Holdings Inc. Class A Common Stock,EDP Services,116,3.359999895095825,-33.200800100486546,81,60,B+
GDS,GDS Holdings Limited ADS,Computer Software: Programming Data Processing,90,33.31999969482422,-29.882156199810183,46,99,B+
GDTC,CytoMed Therapeutics Limited Ordinary Shares,Biotechnology: Pharmaceutical Preparations,81,0.9100000262260437,-66.17100346212132,21,,A
GDV,Gabelli Dividend & Income Trust Common Shares of Beneficial Interest,Investment Managers,55,28.950000762939453,-5.33446480217965,65,,C-
GDYN,Grid Dynamics Holdings Inc. Class A Common Stock,Computer Software: Prepackaged Software,60,7.710000038146973,-23.35984377184812,79,57,B+
GE,GE Aerospace Common Stock,Consumer Electronics/Appliances,64,319.7799987792969,-16.11667862249343,47,93,D-
GECC,Great Elm Capital Corp. Common Stock,Finance: Consumer Services,74,5.269999980926514,-44.40687540429796,38,32,B-
GEF,Greif Inc. Class A Common Stock,,,82.81999969482422,-7.407828833268071,80,65,B-
GEG,Great Elm Group Inc. Common Stock,Computer Software: Prepackaged Software,60,2.1500000953674316,-22.10144555085447,42,33,D+
GEHC,GE HealthCare Technologies Inc. Common Stock,Medical Electronics,99,66.37999725341797,-24.595955621591003,40,56,B-
GELS,Gelteq Limited Ordinary Shares,Biotechnology: Pharmaceutical Preparations,81,0.550000011920929,-64.05228613034953,19,,A+
GEMI,Gemini Space Station Inc. Class A Common Stock,Finance: Consumer Services,74,5.650000095367432,-77.97270885226169,43,17,A
GEN,Gen Digital Inc. Common Stock,Computer Software: Prepackaged Software,60,23.06999969482422,-26.552054100933177,46,70,E-
GENB,Generate Biomedicines Inc. Common Stock,Biotechnology: Pharmaceutical Preparations,81,15.989999771118164,-21.540724094334585,75,,B+
GENC,Gencor Industries Inc. Common Stock,Construction/Ag Equipment/Trucks,31,17.209999084472656,-13.95000457763672,78,79,A-
GENI,Genius Sports Limited Ordinary Shares,Services-Misc. Amusement & Recreation,99,5.800000190734863,-56.81310454997083,33,17,E+
GENK,GEN Restaurant Group Inc. Class A Common Stock,Restaurants,94,1.7000000476837158,-45.85987290164133,21,17,E-
GEO,Geo Group Inc (The) REIT,Homebuilding,90,31.959999084472656,-2.471777119243568,91,83,C+
GEOS,Geospace Technologies Corporation Common Stock (Texas),Industrial Machinery/Components,103,5.019999980926514,-82.33016540693932,10,7,E
GERN,Geron Corporation Common Stock,Biotechnology: Pharmaceutical Preparations,81,1.2599999904632568,-35.3846174537312,36,17,C-
GETY,Getty Images Holdings Inc. Class A Common Stock,Business Services,66,0.16200000047683716,-93.13559289500479,2,17,E-
GEV,GE Vernova Inc. Common Stock,Consumer Electronics/Appliances,64,955.0399780273438,-18.710315277138346,73,83,D+
GEVO,Gevo Inc. Common Stock,Major Chemicals,71,1.399999976158142,-49.64028810913052,24,7,D+
GFAI,Guardforce AI Co. Limited Ordinary Shares,Diversified Commercial Services,85,0.32199999690055847,-73.16666799121427,13,,A-
GFF,Griffon Corporation Common Stock,Building Products,105,96.54000091552734,-9.760257658085292,76,99,B
GFI,Gold Fields Limited American Depositary Shares,Precious Metals,25,39.900001525878906,-31.727622642844445,63,,B-
GFL,GFL Environmental Inc. Subordinate voting shares no par value,Environmental Services,81,41.790000915527344,-11.725648260608178,57,42,B
GFR,Greenfire Resources Ltd. Common Shares,Oil & Gas Production,13,6.179999828338623,-12.957747727484737,74,34,C-
GFS,GlobalFoundries Inc. Ordinary Shares,Semiconductors,29,47.04999923706055,-47.49219697360586,46,74,C-
GFUZ,General Fusion Group Ltd. Common Shares,Electric Utilities: Central,87,8.34000015258789,-39.38953478298296,27,,A-
GGAL,Grupo Financiero Galicia S.A. American Depositary Shares,Commercial Banks,13,39.59000015258789,-32.47103386403322,38,49,D
GGB,Gerdau S.A. Common Stock,Steel/Iron Ore,33,4.789999961853027,-6.990293725202735,86,65,C+
GGG,Graco Inc. Common Stock,Fluid Controls,16,77.1500015258789,-18.036247637368973,45,58,D-
GGN,GAMCO Global Gold Natural Resources & Income Trust,Finance/Investors Services,40,5.420000076293945,-4.389817171211208,69,,B-
GGR,Gogoro Inc. Ordinary Shares,Auto Manufacturing,137,3.0299999713897705,-55.9593034739943,20,17,A+
GGZ,Gabelli Global Small and Mid Cap Value Trust (The) Common Shares of Beneficial Interest,Investment Managers,55,15.430000305175781,-7.705471696412647,58,,D
GH,Guardant Health Inc. Common Stock,Medical Specialities,10,176.4499969482422,-3.6319000183505423,96,7,B+
GHC,Graham Holdings Company Common Stock,Other Consumer Services,124,1145.030029296875,-7.206873355360777,56,97,C+
GHG,GreenTree Hospitality Group Ltd. American depositary shares each representing one Class A ordinary share,Hotels/Resorts,87,1.0199999809265137,-54.26009093263146,21,54,D-
GHM,Graham Corporation Common Stock,Industrial Machinery/Components,103,87.52999877929688,-29.291543636851426,68,67,D
GHRS,GH Research PLC Ordinary Shares,Biotechnology: Pharmaceutical Preparations,81,24.450000762939453,-20.202345789863962,91,7,B-
GIB,CGI Inc. Common Stock,Professional Services,47,68.13999938964844,-27.745843235207868,40,62,C
GIBO,GIBO Holdings Limited Class A Ordinary Shares,Computer Software: Prepackaged Software,60,33.0,-56.72131147540984,26,,A-
GIC,Global Industrial Company Common Stock,Industrial Machinery/Components,103,41.22999954223633,-1.481478983250517,83,69,B+
GIFT,Giftify Inc. Common Stock,Catalog/Specialty Distribution,63,0.5950000286102295,-52.777775149707004,13,26,B+
GIGM,GigaMedia Limited Ordinary Shares,Computer Software: Programming Data Processing,90,1.3799999952316284,-22.47190913412398,40,33,B-
GIII,G-III Apparel Group LTD. Common Stock,Apparel,121,27.049999237060547,-26.24953613411257,37,95,E
GIL,Gildan Activewear Inc. Class A Sub. Vot. Common Stock,Apparel,121,40.630001068115234,-43.27618831546819,19,33,E-
GILD,Gilead Sciences Inc. Common Stock,Biotechnology: Biological Products (No Diagnostic Substances),74,149.69000244140625,-2.193245349881978,79,37,B-
GILT,Gilat Satellite Networks Ltd. Ordinary Shares,Radio And Television Broadcasting And Communications Equipment,71,10.020000457763672,-51.94244472691296,24,58,D-
GIPR,Generation Income Properties Inc. Common Stock,Real Estate Investment Trusts,60,0.5360000133514404,-97.1182795572121,2,7,A+
GIS,General Mills Inc. Common Stock,Packaged Foods,113,34.83000183105469,-27.612876403329224,36,62,D+
GITS,Global Interactive Technologies Inc. Common Stock,Computer Software: Programming Data Processing,90,2.009999990463257,-54.00457567274959,77,26,A
GIW,GigCapital8 Corp. Class A Ordinary Shares,Blank Checks,47,10.164999961853027,-0.0491653333668407,55,,C
GIX,GigCapital9 Corp. Class A Ordinary Share,Blank Checks,47,10.005000114440918,-0.3486040592140527,55,,C
GJH,Synthetic Fixed-Income Securities Inc 6.375% (STRATS) Cl A-1,Finance: Consumer Services,74,9.460000038146973,-1.9523770363145343,54,,C-
GJO,Synthetic Fixed-Income Securities Inc. on behalf of STRATS(SM) Trust for Wal-Mart Stores Inc. Securities Series 2004-5,Finance: Consumer Services,74,24.739999771118164,-0.6425696781659385,54,,C
GJP,Synthetic Fixed-Income Securities Inc. on behalf of STRATS (SM) Trust for Dominion Resources Inc. Securities Series 2005-6 Floating Rate Structured Repackaged Asset-Backed Trust Securities (STRATS) Certificates,Finance: Consumer Services,74,24.479999542236328,-0.7299282493494097,55,,C
GJR,Synthetic Fixed-Income Securities Inc. STRATS Trust for Procter&Gamble Securities Series 2006-1,Finance: Consumer Services,74,24.219999313354492,-3.134096014320431,52,,C+
GJS,Goldman Sachs Group Securities STRATS Trust for Goldman Sachs Group Securities Series 2006-2,Finance: Consumer Services,74,23.1200008392334,-1.8658185452483211,55,,D+
GKOS,Glaukos Corporation Common Stock,Medical/Dental Instruments,81,154.8800048828125,-18.29068721221727,87,17,B-
GL,Globe Life Inc. Common Stock,Life Insurance,17,167.32000732421875,-10.052680635816225,66,82,D
GLAD,Gladstone Capital Corporation Common Stock,Textiles,28,19.219999313354492,-5.1739267457252875,60,61,C
GLAS,Glass House Brands Inc. Subordinate Voting Shares,Medicinal Chemicals and Botanical Products,123,7.150000095367432,-47.35679419936821,22,7,E-
GLBE,Global-E Online Ltd. Ordinary Shares,Computer Software: Prepackaged Software,60,40.880001068115234,-3.493861003096066,74,98,B
GLBS,Globus Maritime Limited Common Stock,Marine Transportation,5,3.4800000190734863,-11.450382698212735,96,,A-
GLDG,GoldMining Inc. Common Shares,Precious Metals,25,0.9800000190734863,-54.205608830221585,38,26,C+
GLE,Global Engine Group Holding Limited Class A Ordinary Shares,EDP Services,116,0.4970000088214874,-42.47685232294265,57,,A+
GLIBA,Liberty Capital Corporation Series A GCI Group Common Stock,Cable & Other Pay Television Services,103,23.459999084472656,-41.68531108273399,30,33,B
GLIBK,Liberty Capital Corporation Series C GCI Group Common Stock,Cable & Other Pay Television Services,103,23.770000457763672,-40.634365848513845,33,33,B
GLND,Greenland Energy Company Common Stock,Oil & Gas Production,13,5.349999904632568,-58.846154579749474,81,,A+
GLNG,Golar Lng Ltd,Marine Transportation,5,50.11000061035156,-11.774084245578475,70,50,C-
GLOB,Globant S.A. Common Shares,EDP Services,116,34.83000183105469,-51.08832709050073,35,84,C
GLOO,Gloo Holdings Inc. Class A Common Stock,EDP Services,116,4.769999980926514,-49.78947388498407,40,17,A+
GLPI,Gaming and Leisure Properties Inc. Common Stock,Real Estate Investment Trusts,60,38.529998779296875,-18.39078955256851,34,73,E+
GLRE,Greenlight Capital Re Ltd. Class A Ordinary Shares,Property-Casualty Insurers,42,14.930000305175781,-21.421051025390625,49,7,C-
GLSI,Greenwich LifeSciences Inc. Common Stock,Biotechnology: Pharmaceutical Preparations,81,18.100000381469727,-46.074776934247076,71,7,D+
GLU,Gabelli Global Utility Common Shares of Beneficial Ownership,Finance/Investors Services,40,17.81999969482422,-14.241974858982442,48,,D
GLUE,Monte Rosa Therapeutics Inc. Common Stock,Biotechnology: Biological Products (No Diagnostic Substances),74,11.720000267028809,-53.69418998684902,34,7,E
GLW,Corning Incorporated Common Stock,Telecommunications Equipment,94,154.14999389648438,-39.59863216474386,79,90,D+
GLXG,Galaxy Payroll Group Limited Class A Ordinary Shares,Diversified Commercial Services,85,1.090000033378601,-78.95752761582241,11,,A-
GLXY,Galaxy Digital Inc. Class A Common Stock,Investment Bankers/Brokers/Service,56,25.190000534057617,-41.22725110747264,43,17,B+
GM,General Motors Company Common Stock,Auto Manufacturing,137,80.56999969482422,-10.590679697268124,67,83,D-
GMAB,Genmab A/S ADS,Biotechnology: Pharmaceutical Preparations,81,34.83000183105469,-1.4431191831668855,82,48,B+
GME,GameStop Corporation Common Stock,Electronics Distribution,,25.020000457763672,-9.642470295404838,69,77,A-
GMED,Globus Medical Inc. Class A Common Stock,Medical/Dental Instruments,81,74.2699966430664,-23.290645654653197,43,96,D+
GMEX,GMEX ROBOTICS CORPORATION Class A Ordinary Shares,Recreational Games/Products/Toys,81,0.38600000739097595,-99.986837843312,1,,E-
GMHS,Gamehaus Holdings Inc. Class A Ordinary Shares,EDP Services,116,0.7210000157356262,-50.275862618944146,15,,A+
GMM,Global Mofy AI Limited Class A Ordinary Shares,Computer Software: Programming Data Processing,90,1.9110000133514404,-98.21401867911081,4,,A
GMRS,GMR Solutions Inc. Class A Common Stock,Transportation Services,110,10.760000228881836,-31.63913351113442,22,,C-
GMTL,Guardian Metal Resources PLC ADS,Metal Mining,52,10.329999923706055,-49.951549277240524,19,,D+
GNE,Genie Energy Ltd. Class B Common Stock Stock,Power Generation,99,15.789999961853027,-3.543071763260408,69,51,B-
GNK,Genco Shipping & Trading Limited Ordinary Shares New (Marshall Islands),Marine Transportation,5,26.440000534057617,-5.9743963550378805,85,82,C
GNL,Global Net Lease Inc. Common Stock,Real Estate Investment Trusts,60,8.630000114440918,-9.723866621494736,59,7,D
GNLN,Greenlane Holdings Inc. Class A Common Stock,Durable Goods,138,2.990000009536743,-90.9939760818487,17,26,A+
GNLX,Genelux Corporation Common Stock,Biotechnology: Pharmaceutical Preparations,81,2.430000066757202,-70.5097071085543,21,26,E+
GNPX,Genprex Inc. Common Stock,Biotechnology: Pharmaceutical Preparations,81,3.5199999809265137,-99.61904762111185,2,35,E-
GNRC,Generac Holdlings Inc. Common Stock,Metal Fabrications,58,198.0500030517578,-32.98707541261563,49,78,A-
GNS,Genius Group Limited Ordinary Shares,Computer Software: Prepackaged Software,60,0.1550000011920929,-84.80392116759657,10,,A-
GNSS,Genasys Inc. Common Stock,Consumer Electronics/Appliances,64,1.4900000095367432,-42.24805993806292,23,35,E+
GNT,GAMCO Natural Resources Gold & Income Trust,Finance/Investors Services,40,8.779999732971191,-4.965486558493238,75,,B-
GNTA,Genenta Science S.p.A. American Depositary Shares,Biotechnology: Biological Products (No Diagnostic Substances),74,0.671999990940094,-89.16129013526948,9,,E-
GNTX,Gentex Corporation Common Stock,Auto Parts:O.E.M.,94,22.040000915527344,-22.19109425225345,36,70,D
GNW,Genworth Financial Inc Common Stock,Life Insurance,17,9.449999809265137,-10.849061611497213,60,45,D-
GO,Grocery Outlet Holding Corp. Common Stock,Food Chains,74,11.300000190734863,-31.390402781787607,77,41,B-
GOAI,Eva Live Inc. Common Stock,Computer Software: Programming Data Processing,90,2.0799999237060547,-72.70341266477008,11,44,E
GOGO,Gogo Inc. Common Stock,Telecommunications Equipment,94,2.2799999713897705,-76.66325624807946,11,32,E
GOLD,Gold.com Inc. Common Stock,Other Specialty Stores,130,43.47999954223633,-29.87383774159966,81,76,C+
GOLF,Acushnet Holdings Corp. Common Stock,Recreational Games/Products/Toys,81,82.36000061035156,-30.310250111489758,36,77,E+
GOOD,Gladstone Commercial Corporation Real Estate Investment Trust,Real Estate,74,12.5600004196167,-3.942341109656844,71,97,C+
GOOG,Alphabet Inc. Class C Capital Stock,Computer Software: Programming Data Processing,90,339.010009765625,-14.937286552215268,69,97,C-
GOOGL,Alphabet Inc. Class A Common Stock,Computer Software: Programming Data Processing,90,342.3599853515625,-14.86149005210482,70,97,C-
GOOS,Canada Goose Holdings Inc. Subordinate Voting Shares,Apparel,121,7.599999904632568,-47.980834474837785,17,32,E+
GORO,Goldgroup Mining Inc. Common Shares,Precious Metals,25,3.5199999809265137,-43.949046762309976,38,37,D+
GOSS,Gossamer Bio Inc. Common Stock,Biotechnology: Pharmaceutical Preparations,81,10.930000305175781,-96.39511877799248,7,17,B
GOTU,Gaotu Techedu Inc. American Depositary Shares,Other Consumer Services,124,2.430000066757202,-28.529411805954773,73,1,A
GOVX,GeoVax Labs Inc. Common Stock,Biotechnology: Pharmaceutical Preparations,81,0.36000001430511475,-97.78461529658391,2,26,E-
GP,GreenPower Motor Company Inc. Common Shares,Construction/Ag Equipment/Trucks,31,0.5770000219345093,-83.65439018099077,9,37,E-
GPC,Genuine Parts Company Common Stock,Automotive Aftermarket,135,129.25999450683594,-10.966295937392923,69,40,C
GPCR,Structure Therapeutics Inc. American Depositary Shares,Biotechnology: Pharmaceutical Preparations,81,36.02000045776367,-61.595052664296965,32,17,E-
GPGI,GPGI Inc. Class A Common Stock,Finance: Consumer Services,74,11.930000305175781,-54.08764705463519,18,63,D-
GPI,Group 1 Automotive Inc. Common Stock,Retail-Auto Dealers and Gas Stations,113,247.7899932861328,-44.61350208074989,19,62,D
GPK,Graphic Packaging Holding Company,Containers/Packaging,93,9.34000015258789,-50.31096426166193,24,46,E+
GPMT,Granite Point Mortgage Trust Inc. Common Stock,Real Estate Investment Trusts,60,0.9430000185966492,-65.60789678757205,12,17,E-
GPN,Global Payments Inc. Common Stock,Business Services,66,85.30999755859375,-9.784318259455471,74,51,B-
GPOR,Gulfport Energy Corporation Common Shares,Oil & Gas Production,13,161.91000366210938,-27.228190181745482,37,43,C-
GPRE,Green Plains Inc. Common Stock,Major Chemicals,71,15.010000228881836,-21.94487474680269,80,63,B
GPRK,Geopark Ltd Common Shares,Oil & Gas Production,13,11.34000015258789,-5.263158733389872,90,94,A
GPRO,GoPro Inc. Class A Common Stock,Industrial Machinery/Components,103,1.2599999904632568,-46.3829769533432,84,17,A+
GPUS,Hyperscale Data Inc. Common Stock,Industrial Machinery/Components,103,0.18000000715255737,-94.28571423165111,2,26,E-
GRAB,Grab Holdings Limited Class A Ordinary Shares,Business Services,66,3.109999895095825,-51.330204067652375,21,94,B
GRAL,GRAIL Inc. Common Stock,Medical Specialities,10,125.20999908447266,0.0,97,17,A
GRAN,Grande Group Limited Class A Ordinary Shares,Finance: Consumer Services,74,1.0800000429153442,-77.59336090348965,14,,A+
GRBK,Green Brick Partners Inc. Common Stock,Homebuilding,90,67.79000091552734,-15.882858920475174,45,48,D-
GRC,Gorman-Rupp Company (The) Common Stock,Fluid Controls,16,74.6500015258789,-18.434817794460436,78,91,C-
GRCE,Grace Therapeutics Inc. Common Stock,Biotechnology: Pharmaceutical Preparations,81,2.1600000858306885,-57.894736108283865,19,26,D-
GRDN,Guardian Pharmacy Services Inc. Class A Common Stock,Retail-Drug Stores and Proprietary Stores,121,41.790000915527344,-12.937498092651367,82,87,B
GRDX,GridAI Technologies Corp. Common Stock,Biotechnology: Pharmaceutical Preparations,81,3.809999942779541,-43.97059064835407,72,26,A-
GRFS,Grifols S.A. American Depositary Shares,Biotechnology: Pharmaceutical Preparations,81,7.199999809265137,-27.17685793976331,35,78,E+
GRI,GRI Bio Inc. Common Stock,Biotechnology: Pharmaceutical Preparations,81,2.0899999141693115,-96.6972187824171,15,26,A+
GRML,Greenland Mines Ltd. Common Stock,Biotechnology: Biological Products (No Diagnostic Substances),74,14.890000343322754,-54.87878683841589,55,,A+
GRMN,Garmin Ltd. Common Stock (Switzerland),Industrial Machinery/Components,103,295.0400085449219,-5.4213428763702165,84,78,B
GRND,Grindr Inc. Common Stock,Computer Software: Programming Data Processing,90,15.869999885559082,-11.538464809790883,73,88,B-
GRNQ,Greenpro Capital Corp. Common Stock,Professional Services,47,11.319999694824219,-62.64026409288322,16,26,A
GRNT,Granite Ridge Resources Inc. Common Stock,Oil & Gas Production,13,4.539999961853027,-22.30768866705911,47,50,C
GRO,Brazil Potash Corp. Common Shares,Mining & Quarrying of Nonmetallic Minerals (No Fuels),94,2.319999933242798,-40.35990049671353,51,45,B
GROV,Grove Collaborative Holdings Inc. Class A Common Stock,Catalog/Specialty Distribution,63,1.0499999523162842,-32.69230828012473,26,17,B+
GROW,U.S. Global Investors Inc. Class A Common Stock,Investment Managers,55,2.930000066757202,-16.798431308616724,62,32,E
GROY,Gold Royalty Corp. Common Shares,Precious Metals,25,3.130000114440918,-39.92322281145017,47,65,B+
GRPN,Groupon Inc. Common Stock,Advertising,124,20.889999389648438,-26.906929862092287,74,17,C+
GRRR,Gorilla Technology Group Inc. Ordinary shares,Computer Software: Prepackaged Software,60,14.359999656677246,-34.06795590469317,49,,D+
GRSD,Grandstand Limited Ordinary Shares,Services-Misc. Amusement & Recreation,99,1.5700000524520874,-81.1976050212378,9,17,D+
GRVY,GRAVITY Co. Ltd. American Depository Shares,EDP Services,116,67.55000305175781,-10.125066843481289,63,70,B+
GRWG,GrowGeneration Corp. Common Stock,RETAIL: Building Materials,132,1.590000033378601,-27.727272776532764,73,7,A
GRX,The Gabelli Healthcare & Wellness Trust Common Shares of Beneficial Interest,Finance/Investors Services,40,9.670000076293945,-3.227367342088916,65,,B-
GS,Goldman Sachs Group Inc. (The) Common Stock,Investment Bankers/Brokers/Service,56,923.2899780273438,-19.465664582570252,54,89,D-
GSAT,Globalstar Inc. Common Stock,Telecommunications Equipment,94,82.45999908447266,-2.3332952902788917,87,7,C+
GSBC,Great Southern Bancorp Inc. Common Stock,Major Banks,20,78.83000183105469,-3.8892891277402697,76,46,C+
GSBD,Goldman Sachs BDC Inc. Common Stock,Investment Managers,55,9.529999732971191,-6.842618187567517,63,34,C
GSHD,Goosehead Insurance Inc. Class A Common Stock,Specialty Insurers,66,43.650001525878906,-44.30266684176858,29,95,E-
GSIT,GSI Technology Common Stock,Semiconductors,29,5.510000228881836,-57.51734683545941,44,17,C
GSIW,Garden Stage Limited Class A Ordinary Shares,Investment Bankers/Brokers/Service,56,14.630000114440918,-68.19565192512844,12,,E-
GSK,GSK plc American Depositary Shares (Each representing two Ordinary Shares),Biotechnology: Pharmaceutical Preparations,81,49.650001525878906,-16.699509968128666,58,37,C-
GSL,Global Ship Lease Inc New Class A Common Shares,Marine Transportation,5,44.11000061035156,-4.935346638405025,83,52,C-
GSM,Ferroglobe PLC Ordinary Shares,Metal Mining,52,3.9800000190734863,-27.37341283393844,56,63,B
GSUN,Golden Sun Technology Group Limited Class A Ordinary Shares,Other Consumer Services,124,0.23199999332427979,-91.80212015622736,6,,A+
GT,The Goodyear Tire & Rubber Company Common Stock,Automotive Aftermarket,135,5.070000171661377,-51.897531404070094,18,7,D-
GTBP,GT Biopharma Inc. Common Stock,Biotechnology: Pharmaceutical Preparations,81,6.829999923706055,-41.272572171127706,99,7,E
GTE,Gran Tierra Energy Inc. Common Stock,Oil & Gas Production,13,10.180000305175781,-7.53860042190343,97,38,A
GTEC,Greenland Technologies Holding Corporation Class A Ordinary Shares,Industrial Machinery/Components,103,1.1649999618530273,-21.283787375736395,93,85,A
GTEN,Gores Holdings X Inc. Class A ordinary shares,,,10.489999771118164,-1.9626172139286746,55,99,B-
GTES,Gates Industrial Corporation Ltd. Common Shares,Industrial Machinery/Components,103,26.260000228881836,-11.997318717827078,57,87,C+
GTIM,Good Times Restaurants Inc. Common Stock,Restaurants,94,1.5,-26.10837334282936,69,88,B+
GTLB,GitLab Inc. Class A Common Stock,Computer Software: Prepackaged Software,60,48.619998931884766,-4.741383111743569,94,17,A
GTM,ZoomInfo Technologies Inc Common Stock,Computer Software: Prepackaged Software,60,3.9200000762939453,-66.77966090736291,34,84,B+
GTN,Gray Media Inc. Common Stock,Broadcasting,68,4.570000171661377,-23.51097771623246,66,63,B-
GTX,Garrett Motion Inc. Common Stock,Auto Parts:O.E.M.,94,25.299999237060547,-29.960459523655647,79,85,D
GTY,Getty Realty Corporation Common Stock,Real Estate,74,28.709999084472656,-20.240748047204725,48,67,E+
GURE,Gulf Resources Inc. (NV) Common Stock,Major Chemicals,71,3.240000009536743,-60.43955829622756,17,90,A+
GUTS,Fractyl Health Inc. Common Stock,Medical/Dental Instruments,81,0.4699999988079071,-80.16877546401086,11,17,E-
GVA,Granite Construction Incorporated Common Stock,Military/Government/Technical,94,110.93000030517578,-30.780720464656685,31,39,D
GVH,Globavend Holdings Limited Ordinary Shares,Integrated Freight & Logistics,138,1.090000033378601,-81.77257475080275,8,,A
GWAV,Greenwave Technology Solutions Inc. Common Stock,Metal Fabrications,58,2.4100000858306885,-86.26780518177196,12,26,A+
GWH,ESS Tech Inc. Common Stock,Industrial Machinery/Components,103,0.3400000035762787,-96.24309396231438,4,7,E+
GWRE,Guidewire Software Inc. Common Stock,Computer Software: Prepackaged Software,60,151.0,-40.60496301080527,56,58,E+
GWRS,Global Water Resources Inc. Common Stock,Water Supply,42,7.940000057220459,-25.088572572554558,58,43,B
GWW,W.W. Grainger Inc. Common Stock,Office Equipment/Supplies/Services,107,1279.469970703125,-8.563397296564512,70,91,D+
GXAI,Gaxos.ai Inc. Common Stock,Computer Software: Prepackaged Software,60,0.597000002861023,-70.59113244950899,9,38,A
GXO,GXO Logistics Inc. Common Stock,Transportation Services,110,44.16999816894531,-32.657416320926394,31,41,E+
GYRE,Gyre Therapeutics Inc. Common Stock,Biotechnology: Pharmaceutical Preparations,81,7.329999923706055,-17.36189381873887,65,33,A
GYRO,Gyrodyne LLC Common Stock,Building operators,57,4.929999828338623,-53.968255735024215,15,,E+
H,Hyatt Hotels Corporation Class A Common Stock,Hotels/Resorts,87,159.02999877929688,-21.24080573826822,45,63,D
HAE,Haemonetics Corporation Common Stock,Medical/Dental Instruments,81,106.0,-2.573532144503532,94,48,A-
HAFC,Hanmi Financial Corporation Common Stock,Major Banks,20,31.829999923706055,-3.596404941051312,72,69,C
HAFN,Hafnia Limited Common Shares,Transportation Services,110,8.920000076293945,-11.857705759241144,92,96,B-
HAIN,Hain Celestial Group Inc. (The) Common Stock,Packaged Foods,113,0.5199999809265137,-68.48484918543569,16,17,E-
HAL,Halliburton Company Common Stock,Oilfield Services/Equipment,35,32.7599983215332,-23.098992137107754,62,53,D
HALO,Halozyme Therapeutics Inc. Common Stock,Biotechnology: Biological Products (No Diagnostic Substances),74,115.22000122070312,0.0,94,82,A-
HAO,Haoxi Health Technology Limited Class A Ordinary Shares,Advertising,124,2.9700000286102295,-99.92749023367651,1,,A
HAPN,Happen Inc. Common Stock,Finance: Consumer Services,74,15.350000381469727,-28.86932142846095,31,62,E+
HAS,Hasbro Inc. Common Stock,Recreational Games/Products/Toys,81,86.80999755859375,-16.1925424623661,62,63,B-
HASI,HA Sustainable Infrastructure Capital Inc. Common Stock,Finance/Investors Services,40,36.15999984741211,-15.580117749864009,62,78,D
HAWK,HawkEye 360 Inc. Common Stock,EDP Services,116,16.0,-53.83727619607984,13,,E
HAYW,Hayward Holdings Inc. Common Stock,Industrial Machinery/Components,103,12.520000457763672,-27.671861097414173,27,56,D-
HBAN,Huntington Bancshares Incorporated Common Stock,Major Banks,20,15.3100004196167,-18.215723395846272,37,47,E
HBB,Hamilton Beach Brands Holding Company Class A Common Stock,Home Furnishings,33,37.310001373291016,0.0,98,87,A
HBCP,Home Bancorp Inc. Common Stock,Banks,19,67.72000122070312,-6.605986449328716,68,71,C
HBIO,Harvard Bioscience Inc. Common Stock,Biotechnology: Laboratory Analytical Instruments,4,8.020000457763672,-2.195114093759909,89,7,A-
HBM,Hudbay Minerals Inc. Ordinary Shares (Canada),Metal Mining,52,26.479999542236328,-16.868967217807906,88,85,B-
HBNB,Hotel101 Global Holdings Corp. Class A Ordinary Shares,Hotels/Resorts,87,4.71999979019165,-52.800002098083496,42,,E+
HBNC,Horizon Bancorp Inc. Common Stock,Major Banks,20,19.219999313354492,-7.596153757981295,67,37,C
HBT,HBT Financial Inc. Common Stock,Major Banks,20,35.75,-3.9494926719278456,84,67,C+
HCA,HCA Healthcare Inc. Common Stock,Hospital/Nursing Management,25,423.4800109863281,-21.900568295979916,52,62,B-
HCAI,Huachen AI Parking Management Technology Holding Co. Ltd. Class A Ordinary Shares,Miscellaneous manufacturing industries,133,0.5289999842643738,-97.2404800096034,1,,E-
HCAT,Health Catalyst Inc Common Stock,Computer Software: Programming Data Processing,90,1.7400000095367432,-49.7109829377744,47,88,B
HCC,Warrior Met Coal Inc. Common Stock,Coal Mining,74,88.94999694824219,-19.27145225821881,67,97,D-
HCI,HCI Group Inc. Common Stock,Property-Casualty Insurers,42,176.88999938964844,-13.463029843469753,55,75,C
HCIC,Hennessy Capital Investment Corp. VIII Class A Ordinary Shares,,,9.979999542236328,-0.29970715244288515,53,,C
HCKT,Hackett Group Inc (The). Common Stock,Professional Services,47,10.210000038146973,-48.78563730876107,24,73,C+
HCM,HUTCHMED (China) Limited American Depositary Shares,Biotechnology: Pharmaceutical Preparations,81,13.899999618530273,-15.192189529249111,70,,A
HCSG,Healthcare Services Group Inc. Common Stock,Hospital/Nursing Management,25,20.969999313354492,-17.147373544704646,59,96,D+
HCTI,Healthcare Triangle Inc. Common Stock,EDP Services,116,0.7300000190734863,-99.63789682689857,3,26,A+
HCWB,HCW Biologics Inc. Common Stock,Biotechnology: Pharmaceutical Preparations,81,1.9900000095367432,-93.20355203938102,5,17,A+
HD,Home Depot Inc. (The) Common Stock,RETAIL: Building Materials,132,292.17999267578125,-26.734577279697234,29,48,D-
HDB,HDFC Bank Limited Common Stock,Commercial Banks,13,22.829999923706055,-38.596020074459446,25,72,B-
HDL,SUPER HI INTERNATIONAL HOLDING LTD. American Depositary Shares,Restaurants,94,11.744999885559082,-37.493351179916864,27,42,D
HDRN,Hadron Energy Inc. Common Stock,Electric Utilities: Central,87,1.350000023841858,-88.48122872795716,5,,E+
HDSN,Hudson Technologies Inc. Common Stock,Industrial Specialties,68,5.230000019073486,-47.59518778593508,26,37,C
HE,Hawaiian Electric Industries Inc. Common Stock,Electric Utilities: Central,87,9.170000076293945,-46.311474723331145,19,75,E
HEI,Heico Corporation Common Stock,Aerospace,120,306.3299865722656,-18.240057759159324,44,79,D-
HEI-A,Heico Corporation,,,229.44000244140625,-16.866797505923202,40,79,D
HELE,Helen of Troy Limited Common Stock,Home Furnishings,33,29.350000381469727,-2.8788846844887472,88,40,B-
HELP,Cybin Inc. Common Stock,Biotechnology: Pharmaceutical Preparations,81,12.59000015258789,-10.199716536984194,97,26,A-
HEPS,D-Market Electronic Services & Trading American Depositary Shares,Catalog/Specialty Distribution,63,2.359999895095825,-28.267479560498177,32,17,B+
HERE,Here Group Limited American Depositary Shares,Recreational Games/Products/Toys,81,1.6699999570846558,-82.88934510326358,10,97,D-
HESM,Hess Midstream LP Class A Representing Limited Partner Interests,Oil & Gas Production,13,38.470001220703125,-6.102025690779556,67,55,C
HFBL,Home Federal Bancorp Inc. of Louisiana Common Stock,Savings Institutions,13,25.0,-6.820722806223833,91,55,B+
HFFG,HF Foods Group Inc. Common Stock,Food Distributors,74,1.5499999523162842,-54.277288957190216,21,48,C+
HFWA,Heritage Financial Corporation Common Stock,Banks,19,28.25,-8.853633424138351,65,54,C
HG,Hamilton Insurance Group Ltd. Class B Common Shares,Property-Casualty Insurers,42,33.43000030517578,-10.327249464018639,77,61,C
HGBL,Heritage Global Inc. Common Stock,Business Services,66,1.3300000429153442,-23.56321634334687,49,36,B+
HGTY,Hagerty Inc. Class A Common Stock,Specialty Insurers,66,13.579999923706055,-3.138377458568231,75,44,A-
HGV,Hilton Grand Vacations Inc. Common Stock,Hotels/Resorts,87,35.08000183105469,-35.85664159457001,21,38,E
HHH,Howard Hughes Holdings Inc. Common Stock,Real Estate Investment Trusts,60,64.58000183105469,-28.124648939582077,36,71,B+
HHS,Harte Hanks Inc. Common Stock,Advertising,124,4.650000095367432,0.0,95,17,A+
HIFS,Hingham Institution for Savings Common Stock,Banks,19,297.19000244140625,-10.458460876155861,57,69,C-
HIG,The Hartford Insurance Group Inc. Common Stock,Property-Casualty Insurers,42,125.69000244140625,-13.343384264433123,44,84,D-
HIHO,Highway Holdings Limited Common Stock,Metal Fabrications,58,0.9300000071525574,-42.689075266027224,64,52,A+
HII,Huntington Ingalls Industries Inc. Common Stock,Marine Transportation,5,266.0,-40.84704022376941,32,70,D+
HIMS,Hims & Hers Health Inc. Class A Common Stock,Medical/Nursing Services,35,29.280000686645508,-53.346077964123495,37,42,C+
HIMX,Himax Technologies Inc. American Depositary Shares,Semiconductors,29,14.119999885559082,-40.60142554399474,88,51,B
HIND,Vyome Holdings Inc. Common Stock,Biotechnology: Pharmaceutical Preparations,81,2.059999942779541,-67.35340790079127,22,26,A
HIPO,Hippo Holdings Inc. Common Stock,Property-Casualty Insurers,42,30.239999771118164,-20.105677700901513,62,98,C+
HIT,Health In Tech Inc. Class A Common Stock,Specialty Insurers,66,0.8539999723434448,-77.34748072509097,13,41,D-
HITI,High Tide Inc. Common Shares,Other Specialty Stores,130,2.694999933242798,-30.361756771642312,63,37,A
HIVE,HIVE Digital Technologies Ltd. Common Shares,Finance: Consumer Services,74,3.299999952316284,-52.58620784153221,62,7,A-
HIW,Highwoods Properties Inc. Common Stock,Real Estate Investment Trusts,60,30.010000228881836,-11.355019645257435,75,36,C
HKD,AMTD Digital Inc. American Depositary Shares (every five of which represent two Class A Ordinary Shares),Finance: Consumer Services,74,1.7000000476837158,-42.372880671018166,64,,C+
HKIT,Hitek Global Inc. Class A Ordinary Share,Computer Software: Prepackaged Software,60,2.7850000858306885,-99.98210441711916,3,,A
HKPD,Cellyan Biotechnology Co. Ltd Class A Ordinary Shares,Other Pharmaceuticals,46,0.12099999934434891,-93.04597708728957,3,,E-
HL,Hecla Mining Company Common Stock,Mining & Quarrying of Nonmetallic Minerals (No Fuels),94,17.940000534057617,-43.56773840877642,75,95,B
HLF,Herbalife Ltd. Common Shares,Other Pharmaceuticals,46,12.210000038146973,-38.82765231364458,55,33,D
HLI,Houlihan Lokey Inc. Class A Common Stock,Investment Managers,55,127.48999786376953,-37.08867026230923,28,50,D-
HLIO,Helios Technologies Inc. Common Stock,Metal Fabrications,58,68.37999725341797,-26.2678152256125,52,84,D-
HLIT,Harmonic Inc. Common Stock,Radio And Television Broadcasting And Communications Equipment,71,10.949999809265137,-36.00234121183854,45,90,B-
HLLY,Holley Inc. Common Stock,Auto Parts:O.E.M.,94,2.430000066757202,-44.64692162502198,30,66,D
HLMN,Hillman Solutions Corp. Common Stock,Industrial Machinery/Components,103,7.010000228881836,-34.72997785593053,26,58,B-
HLN,Haleon plc American Depositary Shares (Each representing two Ordinary Shares),Package Goods/Cosmetics,47,9.220000267028809,-16.560134423865847,51,,C-
HLNE,Hamilton Lane Incorporated Class A Common Stock,Investment Managers,55,85.33999633789062,-43.42758794739922,32,86,C-
HLP,Hongli Group Inc. Class A Ordinary Shares,Industrial Machinery/Components,103,2.200000047683716,0.0,99,,A
HLT,Hilton Worldwide Holdings Inc. Common Stock,Hotels/Resorts,87,312.1300048828125,-10.835438826946998,56,61,C-
HMC,Honda Motor Company Ltd. Common Stock,Auto Manufacturing,137,32.189998626708984,-3.8817646658814042,74,,B
HMH,HMH Holding Inc. Class A Common Stock,Oil and Gas Field Machinery,9,18.6200008392334,-23.24814235959465,45,,D-
HMN,Horace Mann Educators Corporation Common Stock,Property-Casualty Insurers,42,45.880001068115234,-14.604488729610477,50,81,D
HMR,Heidmar Maritime Holdings Corp. Common Stock,Marine Transportation,5,1.809999942779541,-2.1621665160441172,95,65,A
HMY,Harmony Gold Mining Company Limited,Precious Metals,25,18.549999237060547,-27.393006212199346,71,,C-
HNGE,Hinge Health Inc. Class A Common Stock,EDP Services,116,91.9800033569336,-3.0769210979928574,94,34,B
HNI,HNI Corporation Common Stock,Office Equipment/Supplies/Services,107,46.68000030517578,-8.85756318957065,76,59,B
HNNA,Hennessy Advisors Inc. Common Stock,Investment Managers,55,10.1899995803833,-2.7671753293907475,62,53,C
HNRG,Hallador Energy Company Common Stock,Electric Utilities: Central,87,14.539999961853027,-38.93322012606125,25,38,B-
HNST,The Honest Company Inc. Common Stock,Catalog/Specialty Distribution,63,5.28000020980835,-11.260497830831639,94,55,A-
HNVR,Hanover Bancorp Inc. Common Stock,Major Banks,20,26.059999465942383,-6.056237631713801,72,66,B-
HODO,House of Doge Inc. Common Stock,Finance: Consumer Services,74,0.17000000178813934,-99.11458335920341,1,,E-
HOFT,Hooker Furnishings Corporation Common Stock,Home Furnishings,33,13.109999656677246,-25.860616893416488,58,70,B-
HOG,Harley-Davidson Inc. Common Stock,Motor Vehicles,113,25.520000457763672,-9.683344296798612,69,41,C-
HOLO,MicroCloud Hologram Inc. Ordinary Shares,Computer Software: Programming Data Processing,90,1.7000000476837158,-69.53404890811126,27,,B+
HOMB,Home BancShares Inc. Common Stock,Major Banks,20,28.959999084472656,-7.741320014096997,59,54,C
HON,Honeywell International Inc. Common Stock,Aerospace,120,211.7899932861328,-17.891936012842102,43,82,C
HONA,Honeywell Aerospace Inc. Common Stock,Aerospace,120,158.4600067138672,-41.30024095263224,22,,E+
HOOD,Robinhood Markets Inc. Class A Common Stock,Investment Bankers/Brokers/Service,56,120.81999969482422,-20.752988079309265,81,92,A-
HOPE,Hope Bancorp Inc. Common Stock,Major Banks,20,13.720000267028809,-5.379308503249591,76,79,C
HOS,Hornbeck Offshore Services Inc. Common Stock,Oilfield Services/Equipment,35,8.300000190734863,-21.698114226067233,62,,E
HOUR,Hour Loop Inc. Common Stock,Catalog/Specialty Distribution,63,1.7599999904632568,-45.510836530332085,34,68,B+
HOV,Hovnanian Enterprises Inc. Class A Common Stock,Homebuilding,90,112.94000244140625,-23.456455367344866,38,32,D
HOVNP,Hovnanian Enterprises Inc Dep Shr Srs A Pfd,Homebuilding,90,18.690000534057617,-12.634557294731474,46,,E
HOVR,New Horizon Aircraft Ltd. Class A Ordinary Share,Aerospace,120,1.75,-55.24296773440586,49,,C
HOWL,Werewolf Therapeutics Inc. Common Stock,Biotechnology: Pharmaceutical Preparations,81,0.9810000061988831,-55.20548033939483,96,63,A+
HP,Helmerich & Payne Inc. Common Stock,Oil & Gas Production,13,39.81999969482422,-16.414777067615592,88,63,B+
HPAI,Helport AI Limited Ordinary Shares,Computer Software: Prepackaged Software,60,0.3019999861717224,-93.10502332691671,4,,E-
HPE,Hewlett Packard Enterprise Company Common Stock,Retail: Computer Software & Peripheral Equipment,6,63.52000045776367,0.0,97,57,A-
HPK,HighPeak Energy Inc. Common Stock,Oil & Gas Production,13,7.650000095367432,-11.45833574787325,81,40,A-
HPP,Hudson Pacific Properties Inc. Common Stock,Real Estate,74,11.710000038146973,-39.82527960399285,66,7,C-
HPQ,HP Inc. Common Stock,Computer Manufacturing,87,31.139999389648438,-12.232244105362632,89,45,B
HQ,Horizon Quantum Holdings Ltd. Class A Ordinary Shares,EDP Services,116,15.800000190734863,-58.84344766362458,76,,A-
HQH,abrdn Healthcare Investors Shares of Beneficial Interest,Finance Companies,64,21.239999771118164,-11.473047991343721,75,,C
HQI,HireQuest Inc. Common Stock (DE),Professional Services,47,18.75,0.0,95,72,A
HQL,abrdn Life Sciences Investors Shares of Beneficial Interest,Investment Managers,55,18.969999313354492,-13.936905104635644,77,,C-
HQY,HealthEquity Inc. Common Stock,Business Services,66,88.5999984741211,-17.03343223659567,55,90,E+
HR,Healthcare Realty Trust Incorporated Common Stock,Real Estate Investment Trusts,60,17.829999923706055,-17.46421505866602,52,17,D
HRB,H&R Block Inc. Common Stock,Other Consumer Services,124,42.61000061035156,-20.638368437790323,72,59,C+
HRI,Herc Holdings Inc. Common Stock,Misc Corporate Leasing Services,128,130.94000244140625,-26.63006927034518,48,46,E
HRL,Hormel Foods Corporation Common Stock,Meat/Poultry/Fish,124,19.84000015258789,-24.26298957886305,28,72,E
HRMY,Harmony Biosciences Holdings Inc. Common Stock,Biotechnology: Pharmaceutical Preparations,81,41.15999984741211,-3.966403963440146,82,84,B
HROW,Harrow Inc. Common Stock,Biotechnology: Pharmaceutical Preparations,81,33.099998474121094,-39.59854208951159,23,17,E+
HRTG,Heritage Insurance Holdings Inc. Common Stock,Property-Casualty Insurers,42,33.18000030517578,-6.324104967722621,83,89,B
HRTX,Heron Therapeutics Inc. Common Stock,Biotechnology: Pharmaceutical Preparations,81,0.28999999165534973,-80.53691343629495,8,17,E-
HRZN,Horizon Technology Finance Corporation Common Stock,Finance: Consumer Services,74,4.590000152587891,-21.763613810085236,57,17,C+
HSAI,Hesai Group American Depositary Share,Industrial Machinery/Components,103,16.3700008392334,-44.65855009649907,31,86,B
HSBC,HSBC Holdings plc. Common Stock,Savings Institutions,13,100.16999816894531,-6.681180341291693,80,,D+
HSCS,HeartSciences Inc. Common Stock,Industrial Specialties,68,4.630000114440918,-10.961532994840073,94,26,A
HSDT,Solana Company Class A Common Stock (DE),Biotechnology: Electromedical & Electrotherapeutic Apparatus,58,2.9000000953674316,-84.05717421537352,84,7,A+
HSHP,Himalaya Shipping Ltd. Common Shares,Marine Transportation,5,18.030000686645508,-6.725293544705324,95,99,B-
HSIC,Henry Schein Inc. Common Stock,Medical Specialities,10,85.52999877929688,-5.866169706416935,68,54,C
HSLV,Highlander Silver Corp. Common Shares,,,5.269999980926514,-20.632528811844576,49,37,C+
HST,Host Hotels & Resorts Inc. Common Stock,Real Estate Investment Trusts,60,22.209999084472656,-13.038377884435292,72,56,D
HSTM,HealthStream Inc. Common Stock,Computer Software: Programming Data Processing,90,28.8700008392334,-3.0231763677906254,75,94,B-
HSY,The Hershey Company Common Stock,Specialty Foods,99,166.8800048828125,-28.269341321881768,36,77,C-
HTB,HomeTrust Bancshares Inc. Common Stock,Savings Institutions,13,45.72999954223633,-11.536823310304179,56,85,D
HTCO,High-Trend International Group Class A Ordinary Shares,Marine Transportation,5,2.3499999046325684,-93.85138715443155,7,,E
HTCR,Heartcore Enterprises Inc. Common Stock,EDP Services,116,2.0899999141693115,-86.77161524221776,8,44,B
HTFL,Heartflow Inc. Common Stock,Medical/Dental Instruments,81,48.65999984741211,-4.118226901651012,91,17,A-
HTGC,Hercules Capital Inc. Common Stock,Investment Managers,55,16.799999237060547,-5.40541092032255,67,76,C+
HTH,Hilltop Holdings Inc.,Major Banks,20,38.349998474121094,-3.6190058011391413,63,65,C
HTHT,H World Group Limited American Depositary Shares,Hotels/Resorts,87,41.9900016784668,-21.64639543623441,52,92,B-
HTLD,Heartland Express Inc. Common Stock,Trucking Freight/Courier Services,39,11.369999885559082,-29.805785732680366,59,35,E+
HTLM,HomesToLife Ltd Ordinary Shares,Other Specialty Stores,130,1.7799999713897705,-47.35927386315314,28,,B+
HTO,H2O America Common Stock,Water Supply,42,62.18000030517578,-4.295100178256472,74,50,C
HTOO,Fusion Fuel Green PLC Class A Ordinary Shares,Industrial Machinery/Components,103,2.009999990463257,-62.50000111202693,14,,A+
HTT,High Templar Tech Limited American depositary shares each representing one Class A ordinary share,Finance: Consumer Services,74,2.430000066757202,-50.90908766887502,31,42,D-
HTZ,Hertz Global Holdings Inc Common Stock,Rental/Leasing Companies,22,1.7549999952316284,-77.52880911536816,8,63,B+
HUBB,Hubbell Inc Common Stock,Electrical Products,12,465.8800048828125,-15.975962429159207,45,57,C
HUBC,Hub Cyber Security Ltd. Ordinary Shares,Computer Communications Equipment,23,2.3299999237060547,-99.99284178210843,12,,E-
HUBG,Hub Group Inc. Class A Common Stock,Integrated Freight & Logistics,138,30.030000686645508,-42.24156254629206,21,,E
HUBS,HubSpot Inc. Common Stock,Computer Software: Prepackaged Software,60,221.55999755859375,-57.382473748238084,37,99,E
HUCK,Huckleberry.ai Inc. Class B Common Stock,Computer Software: Prepackaged Software,60,3.369999885559082,-79.38838038573705,24,,A-
HUDI,Huadi International Group Co. Ltd. Ordinary Shares,Steel/Iron Ore,33,0.7319999933242798,-50.87248398395203,16,,A+
HUHU,HUHUTECH International Group Inc. Ordinary Shares,Metal Fabrications,58,5.960000038146973,-49.0598279033535,26,,A-
HUIZ,Huize Holding Limited American Depositary Shares,Specialty Insurers,66,1.3799999952316284,-66.34146274802657,27,,A+
HUM,Humana Inc. Common Stock,Medical Specialities,10,380.32000732421875,-7.193748498509789,90,47,C-
HUMA,Humacyte Inc. Common Stock,Biotechnology: Biological Products (No Diagnostic Substances),74,0.5690000057220459,-77.05645155863262,16,26,D+
HUN,Huntsman Corporation Common Stock,Major Chemicals,71,8.789999961853027,-44.15375299347827,28,7,D
HURA,TuHURA Biosciences Inc. Common Stock,Biotechnology: Pharmaceutical Preparations,81,2.0999999046325684,-33.33333837922904,79,26,E+
HURC,Hurco Companies Inc. Common Stock,Industrial Machinery/Components,103,21.6299991607666,-7.247000669698577,78,63,B
HURN,Huron Consulting Group Inc. Common Stock,Professional Services,47,157.66000366210938,-15.044723511945357,87,89,B
HUT,Hut 8 Corp. Common Stock,Finance: Consumer Services,74,101.54000091552734,-23.66561595687069,95,17,B+
HUYA,HUYA Inc. American depositary shares each  representing one Class A ordinary share,Computer Software: Programming Data Processing,90,2.3299999237060547,-49.34407747726174,35,36,B
HVMC,Highview Merger Corp. Class A Ordinary Share,,,10.260000228881836,-0.09737320775167202,55,,C-
HVT,Haverty Furniture Companies Inc. Common Stock,Other Specialty Stores,130,27.739999771118164,-3.485959632491764,79,60,B+
HVT-A,Haverty Furniture Companies Inc.,,,28.09000015258789,-23.679662962841274,72,57,E-
HWBK,Hawthorn Bancshares Inc. Common Stock,Major Banks,20,38.310001373291016,-4.453189732506646,68,44,B-
HWC,Hancock Whitney Corporation Common Stock,Major Banks,20,73.18000030517578,-7.662052424174015,67,56,C-
HWKN,Hawkins Inc. Common Stock,Specialty Chemicals,130,126.62000274658203,-30.64292320184481,25,59,C-
HWM,Howmet Aerospace Inc. Common Stock,Metal Fabrications,58,229.3800048828125,-21.619678911065222,49,98,E-
HXHX,Haoxin Holdings Limited Class A Ordinary Shares,Trucking Freight/Courier Services,39,0.39100000262260437,-77.00000049086177,16,,A
HXL,Hexcel Corporation Common Stock,Major Chemicals,71,85.44999694824219,-22.380332353301547,63,81,D-
HY,Hyster-Yale Inc. Class A common stock,Construction/Ag Equipment/Trucks,31,30.81999969482422,-23.014954252217358,37,7,D+
HYFM,Hydrofarm Holdings Group Inc. Common Stock,Consumer Specialties,42,0.9599999785423279,-72.33429479460789,24,7,A+
HYFT,MindWalk Holdings Corp. Common Stock,Biotechnology: Pharmaceutical Preparations,81,1.3600000143051147,-51.0791356726084,34,7,B+
HYLN,Hyliion Holdings Corp. Class A Common Stock,Construction/Ag Equipment/Trucks,31,4.199999809265137,-48.14815294486373,94,17,C+
HYMC,Hycroft Mining Holding Corporation Class A Common Stock,Precious Metals,25,20.889999389648438,-62.5224277707215,86,26,C+
HYNE,Hoyne Bancorp Inc. Common Stock,Banks,19,16.43000030517578,-1.9689732649130764,67,34,C
HYPD,Hyperion DeFi Inc. Common Stock,Biotechnology: Pharmaceutical Preparations,81,4.170000076293945,-64.75063310915404,64,65,A
HYPR,Hyperfine Inc. Class A Common Stock,Biotechnology: Electromedical & Electrotherapeutic Apparatus,58,0.7960000038146973,-63.818182429006264,12,17,E
HZO,MarineMax Inc.  (FL) Common Stock,Auto & Home Supply Stores,106,52.40999984741211,-0.2853910235153245,96,63,A
IA,Innovative Solutions and Support Inc. Common Stock,EDP Services,116,18.450000762939453,-39.626959799194125,64,91,B
IAG,Iamgold Corporation Ordinary Shares,Precious Metals,25,19.360000610351562,-21.204717741897916,82,98,B+
IART,Integra LifeSciences Holdings Corporation Common Stock,Medical/Dental Instruments,81,15.880000114440918,-20.000000960880904,74,71,C-
IAUX,i-80 Gold Corp. Common Shares,Precious Metals,25,1.7300000190734863,-16.826919109158112,86,42,A-
IBCP,Independent Bank Corporation Common Stock,Major Banks,20,35.83000183105469,-6.935060179078734,64,73,C-
IBEX,IBEX Limited Common Shares,EDP Services,116,43.220001220703125,0.0,87,77,A-
IBG,Innovation Beverage Group Limited Ordinary Shares,Beverages (Production/Distribution),110,0.9649999737739563,-95.60364491921445,11,,A+
IBIO,iBio Inc. Common Stock,Biotechnology: Pharmaceutical Preparations,81,1.2000000476837158,-60.9120497140802,29,26,B
IBKR,Interactive Brokers Group Inc. Class A Common Stock,Investment Bankers/Brokers/Service,56,89.81999969482422,-8.441476681360916,78,96,C+
IBM,International Business Machines Corporation Common Stock,Computer Manufacturing,87,227.05999755859375,-30.53828496837613,33,67,E+
IBN,ICICI Bank Limited Common Stock,Commercial Banks,13,27.8799991607666,-14.65264852021918,46,66,C-
IBO,Impact BioMedical Inc. Common Stock,Biotechnology: Pharmaceutical Preparations,81,5.650000095367432,-42.77564082936502,28,26,A+
IBOC,International Bancshares Corporation Common Stock,Major Banks,20,69.38999938964844,-9.960225466571405,48,55,D+
IBP,Installed Building Products Inc. Common Stock,Homebuilding,90,196.2899932861328,-42.2868986138513,25,50,E+
IBRX,ImmunityBio Inc. Common Stock,Biotechnology: Biological Products (No Diagnostic Substances),74,8.640000343322754,-25.19480345763494,97,7,A-
IBTA,Ibotta Inc. Class A Common Stock,Advertising,124,41.68000030517578,-1.6981160254526673,92,45,B+
ICCC,ImmuCell Corporation Common Stock,Biotechnology: In Vitro & In Vivo Diagnostic Substances,110,9.970000267028809,-14.931740274129279,88,56,D-
ICCM,IceCure Medical Ltd. Ordinary Shares,Medical/Dental Instruments,81,1.7300000190734863,-94.50793644738576,2,,B
ICE,Intercontinental Exchange Inc. Common Stock,Investment Bankers/Brokers/Service,56,156.92999267578125,-9.453387823838922,66,86,B-
ICFI,ICF International Inc. Common Stock,Professional Services,47,83.0,-14.012690170970398,71,67,B-
ICG,Intchains Group Limited American Depositary Shares,Semiconductors,29,0.8309999704360962,-61.70507183320808,26,17,A
ICHR,Ichor Holdings Ordinary Shares,Semiconductors,29,56.470001220703125,-49.706090279085814,95,59,E+
ICL,ICL Group Ltd. Ordinary Shares,Agricultural Chemicals,136,5.179999828338623,-22.642991673504586,54,61,C-
ICLR,ICON plc Ordinary Shares,Biotechnology: Commercial Physical & Biological Resarch,7,173.89999389648438,-14.301204678850688,76,37,B+
ICMB,Investcorp Credit Management BDC Inc. Common Stock,Finance: Consumer Services,74,0.8600000143051147,-72.16828355361591,10,26,E+
ICON,Icon Energy Corp. Common stock,Marine Transportation,5,1.0099999904632568,-90.69124465480947,22,,C+
ICU,SeaStar Medical Holding Corporation Common Stock,Medical/Dental Instruments,81,3.440000057220459,-72.25806320122943,66,17,B
ICUI,ICU Medical Inc. Common Stock,Medical/Dental Instruments,81,166.02000427246094,-11.342513541299738,76,72,B+
IDA,IDACORP Inc. Common Stock,Electric Utilities: Central,87,127.69000244140625,-16.8734955700523,42,57,D
IDAI,T Stamp Inc. Class A Common Stock,Computer Software: Prepackaged Software,60,3.069999933242798,-34.120170949196584,92,26,A
IDCC,InterDigital Inc. Common Stock,Multi-Sector Companies,60,328.0299987792969,-16.69648853679242,65,53,B
IDN,Intellicheck Inc. Common Stock,Computer Software: Prepackaged Software,60,2.4000000953674316,-73.3036690047777,9,91,E+
IDR,Idaho Strategic Resources Inc. Common Stock,Precious Metals,25,29.799999237060547,-43.41055958334755,38,91,C-
IDT,IDT Corporation Class B Common Stock,Telecommunications Equipment,94,67.75,-4.604332297424363,81,82,B-
IDXX,IDEXX Laboratories Inc. Common Stock,Biotechnology: In Vitro & In Vivo Diagnostic Substances,110,513.3900146484375,-33.03724897572183,31,85,C
IDYA,IDEAYA Biosciences Inc. Common Stock,Biotechnology: Pharmaceutical Preparations,81,36.7400016784668,-13.512236171430414,70,17,D
IE,Ivanhoe Electric Inc. Common Stock,Metal Mining,52,9.989999771118164,-49.84939893144432,40,7,C
IEP,Icahn Enterprises L.P. Common Stock,Integrated oil Companies,1,6.949999809265137,-5.063350998139726,63,17,D+
IESC,IES Holdings Inc. Common Stock,Engineering & Construction,71,320.5,-19.26545641336135,81,87,C
IEX,IDEX Corporation Common Stock,Fluid Controls,16,228.5,-4.997507092526354,77,51,C+
IFBD,Infobird Co. Ltd Ordinary Shares,Computer Software: Prepackaged Software,60,1.1299999952316284,-12.403098554481051,69,,A+
IFF,International Flavors & Fragrances Inc. Common Stock,Major Chemicals,71,85.8499984741211,-2.0593376470335323,82,33,C+
IFRX,InflaRx N.V. Common Stock,Biotechnology: Pharmaceutical Preparations,81,1.9299999475479126,-29.56204595509395,91,7,B+
IFS,Intercorp Financial Services Inc. Common Shares,Commercial Banks,13,55.45000076293945,-8.61898404076018,78,,C+
IGC,IGC Pharma Inc. Common Stock,Biotechnology: Pharmaceutical Preparations,81,0.2800000011920929,-33.333330968069575,46,17,A-
IGI,Western Asset Investment Grade Opportunity Trust Inc. Common Stock,Investment Managers,55,15.750100135803223,-2.711105801466329,52,,B+
IGIC,International General Insurance Holdings Ltd. Ordinary Share,Property-Casualty Insurers,42,24.6200008392334,-14.654087439027752,55,49,D
IH,iHuman Inc. American depositary shares each representing five Class A ordinary shares,Other Consumer Services,124,1.1299999952316284,-60.494304279386,15,40,A
IHG,Intercontinental Hotels Group American Depositary Shares (Each representing one Ordinary Share),Hotels/Resorts,87,157.66000366210938,-9.09138420437763,66,59,C
IHRT,iHeartMedia Inc. Class A Common Stock,Broadcasting,68,2.259999990463257,-64.29699814056104,14,17,E-
IHS,IHS Holding Limited Ordinary Shares,Telecommunications Equipment,94,8.420000076293945,-3.5509677227654413,66,39,C+
IHT,InnSuites Hospitality Trust Shares of Beneficial Interest,Real Estate Investment Trusts,60,1.409999966621399,-26.284832362851073,47,26,A-
III,Information Services Group Inc. Common Stock,Professional Services,47,5.269999980926514,-10.88725309330818,76,68,B+
IIIN,Insteel Industries Inc. Common Stock,Steel/Iron Ore,33,29.1299991607666,-23.336019896631566,35,39,C-
IIIV,i3 Verticals Inc. Class A Common Stock,Computer Software: Prepackaged Software,60,15.130000114440918,-54.3038361959116,14,56,E
IIM,Invesco Value Municipal Income Trust Common Stock,Investment Managers,55,11.0,-13.814522808709906,40,,E
IIPR,Innovative Industrial Properties Inc. Common Stock,Real Estate,74,55.59000015258789,-14.040510705809261,64,68,D+
IKT,Inhibikase Therapeutics Inc. Common Stock,Biotechnology: Biological Products (No Diagnostic Substances),74,2.0999999046325684,-16.666669820351597,79,1,B+
ILAG,Intelligent Living Application Group Inc. Ordinary Shares,Office Equipment/Supplies/Services,107,3.111999988555908,-53.55223765450769,32,,A-
ILLR,Triller Group Inc. Common Stock,Investment Managers,55,0.35899999737739563,-96.67592600891456,2,26,A
ILMN,Illumina Inc. Common Stock,Medical Specialities,10,273.8999938964844,0.0,97,57,B+
ILPT,Industrial Logistics Properties Trust Common Shares of Beneficial Interest,Real Estate Investment Trusts,60,7.519999980926514,-18.740972697976154,72,26,D+
IMA,ImageneBio Inc. Common Stock,Biotechnology: Biological Products (No Diagnostic Substances),74,4.659999847412109,-46.98521197229072,22,26,E
IMAX,Imax Corporation Common Stock,Industrial Machinery/Components,103,55.15999984741211,0.0,90,94,A-
IMCC,IM Cannabis Corp. Common Shares,Medicinal Chemicals and Botanical Products,123,3.180000066757202,-94.87922681981642,5,26,A+
IMCR,Immunocore Holdings plc American Depositary Shares,Biotechnology: Biological Products (No Diagnostic Substances),74,31.290000915527344,-22.193209506891453,47,17,C
IMDX,Insight Molecular Diagnostics Inc. Common Stock,Biotechnology: In Vitro & In Vivo Diagnostic Substances,110,3.950000047683716,-53.4198082439751,34,7,E-
IMKTA,Ingles Markets Incorporated Class A Common Stock,Food Chains,74,84.11000061035156,-11.516587651098265,62,43,D+
IMMP,Immutep Limited American Depositary Shares,Biotechnology: Pharmaceutical Preparations,81,0.25999999046325684,-91.82389984260625,8,,A-
IMMR,Immersion Corporation Common Stock,Computer peripheral equipment,42,7.289999961853027,-6.418485268914731,70,78,B+
IMMX,Immix Biopharma Inc. Common Stock,Biotechnology: Pharmaceutical Preparations,81,11.699999809265137,-19.14305740598613,98,7,B
IMNM,Immunome Inc. Common Stock,Biotechnology: Pharmaceutical Preparations,81,22.34000015258789,-25.0963970457041,85,26,D
IMNN,Imunon Inc. Common Stock,Biotechnology: Pharmaceutical Preparations,81,1.350000023841858,-75.18382335217044,10,26,E-
IMO,Imperial Oil Limited Common Stock,Integrated oil Companies,1,124.56999969482422,-9.330960085748774,78,40,C-
IMOS,ChipMOS TECHNOLOGIES INC. American Depositary Shares,Semiconductors,29,69.72000122070312,-8.008971660509157,97,51,A-
IMPP,Imperial Petroleum Inc. Common Shares,Marine Transportation,5,5.090000152587891,-19.84251607823584,71,70,B+
IMRN,Immuron Limited American Depositary Shares,Biotechnology: Pharmaceutical Preparations,81,1.190000057220459,-49.36169763774863,69,,A+
IMRX,Immuneering Corporation Class A Common Stock,Biotechnology: Pharmaceutical Preparations,81,4.340000152587891,-52.9794109660773,25,17,C
IMSR,Terrestrial Energy Inc. Common Stock,Metal Fabrications,58,4.360000133514404,-83.91143884818666,11,,E
IMTE,Integrated Media Technology Limited Ordinary Shares,Consumer Electronics/Appliances,64,0.4869999885559082,-60.72580767657828,27,,A+
IMTX,Immatics N.V. Ordinary Shares,Biotechnology: Biological Products (No Diagnostic Substances),74,8.329999923706055,-29.823083369695347,38,26,D-
IMUX,Immunic Inc. Common Stock,Biotechnology: Pharmaceutical Preparations,81,9.319999694824219,-44.85207156688242,37,7,E-
IMVT,Immunovant Inc. Common Stock,Biotechnology: Biological Products (No Diagnostic Substances),74,34.0,-24.3772226593701,86,7,E
IMXI,International Money Express Inc. Common Stock,Business Services,66,10.569999694824219,-33.68883329311827,19,40,E
INAB,IN8bio Inc. Common Stock,Biotechnology: Biological Products (No Diagnostic Substances),74,1.190000057220459,-54.054050322155064,23,26,A-
INBK,First Internet Bancorp Common Stock,Major Banks,20,26.040000915527344,-13.026050597741012,68,68,B-
INBS,Intelligent Bio Solutions Inc. Common Stock,Medical/Dental Instruments,81,1.7100000381469727,-90.45758911346712,10,26,A-
INBX,Inhibrx Biosciences Inc. Common Stock,Biotechnology: Biological Products (No Diagnostic Substances),74,100.4000015258789,-29.216015145187633,94,7,E+
INCR,Intercure Ltd. Ordinary Shares,Biotechnology: Pharmaceutical Preparations,81,5.260000228881836,-37.380946812445636,54,,A
INCY,Incyte Corp. Common Stock,Biotechnology: Commercial Physical & Biological Resarch,7,124.44000244140625,-4.225344834794509,84,86,B
INDB,Independent Bank Corp. Common Stock,Major Banks,20,80.23999786376953,-7.949983309331565,60,66,D+
INDI,indie Semiconductor Inc. Class A Common Stock,Semiconductors,29,3.049999952316284,-49.166667461395264,29,17,D-
INDO,Indonesia Energy Corporation Limited Ordinary Shares,Oil & Gas Production,13,2.880000114440918,-57.27002652459843,45,,B+
INDP,Indaptus Therapeutics Inc. Common Stock,Biotechnology: Pharmaceutical Preparations,81,4.0,-15.789473684210531,93,7,A+
INDV,Indivior Pharmaceuticals Inc. Common Stock,Biotechnology: Pharmaceutical Preparations,81,36.0,-13.937369294415092,67,97,D
INEO,INNEOVA Holdings Limited Class A Ordinary Shares,Motor Vehicles,113,0.6119999885559082,-42.26414890635593,62,,A+
INFQ,Infleqtion Inc. Common Stock,EDP Services,116,14.300000190734863,-28.032211440578024,63,,B+
INFU,InfuSystems Holdings Inc. Common Stock,Medical/Dental Instruments,81,12.6899995803833,-3.203661993080442,87,39,A-
INFY,Infosys Limited American Depositary Shares,EDP Services,116,10.5,-46.948639761344126,26,77,C
ING,ING Group N.V. Common Stock,Commercial Banks,13,36.11000061035156,-3.1124224125692823,86,76,C+
INGM,Ingram Micro Holding Corporation Common Stock,Retail: Computer Software & Peripheral Equipment,6,26.350000381469727,-16.460252070732196,68,88,E
INGN,Inogen Inc Common Stock,Industrial Specialties,68,5.230000019073486,-41.56424435161067,22,17,D-
INGR,Ingredion Incorporated Common Stock,Packaged Foods,113,96.48999786376953,-18.792362339712643,39,48,D+
INHD,Inno Holdings Inc. Common Stock,Steel/Iron Ore,33,3.130000114440918,-99.60479796534837,1,26,E-
INIO,INNIO N.V. Ordinary Shares,Metal Fabrications,58,19.010000228881836,-53.78069599998442,10,,C
INKT,MiNK Therapeutics Inc. Common Stock,Biotechnology: Biological Products (No Diagnostic Substances),74,12.300000190734863,-20.43984372325309,65,7,B
INLF,INLIF LIMITED Class A Ordinary Shares,Industrial Machinery/Components,103,2.950000047683716,-99.93507922430274,3,,A+
INLX,Intellinetics Inc. Common Stock,Computer Software: Prepackaged Software,60,5.150000095367432,-56.86766937723707,17,26,D
INM,InMed Pharmaceuticals Inc. Common Shares,Biotechnology: Pharmaceutical Preparations,81,1.399999976158142,-43.089432745996604,70,7,A
INMB,INmune Bio Inc. Common stock,Biotechnology: Biological Products (No Diagnostic Substances),74,2.0,-20.31872479685265,84,26,A-
INMD,InMode Ltd. Ordinary Shares,Biotechnology: Electromedical & Electrotherapeutic Apparatus,58,14.1899995803833,-14.620945464177137,48,48,C+
INN,Summit Hotel Properties Inc. Common Stock,Real Estate Investment Trusts,60,5.71999979019165,-18.008791508030974,63,63,D+
INNV,InnovAge Holding Corp. Common Stock,Medical/Nursing Services,35,8.84000015258789,-27.002473961973518,81,77,E-
INO,Inovio Pharmaceuticals Inc. Common Stock,Biotechnology: Pharmaceutical Preparations,81,1.2100000381469727,-54.339622845213455,27,26,B+
INOD,Innodata Inc. Common Stock,EDP Services,116,71.87000274658203,-40.847734364953055,76,88,A
INR,Infinity Natural Resources Inc. Class A Common Stock,Oil & Gas Production,13,13.380000114440918,-30.421214597257816,43,41,D-
INSE,Inspired Entertainment Inc. Common Stock,Computer Software: Prepackaged Software,60,4.610000133514404,-53.05498699817501,11,63,E-
INSG,Inseego Corp. Common Stock,Telecommunications Equipment,94,4.0,-80.2858559905785,5,17,E
INSM,Insmed Incorporated Common Stock,Biotechnology: Pharmaceutical Preparations,81,121.55000305175781,-42.50508445852555,41,17,B
INSP,Inspire Medical Systems Inc. Common Stock,Medical/Dental Instruments,81,68.80999755859375,-52.21196268246513,79,54,A-
INSW,International Seaways Inc. Common Stock,Marine Transportation,5,104.8499984741211,-5.6680188621418885,96,99,B
INTA,Intapp Inc. Common Stock,Computer Software: Prepackaged Software,60,36.83000183105469,-22.73966174589106,85,17,B+
INTC,Intel Corporation Common Stock,Semiconductors,29,127.38999938964844,-9.614022149170198,98,67,A-
INTG,Intergroup Corporation (The) Common Stock,Building operators,57,36.779998779296875,-24.81602584636844,81,65,B+
INTJ,Intelligent Group Limited Class A Ordinary Shares,Professional Services,47,2.7850000858306885,-77.54032119751965,8,,A
INTR,Inter & Co. Inc. Class A Common Shares,Commercial Banks,13,5.059999942779541,-49.81341520640529,20,90,D+
INTS,Intensity Therapeutics Inc. Common stock,Biotechnology: Biological Products (No Diagnostic Substances),74,3.890000104904175,-88.21212089422977,18,7,C-
INTT,inTest Corporation Common Stock,Electrical Products,12,11.65999984741211,-38.306877869033364,54,77,D-
INTU,Intuit Inc. Common Stock,Computer Software: Prepackaged Software,60,277.1300048828125,-59.86547747153369,20,77,E+
INTZ,Intrusion Inc. Common Stock,Computer Communications Equipment,23,0.7300000190734863,-64.56310488589125,22,17,A
INUV,Inuvo Inc.,Advertising,124,0.5799999833106995,-86.1244017433076,4,17,E+
INV,Innventure Inc. Common Stock,Blank Checks,47,0.8029999732971191,-89.03005526685845,2,26,A
INVA,Innoviva Inc. Common Stock,Biotechnology: Pharmaceutical Preparations,81,20.65999984741211,-14.768976722399174,45,36,E+
INVE,INVE Technologies Inc. Common Stock,Computer peripheral equipment,42,2.369999885559082,-55.19848955293946,23,17,D+
INVH,Invitation Homes Inc. Common Stock,Real Estate,74,26.5,-12.39445708441107,47,69,D-
INVX,Innovex International Inc. Common Stock,Oil and Gas Field Machinery,9,28.559999465942383,-9.705974632564018,83,42,D-
INVZ,Innoviz Technologies Ltd. Ordinary shares,Auto Parts:O.E.M.,94,0.37299999594688416,-84.32773201632786,9,17,B-
IONQ,IonQ Inc. Common Stock,EDP Services,116,44.97999954223633,-45.206478805171145,40,7,A-
IONR,ioneer Ltd American Depositary Shares,Mining & Quarrying of Nonmetallic Minerals (No Fuels),94,3.1700000762939453,-58.17941809761851,28,,B
IONS,Ionis Pharmaceuticals Inc. Common Stock,Biotechnology: Pharmaceutical Preparations,81,43.810001373291016,-49.3525995684497,12,17,E-
IOR,Income Opportunity Realty Investors Inc. Common Stock,Real Estate Investment Trusts,60,18.229999542236328,-15.209304454714756,52,45,D+
IOSP,Innospec Inc. Common Stock,Major Chemicals,71,96.87000274658203,0.0,81,62,B+
IOT,Samsara Inc. Class A Common Stock,EDP Services,116,39.31999969482422,-13.04732721497075,78,63,B+
IOTR,iOThree Limited Ordinary Shares,Telecommunications Equipment,94,1.940000057220459,-63.60224981257526,21,,A
IOVA,Iovance Biotherapeutics Inc. Common Stock,Biotechnology: Biological Products (No Diagnostic Substances),74,10.800000190734863,0.0,99,17,A
IP,International Paper Company Common Stock,Paper,52,34.880001068115234,-26.487750293933775,36,17,C-
IPAR,Interparfums Inc. Common Stock,Package Goods/Cosmetics,47,115.79000091552734,-9.278374980654858,80,52,B-
IPDN,Professional Diversity Network Inc. Common Stock,Computer Software: Programming Data Processing,90,4.170000076293945,-23.06273030266667,99,17,A+
IPGP,IPG Photonics Corporation Common Stock,Semiconductors,29,77.41999816894531,-49.69787776828889,26,58,D
IPHA,Innate Pharma S.A. ADS,Biotechnology: Biological Products (No Diagnostic Substances),74,1.7000000476837158,-32.93885640533828,56,,A+
IPI,Intrepid Potash Inc Common Stock,Mining & Quarrying of Nonmetallic Minerals (No Fuels),94,35.84000015258789,-26.617526534367077,67,74,B-
IPM,Intelligent Protection Management Corp. Common Stock,Computer Software: Programming Data Processing,90,1.7899999618530273,-16.74419151376274,59,7,C+
IPSC,Century Therapeutics Inc. Common Stock,Biotechnology: Biological Products (No Diagnostic Substances),74,1.690000057220459,-42.51700597522361,92,26,D-
IPST,IP Strategy Holdings Inc. Common Stock,Beverages (Production/Distribution),110,3.049999952316284,-99.1255733775637,11,,A+
IPW,iPower Inc. Common Stock,RETAIL: Building Materials,132,1.2200000286102295,-99.94177166585328,1,26,A+
IPWR,Ideal Power Inc. Common Stock,Semiconductors,29,3.9000000953674316,-56.61846279577429,44,17,E
IPX,IperionX Limited American Depositary Share,Other Metals and Minerals,141,19.6200008392334,-67.35983922805912,15,,B
IQ,iQIYI Inc. American Depositary Shares,Consumer Electronics/Video Chains,124,1.0399999618530273,-61.481483574593796,24,17,C-
IQI,Invesco Quality Municipal Income Trust Common Stock,Finance Companies,64,8.949999809265137,-11.836484114417345,43,,E
IQMX,IQM Quantum Computers Oyj American Depositary Shares,Computer Software: Prepackaged Software,60,10.449999809265137,-24.874191776434053,52,,A
IQST,iQSTEL Inc. Common Stock,Telecommunications Equipment,94,1.0,-85.53342874002054,8,26,A
IQV,IQVIA Holdings Inc. Common Stock,Biotechnology: Commercial Physical & Biological Resarch,7,275.0199890136719,0.0,91,79,B+
IR,Ingersoll Rand Inc. Common Stock,Industrial Machinery/Components,103,74.77999877929688,-24.22543109816243,38,80,B-
IRD,Opus Genetics Inc. Common Stock,Biotechnology: Pharmaceutical Preparations,81,4.869999885559082,-19.769361650180173,96,26,A+
IRDM,Iridium Communications Inc Common Stock,Telecommunications Equipment,94,48.88999938964844,-11.971789146107358,97,55,B-
IREN,IREN Limited Ordinary Shares,Finance: Consumer Services,74,46.150001525878906,-39.602147213658576,61,7,B
IRHO,Iron Horse Acquisitions II Corp. Common Stock,Blank Checks,47,10.0600004196167,-0.0992976714056848,54,,C+
IRIX,IRIDEX Corporation Common Stock,Biotechnology: Electromedical & Electrotherapeutic Apparatus,58,0.6299999952316284,-59.615383439750545,10,17,E-
IRM,Iron Mountain Incorporated (Delaware)Common Stock REIT,Real Estate Investment Trusts,60,114.08999633789062,-13.59049927967062,67,91,D+
IRMD,iRadimed Corporation Common Stock,Medical/Dental Instruments,81,85.19999694824219,-18.568205419285366,43,54,D+
IRON,Disc Medicine Inc. Common Stock,Biotechnology: Pharmaceutical Preparations,81,66.44000244140625,-29.40176175697715,47,7,D-
IRS,IRSA Inversiones Y Representaciones S.A. Global Depositary Shares (Each representing ten shares of Common Stock),Homebuilding,90,14.800000190734863,-19.608906499717882,52,36,B
IRT,Independence Realty Trust Inc. Common Stock,Real Estate Investment Trusts,60,14.609999656677246,-15.792511034863587,37,37,E+
IRTC,iRhythm Holdings Inc. Common Stock,Medical/Dental Instruments,81,110.80000305175781,-41.453102746759406,27,66,C-
IRWD,Ironwood Pharmaceuticals Inc. Class A Common Stock,Biotechnology: Pharmaceutical Preparations,81,4.190000057220459,-22.26344784768175,93,69,B+
ISBA,Isabella Bank Corporation Common stock,Major Banks,20,38.45000076293945,-31.12949764703221,40,79,C+
ISOU,IsoEnergy Ltd. Common Shares,,,9.4399995803833,-28.593045463644774,44,26,E-
ISPC,iSpecimen Inc. Common Stock,Biotechnology: Commercial Physical & Biological Resarch,7,1.25,-97.80701754385966,4,26,A-
ISPR,Ispire Technology Inc. Common Stock,Medicinal Chemicals and Botanical Products,123,1.2899999618530273,-64.94565384642047,15,7,E
ISRG,Intuitive Surgical Inc. Common Stock,Industrial Specialties,68,399.5199890136719,-32.61027149089275,35,78,C+
ISTR,Investar Holding Corporation Common Stock,Major Banks,20,29.399999618530273,-5.466240328255312,66,58,C+
IT,Gartner Inc. Common Stock,Other Consumer Services,124,179.32000732421875,-32.098901961137784,66,80,B
ITGR,Integer Holdings Corporation Common Stock,Biotechnology: Electromedical & Electrotherapeutic Apparatus,58,126.16999816894531,-0.26087101269145485,89,72,B+
ITIC,Investors Title Company Common Stock,Specialty Insurers,66,287.239990234375,-5.977681651618916,75,69,C
ITOC,iTonic Holdings Ltd Class A Ordinary Shares,Biotechnology: Electromedical & Electrotherapeutic Apparatus,58,0.3019999861717224,-66.51884891141236,21,,A+
ITP,IT Tech Packaging Inc. Common Stock,Containers/Packaging,93,0.1599999964237213,-52.94117801742155,21,37,B+
ITRG,Integra Resources Corp. Common Shares,Precious Metals,25,2.7100000381469727,-41.34198906329569,45,46,B+
ITRI,Itron Inc. Common Stock,Electrical Products,12,91.5199966430664,-33.76754849176723,47,61,B+
ITRN,Ituran Location and Control Ltd. Ordinary Shares,Electronic Components,2,51.880001068115234,-21.212268148799563,68,92,D+
ITT,ITT Inc. Common Stock,Fluid Controls,16,213.97000122070312,-3.104306366096221,71,47,B+
ITW,Illinois Tool Works Inc. Common Stock,Industrial Machinery/Components,103,272.0,-8.51607920775006,60,54,C+
IVA,Inventiva S.A. American Depository Shares,Biotechnology: Pharmaceutical Preparations,81,3.259999990463257,-54.40559514711827,21,,E-
IVDA,Iveda Solutions Inc. Common Stock,Computer Software: Prepackaged Software,60,0.30000001192092896,-85.22167408132798,14,7,A+
IVF,INVO Fertility Inc. Common Stock,Medical/Dental Instruments,81,0.9419999718666077,-98.31785719309535,7,38,A+
IVR,INVESCO MORTGAGE CAPITAL INC Common Stock,Real Estate Investment Trusts,60,6.380000114440918,-23.53192576947406,35,99,E+
IVT,InvenTrust Properties Corp. Common Stock,Real Estate Investment Trusts,60,30.56999969482422,-16.77103164765532,48,47,D
IVVD,Invivyd Inc. Common Stock,Biotechnology: Biological Products (No Diagnostic Substances),74,0.9129999876022339,-68.29861280128905,22,7,B-
IVZ,Invesco Ltd Common Stock,Investment Managers,55,30.68000030517578,-7.8955297498848225,81,84,C
IX,ORIX Corporation American Depositary Shares,Diversified Financial Services,38,38.31999969482422,-7.237960733644478,78,,D-
IXHL,Incannex Healthcare Inc. Common Stock,Biotechnology: Pharmaceutical Preparations,81,3.4000000953674316,-81.4814815776723,19,26,B+
IZEA,IZEA Worldwide Inc. Common Stock,Advertising,124,2.5350000858306885,-55.52631279548219,16,17,E-
IZM,ICZOOM Group Inc. Class A Ordinary Shares,Consumer Electronics/Video Chains,124,1.25,-51.92307515962583,98,,A+
J,Jacobs Solutions Inc. Common Stock,Military/Government/Technical,94,135.3300018310547,-16.825723987228148,58,75,D+
JACK,Jack In The Box Inc. Common Stock,Restaurants,94,13.329999923706055,-43.32483135940595,42,36,C-
JAGU,Jaguar Uranium Corp. Class A Common Shares,Metal Mining,52,1.4600000381469727,-63.499999046325684,15,26,C+
JAGX,Jaguar Health Inc. Common Stock,Biotechnology: Pharmaceutical Preparations,81,7.059999942779541,-99.42284897259108,1,26,A+
JAKK,JAKKS Pacific Inc. Common Stock,Recreational Games/Products/Toys,81,24.540000915527344,-6.939488304280738,81,78,B
JAN,Janus Living Inc. Class A-1 Common Stock,Real Estate Investment Trusts,60,30.200000762939453,-4.763463474210761,78,,C
JANX,Janux Therapeutics Inc. Common Stock,Biotechnology: Pharmaceutical Preparations,81,16.68000030517578,-51.986184515602105,65,17,C
JAZZ,Jazz Pharmaceuticals plc Common Stock (Ireland),Biotechnology: Pharmaceutical Preparations,81,236.27999877929688,-9.685802618618688,86,84,D+
JBDI,JBDI Holdings Limited Ordinary Shares,,,1.1699999570846558,-72.40565989992717,29,,A
JBGS,JBG SMITH Properties Common Shares,Real Estate Investment Trusts,60,10.40999984741211,-52.19991572992624,15,17,E-
JBHT,J.B. Hunt Transport Services Inc. Common Stock,Trucking Freight/Courier Services,39,229.14999389648438,-23.080160961557016,71,83,E-
JBI,Janus International Group Inc. Common Stock,Building Products,105,4.119999885559082,-59.64740577702459,15,68,E
JBIO,Jade Biosciences Inc. Common Stock,Biotechnology: Pharmaceutical Preparations,81,14.729999542236328,-45.13966728878671,60,21,E-
JBK,Lehman ABS 3.50 3.50% Adjustable Corp Backed Tr Certs GS Cap I,Finance: Consumer Services,74,25.31999969482422,-6.092584488909846,56,,C-
JBL,Jabil Inc. Common Stock,Electrical Products,12,310.69000244140625,-19.41572603963686,66,89,C+
JBLU,JetBlue Airways Corporation Common Stock,Air Freight/Delivery Services,74,4.349999904632568,-32.66254057360114,28,17,C-
JBS,JBS N.V. Class A Common Shares,Meat/Poultry/Fish,124,11.359999656677246,-33.38623405400896,32,36,D
JBSS,John B. Sanfilippo & Son Inc. Common Stock,Specialty Foods,99,67.05000305175781,-24.24690413051246,39,54,E+
JBTM,JBT Marel Corporation Common Stock,Industrial Machinery/Components,103,110.6500015258789,-34.203124743390624,25,61,D-
JCAP,Jefferson Capital Inc. Common Stock,Finance Companies,64,19.540000915527344,-17.6971631895098,61,50,B+
JCI,Johnson Controls International plc Ordinary Share,Industrial Machinery/Components,103,145.36000061035156,-5.810964089904369,70,71,C
JCSE,JE Cleantech Holdings Limited Class A Ordinary Shares,Miscellaneous manufacturing industries,133,1.4299999475479126,-21.370971917953774,90,,A
JCTC,Jewett-Cameron Trading Company Common Shares,RETAIL: Building Materials,132,2.930000066757202,-18.15642097209783,86,26,A
JD,JD.com Inc. American Depositary Shares,Other Specialty Stores,130,26.75,-23.407090539590282,47,75,D-
JDZG,JIADE LIMITED Class A Ordinary Shares,Other Consumer Services,124,4.199999809265137,-99.5590551381349,1,,A
JEF,Jefferies Financial Group Inc. Common Stock,Investment Bankers/Brokers/Service,56,46.2400016784668,-28.62489169966954,34,73,E
JELD,JELD-WEN Holding Inc. Common Stock,Forest Products,85,1.7200000286102295,-66.98656399200378,36,17,C+
JEM,707 Cayman Holdings Limited Ordinary Shares,Clothing/Shoe/Accessory Stores,116,3.680000066757202,-96.53092005728087,2,,A+
JF,J and Friends Holdings Limited American Depositary Shares,Computer Software: Programming Data Processing,90,0.949999988079071,-22.131150344211925,44,,B+
JFIN,Jiayin Group Inc. American Depositary Shares,Finance: Consumer Services,74,1.5199999809265137,-86.65496106136999,5,36,E-
JFU,9F Inc. American Depositary Shares,Finance: Consumer Services,74,2.6700000762939453,-68.34617731512485,33,,A+
JG,Aurora Mobile Limited American Depositary Shares,Computer Software: Programming Data Processing,90,6.880000114440918,-23.12848870322134,84,99,A-
JHS,John Hancock Income Securities Trust Common Stock,Finance Companies,64,10.40999984741211,-8.250581856173723,44,,C-
JHX,James Hardie Industries plc. Ordinary Shares,Building Materials,116,26.100000381469727,-16.023164589642956,77,45,D
JILL,J. Jill Inc. Common Stock,Apparel,121,24.049999237060547,-1.6762054896084622,93,69,A
JJSF,J & J Snack Foods Corp. Common Stock,Specialty Foods,99,77.18000030517578,-19.23336769621171,46,62,B-
JKHY,Jack Henry & Associates Inc. Common Stock,EDP Services,116,147.75,-22.380482446208116,54,51,C
JKS,JinkoSolar Holding Company Limited American Depositary Shares (each representing 4 Common Shares),Semiconductors,29,9.670000076293945,-65.73109385813876,9,17,E-
JL,J-Long Group Limited Class A Ordinary Shares,Clothing/Shoe/Accessory Stores,116,4.849999904632568,-33.05728114227149,27,,C
JLHL,Julong Holding Limited Class A Ordinary Shares,Military/Government/Technical,94,5.789999961853027,-87.07589272219612,47,,A
JLL,Jones Lang LaSalle Incorporated Common Stock,Real Estate,74,324.3999938964844,-17.411342743107483,59,82,C-
JMIA,Jumia Technologies AG American Depositary Shares each representing two Ordinary Shares,Catalog/Specialty Distribution,63,6.71999979019165,-53.972605379376205,30,1,B+
JMSB,John Marshall Bancorp Inc. Common Stock,Major Banks,20,22.950000762939453,-3.44972519576201,68,61,C-
JNJ,Johnson & Johnson Common Stock,Biotechnology: Pharmaceutical Preparations,81,270.67999267578125,-2.7834644987490664,82,56,B-
JOB,GEE Group Inc. Common Stock,Diversified Commercial Services,85,0.23000000417232513,-14.81481665446427,63,63,A
JOBY,Joby Aviation Inc. Common Stock,Aerospace,120,6.300000190734863,-67.80786771089701,12,7,D
JOE,St. Joe Company (The) Common Stock,Homebuilding,90,64.87999725341797,-10.229286111807834,64,68,C-
JOUT,Johnson Outdoors Inc. Class A Common Stock,Recreational Games/Products/Toys,81,43.7599983215332,-17.614064172920372,51,51,C
JOYY,JOYY Inc. American Depositary Shares,EDP Services,116,79.69999694824219,-1.6656459625961073,86,60,B
JPM,JP Morgan Chase & Co. Common Stock,Major Banks,20,338.55999755859375,-7.289554644583607,63,82,D+
JRSH,Jerash Holdings (US) Inc. Common Stock,Apparel,121,5.699999809265137,-1.0416739102864003,94,74,A-
JRVR,James River Group Holdings Inc. Common Stock,Property-Casualty Insurers,42,3.5299999713897705,-50.161741565858975,18,81,E+
JSPR,Jasper Therapeutics Inc. Common Stock,Biotechnology: Biological Products (No Diagnostic Substances),74,0.5849999785423279,-77.5,21,7,A
JTAI,Jet.AI Inc. Common Stock,Transportation Services,110,1.5,-97.85027172290758,68,7,A
JUNS,Jupiter Neurosciences Inc. Common Stock,Biotechnology: Pharmaceutical Preparations,81,2.884999990463257,-97.86296297002721,1,26,A+
JVA,Coffee Holding Co. Inc. Common Stock,Packaged Foods,113,4.090000152587891,-16.86991688689694,64,87,A
JWEL,Jowell Global Ltd. Ordinary Shares,Other Consumer Services,124,2.390000104904175,-40.24999737739563,63,,A+
JXG,JX Luxventure Group Inc. Common Stock,Office Equipment/Supplies/Services,107,7.0,-54.69255607497028,36,,A+
JXN,Jackson Financial Inc. Class A Common Stock,Life Insurance,17,130.14999389648438,-6.848085618189104,82,56,C-
JYD,Jayud Global Logistics Limited Class A Ordinary Shares,Integrated Freight & Logistics,138,1.0099999904632568,-86.7973859101665,12,,B
JYNT,The Joint Corp. Common Stock,Multi-Sector Companies,60,8.289999961853027,-21.272552971718984,37,41,D-
JZ,Jianzhi Education Technology Group Company Limited American Depositary Shs,Other Consumer Services,124,0.4699999988079071,-99.4946236571958,1,,A
JZXN,Jiuzi Holdings Inc. Ordinary Shares,Retail-Auto Dealers and Gas Stations,113,1.159999966621399,-97.38738755235113,19,,A+
KAI,Kadant Inc Common Stock,Industrial Machinery/Components,103,274.4200134277344,-20.806524724482344,35,91,E+
KALA,KALA BIO Inc. Common Stock,Biotechnology: Pharmaceutical Preparations,81,0.5600000023841858,-99.94146851294651,2,26,E-
KALU,Kaiser Aluminum Corporation Common Stock,Metal Fabrications,58,151.6699981689453,-22.139024740828184,84,97,D
KAPA,Kairos Pharma Ltd. Common Stock,Biotechnology: Pharmaceutical Preparations,81,1.7699999809265137,-80.844155576074,8,26,E+
KARD,Kardigan Inc. Common Stock,Biotechnology: Pharmaceutical Preparations,81,14.390000343322754,-44.440152296267364,15,,E-
KARO,Karooooo Ltd. Ordinary Shares,Computer Software: Prepackaged Software,60,62.0099983215332,-9.75112916928207,83,66,C+
KAZR,Skyline Builders Group Holding Limited Class A Ordinary Shares,Engineering & Construction,71,2.7200000286102295,-43.45114218362276,39,,A
KB,KB Financial Group Inc,Commercial Banks,13,125.19000244140625,-5.787178024404871,87,71,B-
KBDC,Kayne Anderson BDC Inc. Common Stock,,,13.039999961853027,-12.14227118916985,51,46,C-
KBH,KB Home Common Stock,Homebuilding,90,47.650001525878906,-27.524141673234727,28,40,D-
KBON,Karbon Capital Partners Corp. Class A Ordinary Shares,Blank Checks,47,10.069999694824219,-0.7881766178592153,52,,C-
KBR,KBR Inc. Common Stock,Military/Government/Technical,94,34.810001373291016,-28.456501565998195,42,82,D+
KBSX,FST Corp. Ordinary Shares,Recreational Games/Products/Toys,81,1.5,-11.764708357286224,86,17,A
KC,Kingsoft Cloud Holdings Limited American Depositary Shares,Computer Software: Prepackaged Software,60,9.739999771118164,-46.51290356503483,33,17,B
KD,Kyndryl Holdings Inc. Common Stock,EDP Services,116,11.739999771118164,-62.76562158119259,24,45,D-
KDK,Kodiak AI Inc. Common Stock,EDP Services,116,2.7799999713897705,-74.5421249819876,7,17,E-
KDP,Keurig Dr Pepper Inc. Common Stock,Beverages (Production/Distribution),110,30.8799991607666,-7.820898027562384,65,46,C
KE,Kimball Electronics Inc. Common Stock,Electrical Products,12,27.479999542236328,-12.428297395897692,58,58,B
KEEL,Keel Infrastructure Corp. Common Stock,Finance: Consumer Services,74,3.9000000953674316,-41.44143866785728,78,26,B+
KELYA,Kelly Services Inc. Class A Common Stock,Professional Services,47,16.40999984741211,-5.034726878834905,93,33,B
KELYB,Kelly Services Inc. Class B Common Stock,Professional Services,47,22.549999237060547,-39.8372311484603,95,33,E
KEN,Kenon Holdings Ltd. Ordinary Shares,Electric Utilities: Central,87,63.7599983215332,-33.2635569284668,62,73,C-
KEP,Korea Electric Power Corporation Common Stock,Electric Utilities: Central,87,10.850000381469727,-53.35339520763491,24,54,D
KEQU,Kewaunee Scientific Corporation Common Stock,Medical Specialities,10,34.279998779296875,-25.623782456481294,40,53,E
KEX,Kirby Corporation Common Stock,Marine Transportation,5,130.30999755859375,-14.601218503184654,68,86,D
KEY,KeyCorp Common Stock,Major Banks,20,20.25,-14.78140929073123,48,58,E+
KEYS,Keysight Technologies Inc. Common Stock,Industrial Machinery/Components,103,357.5400085449219,-4.232064056343166,89,93,D
KFFB,Kentucky First Federal Bancorp Common Stock,Savings Institutions,13,5.78000020980835,-8.09039966122116,87,73,A
KFRC,Kforce Inc. Common Stock,Professional Services,47,51.349998474121094,-14.388692085095556,92,59,C-
KFY,Korn Ferry Common Stock,Diversified Commercial Services,85,72.0,-15.948596492728095,64,55,D-
KG,Kestrel Group Ltd.,Property-Casualty Insurers,42,5.53000020980835,-80.48005568407736,8,42,E-
KGC,Kinross Gold Corporation Common Stock,Precious Metals,25,24.420000076293945,-35.60062762049261,42,96,E+
KGEI,Kolibri Global Energy Inc. Common stock,Oil & Gas Production,13,6.579999923706055,-4.360467816056746,89,80,A-
KGS,Kodiak Gas Services Inc. Common Stock,Natural Gas Distribution,31,52.810001373291016,-30.23604642818556,64,83,E+
KHC,The Kraft Heinz Company Common Stock,Packaged Foods,113,23.860000610351562,-12.232243525384535,59,17,C
KIDS,OrthoPediatrics Corp. Common Stock,Medical/Dental Instruments,81,22.639999389648438,-14.5660400390625,81,7,B
KIDZ,KIDZ AI Inc. Class B Common Stock,Other Consumer Services,124,2.609999895095825,-99.97302325689823,1,26,A-
KIM,Kimco Realty Corporation (HC) Common Stock,Real Estate Investment Trusts,60,22.25,-14.65679661132392,52,73,D
KINS,Kingstone Companies Inc. Common Stock,Property-Casualty Insurers,42,18.299999237060547,-11.743142997068556,75,54,B-
KITT,Nauticus Robotics Inc. Common stock,Industrial Machinery/Components,103,2.9489989280700684,-98.23961386529474,3,26,E-
KKR,KKR & Co. Inc. Common Stock,Investment Managers,55,95.63999938964844,-32.629630067533064,37,91,C-
KLAC,KLA Corporation Common Stock,Electronic Components,2,187.11000061035156,-37.91339498429968,76,87,C-
KLAR,Klarna Group plc Ordinary Shares,Finance: Consumer Services,74,12.869999885559082,-69.97200256116956,13,,E-
KLC,KinderCare Learning Companies Inc. Common Stock,Other Consumer Services,124,2.200000047683716,-68.29971138984632,12,17,E-
KLIC,Kulicke and Soffa Industries Inc. Common Stock,Semiconductors,29,88.47000122070312,-33.71303908309956,86,77,D+
KLRA,Kailera Therapeutics Inc. Common Stock,Biotechnology: Pharmaceutical Preparations,81,11.979999542236328,-53.92307868370643,10,,E-
KLRS,Kalaris Therapeutics Inc. Common Stock,Biotechnology: Biological Products (No Diagnostic Substances),74,3.069999933242798,-72.04007230206567,11,26,E-
KLTR,Kaltura Inc. Common Stock,Computer Software: Prepackaged Software,60,1.3300000429153442,-29.629626826354137,43,17,A
KLXE,KLX Energy Services Holdings Inc. Common Stock,Oilfield Services/Equipment,35,1.4700000286102295,-65.57376966799738,17,17,E
KMB,Kimberly-Clark Corporation Common Stock,Containers/Packaging,93,97.22000122070312,-17.80844537086923,41,45,D
KMDA,Kamada Ltd. Ordinary Shares,Biotechnology: Pharmaceutical Preparations,81,8.829999923706055,-0.45095786210944677,82,85,B+
KMI,Kinder Morgan Inc. Common Stock,Natural Gas Distribution,31,31.25,-8.067348298499667,60,84,B-
KMPR,Kemper Corporation,Property-Casualty Insurers,42,25.200000762939453,-49.37030454938696,26,42,C
KMRK,K-Tech Solutions Company Limited Class A Ordinary Shares,Recreational Games/Products/Toys,81,0.9449999928474426,-77.55344455380614,24,,B
KMT,Kennametal Inc. Common Stock,Industrial Machinery/Components,103,30.06999969482422,-29.683978560164103,52,95,D+
KMTS,Kestra Medical Technologies Ltd. Common Stock,Medical/Dental Instruments,81,25.760000228881836,-9.135802884435861,66,17,B+
KMX,CarMax Inc,Retail-Auto Dealers and Gas Stations,113,56.36000061035156,-12.239178543985563,77,44,C-
KN,Knowles Corporation Common Stock,Consumer Electronics/Appliances,64,36.7599983215332,-14.112151923351679,84,82,C-
KNDI,Kandi Technologies Group Inc. Ordinary Shares,Auto Manufacturing,137,0.5799999833106995,-55.03875965410454,21,35,A
KNF,Knife Riv Holding Co. Common Stock,Mining & Quarrying of Nonmetallic Minerals (No Fuels),94,53.369998931884766,-43.20528015474105,14,49,E
KNRX,KNOREX LTD. Class A Ordinary Shares,Computer Software: Programming Data Processing,90,0.31299999356269836,-90.5151515731689,7,,A+
KNSA,Kiniksa Pharmaceuticals International plc Class A Ordinary Shares,Biotechnology: Pharmaceutical Preparations,81,75.33999633789062,-6.89570187508497,94,87,B+
KNSL,Kinsale Capital Group Inc. Common Stock,Property-Casualty Insurers,42,340.510009765625,-28.726583315075015,49,94,B-
KNTK,Kinetik Holdings Inc. Class A Common Stock,Natural Gas Distribution,31,52.540000915527344,-4.646093701429244,81,89,C+
KNX,Knight-Swift Transportation Holdings Inc.,Trucking Freight/Courier Services,39,65.5,-20.328869696945517,74,52,D-
KO,Coca-Cola Company (The) Common Stock,Beverages (Production/Distribution),110,88.0999984741211,-3.657238503721738,78,66,C+
KOD,Kodiak Sciences Inc Common Stock,Biotechnology: Biological Products (No Diagnostic Substances),74,33.220001220703125,-28.466834188067047,89,17,C-
KODK,Eastman Kodak Company Common New,Industrial Machinery/Components,103,9.510000228881836,-34.45899325382236,72,63,B
KOP,Koppers Holdings Inc. Common Stock,Forest Products,85,45.959999084472656,-12.001774552122068,86,33,D+
KOPN,Kopin Corporation Common Stock,Semiconductors,29,4.869999885559082,-23.787167647665242,95,44,B+
KOS,Kosmos Energy Ltd. Common Shares (DE),Oil & Gas Production,13,2.7899999618530273,-14.67889975147597,94,35,B
KOSS,Koss Corporation Common Stock,Consumer Electronics/Appliances,64,4.199999809265137,-23.357667980898324,49,63,A+
KPET,KPET Ultra Paceline Corporation Class A Ordinary Shares,,,9.989999771118164,-1.2845861256028712,52,,D+
KPLT,Katapult Holdings Inc. Common Stock,Diversified Commercial Services,85,5.769999980926514,-68.2967047304969,22,35,E
KPRX,Kiora Pharmaceuticals Inc.  Common Stock,Biotechnology: Pharmaceutical Preparations,81,2.6700000762939453,-6.643350551434679,71,7,B+
KPTI,Karyopharm Therapeutics Inc. Common Stock,Biotechnology: Pharmaceutical Preparations,81,1.7300000190734863,-83.7863167131825,3,17,E-
KR,Kroger Company (The) Common Stock,Food Chains,74,58.91999816894531,-21.115360823310127,44,68,B-
KRC,Kilroy Realty Corporation Common Stock,Real Estate Investment Trusts,60,34.04999923706055,-17.861871430958722,46,45,D
KREF,KKR Real Estate Finance Trust Inc. Common Stock,Real Estate Investment Trusts,60,6.260000228881836,-26.254866985812786,33,26,D-
KRG,Kite Realty Group Trust Common Stock,Real Estate Investment Trusts,60,24.709999084472656,-17.16393178789286,52,92,D
KRKR,36Kr Holdings Inc. American Depositary Shares,Business Services,66,3.075000047683716,-62.22358823109707,31,35,B
KRMD,KORU Medical Systems Inc. Common Stock (DE),Medical/Dental Instruments,81,3.2699999809265137,-49.84662591269156,19,38,E+
KRMN,Karman Holdings Inc. Common Stock,Military/Government/Technical,94,34.91999816894531,-69.71116498252863,11,96,E+
KRNT,Kornit Digital Ltd. Ordinary Shares,Industrial Machinery/Components,103,15.170000076293945,-15.909094753776532,52,17,C
KRNY,Kearny Financial Corp Common Stock,Savings Institutions,13,9.300000190734863,-8.193483853201943,80,47,C
KRO,Kronos Worldwide Inc Common Stock,Major Chemicals,71,8.100000381469727,-8.567831830880113,89,63,A-
KROS,Keros Therapeutics Inc. Common Stock,Biotechnology: Pharmaceutical Preparations,81,11.550000190734863,-47.115384111541466,36,42,B
KRRO,Korro Bio Inc. Common Stock,Biotechnology: Pharmaceutical Preparations,81,9.569999694824219,-81.36682324552895,24,26,E-
KRSA,Korsana Biosciences Inc. Common Stock,Biotechnology: Pharmaceutical Preparations,81,37.189998626708984,-16.726379861678364,98,,A+
KRT,Karat Packaging Inc. Common Stock,Plastic Products,29,54.15999984741211,0.0,97,87,A-
KRUS,Kura Sushi USA Inc. Class A Common Stock,Restaurants,94,38.90999984741211,-50.92697767923424,15,32,E+
KRYS,Krystal Biotech Inc. Common Stock,Biotechnology: Biological Products (No Diagnostic Substances),74,344.9599914550781,-8.776941154861362,87,85,D-
KSCP,Knightscope Inc. Class A Common Stock,Telecommunications Equipment,94,0.8989999890327454,-87.85135165612309,4,26,E+
KSPI,Joint Stock Company Kaspi.kz American Depository Shares,,,92.79000091552734,-12.801976804877624,77,68,D+
KSS,Kohl's Corporation Common Stock,Department/Specialty Retail Stores,40,17.239999771118164,-28.119453373124514,53,68,C-
KT,KT Corporation Common Stock,Telecommunications Equipment,94,19.530000686645508,-20.41564809279134,57,48,B-
KTB,Kontoor Brands Inc. Common Stock,Garments and Clothing,90,64.41000366210938,-26.417990295105565,35,46,D+
KTCC,Key Tronic Corporation Common Stock,Electrical Products,12,2.190000057220459,-48.591550714651255,17,17,E-
KTF,DWS Municipal Income Trust,Finance Companies,64,8.229999542236328,-9.446958646635084,43,,D-
KTN,Structured Products Corp 8.205% CorTS 8.205% Corporate Backed Trust Securities (CorTS),Finance: Consumer Services,74,25.600000381469727,-0.15600237570543296,58,,C
KTOS,Kratos Defense & Security Solutions Inc. Common Stock,Military/Government/Technical,94,47.02000045776367,-64.02998774581043,21,94,C+
KTTA,Pasithea Therapeutics Corp. Common Stock,Biotechnology: Pharmaceutical Preparations,81,0.5139999985694885,-65.03401438328981,20,7,D+
KULR,KULR Technology Group Inc. Common Stock,Electrical Products,12,2.5,-54.21245453235463,18,35,E+
KURA,Kura Oncology Inc. Common Stock,Biotechnology: Pharmaceutical Preparations,81,10.859999656677246,-20.088303644284956,70,17,B+
KUST,Kustom Entertainment Inc. Common Stock,Radio And Television Broadcasting And Communications Equipment,71,0.6299999952316284,-98.11659198546377,3,26,A
KVHI,KVH Industries Inc. Common Stock,Telecommunications Equipment,94,7.389999866485596,-36.7835745786803,43,33,D
KVUE,Kenvue Inc. Common Stock,Package Goods/Cosmetics,47,17.610000610351562,-9.133879997078964,55,76,D+
KVYO,Klaviyo Inc. Series A Common Stock,Computer Software: Prepackaged Software,60,16.110000610351562,-54.3108299000876,28,17,C
KWR,Quaker Houghton Common Stock,Major Chemicals,71,159.47000122070312,-11.046505343282098,70,63,C+
KWY,Kingsway Corporation Common Stock,Property-Casualty Insurers,42,9.029999732971191,-44.01735770120134,24,26,D+
KXIN,Kaixin Holdings Ordinary Shares,Retail-Auto Dealers and Gas Stations,113,1.5099999904632568,-99.81358024809096,3,,A+
KYIV,Kyivstar Group Ltd. Common Shares,Telecommunications Equipment,94,13.199999809265137,-18.36734850349805,56,41,C-
KYMR,Kymera Therapeutics Inc. Common Stock,Biotechnology: Biological Products (No Diagnostic Substances),74,115.80999755859375,-9.033069060194732,90,7,C+
KYNB,Kyntra Bio Inc. Common Stock,Biotechnology: Pharmaceutical Preparations,81,7.0,-43.45718953722223,35,99,C
KYTX,Kyverna Therapeutics Inc. Common Stock,Biotechnology: Biological Products (No Diagnostic Substances),74,6.989999771118164,-37.86666870117188,38,7,E+
KZIA,Kazia Therapeutics Limited American Depositary Shares,Biotechnology: Pharmaceutical Preparations,81,9.779999732971191,-42.13017778859738,52,,E-
L,Loews Corporation Common Stock,Property-Casualty Insurers,42,105.06999969482422,-11.952347222842906,50,68,D
LAB,Standard BioTools Inc. Common Stock,Biotechnology: Laboratory Analytical Instruments,4,0.7400000095367432,-55.95237900948573,21,17,B+
LABT,Lakewood-Amedex Biotherapeutics Inc. Common Stock,Biotechnology: Pharmaceutical Preparations,81,1.8300000429153442,-97.88439301397071,3,26,A+
LAC,Lithium Americas Corp. Common Shares,Metal Mining,52,2.8299999237060547,-71.84079731346628,20,26,C-
LAD,Lithia Motors Inc. Common Stock,Retail-Auto Dealers and Gas Stations,113,309.6000061035156,-27.44039797527774,58,52,D
LADR,Ladder Capital Corp Class A Common Stock,Real Estate Investment Trusts,60,9.09000015258789,-15.210806411080402,36,79,D
LAES,SEALSQ Corp Ordinary Shares,Semiconductors,29,2.319999933242798,-69.67320386508614,16,,D
LAKE,Lakeland Industries Inc. Common Stock,Industrial Specialties,68,10.489999771118164,-39.31874078504596,62,37,E
LAMR,Lamar Advertising Company Class A Common Stock,Real Estate Investment Trusts,60,143.7100067138672,-11.553870726484083,65,55,C-
LAND,Gladstone Land Corporation Common Stock,Real Estate Investment Trusts,60,9.489999771118164,-21.307774733204432,65,7,B
LANV,Lanvin Group Holdings Limited Ordinary Shares,Apparel,121,1.0299999713897705,-54.42477983468309,14,,D+
LAR,Lithium Argentina AG Common Shares,Metal Mining,52,5.679999828338623,-51.8235806046101,52,65,E
LARK,Landmark Bancorp Inc. Common Stock,Major Banks,20,31.31999969482422,-6.030609138333986,73,76,B-
LASE,Laser Photonics Corporation Common Stock,Industrial Machinery/Components,103,0.8889999985694885,-81.40167448642994,9,26,E-
LASR,nLIGHT Inc. Common Stock,Semiconductors,29,40.619998931884766,-52.18363697336744,31,17,E
LAUR,Laureate Education Inc. Common Stock,Other Consumer Services,124,38.11000061035156,-5.8082019952960255,68,89,C
LAW,CS Disco Inc. Common Stock,Computer Software: Prepackaged Software,60,4.25,-52.30078481724774,43,7,B
LAZ,Lazard Inc. Common Stock,Investment Managers,55,36.119998931884766,-35.20116493136668,28,37,E+
LB,LandBridge Company LLC Class A Shares Representing Limited Liability Company Interests,Oil & Gas Production,13,82.48999786376953,-7.923429860709019,88,89,B-
LBGJ,Li Bang International Corporation Class A Ordinary Shares,Industrial Machinery/Components,103,2.130000114440918,-99.99208178396118,1,,A+
LBRT,Liberty Energy Inc. Class A common stock,Oilfield Services/Equipment,35,18.239999771118164,-45.84689943200196,36,70,E+
LBRX,LB Pharmaceuticals Inc Common Stock,Biotechnology: Pharmaceutical Preparations,81,37.79999923706055,-23.6054980057259,94,17,B-
LBTYA,Liberty Global Ltd. Class A Common Shares,Cable & Other Pay Television Services,103,9.420000076293945,-27.705293404899166,28,37,E+
LBTYB,Liberty Global Ltd. Class B Common Shares,Cable & Other Pay Television Services,103,11.970000267028809,-33.53692329313216,46,,E
LBTYK,Liberty Global Ltd. Class C Common Shares,Cable & Other Pay Television Services,103,9.229999542236328,-27.150753854327036,28,,E
LCCC,Lakeshore Acquisition III Corp. Ordinary Shares,Blank Checks,47,10.520000457763672,-0.3787875024959475,56,,C
LCFY,Locafy Limited Ordinary Share,Computer Software: Programming Data Processing,90,2.5799999237060547,-64.75410022947462,13,,B-
LCID,Lucid Group Inc. Common Stock,Auto Manufacturing,137,4.150000095367432,-83.24586185436789,10,17,D-
LCII,LCI Industries,Auto Parts:O.E.M.,94,83.55000305175781,-45.17650795233714,27,48,D
LCLN,Lincoln International Inc. Class A Common Stock,Investment Managers,55,23.139999389648438,-14.895185968592518,56,,C+
LCNB,LCNB Corporation Common Stock,Major Banks,20,18.40999984741211,-11.239553765536648,71,60,B-
LCTX,Lineage Cell Therapeutics Inc. Common Stock,Biotechnology: Biological Products (No Diagnostic Substances),74,0.949999988079071,-51.53061379645574,15,26,D
LCUT,Lifetime Brands Inc. Common Stock,Industrial Machinery/Components,103,9.239999771118164,-6.666665382256765,96,63,C-
LDI,loanDepot Inc. Class A Common Stock,Finance: Consumer Services,74,0.6620000004768372,-81.50837948087084,7,17,E-
LDOS,Leidos Holdings Inc. Common Stock,EDP Services,116,123.3499984741211,-37.47008527307053,39,57,C+
LE,Lands' End Inc. Common Stock,Clothing/Shoe/Accessory Stores,116,10.34000015258789,-46.00522005973039,25,99,D-
LEA,Lear Corporation Common Stock,Auto Parts:O.E.M.,94,118.25,-19.974481490044717,48,80,E
LECO,Lincoln Electric Holdings Inc. Common Shares,Industrial Machinery/Components,103,266.3999938964844,-10.309796842233965,60,57,D+
LEDS,SemiLEDS Corporation Common Stock,Semiconductors,29,2.299999952316284,-30.303030740897306,89,58,A
LEE,Lee Enterprises Incorporated Common Stock,Newspapers/Magazines,23,6.829999923706055,-41.92177048660258,67,63,B-
LEGH,Legacy Housing Corporation Common Stock (TX),Homebuilding,90,29.079999923706055,-0.852369589670321,82,59,B
LEGN,Legend Biotech Corporation American Depositary Shares,Biotechnology: Pharmaceutical Preparations,81,19.059999465942383,-47.46416728983205,23,35,E+
LEGO,Legato Merger Corp. IV Ordinary Shares,Military/Government/Technical,94,10.0,0.0,53,,C
LEN,Lennar Corporation Class A Common Stock,Homebuilding,90,81.47000122070312,-37.836674189453134,27,39,D
LENZ,LENZ Therapeutics Inc. Common Stock,Biotechnology: Biological Products (No Diagnostic Substances),74,3.7200000286102295,-92.41590196437858,7,17,E
LESL,Leslie's Inc. Common Stock,Other Specialty Stores,130,0.33899998664855957,-96.8494425702834,2,52,A
LEU,Centrus Energy Corp. Class A Common Stock,Mining & Quarrying of Nonmetallic Minerals (No Fuels),94,147.32000732421875,-66.21100749444524,18,45,E
LEVI,Levi Strauss & Co Class A Common Stock,Apparel,121,19.719999313354492,-22.757544915892503,38,66,D-
LEXX,Lexaria Bioscience Corp. Common Stock,Biotechnology: Pharmaceutical Preparations,81,3.369999885559082,-85.3159051262382,5,26,E
LFCR,Lifecore Biomedical Inc. Common Stock,Biotechnology: Pharmaceutical Preparations,81,4.289999961853027,-51.36054296724637,20,1,C-
LFMD,LifeMD Inc. Common Stock,Medical/Nursing Services,35,2.9100000858306885,-58.24963883175851,18,42,E+
LFS,LEIFRAS Co. Ltd. American Depositary Shares,Other Consumer Services,124,2.125,-81.31046595084895,25,,A+
LFST,LifeStance Health Group Inc. Common Stock,Medical/Nursing Services,35,11.800000190734863,-11.80866898499332,94,90,C+
LFT,Lument Finance Trust Inc. Common Stock,Real Estate Investment Trusts,60,5.170000076293945,-72.48276498483672,7,26,E-
LFTO,Liftoff Mobile Inc. Common Stock,EDP Services,116,15.920000076293945,-44.04218049430698,12,,E-
LFUS,Littelfuse Inc. Common Stock,Electrical Products,12,421.1600036621094,-13.724452554288202,82,87,C-
LFVN,Lifevantage Corporation Common Stock (Delaware),Biotechnology: Pharmaceutical Preparations,81,6.289999961853027,-40.74692259732606,55,49,C-
LFWD,Lifeward Ltd. Ordinary Shares,Industrial Specialties,68,6.96999979019165,-29.851047894780237,44,17,B
LGCL,Lucas GC Limited Class A Ordinary Shares,Computer Software: Programming Data Processing,90,3.049999952316284,-99.6611111164093,1,,D-
LGCY,Legacy Education Inc. Common Stock,Other Consumer Services,124,10.640000343322754,-25.750171668032962,39,67,B
LGHL,Lion Group Holding Ltd. American Depositary Share,Investment Bankers/Brokers/Service,56,7.360000133514404,-99.80341879985272,1,,A+
LGIH,LGI Homes Inc. Common Stock,Homebuilding,90,48.9900016784668,-25.59233839101345,47,40,D+
LGL,LGL Group Inc. (The) Common Stock,Industrial Machinery/Components,103,6.800000190734863,-12.14469778010734,55,44,C
LGN,Legence Corp. Class A Common stock,Engineering & Construction,71,52.45000076293945,-48.71418550447816,52,17,D
LGND,Ligand Pharmaceuticals Incorporated Common Stock,Biotechnology: Pharmaceutical Preparations,81,299.0400085449219,-7.306028293251798,87,85,B-
LGO,Largo Inc. Common Shares,Mining & Quarrying of Nonmetallic Minerals (No Fuels),94,0.6899999976158142,-72.61904750641601,20,1,A
LGPS,LogProstyle Inc. Common Shares,Homebuilding,90,0.8059999942779541,-46.97368392158413,59,,A+
LGVN,Longeveron Inc. Class A Common Stock,Biotechnology: Pharmaceutical Preparations,81,2.9100000858306885,-74.91379318849651,7,7,E-
LH,Labcorp Holdings Inc. Common Stock,Medical Specialities,10,308.95001220703125,-8.760417545385135,75,58,D+
LHAI,Linkhome Holdings Inc. Common stock,Real Estate,74,1.0399999618530273,-93.32905739785775,32,26,A+
LHSW,Lianhe Sowell International Group Ltd Class A Ordinary Shares,Computer Software: Prepackaged Software,60,0.7630000114440918,-97.97074456806364,4,,A+
LHX,L3Harris Technologies Inc. Common Stock,Industrial Machinery/Components,103,238.0399932861328,-36.327926633028085,26,75,E+
LI,Li Auto Inc. American Depositary Shares,Auto Manufacturing,137,11.779999732971191,-54.39411626881254,22,7,D
LICN,Lichen International Limited Class A Ordinary Shares,Professional Services,47,1.0299999713897705,-88.06489040867763,7,,E-
LIDR,AEye Inc. Class A Common Stock,Auto Parts:O.E.M.,94,1.2000000476837158,-64.17910203447205,17,1,A+
LIEN,Chicago Atlantic BDC Inc. Common Stock,Finance: Consumer Services,74,10.3100004196167,-0.38647304713768094,63,59,B-
LIF,Life360 Inc. Common Stock,EDP Services,116,41.2599983215332,-62.79195730125975,21,61,E+
LIFE,Ethos Technologies Inc. Class A Common Stock,Specialty Insurers,66,35.310001373291016,-15.968584034684152,98,51,B+
LII,Lennox International Inc. Common Stock,Industrial Machinery/Components,103,367.7799987792969,-35.809409033330766,18,60,E+
LILA,Liberty Latin America Ltd. Class A Common Stock,Cable & Other Pay Television Services,103,8.600000381469727,-3.153150105435787,90,26,B+
LILAK,Liberty Latin America Ltd. Class C Common Stock,Cable & Other Pay Television Services,103,8.550000190734863,-3.389832517555691,90,26,B-
LIMN,Liminatus Pharma Inc. Class A Common Stock,Biotechnology: Biological Products (No Diagnostic Substances),74,4.179999828338623,-95.92195138698672,8,,A+
LIN,Linde plc Ordinary Shares,Major Chemicals,71,468.1400146484375,-14.078433670114986,47,80,D+
LINC,Lincoln Educational Services Corporation Common Stock,Other Consumer Services,124,23.8799991607666,-57.112070707825026,19,60,E-
LIND,Lindblad Expeditions Holdings Inc. Common Stock,Transportation Services,110,27.579999923706055,-20.011600087401703,91,60,C-
LINE,Lineage Inc. Common Stock,Real Estate Investment Trusts,60,36.18000030517578,-18.86073069888522,47,17,D
LINK,Interlink Electronics Inc. Common Stock,Computer peripheral equipment,42,5.179999828338623,-45.89136360525572,81,63,A-
LION,Lionsgate Studios Corp Common Shares,Movies/Entertainment,3,10.979999542236328,-33.04878172173807,67,66,D-
LIQT,LiqTech International Inc. Common Stock,Industrial Machinery/Components,103,0.6399999856948853,-78.37837914030771,10,26,B
LITB,LightInTheBox Holding Co. Ltd. American Depositary Shares each representing twelve ordinary shares,Catalog/Specialty Distribution,63,2.9800000190734863,-21.989526933217395,76,70,D
LITE,Lumentum Holdings Inc. Common Stock,Telecommunications Equipment,94,929.0399780273438,-11.779619198663527,98,17,A-
LITS,Lite Strategy Inc. Common Stock,Biotechnology: Pharmaceutical Preparations,81,1.4299999475479126,-47.03703991506647,81,26,A+
LIVE,Live Ventures Incorporated Common Stock,Other Specialty Stores,130,7.769999980926514,-63.157895093836316,12,33,D+
LIVN,LivaNova PLC Ordinary Shares,Biotechnology: Electromedical & Electrotherapeutic Apparatus,58,75.44000244140625,-11.585109710384334,70,56,D
LKFN,Lakeland Financial Corporation Common Stock,Major Banks,20,58.849998474121094,-7.613818258602101,49,51,C-
LKFT,Lakefront Biotherapeutics American Depositary Shares,Biotechnology: Pharmaceutical Preparations,81,30.360000610351562,-19.29824170032074,50,76,A-
LKQ,LKQ Corporation Common Stock,Motor Vehicles,113,23.0,-31.685307299934927,28,40,D-
LLY,Eli Lilly and Company Common Stock,Biotechnology: Pharmaceutical Preparations,81,1181.8900146484375,-7.689360154339808,79,89,B-
LLYVA,Liberty Live Holdings Inc. Series A Liberty Live Group Common Stock,Services-Misc. Amusement & Recreation,99,96.42500305175781,-8.15791502646308,59,,C
LLYVK,Liberty Live Holdings Inc. Series C Liberty Live Group Common Stock,Services-Misc. Amusement & Recreation,99,99.69999694824219,-8.41448062718304,59,,D+
LMAT,LeMaitre Vascular Inc. Common Stock,Medical/Dental Instruments,81,80.81999969482422,-30.776110827867143,32,78,E+
LMB,Limbach Holdings Inc. Common Stock,Engineering & Construction,71,51.33000183105469,-55.01708740995463,13,53,B
LMND,Lemonade Inc. Common Stock,Property-Casualty Insurers,42,45.279998779296875,-53.111733537963644,19,26,E
LMNR,Limoneira Co Common Stock,Farming/Seeds/Milling,116,11.970000267028809,-20.35927824555902,33,17,E-
LMRI,Lumexa Imaging Holdings Inc. Common Stock,Medical Specialities,10,9.880000114440918,-46.68105910238097,23,65,D
LMT,Lockheed Martin Corporation Common Stock,Military/Government/Technical,94,523.7000122070312,-21.62127376125764,57,84,C
LNAI,Lunai Bioworks Inc. Common Stock,Biotechnology: Pharmaceutical Preparations,81,1.940000057220459,-85.98265870063805,7,26,A+
LNC,Lincoln National Corporation Common Stock,Life Insurance,17,41.38999938964844,-11.936171511386306,67,72,C
LND,Brasilagro Brazilian Agric Real Estate Co Sponsored ADR (Brazil),Farming/Seeds/Milling,116,3.5199999809265137,-19.450799242385386,44,26,C
LNG,Cheniere Energy Inc. Common Stock,Oil/Gas Transmission,50,276.2799987792969,-6.6179907867565335,78,95,C-
LNKS,Linkers Industries Limited Class A Ordinary Shares,Electrical Products,12,0.9990000128746033,-99.69954886830838,3,,A-
LNN,Lindsay Corporation Common Stock,Industrial Machinery/Components,103,112.76000213623047,-19.462258856973524,37,51,D+
LNSR,LENSAR Inc. Common Stock,Medical/Dental Instruments,81,7.074999809265137,-44.42262322326648,43,35,A
LNT,Alliant Energy Corporation Common Stock,Power Generation,99,63.310001373291016,-18.24756102294677,39,57,D
LNTH,Lantheus Holdings Inc. Common Stock,Biotechnology: In Vitro & In Vivo Diagnostic Substances,110,99.72000122070312,-10.11357578311669,85,83,C
LNZA,LanzaTech Global Inc. Common Stock,Major Chemicals,71,5.96999979019165,-85.58667297414884,14,66,D
LOAN,Manhattan Bridge Capital Inc,Real Estate Investment Trusts,60,3.9100000858306885,-24.5120544273399,34,47,D
LOAR,Loar Holdings Inc. Common Stock,Military/Government/Technical,94,65.43000030517578,-20.109891225702736,38,98,D+
LOB,Live Oak Bancshares Inc. Common Stock,Major Banks,20,37.27000045776367,-14.765974530921378,53,76,D+
LOBO,LOBO TECHNOLOGIES LTD. Class A Ordinary Shares,Motor Vehicles,113,0.5519999861717224,-52.41379292626442,33,,A+
LOCL,Local Bounti Corporation Common Stock,Farming/Seeds/Milling,116,1.059999942779541,-69.62750888587408,16,17,D
LOCO,El Pollo Loco Holdings Inc. Common Stock,Restaurants,94,14.210000038146973,-17.383724373053422,67,79,D+
LODE,Comstock Inc. Common Stock,Major Chemicals,71,2.559999942779541,-46.33123788226321,17,7,E
LOGI,Logitech International S.A. Ordinary Shares,Computer peripheral equipment,42,99.55999755859375,-20.108744196884153,51,76,D+
LOMA,Loma Negra Compania Industrial Argentina Sociedad Anonima ADS,Building Materials,116,9.329999923706055,-28.887195083169193,33,64,D-
LONA,LeonaBio Inc. Common Stock,Biotechnology: Biological Products (No Diagnostic Substances),74,4.989999771118164,-57.27740033613753,18,7,E
LOOP,Loop Industries Inc. Common Stock,Major Chemicals,71,0.4749999940395355,-75.26041642413475,8,7,A
LOPE,Grand Canyon Education Inc. Common Stock,Other Consumer Services,124,151.19000244140625,-31.448650941108546,39,71,C
LOT,Lotus Technology Inc. American Depositary Shares,Auto Manufacturing,137,0.8790000081062317,-61.106194167458675,17,,E+
LOVE,The Lovesac Company Common Stock,Other Specialty Stores,130,14.699999809265137,-21.39037855870951,51,31,D-
LOW,Lowe's Companies Inc. Common Stock,RETAIL: Building Materials,132,188.49000549316406,-33.69105865797096,26,58,D-
LPA,Logistic Properties of the Americas Ordinary Shares,Real Estate,74,2.819999933242798,-53.77049217490668,23,55,A-
LPCN,Lipocine Inc. Common Stock,Biotechnology: Pharmaceutical Preparations,81,2.0899999141693115,-81.438722276324,15,7,D-
LPG,Dorian LPG Ltd. Common Stock,Marine Transportation,5,54.04999923706055,-7.3057829461512735,96,96,B-
LPL,LG Display Co Ltd AMERICAN DEPOSITORY SHARES,Industrial Machinery/Components,103,2.9000000953674316,-49.65277812271205,17,7,D-
LPLA,LPL Financial Holdings Inc. Common Stock,Investment Bankers/Brokers/Service,56,302.760009765625,-22.793583475988388,49,92,E
LPTH,LightPath Technologies Inc. Class A Common Stock,Semiconductors,29,10.0600004196167,-44.57299927793979,48,35,E+
LPX,Louisiana-Pacific Corporation Common Stock,Forest Products,85,66.27999877929688,-31.951232713657273,28,39,D+
LQDA,Liquidia Corporation Common Stock,Biotechnology: Pharmaceutical Preparations,81,70.94999694824219,-22.058664286856523,96,97,E+
LQDT,Liquidity Services Inc. Common Stock,Business Services,66,43.400001525878906,-0.41303418451790197,87,88,B-
LRCX,Lam Research Corporation Common Stock,Industrial Machinery/Components,103,307.1600036621094,-29.04107495271705,89,95,C+
LRE,Lead Real Estate Co. Ltd American Depositary Shares,Homebuilding,90,1.1100000143051147,-38.84297634651321,27,,B
LRHC,La Rosa Holdings Corp. Common Stock,Real Estate,74,2.630000114440918,-99.6445945791296,71,26,E-
LRMR,Larimar Therapeutics Inc. Common Stock,Biotechnology: Pharmaceutical Preparations,81,3.319999933242798,-44.20168000555215,29,7,E
LRN,Stride Inc. Common Stock,Other Consumer Services,124,80.04000091552734,-47.866865399649484,37,69,D-
LSAK,Lesaka Technologies Inc. Common Stock,Investment Bankers/Brokers/Service,56,4.150000095367432,-23.8532065943869,38,93,C-
LSBK,Lake Shore Bancorp Inc. Common Stock,Savings Institutions,13,17.639999389648438,-6.419103274983307,75,46,D+
LSCC,Lattice Semiconductor Corporation Common Stock,Semiconductors,29,122.22000122070312,-21.285504052516877,80,91,B-
LSE,Leishen Energy Holding Co. Ltd. Class A Ordinary Shares,Oil and Gas Field Machinery,9,5.289999961853027,-9.726965165093471,78,,B+
LSF,Laird Superfood Inc. Common Stock,Packaged Foods,113,3.5199999809265137,-43.589741826292496,49,35,D-
LSPD,Lightspeed Commerce Inc. Subordinate Voting Shares,Computer Software: Prepackaged Software,60,9.670000076293945,-28.050592424064924,42,89,C-
LSTA,Lisata Therapeutics Inc. Common Stock,Biotechnology: Pharmaceutical Preparations,81,1.5,-70.23809501283202,10,7,A+
LSTR,Landstar System Inc. Common Stock,Trucking Freight/Courier Services,39,165.17999267578125,-26.540050034466045,59,69,D-
LTBR,Lightbridge Corporation Common Stock,Major Chemicals,71,6.730000019073486,-75.72150005129612,11,26,E
LTC,LTC Properties Inc. Common Stock,Real Estate Investment Trusts,60,43.36000061035156,0.0,80,70,B-
LTH,Life Time Group Holdings Inc. Common Stock,Hotels/Resorts,87,39.86000061035156,-12.83621034472835,84,93,D
LTM,LATAM Airlines Group S.A. American Depositary Shares (each representing two thousand (2000) shares of Common Stock),Air Freight/Delivery Services,74,51.65999984741211,-24.347169468126996,48,41,D+
LTRN,Lantern Pharma Inc. Common Stock,Biotechnology: Pharmaceutical Preparations,81,1.2100000381469727,-73.80952233507368,6,26,E-
LTRX,Lantronix Inc. Common Stock,Computer Communications Equipment,23,6.599999904632568,-21.893490489835354,80,77,A-
LU,Lufax Holding Ltd American Depositary Shares each representing two (2) Ordinary Shares,Finance: Consumer Services,74,1.350000023841858,-69.3181819413319,22,,A
LUCD,Lucid Diagnostics Inc. Common Stock,Medical/Dental Instruments,81,0.8379999995231628,-42.99319842085809,23,7,C
LUCK,Lucky Strike Entertainment Corporation Class A Common Stock,Services-Misc. Amusement & Recreation,99,5.190000057220459,-49.265866123872705,14,34,E-
LUCY,Innovative Eyewear Inc. Common Stock,Ophthalmic Goods,128,0.9300000071525574,-55.28845955457906,34,26,A+
LUD,Luda Technology Group Limited Ordinary Shares,Steel/Iron Ore,33,4.0,-72.8260874494713,17,,C
LULU,lululemon athletica inc. Common Stock,Apparel,121,101.63999938964844,-52.918289285372985,18,56,E-
LUMN,Lumen Technologies Inc. Common Stock,Telecommunications Equipment,94,5.860000133514404,-50.464918247619,26,7,D
LUNG,Pulmonx Corporation Common Stock,Medical/Dental Instruments,81,1.899999976158142,-26.92307515962583,83,7,A-
LUNR,Intuitive Machines Inc. Class A Common Stock,Industrial Machinery/Components,103,15.699999809265137,-65.64551521408923,48,7,B+
LUV,Southwest Airlines Company Common Stock,Air Freight/Delivery Services,74,41.54999923706055,-23.16056420259128,49,94,B-
LUXE,LuxExperience B.V. American Depositary Shares each representing one Ordinary Share,Catalog/Specialty Distribution,63,9.180000305175781,-12.654613651207825,72,41,A+
LVLU,Lulu's Fashion Lounge Holdings Inc. Common Stock,Catalog/Specialty Distribution,63,10.600000381469727,-59.480120629594204,92,17,E+
LVO,LiveOne Inc. Common Stock,Restaurants,94,2.3499999046325684,-66.52421779177256,9,7,E-
LVS,Las Vegas Sands Corp. Common Stock,Hotels/Resorts,87,38.650001525878906,-43.40588892638792,21,90,E+
LVWR,LiveWire Group Inc. Common Stock,Motor Vehicles,113,1.409999966621399,-77.29468666731064,34,17,A
LW,Lamb Weston Holdings Inc. Common Stock,Packaged Foods,113,44.369998931884766,-31.286396178282395,51,41,D+
LWAY,Lifeway Foods Inc. Common Stock,Packaged Foods,113,21.90999984741211,-32.230131127408754,33,51,E
LWLG,Lightwave Logic Inc. Common Stock,Containers/Packaging,93,5.28000020980835,-71.02085395832955,41,26,D-
LX,LexinFintech Holdings Ltd. American Depositary Shares,Finance: Consumer Services,74,0.7480000257492065,-85.73958759368378,4,44,E-
LXEH,Lixiang Education Holding Co. Ltd. American Depositary Shares,Other Consumer Services,124,1.7899999618530273,-94.47530901989836,27,,A+
LXEO,Lexeo Therapeutics Inc. Common Stock,Biotechnology: Biological Products (No Diagnostic Substances),74,3.390000104904175,-68.10912447405491,12,7,E
LXFR,Luxfer Holdings PLC Ordinary Shares,Major Chemicals,71,17.25,-8.9006513968952,73,54,C+
LXP,LXP Industrial Trust Common Stock (Maryland REIT),Real Estate Investment Trusts,60,60.93000030517578,-0.35977304204974914,82,31,B-
LXRX,Lexicon Pharmaceuticals Inc. Common Stock,Biotechnology: Pharmaceutical Preparations,81,1.8600000143051147,-29.54545680320615,74,7,D+
LXU,LSB Industries Inc. Common Stock,Major Chemicals,71,10.09000015258789,-40.22511460759068,51,95,D-
LYB,LyondellBasell Industries NV Ordinary Shares Class A (Netherlands),Major Chemicals,71,60.18000030517578,-25.42208417507813,71,61,C-
LYEL,Lyell Immunopharma Inc. Common Stock,Biotechnology: Pharmaceutical Preparations,81,10.119999885559082,-73.78238267977157,14,7,D-
LYFT,Lyft Inc. Class A Common Stock,Business Services,66,14.75,-39.967439221795544,40,72,D
LYG,Lloyds Banking Group Plc American Depositary Shares,Commercial Banks,13,5.650000095367432,-9.017712388720723,69,76,D+
LYTS,LSI Industries Inc. Common Stock,Building Products,105,20.940000534057617,-21.666954210099643,41,89,D-
LYV,Live Nation Entertainment Inc. Common Stock,Services-Misc. Amusement & Recreation,99,171.05999755859375,-9.232732959460899,62,34,D+
LZ,LegalZoom.com Inc. Common Stock,EDP Services,116,5.650000095367432,-48.33104820707928,26,78,D-
LZB,La-Z-Boy Incorporated Common Stock,Home Furnishings,33,29.90999984741211,-28.48025325858996,28,62,E
LZM,Lifezone Metals Limited Ordinary Shares,Metal Mining,52,3.890000104904175,-36.2295054799925,45,,C
LZMH,LZ Technology Holdings Limited Class B Ordinary Shares,EDP Services,116,1.149999976158142,-98.39832879209051,6,,B-
M,Macy's Inc Common Stock,Department/Specialty Retail Stores,40,22.309999465942383,-14.149823901252589,62,46,D+
MA,Mastercard Incorporated Common Stock,Business Services,66,566.0800170898438,-5.631308819827541,66,93,C+
MAA,Mid-America Apartment Communities Inc. Common Stock,Real Estate Investment Trusts,60,117.26000213623047,-16.578096553473,35,65,D-
MAAS,Maase Inc. Class A Ordinary Shares,Investment Managers,55,14.029999732971191,-33.94538660942465,98,,E-
MAC,Macerich Company (The) Common Stock,Real Estate Investment Trusts,60,22.639999389648438,-13.951290138377438,70,7,D
MAGN,Magnera Corporation Common Stock,Paper,52,11.850000381469727,-22.34600128614791,54,65,D+
MAIA,MAIA Biotechnology Inc. Common Stock,Biotechnology: Pharmaceutical Preparations,81,1.25,-57.627119328981834,35,7,B-
MAIN,Main Street Capital Corporation Common Stock,Finance/Investors Services,40,54.7599983215332,-10.502813783073107,58,75,C+
MAIR,Madison Air Solutions Corporation Class A Common Stock,Pollution Control Equipment,54,24.3700008392334,-44.43684336501869,18,,E+
MAKO,Mako Mining Corp Common Stock,Precious Metals,25,10.039999961853027,-9.304424221915452,93,94,B+
MAMA,Mama's Creations Inc. Common Stock,Specialty Foods,99,13.369999885559082,-35.25423664627327,36,87,E
MAMO,Massimo Group Common Stock,Industrial Specialties,68,0.9399999976158142,-82.19697044955356,17,47,D-
MAN,ManpowerGroup Common Stock,Professional Services,47,57.02000045776367,-9.420175112479034,96,62,B+
MANE,Veradermics Incorporated Common Stock,Biotechnology: Pharmaceutical Preparations,81,115.72000122070312,-10.806230675857066,97,26,B+
MANH,Manhattan Associates Inc. Common Stock,Computer Software: Prepackaged Software,60,209.6300048828125,-6.314797091037539,89,83,B+
MANU,Manchester United Ltd. Class A Ordinary Shares,Services-Misc. Amusement & Recreation,99,20.940000534057617,-13.435303547944343,76,35,C-
MAR,Marriott International Class A Common Stock,Hotels/Resorts,87,351.510009765625,-12.499544200405966,65,90,C-
MARA,MARA Holdings Inc. Common Stock,Finance: Consumer Services,74,12.920000076293945,-43.43257447469831,65,7,A-
MAS,Masco Corporation Common Stock,Industrial Specialties,68,67.30999755859375,-18.321641859374395,46,76,E+
MASK,3 E Network Technology Group Ltd Class A Ordinary Shares,EDP Services,116,0.8740000128746033,-94.3612902395187,4,,C+
MASS,908 Devices Inc. Common Stock,Industrial Machinery/Components,103,11.520000457763672,0.0,93,7,A-
MAT,Mattel Inc. Common Stock,Recreational Games/Products/Toys,81,13.140000343322754,-40.703969161546404,30,34,D
MATH,Metalpha Technology Holding Limited Ordinary Shares,Finance: Consumer Services,74,1.0,-74.93734341829979,20,,A+
MATV,Mativ Holdings Inc. Common Stock,Paper,52,12.170000076293945,-16.656015594084607,86,62,B+
MATW,Matthews International Corporation Class A Common Stock,Metal Fabrications,58,19.219999313354492,-32.654953924904184,22,37,D-
MATX,Matson Inc. Common Stock,Marine Transportation,5,224.82000732421875,-5.775355585413722,92,68,B-
MAX,MediaAlpha Inc. Class A Common Stock,Business Services,66,9.449999809265137,-33.77715833131727,30,47,E
MAYS,J. W. Mays Inc. Common Stock,Building operators,57,40.650001525878906,-26.090906316583805,58,26,A
MAZE,Maze Therapeutics Inc. Common Stock,Biotechnology: Biological Products (No Diagnostic Substances),74,26.209999084472656,-49.43571033586852,35,26,A-
MB,MasterBeef Group Ordinary Shares,Restaurants,94,4.010000228881836,-58.829565471114144,13,,A+
MBAI,MBody AI Ltd. Ordinary Share,Medical Electronics,99,4.510000228881836,-79.61121131206006,8,,E-
MBBC,Marathon Bancorp Inc. Common Stock,Banks,19,15.279999732971191,-1.3557136297608463,73,73,B+
MBC,MasterBrand Inc. Common Stock,Home Furnishings,33,7.110000133514404,-48.55281989494401,17,32,D
MBGL,Mobility Global Inc. Common Stock,Business Services,66,18.34000015258789,-20.027369925485406,33,,E+
MBI,MBIA Inc. Common Stock,Property-Casualty Insurers,42,4.429999828338623,-42.61658097495042,16,39,E
MBIN,Merchants Bancorp Common Stock,Major Banks,20,52.22999954223633,-6.069024592307526,85,82,B
MBIO,Mustang Bio Inc. Common Stock,Biotechnology: Pharmaceutical Preparations,81,0.5260000228881836,-70.28248426235311,13,26,B
MBLY,Mobileye Global Inc. Class A Common Stock,Computer Software: Prepackaged Software,60,7.690000057220459,-50.514800025112194,33,55,D
MBOT,Microbot Medical Inc. Common Stock,Medical/Dental Instruments,81,1.309999942779541,-60.89552298291115,12,7,E
MBRX,Moleculin Biotech Inc. Common Stock,Biotechnology: Pharmaceutical Preparations,81,0.5669999718666077,-95.72075492930863,2,7,E+
MBUU,Malibu Boats Inc. Class A Common Stock,Marine Transportation,5,23.420000076293945,-32.33169701450621,26,46,D-
MBVI,M3-Brigade Acquisition VI Corp. Class A Ordinary Shares,,,10.239999771118164,-0.0975632086032796,54,,C
MBWM,Mercantile Bank Corporation Common Stock,Major Banks,20,60.029998779296875,-3.3955594320508764,77,85,C+
MBX,MBX Biosciences Inc. Common Stock,Biotechnology: Pharmaceutical Preparations,81,55.38999938964844,-21.654877255230776,95,7,C+
MC,Moelis & Company Class A Common Stock,Investment Managers,55,57.619998931884766,-23.65298883155954,36,43,E+
MCAH,Mountain Crest Acquisition 6 Corp. Ordinary Shares,Blank Checks,47,10.029999732971191,-0.199009526209859,53,,C
MCB,Metropolitan Bank Holding Corp. Common Stock,Major Banks,20,88.62000274658203,-12.238131454205782,59,48,D
MCBS,MetroCity Bankshares Inc. Common Stock,Major Banks,20,34.79999923706055,-5.357101544239995,74,88,C
MCD,McDonald's Corporation Common Stock,Restaurants,94,237.02000427246094,-29.142628774600986,28,76,E
MCFT,MasterCraft Boat Holdings Inc. Common Stock,Marine Transportation,5,20.3700008392334,-25.602624311172306,37,57,E
MCHB,Mechanics Bancorp Class A Common Stock,Major Banks,20,15.079999923706055,-10.78710105185573,66,72,C-
MCHP,Microchip Technology Incorporated Common Stock,Semiconductors,29,74.69000244140625,-26.843169859687997,55,80,C-
MCHX,Marchex Inc. Class B Common Stock,Computer Software: Prepackaged Software,60,1.309999942779541,-33.838387365645715,27,7,E-
MCK,McKesson Corporation Common Stock,Other Pharmaceuticals,46,869.3599853515625,-12.498236123273864,68,86,C+
MCO,Moody's Corporation Common Stock,Finance: Consumer Services,74,467.3500061035156,-12.812987377058715,57,81,C
MCRB,Seres Therapeutics Inc. Common Stock,Biotechnology: Pharmaceutical Preparations,81,3.619999885559082,-87.35592039234223,6,35,E-
MCRI,Monarch Casino & Resort Inc. Common Stock,Hotels/Resorts,87,118.05000305175781,-11.597251336435221,63,92,D
MCRP,Micropolis AI Robotics Ordinary Shares,Auto Parts:O.E.M.,94,0.7739999890327454,-82.40909153961937,8,,E-
MCS,Marcus Corporation (The) Common Stock,Movies/Entertainment,3,28.260000228881836,-8.925049249044282,93,59,B
MCY,Mercury General Corporation Common Stock,Property-Casualty Insurers,42,98.29000091552734,-11.266866043694378,61,81,C-
MD,Pediatrix Medical Group Inc. Common Stock,Hospital/Nursing Management,25,25.65999984741211,-6.316172255520936,79,81,C+
MDA,MDA Space Ltd. Common Shares,Electronic Components,2,31.479999542236328,-35.33278688396126,49,,D
MDAI,Spectral AI Inc. Class A Common Stock,Medical/Dental Instruments,81,1.6200000047683716,-39.5522401337635,44,35,C+
MDB,MongoDB Inc. Class A Common Stock,Computer Software: Prepackaged Software,60,421.3999938964844,-10.775162236699554,88,98,C-
MDBH,MDB Capital Holdings LLC Class A common,Finance: Consumer Services,74,2.5799999237060547,-43.913043974027296,30,26,E+
MDCX,Medicus Pharma Ltd. Common Stock,Biotechnology: Pharmaceutical Preparations,81,0.1589999943971634,-94.1111114226251,3,26,E-
MDGL,Madrigal Pharmaceuticals Inc. Common Stock,Biotechnology: Pharmaceutical Preparations,81,513.2100219726562,-14.866544892675915,56,7,D-
MDIA,Mediaco Holding Inc. Class A Common Stock,Broadcasting,68,1.1790000200271606,-9.999994540032297,91,17,B+
MDLN,Medline Inc. Class A Common Stock,Medical/Dental Instruments,81,34.65999984741211,-30.666135859839528,32,33,D+
MDLZ,Mondelez International Inc. Class A Common Stock,Packaged Foods,113,60.86000061035156,-6.3548198017719155,60,78,C
MDRR,Medalist Diversified Inc. Common Stock,Real Estate Investment Trusts,60,11.859999656677246,-15.13885209740139,56,37,A
MDT,Medtronic plc. Ordinary Shares,Biotechnology: Electromedical & Electrotherapeutic Apparatus,58,88.51000213623047,-13.906216175921537,57,76,C
MDU,MDU Resources Group Inc. Common Stock (Holding Company),Mining & Quarrying of Nonmetallic Minerals (No Fuels),94,18.639999389648438,-17.086881503564733,43,61,D+
MDWD,MediWound Ltd. Ordinary Shares,Medicinal Chemicals and Botanical Products,123,13.829999923706055,-29.761302444941894,30,17,B
MDXG,MiMedx Group Inc Common Stock,Medical/Dental Instruments,81,4.710000038146973,-40.82914553297634,50,42,B
MDXH,MDxHealth SA Ordinary Shares,Medical Specialities,10,0.5820000171661377,-88.35999965667725,13,7,A+
MEC,Mayville Engineering Company Inc. Common Stock,Industrial Specialties,68,16.770000457763672,-55.327650376195805,25,31,E
MED,MEDIFAST INC Common Stock,Packaged Foods,113,11.920000076293945,-15.039199549795024,67,7,B
MEDP,Medpace Holdings Inc. Common Stock,Biotechnology: Commercial Physical & Biological Resarch,7,620.5900268554688,-1.5233462207820514,79,93,B
MEDS,DataMeds AI Inc. Common Stock,Other Pharmaceuticals,46,3.5,-93.91304347826087,14,26,A+
MEGL,Magic Empire Global Limited Class A Ordinary Shares,Finance: Consumer Services,74,1.1200000047683716,-38.46153997306787,40,,B+
MEI,Methode Electronics Inc. Common Stock,Electrical Products,12,14.5600004196167,-24.78056825422038,93,7,C+
MELI,MercadoLibre Inc. Common Stock,Business Services,66,1754.1300048828125,-30.141338791414583,46,58,D
MENS,Jyong Biotech Ltd. Ordinary Shares,Biotechnology: Pharmaceutical Preparations,81,2.1500000953674316,-96.46381558824609,22,,A-
MEOH,Methanex Corporation Common Stock,Major Chemicals,71,59.77000045776367,-8.490880536754396,85,71,B+
MERC,Mercer International Inc. Common Stock,Paper,52,0.3199999928474426,-88.9655178508917,4,17,E-
MESO,Mesoblast Limited American Depositary Shares,Biotechnology: Biological Products (No Diagnostic Substances),74,15.479999542236328,-26.145037125960357,47,7,B
MET,MetLife Inc. Common Stock,Life Insurance,17,97.25,-2.7013477045330414,81,61,C+
META,Meta Platforms Inc. Class A Common Stock,Computer Software: Programming Data Processing,90,777.5900268554688,0.0,84,56,A
METC,Ramaco Resources Inc. Class A Common Stock,Coal Mining,74,9.140000343322754,-83.24472874215338,12,17,D-
METCB,Ramaco Resources Inc. Class B Common Stock,Coal Mining,74,4.710000038146973,-77.74010950576374,8,17,E-
MF,MindForge Inc. Class A Ordinary Shares,Computer Software: Programming Data Processing,90,13.850000381469727,-83.41317319584464,31,,C+
MFA,MFA Financial Inc.,Real Estate Investment Trusts,60,8.15999984741211,-18.489939822793033,38,94,D-
MFC,Manulife Financial Corporation Common Stock,Life Insurance,17,43.4900016784668,-2.466917403805513,80,79,D+
MFG,Mizuho Financial Group Inc. Sponosred ADR (Japan),Major Banks,20,10.5600004196167,-7.772920563092633,85,89,D+
MFI,mF International Limited Class A Ordinary Shares,EDP Services,116,9.600000381469727,-75.59115195898711,19,,A
MFIC,MidCap Financial Investment Corporation Common Stock,Finance/Investors Services,40,8.880000114440918,-22.698239162745338,34,33,D+
MFIN,Medallion Financial Corp. Common Stock,Finance: Consumer Services,74,11.829999923706055,-3.1914921014775,81,43,B
MFP,Midera Food Processing Inc. Common Stock,Industrial Machinery/Components,103,42.97999954223633,-61.10407281245581,6,,B+
MG,Mistras Group Inc Common Stock,Military/Government/Technical,94,21.3799991607666,0.0,91,86,A
MGA,Magna International Inc. Common Stock,Auto Parts:O.E.M.,94,62.220001220703125,-14.825463899544744,69,77,D-
MGEE,MGE Energy Inc,Electric Utilities: Central,87,68.48999786376953,-19.377109676457525,33,67,D-
MGIH,Millennium Group International Holdings Limited Ordinary Shares,Publishing,37,1.5,-40.23904359763949,45,,E-
MGLD,The Marygold Companies Inc. Common Stock,Finance: Consumer Services,74,1.0,-23.076920255401323,44,38,B+
MGM,MGM Resorts International Common Stock,Hotels/Resorts,87,33.689998626708984,-33.53718773044621,29,75,E-
MGN,Megan Holdings Limited Class A Ordinary Shares,Farming/Seeds/Milling,116,3.809999942779541,-99.93453608345739,1,,A+
MGNI,Magnite Inc. Common Stock,Computer Software: Programming Data Processing,90,24.06999969482422,-6.086615360996062,90,94,A-
MGNX,MacroGenics Inc. Common Stock,Biotechnology: Pharmaceutical Preparations,81,3.799999952316284,-21.810702717647946,92,38,D+
MGPI,MGP Ingredients Inc.,Beverages (Production/Distribution),110,12.739999771118164,-50.77424798472221,15,34,E-
MGRC,McGrath RentCorp Common Stock,Diversified Commercial Services,85,111.95999908447266,-8.831539068507265,47,59,C-
MGRT,Mega Fortune Company Limited Ordinary Shares,EDP Services,116,121.68000030517578,-14.430377695813345,99,,B-
MGRX,Mangoceuticals Inc. Common Stock,Misc Health and Biotechnology Services,21,0.46399998664855957,-83.0656939768767,42,26,A
MGTX,MeiraGTx Holdings plc Ordinary Shares,Biotechnology: Biological Products (No Diagnostic Substances),74,11.050000190734863,-26.185704785374554,79,66,E
MGX,Metagenomi Therapeutics Inc. Common Stock,Biotechnology: Biological Products (No Diagnostic Substances),74,1.149999976158142,-65.6716415254861,25,26,B-
MGY,Magnolia Oil & Gas Corporation Class A Common Stock,Oil & Gas Production,13,24.739999771118164,-22.541870965711563,46,71,D
MGYR,Magyar Bancorp Inc. Common Stock,Savings Institutions,13,19.3700008392334,-2.319712991641232,69,68,C+
MH,McGraw Hill Inc. Common Stock,Publishing,37,13.6899995803833,-23.902169235367353,74,99,A-
MHH,Mastech Digital Inc Common Stock,Professional Services,47,7.21999979019165,-9.975070098625615,47,32,D-
MHK,Mohawk Industries Inc. Common Stock,Home Furnishings,33,119.47000122070312,-14.725199132089706,58,87,C-
MHO,M/I Homes Inc. Common Stock,Homebuilding,90,137.75999450683594,-15.484665946726416,48,41,D+
MI,NFT Limited Class A Ordinary Share,Finance: Consumer Services,74,2.309999942779541,-88.35098360228424,97,,D+
MIAX,Miami International Holdings Inc. Common Stock,Investment Bankers/Brokers/Service,56,35.63999938964844,-37.29767893389816,37,52,C+
MICC,The Magnum Ice Cream Company N.V. Ordinary Shares,Specialty Foods,99,19.280000686645508,-5.582758988193581,79,,B-
MIDD,Middleby Corporation (The) Common Stock,Industrial Machinery/Components,103,108.02999877929688,-25.066248411990877,35,33,D
MIMI,Mint Incorporation Limited Class A Ordinary Shares,Business Services,66,0.7900000214576721,-99.10227270288901,3,,A+
MIND,MIND Technology Inc. Common Stock (DE),Industrial Machinery/Components,103,4.53000020980835,-68.29950859411386,17,42,E+
MINE,Mayfair Gold Corp. Common Shares,Oil & Gas Production,13,2.740000009536743,-40.94827395734259,35,26,A-
MIR,Mirion Technologies Inc. Class A Common Stock,Industrial Machinery/Components,103,15.699999809265137,-47.22689139742812,23,53,C-
MIRA,MIRA Pharmaceuticals Inc. Common Stock,Biotechnology: Pharmaceutical Preparations,81,0.8399999737739563,-53.33333355409129,22,26,A+
MIRM,Mirum Pharmaceuticals Inc. Common Stock,Biotechnology: Pharmaceutical Preparations,81,89.36000061035156,-30.49700900692194,46,7,E
MIST,Milestone Pharmaceuticals Inc. Common Shares,Biotechnology: Pharmaceutical Preparations,81,0.7950000166893005,-73.05084732749346,11,7,E-
MITK,Mitek Systems Inc. Common Stock,Computer peripheral equipment,42,18.079999923706055,-10.228398849908515,88,76,B
MITQ,Moving iMage Technologies Inc. Common Stock,Industrial Machinery/Components,103,0.6470000147819519,-53.11594079582913,44,17,A
MITT,TPG Mortgage Investment Trust Inc. Common Stock,Real Estate Investment Trusts,60,6.090000152587891,-29.562373778848794,26,99,E
MKC,McCormick & Company Incorporated Common Stock,Packaged Foods,113,47.81999969482422,-32.05381481506374,34,67,D
MKDW,MKDWELL Tech Inc. Ordinary Share,Consumer Electronics/Appliances,64,1.5299999713897705,-87.25000023841858,3,,E-
MKL,Markel Group Inc. Common Stock,Property-Casualty Insurers,42,1735.22998046875,-20.83443324153138,35,95,D
MKSI,MKS Inc. Common Stock,Industrial Machinery/Components,103,257.9800109863281,-41.946953448929555,77,87,D
MKTW,MarketWise Inc. Class A Common Stock,Computer Software: Prepackaged Software,60,19.149999618530273,-8.14040523341173,80,39,A-
MKTX,MarketAxess Holdings Inc. Common Stock,Investment Bankers/Brokers/Service,56,163.77000427246094,-14.534731313285743,75,49,A-
MKZR,MacKenzie Realty Capital Inc. Common Stock,Real Estate Investment Trusts,60,1.378000020980835,-76.40410984629513,10,26,A
MLAB,Mesa Laboratories Inc. Common Stock,Industrial Machinery/Components,103,137.5,0.0,94,68,A-
MLCI,Mount Logan Capital Inc. Common Stock,Investment Managers,55,3.369999885559082,-59.934935814508684,21,26,C-
MLCO,Melco Resorts & Entertainment Limited American Depositary Shares,Hotels/Resorts,87,4.670000076293945,-52.54065036710646,21,71,E+
MLEC,Moolec Science SA Ordinary Shares,Blank Checks,47,5.849999904632568,-67.50000052981906,24,,B-
MLGO,MicroAlgo Inc. Class A Ordinary Shares,EDP Services,116,3.200000047683716,-70.82953537110144,15,,E
MLI,Mueller Industries Inc. Common Stock,Metal Fabrications,58,60.02000045776367,-14.298652298974535,55,51,D+
MLKN,MillerKnoll Inc. Common Stock,Office Equipment/Supplies/Services,107,19.90999984741211,-18.04559783893461,63,97,D+
MLM,Martin Marietta Materials Inc. Common Stock,Mining & Quarrying of Nonmetallic Minerals (No Fuels),94,480.1000061035156,-31.909244221517554,24,48,E+
MLP,Maui Land & Pineapple Company Inc. Common Stock,Real Estate,74,16.059999465942383,-19.377513029958305,39,26,B-
MLR,Miller Industries Inc. Common Stock,Construction/Ag Equipment/Trucks,31,53.84000015258789,-6.549473614513667,80,47,C
MLSS,Milestone Scientific Inc. Common Stock,Industrial Specialties,68,0.4099999964237213,-25.454547720507104,79,26,A-
MLTX,MoonLake Immunotherapeutics Class A Ordinary Shares,Biotechnology: Pharmaceutical Preparations,81,12.119999885559082,-80.4484601429376,12,26,E
MLYS,Mineralys Therapeutics Inc. Common Stock,Biotechnology: Pharmaceutical Preparations,81,26.59000015258789,-43.819989174094296,36,17,B
MMA,Mixed Martial Arts Group Limited Ordinary Shares,Other Consumer Services,124,0.4169999957084656,-74.87951782570295,15,,A+
MMED,MiniMed Group Inc. Common Stock,Medical/Dental Instruments,81,20.440000534057617,-14.261743275035988,83,,A-
MMI,Marcus & Millichap Inc. Common Stock,Real Estate,74,30.299999237060547,-6.727751682119932,62,63,C-
MMLP,Martin Midstream Partners L.P. Limited Partnership,Oil Refining/Marketing,107,2.2300000190734863,-32.11312628145728,38,38,B
MMM,3M Company Common Stock,Medical/Dental Instruments,81,167.52000427246094,-8.448502469747643,62,69,B-
MMS,Maximus Inc. Common Stock,Business Services,66,52.619998931884766,-45.95772593964057,25,60,E+
MMSI,Merit Medical Systems Inc. Common Stock,Medical/Dental Instruments,81,87.30000305175781,-6.310364063275664,74,86,B
MMYT,MakeMyTrip Limited Ordinary Shares,Transportation Services,110,46.869998931884766,-51.80462834767634,26,56,D-
MNDO,MIND C.T.I. Ltd. Ordinary Shares,EDP Services,116,1.0199999809265137,-19.04761994867189,40,48,C+
MNDR,Mobile-health Network Solutions Class A Ordinary Shares,Computer Software: Prepackaged Software,60,1.340000033378601,-95.29824549691719,4,,E-
MNDY,monday.com Ltd. Ordinary Shares,Computer Software: Prepackaged Software,60,86.0,-59.510356651934224,44,97,B
MNKD,MannKind Corporation Common Stock,Biotechnology: Pharmaceutical Preparations,81,3.2899999618530273,-47.02093491718007,31,42,D
MNOV,Medicinova Inc Common Stock,Biotechnology: Pharmaceutical Preparations,81,2.6500000953674316,-23.188404094469316,97,26,A+
MNPR,Monopar Therapeutics Inc. Common Stock,Biotechnology: Pharmaceutical Preparations,81,88.83999633789062,-28.2622747375609,80,7,D
MNRO,Monro Inc. Common Stock,Automotive Aftermarket,135,13.979999542236328,-38.12455125913363,30,32,B
MNSB,MainStreet Bancshares Inc. Common Stock,Major Banks,20,24.860000610351562,-2.9285434678859357,69,52,B-
MNSBP,MainStreet Bancshares Inc. Depositary Shares,Major Banks,20,24.729999542236328,-5.330294025239091,59,,B+
MNSO,MINISO Group Holding Limited American Depositary Shares each representing four Ordinary Shares,Department/Specialty Retail Stores,40,8.930000305175781,-60.498946431471644,12,38,E
MNST,Monster Beverage Corporation,Beverages (Production/Distribution),110,42.66999816894531,-14.60877100946185,64,81,D+
MNTK,Montauk Renewables Inc. Common Stock,Natural Gas Distribution,31,2.880000114440918,0.0,96,32,A+
MNTN,MNTN Inc. Class A Common Stock,Advertising,124,10.90999984741211,-41.564007483508384,64,63,B+
MNTS,Momentus Inc. Class A Common Stock,Military/Government/Technical,94,4.284999847412109,-85.9672514608194,11,26,D
MNY,MoneyHero Limited Class A Ordinary Shares,Business Services,66,0.6949999928474426,-56.56250109430401,13,17,E-
MO,Altria Group Inc.,Medicinal Chemicals and Botanical Products,123,68.87999725341797,-6.593576109115018,65,74,C-
MOB,Mobilicom Limited Ordinary Shares,Aerospace,120,4.980000019073486,-51.1764694882649,28,,B-
MOBI,Mobia Medical Inc. Common Stock,Medical/Dental Instruments,81,8.8100004196167,-39.78126896307703,19,,E
MOBX,Mobix Labs Inc. Class A Common Stock,Semiconductors,29,0.8700000047683716,-92.23214268228229,4,26,A+
MOD,Modine Manufacturing Company Common Stock,Auto Parts:O.E.M.,94,196.9499969482422,-35.82391490519454,52,96,D+
MODD,Modular Medical Inc. Common Stock,Medical/Dental Instruments,81,2.1700000762939453,-90.07773208494302,5,26,E
MOGU,MOGU Inc. American Depositary Shares (each  representing 25 Class A Ordinary Shares),Business Services,66,1.8700000047683716,-46.57142843518939,32,17,B
MOH,Molina Healthcare Inc Common Stock,Medical Specialities,10,193.30999755859375,-20.409258204740176,65,39,D
MOLN,Molecular Partners AG American Depositary Shares,Biotechnology: Biological Products (No Diagnostic Substances),74,4.300000190734863,-16.097557253953887,62,26,B
MOMO,Hello Group Inc. American Depositary Shares,Computer Software: Prepackaged Software,60,5.010000228881836,-30.762973015058503,31,83,E+
MORN,Morningstar Inc. Common Stock,Investment Managers,55,196.41000366210938,-16.308091504026102,73,85,B
MOS,Mosaic Company (The) Common Stock,Agricultural Chemicals,136,23.690000534057617,-31.644605395704993,46,32,B-
MOV,Movado Group Inc. Common Stock,Consumer Specialties,42,33.41999816894531,-14.986896058104493,87,81,D+
MOVE,Corvex Inc. Common Stock,EDP Services,116,11.979999542236328,-51.022076898435785,89,,A
MP,MP Materials Corp. Common Stock,Metal Mining,52,49.29999923706055,-50.02534366496928,31,40,C+
MPAA,Motorcar Parts  of America Inc. Common Stock,Auto Parts:O.E.M.,94,10.5600004196167,-40.439928413643145,23,42,E
MPB,Mid Penn Bancorp Common Stock,Major Banks,20,36.20000076293945,-5.80275702453219,71,69,B-
MPC,Marathon Petroleum Corporation Common Stock,Integrated oil Companies,1,390.95001220703125,-7.987950121512954,96,95,B
MPLT,MapLight Therapeutics Inc. Common Stock,Biotechnology: Pharmaceutical Preparations,81,10.760000228881836,-72.96482302727671,9,17,E+
MPT,Medical Properties Trust Inc. common stock,Real Estate Investment Trusts,60,3.5999999046325684,-36.441648531584505,26,17,E+
MPTI,M-tron Industries Inc. Common Stock,Industrial Machinery/Components,103,74.6500015258789,-25.905705681509772,66,68,D
MPU,Mega Matrix Inc. Class A Ordinary Shares,Movies/Entertainment,3,2.880000114440918,-11.111107840623069,99,,D
MPV,Barings Participation Investors Common Stock,Finance Companies,64,16.3700008392334,-13.573063008240405,46,,B-
MPWR,Monolithic Power Systems Inc. Common Stock,Semiconductors,29,1335.550048828125,-20.84763611297763,77,85,B
MQ,Marqeta Inc. Class A Common Stock,Computer Software: Prepackaged Software,60,16.440000534057617,-25.272724845192652,39,95,C+
MRAM,Everspin Technologies Inc. Common Stock,Semiconductors,29,17.8799991607666,-59.372870159783034,92,94,B
MRBK,Meridian Corporation Common Stock,Major Banks,20,19.139999389648438,-6.6037092249256135,61,59,C+
MRCY,Mercury Systems Inc Common Stock,Electrical Products,12,83.18000030517578,-34.093969646966556,47,48,E+
MRDN,Meridian Holdings Inc. Common Stock,Computer Software: Prepackaged Software,60,13.234999656677246,-10.088319180793782,84,63,B-
MREO,Mereo BioPharma Group plc American Depositary Shares,Biotechnology: Pharmaceutical Preparations,81,0.33799999952316284,-85.36796502616102,18,7,A+
MRK,Merck & Company Inc. Common Stock (new),Biotechnology: Pharmaceutical Preparations,81,147.97999572753906,-4.855547074739963,89,32,B+
MRKR,Marker Therapeutics Inc. Common Stock,Biotechnology: Pharmaceutical Preparations,81,1.190000057220459,-45.66209926355877,50,7,A-
MRLN,Merlin Inc. Common Stock,EDP Services,116,1.7799999713897705,-88.93722837470901,3,,E-
MRM,MEDIROM Healthcare Technologies Inc. American Depositary Share,Other Consumer Services,124,0.75,-74.48979641486584,12,,D-
MRNA,Moderna Inc. Common Stock,Biotechnology: Biological Products (No Diagnostic Substances),74,194.82000732421875,0.0,99,7,A
MRNO,Murano Global Investments PLC Ordinary Shares,Hotels/Resorts,87,0.3070000112056732,-89.19014012380808,20,,A+
MRP,Millrose Properties Inc. Class A Common Stock,Real Estate,74,27.059999465942383,-15.490321426958854,42,89,E+
MRSH,Marsh Common Stock,Specialty Insurers,66,169.92999267578125,-16.605808888755103,48,71,D+
MRT,Marti Technologies Inc. Class A Ordinary Shares,Rental/Leasing Companies,22,2.130000114440918,-19.011406016850664,68,,B+
MRTN,Marten Transport Ltd. Common Stock,Trucking Freight/Courier Services,39,12.84000015258789,-29.21644463272791,46,41,E+
MRVI,Maravai LifeSciences Holdings Inc. Class A Common Stock,Biotechnology: Pharmaceutical Preparations,81,7.650000095367432,-14.99999894036187,97,17,A-
MRVL,Marvell Technology Inc. Common Stock,Semiconductors,29,258.95001220703125,-18.144963338134502,98,90,B-
MRX,Marex Group Limited Ordinary Shares,Investment Bankers/Brokers/Service,56,72.69000244140625,-7.129161161340692,94,98,B+
MS,Morgan Stanley Common Stock,Investment Bankers/Brokers/Service,56,196.32000732421875,-13.629098539075567,63,89,D-
MSA,MSA Safety Incorporated Common Stock,Industrial Specialties,68,182.11000061035156,-9.555187521200203,65,88,B-
MSAI,MultiSensor AI Holdings Inc. Common Stock,Electronic Components,2,4.864999771118164,-93.85732328462402,11,7,C+
MSB,Mesabi Trust Common Stock,Precious Metals,25,19.389999389648438,-51.97494784817197,17,,E+
MSBI,Midland States Bancorp Inc. Common Stock,Major Banks,20,33.130001068115234,-3.103633712335474,91,59,B-
MSC,Studio City International Holdings Limited American depositary shares each representing four  Class A ordinary shares,Hotels/Resorts,87,0.8500000238418579,-81.83760566197277,5,17,E-
MSCI,MSCI Inc. Common Stock,Business Services,66,556.0800170898438,-13.320471787481193,54,69,D+
MSEX,Middlesex Water Company Common Stock,Water Supply,42,52.90999984741211,-12.31232076075518,53,66,D+
MSFT,Microsoft Corporation Common Stock,Computer Software: Prepackaged Software,60,497.92999267578125,-7.387091021148285,81,93,B+
MSGE,Madison Square Garden Entertainment Corp. Class A Common Stock,Services-Misc. Amusement & Recreation,99,79.22000122070312,-10.404882536486404,86,36,B
MSGM,Motorsport Games Inc. Class A Common Stock,Computer Software: Prepackaged Software,60,4.190000057220459,-21.240602969530197,77,53,B+
MSGS,Madison Square Garden Sports Corp. Class A Common Stock (New),Services-Misc. Amusement & Recreation,99,402.5,-2.805948820196247,88,66,B
MSGY,Masonglory Limited Class A Ordinary Shares,Engineering & Construction,71,1.9700000286102295,-98.79995127639917,5,,A+
MSI,Motorola Solutions Inc. Common Stock,Radio And Television Broadcasting And Communications Equipment,71,454.9100036621094,-7.156106327857204,68,81,B-
MSLE,Satellos Bioscience Inc. Common Stock,Biotechnology: Pharmaceutical Preparations,81,8.710000038146973,-33.05149973163708,87,26,A-
MSM,MSC Industrial Direct Company Inc. Common Stock,Industrial Machinery/Components,103,120.7300033569336,-5.146130959445527,80,61,C+
MSN,Emerson Radio Corporation Common Stock,Consumer Electronics/Appliances,64,0.46000000834465027,-39.47368235304083,78,26,A
MSS,Maison Solutions Inc. Class A Common Stock,Food Chains,74,1.7200000286102295,-96.98245609015748,4,,A+
MSTR,Strategy Inc Common Stock Class A,Computer Software: Prepackaged Software,60,161.61000061035156,-55.06964343923406,84,17,A
MT,Arcelor Mittal NY Registry Shares NEW,Steel/Iron Ore,33,71.30000305175781,-9.448812565227493,90,70,B-
MTA,Metalla Royalty & Streaming Ltd. Common Shares,Precious Metals,25,10.15999984741211,-10.48458585076737,91,65,A-
MTB,M&T Bank Corporation Common Stock,Major Banks,20,218.66000366210938,-13.388532590369785,57,73,D-
MTC,MMTec Inc. Common Shares,Computer Software: Prepackaged Software,60,5.960000038146973,-34.21633816658121,99,,A
MTCH,Match Group Inc. Common Stock,Computer Software: Programming Data Processing,90,40.79999923706055,-8.108112984455795,80,83,C
MTD,Mettler-Toledo International Inc. Common Stock,Biotechnology: Laboratory Analytical Instruments,4,1519.1500244140625,0.0,77,59,B+
MTDR,Matador Resources Company Common Stock,Oil & Gas Production,13,52.970001220703125,-17.89050646781244,66,74,D+
MTEK,Maris-Tech Ltd. Ordinary Shares,Telecommunications Equipment,94,1.0299999713897705,-75.41766211638081,20,,A-
MTEN,Mingteng International Corporation Inc. Class A Ordinary Shares,Building Products,105,1.0099999904632568,-99.9526710407468,6,,A+
MTEX,Mannatech Incorporated Common Stock,Medicinal Chemicals and Botanical Products,123,7.25,-28.851812575567457,70,63,B+
MTG,MGIC Investment Corporation Common Stock,Property-Casualty Insurers,42,28.729999542236328,-8.706704260890874,61,53,D
MTH,Meritage Homes Corporation Common Stock,Homebuilding,90,64.51000213623047,-23.701786500301292,37,46,D+
MTLS,Materialise NV American Depositary Shares,Computer Software: Prepackaged Software,60,8.010000228881836,0.0,87,93,A
MTN,Vail Resorts Inc. Common Stock,Services-Misc. Amusement & Recreation,99,137.82000732421875,-13.867875723018786,56,45,B-
MTNB,Matinas Biopharma Holdings Inc. Common Stock,Biotechnology: Pharmaceutical Preparations,81,0.17800000309944153,-90.82474237890119,3,26,A
MTNE,CH4 Natural Solutions Corporation Class A Ordinary Shares,,,9.920000076293945,0.0,52,21,C+
MTR,Mesa Royalty Trust Common Stock,Oil & Gas Production,13,2.380000114440918,-55.21338825932296,12,38,B+
MTRN,Materion Corporation,Industrial Specialties,68,256.1400146484375,-13.819717070772553,92,86,D+
MTRX,Matrix Service Company Common Stock,Engineering & Construction,71,9.800000190734863,-37.17948749298958,23,63,E+
MTSI,MACOM Technology Solutions Holdings Inc. Common Stock,Semiconductors,29,284.94000244140625,-30.44815281792236,85,96,C
MTUS,Metallus Inc. Common Shares,Steel/Iron Ore,33,18.940000534057617,-14.026327990361963,60,53,D+
MTVA,MetaVia Inc. Common Stock,Biotechnology: Pharmaceutical Preparations,81,1.6299999952316284,-86.40533756174027,20,26,A
MTW,Manitowoc Company Inc. (The) Common Stock,Construction/Ag Equipment/Trucks,31,21.43000030517578,-5.843584843282734,95,45,A-
MTX,Minerals Technologies Inc. Common Stock,Major Chemicals,71,66.3499984741211,-19.64730333395299,45,17,C-
MTZ,MasTec Inc. Common Stock,Water Sewer Pipeline Comm & Power Line Construction,107,211.9499969482422,-51.55539479844491,20,72,E
MU,Micron Technology Inc. Common Stock,Semiconductors,29,1080.530029296875,-10.948268880492918,99,93,C+
MUFG,Mitsubishi UFJ Financial Group Inc. Common Stock,Commercial Banks,13,22.56999969482422,-6.464979362613543,84,78,C-
MUR,Murphy Oil Corporation Common Stock,Oil & Gas Production,13,37.380001068115234,-10.878887168322283,71,80,C
MUSA,Murphy USA Inc. Common Stock,Retail-Auto Dealers and Gas Stations,113,519.280029296875,-16.523794624149346,71,93,D+
MUX,McEwen Inc. Common Stock,Precious Metals,25,18.65999984741211,-35.7659196644432,62,98,B
MVBF,MVB Financial Corp. Common Stock,Major Banks,20,29.799999237060547,-5.7558556415806095,71,94,C+
MVIS,MicroVision Inc. Common Stock,Industrial Machinery/Components,103,1.6200000047683716,-92.44755269394979,3,7,E-
MVST,Microvast Holdings Inc. Common Stock,Industrial Machinery/Components,103,0.6859999895095825,-89.28125032363458,7,7,D
MWA,MUELLER WATER PRODUCTS Common Stock,Metal Fabrications,58,21.469999313354492,-28.9304049183996,27,88,D-
MWC,Micware Co. Ltd. American Depositary Shares,EDP Services,116,1.75,-78.65853608895596,5,,A
MWG,Multi Ways Holdings Limited Class A Ordinary Shares,Miscellaneous manufacturing industries,133,1.2999999523162842,-65.69920935617421,18,,A-
MWH,SOLV Energy Inc. Class A Common Stock,Military/Government/Technical,94,25.049999237060547,-46.440027812951776,23,65,D+
MWYN,Marwynn Holdings Inc. Common stock,Food Distributors,74,1.090000033378601,-21.582730604584064,66,26,A
MX,Magnachip Semiconductor Corporation Common Stock,Semiconductors,29,3.180000066757202,-64.38969811776948,36,17,A-
MXC,Mexco Energy Corporation Common Stock,Oil & Gas Production,13,10.779999732971191,-28.224474639415842,80,49,A
MXCT,MaxCyte Inc. Common Stock,Biotechnology: Commercial Physical & Biological Resarch,7,1.190000057220459,-34.97267599378367,53,7,B+
MXL,MaxLinear Inc. Common Stock,Semiconductors,29,85.30999755859375,-33.36718083887944,99,76,A-
MYE,Myers Industries Inc. Common Stock,Plastic Products,29,31.6200008392334,-13.56450700812102,90,91,B
MYFW,First Western Financial Inc. Common Stock,Major Banks,20,30.579999923706055,-10.5586395086393,72,72,C+
MYGN,Myriad Genetics Inc. Common Stock,Biotechnology: In Vitro & In Vivo Diagnostic Substances,110,4.139999866485596,-49.38875657662179,18,17,B+
MYND,Mynd.ai Inc. American Depositary Shares,Computer peripheral equipment,42,0.3529999852180481,-66.69811280438293,23,,A+
MYO,Myomo Inc. Common Stock,Industrial Specialties,68,1.6699999570846558,-10.215056761246421,96,17,A-
MYPS,PLAYSTUDIOS Inc.  Class A Common Stock,Computer Software: Prepackaged Software,60,0.44600000977516174,-54.303278200462515,28,17,B-
MYRG,MYR Group Inc. Common Stock,Water Sewer Pipeline Comm & Power Line Construction,107,295.17999267578125,-41.09712254311971,58,80,E+
MYSE,Myseum.AI Inc. Common Stock,Telecommunications Equipment,94,1.8600000143051147,-51.18110125355611,34,26,E
MYSZ,My Size Inc. Common Stock,Computer Software: Prepackaged Software,60,1.7799999713897705,-82.34126999144532,6,7,A+
MZTI,The Marzetti Company Common Stock,Packaged Foods,113,101.13999938964844,-40.367848694744225,22,71,D
NA,Nano Labs Ltd Class A Ordinary Shares,Semiconductors,29,2.315000057220459,-60.76271152879891,35,,A+
NAAS,NaaS Technology Inc. American Depositary Shares,Other Specialty Stores,130,3.369999885559082,-20.70588504566866,60,,C-
NABL,N-able Inc. Common Stock,Computer Software: Prepackaged Software,60,4.019999980926514,-52.70588257733513,34,60,D-
NAGE,Niagen Bioscience Inc. Common Stock,Medicinal Chemicals and Botanical Products,123,3.009999990463257,-69.59595852075282,14,55,D
NAII,Natural Alternatives International Inc. Common Stock,Medicinal Chemicals and Botanical Products,123,1.7300000190734863,-64.1821936563084,14,26,E-
NAK,Northern Dynasty Minerals Ltd. Common Stock,Precious Metals,25,1.4199999570846558,-48.55072601481011,44,7,D
NAKA,Nakamoto Inc. Common Stock,Medical/Nursing Services,35,9.760000228881836,-80.63492076707504,87,17,A
NAMI,Jinxin Technology Holding Company American Depositary Shares,Other Consumer Services,124,1.6200000047683716,-94.31578945695308,3,,A+
NAMM,Namib Minerals Ordinary Shares,Precious Metals,25,1.1699999570846558,-81.71875094296409,15,,C+
NAMS,NewAmsterdam Pharma Company N.V. Ordinary Shares,Biotechnology: Pharmaceutical Preparations,81,22.739999771118164,-45.13872291300402,20,7,D-
NAT,Nordic American Tankers Limited Common Stock,Marine Transportation,5,7.659999847412109,-7.1515170010653435,96,86,B+
NATH,Nathan's Famous Inc. Common Stock,Restaurants,94,94.29000091552734,-12.660243827787143,43,87,C-
NATL,NCR Atleos Corporation Common Stock,Office Equipment/Supplies/Services,107,45.91999816894531,-4.591736650997058,68,83,C
NATR,Nature's Sunshine Products Inc. Common Stock,Biotechnology: Pharmaceutical Preparations,81,12.90999984741211,-53.56115035355246,14,59,E
NAUT,Nautilus Biotechnology Inc. Common Stock,Biotechnology: Laboratory Analytical Instruments,4,0.9909999966621399,-74.9113927924314,12,17,D+
NAVI,Navient Corporation Common Stock,Investment Bankers/Brokers/Service,56,9.300000190734863,-25.884648650127605,50,52,D+
NAVN,Navan Inc. Class A Common Stock,Computer Software: Prepackaged Software,60,19.43000030517578,-36.46173854266963,80,12,E-
NB,NioCorp Developments Ltd. Common Stock,Metal Mining,52,3.5399999618530273,-69.66581029383138,17,38,D+
NBBK,NB Bancorp Inc. Common Stock,Banks,19,22.5,-3.2258064516129004,69,80,B-
NBHC,National Bank Holdings Corporation Common Stock,Major Banks,20,40.0099983215332,-14.351771477138197,50,46,D
NBIS,Nebius Group N.V. Class A Ordinary Shares,Computer Software: Programming Data Processing,90,243.47999572753906,-15.07203123439872,96,35,B+
NBIX,Neurocrine Biosciences Inc. Common Stock,Biotechnology: Biological Products (No Diagnostic Substances),74,138.94000244140625,-25.099729142099058,40,82,E
NBN,Northeast Bank Common Stock,Major Banks,20,129.77000427246094,-5.621605605481195,69,91,C-
NBP,NovaBridge Biosciences American Depositary Shares,Biotechnology: Pharmaceutical Preparations,81,1.4500000476837158,-77.89634054372667,13,,D-
NBR,Nabors Industries Ltd.,Oil & Gas Production,13,82.98999786376953,-24.984181574491082,86,42,D+
NBRG,Newbridge Acquisition Limited Class A Ordinary Share,Blank Checks,47,10.0600004196167,-0.29732143228459185,54,65,C
NBRGU,Newbridge Acquisition Limited Unit,Blank Checks,47,10.390000343322754,0.0,58,,B-
NBTB,NBT Bancorp Inc. Common Stock,Major Banks,20,51.130001068115234,-5.029736523405893,73,78,C+
NBTX,Nanobiotix S.A. American Depositary Shares,Biotechnology: Pharmaceutical Preparations,81,33.459999084472656,-39.240967368994895,88,,C
NC,NACCO Industries Inc. Common Stock,Coal Mining,74,37.720001220703125,-35.162998170177794,24,32,C-
NCDL,Nuveen Churchill Direct Lending Corp. Common Stock,,,11.699999809265137,-18.675452762966238,42,55,D-
NCEL,NewcelX Ltd. Ordinary Shares,Biotechnology: Pharmaceutical Preparations,81,2.890000104904175,-88.20408120447276,28,,D
NCEW,New Century Logistics (BVI) Limited Ordinary Shares,Integrated Freight & Logistics,138,17.6299991607666,-14.830925067738521,97,,D+
NCI,Neo-Concept International Group Holdings Limited Class A Ordinary Shares,Apparel,121,14.640000343322754,-84.74999964237213,56,,A-
NCLH,Norwegian Cruise Line Holdings Ltd. Ordinary Shares,Marine Transportation,5,14.1899995803833,-43.757432271734665,14,98,E
NCMI,National CineMedia Inc. Common Stock,Advertising,124,2.200000047683716,-52.45471060884659,12,31,E
NCNA,NuCana plc American Depositary Share,Biotechnology: Pharmaceutical Preparations,81,1.3200000524520874,-81.19658039831118,15,17,A
NCNO,nCino Inc. Common Stock,Computer Software: Prepackaged Software,60,19.969999313354492,-30.125964427347274,70,96,B+
NCPL,Netcapital Inc. Common Stock,Finance: Consumer Services,74,1.2699999809265137,-50.0,97,,A+
NCRA,Nocera Inc. Common Stock,Farming/Seeds/Milling,116,1.8700000047683716,-96.83587131463766,5,26,A+
NCT,Intercont (Cayman) Limited Class A Ordinary shares,Restaurants,94,4.650000095367432,-99.52611463996256,1,,A+
NCTY,The9 Limited American Depository Shares,Finance: Consumer Services,74,3.569999933242798,-68.76640561745029,11,,B+
NDAQ,Nasdaq Inc. Common Stock,Investment Bankers/Brokers/Service,56,94.55000305175781,-5.4155106144123994,70,62,B-
NDLS,Noodles & Company Class A Common Stock,Restaurants,94,12.90999984741211,-30.66595453524359,96,35,A-
NDRA,ENDRA Life Sciences Inc. Common Stock,Biotechnology: Electromedical & Electrotherapeutic Apparatus,58,5.929999828338623,-26.970444434552753,87,38,A-
NDSN,Nordson Corporation Common Stock,Industrial Machinery/Components,103,323.260009765625,-3.127930202546758,80,59,B
NE,Noble Corporation plc A Ordinary Shares,Oil & Gas Production,13,43.7400016784668,-17.825049495193813,84,66,C
NECB,NorthEast Community Bancorp Inc. Common Stock,Banks,19,26.6299991607666,-5.110497444088635,70,77,C+
NEE,NextEra Energy Inc. Common Stock,Electric Utilities: Central,87,75.62000274658203,-21.59102658392943,40,68,D-
NEGG,Newegg Commerce Inc. Common Shares,Other Specialty Stores,130,14.130000114440918,-84.74740910240139,10,,B-
NEM,Newmont Corporation,Precious Metals,25,121.30000305175781,-10.054381370191479,83,96,B-
NEO,NeoGenomics Inc. Common Stock,Precision Instruments,133,19.559999465942383,-1.7579125271325324,96,65,A-
NEOG,Neogen Corporation Common Stock,Biotechnology: In Vitro & In Vivo Diagnostic Substances,110,13.65999984741211,-2.288982155238539,95,17,A-
NEON,Neonode Inc. Common Stock,Industrial Machinery/Components,103,0.8799999952316284,-77.721519377002,14,1,B-
NEOV,NeoVolta Inc. Common Stock,Industrial Machinery/Components,103,2.3949999809265137,-60.478547796355286,31,7,B-
NEPH,Nephros Inc. Common Stock,Medical/Dental Instruments,81,4.139999866485596,-28.497411161283793,72,84,C-
NERV,Minerva Neurosciences Inc Common Stock,Biotechnology: Pharmaceutical Preparations,81,3.450000047683716,-57.24906842442125,44,7,A-
NESR,National Energy Services Reunited Corp Ordinary Shares,Oilfield Services/Equipment,35,32.77000045776367,-9.74938248868067,96,90,B+
NET,Cloudflare Inc. Class A Common Stock,Computer Software: Prepackaged Software,60,358.82000732421875,0.0,94,17,A-
NEU,NewMarket Corp Common Stock,Major Chemicals,71,893.2999877929688,-6.816163677471366,79,73,B-
NEUP,Neuphoria Therapeutics Inc. Common Stock,Biotechnology: Pharmaceutical Preparations,81,3.6500000953674316,-81.74999952316284,22,38,A
NEWP,New Pacific Metals Corp. Common Shares,Precious Metals,25,6.630000114440918,-10.52631240260553,97,1,A-
NEWT,NewtekOne Inc. Common Stock,Major Banks,20,11.300000190734863,-26.139274135918246,41,60,E+
NEXA,Nexa Resources S.A. Common Shares,Metal Mining,52,12.640000343322754,-23.61973835469068,91,75,C
NEXM,NexMetals Mining Corp. Common Shares,Metal Mining,52,2.1500000953674316,-66.08832738766048,22,26,D
NEXN,Nexxen International Ltd. Ordinary Shares,Computer Software: Programming Data Processing,90,8.880000114440918,-18.904107131332804,73,41,C
NEXR,Nexera Technologies Ltd Ordinary Shares,Other Specialty Stores,130,1.5099999904632568,-99.79226282463132,1,,A-
NEXT,NextDecade Corporation Common Stock,Oil & Gas Production,13,6.664999961853027,-26.91885915035356,48,26,E+
NFE,New Fortress Energy Inc. Class A Common Stock,Oil/Gas Transmission,50,6.099999904632568,-52.23179572461173,99,7,E-
NFG,National Fuel Gas Company Common Stock,Oil/Gas Transmission,50,78.9800033569336,-17.126699103818154,45,68,C-
NFGC,New Found Gold Corp Common Shares,Precious Metals,25,1.7400000095367432,-50.0,39,26,B+
NFLX,Netflix Inc. Common Stock,Consumer Electronics/Video Chains,124,71.72000122070312,-42.224191415411696,29,70,E+
NG,Novagold Resources Inc.,Precious Metals,25,7.139999866485596,-49.71831012401191,46,26,B+
NGEN,NervGen Pharma Corp. Common stock,Biotechnology: Pharmaceutical Preparations,81,2.0199999809265137,-66.16415323422203,23,26,B
NGG,National Grid Transco PLC National Grid PLC (NEW) American Depositary Shares,Natural Gas Distribution,31,75.2300033569336,-17.802649942239977,46,,D+
NGNE,Neurogene Inc. Common Stock,Biotechnology: Pharmaceutical Preparations,81,31.25,-27.054155255150626,88,7,B+
NGS,Natural Gas Services Group Inc. Common Stock,Oilfield Services/Equipment,35,33.29999923706055,-24.23881199612714,39,60,D-
NGVC,Natural Grocers by Vitamin Cottage Inc. Common Stock,Food Chains,74,29.969999313354492,-25.231231091193386,58,67,C
NGVT,Ingevity Corporation Common Stock,Major Chemicals,71,71.79000091552734,-7.807887012462656,65,62,B-
NHC,National HealthCare Corporation Common Stock,Hospital/Nursing Management,25,221.60000610351562,-6.399152648990237,89,65,C
NHI,National Health Investors Inc. Common Stock,Real Estate Investment Trusts,60,67.16000366210938,-24.48571590581453,34,76,D+
NHIV,NewHold Investment Corp IV Class A Ordinary Shares,Blank Checks,47,10.050000190734863,-1.0826738024534932,52,,D-
NHP,National Healthcare Properties Inc. Class A Common Stock,Real Estate Investment Trusts,60,16.219999313354492,-5.03513240159873,82,17,B-
NHTC,Natural Health Trends Corp. Common Stock,Consumer Specialties,42,1.0099999904632568,-75.53538349804214,7,17,E-
NI,NiSource Inc Common Stock,Power Generation,99,39.119998931884766,-19.75929838749809,35,52,D-
NIC,Nicolet Bankshares Inc. Common Stock,Major Banks,20,167.5800018310547,-6.190916737256447,75,91,C+
NICE,NICE Ltd American Depositary Shares,Computer Software: Prepackaged Software,60,113.62999725341797,-25.346565770129725,65,50,A-
NICM,Nicola Mining Inc. American Depositary Shares,Metal Mining,52,5.699999809265137,-30.74118923077993,32,26,C+
NIKI,Niki BioSolutions Inc. Common Stock,Industrial Machinery/Components,103,4.96999979019165,-79.37759455799413,9,,E-
NINE,Nine Energy Service Inc. Common Stock,Oilfield Services/Equipment,35,8.630000114440918,-33.66641074085026,39,7,A-
NIO,NIO Inc. American depositary shares each  representing one Class A ordinary share,Auto Manufacturing,137,3.630000114440918,-53.99239320826743,16,17,E
NIPG,NIP Group Inc. American Depositary Shares,Services-Misc. Amusement & Recreation,99,13.800000190734863,-74.44444409123174,38,,A
NIQ,NIQ Global Intelligence plc Ordinary Shares,Computer Software: Programming Data Processing,90,18.139999389648438,-5.7172577679599375,94,17,A-
NIU,Niu Technologies American Depositary Shares,Auto Manufacturing,137,2.1500000953674316,-61.33093313859624,26,17,B+
NIVF,NewGenIvf Group Limited Class A Ordinary Shares,Misc Health and Biotechnology Services,21,0.5410000085830688,-99.95052583369154,1,,E-
NIXX,Nixxy Inc. Common Stock,EDP Services,116,0.3560999929904938,-81.15873038699688,4,37,E-
NJR,NewJersey Resources Corporation Common Stock,Oil/Gas Transmission,50,51.060001373291016,-14.148841557660552,53,66,D
NKE,Nike Inc. Common Stock,Shoe Manufacturing,50,35.9900016784668,-50.145285533579006,20,78,D-
NKLR,Terra Innovatum Global N.V. Ordinary shares,Metal Fabrications,58,3.630000114440918,-80.1204815501626,16,44,E-
NKSH,National Bankshares Inc. Common Stock,Major Banks,20,42.220001220703125,-2.494221790731699,82,72,B-
NKTR,Nektar Therapeutics  Common Stock,Biotechnology: Pharmaceutical Preparations,81,59.380001068115234,-40.8271031678904,55,17,E
NKTX,Nkarta Inc. Common Stock,Biotechnology: Pharmaceutical Preparations,81,2.8499999046325684,-22.343328463617716,83,17,B
NL,NLI Holdings Inc. Common Stock,Major Chemicals,71,7.039999961853027,-14.704391132646787,82,83,B+
NLOP,Net Lease Office Properties Common Shares of Beneficial Interest,Real Estate Investment Trusts,60,9.930000305175781,-25.72924165914795,37,17,E+
NLY,Annaly Capital Management Inc. Common Stock,Real Estate Investment Trusts,60,20.600000381469727,-13.226619292004072,52,89,D-
NMAD,Nomad Power Solutions Inc. Common Stock,Biotechnology: Pharmaceutical Preparations,81,3.630000114440918,-54.85074463104487,24,26,E+
NMAX,Newsmax Inc. Class B Common Stock,Broadcasting,68,10.979999542236328,-15.797549276403267,90,63,A
NMFC,New Mountain Finance Corporation Common Stock,Finance/Investors Services,40,7.010000228881836,-17.31634752088571,44,33,C+
NMG,Nouveau Monde Graphite Inc. Common Shares,Other Metals and Minerals,141,1.350000023841858,-73.37278149638642,19,38,C+
NMIH,NMI Holdings Inc. Common Stock,Property-Casualty Insurers,42,41.56999969482422,-9.05709794917665,61,83,C-
NMR,Nomura Holdings Inc ADR American Depositary Shares,Investment Bankers/Brokers/Service,56,9.770000457763672,-10.03682535333591,77,87,C
NMRA,Neumora Therapeutics Inc. Common Stock,Biotechnology: Biological Products (No Diagnostic Substances),74,0.703000009059906,-80.41782657750919,6,17,E-
NMRK,Newmark Group Inc. Class A Common Stock,Real Estate,74,13.100000381469727,-31.958755839531328,27,55,D-
NMTC,NeuroOne Medical Technologies Corporation Common Stock,Medical/Dental Instruments,81,1.3300000429153442,-79.08805007869687,5,26,E-
NN,NextNav Inc. Common Stock,Industrial Machinery/Components,103,14.449999809265137,-38.74523223485469,29,26,B-
NNBR,NN Inc. Common Stock,Industrial Machinery/Components,103,3.5999999046325684,-12.40876428988682,96,67,A
NNDM,Nano Dimension Ltd. American Depositary Shares,Electrical Products,12,1.5800000429153442,-26.1682259129565,54,26,B-
NNE,Nano Nuclear Energy Inc. Common Stock,Electric Utilities: Central,87,17.020000457763672,-69.94525845533393,15,26,D+
NNI,Nelnet Inc. Common Stock,Finance: Consumer Services,74,125.02999877929688,-12.862880975242174,43,37,D+
NNN,NNN REIT Inc. Common Stock,Real Estate Investment Trusts,60,41.18000030517578,-15.875622267782607,49,74,D-
NNNN,Anbio Biotechnology Class A Ordinary Shares,Biotechnology: In Vitro & In Vivo Diagnostic Substances,110,6.150000095367432,-85.0401362100227,4,,D-
NNOX,NANO-X IMAGING LTD Ordinary Shares,Medical Electronics,99,0.6610000133514404,-85.47252778807723,8,17,C
NNVC,NanoViricides Inc. Common Stock,Biotechnology: Pharmaceutical Preparations,81,1.440000057220459,-29.064035590374328,76,26,A
NOA,North American Construction Group Ltd. Common Shares (no par),Oilfield Services/Equipment,35,12.489999771118164,-24.599855817175897,38,46,D-
NOAH,Noah Holdings Limited American Depositary Shares,Investment Managers,55,8.0,-24.95383313368397,35,41,C
NOC,Northrop Grumman Corporation Common Stock,Industrial Machinery/Components,103,508.9800109863281,-33.13388604406472,38,58,D+
NODK,NI Holdings Inc. Common Stock,Property-Casualty Insurers,42,14.729999542236328,-9.7979203242189,57,57,D
NOEM,CO2 Energy Transition Corp. Common Stock,,,10.579999923706055,-11.833333969116211,56,64,E-
NOG,Northern Oil and Gas Inc. Common Stock,Oil & Gas Production,13,23.600000381469727,-20.423746930320785,64,68,B-
NOK,Nokia Corporation Sponsored American Depositary Shares,Radio And Television Broadcasting And Communications Equipment,71,10.430000305175781,-38.10088979792632,85,32,C+
NOMA,NOMADAR Corp. Class A Common Stock,Services-Misc. Amusement & Recreation,99,1.5299999713897705,-86.69565242269765,5,26,C+
NOMD,Nomad Foods Limited Ordinary Shares,Packaged Foods,113,10.670000076293945,-15.446902439518373,50,52,B
NOV,NOV Inc. Common Stock,Oil and Gas Field Machinery,9,19.899999618530273,-7.948585538531338,78,51,D+
NOVT,Novanta Inc. Common Stock,Industrial Machinery/Components,103,141.52999877929688,-16.130371093749996,65,81,B
NOW,ServiceNow Inc. Common Stock,Computer Software: Prepackaged Software,60,137.77999877929688,-27.199905959843306,78,91,A-
NP,Neptune Insurance Holdings Inc. Class A Common Stock,Specialty Insurers,66,27.100000381469727,-22.814013356981345,58,55,C-
NPB,Northpointe Bancshares Inc. Common Stock,Major Banks,20,15.350000381469727,-20.40068582743636,31,80,E
NPCE,Neuropace Inc. Common Stock,Medical/Dental Instruments,81,13.970000267028809,-27.579058558863213,49,17,C-
NPK,National Presto Industries Inc. Common Stock,Ordnance And Accessories,18,144.10000610351562,-8.099487692006024,78,74,C
NPKI,NPK International Inc. Common Stock,Misc Corporate Leasing Services,128,11.680000305175781,-28.562690931718205,31,85,E+
NPO,Enpro Inc. Common Stock,Metal Fabrications,58,311.19000244140625,-19.634667856835208,71,84,C
NPT,Texxon Holding Limited Ordinary shares,Specialty Chemicals,130,2.9100000858306885,-85.8048776300942,28,,A-
NPWR,NET Power Inc. Class A Common Stock,Industrial Machinery/Components,103,1.6299999952316284,-66.39175201478452,27,26,A-
NRC,NRC Health Common Stock,Biotechnology: Commercial Physical & Biological Resarch,7,20.350000381469727,-10.62801944507129,73,75,C+
NRDS,NerdWallet Inc. Class A Common Stock,EDP Services,116,8.199999809265137,-48.52479816588018,27,58,E+
NRDY,Nerdy Inc. Class A Common Stock,Other Consumer Services,124,8.670000076293945,-59.2957728317251,11,7,E
NREF,NexPoint Real Estate Finance Inc. Common Stock,Real Estate Investment Trusts,60,15.760000228881836,-10.652655313422066,76,46,D-
NRG,NRG Energy Inc. Common Stock,Electric Utilities: Central,87,97.8499984741211,-46.47717122387519,14,48,E
NRGV,Energy Vault Holdings Inc. Common Stock,Industrial Machinery/Components,103,4.300000190734863,-33.744216604278634,67,17,A-
NRIM,Northrim BanCorp Inc Common Stock,Savings Institutions,13,24.6200008392334,-15.64546233585611,50,78,C-
NRIX,Nurix Therapeutics Inc. Common stock,Biotechnology: Pharmaceutical Preparations,81,23.649999618530273,-14.897449300492438,92,7,C+
NRP,Natural Resource Partners LP Limited Partnership,Coal Mining,74,108.18000030517578,-12.48807535247799,59,41,B
NRSN,NeuroSense Therapeutics Ltd. Ordinary Shares,Biotechnology: Pharmaceutical Preparations,81,7.400000095367432,0.0,99,7,A-
NRT,North European Oil Royality Trust Common Stock,Oil & Gas Production,13,8.619999885559082,-8.004269041196999,87,45,B
NRXP,NRX Pharmaceuticals Inc. Common Stock,Biotechnology: Pharmaceutical Preparations,81,3.0299999713897705,-34.41558341027752,61,7,C
NRXS,Neuraxis Inc. Common Stock,Biotechnology: Electromedical & Electrotherapeutic Apparatus,58,7.75,-12.031786255724342,94,26,A+
NSC,Norfolk Southern Corporation Common Stock,Railroads,25,313.1700134277344,-11.278258348781034,62,69,D+
NSIT,Insight Enterprises Inc. Common Stock,Catalog/Specialty Distribution,63,159.72999572753906,-3.410533685782424,95,92,B
NSLR,Neostellar Capital Corp. Common Stock,Finance: Consumer Services,74,8.029999732971191,-46.14352907344303,24,75,E-
NSP,Insperity Inc. Common Stock,Professional Services,47,47.900001525878906,-10.298446111979553,87,43,B-
NSPR,InspireMD Inc. Common Stock,Medical/Dental Instruments,81,0.699999988079071,-72.00000047683716,14,7,D-
NSRX,Nasus Pharma Ltd. Ordinary Shares,Biotechnology: Pharmaceutical Preparations,81,3.4800000190734863,-61.96721132068785,32,,A-
NSSC,NAPCO Security Technologies Inc. Common Stock,Telecommunications Equipment,94,35.68000030517578,-23.50788703179003,36,39,D
NSTS,NSTS Bancorp Inc. Common Stock,Savings Institutions,13,14.109999656677246,-0.35310869543547785,70,26,C+
NSYS,Nortech Systems Incorporated Common Stock,Industrial Machinery/Components,103,11.229999542236328,-36.40996806757069,60,36,D
NTAP,NetApp Inc. Common Stock,Electronic Components,2,197.24000549316406,-4.751784938614467,93,93,B
NTB,Bank of N.T. Butterfield & Son Limited (The) Voting Ordinary Shares,Commercial Banks,13,58.65999984741211,-8.214676908988583,71,91,C-
NTCL,NETCLASS TECHNOLOGY INC Class A Ordinary Shares,Computer Software: Prepackaged Software,60,2.0899999141693115,-98.56357394215168,2,,C-
NTCT,NetScout Systems Inc. Common Stock,EDP Services,116,39.25,-12.46654802311652,79,73,D+
NTES,NetEase Inc. American Depositary Shares,Computer Software: Prepackaged Software,60,117.55999755859375,-21.77896632736148,44,51,C-
NTGR,NETGEAR Inc. Common Stock,Telecommunications Equipment,94,22.1200008392334,-38.57261352326663,39,67,C-
NTHI,NeOnc Technologies Holdings Inc. Common Stock,Biotechnology: Pharmaceutical Preparations,81,3.299999952316284,-72.70471537909854,10,26,E
NTIC,Northern Technologies International Corporation Common Stock,Industrial Specialties,68,7.849999904632568,-20.539680630452605,46,35,B+
NTIP,Network-1 Technologies Inc. Common Stock,Multi-Sector Companies,60,1.559999942779541,-2.303028239800897,71,26,B
NTLA,Intellia Therapeutics Inc. Common Stock,Biotechnology: In Vitro & In Vivo Diagnostic Substances,110,12.15999984741211,-56.54038582432297,34,17,D+
NTNX,Nutanix Inc. Class A Common Stock,Computer Software: Prepackaged Software,60,68.58999633789062,-11.095275461682197,88,95,B+
NTR,Nutrien Ltd. Common Shares,Agricultural Chemicals,136,73.95999908447266,-10.44673054448262,77,45,C+
NTRA,Natera Inc. Common Stock,Medical Specialities,10,408.7900085449219,0.0,96,7,A-
NTRB,Nutriband Inc. Common Stock,Industrial Specialties,68,8.989999771118164,0.0,98,26,A+
NTRP,NextTrip Inc. Common Stock,Transportation Services,110,1.8700000047683716,-60.465116337680946,20,7,A-
NTRS,Northern Trust Corporation Common Stock,Major Banks,20,174.5,-8.433143009959753,76,86,D
NTSK,Netskope Inc. Class A Common Stock,Computer Software: Prepackaged Software,60,18.56999969482422,-23.454247651999605,92,17,A
NTST,NetSTREIT Corp. Common Stock,Real Estate Investment Trusts,60,18.469999313354492,-16.09886361411227,51,70,C-
NTWK,NetSol Technologies Inc. Common  Stock,Computer Software: Prepackaged Software,60,4.75,-9.003827760199867,79,89,A-
NU,Nu Holdings Ltd. Class A Ordinary Shares,Finance: Consumer Services,74,13.5600004196167,-27.718548751718618,44,99,C+
NUAI,New Era Energy & Digital Inc. Common Stock,Oil & Gas Production,13,6.940000057220459,-13.89578541051122,99,26,B+
NUCL,Eagle Nuclear Energy Corp. Common stock,Other Metals and Minerals,141,6.110000133514404,-53.74716036434257,17,26,C
NUE,Nucor Corporation Common Stock,Steel/Iron Ore,33,247.9600067138672,-9.747391887748979,88,85,E+
NUS,Nu Skin Enterprises Inc. Common Stock,Other Pharmaceuticals,46,4.619999885559082,-60.89429493794648,16,36,D
NUTX,Nutex Health Inc. Common Stock,Business Services,66,204.58999633789062,-5.859887628750093,93,93,A-
NUVB,Nuvation Bio Inc. Class A Common Stock,Biotechnology: Pharmaceutical Preparations,81,5.730000019073486,-39.93710647813772,71,35,D+
NUWE,Nuwellis Inc. Common Stock,Biotechnology: Electromedical & Electrotherapeutic Apparatus,58,0.8100000023841858,-99.44766448271662,2,17,A+
NVA,Nova Minerals Corp Common Stock,Precious Metals,25,5.170000076293945,-64.01726012449274,59,,D+
NVAX,Novavax Inc. Common Stock,Biotechnology: Biological Products (No Diagnostic Substances),74,10.600000381469727,-5.272557828758783,84,42,A
NVCR,NovoCure Limited Ordinary Shares,Medical/Dental Instruments,81,16.200000762939453,-18.959474995365213,78,7,B+
NVCT,Nuvectis Pharma Inc. Common Stock,Biotechnology: Pharmaceutical Preparations,81,21.6299991607666,-24.18507311536343,97,7,B-
NVDA,NVIDIA Corporation Common Stock,Semiconductors,29,224.5800018310547,-4.516276654601626,78,94,B
NVEC,NVE Corporation Common Stock,Semiconductors,29,106.6500015258789,-19.845603277729353,90,66,C
NVGS,Navigator Holdings Ltd. Ordinary Shares (Marshall Islands),Marine Transportation,5,23.34000015258789,-6.863524940182241,82,93,B-
NVMI,Nova Ltd. Ordinary Shares,Electronic Components,2,366.79998779296875,-39.43697300304243,34,88,D
NVNI,Nvni Group Limited Ordinary Shares,Computer Software: Prepackaged Software,60,0.9599999785423279,-93.37931049281153,14,,A-
NVNO,enVVeno Medical Corporation Common Stock,Medical/Dental Instruments,81,9.09000015258789,-73.33528861278742,18,7,E-
NVO,Novo Nordisk A/S Common Stock,Biotechnology: Pharmaceutical Preparations,81,38.619998931884766,-36.623976329270334,31,52,E-
NVR,NVR Inc. Common Stock,Homebuilding,90,6235.490234375,-23.752870697297624,34,56,D+
NVRI,Enviri Corporation Common Stock,Diversified Commercial Services,85,19.43000030517578,-18.566639529983263,69,35,D-
NVS,Novartis AG Common Stock,Biotechnology: Pharmaceutical Preparations,81,143.57000732421875,-12.2643708642865,55,68,E
NVST,Envista Holdings Corporation Common Stock,Medical/Dental Instruments,81,24.06999969482422,-20.456049197744342,50,69,D-
NVT,nVent Electric plc Ordinary Shares,Industrial Machinery/Components,103,162.8800048828125,-11.524511377108926,84,94,B-
NVTS,Navitas Semiconductor Corporation Common Stock,Semiconductors,29,11.84000015258789,-62.755584109452414,74,17,D
NVX,NOVONIX Limited American Depository Shares,Industrial Machinery/Components,103,2.640000104904175,-91.02040768993673,6,,E-
NWAX,New America Acquisition I Corp. Class A Common Stock,Blank Checks,47,10.069999694824219,-1.4677159323421285,50,,C-
NWBI,Northwest Bancshares Inc. Common Stock,Major Banks,20,15.180000305175781,-3.9810150368002617,75,67,C+
NWCL,newcleo plc Ordinary Shares,Metal Fabrications,58,7.425000190734863,-35.09614979823201,18,,E-
NWE,NorthWestern Energy Group Inc. Common Stock,Power Generation,99,68.06999969482422,-6.41366530029468,62,49,C
NWFL,Norwood Financial Corp. Common Stock,Major Banks,20,33.65999984741211,-4.510638730745786,77,56,B
NWG,NatWest Group plc American Depositary Shares (each representing two (2) Ordinary Shares),Commercial Banks,13,18.139999389648438,-5.026183102868698,76,94,C
NWGL,CL Workshop Group Limited American Depositary Shares,Forest Products,85,1.434999942779541,-18.000003269740517,99,,A+
NWL,Newell Brands Inc. Common Stock,Plastic Products,29,5.590000152587891,-11.829652712135374,81,53,B+
NWN,Northwest Natural Holding Company Common Stock,Oil/Gas Transmission,50,46.970001220703125,-14.190253670724672,50,91,D
NWPX,NWPX Infrastructure Inc. Common Stock,Steel/Iron Ore,33,101.33999633789062,-32.41296872894716,80,95,E+
NWS,News Corporation Class B Common Stock,Newspapers/Magazines,23,31.559999465942383,-10.376713423184858,64,86,D
NWSA,News Corporation Class A Common Stock,Newspapers/Magazines,23,28.440000534057617,-8.510118449192694,67,86,D
NWTG,Newton Golf Company Inc. Common Stock,Recreational Games/Products/Toys,81,0.9629999995231628,-49.58115097632098,19,26,E-
NX,Quanex Building Products Corporation Common Stock,Metal Fabrications,58,19.280000686645508,-15.596167795430272,77,63,B+
NXAT,Nexus Advanced Technologies Inc. Ordinary Shares,Movies/Entertainment,3,1.1549999713897705,-98.72093030746882,2,,B-
NXB,NextBoat Inc. Common Stcok,Marine Transportation,5,2.0799999237060547,-45.26315921561541,32,26,A
NXDR,Nextdoor Holdings Inc. Class A Common Stock,Computer Software: Programming Data Processing,90,2.4200000762939453,-12.635375705508123,81,26,B+
NXDT,NexPoint Diversified Real Estate Trust Common Stock,Real Estate Investment Trusts,60,5.210000038146973,-9.342564113712248,84,26,B-
NXE,Nexgen Energy Ltd. Common Shares,Other Metals and Minerals,141,9.270000457763672,-33.40516949025971,43,7,D+
NXGL,NexGel Inc Common Stock,Medical/Dental Instruments,81,0.2619999945163727,-90.57553966860675,5,26,A+
NXH,Neighborhood Intelligence Inc. Common Stock,Catalog/Specialty Distribution,63,3.299999952316284,-72.74979318024405,10,17,E
NXL,Nexalin Technology Inc. Common Stock,Biotechnology: Electromedical & Electrotherapeutic Apparatus,58,4.355000019073486,-92.19534036089908,4,7,E-
NXPI,NXP Semiconductors N.V. Common Stock,Semiconductors,29,230.16000366210938,-30.26724830588947,44,71,D
NXPL,NextPlat Corp Common Stock,Telecommunications Equipment,94,9.050000190734863,-7.653061075540246,88,26,A-
NXRT,NexPoint Residential Trust Inc. Common Stock,Real Estate Investment Trusts,60,20.18000030517578,-32.125254928074845,22,26,E
NXST,Nexstar Media Group Inc. Common Stock,Broadcasting,68,161.52999877929688,-35.06897690256835,37,49,D-
NXT,Nextpower Inc. Common Stock,Semiconductors,29,79.97000122070312,-48.868283669095,26,79,E
NXTC,NextCure Inc. Common Stock,Biotechnology: Pharmaceutical Preparations,81,5.28000020980835,-62.99929894581232,94,7,A
NXTS,Nexentis Technologies Inc. Common Stock,Agricultural Chemicals,136,1.4600000381469727,-96.20779210870917,3,26,D-
NXTT,Next Technology Holding Inc. Ordinary Shares,EDP Services,116,5.675000190734863,-99.79840141418349,1,44,A+
NXXT,NextNRG Inc. Common Stock,Retail-Auto Dealers and Gas Stations,113,0.8769999742507935,-68.90070939674433,92,7,B
NYAX,Nayax Ltd. Ordinary Shares,Computer Software: Prepackaged Software,60,44.75,-40.97084627207301,26,49,E
NYC,American Strategic Investment Co. Class A Common Stock,Real Estate Investment Trusts,60,6.5,-42.88225013502704,22,17,C
NYT,New York Times Company (The) Common Stock,Newspapers/Magazines,23,63.04999923706055,-26.336681929533746,39,70,E-
NYXH,Nyxoah SA Ordinary Shares,Medical/Dental Instruments,81,1.2699999809265137,-80.52147262819405,9,17,A
O,Realty Income Corporation Common Stock,Real Estate Investment Trusts,60,55.40999984741211,-15.820242412497187,43,86,E+
OABI,OmniAb Inc. Common Stock,Biotechnology: Commercial Physical & Biological Resarch,7,4.789999961853027,-4.9603174978613325,98,7,A
OBA,Oxley Bridge Acquisition Limited Class A Ordinary Shares,Blank Checks,47,10.34000015258789,0.0,56,99,C
OBAI,Our Bond Inc. Common Stock,Telecommunications Equipment,94,0.23000000417232513,-99.3030302903869,3,26,A+
OBDC,Blue Owl Capital Corporation Common Stock,Diversified Financial Services,38,10.800000190734863,-11.9883222275588,50,38,C+
OBE,Obsidian Energy Ltd. Common Shares,Oil & Gas Production,13,11.25,-22.199170329727945,92,71,B
OBIO,Orchestra BioMed Holdings Inc. Ordinary Shares,Medicinal Chemicals and Botanical Products,123,5.949999809265137,-4.800003051757818,94,35,A
OBK,Origin Bancorp Inc. Common Stock,Major Banks,20,53.29999923706055,-3.016265279305508,83,82,C+
OBT,Orange County Bancorp Inc. Common Stock,Major Banks,20,37.380001068115234,-4.169309629695695,78,68,C
OC,Owens Corning Inc Common Stock New,Industrial Machinery/Components,103,120.72000122070312,-24.037249803912264,47,50,D+
OCC,Optical Cable Corporation Common Stock,Telecommunications Equipment,94,14.279999732971191,-46.9539387351402,92,57,C+
OCFC,OceanFirst Financial Corp. Common Stock,Major Banks,20,16.8700008392334,-15.824459745060027,40,80,D-
OCG,Oriental Culture Holding LTD Ordinary Shares,Other Consumer Services,124,1.5299999713897705,-99.97678271254094,10,,B
OCGN,Ocugen Inc. Common Stock,Biotechnology: Biological Products (No Diagnostic Substances),74,1.0,-59.677419664956524,15,17,E-
OCS,Oculis Holding AG Ordinary shares,Biotechnology: Pharmaceutical Preparations,81,9.40999984741211,-71.17917486174206,12,17,D
OCSL,Oaktree Specialty Lending Corporation Common Stock,Finance: Consumer Services,74,12.079999923706055,-6.4705650413929945,64,43,C+
OCTV,Octave Intelligence plc Class B Ordinary Shares,Computer Software: Prepackaged Software,60,19.049999237060547,-24.13381611306209,49,,B
OCUL,Ocular Therapeutix Inc. Common Stock,Biotechnology: Pharmaceutical Preparations,81,9.819999694824219,-39.044076208697795,43,7,B
ODC,Oil-Dri Corporation Of America Common Stock,Miscellaneous manufacturing industries,133,92.5999984741211,-12.799422536093651,86,43,C-
ODD,ODDITY Tech Ltd. Class A Ordinary Shares,Package Goods/Cosmetics,47,18.06999969482422,-70.99518472533966,44,51,A
ODFL,Old Dominion Freight Line Inc. Common Stock,Trucking Freight/Courier Services,39,174.92999267578125,-29.56149832899051,48,76,E+
ODTX,Odyssey Therapeutics Inc. Common Stock,Biotechnology: Biological Products (No Diagnostic Substances),74,19.93000030517578,-30.70236388537525,76,,A-
ODYS,Odysight.ai Inc. Common Stock,EDP Services,116,3.140000104904175,-56.986301056684184,20,26,D-
OEC,Orion S.A. Common Shares,Major Chemicals,71,6.019999980926514,-27.07993517115186,41,31,D+
OESX,Orion Energy Systems Inc. Common Stock,Building Products,105,29.25,-4.161207204178163,99,70,A
OFAL,OFA Group Class A Ordinary Shares,Military/Government/Technical,94,0.5090000033378601,-96.62913913590036,2,,A+
OFG,OFG Bancorp Common Stock,Major Banks,20,51.7400016784668,-4.096383787246949,75,92,C+
OFIX,Orthofix Medical Inc. Common Stock (DE),Medical/Dental Instruments,81,9.15999984741211,-43.561305571361984,25,33,C-
OFLX,Omega Flex Inc. Common Stock,Industrial Specialties,68,25.170000076293945,-31.515307991792007,28,45,D+
OFRM,Once Upon a Farm PBC Common Stock,Packaged Foods,113,16.5,-36.3425927799643,30,26,C+
OFS,OFS Capital Corporation Common Stock,Finance/Investors Services,40,3.5799999237060547,-46.927057932664454,49,47,C
OGC,OceanaGold Corporation Common Shares,,,28.0,-33.735199609201885,67,,B
OGE,OGE Energy Corp Common Stock,Electric Utilities: Central,87,44.279998779296875,-11.35135514922645,47,49,D
OGEN,Oragenics Inc. Common Stock,Biotechnology: Pharmaceutical Preparations,81,0.5,-64.78873133020865,18,7,D+
OGG,Osisko Gold Group Inc. Common Shares,Precious Metals,25,2.7300000190734863,-42.887031396533274,44,65,B+
OGI,Organigram Global Inc. Common Shares,Biotechnology: Pharmaceutical Preparations,81,1.100000023841858,-47.867294856339235,31,66,A
OGN,Organon & Co. Common Stock,Biotechnology: Pharmaceutical Preparations,81,13.720000267028809,-0.43540977579863416,92,49,C
OGS,ONE Gas Inc. Common Stock,Oil/Gas Transmission,50,71.94999694824219,-19.281462998073074,40,69,D-
OHI,Omega Healthcare Investors Inc. Common Stock,Real Estate Investment Trusts,60,46.33000183105469,-9.202009092110696,62,90,C-
OI,O-I Glass Inc. Common Stock,Containers/Packaging,93,5.860000133514404,-64.76247486927551,10,36,E
OIA,Invesco Municipal Income Opportunities Trust Common Stock,Finance Companies,64,5.489999771118164,-11.299765956812447,41,,E+
OII,Oceaneering International Inc. Common Stock,Oilfield Services/Equipment,35,46.66999816894531,-13.749773345932903,91,83,B
OIO,OIO Group Ordinary Shares,Environmental Services,81,1.6790000200271606,-87.04475297002217,7,,E+
OIS,Oil States International Inc. Common Stock,Oil and Gas Field Machinery,9,8.3100004196167,-42.25156204758046,63,87,B-
OKE,ONEOK Inc. Common Stock,Oil & Gas Production,13,91.18000030517578,-6.491643618478326,72,83,C
OKLO,Oklo Inc. Class A common stock,Electric Utilities: Central,87,38.290000915527344,-78.01194380973251,12,7,D
OKTA,Okta Inc. Class A Common Stock,Computer Software: Prepackaged Software,60,206.63999938964844,0.0,98,92,A
OKUR,OnKure Therapeutics Inc. Class A Common Stock,Biotechnology: Pharmaceutical Preparations,81,2.930000066757202,-44.40227557188564,31,7,D+
OKYO,OKYO Pharma Limited Ordinary Shares,Biotechnology: Biological Products (No Diagnostic Substances),74,1.3799999952316284,-55.6270083028698,25,,E+
OLB,The OLB Group Inc. Common Stock,Business Services,66,0.20970000326633453,-86.01999978224435,6,7,A+
OLED,Universal Display Corporation Common Stock,Electrical Products,12,73.44000244140625,-50.46141323848092,19,51,D
OLLI,Ollie's Bargain Outlet Holdings Inc. Common Stock,Department/Specialty Retail Stores,40,84.44000244140625,-37.30323208089198,42,80,B+
OLMA,Olema Pharmaceuticals Inc. Common Stock,Biotechnology: Pharmaceutical Preparations,81,9.039999961853027,-74.7697474187181,19,7,E+
OLN,Olin Corporation Common Stock,Major Chemicals,71,16.260000228881836,-45.0416304545224,20,34,E+
OLOX,Olenox Industries Inc. Common Stock,RETAIL: Building Materials,132,0.8289999961853027,-98.99087038248666,1,7,A+
OLP,One Liberty Properties Inc. Common Stock,Real Estate Investment Trusts,60,22.479999542236328,-11.635223780198467,58,90,D+
OM,Outset Medical Inc. Common Stock,Biotechnology: Electromedical & Electrotherapeutic Apparatus,58,3.130000114440918,-80.2024033436629,15,7,E+
OMAB,Grupo Aeroportuario del Centro Norte S.A.B. de C.V. ADS,Aerospace,120,101.05999755859375,-22.952829537881104,40,90,B-
OMC,Omnicom Group Inc. Common Stock,Advertising,124,74.69999694824219,-15.147156243424408,53,82,E+
OMCL,Omnicell Inc. Common Stock ($0.001 par value),Computer Manufacturing,87,33.029998779296875,-35.72679670832969,34,77,D-
OMDA,Omada Health Inc. Common Stock,Medical/Nursing Services,35,19.719999313354492,-26.36296188301315,72,63,B
OMER,Omeros Corporation Common Stock,Biotechnology: Pharmaceutical Preparations,81,20.1299991607666,-4.370546839138112,98,97,A
OMEX,Odyssey Marine Exploration Inc. Common Stock,Marine Transportation,5,0.7020000219345093,-82.96116404286627,13,35,D+
OMF,OneMain Holdings Inc. Common Stock,Finance: Consumer Services,74,56.66999816894531,-16.20648681833058,48,56,D-
OMH,Ohmyhome Limited Class A Ordinary Shares,Real Estate,74,2.430000066757202,-97.41489354600297,1,,A
OMSE,OMS Energy Technologies Inc. Ordinary Shares,Oil and Gas Field Machinery,9,4.210000038146973,-37.905606078646755,48,,E+
ON,ON Semiconductor Corporation Common Stock,Semiconductors,29,73.1500015258789,-45.38191180002452,57,83,D-
ONB,Old National Bancorp Common Stock,Major Banks,20,25.09000015258789,-7.545555530956117,64,88,C-
ONC,BeOne Medicines Ltd. American Depositary Shares,Biotechnology: Pharmaceutical Preparations,81,359.9700012207031,-4.636130008585216,80,95,B
ONCO,Onconetix Inc. Common Stock,Biotechnology: Pharmaceutical Preparations,81,0.9110000133514404,-99.55776698380998,6,26,A+
ONCY,Oncolytics Biotech Inc. Common Stock,Biotechnology: Pharmaceutical Preparations,81,0.6800000071525574,-52.11267410538253,17,7,E
ONDS,Ondas Inc. Common Stock,Radio And Television Broadcasting And Communications Equipment,71,7.599999904632568,-45.75303511441028,36,7,B
ONEG,OneConstruction Group Limited Ordinary Shares,Homebuilding,90,1.0099999904632568,-92.04724405014224,11,,D
ONEN,ONE Nuclear Energy Inc. Common Stock,,,2.5,-77.79751377280158,3,,E-
ONEW,OneWater Marine Inc. Class A Common Stock,Auto & Home Supply Stores,106,9.899999618530273,-41.62735758875132,32,33,C
ONFO,Onfolio Holdings Inc. Common Stock,EDP Services,116,0.8349999785423279,-98.88666669527689,1,26,A+
ONIT,Onity Group Inc. Common Stock,Finance: Consumer Services,74,31.010000228881836,-41.874412154062,25,45,D-
ONL,Orion Properties Inc. Common Stock,Real Estate Investment Trusts,60,2.5199999809265137,-15.43243357203201,59,53,B+
ONMD,OneMedNet Corp Class A Common Stock,Biotechnology: Commercial Physical & Biological Resarch,7,0.7049999833106995,-77.5477719822492,36,26,B+
ONON,On Holding AG Class A Ordinary Shares,Shoe Manufacturing,50,30.459999084472656,-39.83804376481604,23,90,A-
ONT,Onterris Inc. Common Stock,Professional Services,47,16.81999969482422,-43.80220673798141,23,84,C+
ONTO,Onto Innovation Inc. Common Stock,Industrial Machinery/Components,103,279.7300109863281,-26.085347611694175,87,81,B-
OOMA,Ooma Inc. Common Stock,EDP Services,116,21.920000076293945,-6.24464985833979,92,97,B
OPAD,Offerpad Solutions Inc. Class A Common Stock,Real Estate,74,3.359999895095825,-45.542952130496026,97,7,C-
OPAL,OPAL Fuels Inc. Class A Common Stock,Natural Gas Distribution,31,1.840000033378601,-33.812947758457966,29,71,D+
OPBK,OP Bancorp Common Stock,Major Banks,20,15.109999656677246,-5.658939432426324,64,91,C+
OPCH,Option Care Health Inc. Common Stock,Medical/Nursing Services,35,22.940000534057617,-37.30527346708649,36,84,C+
OPEN,Opendoor Technologies Inc Common Stock,Real Estate,74,2.5299999713897705,-72.99893273970075,9,7,E+
OPFI,OppFi Inc. Class A Common Stock,Finance: Consumer Services,74,6.239999771118164,-49.01960875977925,14,60,E-
OPHC,OptimumBank Holdings Inc. Common Stock,Major Banks,20,9.270000457763672,-8.21782071641145,96,47,A-
OPI,Office Properties Income Trust Common shares of beneficial interest,Real Estate,74,16.600000381469727,-50.96011483084493,16,,D+
OPK,OPKO Health Inc. Common Stock,Biotechnology: Pharmaceutical Preparations,81,1.6399999856948853,-5.202314010771003,77,7,A-
OPLN,OPENLANE Inc. Common Stock,Retail-Auto Dealers and Gas Stations,113,34.5,-19.580422440805055,64,77,C-
OPRA,Opera Limited American Depositary Shares,Computer Software: Prepackaged Software,60,17.700000762939453,-13.700631080371172,69,73,E+
OPRT,Oportun Financial Corporation Common Stock,Finance: Consumer Services,74,8.300000190734863,-2.122633976628685,91,45,A-
OPRX,OptimizeRx Corporation Common Stock,Business Services,66,7.889999866485596,-63.60701219823335,62,60,A-
OPTH,Optimi Health Corp. Common Shares,Biotechnology: Pharmaceutical Preparations,81,4.900000095367432,-19.40789215700115,46,26,B-
OPTT,Ocean Power Technologies Inc. Common Stock,Electric Utilities: Central,87,2.0899999141693115,-23.44322712207817,99,,E-
OPTU,Optimum Communications Inc. Class A common stock,Cable & Other Pay Television Services,103,1.0399999618530273,-61.33829220332265,13,7,C+
OPTX,Syntec Optics Holdings Inc. Class A Common Stock,Electronic Components,2,7.309999942779541,-48.192770229301566,98,,B
OPXS,Optex Systems Holdings Inc. Common Stock,Electronic Components,2,10.449999809265137,-39.66512705893444,25,58,D
OPY,Oppenheimer Holdings Inc. Class A Common Stock (DE),Investment Bankers/Brokers/Service,56,118.55999755859375,-4.954305283799232,87,90,C+
OR,OR Royalties Inc. Common Shares,Precious Metals,25,35.7400016784668,-24.85070648073159,60,98,B+
ORA,Ormat Technologies Inc. Common Stock,Electric Utilities: Central,87,92.54000091552734,-36.15344246210339,30,80,E+
ORBS,Eightco Holdings Inc. Common Stock,Finance Companies,64,1.0299999713897705,-92.19105379713865,28,38,A
ORC,Orchid Island Capital Inc. Common Stock,Real Estate Investment Trusts,60,5.769999980926514,-21.964731517084147,37,40,E+
ORCL,Oracle Corporation Common Stock,Computer Software: Prepackaged Software,60,139.5399932861328,-54.98851689242401,25,89,D-
ORGO,Organogenesis Holdings Inc. Class A Common Stock,Biotechnology: Pharmaceutical Preparations,81,1.4199999570846558,-78.28746230325181,8,7,E-
ORI,Old Republic International Corporation Common Stock,Property-Casualty Insurers,42,37.939998626708984,-14.279369598366143,44,76,D-
ORIC,Oric Pharmaceuticals Inc. Common Stock,Biotechnology: Pharmaceutical Preparations,81,13.180000305175781,-10.034125267110184,87,7,B+
ORIO,Orion Digital Corp. Common Shares,Finance: Consumer Services,74,1.024999976158142,-49.25742644373664,49,39,A
ORIQ,Origin Investment Corp I Ordinary Shares,,,10.4399995803833,0.0,56,99,C-
ORKA,Oruka Therapeutics Inc. Common Stock,Biotechnology: In Vitro & In Vivo Diagnostic Substances,110,85.48999786376953,-24.398658932200533,98,7,D-
ORKT,Orangekloud Technology Inc. Class A Ordinary Shares,Computer Software: Prepackaged Software,60,1.0449999570846558,-58.66297828363341,38,,D
ORLY,O'Reilly Automotive Inc. Common Stock,Auto & Home Supply Stores,106,86.23999786376953,-20.007420631932693,42,81,C-
ORMP,Oramed Pharmaceuticals Inc. Common Stock,Biotechnology: Pharmaceutical Preparations,81,4.789999961853027,-10.299628745671852,90,95,B-
ORN,Orion Group Holdings Inc. Common,Military/Government/Technical,94,8.520000457763672,-50.29171084504672,19,47,E
ORRF,Orrstown Financial Services Inc. Common Stock,Major Banks,20,41.77000045776367,-3.932840622069389,71,76,C
OSBC,Old Second Bancorp Inc. Common Stock,Major Banks,20,24.81999969482422,-4.2068705480782125,79,55,C+
OSCR,Oscar Health Inc. Class A Common Stock,Medical Specialities,10,28.8700008392334,-14.611062802144936,93,94,D-
OSG,Octave Specialty Group Inc. Common Stock,Property-Casualty Insurers,42,4.139999866485596,-58.92857244225587,14,65,E+
OSIS,OSI Systems Inc. Common Stock (DE),Semiconductors,29,201.3000030517578,-34.997414165367665,28,71,E+
OSK,Oshkosh Corporation (Holding Company)Common Stock,Auto Manufacturing,137,130.1699981689453,-26.25015355868414,40,59,E+
OSPN,OneSpan Inc. Common Stock,EDP Services,116,17.68000030517578,-1.832314933438195,88,72,B-
OSS,One Stop Systems Inc. Common Stock,Computer Manufacturing,87,9.3100004196167,-53.33333301464518,50,44,E
OSTX,OS Therapies Incorporated Common Stock,Biotechnology: Pharmaceutical Preparations,81,1.659999966621399,-25.892858948482534,44,26,C-
OSUR,OraSure Technologies Inc. Common Stock,Medical/Dental Instruments,81,3.930000066757202,-12.666665183173286,76,63,B+
OSW,OneSpaWorld Holdings Limited Common Shares,Hotels/Resorts,87,22.530000686645508,-21.293192861181698,42,93,D-
OTEX,Open Text Corporation Common Shares,EDP Services,116,22.65999984741211,-40.4635700391445,37,83,D+
OTF,Blue Owl Technology Finance Corp. Common Stock,,,10.270000457763672,-24.594018596201607,39,59,B-
OTIS,Otis Worldwide Corporation Common Stock,Consumer Electronics/Appliances,64,66.68000030517578,-27.910028841330124,30,57,D
OTLK,Outlook Therapeutics Inc. Common Stock,Biotechnology: Biological Products (No Diagnostic Substances),74,0.656000018119812,-73.44129512059492,52,26,E-
OTLY,Oatly Group AB American Depositary Shares,Packaged Foods,113,12.130000114440918,-32.83499184307441,73,17,A-
OTTR,Otter Tail Corporation Common Stock,Electric Utilities: Central,87,88.26000213623047,-5.798946595097709,58,70,C-
OUST,Ouster Inc. Common Stock,Industrial Machinery/Components,103,41.369998931884766,-33.82917685703971,90,7,B-
OUT,OUTFRONT Media Inc. Common Stock,Real Estate Investment Trusts,60,27.93000030517578,-16.453537100314307,69,93,D+
OVBC,Ohio Valley Banc Corp. Common Stock,Major Banks,20,44.209999084472656,-11.283098841145843,66,46,C
OVID,Ovid Therapeutics Inc. Common Stock,Biotechnology: Pharmaceutical Preparations,81,2.494999885559082,-15.709464412000184,85,17,B-
OVLY,Oak Valley Bancorp (CA) Common Stock,Major Banks,20,34.16999816894531,-2.0355587082219295,67,46,B-
OVV,Ovintiv Inc. (DE),Oil & Gas Production,13,60.5099983215332,-9.64611435182844,84,41,C+
OWL,Blue Owl Capital Inc. Class A Common Stock,Investment Managers,55,9.25,-43.771418341921056,35,90,D
OWLS,OBOOK Holdings Inc. Class A Common Shares,Computer Software: Prepackaged Software,60,5.449999809265137,-90.18901911050048,23,,B
OWLT,Owlet Inc. Class A Common Stock,Industrial Machinery/Components,103,5.070000171661377,-69.30992717207401,23,17,A-
OXBR,Oxbridge Re Holdings Limited Ordinary Shares,Property-Casualty Insurers,42,1.5,-26.829266590706112,88,63,A+
OXLC,Oxford Lane Capital Corp. Common Stock,Investment Managers,55,8.9399995803833,-28.456417860532788,44,,C+
OXM,Oxford Industries Inc. Common Stock,Garments and Clothing,90,26.06999969482422,-43.96475321585335,21,55,E-
OXSQ,Oxford Square Capital Corp. Common Stock,Blank Checks,47,1.2699999809265137,-26.90849988439592,43,32,D+
OXY,Occidental Petroleum Corporation Common Stock,Oil & Gas Production,13,58.04999923706055,-11.555351358828482,77,96,C+
OZK,Bank OZK Common Stock,Major Banks,20,46.599998474121094,-12.22452751895583,45,53,D
P,Everpure Inc. Class A common stock,Electronic Components,2,121.87999725341797,0.0,95,95,A
PAAI,Paradium.AI Inc. Common Stock,EDP Services,116,1.7599999904632568,-73.53383510942624,38,42,A-
PAAS,Pan American Silver Corp. Common Stock,Precious Metals,25,47.5099983215332,-30.193672599480426,59,81,C+
PAC,Grupo Aeroportuario Del Pacifico S.A. B. de C.V. Grupo Aeroportuario Del Pacifico S.A. de C.V. (each representing 10 Series B shares),Aerospace,120,211.41000366210938,-29.626177196184212,28,47,C+
PACB,Pacific Biosciences of California Inc. Common Stock,Biotechnology: Laboratory Analytical Instruments,4,1.5800000429153442,-40.823970121063056,59,17,A-
PACH,Pioneer Acquisition I Corp Class A Ordinary Shares,,,10.350000381469727,0.0,56,99,C
PACK,Ranpak Holdings Corp Class A Common Stock,Containers/Packaging,93,4.21999979019165,-44.76439968666056,24,17,E+
PACS,PACS Group Inc. Common Stock,Hospital/Nursing Management,25,41.459999084472656,-14.427247819186029,92,85,C
PAG,Penske Automotive Group Inc. Common Stock,Retail-Auto Dealers and Gas Stations,113,207.97000122070312,-6.3065660434013076,81,48,B
PAGS,PagSeguro Digital Ltd. Class A Common Shares,EDP Services,116,9.020000457763672,-20.72129190813947,51,86,C+
PAHC,Phibro Animal Health Corporation Class A Common Stock,Biotechnology: Pharmaceutical Preparations,81,33.93000030517578,-42.63131440076526,37,89,B-
PAL,Proficient Auto Logistics Inc. Common Stock,Transportation Services,110,3.7799999713897705,-64.13662253253736,10,17,E-
PALI,Palisade Bio Inc. Common Stock,Biotechnology: Biological Products (No Diagnostic Substances),74,1.5700000524520874,-43.928568600391806,74,26,E
PAM,Pampa Energia S.A.,Electric Utilities: Central,87,78.66999816894531,-14.739350784557615,51,86,D+
PAMT,PAMT CORP Common Stock,Trucking Freight/Courier Services,39,11.75,-33.08655832940586,51,26,D
PANL,Pangaea Logistics Solutions Ltd. Common Shares,Marine Transportation,5,8.149999618530273,-11.160596314605586,82,78,C+
PANW,Palo Alto Networks Inc. Common Stock,Computer peripheral equipment,42,389.9200134277344,-1.535350144511527,96,86,B
PAPL,Pineapple Financial Inc. Common Stock,Finance: Consumer Services,74,1.0099999904632568,-83.57723618209286,38,38,E-
PAR,PAR Technology Corporation Common Stock,Office Equipment/Supplies/Services,107,13.9399995803833,-66.18146732760937,18,17,E
PARA,Banzai International Inc. Class A Common Stock,Broadcasting,68,0.8190000057220459,-98.86996202484741,2,26,E-
PARK,Park Dental Partners Inc. Common Stock,Misc Health and Biotechnology Services,21,19.610000610351562,-14.924072627204431,87,32,A-
PARR,Par Pacific Holdings Inc.  Common Stock,Oil & Gas Production,13,76.7699966430664,-11.238295133285936,94,89,C
PASG,Passage Bio Inc. Common Stock,Biotechnology: Biological Products (No Diagnostic Substances),74,4.800000190734863,-75.8186393023159,26,26,D
PASW,Ping An Biomedical Co. Ltd. Class A Ordinary Shares,Apparel,121,0.12999999523162842,-89.60000038146973,11,,A+
PATH,UiPath Inc. Class A Common Stock,Computer Software: Prepackaged Software,60,12.600000381469727,-34.68118308212495,66,80,C-
PATK,Patrick Industries Inc. Common Stock,Auto Parts:O.E.M.,94,67.76000213623047,-52.840936907255376,16,50,E
PAVM,PAVmed Inc. Common Stock,Medical/Dental Instruments,81,3.880000114440918,-76.69669547545965,12,42,E-
PAVS,Paranovus Entertainment Technology Ltd. Class A Ordinary Shares,EDP Services,116,4.329999923706055,-99.99683479537741,3,,A+
PAX,Patria Investments Limited Class A Common Shares,Investment Managers,55,10.149999618530273,-39.97411955560624,29,40,D
PAY,Paymentus Holdings Inc. Class A Common Stock,Business Services,66,30.950000762939453,-30.60537708112698,79,99,D+
PAYC,Paycom Software Inc. Common Stock,Computer Software: Prepackaged Software,60,220.80999755859375,-8.194747365603616,93,82,A-
PAYO,Payoneer Global Inc. Common Stock,Business Services,66,7.130000114440918,-0.6963748620210541,74,60,C
PAYP,PayPay Corporation American Depository Shares,Business Services,66,16.56999969482422,-32.53257306539433,45,94,B+
PAYS,Paysign Inc. Common Stock,EDP Services,116,12.960000038146973,-8.345122181931242,97,90,B+
PAYX,Paychex Inc. Common Stock,Diversified Commercial Services,85,101.58999633789062,-20.22145495565557,51,73,E
PB,Prosperity Bancshares Inc. Common Stock,Major Banks,20,67.30000305175781,-9.807921966381738,49,56,D
PBA,Pembina Pipeline Corp. Ordinary Shares (Canada),Oil & Gas Production,13,45.439998626708984,-10.549597238170271,65,55,D+
PBAM,Private Bancorp of America Inc. Common Stock,Major Banks,20,86.25,-5.427628414342389,85,73,D
PBF,PBF Energy Inc. Class A Common Stock,Integrated oil Companies,1,71.9000015258789,-8.173692562500134,97,66,B
PBFS,Pioneer Bancorp Inc. Common Stock,Banks,19,17.3700008392334,-6.310679711531542,75,55,D
PBH,Prestige Consumer Healthcare Inc. Common Stock,Biotechnology: Pharmaceutical Preparations,81,45.650001525878906,-34.98076894865725,28,58,D-
PBHC,Pathfinder Bancorp Inc. Common Stock (MD),Major Banks,20,17.350000381469727,-5.139423111015818,76,63,B-
PBI,Pitney Bowes Inc. Common Stock,Office Equipment/Supplies/Services,107,16.360000610351562,-11.105040159140012,84,84,D+
PBK,PowerBank Corporation Common Stock,Power Generation,99,0.26100000739097595,-87.91666680464037,4,26,E
PBLS,Parabilis Medicines Inc. Common Stock,Biotechnology: Pharmaceutical Preparations,81,32.470001220703125,-22.19026700961463,68,,C+
PBM,Psyence Biomedical Ltd. Common Shares,Biotechnology: Pharmaceutical Preparations,81,5.860000133514404,-96.62126118427999,89,,A
PBR,Petroleo Brasileiro S.A. Petrobras ADS,Oil & Gas Production,13,20.84000015258789,-4.271935165918306,90,92,B+
PBT,Permian Basin Royalty Trust Common Stock,Oil & Gas Production,13,33.7400016784668,-6.5632758012343135,94,52,B
PBYI,Puma Biotechnology Inc Common Stock,Biotechnology: Pharmaceutical Preparations,81,9.819999694824219,0.0,93,48,B+
PCAR,PACCAR Inc. Common Stock,Auto Manufacturing,137,110.66999816894531,-19.714173753931064,49,72,D-
PCB,PCB Bancorp Common Stock,Major Banks,20,27.540000915527344,-9.34957029717478,75,85,C-
PCG,Pacific Gas & Electric Co. Common Stock,Power Generation,99,12.319999694824219,-35.158143695082366,22,78,E-
PCLA,PicoCELA Inc. American Depositary Shares,Building Products,105,7.199999809265137,-50.31055953764499,98,,A+
PCOR,Procore Technologies Inc. Common Stock,Computer Software: Prepackaged Software,60,49.5,-37.814069159695975,45,92,C
PCRX,Pacira BioSciences Inc. Common Stock,Biotechnology: Pharmaceutical Preparations,81,25.559999465942383,-7.45836825017342,57,58,C
PCSA,Processa Pharmaceuticals Inc. Common Stock,Biotechnology: Pharmaceutical Preparations,81,1.850000023841858,-84.55114851850382,19,26,E-
PCT,PureCycle Technologies Inc. Common stock,Major Chemicals,71,4.860000133514404,-67.87838667049482,12,7,E-
PCTTU,PureCycle Technologies Inc. Unit,Major Chemicals,71,5.420000076293945,-69.55056006401834,11,,E-
PCTY,Paylocity Holding Corporation Common Stock,Computer Software: Prepackaged Software,60,143.63999938964844,-13.029791593179773,77,86,B
PCVX,Vaxcyte Inc. Common Stock,Biotechnology: Biological Products (No Diagnostic Substances),74,56.900001525878906,-10.110581024201027,78,7,C
PCYO,Pure Cycle Corporation Common Stock,Water Supply,42,10.869999885559082,-8.961471795879827,52,78,C+
PD,PagerDuty Inc. Common Stock,Computer Software: Prepackaged Software,60,14.949999809265137,-10.102221505007103,93,95,A-
PDC,Perpetuals.com Ltd American Depositary Shares,EDP Services,116,3.5999999046325684,-56.75675691156145,34,,B
PDCC,Pearl Diver Credit Company Inc. Common Stock,,,8.670000076293945,-38.18061372534406,25,,E+
PDD,PDD Holdings Inc. American Depositary Shares,Business Services,66,78.19999694824219,-43.386668946702834,30,69,D
PDEX,Pro-Dex Inc. Common Stock,Medical/Dental Instruments,81,73.0199966430664,-0.5312723056629776,92,77,B+
PDFS,PDF Solutions Inc. Common Stock,Computer Software: Prepackaged Software,60,47.880001068115234,-32.36332751958892,82,96,D+
PDLB,Ponce Financial Group Inc. Common Stock,Savings Institutions,13,20.270000457763672,-2.360307156627406,75,87,C+
PDM,Piedmont Realty Trust Inc. Class A Common Stock,Building operators,57,9.1899995803833,-7.7309282611903285,67,7,B+
PDS,Precision Drilling Corporation Common Stock,Oil & Gas Production,13,83.2699966430664,-18.33072048767066,69,45,C-
PDSB,PDS Biotechnology Corporation Common Stock,Biotechnology: Pharmaceutical Preparations,81,0.800000011920929,-44.055941170296805,42,7,A+
PDYN,Palladyne AI Corp. Common Stock,Computer Software: Prepackaged Software,60,5.389999866485596,-47.669905177923674,34,7,D
PEB,Pebblebrook Hotel Trust Common Shares of Beneficial Interest,Real Estate Investment Trusts,60,18.600000381469727,-5.822782878634292,87,34,C-
PEBK,Peoples Bancorp of North Carolina Inc. Common Stock,Major Banks,20,43.2400016784668,-3.9964458269804437,73,7,C+
PEBO,Peoples Bancorp Inc. Common Stock,Major Banks,20,39.06999969482422,-6.540609526611374,78,81,C+
PECO,Phillips Edison & Company Inc. Common Stock,Real Estate Investment Trusts,60,37.119998931884766,-15.176047369266154,51,86,D
PED,Pedevco Corp. Common Stock,Oil & Gas Production,13,13.670000076293945,-24.807481590623816,71,97,B+
PEG,Public Service Enterprise Group Incorporated Common Stock,Power Generation,99,66.55999755859375,-21.45539430163592,28,62,E+
PEGA,Pegasystems Inc. Common Stock,EDP Services,116,34.22999954223633,-48.38831484984094,33,72,D+
PEN,Penumbra Inc. Common Stock,Medical/Dental Instruments,81,319.7200012207031,-11.040621410586338,60,87,C
PENG,Penguin Solutions Inc. Common Stock,Semiconductors,29,53.08000183105469,-34.78314015345029,96,77,D-
PENN,PENN Entertainment Inc. Common Stock,Hotels/Resorts,87,15.489999771118164,-29.78241094233659,33,68,E+
PEP,PepsiCo Inc. Common Stock,Beverages (Production/Distribution),110,128.14999389648438,-22.546192036138557,38,69,D-
PEPG,PepGen Inc. Common Stock,Biotechnology: Pharmaceutical Preparations,81,2.680000066757202,-62.62203572886919,69,7,A-
PERF,Perfect Corp. Class A Ordinary Share,Computer Software: Prepackaged Software,60,1.9199999570846558,-8.133969572540567,68,54,B+
PERI,Perion Network Ltd. Ordinary Shares,EDP Services,116,8.680000305175781,-21.518987560069192,40,46,E+
PESI,Perma-Fix Environmental Services Inc. Common Stock,Environmental Services,81,15.569999694824219,-19.86618913908783,88,26,B
PETS,PetMed Express Inc. Common Stock,Retail-Drug Stores and Proprietary Stores,121,1.559999942779541,-60.0000024453187,17,1,B+
PETZ,TDH Holdings Inc. Common Shares,Real Estate,74,1.3650000095367432,-19.705884044145584,71,,A+
PEW,GrabAGun Digital Holdings Inc. Common Stock,Other Specialty Stores,130,2.1600000858306885,-60.72727116671474,20,17,A-
PFAI,Pinnacle Food Group Limited Class A Common Shares,Farming/Seeds/Milling,116,3.0,-34.35448824262559,73,,D
PFE,Pfizer Inc. Common Stock,Biotechnology: Pharmaceutical Preparations,81,28.40999984741211,-2.1020006916932066,77,41,B
PFG,Principal Financial Group Inc Common Stock,Accident &Health Insurance,11,114.1500015258789,-3.6790148778662823,81,57,B
PFGC,Performance Food Group Company Common Stock,Food Distributors,74,90.31999969482422,-22.57179724529481,38,58,E+
PFIS,Peoples Financial Services Corp. Common Stock,Major Banks,20,69.30000305175781,-3.816793731465229,83,47,C
PFLT,PennantPark Floating Rate Capital Ltd. Common Stock,Finance: Consumer Services,74,7.0,-19.98884645021818,40,52,C-
PFS,Provident Financial Services Inc Common Stock,Savings Institutions,13,22.670000076293945,-9.455486263116564,64,50,D+
PFSA,Profusa Inc. Common Stock,Medical/Dental Instruments,81,3.0299999713897705,-99.89283819729833,2,26,A+
PFSI,PennyMac Financial Services Inc. Common Stock,Finance: Consumer Services,74,65.26000213623047,-58.63645292126072,16,41,E
PFX,PhenixFIN Corporation Common Stock,Finance: Consumer Services,74,46.86199951171875,-13.872450573168605,65,99,A-
PG,Procter & Gamble Company (The) Common Stock,Package Goods/Cosmetics,47,145.67999267578125,-11.559407577744718,53,66,C-
PGC,Peapack-Gladstone Financial Corporation Common Stock,Commercial Banks,13,44.81999969482422,-7.162191707607968,83,91,C-
PGEN,Precigen Inc. Common Stock,Biotechnology: Pharmaceutical Preparations,81,7.699999809265137,-2.4081122995644577,96,38,A-
PGNY,Progyny Inc. Common Stock,Misc Health and Biotechnology Services,21,25.969999313354492,-19.746604377235354,68,76,D+
PGR,Progressive Corporation (The) Common Stock,Property-Casualty Insurers,42,202.1699981689453,-13.779426026660847,42,77,D-
PGY,Pagaya Technologies Ltd. Class A Ordinary Shares,Finance: Consumer Services,74,18.719999313354492,-46.6970390583954,63,90,D+
PH,Parker-Hannifin Corporation Common Stock,Metal Fabrications,58,974.97998046875,-9.02589578107358,66,75,C+
PHAR,Pharming Group N.V. ADS each representing 10 ordinary shares,Biotechnology: Pharmaceutical Preparations,81,10.4399995803833,-50.7082179888729,18,54,A-
PHAT,Phathom Pharmaceuticals Inc. Common Stock,Biotechnology: Pharmaceutical Preparations,81,7.079999923706055,-60.84070822133726,13,7,E
PHG,Koninklijke Philips N.V. NY Registry Shares,Medical Electronics,99,24.549999237060547,-22.495849842487004,39,93,D
PHI,PLDT Inc. Sponsored ADR,Telecommunications Equipment,94,17.450000762939453,-23.04226791826932,42,60,C
PHIN,PHINIA Inc. Common Stock,Auto Parts:O.E.M.,94,59.939998626708984,-29.304873055794268,33,90,E+
PHIO,Phio Pharmaceuticals Corp. Common Stock,Biotechnology: Pharmaceutical Preparations,81,1.0199999809265137,-58.87096882734784,33,26,E-
PHM,PulteGroup Inc. Common Stock,Homebuilding,90,118.18000030517578,-16.566182189540722,41,58,D
PHOE,Phoenix Asia Holdings Limited Ordinary Shares,Engineering & Construction,71,18.829999923706055,-85.85486732693333,87,,A
PHR,Phreesia Inc. Common Stock,Business Services,66,10.0,-58.05369154364508,28,97,D+
PHUN,Phunware Inc. Common Stock,EDP Services,116,1.9600000381469727,-35.947709973921995,44,7,D+
PHVS,Pharvaris N.V. Ordinary Shares,Biotechnology: Pharmaceutical Preparations,81,32.9900016784668,-15.105503962141242,74,7,A-
PI,Impinj Inc. Common Stock,Industrial Machinery/Components,103,176.57000732421875,-27.010043135361627,82,36,B+
PICS,PicS N.V. Class A Common Shares,Finance: Consumer Services,74,8.850000381469727,-53.42105062384355,18,96,E
PII,Polaris Inc. Common Stock,Industrial Specialties,68,52.380001068115234,-29.132848771015606,29,69,E
PIII,P3 Health Partners Inc. Class A Common Stock,Medical/Nursing Services,35,7.050000190734863,-57.194896875202296,83,17,B+
PIM,Franklin Master Intermediate Income Trust Shares of Beneficial Interest,Finance Companies,64,3.0199999809265137,-4.992086547911512,47,,D
PINE,Alpine Income Property Trust Inc. Common Stock,Real Estate Investment Trusts,60,16.979999542236328,-20.58863749062374,52,63,D-
PINS,Pinterest Inc. Class A Common Stock,Computer Software: Programming Data Processing,90,18.719999313354492,-46.878551584198014,29,77,E
PIPR,Piper Sandler Companies Common Stock,Investment Bankers/Brokers/Service,56,71.08000183105469,-22.959262652690626,35,69,D
PJT,PJT Partners Inc. Class A Common Stock,Investment Managers,55,149.16000366210938,-21.711521088679454,43,81,D
PK,Park Hotels & Resorts Inc. Common Stock,Hotels/Resorts,87,15.210000038146973,-5.936920430534709,86,96,C+
PKBK,Parke Bancorp Inc. Common Stock,Major Banks,20,33.779998779296875,-3.84287574088249,82,70,C-
PKE,Park Aerospace Corp. Common Stock,Military/Government/Technical,94,29.65999984741211,-22.416949509392804,75,76,C
PKG,Packaging Corporation of America Common Stock,Containers/Packaging,93,238.11000061035156,-6.906302792874685,66,70,B-
PKOH,Park-Ohio Holdings Corp. Common Stock,Industrial Specialties,68,47.52000045776367,-9.502948054224635,96,76,B+
PKX,POSCO HOLDINGS INC. American Depositary Shares (Each representing 1/4th of a share of Common Stock),Steel/Iron Ore,33,56.060001373291016,-38.879196873977904,63,,C+
PL,Planet Labs PBC Class A Common Stock,Radio And Television Broadcasting And Communications Equipment,71,17.6200008392334,-65.71984374287992,28,17,E
PLAB,Photronics Inc. Common Stock,Semiconductors,29,29.809999465942383,-45.760553197745004,38,77,C
PLAG,Planet Green Holdings Corp. Common Stock,Packaged Foods,113,0.7099999785423279,-87.7796904382987,6,37,A+
PLAY,Dave & Buster's Entertainment Inc. Common Stock,Restaurants,94,6.619999885559082,-68.72933461643147,9,17,E-
PLBC,Plumas Bancorp,Finance Companies,64,62.290000915527344,-2.0135264833123667,82,67,B-
PLBL,Polibeli Group Ltd Class A Ordinary Shares,Consumer Electronics/Appliances,64,5.710000038146973,-51.40425499449385,15,,B-
PLBY,Playboy Inc. Common Stock,Other Specialty Stores,130,1.059999942779541,-60.885611518133366,17,35,C-
PLCE,Children's Place Inc. (The) Common Stock,Clothing/Shoe/Accessory Stores,116,2.2200000286102295,-75.790621481571,12,1,E
PLD,Prologis Inc. Common Stock,Real Estate Investment Trusts,60,133.82000732421875,-10.114311272838783,60,92,D+
PLG,Platinum Group Metals Ltd. Ordinary Shares (Canada),Precious Metals,25,1.3200000524520874,-62.06896421789321,24,38,D+
PLGO,Pelagos Insurance Capital Limited Common Shares,Property-Casualty Insurers,42,24.0,-7.068081987160191,77,95,D-
PLMR,Palomar Holdings Inc. Common stock,Property-Casualty Insurers,42,125.62999725341797,-13.230477855416446,58,74,C-
PLNT,Planet Fitness Inc. Common Stock,Hotels/Resorts,87,40.720001220703125,-63.63311531948609,11,90,E-
PLOW,Douglas Dynamics Inc. Common Stock,Construction/Ag Equipment/Trucks,31,39.72999954223633,-26.154301135155457,49,59,C-
PLPC,Preformed Line Products Company Common Stock,Water Sewer Pipeline Comm & Power Line Construction,107,429.82000732421875,-10.597579477450337,93,87,C+
PLRX,Pliant Therapeutics Inc. Common Stock,Biotechnology: Pharmaceutical Preparations,81,1.1399999856948853,-39.03743407550997,39,17,C+
PLRZ,Polyrizon Ltd. Ordinary Shares,Medical/Dental Instruments,81,10.510000228881836,-38.78858367978316,69,,E
PLSE,Pulse Biosciences Inc Common Stock (DE),Medical/Dental Instruments,81,51.83000183105469,-6.105070444396333,98,1,A-
PLSM,Pulsenmore Ltd. Ordinary Shares,Medical/Dental Instruments,81,2.569999933242798,-65.0815232795978,8,,A-
PLTK,Playtika Holding Corp. Common Stock,EDP Services,116,2.1700000762939453,-49.09244265262244,14,47,E
PLTR,Palantir Technologies Inc. Class A Common Stock,Computer Software: Prepackaged Software,60,192.58999633789062,-7.042184020501785,88,98,A-
PLUG,Plug Power Inc. Common Stock,Industrial Machinery/Components,103,1.9600000381469727,-52.65700238268855,27,26,D
PLUR,Pluri Inc. Common Stock,Biotechnology: Biological Products (No Diagnostic Substances),74,1.0499999523162842,-77.65957457601566,6,26,E
PLUS,ePlus inc. Common Stock,Retail: Computer Software & Peripheral Equipment,6,91.16000366210938,-5.774103398844321,73,46,C
PLUT,Plutus Financial Group Limited Ordinary Shares,Investment Bankers/Brokers/Service,56,2.2699999809265137,-42.531646746241336,19,,C-
PLX,Protalix BioTherapeutics Inc. (DE) Common Stock,Biotechnology: Biological Products (No Diagnostic Substances),74,2.75,-12.698415341500924,87,65,B+
PLXS,Plexus Corp. Common Stock,Electrical Products,12,261.6099853515625,-13.893101492691429,85,83,C+
PLYX,Polaryx Therapeutics Inc. Common Stock,Biotechnology: Pharmaceutical Preparations,81,2.140000104904175,-93.88571398598808,8,26,D+
PM,Philip Morris International Inc Common Stock,Medicinal Chemicals and Botanical Products,123,191.5,-4.331317504248444,73,49,B-
PMA,PMA Graphene Technology Group Inc. Class A Ordinary Shares,Engineering & Construction,71,1.2699999809265137,-57.23905829318148,51,,A
PMAX,Powell Max Limited Class A Ordinary Shares,Other Consumer Services,124,1.649999976158142,-95.60000006357828,7,,A+
PMCB,PharmaCyte  Biotech Inc. Common Stock,Biotechnology: Biological Products (No Diagnostic Substances),74,0.4564000070095062,-62.590164237174896,11,26,A+
PMEC,Primech Holdings Ltd. Ordinary Shares,Diversified Commercial Services,85,0.6119999885559082,-72.43243330320882,18,,A+
PMI,Picard Medical Inc. Common Stock,Medical/Dental Instruments,81,4.869999885559082,-99.26212122946075,4,26,A+
PMM,Franklin Managed Municipal Income Trust Shares of Beneficial Interest,Investment Managers,55,5.570000171661377,-14.23253335299136,40,,E+
PMN,ProMIS Neurosciences Inc. Common Shares (ON),Biotechnology: Pharmaceutical Preparations,81,11.569999694824219,-53.32795777519601,68,26,A
PMO,Franklin Municipal Opportunities Trust Shares of Beneficial Interest,Finance Companies,64,9.289999961853027,-12.55881985966355,38,,D-
PMT,PennyMac Mortgage Investment Trust Common Shares of Beneficial Interest,Real Estate Investment Trusts,60,8.449999809265137,-34.18323846859748,25,74,E+
PMTS,CPI Card Group Inc. Common Stock,Publishing,37,24.299999237060547,-20.32787135389985,91,86,E-
PMVP,PMV Pharmaceuticals Inc. Common Stock,Biotechnology: Pharmaceutical Preparations,81,1.3350000381469727,-25.833329249311266,63,26,A
PN,PN Smart Energy Limited Class A Ordinary Shares,Retail: Computer Software & Peripheral Equipment,6,2.799999952316284,-88.1706804254701,7,,A
PNBK,Patriot National Bancorp Inc. Common Stock,Major Banks,20,0.9300000071525574,-51.56249854480844,19,26,E+
PNC,PNC Financial Services Group Inc. (The) Common Stock,Major Banks,20,223.33999633789062,-13.087132631457942,57,87,D-
PNFP,Pinnacle Financial Partners Inc. Common stock,Major Banks,20,93.87999725341797,-13.488836861273867,51,89,C-
PNNT,PennantPark Investment Corporation Common Stock,Finance: Consumer Services,74,3.319999933242798,-39.07028011215022,31,56,D
PNR,Pentair plc. Ordinary Share,Industrial Machinery/Components,103,53.029998779296875,-52.225718877443086,12,50,E
PNRG,PrimeEnergy Resources Corporation Common Stock,Oil & Gas Production,13,210.85000610351562,-22.649396919850574,74,52,B
PNTG,The Pennant Group Inc. Common Stock,Medical/Nursing Services,35,39.630001068115234,-6.709036028325388,84,92,C+
PNW,Pinnacle West Capital Corporation Common Stock,Electric Utilities: Central,87,91.08000183105469,-15.965835131378103,45,55,D-
POAS,Phaos Technology Holdings (Cayman) Limited Class A Ordinary Shares,Industrial Machinery/Components,103,0.1679999977350235,-97.45454545208246,4,,D
POCI,Precision Optics Corporation Inc. Common stock,Biotechnology: Electromedical & Electrotherapeutic Apparatus,58,4.78000020980835,-19.79865471117509,57,26,B+
PODC,PodcastOne Inc. Common Stock,Computer Software: Programming Data Processing,90,2.25,-54.81927728147669,34,17,E
PODD,Insulet Corporation Common Stock,Medical/Dental Instruments,81,135.77999877929688,-60.79801232192645,15,97,D
POET,POET Technologies Inc. Common Shares,Semiconductors,29,7.75,-62.323771925237125,56,7,C+
POLA,Polar Power Inc. Common Stock,Industrial Machinery/Components,103,1.2999999523162842,-75.33206912673019,17,26,A
POM,POMDOCTOR LIMITED American Depositary Shares,Other Specialty Stores,130,0.9700000286102295,-99.11512497326545,5,,A
PONO,Pono Capital Four Inc. Class A Ordinary Shares,Blank Checks,47,10.020000457763672,-0.39761391833571524,54,,B-
PONY,Pony AI Inc. American Depositary Shares,EDP Services,116,7.090000152587891,-70.53200203672493,17,17,D+
POOL,Pool Corporation Common Stock,Industrial Specialties,68,161.7100067138672,-46.874071045535146,19,45,E+
POR,Portland General Electric Co Common Stock,Electric Utilities: Central,87,46.59000015258789,-13.153471243940961,47,49,D
POST,Post Holdings Inc. Common Stock,Packaged Foods,113,74.13999938964844,-35.3110557588182,24,40,E
POWI,Power Integrations Inc. Common Stock,Semiconductors,29,50.779998779296875,-41.62239194284958,45,50,D-
POWL,Powell Industries Inc. Common Stock,Electrical Products,12,191.6199951171875,-40.45311555948003,76,89,D-
POWW,Outdoor Holding Company Common Stock,Ordnance And Accessories,18,2.3299999237060547,-8.984375945874511,80,63,B+
PPBT,Purple Biotech Ltd. American Depositary Shares,Biotechnology: Pharmaceutical Preparations,81,1.4800000190734863,-86.03773617158795,10,63,A+
PPC,Pilgrim's Pride Corporation Common Stock,Meat/Poultry/Fish,124,27.260000228881836,-37.70566436363899,29,49,C+
PPCB,Propanc Biopharma Inc. Common Stock,Biotechnology: Pharmaceutical Preparations,81,0.6018000245094299,-98.78424237472842,3,26,A+
PPG,PPG Industries Inc. Common Stock,Paints/Coatings,68,106.31999969482422,-17.6819690960087,46,61,D-
PPHC,Public Policy Holding Company Inc. Common Stock,,,11.4399995803833,-21.697468520097818,80,26,A
PPIH,Perma-Pipe International Holdings Inc. Common Stock,Pollution Control Equipment,54,31.239999771118164,-11.476341851346362,70,94,B+
PPL,PPL Corporation Common Stock,Electric Utilities: Central,87,31.969999313354492,-18.374885888376944,35,71,D+
PPLI,People Incorporated Common Stock,Computer Software: Programming Data Processing,90,35.93000030517578,-24.548506696588245,37,54,D+
PPSI,Pioneer Power Solutions Inc. Common Stock,Industrial Machinery/Components,103,3.2699999809265137,-46.21710490198016,31,26,A-
PPT,Franklin Premier Income Trust Shares of Beneficial Interest,Finance Companies,64,3.25,-6.110777326857175,47,,C-
PPTA,Perpetua Resources Corp. Common Shares,Precious Metals,25,23.420000076293945,-37.07684226709029,59,26,B
PR,Permian Resources Corporation Class A Common Stock,Oil & Gas Production,13,21.850000381469727,-10.19317529803988,86,78,D+
PRAA,PRA Group Inc. Common Stock,Finance Companies,64,20.239999771118164,-8.95186600133403,73,47,B+
PRAX,Praxis Precision Medicines Inc. Common Stock,Biotechnology: Pharmaceutical Preparations,81,281.7900085449219,-27.05976280921928,97,7,D-
PRCH,Porch Group Inc. Common Stock,Computer Software: Prepackaged Software,60,16.469999313354492,-8.803987816202985,91,34,B
PRCT,PROCEPT BioRobotics Corporation Common Stock,Medical/Dental Instruments,81,17.5,-53.51925819187207,15,17,D
PRDO,Perdoceo Education Corporation Common Stock,Other Consumer Services,124,31.68000030517578,-15.702102676144348,44,81,D
PRE,Prenetics Global Limited Class A Ordinary Share,Blank Checks,47,22.93000030517578,-12.647617885044637,85,26,A-
PRFX,PRF Technologies Ltd. Ordinary Shares,Biotechnology: Pharmaceutical Preparations,81,0.9819999933242798,-86.81879169845048,7,,A+
PRG,PROG Holdings Inc. Common Stock,Diversified Commercial Services,85,32.540000915527344,-31.309872688990602,41,75,E
PRGO,Perrigo Company plc Ordinary Shares,Biotechnology: Pharmaceutical Preparations,81,14.680000305175781,-30.17856540231374,86,48,A-
PRGS,Progress Software Corporation Common Stock (DE),Computer Software: Prepackaged Software,60,40.22999954223633,-14.16684348403382,79,89,B
PRHI,Presurance Holdings Inc. Common Stock,Property-Casualty Insurers,42,7.71999979019165,-40.06211396274703,91,33,A+
PRI,Primerica Inc. Common Stock,Life Insurance,17,274.4599914550781,-15.575442197254564,55,73,D-
PRIM,Primoris Services Corporation Common Stock,Water Sewer Pipeline Comm & Power Line Construction,107,72.25,-64.36551786835629,13,36,D+
PRK,Park National Corporation Common Stock,Major Banks,20,180.25,-14.736426204692965,65,83,C+
PRKS,United Parks & Resorts Inc. Common Stock,Services-Misc. Amusement & Recreation,99,32.66999816894531,-40.82593966545913,26,45,E
PRLB,Proto Labs Inc. Common stock,Metal Fabrications,58,92.97000122070312,0.0,91,86,A-
PRLD,Prelude Therapeutics Incorporated Common Stock,Biotechnology: Pharmaceutical Preparations,81,3.990000009536743,-39.819005419833175,95,7,B
PRM,Perimeter Solutions SA Common Stock,Major Chemicals,71,28.059999465942383,-25.727897372725618,54,70,E
PRMB,Primo Brands Corporation Class A Common Stock,Beverages (Production/Distribution),110,19.329999923706055,-23.470449111880008,42,97,E+
PRME,Prime Medicine Inc. Common Stock,Biotechnology: Biological Products (No Diagnostic Substances),74,3.069999933242798,-53.97301502058478,29,26,C-
PROF,Profound Medical Corp. Common Stock,Medical/Dental Instruments,81,5.599999904632568,-35.26011385438572,39,17,C
PROK,ProKidney Corp. Class A Ordinary Shares,Biotechnology: Biological Products (No Diagnostic Substances),74,1.6799999475479126,-49.09090994474975,29,7,A-
PROP,Prairie Operating Co. Common Stock,Oil & Gas Production,13,0.4180000126361847,-83.27999949455261,6,34,E-
PROV,Provident Financial Holdings Inc. Common Stock,Savings Institutions,13,18.3700008392334,-1.8172007582909044,72,67,B-
PRPL,Purple Innovation Inc. Common Stock,Home Furnishings,33,2.5399999618530273,-89.63265321692641,2,17,E
PRPO,Precipio Inc.  Common Stock,Biotechnology: Laboratory Analytical Instruments,4,24.469999313354492,-24.40531318877708,67,26,D+
PRQR,ProQR Therapeutics N.V. Ordinary Shares,Biotechnology: Pharmaceutical Preparations,81,1.7100000381469727,-43.934424102258276,47,,D-
PRSO,Peraso Inc. Common Stock,Semiconductors,29,0.5,-78.4482752419255,10,17,E
PRSU,Pursuit Attractions and Hospitality Inc. Common Stock,Services-Misc. Amusement & Recreation,99,48.439998626708984,-13.453640217554286,75,54,D+
PRTA,Prothena Corporation plc Ordinary Shares,Biotechnology: Pharmaceutical Preparations,81,8.319999694824219,-27.715034497158452,37,17,B-
PRTH,Priority Technology Holdings Inc. Common Stock,Business Services,66,7.789999961853027,-0.1282080594525392,83,64,A+
PRTS,CarParts.com Inc. Common Stock,Auto & Home Supply Stores,106,8.619999885559082,-13.80000114440918,89,26,A-
PRU,Prudential Financial Inc. Common Stock,Life Insurance,17,118.75,-4.003106478421115,74,95,C
PRVA,Privia Health Group Inc. Common Stock,Medical/Nursing Services,35,19.389999389648438,-30.996444389961695,29,98,E+
PRZO,ParaZero Technologies Ltd. Ordinary Shares,Military/Government/Technical,94,0.5820000171661377,-69.04255219987745,22,,A+
PS,Pershing Square Inc. Common Stock,Investment Managers,55,52.279998779296875,0.0,97,,A+
PSA,Public Storage Common Stock,Real Estate Investment Trusts,60,284.55999755859375,-13.008876125515512,53,60,D-
PSBD,Palmer Square Capital BDC Inc. Common Stock,,,10.300000190734863,-11.380348820808306,47,34,C+
PSEC,Prospect Capital Corporation Common Stock,Finance: Consumer Services,74,2.180000066757202,-20.054651048517425,51,59,C-
PSFE,Paysafe Limited Common Shares,Business Services,66,6.380000114440918,-51.92162852784025,28,17,D-
PSHG,Performance Shipping Inc. Common Shares,Marine Transportation,5,1.7599999904632568,-30.98039124022075,41,37,A-
PSIG,PS International Group Ltd. Ordinary Shares,Integrated Freight & Logistics,138,4.599999904632568,-61.181436653573826,25,,A
PSIX,Power Solutions International Inc. Common Stock,Industrial Machinery/Components,103,46.540000915527344,-58.022909928211305,30,52,A-
PSKY,Paramount Skydance Corporation Class B Common Stock,Broadcasting,68,10.180000305175781,-46.82652956921062,38,34,E
PSMT,PriceSmart Inc. Common Stock,Department/Specialty Retail Stores,40,173.17999267578125,-12.149933765238362,75,73,D+
PSN,Parsons Corporation Common Stock,EDP Services,116,42.439998626708984,-52.46948349025187,22,39,E+
PSNL,Personalis Inc. Common Stock,Medical Specialities,10,16.56999969482422,-9.847658044544172,96,7,A-
PSNY,Polestar Automotive Holding UK PLC Class A ADS,Auto Manufacturing,137,6.96999979019165,-76.46065637784905,6,,E-
PSNYW,Polestar Automotive Holding UK PLC Class C-1 ADS (ADW),Auto Manufacturing,137,4.199999809265137,-54.838712654550356,76,,A+
PSO,Pearson Plc Common Stock,Books,7,16.020000457763672,-8.564719483857486,73,,D+
PSQH,PSQ Holdings Inc. Class A Common Stock,Advertising,124,5.309999942779541,-87.4911664373505,12,17,A+
PSQL,Pasqal Holding SA Ordinary Share,EDP Services,116,7.340000152587891,-61.59079059049356,19,,E-
PSTL,Postal Realty Trust Inc. Class A Common Stock,Real Estate Investment Trusts,60,23.450000762939453,-5.121209640034796,83,92,C-
PSUS,Pershing Square USA Ltd. Common Shares,,,37.709999084472656,-12.261518180298857,45,,B-
PSX,Phillips 66 Common Stock,Integrated oil Companies,1,255.8699951171875,-6.688303456985856,95,95,B
PTC,PTC Inc. Common Stock,Computer Software: Prepackaged Software,60,137.41000366210938,-33.25399187779093,46,79,C+
PTCT,PTC Therapeutics Inc. Common Stock,Biotechnology: Pharmaceutical Preparations,81,62.279998779296875,-30.452265039789573,30,35,E+
PTEN,Patterson-UTI Energy Inc. Common Stock,Oil & Gas Production,13,11.180000305175781,-14.980983806101978,91,1,C+
PTGX,Protagonist Therapeutics Inc. Common Stock,Biotechnology: Pharmaceutical Preparations,81,137.33999633789062,-13.415710146489001,90,97,C-
PTHS,Pelthos Therapeutics Inc. Common Stock,Biotechnology: Biological Products (No Diagnostic Substances),74,22.399999618530273,-40.13896121160173,26,17,E+
PTLE,PTL LTD Class A Ordinary Shares,Oil Refining/Marketing,107,7.079999923706055,-68.61702087185618,36,,A-
PTLO,Portillo's Inc. Class A Common Stock,Restaurants,94,3.609999895095825,-46.51852007265445,20,71,E+
PTN,Palatin Technologies Inc. Common Stock,Biotechnology: Pharmaceutical Preparations,81,9.829999923706055,-64.89285741533553,26,26,A
PTON,Peloton Interactive Inc. Class A Common Stock,Recreational Games/Products/Toys,81,4.789999961853027,-46.777778201633026,30,87,E+
PTRN,Pattern Group Inc. Series A Common Stock,Catalog/Specialty Distribution,63,17.940000534057617,-38.979589228462544,75,49,D-
PUBM,PubMatic Inc. Class A Common Stock,Computer Software: Programming Data Processing,90,18.549999237060547,0.0,97,40,A
PUK,Prudential Public Limited Company Common Stock,Life Insurance,17,25.299999237060547,-23.21732844529354,37,,D-
PULM,Pulmatrix Inc. Common Stock,Biotechnology: Pharmaceutical Preparations,81,1.6699999570846558,-66.99604790573778,23,26,A+
PUMP,ProPetro Holding Corp. Common Stock,Oilfield Services/Equipment,35,9.529999732971191,-47.63736629958242,46,33,E
PURR,Hyperliquid Strategies Inc Common Stock,Finance: Consumer Services,74,14.09000015258789,0.0,99,,A
PUSA,Aureus Greenway Holdings Inc. Common Stock,Hotels/Resorts,87,3.759999990463257,-51.887396507575126,67,26,B+
PVH,PVH Corp. Common Stock,Garments and Clothing,90,75.79000091552734,-23.227208719160398,59,32,C+
PVLA,Palvella Therapeutics Inc. Common Stock,Biotechnology: Pharmaceutical Preparations,81,146.07000732421875,-7.626634532472954,91,26,C+
PW,Power REIT (MD) Common Stock,Real Estate Investment Trusts,60,6.739999771118164,-47.83281941704517,19,36,E+
PWCM,PowerCompute Inc. Common Stock,Finance: Consumer Services,74,1.0800000429153442,-96.9361700910203,2,26,D-
PWP,Perella Weinberg Partners Class A Common Stock,Finance: Consumer Services,74,13.8100004196167,-42.60643474767549,25,92,D-
PWR,Quanta Services Inc. Common Stock,Engineering & Construction,71,643.5,-18.03801279085704,79,94,C
PWRL,Powerlaw Corp. Common Stock,,,11.050000190734863,-61.6984400532894,11,,C-
PXED,Phoenix Education Partners Inc. Common Stock,Other Consumer Services,124,25.780000686645508,-30.956258837897398,26,38,D+
PXLW,Pixelworks Inc.  Common Stock,Computer Software: Prepackaged Software,60,7.159999847412109,-52.98752421130568,71,37,A-
PXS,Pyxis Tankers Inc. Common Stock,Marine Transportation,5,6.610000133514404,-10.19021720644826,96,76,A
PYPD,PolyPid Ltd. Ordinary Shares,Medical/Dental Instruments,81,5.360000133514404,-3.9426486236496916,85,7,C
PYPL,PayPal Holdings Inc. Common Stock,Diversified Commercial Services,85,52.599998474121094,-30.137147045957224,63,69,B-
PYT,PPlus Tr GSC-2 Tr Ctf Fltg Rate,Finance: Consumer Services,74,23.770000457763672,-0.5439295516381892,60,,B
PYXS,Pyxis Oncology Inc. Common Stock,Biotechnology: Pharmaceutical Preparations,81,2.9200000762939453,-45.318352193700896,95,7,E
PZG,Paramount Gold Nevada Corp. Common Stock,Metal Mining,52,1.3200000524520874,-50.56179720098382,65,26,C+
PZZA,Papa John's International Inc. Common Stock,Restaurants,94,20.219999313354492,-62.028708896951336,11,41,E-
Q,Qnity Electronics Inc. Common Stock,Semiconductors,29,122.30999755859375,-30.3168906152662,61,43,C-
QBTS,D-Wave Quantum Inc. Common Stock,EDP Services,116,17.479999542236328,-60.964716349394244,23,7,C+
QCLS,Q/C Technologies Inc. Common Stock,Biotechnology: In Vitro & In Vivo Diagnostic Substances,110,1.0199999809265137,-85.26011604507406,4,26,A+
QCOM,QUALCOMM Incorporated Common Stock,Radio And Television Broadcasting And Communications Equipment,71,194.25999450683594,-21.903177659552085,72,61,C-
QCRH,QCR Holdings Inc. Common Stock,Major Banks,20,100.41999816894531,-5.648245246247885,73,70,C
QDEL,QuidelOrtho Corporation Common Stock,Biotechnology: In Vitro & In Vivo Diagnostic Substances,110,10.6899995803833,-69.78519147073395,12,17,E
QFIN,Qfin Holdings Inc. American Depositary Shares,Finance: Consumer Services,74,7.480000019073486,-73.17453704618912,9,47,E-
QGEN,Qiagen N.V. Common Shares,Biotechnology: Biological Products (No Diagnostic Substances),74,44.560001373291016,-19.2203349650897,64,62,B
QH,Quhuo Limited Class A Ordinary Shares,Business Services,66,3.940000057220459,-65.16357284667556,99,,A-
QLYS,Qualys Inc. Common Stock,Computer Software: Prepackaged Software,60,182.94000244140625,-6.606086440087521,93,71,B+
QMCO,Quantum Corporation Common Stock,Electronic Components,2,29.489999771118164,0.0,99,26,A
QNBC,QNB Corp. Common Stock,Major Banks,20,45.790000915527344,0.0,78,46,B
QNC,Quantum eMotion Corp. Common Shares,,,1.8899999856948853,-50.13192599688534,13,26,A-
QNCX,Quince Therapeutics Inc. Common Stock,Biotechnology: Biological Products (No Diagnostic Substances),74,30.0,-96.5909090909091,41,37,A-
QNME,Quanome Technologies Inc. Common Stock,Integrated Freight & Logistics,138,0.8050000071525574,-44.8630146493516,80,38,A+
QNRX,Quoin Pharmaceuticals Ltd. American Depositary Shares,Biotechnology: Pharmaceutical Preparations,81,6.380000114440918,-71.39013303714404,55,17,A+
QNST,QuinStreet Inc. Common Stock,Business Services,66,14.399999618530273,-34.60490772399956,59,98,E-
QNT,Quantinuum Inc. Class A Common Stock,EDP Services,116,49.38999938964844,-40.61560601537914,23,,E
QNTM,Quantum Biopharma Ltd. Class B Subordinate Voting Shares,Biotechnology: Pharmaceutical Preparations,81,4.0,-78.31978409434646,18,26,A-
QRHC,Quest Resource Holding Corporation Common Stock,Environmental Services,81,1.3700000047683716,-43.15352879764921,43,17,B+
QRVO,Qorvo Inc. Common Stock,Semiconductors,29,116.33999633789062,-2.7176186131968927,85,95,A-
QS,QuantumScape Corporation Class A Common Stock,Industrial Machinery/Components,103,4.940000057220459,-73.21041261307685,12,17,E+
QSI,Quantum-Si Incorporated Class A Common Stock,Industrial Machinery/Components,103,0.7850000262260437,-70.15209155635654,23,17,B-
QSR,Restaurant Brands International Inc. Common Shares,Restaurants,94,70.91000366210938,-12.290641605077646,57,80,D-
QTEX,QTREX Quantum Ltd. Ordinary Shares,Medical/Dental Instruments,81,0.7599999904632568,-75.32467502308326,20,,B+
QTI,QT Imaging Holdings Inc. Common Stock,Biotechnology: Electromedical & Electrotherapeutic Apparatus,58,2.5299999713897705,-93.51282058618008,8,17,E
QTRX,Quanterix Corporation Common Stock,Biotechnology: Laboratory Analytical Instruments,4,3.180000066757202,-60.545906932987116,18,35,B+
QTTB,Q32 Bio Inc. Common Stock,Biotechnology: Pharmaceutical Preparations,81,9.220000267028809,-56.87558171682259,98,39,C-
QTWO,Q2 Holdings Inc. Common Stock,Computer Software: Prepackaged Software,60,56.45000076293945,-25.221880566469167,61,97,B
QUAD,Quad Graphics Inc Class A Common Stock,Publishing,37,9.260000228881836,-13.787047085870896,87,98,B-
QUBT,Quantum Computing Inc. Common Stock,Computer Software: Prepackaged Software,60,9.15999984741211,-62.79447792375734,35,17,B
QUCY,Quantum Cyber N.V. Ordinary Shares,Biotechnology: Pharmaceutical Preparations,81,1.3300000429153442,-62.64044763222889,85,,A
QUIK,QuickLogic Corporation Common Stock,Semiconductors,29,10.989999771118164,-53.70682444366119,74,7,E+
QURE,uniQure N.V. Ordinary Shares,Biotechnology: Pharmaceutical Preparations,81,38.31999969482422,-45.714688082148015,94,26,E
QXL,Quantum X Labs Inc. Common Stock,Computer Software: Prepackaged Software,60,5.164999961853027,-24.598539653117324,98,38,A
QXO,QXO Inc. Common Stock,RETAIL: Building Materials,132,12.260000228881836,-54.71000972628032,14,34,D
R,Ryder System Inc. Common Stock,Rental/Leasing Companies,22,236.25,-15.385119010990122,66,76,D+
RACC,Research Alliance Corporation III Class A Ordinary Shares,Blank Checks,47,11.0600004196167,-62.252557311922075,62,,E-
RACE,Ferrari N.V. Common Shares,Auto Manufacturing,137,411.82000732421875,-17.361410840218593,70,66,B-
RADX,Radiopharm Theranostics Limited American Depositary Shares,Biotechnology: Pharmaceutical Preparations,81,1.5720000267028809,-85.21166500678294,5,,E-
RAIL,FreightCar America Inc. Common Stock,Railroads,25,7.420000076293945,-49.86486499548133,26,42,C
RAIN,Rain Enhancement Technologies Holdco Inc. Class A Common Stock,Industrial Machinery/Components,103,1.0099999904632568,-87.57687606093334,5,26,A+
RAL,Ralliant Corporation Common Stock,Industrial Machinery/Components,103,69.97000122070312,-4.895861105416266,85,38,B
RAMP,LiveRamp Holdings Inc. Common Stock,EDP Services,116,37.47999954223633,-1.3943667526989167,79,97,C
RAND,Rand Capital Corporation Common Stock,Finance: Consumer Services,74,9.8100004196167,-35.20802749113881,36,63,A-
RANI,Rani Therapeutics Holdings Inc. Class A Common Stock,Biotechnology: Pharmaceutical Preparations,81,0.7490000128746033,-73.71929691446194,43,17,B-
RAPP,Rapport Therapeutics Inc. Common Stock,Biotechnology: Pharmaceutical Preparations,81,33.83000183105469,-35.56190127418155,60,7,E
RARE,Ultragenyx Pharmaceutical Inc. Common Stock,Biotechnology: Pharmaceutical Preparations,81,14.770000457763672,-59.57854382130764,10,17,E+
RAVE,Rave Restaurant Group Inc. Common Stock,Food Distributors,74,2.2899999618530273,-36.388888263408035,21,48,E-
RAYA,Erayak Power Solution Group Inc. Class A Ordinary Shares,Metal Fabrications,58,1.940000057220459,-98.75800249992112,6,,E-
RBA,RB Global Inc. Common Stock,Business Services,66,82.45999908447266,-30.309173255407586,22,60,E
RBB,RBB Bancorp Common Stock,Major Banks,20,26.450000762939453,-4.6842888536423155,77,49,C
RBBN,Ribbon Communications Inc. Common Stock,EDP Services,116,1.8200000524520874,-54.9504933258141,18,42,E-
RBC,RBC Bearings Incorporated Common Stock,Metal Fabrications,58,503.8500061035156,-22.35201733278377,47,95,C-
RBCAA,Republic Bancorp Inc. Class A Common Stock,Major Banks,20,94.12999725341797,-5.972457989120439,80,65,C
RBKB,Rhinebeck Bancorp Inc. Common Stock,Banks,19,12.850000381469727,-1.908396890992703,83,53,C
RBLX,Roblox Corporation Class A Common Stock,Computer Software: Prepackaged Software,60,48.83000183105469,-65.50579070839329,25,7,B
RBNE,Robin Energy Ltd. Common Stock,Marine Transportation,5,2.3299999237060547,-97.73236017157562,2,63,E-
RBRK,Rubrik Inc. Class A Common Stock,Computer Software: Prepackaged Software,60,113.80000305175781,-1.5315364261835107,95,17,A-
RC,Ready Capital Corporation Common Stock,Real Estate Investment Trusts,60,1.3899999856948853,-65.68540577993203,17,17,D+
RCAT,Red Cat Holdings Inc. Common Stock,Computer Software: Prepackaged Software,60,6.800000190734863,-60.82949336603074,15,17,E
RCBC,River City Bank Common stock,Major Banks,20,51.08000183105469,-3.9488500603049315,78,,E
RCEL,Avita Medical Inc. Common Stock,Medical/Dental Instruments,81,11.579999923706055,0.0,99,17,A
RCI,Rogers Communication Inc. Common Stock,Cable & Other Pay Television Services,103,32.2599983215332,-18.99706247236609,38,40,D-
RCKT,Rocket Pharmaceuticals Inc. Common Stock,Biotechnology: Pharmaceutical Preparations,81,2.690000057220459,-49.24528376578263,24,7,E
RCKY,Rocky Brands Inc. Common Stock,Shoe Manufacturing,50,44.66999816894531,-11.700270034943705,84,84,B
RCL,Royal Caribbean Cruises Ltd. Common Stock,Marine Transportation,5,238.97999572753906,-30.19741530029414,24,84,E
RCMT,RCM Technologies Inc. Common Stock,Professional Services,47,40.59000015258789,-3.357142493838361,95,70,A
RCON,Recon Technology Ltd. Class A Ordinary Shares,Oilfield Services/Equipment,35,1.3700000047683716,-99.68287036926658,1,,E-
RCT,RedCloud Holdings plc Ordinary Shares,Computer Software: Programming Data Processing,90,0.18799999356269836,-91.13207529663995,6,,A
RCUS,Arcus Biosciences Inc. Common Stock,Biotechnology: Pharmaceutical Preparations,81,25.059999465942383,-20.620843496394226,77,1,E
RDCM,Radcom Ltd. Ordinary Shares,Computer peripheral equipment,42,10.300000190734863,-36.18339169615533,26,42,D-
RDDT,Reddit Inc. Class A Common Stock,EDP Services,116,152.72000122070312,-41.018806032281006,32,89,E+
RDGT,Ridgetech Inc. Ordinary Shares,Retail-Drug Stores and Proprietary Stores,121,0.9100000262260437,-99.88034187689335,4,,A+
RDHL,Redhill Biopharma Ltd. American Depositary Shares,Biotechnology: Pharmaceutical Preparations,81,0.5199999809265137,-79.36507996578126,10,,A+
RDI,Reading International Inc Class A Common Stock,Movies/Entertainment,3,1.9700000286102295,-15.81196150130758,93,38,A
RDIB,Reading International Inc Class B Common Stock,Movies/Entertainment,3,17.030000686645508,-7.546142149246404,95,38,A+
RDN,Radian Group Inc. Common Stock,Property-Casualty Insurers,42,33.540000915527344,-14.944890256464227,43,88,D-
RDNT,RadNet Inc. Common Stock,Medical Specialities,10,71.30999755859375,-15.589494880457922,65,34,B
RDNW,RideNow Group Inc. Class B Common Stock,EDP Services,116,6.079999923706055,-26.392254779282133,59,63,C+
RDVT,Red Violet Inc. Common Stock,Computer Software: Prepackaged Software,60,79.05999755859375,0.0,93,93,B+
RDW,Redwire Corporation Common Stock,Military/Government/Technical,94,11.600000381469727,-55.212353079841535,78,7,B
RDWR,Radware Ltd. Ordinary Shares,Business Services,66,29.790000915527344,-7.2829133980640615,68,57,C-
RDY,Dr. Reddy's Laboratories Ltd Common Stock,Biotechnology: Pharmaceutical Preparations,81,12.300000190734863,-19.45949530722608,31,81,C
RDZN,Roadzen Inc. Ordinary Shares,Specialty Insurers,66,1.284999966621399,-46.68050120925701,50,7,B
REA,Rare Earths Americas Inc. Common Stock,Metal Mining,52,10.890000343322754,-60.54347756228962,15,,C-
REAL,The RealReal Inc. Common Stock,Other Specialty Stores,130,8.890000343322754,-47.396446485269905,22,7,E
REAX,Real REMAX Group Inc. Common Stock,Real Estate,74,15.479999542236328,-66.99360546140998,14,17,E-
REBN,Reborn Coffee Inc. Common Stock,Restaurants,94,1.1299999952316284,-60.4895092070006,16,26,A+
RECT,Rectitude Holdings Ltd Ordinary Shares,Industrial Machinery/Components,103,1.2929999828338623,-64.12290353336047,44,,A
REED,Reed's Inc. Common Stock,Beverages (Production/Distribution),110,0.6499999761581421,-94.58333353201547,5,17,E-
REFI,Chicago Atlantic Real Estate Finance Inc. Common Stock,Real Estate Investment Trusts,60,10.609999656677246,-11.001457204924803,46,45,C-
REFR,Research Frontiers Incorporated Common Stock,Multi-Sector Companies,60,0.7400000095367432,-68.64406599871073,32,26,A+
REG,Regency Centers Corporation Common Stock,Real Estate Investment Trusts,60,72.91999816894531,-10.911422869601129,51,79,D+
REGN,Regeneron Pharmaceuticals Inc. Common Stock,Biotechnology: Pharmaceutical Preparations,81,796.02001953125,-6.573713113356627,79,68,B
REI,Ring Energy Inc. Common Stock,Oil & Gas Production,13,1.350000023841858,-31.81818127084808,83,62,B
REKR,Rekor Systems Inc. Common Stock,Telecommunications Equipment,94,0.4269999861717224,-86.65625063097103,9,26,E-
RELL,Richardson Electronics Ltd. Common Stock,Electronic Components,2,17.1299991607666,-21.26627385656835,87,72,C+
RELX,RELX PLC PLC American Depositary Shares (Each representing One Ordinary Share),Business Services,66,33.5099983215332,-27.900223363379407,46,,C
RELY,Remitly Global Inc. Common Stock,Business Services,66,21.15999984741211,-21.396731844566965,78,98,D-
RENT,Rent the Runway Inc. Class A Common Stock,Other Specialty Stores,130,1.7899999618530273,-80.93716830238564,7,42,E-
RENX,RenX Enterprises Corp. Common Stock,Environmental Services,81,2.0399999618530273,-93.54430399611866,24,26,B
REPL,Replimune Group Inc. Common Stock,Biotechnology: Biological Products (No Diagnostic Substances),74,12.600000381469727,-21.15143465325523,94,7,B+
REPX,Riley Exploration Permian Inc. Common Stock,Oil & Gas Production,13,41.689998626708984,-7.149226703967438,89,74,B
RERE,ATRenew Inc. American Depositary Shares (every three of which representing two Class A ordinary shares),Other Specialty Stores,130,3.930000066757202,-36.57772668855743,39,87,E+
RES,RPC Inc. Common Stock,Oilfield Services/Equipment,35,5.900000095367432,-25.3046114326013,60,71,D
RETO,ReTo Eco-Solutions Inc. Class A Shares,Industrial Machinery/Components,103,0.16599999368190765,-99.34126988628493,1,,E-
REVB,Revelation Biosciences Inc. Common Stock,Biotechnology: Pharmaceutical Preparations,81,0.8700000047683716,-85.78431338174944,12,7,E
REX,REX American Resources Corporation,Major Chemicals,71,43.279998779296875,-15.402660460550877,72,96,B-
REXR,Rexford Industrial Realty Inc. Common Stock,Real Estate Investment Trusts,60,37.9900016784668,-10.92132998707137,64,34,B
REYN,Reynolds Consumer Products Inc. Common Stock,Containers/Packaging,93,21.59000015258789,-19.864455880197863,40,61,D-
REZI,Resideo Technologies Inc. Common Stock,Wholesale Distributors,,18.299999237060547,-40.90539536751545,21,63,E+
RF,Regions Financial Corporation Common Stock,Major Banks,20,27.260000228881836,-15.010894140118147,51,51,D-
RFIL,RF Industries Ltd. Common Stock,Electrical Products,12,8.3100004196167,-61.34883525759675,22,69,E-
RFL,Rafael Holdings Inc. Class B Common Stock,Biotechnology: Pharmaceutical Preparations,81,1.909999966621399,-49.470899971484386,74,26,E
RGA,Reinsurance Group of America Incorporated Common Stock,Life Insurance,17,245.41000366210938,-4.1030049039676,80,94,C+
RGC,Regencell Bioscience Holdings Limited Ordinary Shares,Medicinal Chemicals and Botanical Products,123,6.170000076293945,-88.33207270864781,10,,B+
RGCO,RGC Resources Inc. Common Stock,Oil & Gas Production,13,20.780000686645508,-21.054630008646914,39,47,D
RGEN,Repligen Corporation Common Stock,Biotechnology: Biological Products (No Diagnostic Substances),74,190.64999389648438,0.0,89,37,B+
RGLD,Royal Gold Inc. Common Stock,Precious Metals,25,252.49000549316406,-16.67477400418983,78,81,B
RGNT,Regentis Biomaterials Ltd. Ordinary Shares,Industrial Specialties,68,2.0399999618530273,-78.29787186553109,8,,A-
RGNX,REGENXBIO Inc. Common Stock,Biotechnology: Biological Products (No Diagnostic Substances),74,7.239999771118164,-54.693366842831836,18,35,E
RGP,Resources Connection Inc. Common Stock,Business Services,66,3.75,-25.34559246028759,38,7,D+
RGR,Sturm Ruger & Company Inc. Common Stock,Ordnance And Accessories,18,41.900001525878906,-10.043539945031055,67,49,A-
RGS,Regis Corporation Common Stock,Other Consumer Services,124,28.520000457763672,-7.372524814115589,63,98,A-
RGTI,Rigetti Computing Inc. Common Stock,EDP Services,116,16.5,-70.7135251059418,26,17,B
RH,RH Common Stock,Other Specialty Stores,130,121.19000244140625,-47.96478934418915,19,49,E
RHI,Robert Half Inc. Common Stock,Professional Services,47,35.790000915527344,-21.06307720538342,84,45,D+
RHLD,Resolute Holdings Management Common Stock,Finance: Consumer Services,74,127.5,-43.67628097796457,61,37,C-
RHP,Ryman Hospitality Properties Inc. (REIT),Real Estate Investment Trusts,60,121.97000122070312,-10.309584312183661,76,84,B-
RICK,RCI Hospitality Holdings Inc. Common Stock,Restaurants,94,27.239999771118164,-12.845490956722028,63,67,C-
RIG,Transocean Ltd (Switzerland) Common Stock,Oil & Gas Production,13,5.429999828338623,-28.364117638621845,73,65,B-
RIGL,Rigel Pharmaceuticals Inc. Common Stock,Biotechnology: Pharmaceutical Preparations,81,47.88999938964844,-6.024332319424309,88,55,B+
RILY,BRC Group Holdings Inc. Common Stock,Investment Managers,55,5.739999771118164,-46.254685326774535,35,54,D-
RIME,Algorhythm Holdings Inc. Common Stock,EDP Services,116,0.17000000178813934,-95.11494250412676,2,26,E-
RIO,Rio Tinto Plc Common Stock,Metal Mining,52,94.47000122070312,-13.830391265216758,77,,C-
RIOT,Riot Platforms Inc. Common Stock,Finance: Consumer Services,74,23.479999542236328,-18.159640623347318,82,7,B+
RITM,Rithm Capital Corp. Common Stock,Real Estate Investment Trusts,60,9.119999885559082,-20.23205325819046,45,37,D+
RIVN,Rivian Automotive Inc. Class A Common Stock,Auto Manufacturing,137,15.289999961853027,-31.89309825283473,42,17,C-
RJET,Republic Airways Holdings Inc. Common Stock,Air Freight/Delivery Services,74,18.719999313354492,-26.15384997375233,51,47,B+
RJF,Raymond James Financial Inc. Common Stock,Investment Bankers/Brokers/Service,56,158.75999450683594,-12.374433753877867,55,78,D
RKDA,Arcadia Biosciences Inc. Common Stock,Oil & Gas Production,13,0.3160000145435333,-94.23357639701322,4,35,E-
RKLB,Rocket Lab Corporation Common Stock,Military/Government/Technical,94,73.61000061035156,-51.00179544446468,58,7,B
RKT,Rocket Companies Inc. Class A Common Stock,Finance: Consumer Services,74,11.930000305175781,-49.10409542080919,20,63,D-
RKTO,Rocket One Inc. Common Stock,Biotechnology: Pharmaceutical Preparations,81,0.7599999904632568,-65.76576663654215,19,26,A
RL,Ralph Lauren Corporation Common Stock,Garments and Clothing,90,351.8599853515625,-14.853336651639514,47,75,C
RLAY,Relay Therapeutics Inc. Common Stock,Biotechnology: Biological Products (No Diagnostic Substances),74,17.729999542236328,-14.55421907355986,97,7,D-
RLGT,Radiant Logistics Inc. Common Stock,Integrated Freight & Logistics,138,8.550000190734863,-12.844038481000053,74,62,A
RLI,RLI Corp. Common Stock (DE),Property-Casualty Insurers,42,56.150001525878906,-15.479438195034046,49,60,D+
RLJ,RLJ Lodging Trust Common Shares of Beneficial Interest $0.01 par value,Real Estate Investment Trusts,60,11.119999885559082,-10.897433546167768,86,51,D+
RLMD,Relmada Therapeutics Inc. Common Stock,Biotechnology: Pharmaceutical Preparations,81,3.809999942779541,-51.526719108642126,48,26,D-
RLYB,Rallybio Corporation Common Stock,Biotechnology: Pharmaceutical Preparations,81,16.610000610351562,-3.542385176112417,97,7,B
RM,Regional Management Corp. Common Stock,Finance: Consumer Services,74,30.399999618530273,-29.492453409785433,26,47,D+
RMBI,Richmond Mutual Bancorporation Inc. Common Stock,Major Banks,20,15.229999542236328,-5.7549524378536,65,46,E+
RMBS,Rambus Inc. Common Stock,Semiconductors,29,104.55000305175781,-38.737840848312125,48,83,B+
RMCF,Rocky Mountain Chocolate Factory Inc. Common Stock,Specialty Foods,99,0.8700000047683716,-70.10309350145529,10,79,A+
RMCO,Royalty Management Holding Corporation Class A Common Stock,Multi-Sector Companies,60,2.5850000381469727,-42.802824483102,55,38,A-
RMD,ResMed Inc. Common Stock,Medical/Dental Instruments,81,221.88999938964844,-20.842434792832933,50,56,C-
RMIX,Suncrete Inc. Class A Common Stock,Building Materials,116,12.390000343322754,-50.12077187112283,36,,E-
RMNI,Rimini Street Inc. (DE) Common Stock,Business Services,66,4.28000020980835,-24.247785175833492,66,54,C-
RMR,The RMR Group Inc. Class A Common Stock,Professional Services,47,18.780000686645508,-10.161097491085801,73,40,C-
RMSG,Real Messenger Corporation Ordinary Shares,Computer Software: Programming Data Processing,90,0.29899999499320984,-90.65625029569492,7,,A
RMT,Royce Micro-Cap Trust Inc. Common Stock,Investment Managers,55,13.470000267028809,-6.661665032643893,76,,C-
RMTI,Rockwell Medical Inc. Common Stock,Biotechnology: Pharmaceutical Preparations,81,8.569999694824219,-32.51968642887636,58,17,A-
RNA,Atrium Therapeutics Inc. Common Stock,Biotechnology: Pharmaceutical Preparations,81,8.1899995803833,-50.483681214946415,12,,E-
RNAC,Cartesian Therapeutics Inc. Common Stock,Biotechnology: Pharmaceutical Preparations,81,7.619999885559082,-28.04532789645925,46,32,C+
RNAZ,TransCode Therapeutics Inc. Common Stock,Biotechnology: Pharmaceutical Preparations,81,1.649999976158142,-89.16611933189947,4,26,E-
RNG,RingCentral Inc. Class A Common Stock,EDP Services,116,79.81999969482422,0.0,98,93,A
RNGR,Ranger Energy Services Inc. Class A Common Stock,Oilfield Services/Equipment,35,15.460000038146973,-15.48011468562911,57,78,D+
RNR,RenaissanceRe Holdings Ltd. Common Stock,Property-Casualty Insurers,42,330.4200134277344,-2.1125376417112984,74,66,C+
RNST,Renasant Corporation Common Stock,Major Banks,20,40.04999923706055,-9.06083135685315,59,89,D+
RNTX,Rein Therapeutics Inc. Common Stock,Biotechnology: Pharmaceutical Preparations,81,0.7440000176429749,-60.4255308760621,16,26,D-
RNW,ReNew Energy Global plc Class A Ordinary Shares,Electric Utilities: Central,87,6.849999904632568,-16.361413240609945,72,59,A-
RNXT,RenovoRx Inc. Common Stock,Biotechnology: Pharmaceutical Preparations,81,1.6799999475479126,-33.33333491017581,94,26,A
ROAD,Construction Partners Inc. Class A Common Stock,Military/Government/Technical,94,89.8499984741211,-36.04071668083962,21,84,D
ROC,Rank One Computing Corporation Common stock,Computer Software: Prepackaged Software,60,4.139999866485596,-43.36525446111823,22,,C+
ROCK,Gibraltar Industries Inc. Common Stock,Steel/Iron Ore,33,39.70000076293945,-46.76857094630883,30,33,E
ROG,Rogers Corporation Common Stock,Major Chemicals,71,136.1999969482422,-18.48704295090321,79,80,C+
ROIV,Roivant Sciences Ltd. Common Shares,Biotechnology: Pharmaceutical Preparations,81,36.130001068115234,-13.585266966301202,91,7,B
ROK,Rockwell Automation Inc. Common Stock,Industrial Machinery/Components,103,432.92999267578125,-12.284156730226659,65,82,D+
ROKU,Roku Inc. Class A Common Stock,Cable & Other Pay Television Services,103,153.3300018310547,-4.024782734645194,88,87,C+
ROL,Rollins Inc. Common Stock,Diversified Commercial Services,85,30.399999618530273,-53.132140073262555,13,56,E-
ROLR,High Roller Technologies Inc. Common Stock,Services-Misc. Amusement & Recreation,99,6.070000171661377,-74.44210454037315,97,44,B
ROMA,Roma Green Finance Limited Class A Ordinary Shares,Professional Services,47,8.685999870300293,-15.996134022044817,97,,C+
ROOT,Root Inc. Class A Common Stock,Property-Casualty Insurers,42,47.810001373291016,-48.795116239791284,25,88,D-
ROP,Roper Technologies Inc. Common Stock,Industrial Machinery/Components,103,364.0199890136719,-29.49756419729984,45,80,C-
ROST,Ross Stores Inc. Common Stock,Clothing/Shoe/Accessory Stores,116,235.39999389648438,-7.591206606108947,81,85,C+
RPAY,Repay Holdings Corporation Class A Common Stock,Business Services,66,3.930000066757202,-26.404495234843182,68,17,A-
RPC,Ridgepost Capital Inc. Class A Common Stock,Investment Managers,55,7.400000095367432,-33.2598581845768,34,74,D
RPD,Rapid7 Inc. Common Stock,Computer Software: Prepackaged Software,60,12.850000381469727,-33.86515604919095,91,59,B+
RPGL,Republic Power Group Limited Class A Ordinary Shares,Computer Software: Prepackaged Software,60,14.686400413513184,-99.97696034071674,3,,A
RPID,Rapid Micro Biosystems Inc. Class A Common Stock,Biotechnology: Laboratory Analytical Instruments,4,1.1100000143051147,-76.28205010641722,9,17,E-
RPM,RPM International Inc. Common Stock,Paints/Coatings,68,98.70999908447266,-16.99895758869846,38,53,E+
RPRX,Royalty Pharma plc Class A Ordinary Shares,Biotechnology: Pharmaceutical Preparations,81,58.290000915527344,-8.864912836313344,86,83,D
RPT,Rithm Property Trust Inc. Common stock,Real Estate Investment Trusts,60,10.949999809265137,-34.29796098862627,25,48,D-
RR,Richtech Robotics Inc. Class B Common Stock,Industrial Machinery/Components,103,1.6399999856948853,-76.77053825797606,15,26,C+
RRBI,Red River Bancshares Inc. Common Stock,Major Banks,20,100.0999984741211,-3.2663362709352106,81,88,C+
RRC,Range Resources Corporation Common Stock,Oil & Gas Production,13,39.13999938964844,-17.445544501877652,60,91,C
RRGB,Red Robin Gourmet Burgers Inc. Common Stock,Restaurants,94,7.559999942779541,-28.611899585930644,92,32,B
RRR,Red Rock Resorts Inc. Class A Common Stock,Hotels/Resorts,87,51.630001068115234,-22.871906056470927,30,88,D-
RRX,Regal Rexnord Corporation Common Stock,Industrial Machinery/Components,103,151.11000061035156,-36.55904989231276,30,77,E
RS,Reliance Inc. Common Stock,Metal Fabrications,58,385.7699890136719,-9.871034317196447,76,60,D-
RSG,Republic Services Inc. Common Stock,Environmental Services,81,212.72000122070312,-7.888649594030161,50,58,D+
RSI,Rush Street Interactive Inc. Class A Common Stock,Services-Misc. Amusement & Recreation,99,19.540000915527344,-43.39513135454571,27,84,E-
RSKD,Riskified Ltd. Class A Ordinary Shares,Business Services,66,7.909999847412109,0.0,95,17,A
RSSS,Research Solutions Inc Common Stock,EDP Services,116,2.119999885559082,-46.46464987027862,26,97,C+
RSVR,Reservoir Media Inc. Common Stock,Services-Misc. Amusement & Recreation,99,9.489999771118164,-14.504509504695939,64,40,C-
RTB,RTB Digital Inc. Common Stock,Professional Services,47,10.319999694824219,-46.47303253483558,76,,E
RTO,Rentokil Initial plc American Depositary Shares (each representing five (5) Ordinary Shares),Other Consumer Services,124,20.549999237060547,-39.91078963741852,20,,E
RTX,RTX Corporation Common Stock,Aerospace,120,188.61000061035156,-16.35549425002367,60,73,C-
RUBI,Rubico Inc. Common Stock,Marine Transportation,5,1.2000000476837158,-99.99910175435028,1,,E
RUM,RUM Group Inc. Class A Common Stock,Computer Software: Programming Data Processing,90,8.600000381469727,-15.933521346084788,88,17,A
RUN,Sunrun Inc. Common Stock,Industrial Machinery/Components,103,7.78000020980835,-63.661839022625024,10,49,E+
RUSHA,Rush Enterprises Inc. Common Stock Cl A,Retail-Auto Dealers and Gas Stations,113,47.97999954223633,-12.792537152202732,69,46,C-
RUSHB,Rush Enterprises Inc. Class B,Retail-Auto Dealers and Gas Stations,113,55.0099983215332,-3.491231014854035,83,46,C+
RVLV,Revolve Group Inc. Class A Common Stock,Catalog/Specialty Distribution,63,20.68000030517578,-34.24483369315207,32,77,D-
RVMD,Revolution Medicines Inc. Common Stock,Biotechnology: Biological Products (No Diagnostic Substances),74,199.86000061035156,-9.62694726371921,98,7,B-
RVP,Retractable Technologies Inc. Common Stock,Medical/Dental Instruments,81,0.6800000071525574,-35.84905246603547,37,38,C
RVSB,Riverview Bancorp Inc Common Stock,Savings Institutions,13,5.900000095367432,-2.590846976144623,69,51,C-
RVSN,Rail Vision Ltd. Ordinary Share,Railroads,25,3.640000104904175,-99.49820788773141,8,,E-
RVTY,Revvity Inc. Common Stock,Biotechnology: Laboratory Analytical Instruments,4,150.67999267578125,0.0,92,45,A-
RWAY,Runway Growth Finance Corp. Common Stock,Finance: Consumer Services,74,6.730000019073486,-22.189322003735224,65,66,B+
RWT,Redwood Trust Inc. Common Stock,Real Estate Investment Trusts,60,3.680000066757202,-38.20026905937324,23,26,E-
RXO,RXO Inc. Common Stock,Transportation Services,110,19.93000030517578,-31.97951937156701,70,33,D
RXRX,Recursion Pharmaceuticals Inc. Class A Common Stock,Biotechnology: Biological Products (No Diagnostic Substances),74,3.890000104904175,-42.70986558529268,61,7,A-
RXST,RxSight Inc. Common Stock,Ophthalmic Goods,128,4.730000019073486,-63.86554649399018,17,17,D
RXT,Rackspace Technology Inc. Common Stock,Computer Software: Programming Data Processing,90,4.199999809265137,-44.22311165683177,98,7,C
RY,Royal Bank Of Canada Common Stock,Commercial Banks,13,199.5,-7.88135815339297,73,85,C-
RYAAY,Ryanair Holdings plc American Depositary Shares,Air Freight/Delivery Services,74,54.040000915527344,-25.688925305269873,32,50,C
RYAM,Rayonier Advanced Materials Inc. Common Stock,Paper,52,8.75,-25.531914893617024,74,7,B
RYAN,Ryan Specialty Holdings Inc. Class A Common Stock,Specialty Insurers,66,36.7400016784668,-36.39891377533729,37,45,D
RYDE,Ryde Group Ltd. Class A Ordinary Shares,Business Services,66,0.75,-49.66442985237409,94,,A+
RYET,Ruanyun Edai Technology Inc. Ordinary shares,Computer Software: Prepackaged Software,60,0.8399999737739563,-44.73684313719954,20,,A-
RYM,RYTHM Inc. Common Stock,Farming/Seeds/Milling,116,22.139999389648438,-54.113990902283035,32,63,E
RYN,Rayonier Inc. REIT Common Stock,Real Estate Investment Trusts,60,19.059999465942383,-21.04029849555138,36,49,D-
RYOJ,rYojbaba Co. Ltd. Common Shares,Professional Services,47,3.8499999046325684,-57.785088235266436,94,,A
RYTM,Rhythm Pharmaceuticals Inc. Common Stock,Biotechnology: Pharmaceutical Preparations,81,98.30999755859375,-16.417280000913294,46,7,C-
RYZ,Ryerson Holding Corporation Common Stock,Metal Fabrications,58,23.690000534057617,-23.104649982169747,46,57,E+
RZLT,Rezolute Inc. Common Stock (NV),Biotechnology: Pharmaceutical Preparations,81,3.940000057220459,-63.985372867058054,59,17,C-
RZLV,Rezolve AI PLC Ordinary Shares,Computer Software: Programming Data Processing,90,2.2300000190734863,-67.30205332927066,21,,D+
S,SentinelOne Inc. Class A Common Stock,Computer Software: Prepackaged Software,60,23.979999542236328,-0.49792878561805143,93,17,A-
SA,Seabridge Gold Inc. Common Shares New,Precious Metals,25,29.979999542236328,-23.811942300447697,75,62,C-
SABR,Sabre Corporation Common Stock,Computer Software: Programming Data Processing,90,2.25,-3.433473232857809,86,42,B+
SABS,SAB Biotherapeutics Inc. Common Stock,Biotechnology: Biological Products (No Diagnostic Substances),74,3.3499999046325684,-27.015255048656083,50,26,C-
SACH,Sachem Capital Corp. Common Shares,Real Estate Investment Trusts,60,0.9139999747276306,-32.44269334094388,45,32,A-
SAFE,Safehold Inc. New Common Stock,Real Estate Investment Trusts,60,12.380000114440918,-27.897495285782924,31,48,E
SAFT,Safety Insurance Group Inc. Common Stock,Property-Casualty Insurers,42,103.51000213623047,-0.12543154591233563,90,43,B+
SAFX,XCF Global Inc. Class A Common Stock,Major Chemicals,71,0.4129999876022339,-71.31944644506322,28,44,B+
SAGT,SAGTEC GLOBAL LIMITED Class A Ordinary shares,Computer Software: Prepackaged Software,60,0.6209999918937683,-76.82835908861831,5,,A
SAGU,Shreya Acquisition Group Class A Ordinary Shares,Blank Checks,47,9.9399995803833,-1.0945334155612496,53,,C+
SAH,Sonic Automotive Inc. Common Stock,Retail-Auto Dealers and Gas Stations,113,62.47999954223633,-44.241439815709086,31,58,E-
SAIA,Saia Inc. Common Stock,Trucking Freight/Courier Services,39,333.2200012207031,-31.59666806242891,40,59,D-
SAIC,Science Applications International Corporation Common Stock,EDP Services,116,132.42999267578125,-0.9795220304890551,85,51,B
SAIH,SAIHEAT Limited Class A Ordinary Shares,EDP Services,116,30.0,0.0,99,,A
SAIL,SailPoint Inc. Common Stock,Computer Software: Prepackaged Software,60,22.1200008392334,-6.390175095902184,91,17,A
SAM,Boston Beer Company Inc. (The) Common Stock,Beverages (Production/Distribution),110,166.25,-36.06998354010494,30,54,C
SAMG,Silvercrest Asset Management Group Inc. Class A Common Stock,Investment Managers,55,10.119999885559082,-32.3620270863222,29,36,B
SAN,Banco Santander S.A. Sponsored ADR (Spain),Commercial Banks,13,14.279999732971191,-5.116282046545773,79,73,C-
SANA,Sana Biotechnology Inc. Common Stock,Biotechnology: Biological Products (No Diagnostic Substances),74,2.9600000381469727,-50.0,32,17,E
SANG,Sangoma Technologies Corporation Common Shares,Computer Software: Programming Data Processing,90,3.549999952316284,-34.25926130331426,29,26,D
SANM,Sanmina Corporation Common Stock,Electrical Products,12,221.8800048828125,-21.519523229768367,87,97,C
SAP,SAP  SE ADS,Computer Software: Prepackaged Software,60,209.11000061035156,-24.14421807657274,73,82,B+
SAR,Saratoga Investment Corp New,Investment Managers,55,17.329999923706055,-23.017168542707335,28,34,E+
SARO,StandardAero Inc. Common Stock,Aerospace,120,22.18000030517578,-33.03139788503133,26,92,E+
SATL,Satellogic Inc. Class A Common Stock,Radio And Television Broadcasting And Communications Equipment,71,5.940000057220459,-44.69273571872681,93,26,B+
SB,Safe Bulkers Inc Common Stock ($0.001 par value),Marine Transportation,5,8.25,-10.130721941822129,92,79,E+
SBAC,SBA Communications Corporation Class A Common Stock,Real Estate Investment Trusts,60,166.1199951171875,-24.7923850393573,39,66,D-
SBC,SBC Medical Group Holdings Incorporated Common Stock,Medical/Nursing Services,35,4.75,-7.587546237666598,85,96,A
SBCF,Seacoast Banking Corporation of Florida Common Stock,Major Banks,20,32.81999969482422,-8.656264167009065,61,79,C+
SBET,Sharplink Inc. Common Stock,Computer Software: Prepackaged Software,60,9.949999809265137,-48.28482366095748,91,26,A
SBFG,SB Financial Group Inc. Common Stock,Major Banks,20,29.860000610351562,-2.8311062311895285,87,65,B+
SBFM,Sunshine Biopharma Inc. Common Stock,Biotechnology: Pharmaceutical Preparations,81,0.800000011920929,-96.36363630945031,3,1,B+
SBGI,Sinclair Inc. Class A Common Stock,Broadcasting,68,12.739999771118164,-21.77691891589937,46,35,D
SBH,Sally Beauty Holdings Inc. (Name to be changed from Sally Holdings Inc.) Common Stock,Other Specialty Stores,130,17.0,0.0,75,67,B+
SBLK,Star Bulk Carriers Corp. Common Shares,Marine Transportation,5,29.899999618530273,-7.943349630750685,90,78,B-
SBMT,Silver Bow Mining Corp. Common Shares,Precious Metals,25,8.050000190734863,-25.116277295489642,47,26,A-
SBR,Sabine Royalty Trust Common Stock,Oil & Gas Production,13,72.4800033569336,-6.107244966214775,57,47,C
SBRA,Sabra Health Care REIT Inc. Common Stock,Real Estate Investment Trusts,60,19.770000457763672,-10.367166760189372,63,42,C
SBS,Companhia de saneamento Basico Do Estado De Sao Paulo - Sabesp American Depositary Shares (Each repstg 250 Common Shares),Water Supply,42,5.150000095367432,-27.280425638784735,45,66,D+
SBSI,Southside Bancshares Inc. Common Stock,Major Banks,20,30.899999618530273,-12.540709156392582,49,56,D
SBSW,D/B/A Sibanye-Stillwater Limited ADS,Precious Metals,25,10.279999732971191,-47.749427657508704,57,,B-
SBUX,Starbucks Corporation Common Stock,Restaurants,94,93.6500015258789,-13.678676956492474,54,70,D
SBXD,SilverBox Corp IV Class A Ordinary Shares,,,11.100000381469727,-1.6829015148385862,59,47,C+
SBXE,SilverBox Corp V Class A Ordinary Shares,,,10.100000381469727,-0.7858538438882068,54,,C-
SCAG,Scage Future American Depositary Shares,Construction/Ag Equipment/Trucks,31,0.24699999392032623,-91.65540571834067,3,,A-
SCCO,Southern Copper Corporation Common Stock,Metal Mining,52,201.5800018310547,-8.247608269860962,89,95,B-
SCHL,Scholastic Corporation Common Stock,Books,7,34.83000183105469,-25.950685240802628,58,46,E+
SCHW,Charles Schwab Corporation (The) Common Stock,Investment Bankers/Brokers/Service,56,99.48999786376953,-12.459307938403363,63,94,D-
SCI,Service Corporation International Common Stock,Other Consumer Services,124,77.75,-10.56295278125633,56,51,C
SCKT,Socket Mobile Inc. Common Stock,Computer Manufacturing,87,0.49000000953674316,-76.99530595258403,13,17,A+
SCL,Stepan Company Common Stock,Package Goods/Cosmetics,47,63.81999969482422,-2.997167615143548,84,69,B
SCLX,Scilex Holding Company Common Stock,Biotechnology: Biological Products (No Diagnostic Substances),74,4.940000057220459,-72.83930229470623,16,26,C+
SCM,Stellus Capital Investment Corporation Common Stock,Finance/Investors Services,40,7.699999809265137,-37.29895409144683,30,60,D+
SCNI,Scinai Immunotherapeutics Ltd. American Depositary Shares,Biotechnology: Biological Products (No Diagnostic Substances),74,1.8600000143051147,-88.58895643334682,7,,A+
SCNX,Scienture Holdings Inc. Common Stock,Biotechnology: Pharmaceutical Preparations,81,0.28700000047683716,-88.9615380383102,13,26,A-
SCOR,comScore Inc. Common Stock,Business Services,66,4.809999942779541,-46.49610605961918,19,44,E
SCPQ,Social Commerce Partners Corporation Class A Ordinary Shares,,,10.050000190734863,0.0,54,,C
SCSC,ScanSource Inc. Common Stock,Retail: Computer Software & Peripheral Equipment,6,58.06999969482422,-1.392426054207696,86,51,B+
SCWO,374Water Inc. Common Stock,Metal Fabrications,58,3.0899999141693115,-55.85714408329555,82,26,A-
SCYX,SCYNEXIS Inc. Common Stock,Biotechnology: Pharmaceutical Preparations,81,4.449999809265137,-49.88739018112831,34,38,A
SCZM,Santacruz Silver Mining Ltd. Common Shares,Precious Metals,25,8.920000076293945,-44.801979204706434,79,47,A-
SD,SandRidge Energy Inc. Common Stock,Oil & Gas Production,13,14.170000076293945,-18.655202215018253,62,77,C-
SDA,SunCar Technology Group Inc. Class A Ordinary Shares,Automotive Aftermarket,135,0.47699999809265137,-80.73505716894122,6,,A+
SDEV,Stablecoin Development Corporation Common Stock,Biotechnology: Pharmaceutical Preparations,81,1.2899999618530273,-98.65344475912377,17,32,A
SDGR,Schrodinger Inc. Common Stock,Biotechnology: Pharmaceutical Preparations,81,29.450000762939453,-4.071661136598337,96,38,A
SDHC,Smith Douglas Homes Corp. Class A Common Stock,Homebuilding,90,10.5,-52.617328193591064,17,36,C-
SDOT,Sadot Group Inc. Common Stock,Restaurants,94,11.229999542236328,-92.72668394678477,33,35,A+
SDRL,Seadrill Limited Common Shares,Oil & Gas Production,13,46.47999954223633,-15.182481406309044,83,63,B
SDST,Stardust Power Inc. Common Stock,Major Chemicals,71,0.11500000208616257,-98.37799718460955,1,7,A+
SE,Sea Limited American Depositary Shares each representing one Class A Ordinary Share,Other Consumer Services,124,100.7300033569336,-47.724322963998155,46,73,B-
SEAT,Vivid Seats Inc. Class A Common Stock,Services-Misc. Amusement & Recreation,99,3.740000009536743,-77.49699265533098,10,17,E-
SEB,Seaboard Corporation Common Stock,Farming/Seeds/Milling,116,3944.8798828125,-33.731746548628436,33,78,C-
SEDG,SolarEdge Technologies Inc. Common Stock,Semiconductors,29,31.90999984741211,-59.355497415422406,22,35,E+
SEED,Origin Agritech Limited Common Stock,Farming/Seeds/Milling,116,0.9200000166893005,-53.99999916553497,27,,A
SEER,Seer Inc. Class A Common Stock,Biotechnology: Laboratory Analytical Instruments,4,1.8700000047683716,-21.097042402293642,56,7,A
SEG,Seaport Entertainment Group Inc. Common Stock,Services-Misc. Amusement & Recreation,99,23.649999618530273,-19.08997608995221,56,17,D
SEGG,Sports Entertainment Gaming Global Corporation Common Stock,Computer Software: Prepackaged Software,60,2.880000114440918,-91.77142824445453,7,,C+
SEI,Solaris Energy Infrastructure Inc. Class A Common Stock,Oil and Gas Field Machinery,9,70.0999984741211,-15.253467676143927,82,94,B
SEIC,SEI Investments Company Common Stock,Investment Bankers/Brokers/Service,56,104.77999877929688,-6.136342060969957,81,78,C
SELF,Global Self Storage Inc. Common Stock,Real Estate Investment Trusts,60,5.050000190734863,-9.630998564419869,57,44,B-
SENEA,Seneca Foods Corp. Class A Common Stock,Packaged Foods,113,184.0,-11.239750462492937,88,92,C+
SENEB,Seneca Foods Corp. Class B Common Stock,Packaged Foods,113,187.4199981689453,-10.123244009939247,90,92,A-
SENS,Senseonics Holdings Inc. Common Stock,Medical/Dental Instruments,81,10.34000015258789,-8.495575415424328,94,26,A
SEPN,Septerna Inc. Common Stock,Biotechnology: Pharmaceutical Preparations,81,38.130001068115234,-20.87569588146463,91,7,C+
SER,Serina Therapeutics Inc. Common Stock,Biotechnology: Pharmaceutical Preparations,81,2.140000104904175,-61.989341715729516,32,26,A-
SERA,Sera Prognostics Inc. Class A Common Stock,Medical Specialities,10,2.109999895095825,-43.733336130778,41,7,B
SERV,Serve Robotics Inc. Common Stock,Industrial Machinery/Components,103,4.510000228881836,-74.49094937197742,11,17,E+
SES,SES AI Corporation Class A Common Stock,Industrial Machinery/Components,103,0.5289999842643738,-85.05649745861956,8,7,E+
SEV,Aptera Motors Corp. Class B Common Stock,Auto Manufacturing,137,2.0,-81.54981575786667,14,,B
SEVN,Seven Hills Realty Trust Common Stock,Real Estate Investment Trusts,60,7.309999942779541,-24.069726447207486,34,57,D+
SEZL,Sezzle Inc. Common Stock,Finance: Consumer Services,74,109.77999877929688,-41.776718640963495,71,95,E
SF,Stifel Financial Corporation Common Stock,Investment Bankers/Brokers/Service,56,69.91000366210938,-20.200229996268327,42,74,E+
SFBC,Sound Financial Bancorp Inc. Common Stock,Savings Institutions,13,42.720001220703125,-12.63803703953914,48,58,C
SFBS,ServisFirst Bancshares Inc. Common Stock,Major Banks,20,41.25,-9.865616628129315,58,71,C
SFD,Smithfield Foods Inc. Common Stock,Meat/Poultry/Fish,124,19.010000228881836,-34.04041445537677,27,57,E
SFHG,Samfine Creation Holdings Group Limited Class A Ordinary Share,Publishing,37,2.380000114440918,-50.67357080780073,31,,D
SFIX,Stitch Fix Inc. Class A Common Stock,Catalog/Specialty Distribution,63,2.2100000381469727,-60.81560123291154,9,17,E-
SFL,SFL Corporation Ltd,Marine Transportation,5,12.979999542236328,-5.60000332919034,90,68,B
SFM,Sprouts Farmers Market Inc. Common Stock,Food Chains,74,65.41999816894531,-43.47675879003627,23,61,E+
SFNC,Simmons First National Corporation Class A Common Stock,Major Banks,20,23.059999465942383,-3.5023541995390373,71,76,C+
SFST,Southern First Bancshares Inc. Common Stock,Major Banks,20,60.15999984741211,-6.873063051987005,70,72,D+
SFWL,Shengfeng Development Limited Class A Ordinary Shares,Trucking Freight/Courier Services,39,8.75,-19.79834901578361,99,,A-
SG,Sweetgreen Inc. Class A Common Stock,Restaurants,94,8.260000228881836,-19.098920685401342,70,17,B+
SGA,Saga Communications Inc. Class A Common Stock (FL),Broadcasting,68,8.609999656677246,-27.440984069667028,35,34,D+
SGC,Superior Group of Companies Inc. Common Stock,Apparel,121,12.569999694824219,-10.083051372167052,72,61,C+
SGHC,Super Group (SGHC) Limited Ordinary Shares,Services-Misc. Amusement & Recreation,99,11.979999542236328,-22.847755637124767,47,80,D
SGHT,Sight Sciences Inc. Common Stock,Medical/Dental Instruments,81,8.680000305175781,-4.088396439349006,95,17,A-
SGI,Somnigroup International Inc. Common Stock,Home Furnishings,33,62.310001373291016,-35.95534681059905,24,49,D-
SGLY,Singularity Future Technology Ltd. Common Stock,Integrated Freight & Logistics,138,1.0299999713897705,-94.5095951022216,2,38,A
SGML,Sigma Lithium Corporation Common Shares,Metal Mining,52,9.979999542236328,-57.801269753861696,51,36,D
SGMT,Sagimet Biosciences Inc. Series A Common Stock,Biotechnology: Pharmaceutical Preparations,81,9.109999656677246,-18.442259673647023,91,7,D+
SGP,SpyGlass Pharma Inc. Common Stock,Medical/Dental Instruments,81,27.649999618530273,-6.839624884678674,80,,B+
SGRX,SANGRIX INC. Class A Ordinary Shares,Finance: Consumer Services,74,1.559999942779541,-98.99224811884665,2,,E-
SGRY,Surgery Partners Inc. Common Stock,Hospital/Nursing Management,25,14.199999809265137,-38.09939198482901,38,17,A-
SGU,Star Group L.P. Common Stock,Other Specialty Stores,130,12.649999618530273,-4.49897457515156,63,54,C
SHAK,Shake Shack Inc. Class A Common Stock,Restaurants,94,57.45000076293945,-45.1236990895157,26,66,B
SHAZ,SharonAI Holdings Inc. Class A Common Stock,EDP Services,116,56.400001525878906,-39.15857240279188,90,26,E+
SHBI,Shore Bancshares Inc Common Stock,Major Banks,20,22.920000076293945,-6.290458006724775,77,62,C
SHC,Sotera Health Company Common Stock,Misc Health and Biotechnology Services,21,18.450000762939453,-5.723040109096056,72,98,B-
SHEL,Shell PLC American Depositary Shares (each representing two (2) Ordinary Shares),Oil & Gas Production,13,95.5999984741211,-3.3855468190396976,82,75,B
SHEN,Shenandoah Telecommunications Co Common Stock,Telecommunications Equipment,94,11.989999771118164,-29.883043838343838,33,7,B-
SHFS,SHF Holdings Inc. Class A Common Stock,Finance: Consumer Services,74,0.16699999570846558,-97.74628881042705,5,26,A
SHG,Shinhan Financial Group Co Ltd American Depositary Shares,Major Banks,20,79.58999633789062,-5.777204702604455,89,62,B-
SHIM,Shimmick Corporation Common Stock,Military/Government/Technical,94,3.3399999141693115,-49.92503934085235,53,17,E
SHIP,Seanergy Maritime Holdings Corp. Common Stock,Marine Transportation,5,17.280000686645508,-8.668072849023378,93,86,C+
SHLS,Shoals Technologies Group Inc. Class A Common Stock,Semiconductors,29,7.449999809265137,-41.66014454027821,34,40,D
SHMD,SCHMID Group N.V. Class A Ordinary Shares,Industrial Machinery/Components,103,3.619999885559082,-65.25911843518337,22,,E-
SHO,Sunstone Hotel Investors Inc. Sunstone Hotel Investors Inc. Common Shares,Hotels/Resorts,87,11.140000343322754,-5.991561310472404,70,73,C-
SHOE,Shoe Station Group Inc. Common Stock,Clothing/Shoe/Accessory Stores,116,13.220000267028809,-38.31058125277692,23,37,E
SHOO,Steven Madden Ltd. Common Stock,Shoe Manufacturing,50,44.22999954223633,-9.405693270600535,75,79,B
SHOP,Shopify Inc. Class A Subordinate Voting Shares,Computer Software: Prepackaged Software,60,145.16000366210938,-18.909553591117458,71,94,A-
SHOTU,RMG ML Sports Holdings Unit,,,9.970000267028809,-0.6972081184281165,52,,C
SHPH,Shuttle Pharmaceuticals Holdings Inc. Common Stock,Biotechnology: Pharmaceutical Preparations,81,4.0,-91.59663838608168,11,,A
SHW,Sherwin-Williams Company (The) Common Stock,RETAIL: Building Materials,132,320.3999938964844,-13.39636393752185,46,61,C
SI,Shoulder Innovations Inc. Common Stock,Medical/Dental Instruments,81,17.010000228881836,-29.855669159250166,56,17,B
SIBN,SI-BONE Inc. Common Stock,Medical/Dental Instruments,81,18.520000457763672,-13.457940243479294,75,17,B-
SID,Companhia Siderurgica Nacional S.A. Common Stock,Steel/Iron Ore,33,1.100000023841858,-48.1132036216234,37,17,C-
SIDU,Sidus Space Inc. Class A Common Stock,Telecommunications Equipment,94,2.069999933242798,-66.61290327542531,60,26,B
SIEB,Siebert Financial Corp. Common Stock,Investment Bankers/Brokers/Service,56,2.2300000190734863,-45.07389038171284,44,44,A
SIF,SIFCO Industries Inc. Common Stock,Aerospace,120,21.329999923706055,-24.442081935590664,97,62,E+
SIFY,Sify Technologies Limited American Depositary Shares,Computer Software: Programming Data Processing,90,13.40999984741211,-22.70893629642594,52,48,D+
SIG,Signet Jewelers Limited Common Shares,Consumer Specialties,42,100.5,-4.4456408624829695,74,90,A-
SIGA,SIGA Technologies Inc. Common Stock,Biotechnology: Pharmaceutical Preparations,81,3.25,-60.19595352375986,16,7,B-
SIGI,Selective Insurance Group Inc. Common Stock,Property-Casualty Insurers,42,85.7699966430664,-13.966452101499893,57,87,D+
SII,Sprott Inc. Common Shares,Finance: Consumer Services,74,124.23999786376953,-24.84727753192554,80,94,B+
SILC,Silicom Ltd Ordinary Shares,Computer Communications Equipment,23,51.619998931884766,0.0,98,7,A-
SILO,Silo Pharma Inc. Common Stock,Biotechnology: Pharmaceutical Preparations,81,1.75,-85.36177322318628,4,26,E-
SIM,Grupo Simec S.A.B. de C.V. American Depositary Shares,Steel/Iron Ore,33,29.899999618530273,-12.954873517515287,58,93,A
SIMO,Silicon Motion Technology Corporation American Depositary Shares,Semiconductors,29,275.1000061035156,-18.177851642347033,97,93,C+
SIND,Sinda Ltd. Common Stock,Precious Metals,25,14.0,-21.8750003326152,75,,D+
SINT,SiNtx Technologies Inc. Common Stock,Medical/Dental Instruments,81,1.8700000047683716,-61.91445900443391,20,26,A
SION,Sionna Therapeutics Inc. Common Stock,Biotechnology: Pharmaceutical Preparations,81,5.230000019073486,-89.75313494267117,2,26,E
SIRI,SiriusXM Holdings Inc. Common Stock,Broadcasting,68,26.6299991607666,-17.543477839755294,71,55,D
SITC,SITE Centers Corp. Common Stock,Real Estate Investment Trusts,60,3.0199999809265137,-42.47803508700546,20,57,C-
SITE,SiteOne Landscape Supply Inc. Common Stock,Professional and commerical equipment,,92.18000030517578,-43.53445616834561,20,48,E+
SITM,SiTime Corporation Common Stock,Semiconductors,29,643.239990234375,-28.646225743149156,91,63,B+
SJ,Scienjoy Holding Corporation Class A Ordinary Shares,EDP Services,116,0.7099999785423279,-55.345914236640326,33,,E-
SJM,The J.M. Smucker Company Common Stock,Packaged Foods,113,121.66000366210938,-8.07011710088995,77,86,B-
SJT,San Juan Basin Royalty Trust Common Stock,Oil & Gas Production,13,3.4000000953674316,-47.44976498265514,30,26,A-
SKE,Skeena Resources Limited Common Shares,Precious Metals,25,31.43000030517578,-17.549839491504436,85,26,B
SKIL,Skillsoft Corp. Class A Common Stock,Computer Software: Prepackaged Software,60,6.119999885559082,-65.82914607649543,43,17,D-
SKIN,SkinHealth Systems Inc. Class A Common Stock,Medical/Dental Instruments,81,0.6600000262260437,-67.80487602059146,17,17,A
SKK,SKK Holdings Limited Class A Ordinary Shares,Water Sewer Pipeline Comm & Power Line Construction,107,4.25,-65.13535564973036,77,,A+
SKM,SK Telecom Co. Ltd. Common Stock,Telecommunications Equipment,94,35.77000045776367,-22.239129439644188,87,56,B-
SKT,Tanger Inc. Common Stock,Real Estate Investment Trusts,60,35.0099983215332,-16.22102327503916,48,58,D
SKWD,Skyward Specialty Insurance Group Inc. Common Stock,Property-Casualty Insurers,42,54.880001068115234,-16.379699276526914,66,74,C+
SKY,Champion Homes Inc. Common Stock,Homebuilding,90,85.68000030517578,-12.087008916434172,61,40,B
SKYA,SkyAI Inc. Common Stock,Medical/Dental Instruments,81,1.8799999952316284,-72.7536236340948,81,26,A
SKYE,Skye Bioscience Inc. Common Stock,Biotechnology: Pharmaceutical Preparations,81,1.7000000476837158,-95.52631566399022,3,17,E-
SKYH,Sky Harbour Group Corporation Class A Common Stock,Real Estate,74,9.829999923706055,-14.447344477627999,60,44,D
SKYQ,Sky Quarry Inc. Common Stock,Environmental Services,81,2.9100000858306885,-76.8864173902926,69,26,A
SKYW,SkyWest Inc. Common Stock,Air Freight/Delivery Services,74,100.69000244140625,-13.15335490673898,54,68,B-
SKYX,SKYX Platforms Corp. Common Stock,Building Products,105,1.2100000381469727,-61.341853229832765,37,7,C-
SLAB,Silicon Laboratories Inc. Common Stock,Semiconductors,29,221.3800048828125,-0.2658000336288713,84,73,C
SLB,SLB Limited Common Shares,Oilfield Services/Equipment,35,51.43000030517578,-13.981937316095184,79,43,B-
SLBT,SL Science Holding Limited Ordinary Shares,Biotechnology: Biological Products (No Diagnostic Substances),74,1.559999942779541,-87.8239157872547,4,,E
SLDB,Solid Biosciences Inc. Common Stock,Biotechnology: Biological Products (No Diagnostic Substances),74,7.480000019073486,-32.9147957400607,64,7,D+
SLDE,Slide Insurance Holdings Inc. Common Stock,Property-Casualty Insurers,42,23.549999237060547,-11.064956026537498,87,92,B+
SLDP,Solid Power Inc. Class A Common Stock,Industrial Machinery/Components,103,2.3499999046325684,-72.38543077053072,19,7,C-
SLE,Super League Enterprise Inc. Common Stock,EDP Services,116,5.360000133514404,-94.02052636098816,71,17,A+
SLF,Sun Life Financial Inc. Common Stock,Life Insurance,17,79.44999694824219,-4.668210784221727,78,57,C
SLG,SL Green Realty Corp Common Stock,Real Estate Investment Trusts,60,50.880001068115234,-14.959051460857498,67,17,C+
SLGB,Smart Logistics Global Limited Class A Ordinary Shares,Integrated Freight & Logistics,138,0.33000001311302185,-93.75,6,,A+
SLGL,Sol-Gel Technologies Ltd. Ordinary Shares,Biotechnology: Pharmaceutical Preparations,81,60.7400016784668,-38.00142806813484,78,1,E
SLGN,Silgan Holdings Inc. Common Stock,Containers/Packaging,93,35.45000076293945,-26.346272198447274,30,56,E
SLI,Standard Lithium Ltd. Common Shares,Major Chemicals,71,2.059999942779541,-63.53982463701933,13,1,D+
SLM,SLM Corporation Common Stock,Finance: Consumer Services,74,23.049999237060547,-23.957602696209477,42,45,D
SLMT,Brera Holdings PLC Class B Ordinary Shares,Services-Misc. Amusement & Recreation,99,3.759999990463257,-98.76315789787394,8,,A+
SLN,Silence Therapeutics Plc American Depository Share,Biotechnology: Pharmaceutical Preparations,81,11.220000267028809,-27.28451040104507,94,7,A-
SLND,Southland Holdings Inc. Common Stock,Military/Government/Technical,94,0.6299999952316284,-86.87500062088169,10,26,A
SLNG,Stabilis Solutions Inc. Common Stock,Oil/Gas Transmission,50,5.179999828338623,-21.396059053133122,81,17,A-
SLNH,Soluna Holdings Inc. Common Stock,EDP Services,116,1.25,-71.71945750172719,41,1,B+
SLP,Simulations Plus Inc. Common Stock,EDP Services,116,18.459999084472656,-11.420350531138013,74,55,C
SLQT,SelectQuote Inc. Common Stock,Specialty Insurers,66,0.4099999964237213,-80.75117491102398,7,17,E-
SLRC,SLR Investment Corp. Common Stock,Finance/Investors Services,40,11.680000305175781,-23.89316728825651,35,60,C-
SLS,SELLAS Life Sciences Group Inc. Common Stock,Biotechnology: Pharmaceutical Preparations,81,11.979999542236328,-22.509705610115603,99,7,B
SLSN,Solesence Inc. Common Stock,Package Goods/Cosmetics,47,0.8100000023841858,-81.42201886284622,13,42,C-
SLSR,Solaris Resources Inc. Common Shares,,,7.25,-34.86073741730431,47,26,D-
SLVM,Sylvamo Corporation Common Stock,Paper,52,35.959999084472656,-32.82358289170568,33,32,D+
SLXN,Silexion Therapeutics Corp Ordinary Shares,Biotechnology: Biological Products (No Diagnostic Substances),74,0.25699999928474426,-99.35750000178814,1,26,A+
SM,SM Energy Company Common Stock,Oil & Gas Production,13,35.099998474121094,-14.99152895169461,89,74,C+
SMA,SmartStop Self Storage REIT Inc. Common Stock,Real Estate Investment Trusts,60,31.25,-14.862075939453135,48,63,C-
SMBC,Southern Missouri Bancorp Inc. Common Stock,Banks,19,72.20999908447266,-8.65586813613155,70,60,C
SMBK,SmartFinancial Inc. Common Stock,Major Banks,20,50.29999923706055,-5.504415424334008,80,72,C+
SMC,Summit Midstream Corporation Common Stock,Natural Gas Distribution,31,31.110000610351562,-11.012581736110672,72,63,C+
SMCI,Super Micro Computer Inc. Common Stock,Computer Manufacturing,87,41.5099983215332,-29.260398592956594,86,95,A-
SMFG,Sumitomo Mitsui Financial Group Inc Unsponsored American Depositary Shares (Japan),Commercial Banks,13,25.510000228881836,-7.438313776434791,82,87,C-
SMG,Scotts Miracle-Gro Company (The) Common Stock,Agricultural Chemicals,136,51.130001068115234,-29.64739777595584,27,45,E+
SMHI,SEACOR Marine Holdings Inc. Common Stock,Marine Transportation,5,8.8100004196167,-11.546180864716415,81,35,B-
SMID,Smith-Midland Corporation Common Stock,Building Materials,116,24.020000457763672,-40.024966503528425,21,54,D-
SMJF,SMJ International Holdings Inc. Class A Ordinary Shares,RETAIL: Building Materials,132,1.559999942779541,-86.32778296545409,5,,B-
SMMT,Summit Therapeutics Inc. Common Stock,Biotechnology: Pharmaceutical Preparations,81,16.3799991607666,-37.90750689208665,51,17,B+
SMP,Standard Motor Products Inc. Common Stock,Auto Parts:O.E.M.,94,37.33000183105469,-15.249411754720798,49,53,C
SMPL,The Simply Good Foods Company Common Stock,Packaged Foods,113,9.430000305175781,-62.932389515670664,13,34,D
SMR,NuScale Power Corporation Class A Common Stock,Metal Fabrications,58,8.470000267028809,-84.14748227840022,13,7,E+
SMRT,SmartRent Inc. Class A Common Stock,EDP Services,116,1.190000057220459,-43.86791879912604,29,17,A-
SMSI,Smith Micro Software Inc. Common Stock,Computer Software: Prepackaged Software,60,2.700000047683716,-40.65934209889246,33,17,E-
SMTC,Semtech Corporation Common Stock,Semiconductors,29,174.5,-5.675675675675674,97,61,A
SMTI,Sanara MedTech Inc. Common Stock,Industrial Specialties,68,35.099998474121094,-0.5102049642966788,92,17,A
SMTK,SmartKem Inc. Common Stock,Semiconductors,29,1.6399999856948853,-98.84098940940291,1,26,A
SMWB,Similarweb Ltd. Ordinary Shares,Computer Software: Programming Data Processing,90,7.53000020980835,-23.006130721838836,92,17,B+
SMX,SMX (Security Matters) Public Limited Company Ordinary Shares,Industrial Machinery/Components,103,8.75,-99.76503252601508,5,,E-
SMXT,Solarmax Technology Inc. Common Stock,Engineering & Construction,71,2.200000047683716,-83.02469104006057,6,,E+
SN,SharkNinja Inc. Ordinary Shares,Consumer Electronics/Appliances,64,176.94000244140625,-8.254691547528093,90,89,B-
SNA,Snap-On Incorporated Common Stock,Industrial Machinery/Components,103,367.7099914550781,-11.761840356077569,53,52,D+
SNAL,Snail Inc. Class A Common Stock,Computer Software: Prepackaged Software,60,2.559999942779541,-69.88235361435834,21,17,A-
SNAP,Snap Inc. Class A Common Stock,Computer Software: Programming Data Processing,90,5.429999828338623,-40.264029293852964,53,17,B-
SND,Smart Sand Inc. Common Stock,Mining & Quarrying of Nonmetallic Minerals (No Fuels),94,5.079999923706055,-10.825486415439734,90,46,B+
SNDA,Sonida Senior Living Inc. Common Stock,Hospital/Nursing Management,25,37.54999923706055,-12.816346637743347,69,1,C-
SNDK,Sandisk Corporation Common Stock,Electronic Components,2,1753.6199951171875,-24.89850127977784,99,67,B+
SNDL,SNDL Inc. Common Shares,Medicinal Chemicals and Botanical Products,123,1.399999976158142,-50.26643169803317,35,26,B-
SNDR,Schneider National Inc. Common Stock,Trucking Freight/Courier Services,39,31.639999389648438,-17.913401003201525,70,56,D
SNDX,Syndax Pharmaceuticals Inc. Common Stock,Biotechnology: Pharmaceutical Preparations,81,17.969999313354492,-28.548709399922323,39,7,C
SNES,SenesTech Inc. Common Stock,Agricultural Chemicals,136,0.7260000109672546,-84.35344758927465,6,17,C
SNEX,StoneX Group Inc. Common Stock,Investment Bankers/Brokers/Service,56,69.5199966430664,-24.98381683064431,80,96,C-
SNFCA,Security National Financial Corporation Class A Common Stock,Finance: Consumer Services,74,8.670000076293945,-13.126247755807386,50,56,D+
SNGX,Soligenix Inc. Common Stock,Biotechnology: Pharmaceutical Preparations,81,0.38999998569488525,-78.68852587163974,11,26,A-
SNN,Smith & Nephew SNATS Inc. Common Stock,Industrial Specialties,68,26.68000030517578,-27.133311308721396,29,,D-
SNOA,Sonoma Pharmaceuticals Inc. Common Stock,Medical/Dental Instruments,81,1.25,-71.59090970665953,16,26,A
SNOW,Snowflake Inc. Common Stock,Computer Software: Prepackaged Software,60,334.0,-6.303476069166103,93,98,A-
SNPS,Synopsys Inc. Common Stock,Computer Software: Prepackaged Software,60,424.9100036621094,-20.51219589892068,41,79,C+
SNT,Senstar Technologies Corporation Common Shares,Telecommunications Equipment,94,1.600000023841858,-69.81132139129203,12,40,D
SNTG,Sentage Holdings Inc. Class A Ordinary Shares,Finance: Consumer Services,74,1.7000000476837158,-49.70414230400371,24,,B
SNTI,Senti Biosciences Holdings Inc. Common Stock,Biotechnology: Biological Products (No Diagnostic Substances),74,0.34299999475479126,-85.64853641424658,4,17,A+
SNWV,SANUWAVE Health Inc. Common Stock,Medical/Dental Instruments,81,4.849999904632568,-88.11856947356243,6,44,E
SNX,TD SYNNEX Corporation Common Stock,Retail: Computer Software & Peripheral Equipment,6,259.4700012207031,-10.394196219579467,88,92,E
SNY,Sanofi ADS,Biotechnology: Pharmaceutical Preparations,81,40.939998626708984,-17.441321175794265,42,73,D
SO,Southern Company (The) Common Stock,Electric Utilities: Central,87,82.88999938964844,-14.976865175525333,37,70,D-
SOAR,Volato Group Inc. Class A Common Stock,Transportation Services,110,0.18400000035762787,-94.84616922246168,17,44,A+
SOBO,South Bow Corporation Common Shares,Natural Gas Distribution,31,34.31999969482422,-11.24902684276423,66,61,D+
SOC,Sable Offshore Corp. Common Stock,Oil & Gas Production,13,3.9700000286102295,-81.75551476630552,6,26,C-
SOFI,SoFi Technologies Inc. Common Stock,Finance: Consumer Services,74,16.799999237060547,-47.84228589078335,28,92,C-
SOGP,Sound Group Inc. American Depositary Shares,Computer Software: Programming Data Processing,90,11.520000457763672,-37.3994185413784,40,,A
SOHU,Sohu.com Limited American Depositary Shares,EDP Services,116,13.180000305175781,-23.461086929577302,44,35,E-
SOLS,Solstice Advanced Materials Inc. Common Stock,Major Chemicals,71,56.0099983215332,-36.69907500977795,32,52,C+
SOLV,Solventum Corporation Common Stock,Medical/Dental Instruments,81,88.58999633789062,-4.164870188050873,77,52,B
SON,Sonoco Products Company Common Stock,Containers/Packaging,93,49.959999084472656,-16.72828412266114,57,48,D-
SONM,DNA X Inc. Common Stock,Telecommunications Equipment,94,3.950000047683716,-76.58010061699892,28,37,A
SONO,Sonos Inc. Common Stock,Consumer Electronics/Appliances,64,17.84000015258789,-6.8893512804620745,79,39,B
SONY,Sony Group Corporation American Depositary Shares,Consumer Electronics/Appliances,64,22.989999771118164,-24.0251169952893,58,48,B-
SOPH,SOPHiA GENETICS SA Ordinary Shares,EDP Services,116,8.260000228881836,-7.399101365101379,95,17,A-
SOR,Source Capital Inc. Cmn Shs of BI,Investment Managers,55,45.40999984741211,-4.788154914620579,57,,C-
SORA,AsiaStrategy Ordinary Shares,Other Specialty Stores,130,2.0999999046325684,-69.95708192567453,28,,E
SOS,SOS Limited Class A Ordinary Shares,Investment Bankers/Brokers/Service,56,0.3930000066757202,-82.13636372010569,4,,A
SOTK,Sono-Tek Corporation Common Stock,Industrial Machinery/Components,103,4.769999980926514,-22.058822383609268,65,,B+
SOUN,SoundHound AI Inc Class A Common Stock,Computer Software: Prepackaged Software,60,6.099999904632568,-71.49532704033052,22,17,C+
SOWG,Sow Good Inc. Common Stock,Packaged Foods,113,2.119999885559082,-85.42955424214321,8,26,A
SPAI,Safe Pro Group Inc. Common Stock,Computer Software: Prepackaged Software,60,4.440000057220459,-50.39105975595527,49,26,A
SPB,Spectrum Brands Holdings Inc. Common Stock,Industrial Machinery/Components,103,84.7699966430664,-6.317010986846572,81,85,C-
SPCB,SuperCom Ltd. Ordinary Shares (Israel),Semiconductors,29,9.470000267028809,-28.14870980458215,38,,B-
SPCE,Virgin Galactic Holdings Inc. Common Stock,Transportation Services,110,3.200000047683716,-57.446807768615784,68,7,B+
SPCX,Space Exploration Technologies Corp. Class A Common Stock,Computer Software: Programming Data Processing,90,148.02999877929688,-29.97303599663771,42,,B+
SPFI,South Plains Financial Inc. Common Stock,Major Banks,20,42.849998474121094,-6.3892083917174824,60,76,C
SPG,Simon Property Group Inc. Common Stock,Real Estate Investment Trusts,60,204.6999969482422,-12.591009094426365,61,55,C-
SPGI,S&P Global Inc. Common Stock,Finance: Consumer Services,74,403.25,-21.445595989222088,48,80,C+
SPH,Suburban Propane Partners L.P. Common Stock,Other Specialty Stores,130,16.479999542236328,-17.95699065631058,41,33,D-
SPHL,Springview Holdings Ltd Class A Ordinary Shares,Homebuilding,90,3.130000114440918,-82.02182572157706,66,,A+
SPHR,Sphere Entertainment Co. Class A Common Stock,Services-Misc. Amusement & Recreation,99,138.44000244140625,-21.510376114692665,87,35,C-
SPIR,Spire Global Inc. Class A Common Stock,Telecommunications Equipment,94,12.260000228881836,-51.88382869254243,45,42,E
SPMC,Sound Point Meridian Capital Inc. Common Stock,,,8.5,-40.97111040908763,32,,E
SPNT,SiriusPoint Ltd. Common Shares,Property-Casualty Insurers,42,25.799999237060547,-1.9384273631096738,79,73,B+
SPOK,Spok Holdings Inc. Common Stock,Telecommunications Equipment,94,10.350000381469727,-34.18924164247802,38,44,C
SPOT,Spotify Technology S.A. Ordinary Shares,Broadcasting,68,511.3800048828125,-29.80081191415146,52,95,C+
SPPL,SIMPPLE LTD. Ordinary Shares,Diversified Commercial Services,85,1.9800000190734863,-70.09063363592085,11,,D-
SPRB,Spruce Biosciences Inc. Common Stock,Biotechnology: Pharmaceutical Preparations,81,49.02000045776367,-73.15443657215744,96,7,B-
SPRC,SciSparc Ltd. Ordinary Shares,Biotechnology: Pharmaceutical Preparations,81,5.389999866485596,-90.16602858705245,19,,A
SPRO,Spero Therapeutics Inc. Common Stock,Biotechnology: Pharmaceutical Preparations,81,1.25,-58.05369154364508,12,42,A-
SPRU,Spruce Power Holding Corporation Class A Common Stock,Electric Utilities: Central,87,2.0,-69.04024786083913,21,63,A+
SPRY,ARS Pharmaceuticals Inc. Common Stock,Biotechnology: Pharmaceutical Preparations,81,4.150000095367432,-68.22358375169767,9,26,E
SPSC,SPS Commerce Inc. Common Stock,Computer Software: Prepackaged Software,60,82.69000244140625,-26.848901475859922,80,47,A-
SPT,Sprout Social Inc Class A Common Stock,Computer Software: Prepackaged Software,60,9.720000267028809,-31.258839950319906,82,75,C+
SPTX,Seaport Therapeutics Inc. Common Stock,Biotechnology: Pharmaceutical Preparations,81,21.1200008392334,-24.137928435786403,64,,E
SPWH,Sportsman's Warehouse Holdings Inc. Common Stock,Other Specialty Stores,130,1.1699999570846558,-63.32288601574161,25,17,A-
SPWR,SunPower Inc. Common Stock,Semiconductors,29,0.3100000023841858,-85.30805602859486,5,26,A+
SPXC,SPX Technologies Inc. Common Stock,Industrial Machinery/Components,103,172.47999572753906,-30.002843567969386,26,91,E
SQFT,Presidio Property Trust Inc. Class A Common Stock,Real Estate Investment Trusts,60,1.409999966621399,-77.40384585993763,8,26,A+
SQM,Sociedad Quimica y Minera S.A. Common Stock,Mining & Quarrying of Nonmetallic Minerals (No Fuels),94,67.12000274658203,-27.713918267385985,63,74,D-
SQNS,Sequans Communications S.A. American Depositary Shares (each representing one hundred (100) Ordinary Shares),Semiconductors,29,2.8499999046325684,-71.47147177248061,19,44,B
SR,Spire Inc. Common Stock,Oil/Gas Transmission,50,76.79000091552734,-17.658102689192113,45,93,D
SRAD,Sportradar Group AG Class A Ordinary Shares,Computer Software: Programming Data Processing,90,13.09000015258789,-55.68720464830016,18,40,B
SRBK,SR Bancorp Inc. Common stock,Banks,19,19.260000228881836,-5.495578891096664,70,79,C
SRCE,1st Source Corporation Common Stock,Major Banks,20,85.41000366210938,-5.9568333526686335,80,71,C+
SRE,DBA Sempra Common Stock,Natural Gas Distribution,31,77.73999786376953,-20.84894029082306,33,73,D-
SRFM,Surf Air Mobility Inc. Common Stock,Transportation Services,110,0.921999990940094,-83.08256838151313,16,26,A
SRG,Seritage Growth Properties Class A Common Stock,Real Estate,74,1.8200000524520874,-57.67441926226864,13,26,E+
SRI,Stoneridge Inc. Common Stock,Auto Parts:O.E.M.,94,6.809999942779541,-25.736097206971863,60,7,C
SRL,Scully Royalty Ltd.,Precious Metals,25,5.0,-50.6903369752593,23,,C+
SRPT,Sarepta Therapeutics Inc. Common Stock (DE),Biotechnology: Pharmaceutical Preparations,81,18.389999389648438,-24.785280916950224,50,75,B
SRRK,Scholar Rock Holding Corporation Common Stock,Biotechnology: Biological Products (No Diagnostic Substances),74,48.61000061035156,-19.037308679020683,64,17,E+
SRTA,Strata Critical Medical Inc. Class A Common Stock,Medical/Nursing Services,35,5.269999980926514,-18.547138302605592,56,35,B-
SRTS,Sensus Healthcare Inc. Common Stock,Medical/Dental Instruments,81,2.9100000858306885,-45.09433997912353,33,17,D+
SRXH,SRX Global Inc. Common Stock,Beverages (Production/Distribution),110,1.7300000190734863,-94.9287917728878,3,26,A-
SRZN,Surrozen Inc. Common Stock,Biotechnology: Biological Products (No Diagnostic Substances),74,33.68000030517578,-1.3184903277364657,94,26,A+
SSB,SouthState Bank Corporation Common Stock,Major Banks,20,101.9000015258789,-8.683569432756999,61,74,C
SSBI,Summit State Bank Common Stock,Major Banks,20,12.069999694824219,-13.785716465541299,43,36,E
SSD,Simpson Manufacturing Company Inc. Common Stock,Industrial Machinery/Components,103,173.61000061035156,-17.230113742798093,41,77,D+
SSII,SS Innovations International Inc. Common Stock,Medical/Dental Instruments,81,2.950000047683716,-70.44087992991354,15,17,D
SSL,Sasol Ltd. American Depositary Shares,Oil & Gas Production,13,14.300000190734863,-5.360684873241784,95,,A-
SSM,Sono Group N.V. Ordinary Shares,Semiconductors,29,1.1200000047683716,-87.95698944303064,3,44,A+
SSMR,Sunshine Silver Mining & Refining Company Common Stock,Precious Metals,25,15.3100004196167,-19.165786758630276,51,,A
SSNC,SS&C Technologies Holdings Inc. Common Stock,Computer Software: Prepackaged Software,60,78.5,-11.419485858362977,66,86,B-
SSP,E.W. Scripps Company (The) Class A Common Stock,Broadcasting,68,2.869999885559082,-44.379845534327465,52,17,C-
SSRM,SSR Mining Inc. Common Stock,Precious Metals,25,35.81999969482422,-8.645752279527319,89,81,B+
SST,System1 Inc. Class A Common Stock,Computer Software: Programming Data Processing,90,3.0799999237060547,-61.59601311837215,75,17,A+
SSTI,SoundThinking Inc. Common Stock,Computer Software: Prepackaged Software,60,5.46999979019165,-55.45602679855952,15,7,E-
SSTK,Shutterstock Inc. Common Stock,EDP Services,116,4.139999866485596,-83.27572825303719,4,33,E-
SSYS,Stratasys Ltd. Ordinary Shares (Israel),Computer peripheral equipment,42,8.020000457763672,-35.53054076938674,35,49,D+
ST,Sensata Technologies Holding plc Ordinary Shares,Industrial Machinery/Components,103,41.060001373291016,-23.124446438217163,64,76,D+
STAA,STAAR Surgical Company Common Stock,Ophthalmic Goods,128,19.079999923706055,-42.77144620161304,21,84,E
STAG,Stag Industrial Inc. Common Stock,Real Estate Investment Trusts,60,37.290000915527344,-11.298762836719167,56,57,C
STAK,STAK Inc. Class A Ordinary Shares,Oil and Gas Field Machinery,9,1.440000057220459,-84.46601956729731,94,,A+
STBA,S&T Bancorp Inc. Common Stock,Major Banks,20,49.599998474121094,-6.367181069529149,74,60,B-
STC,Stewart Information Services Corporation Common Stock,Specialty Insurers,66,59.72999954223633,-20.10972586239199,39,62,E+
STE,STERIS plc (Ireland) Ordinary Shares,Industrial Specialties,68,208.77000427246094,-21.62134184834976,39,74,D+
STEM,Stem Inc. Class A Common Stock,EDP Services,116,3.9000000953674316,-86.90835859177618,6,7,E-
STEP,StepStone Group Inc. Class A Common Stock,Investment Managers,55,43.54999923706055,-41.076934733471084,35,17,D
STEX,Streamex Corp. Common Stock,Finance: Consumer Services,74,0.7720000147819519,-87.76545131881748,13,26,B+
STFS,Star Fashion Culture Holdings Limited Class A Ordinary Shares,Advertising,124,3.424999952316284,-81.27392137302398,11,,A+
STG,Sunlands Technology Group American Depositary Shares representing Class A ordinary shares,Other Consumer Services,124,2.9200000762939453,-65.63088539722173,11,40,E-
STGW,Stagwell Inc. Class A Common Stock,Advertising,124,8.3100004196167,-11.12299379061148,89,32,B-
STHO,Star Holdings Shares of Beneficial Interest,Real Estate,74,8.579999923706055,-13.595169586914013,57,38,D
STI,Solidion Technology Inc. Common Stock,Industrial Machinery/Components,103,6.619999885559082,-81.46696623928959,36,26,E-
STIM,Neuronetics Inc. Common Stock,Medical/Dental Instruments,81,2.819999933242798,-14.545455333615154,96,17,A-
STKE,Sol Strategies Inc. Common Shares,,,1.5,-70.05988160733519,66,26,A
STKH,Steakholder Foods Ltd. American Depositary Shares,Packaged Foods,113,1.75,-90.7846233749746,10,,A+
STKS,The ONE Group Hospitality Inc. Common Stock,Restaurants,94,1.6299999952316284,-47.75640849295917,31,17,D-
STLA,Stellantis N.V. Common Shares,Auto Manufacturing,137,4.46999979019165,-63.11881326403614,13,,E
STLD,Steel Dynamics Inc.,Steel/Iron Ore,33,235.1999969482422,-16.631274505074035,83,89,D-
STLN,Starling Oncology Inc. Common Stock,Medical/Nursing Services,35,6.510000228881836,-7.659573719766666,95,17,A-
STM,STMicroelectronics N.V. Common Stock,Semiconductors,29,51.58000183105469,-35.26675640939344,87,55,D-
STN,Stantec Inc Common Stock,Military/Government/Technical,94,68.44000244140625,-39.530398678408304,29,67,D+
STNE,StoneCo Ltd. Class A Common Shares,EDP Services,116,9.15999984741211,-43.02147836123208,23,83,D
STNG,Scorpio Tankers Inc. Common Shares,Marine Transportation,5,80.95999908447266,-7.842913499512583,83,78,C-
STOK,Stoke Therapeutics Inc. Common Stock,Biotechnology: Pharmaceutical Preparations,81,25.290000915527344,-34.054753789382154,31,26,E+
STRA,Strategic Education Inc. Common Stock,Other Consumer Services,124,79.81999969482422,-8.229768921124037,54,72,D+
STRL,Sterling Infrastructure Inc. Common Stock,Military/Government/Technical,94,513.719970703125,-48.30438789305808,62,98,E
STRO,Sutro Biopharma Inc. Common Stock,Biotechnology: Biological Products (No Diagnostic Substances),74,15.710000038146973,-61.59863090505302,57,7,E-
STRR,Star Equity Holdings Inc. Common Stock,Professional Services,47,10.170000076293945,-13.88653924684603,43,17,B+
STRT,STRATTEC SECURITY CORPORATION Common Stock,Auto Parts:O.E.M.,94,65.77999877929688,-27.642727830277824,30,51,E+
STRW,Strawberry Fields REIT Inc. Common Stock,Real Estate Investment Trusts,60,13.270000457763672,-8.112536850959051,63,72,C-
STRZ,Starz Entertainment Corp. Common Shares,Movies/Entertainment,3,22.709999084472656,-24.82621723697719,90,17,E+
STT,State Street Corporation Common Stock,Major Banks,20,181.08999633789062,-6.779573016245433,86,81,D+
STTK,Shattuck Labs Inc. Common Stock,Biotechnology: Pharmaceutical Preparations,81,6.309999942779541,-21.712163594656253,93,17,A-
STUB,StubHub Holdings Inc. Class A Common Stock,Services-Misc. Amusement & Recreation,99,5.389999866485596,-73.22404326279997,9,17,E-
STVN,Stevanato Group S.p.A. Ordinary Shares,Medical/Dental Instruments,81,21.3799991607666,-22.284970621685463,71,43,B-
STWD,STARWOOD PROPERTY TRUST INC. Starwood Property Trust Inc.,Real Estate Investment Trusts,60,14.359999656677246,-20.26810899311261,31,59,D-
STX,Seagate Technology Holdings PLC Ordinary Shares (Ireland),Electronic Components,2,905.9199829101562,-17.069524385178514,98,82,B
STXS,Stereotaxis Inc. Common Stock,Biotechnology: Electromedical & Electrotherapeutic Apparatus,58,1.2899999618530273,-63.86554661133397,15,17,D-
STZ,Constellation Brands Inc. Common Stock,Beverages (Production/Distribution),110,114.20999908447266,-30.478754959572463,27,88,E
SU,Suncor Energy  Inc. Common Stock,Integrated oil Companies,1,68.6500015258789,-4.4803132011237645,88,77,C+
SUGP,SU Group Holdings Limited Class A Ordinary Shares,Diversified Commercial Services,85,0.4699999988079071,-99.10390849957813,1,,E-
SUI,Sun Communities Inc. Common Stock,Real Estate Investment Trusts,60,111.12999725341797,-17.502087930149578,39,40,B-
SUIG,Sui Group Holdings Limited Common Stock,Finance: Consumer Services,74,1.4900000095367432,-67.46724815813836,46,26,A+
SUJA,Suja Life Inc. Class A Common Stock,Beverages (Production/Distribution),110,8.199999809265137,-54.06162670014483,13,,B-
SUNB,Sunbelt Rentals Holdings Inc. Common Stock,Diversified Commercial Services,85,72.73999786376953,-14.252415731898349,53,58,B-
SUNE,SUNation Energy Inc. Common Stock,Engineering & Construction,71,2.450000047683716,-58.33333333333333,88,26,A+
SUNS,Sunrise Realty Trust Inc. Common Stock,Real Estate Investment Trusts,60,7.230000019073486,-24.833321071940528,30,45,D+
SUPN,Supernus Pharmaceuticals Inc. Common Stock,Biotechnology: Pharmaceutical Preparations,81,43.290000915527344,-24.052629972759043,38,17,C
SUPV,Grupo Supervielle S.A. American Depositary Shares each Representing five Class B shares,Commercial Banks,13,7.460000038146973,-41.990666894975014,31,47,D
SUPX,SuperX AI Technology Limited Ordinary Shares,,,6.989999771118164,-90.68000030517578,14,,E-
SURG,SurgePays Inc. Common Stock,Advertising,124,0.15000000596046448,-94.88054598829828,3,38,A+
SUZ,Suzano S.A. American Depositary Shares (each representing One Ordinary Share),Paper,52,8.779999732971191,-23.376898891097365,50,40,B
SVC,Service Properties Trust Common Shares of Beneficial Interest,Real Estate Investment Trusts,60,6.480000019073486,-51.84704479423614,17,26,D-
SVCC,Stellar V Capital Corp. Class A Ordinary Shares,,,10.710000038146973,0.0,56,67,C+
SVCCU,Stellar V Capital Corp. Unit,Blank Checks,47,10.710000038146973,-6.707313020844929,53,,E+
SVCO,Silvaco Group Inc. Common Stock,Computer Software: Prepackaged Software,60,8.460000038146973,-38.65119607288119,79,35,B+
SVIA,Silvia Inc. Common Stock,Finance: Consumer Services,74,3.9200000762939453,-61.94174753685835,95,,A+
SVM,Silvercorp Metals Inc. Common Shares,Precious Metals,25,11.34000015258789,-27.740614564272793,83,36,B-
SVRA,Savara Inc. Common Stock,Biotechnology: Pharmaceutical Preparations,81,5.070000171661377,-26.94524308560361,48,26,D-
SVRE,SaverOne 2014 Ltd. American Depositary Shares,EDP Services,116,2.180000066757202,-88.92276406020243,9,,D-
SVRN,SVRN Inc. Common Stock,Marine Transportation,5,42.22999954223633,-4.022728313099256,99,,A+
SVV,Savers Value Village Inc. Common Stock,Other Specialty Stores,130,9.260000228881836,-32.45805832883567,43,49,E
SW,Smurfit WestRock plc Ordinary Shares,Containers/Packaging,93,46.0,-9.433393164685477,66,80,C
SWAG,Stran & Company Inc. Common Stock,Advertising,124,1.5420000553131104,-53.9701462922209,26,45,E
SWBI,Smith & Wesson Brands Inc. Common Stock,Ordnance And Accessories,18,14.079999923706055,-13.94385837783041,72,82,B
SWIM,Latham Group Inc. Common Stock,Plastic Products,29,6.230000019073486,-21.929824508987693,48,50,C+
SWK,Stanley Black & Decker Inc. Common Stock,Industrial Machinery/Components,103,90.16999816894531,-12.543526547780992,72,74,C
SWKS,Skyworks Solutions Inc. Common Stock,Semiconductors,29,87.80999755859375,-3.980316578587273,86,37,A-
SWMR,Swarmer Inc Common Stock,Computer Software: Prepackaged Software,60,21.969999313354492,-72.0198672279305,15,,E-
SWVL,Swvl Holdings Corp Class A Common Shares,Business Services,66,4.03000020980835,-49.2443302170564,98,,A+
SWX,Southwest Gas Holdings Inc. Common Stock (DE),Oil & Gas Production,13,81.37999725341797,-12.232397256509275,48,99,D-
SXC,SunCoke Energy Inc. Common Stock,Steel/Iron Ore,33,9.75,-7.757802445592743,86,58,C+
SXI,Standex International Corporation Common Stock,Industrial Machinery/Components,103,279.6000061035156,-21.748585985241785,63,84,C
SXT,Sensient Technologies Corporation Common Stock,Major Chemicals,71,128.22000122070312,-6.715166193139089,81,67,B
SXTC,China SXT Pharmaceuticals Inc. Class A Ordinary Shares,Biotechnology: Pharmaceutical Preparations,81,2.549999952316284,-99.98937500019868,1,,A+
SXTP,60 Degrees Pharmaceuticals Inc. Common Stock,Biotechnology: Pharmaceutical Preparations,81,1.149999976158142,-84.0277776857953,11,26,D+
SY,So-Young International Inc. American Depository Shares,EDP Services,116,2.700000047683716,-39.59731153437137,86,7,A+
SYBT,Stock Yards Bancorp Inc. Common Stock,Major Banks,20,78.05999755859375,-10.955462849300213,68,65,C-
SYF,Synchrony Financial Common Stock,Finance: Consumer Services,74,71.55000305175781,-18.114337269983128,42,77,D
SYK,Stryker Corporation Common Stock,Medical/Dental Instruments,81,269.75,-30.005166960120967,26,77,E
SYM,Symbotic Inc. Class A Common Stock,Industrial Machinery/Components,103,44.040000915527344,-49.55326531957024,37,98,C-
SYNA,Synaptics Incorporated Common Stock $0.001 Par Value,Semiconductors,29,96.81999969482422,-34.39046222847587,67,75,D
SYNX,Silynxcom Ltd. Ordinary Shares,Consumer Electronics/Appliances,64,1.0099999904632568,-44.198893790447194,41,,A-
SYPR,Sypris Solutions Inc. Common Stock,Industrial Machinery/Components,103,1.7699999809265137,-57.655501109673125,19,17,E+
SYRE,Spyre Therapeutics Inc. Common Stock,Biotechnology: Pharmaceutical Preparations,81,87.08999633789062,-20.042234849466556,98,7,E+
SYY,Sysco Corporation Common Stock,Food Distributors,74,78.19000244140625,-13.008322273891892,50,51,D-
T,AT&T Inc.,Telecommunications Equipment,94,25.450000762939453,-10.44432618351372,60,74,B-
TAC,TransAlta Corporation Ordinary Shares,Electric Utilities: Central,87,11.770000457763672,-32.84678602365375,35,45,D+
TACT,TransAct Technologies Incorporated Common Stock,Computer peripheral equipment,42,4.909999847412109,-15.924662343778683,65,17,C-
TAK,Takeda Pharmaceutical Company Limited American Depositary Shares (each representing 1/2 of a share of Common Stock),Biotechnology: Pharmaceutical Preparations,81,18.59000015258789,-2.414693453518668,75,,B-
TAL,TAL Education Group American Depositary Shares,Other Consumer Services,124,12.220000267028809,-5.344690848479095,78,96,B
TALO,Talos Energy Inc. Common Stock,Oil & Gas Production,13,17.020000457763672,-7.1467510714398275,88,35,B
TANH,Tantech Holdings Ltd. Class A Common Shares,Major Chemicals,71,14.5,-84.73684210526315,8,,A+
TAOP,Taoping Inc. Ordinary Shares,Computer Software: Prepackaged Software,60,0.5899999737739563,-81.84615465310904,5,,E-
TAOX,Tao Synergies Inc. Common Stock,Finance: Consumer Services,74,4.46999979019165,-53.437504035730996,55,37,A
TAP,Molson Coors Beverage Company Class B Common Stock,Beverages (Production/Distribution),110,36.349998474121094,-30.862179049985052,34,33,E-
TARA,Protara Therapeutics Inc.  Common Stock,Biotechnology: Biological Products (No Diagnostic Substances),74,3.3499999046325684,-55.68783161391278,23,17,E
TARS,Tarsus Pharmaceuticals Inc. Common Stock,Biotechnology: Biological Products (No Diagnostic Substances),74,75.95999908447266,-16.325181641447696,74,17,B+
TASK,TaskUs Inc. Class A Common Stock,EDP Services,116,7.980000019073486,-32.087807105410825,84,69,A-
TATT,TAT Technologies Ltd. Ordinary Shares,Aerospace,120,37.38999938964844,-38.81525279625859,31,96,B-
TAYD,Taylor Devices Inc. Common Stock,Industrial Machinery/Components,103,63.56999969482422,-29.327402054940798,63,,B+
TBBB,BBB Foods Inc. Class A Common Shares,Food Chains,74,53.02000045776367,0.0,92,7,A-
TBBK,The Bancorp Inc Common Stock,Major Banks,20,49.9900016784668,-37.776943045627085,24,91,E-
TBCH,Turtle Beach Corporation Common Stock,Telecommunications Equipment,94,12.770000457763672,-25.27793830458248,49,42,B
TBI,TrueBlue Inc. Common Stock,Professional Services,47,9.529999732971191,-12.165904166721598,96,17,A-
TBLA,Taboola.com Ltd. Ordinary Shares,Computer Software: Programming Data Processing,90,3.450000047683716,-38.17204131084758,36,99,D
TBLD,Thornburg Income Builder Opportunities Trust Common Stock,Investment Managers,55,20.475000381469727,-8.624907814535444,55,,D-
TBN,Tamboran Resources Corporation Common stock,Oil & Gas Production,13,36.25,-27.485499534170465,85,7,B-
TC,Token Cat Limited American Depositary Shares,Business Services,66,1.899999976158142,-89.90435702992774,3,,A
TCBI,Texas Capital Bancshares Inc. Common Stock,Major Banks,20,94.62999725341797,-11.98704940467481,50,58,D+
TCBK,TriCo Bancshares Common Stock,Major Banks,20,52.099998474121094,-14.878564374287706,63,61,B-
TCBS,Texas Community Bancshares Inc. Common Stock,Banks,19,17.0,-7.692170665735398,50,83,D-
TCBX,Third Coast Bancshares Inc. Common Stock,Banks,19,42.810001373291016,-7.1970509819020645,65,81,B-
TCI,Transcontinental Realty Investors Inc. Common Stock,Real Estate Investment Trusts,60,43.310001373291016,-26.481070301354613,52,32,E+
TCMD,Tactile Systems Technology Inc. Common Stock,Medical/Dental Instruments,81,22.889999389648438,-30.741301306958025,48,71,E+
TCOM,Trip.com Group Limited American Depositary Shares,Business Services,66,40.040000915527344,-49.290778394396995,23,74,D
TCPC,BlackRock TCP Capital Corp. Common Stock,Finance/Investors Services,40,4.0,-23.87525630572196,67,38,B+
TCRT,Alaunos Therapeutics Inc. Common Stock,Biotechnology: Pharmaceutical Preparations,81,1.1299999952316284,-74.08256971036408,8,26,E-
TCRX,TScan Therapeutics Inc. Common Stock,Biotechnology: Biological Products (No Diagnostic Substances),74,0.3490000069141388,-86.15079327160058,5,7,E-
TCX,Tucows Inc. Class A Common Stock,EDP Services,116,10.199999809265137,-59.03614471674762,14,26,B-
TD,Toronto Dominion Bank (The) Common Stock,Commercial Banks,13,119.26000213623047,-4.439103189147964,80,57,C-
TDAY,USA TODAY Co. Inc. Common Stock,Newspapers/Magazines,23,6.449999809265137,-28.57142857142857,61,54,E+
TDC,Teradata Corporation Common Stock,Computer Software: Prepackaged Software,60,29.459999084472656,-22.228093311037288,62,96,C
TDG,Transdigm Group Incorporated Common Stock,Military/Government/Technical,94,1105.280029296875,-23.77379108297414,32,86,D+
TDIC,Dreamland Limited Class A Ordinary Shares,Other Consumer Services,124,1.9700000286102295,-99.78321870386682,2,,A-
TDOC,Teladoc Health Inc. Common Stock,Medical/Nursing Services,35,6.139999866485596,-36.831278829146996,30,17,E+
TDS,Telephone and Data Systems Inc. Common Shares,Telecommunications Equipment,94,36.33000183105469,-23.43193599333151,41,63,C+
TDTH,Trident Digital Tech Holdings Ltd Class B Ordinary Shares,Business Services,66,1.909999966621399,-93.55600537802827,13,,A
TDUP,ThredUp Inc. Class A Common Stock,Catalog/Specialty Distribution,63,2.2300000190734863,-76.64921492633091,6,7,E
TDW,Tidewater Inc. Common Stock,Marine Transportation,5,86.81999969482422,-13.70639184163619,89,55,B-
TDY,Teledyne Technologies Incorporated Common Stock,Industrial Machinery/Components,103,612.02001953125,-11.468243839382453,59,62,C+
TE,T1 Energy Inc. Common Stock,Semiconductors,29,3.809999942779541,-68.35548210256673,27,17,E+
TEAD,Teads Holding Co. Common Stock,Computer Software: Programming Data Processing,90,0.4569999873638153,-73.43023373475906,9,17,E-
TEAM,Atlassian Corporation Class A Common Stock,Computer Software: Prepackaged Software,60,192.61000061035156,-1.5638562821223556,97,63,A
TECH,Bio-Techne Corp Common Stock,Biotechnology: Biological Products (No Diagnostic Substances),74,72.56999969482422,0.0,78,66,B+
TECK,Teck Resources Ltd Ordinary Shares,Mining & Quarrying of Nonmetallic Minerals (No Fuels),94,66.51000213623047,-7.460779154937292,88,76,B-
TECX,Tectonic Therapeutic Inc. Common Stock,Biotechnology: Biological Products (No Diagnostic Substances),74,24.1200008392334,-36.409173094728196,54,7,E
TEL,TE Connectivity plc Ordinary Shares,Electronic Components,2,213.6699981689453,-13.25568821628088,55,93,C
TELA,TELA Bio Inc. Common Stock,Medical/Dental Instruments,81,1.2699999809265137,-19.10828417215795,90,17,A
TELO,Telomir Pharmaceuticals Inc. Common Stock,Biotechnology: Pharmaceutical Preparations,81,1.2100000381469727,-37.30569580147959,37,26,A
TEM,Tempus AI Inc. Class A Common Stock,Computer Software: Programming Data Processing,90,82.23999786376953,-20.348670349860022,89,7,A
TEN,Tsakos Energy Navigation Ltd Common Shares,Marine Transportation,5,46.75,-11.475101715024572,93,,B+
TENB,Tenable Holdings Inc. Common Stock,Computer Software: Prepackaged Software,60,35.880001068115234,-15.873388547608403,90,97,B+
TENX,Tenax Therapeutics Inc. Common Stock,Biotechnology: Pharmaceutical Preparations,81,1.8899999856948853,-89.6834060197673,2,26,D
TEO,Telecom Argentina SA,Telecommunications Equipment,94,13.380000114440918,-16.270334807728993,81,96,B-
TER,Teradyne Inc. Common Stock,Electrical Products,12,387.70001220703125,-19.839420821596853,92,92,C+
TEVA,Teva Pharmaceutical Industries Limited Ordinary Shares,Biotechnology: Pharmaceutical Preparations,81,40.220001220703125,0.0,90,46,B+
TEX,Terex Corporation Common Stock,Construction/Ag Equipment/Trucks,31,56.619998931884766,-23.8864804159872,39,71,D-
TFC,Truist Financial Corporation Common Stock,Major Banks,20,47.18000030517578,-12.85311425148593,51,85,D
TFII,TFI International Inc. Common Shares,Trucking Freight/Courier Services,39,121.7699966430664,-25.215582314022424,62,67,D
TFIN,Triumph Financial Inc. Common Stock,Major Banks,20,60.849998474121094,-24.950669585684736,41,72,D-
TFPM,Triple Flag Precious Metals Corp. Common Shares,Precious Metals,25,32.040000915527344,-22.145389147268425,62,94,B-
TFSL,TFS Financial Corporation Common Stock,Savings Institutions,13,16.719999313354492,-8.482311574366975,74,83,C-
TFX,Teleflex Incorporated Common Stock,Medical/Dental Instruments,81,120.08999633789062,-15.45934969523779,51,34,D-
TG,Tredegar Corporation Common Stock,Metal Fabrications,58,7.050000190734863,-31.884058638713352,36,85,C
TGB,Trekor Metals Limited Common Shares,Precious Metals,25,8.970000267028809,-7.334710906644748,94,97,B+
TGE,The Generation Essentials Group Class A Ordinary Shares,Newspapers/Magazines,23,0.8330000042915344,-66.27530386061451,15,,E+
TGEN,Tecogen Inc. Common Stock,Industrial Machinery/Components,103,3.0199999809265137,-74.9792870150483,14,17,E+
TGHL,The GrowHub Limited Class A Ordinary Shares,EDP Services,116,0.8299999833106995,-52.84090978362836,96,,A
TGL,Treasure Global Inc. Common Stock,Business Services,66,2.109999895095825,-91.70597542924153,7,26,A+
TGLS,Tecnoglass Holdings Inc. Common Stock,Electronic Components,2,34.790000915527344,-48.530376987183935,19,43,E+
TGS,Transportadora de Gas del Sur SA TGS Common Stock,Natural Gas Distribution,31,27.18000030517578,-23.04643108714769,42,88,D-
TGT,Target Corporation Common Stock,Department/Specialty Retail Stores,40,156.14999389648438,-8.087589347534752,90,85,B
TGTX,TG Therapeutics Inc. Common Stock,Biotechnology: Pharmaceutical Preparations,81,57.52000045776367,-2.6075192680638626,91,73,B
TH,Target Hospitality Corp. Common Stock,Hotels/Resorts,87,21.450000762939453,0.0,97,7,B-
THC,Tenet Healthcare Corporation Common Stock,Hospital/Nursing Management,25,249.5399932861328,-11.12298213824353,85,88,B
THCH,TH International Limited Ordinary shares,Restaurants,94,1.1510000228881836,-57.992700040800905,12,17,E-
THFF,First Financial Corporation Common Stock,Major Banks,20,75.22000122070312,-9.143615909061376,73,59,D+
THG,Hanover Insurance Group Inc,Property-Casualty Insurers,42,217.92999267578125,-6.3995228441758645,75,79,C-
THH,TryHard Holdings Limited Ordinary Shares,Services-Misc. Amusement & Recreation,99,1.5700000524520874,-99.71480471345103,4,,A+
THM,International Tower Hill Mines Ltd. Ordinary Shares (Canada),Metal Mining,52,2.809999942779541,-22.160664143040055,91,37,A
THO,Thor Industries Inc. Common Stock,Homebuilding,90,70.93000030517578,-40.24638170654071,28,36,C-
THRM,Gentherm Inc Common Stock,Auto Parts:O.E.M.,94,33.88999938964844,-25.696121604618384,50,81,E+
THRY,Thryv Holdings Inc. Common Stock,Advertising,124,1.7899999618530273,-85.63402924259354,7,32,D-
TIC,TIC Solutions Inc. Common Stock,Business Services,66,8.869999885559082,-38.78536904300722,46,17,B-
TIGO,Millicom International Cellular S.A. Common Stock,Telecommunications Equipment,94,91.0,-12.760040140080687,89,51,C
TIGR,UP Fintech Holding Ltd American Depositary Share representing fifteen Class A Ordinary Shares,Investment Bankers/Brokers/Service,56,4.699999809265137,-57.73381422990155,21,57,B-
TII,Titan Mining Corporation Common Shares,,,2.9200000762939453,-43.19065851862648,87,,B-
TIL,Instil Bio Inc. Common Stock,Biotechnology: Biological Products (No Diagnostic Substances),74,7.119999885559082,-66.25592532305377,22,26,D+
TILE,Interface Inc. Common Stock,Home Furnishings,33,35.189998626708984,-10.429725978383352,74,91,C
TIMB,TIM S.A. American Depositary Shares (Each representing 5 Common Shares),Telecommunications Equipment,94,18.329999923706055,-33.95640044408419,29,66,C-
TIPT,Tiptree Inc. Common Stock,Property-Casualty Insurers,42,16.979999542236328,-27.6657894116758,40,50,D+
TISI,Team Inc. Common Stock,Other Consumer Services,124,28.969999313354492,0.0,96,17,A
TITN,Titan Machinery Inc. Common Stock,Other Specialty Stores,130,23.479999542236328,-10.450037539560942,84,17,A
TJGC,TJGC Group Limited Class A Ordinary Shares,Advertising,124,28.200000762939453,0.0,99,,A
TJX,TJX Companies Inc. (The) Common Stock,Clothing/Shoe/Accessory Stores,116,131.6300048828125,-21.59294628603505,33,74,D
TK,Teekay Corporation Ltd. Common Stock,Marine Transportation,5,13.65999984741211,-7.138002637742568,89,,B-
TKC,Turkcell Iletisim Hizmetleri AS Common Stock,Telecommunications Equipment,94,5.130000114440918,-28.251747608161505,32,62,E
TKLF,Tokyo Lifestyle Co. Ltd. American Depositary Shares,Other Specialty Stores,130,1.690999984741211,-56.75191949818195,19,,A
TKNO,Alpha Teknova Inc. Common Stock,Biotechnology: In Vitro & In Vivo Diagnostic Substances,110,9.289999961853027,0.0,97,7,A
TKO,TKO Group Holdings Inc. Class A Common Stock,Services-Misc. Amusement & Recreation,99,185.05999755859375,-16.743749736136394,38,78,C
TKR,Timken Company (The) Common Stock,Metal Fabrications,58,117.19000244140625,-19.139928314023493,72,79,D-
TLF,Tandy Leather Factory Inc. Common Stock,Apparel,121,2.5799999237060547,-3.7313485283658077,72,81,B
TLIH,Ten-League International Holdings Limited Ordinary Shares,Industrial Specialties,68,5.760000228881836,-21.739128744669834,90,,B+
TLK,PT Telekomunikasi Indonesia Tbk,Telecommunications Equipment,94,13.300000190734863,-38.49732592870131,27,,D-
TLN,Talen Energy Corporation Common Stock,Electric Utilities: Central,87,300.010009765625,-32.70904085997364,23,72,E+
TLNC,Talon Capital Corp. Class A Ordinary Shares,Blank Checks,47,10.210000038146973,-1.6377656495151327,53,,C+
TLPH,Talphera Inc. Common Stock,Biotechnology: Pharmaceutical Preparations,81,1.1699999570846558,-20.408167733792524,78,7,D+
TLRY,Tilray Brands Inc. Common Stock,Medicinal Chemicals and Botanical Products,123,4.070000171661377,-80.6190468016125,13,34,C+
TLS,Telos Corporation Common Stock,EDP Services,116,4.070000171661377,-47.55154572659289,30,88,D+
TLSA,Tiziana Life Sciences Ltd. Common Shares,Biotechnology: Pharmaceutical Preparations,81,1.0399999618530273,-54.58515374771108,24,,B+
TLSI,TriSalus Life Sciences Inc. Common Stock,Medical Specialities,10,4.610000133514404,-38.53333155314128,46,7,B-
TLX,Telix Pharmaceuticals Limited American Depositary Shares,Biotechnology: Pharmaceutical Preparations,81,11.3100004196167,-11.847229252751944,74,,C+
TLYS,Tilly's Inc. Common Stock,Clothing/Shoe/Accessory Stores,116,4.239999771118164,-22.20183633933238,91,39,A+
TM,Toyota Motor Corporation Common Stock,Auto Manufacturing,137,186.72000122070312,-24.797613166180078,49,74,C+
TMC,TMC the metals company Inc. Common Stock,Metal Mining,52,4.0,-62.58185072953412,23,7,B-
TMCI,Treace Medical Concepts Inc. Common Stock,Medical/Dental Instruments,81,4.539999961853027,-34.67625774894708,94,7,C+
TMCR,The Metals Royalty Company Inc. Common Stock,Precious Metals,25,4.199999809265137,-73.24840853318632,7,44,E
TMDE,TMD Energy Limited Ordinary Shares,Oil Refining/Marketing,107,0.7099999785423279,-82.42574293944617,36,,A
TMDX,TransMedics Group Inc. Common Stock,Biotechnology: Electromedical & Electrotherapeutic Apparatus,58,83.9000015258789,-44.22284101370217,32,61,C-
TME,Tencent Music Entertainment Group American Depositary Shares each representing two Class A Ordinary Shares,Broadcasting,68,8.34000015258789,-63.91216762938037,22,62,D+
TMO,Thermo Fisher Scientific Inc Common Stock,Industrial Machinery/Components,103,678.3900146484375,0.0,87,52,A-
TMP,Tompkins Financial Corporation Common Stock,Major Banks,20,98.13999938964844,-3.0332968309405017,81,81,B-
TMQ,Trilogy Metals Inc. Common Stock,Precious Metals,25,3.25,-69.33962374490616,56,26,C
TMS,Teamshares Inc. Common Stock,,,8.0,-36.0,25,,A+
TMUS,T-Mobile US Inc. Common Stock,Telecommunications Equipment,94,165.35000610351562,-29.466524910348934,29,68,D-
TNC,Tennant Company Common Stock,Industrial Machinery/Components,103,66.20999908447266,-27.036416057058766,29,46,E+
TNDM,Tandem Diabetes Care Inc. Common Stock,Medical/Dental Instruments,81,15.220000267028809,-46.142957736164824,34,17,D
TNET,TriNet Group Inc. Common Stock,Business Services,66,65.54000091552734,-8.553086940183718,87,65,B-
TNGX,Tango Therapeutics Inc.,Biotechnology: Pharmaceutical Preparations,81,24.6299991607666,-25.136784138466318,96,7,C+
TNK,Teekay Tankers Ltd.,Marine Transportation,5,94.08000183105469,-6.777642154174557,92,91,B-
TNL,Travel   Leisure Co. Common  Stock,Hotels/Resorts,87,62.83000183105469,-19.169196865962025,36,85,D-
TNMG,TNL Mediagene Ordinary Shares,Advertising,124,5.010000228881836,-54.120877345431836,99,,A+
TNON,Tenon Medical Inc. Common Stock,Medical/Dental Instruments,81,2.9600000381469727,-93.4440754416135,2,26,A+
TNXP,Tonix Pharmaceuticals Holding Corp. Common Stock,Biotechnology: Pharmaceutical Preparations,81,9.699999809265137,-60.823910663981486,14,17,E+
TNYA,Tenaya Therapeutics Inc. Common Stock,Biotechnology: Biological Products (No Diagnostic Substances),74,0.6200000047683716,-70.47618890835847,24,17,D-
TOL,Toll Brothers Inc. Common Stock,Homebuilding,90,135.9199981689453,-17.883628973310863,41,47,D+
TOMZ,TOMI Environmental Solutions Inc. Common Stock,Major Chemicals,71,1.4199999570846558,-56.17284095972308,13,26,E-
TONT,Graf Global Corp. Class A ordinary shares,,,10.899999618530273,-3.53982801285756,54,,D
TONX,TON Strategy Company Common Stock,Finance: Consumer Services,74,3.869999885559082,-45.33898407821854,87,38,A-
TOON,Kartoon Studios Inc. Common Stock,Movies/Entertainment,3,0.5860000252723694,-53.119997978210456,26,38,C+
TOP,TOP Financial Group Limited Class A Ordinary Shares,Investment Bankers/Brokers/Service,56,14.989999771118164,-10.400477099388938,98,,A-
TOPP,Toppoint Holdings Inc. Common Stock,Trucking Freight/Courier Services,39,0.13899999856948853,-94.94545459747314,2,26,E-
TOPS,TOP Ships Inc. Common Stock,Marine Transportation,5,0.6800000071525574,-88.96103857148255,7,60,A+
TORO,Toro Corp. Common Stock,Marine Transportation,5,5.340000152587891,-21.238938239814054,94,45,C-
TOST,Toast Inc. Class A Common Stock,EDP Services,116,30.110000610351562,-22.834443216002875,54,85,D+
TOUR,Tuniu Corporation American Depositary Shares,Transportation Services,110,5.059999942779541,-36.2898138043923,37,42,B
TOVX,Theriva Biologics Inc. Common Stock,Biotechnology: Pharmaceutical Preparations,81,0.23000000417232513,-72.61904626746833,43,26,E+
TOWN,TowneBank Common Stock,Major Banks,20,36.400001525878906,-6.088743286511433,63,43,C
TOYO,TOYO Co. Ltd Ordinary Shares,Miscellaneous manufacturing industries,133,4.349999904632568,-74.39670415989487,14,,E-
TPB,Turning Point Brands Inc. Common Stock,Tobacco,,60.119998931884766,-57.82121303731857,15,51,E-
TPC,Tutor Perini Corporation Common Stock,General Bldg Contractors - Nonresidential Bldgs,,83.31999969482422,-15.849227141734346,69,98,B-
TPCS,TechPrecision Corporation Common stock,Metal Fabrications,58,5.260000228881836,-15.569820019613855,85,7,A
TPET,Trio Petroleum Corp. Common Stock,Oil & Gas Production,13,1.7100000381469727,-90.25640961547198,6,26,A+
TPG,TPG Inc. Class A Common Stock,Investment Managers,55,43.630001068115234,-35.01544366751678,42,75,D+
TPL,Texas Pacific Land Corporation Common Stock,Oil & Gas Production,13,338.25,-37.14017638310286,39,68,D
TPR,Tapestry Inc. Common Stock,Apparel,121,112.12000274658203,-31.699827295170955,29,96,E
TPST,Tempest Therapeutics Inc. Common Stock,Biotechnology: Pharmaceutical Preparations,81,0.8500000238418579,-92.81487718238654,9,7,A+
TPVG,TriplePoint Venture Growth BDC Corp. Common Stock,Other Consumer Services,124,4.809999942779541,-17.10916931600711,60,61,B-
TR,Tootsie Roll Industries Inc. Common Stock,Specialty Foods,99,37.7599983215332,-15.52862298922415,50,51,C+
TRAD,APEX Tech Acquisition Inc. Ordinary Shares,Investment Bankers/Brokers/Service,56,10.050000190734863,0.0,54,,C
TRAK,ReposiTrak Inc. Common Stock,EDP Services,116,8.270000457763672,-52.431673483072274,28,67,B
TRAW,Traws Pharma Inc. Common Stock,Biotechnology: Pharmaceutical Preparations,81,0.5600000023841858,-82.108626776066,9,7,A+
TRAX,First Tracks Biotherapeutics Inc. Ordinary Shares,Biotechnology: Pharmaceutical Preparations,81,35.83000183105469,-25.229542570653894,97,,B+
TRC,Tejon Ranch Co Common Stock,Real Estate,74,16.260000228881836,-20.60546585780678,41,63,C
TRDA,Entrada Therapeutics Inc. Common Stock,Biotechnology: Pharmaceutical Preparations,81,6.21999979019165,-61.19775718179792,27,17,D+
TREE,LendingTree Inc. Common Stock,Finance: Consumer Services,74,24.34000015258789,-65.5045337375817,10,73,E
TREX,Trex Company Inc. Common Stock,Forest Products,85,43.220001220703125,-19.320512475420237,49,46,C
TRGP,Targa Resources Inc. Common Stock,Natural Gas Distribution,31,283.1499938964844,-6.319274145083742,85,99,B
TRGS,TRG Latin America Acquisitions Corp. Class A Ordinary Shares,Blank Checks,47,9.960000038146973,-0.697903257106891,53,,C
TRI,Thomson Reuters Corporation Common Shares,Publishing,37,100.31999969482422,-36.03664312823869,56,78,B
TRIB,Trinity Biotech plc American Depositary Shares,Biotechnology: In Vitro & In Vivo Diagnostic Substances,110,6.949999809265137,-81.90104288255998,8,,C+
TRIN,Trinity Capital Inc. Common Stock,Finance: Consumer Services,74,17.489999771118164,-5.73305786627758,78,75,C-
TRIP,TripAdvisor Inc. Common Stock,Computer Software: Programming Data Processing,90,8.520000457763672,-50.29171084504672,15,51,E+
TRLV,Trulieve Cannabis Corp. Subordinate Voting Shares,Medicinal Chemicals and Botanical Products,123,12.270000457763672,-5.615381094125604,94,17,D
TRMB,Trimble Inc. Common Stock,Industrial Machinery/Components,103,57.689998626708984,-30.926723005923108,38,83,D+
TRMD,TORM plc Class A Common Stock,Marine Transportation,5,34.29999923706055,-10.279885828494283,93,74,C+
TRMK,Trustmark Corporation Common Stock,Major Banks,20,46.09000015258789,-4.488259705686515,65,75,C+
TRN,Trinity Industries Inc. Common Stock,Railroads,25,27.84000015258789,-26.871551416448114,36,96,E+
TRNO,Terreno Realty Corporation Common Stock,Real Estate,74,66.43000030517578,-11.521045970860754,66,62,C+
TRNR,Interactive Strength Inc. Common Stock,Consumer Electronics/Appliances,64,2.440000057220459,-99.0263367925807,5,26,E-
TRNS,Transcat Inc. Common Stock,Electrical Products,12,86.12999725341797,-11.896485913130261,72,37,C-
TRON,Tron Inc. Common Stock,Finance: Consumer Services,74,1.4700000286102295,-64.40677995455152,32,46,B+
TROO,TROOPS Inc. Ordinary Shares,Diversified Financial Services,38,1.7999999523162842,-64.14342710845851,37,,B
TROW,T. Rowe Price Group Inc. Common Stock,Investment Managers,55,104.2699966430664,-13.242003538021285,61,72,D+
TROX,Tronox Holdings plc Ordinary Shares (UK),Major Chemicals,71,4.03000020980835,-61.027232029344304,18,17,E
TRP,TC Energy Corporation Common Stock,Natural Gas Distribution,31,59.650001525878906,-15.49793933923106,49,77,D-
TRS,TriMas Corporation Common Stock,Industrial Specialties,68,39.470001220703125,-12.261530380990028,50,55,C
TRSG,Tungray Technologies Inc Class A Ordinary Shares,Industrial Machinery/Components,103,1.399999976158142,-17.647062535929326,61,,E
TRST,TrustCo Bank Corp NY Common Stock,Major Banks,20,56.29999923706055,-4.753851030749134,82,58,C
TRT,Trio-Tech International Common Stock,Industrial Machinery/Components,103,7.260000228881836,-63.79052117138038,80,17,E-
TRTX,TPG RE Finance Trust Inc. Common Stock,Real Estate Investment Trusts,60,6.619999885559082,-24.589628056904335,27,78,E
TRU,TransUnion Common Stock,Finance: Consumer Services,74,67.54000091552734,-22.84244178496192,38,77,D-
TRUG,TruGolf Holdings Inc. Class A Common Stock,Recreational Games/Products/Toys,81,0.4059999883174896,-98.51282051405212,2,26,A+
TRUP,Trupanion Inc. Common Stock,Medical Specialities,10,22.420000076293945,-49.06860553578254,23,59,C
TRV,The Travelers Companies Inc. Common Stock,Property-Casualty Insurers,42,362.3900146484375,-8.456512511723545,80,88,C+
TRVG,trivago N.V. American Depositary Shares,EDP Services,116,5.545000076293945,-17.115096728448087,92,42,A
TRVI,Trevi Therapeutics Inc. Common Stock,Biotechnology: Pharmaceutical Preparations,81,14.675000190734863,-24.743588765462242,74,7,D+
TRX,TRX Gold Corporation Common Stock,Precious Metals,25,1.2899999618530273,-40.825691635325015,92,38,A
TS,Tenaris S.A. American Depositary Shares,Steel/Iron Ore,33,55.880001068115234,-12.714770387031503,79,75,D+
TSAT,Telesat Corporation Class A Common Shares and Class B Variable Voting Shares,Metal Fabrications,58,48.040000915527344,-21.75895810803943,89,17,B
TSBK,Timberland Bancorp Inc. Common Stock,Banks,19,45.099998474121094,-4.042556438040224,75,94,C
TSCO,Tractor Supply Company Common Stock,RETAIL: Building Materials,132,31.440000534057617,-43.85887431621107,24,52,C
TSEM,Tower Semiconductor Ltd. Ordinary Shares,Semiconductors,29,217.27999877929688,-31.424966200470582,93,74,B+
TSHA,Taysha Gene Therapies Inc. Common Stock,Biotechnology: Biological Products (No Diagnostic Substances),74,4.789999961853027,-31.37535890023043,53,7,E
TSLA,Tesla Inc. Common Stock,Auto Manufacturing,137,377.94000244140625,-22.850494269139265,41,43,B-
TSLX,Sixth Street Specialty Lending Inc. Common Stock,Investment Managers,55,18.149999618530273,-13.229124322238384,57,56,C+
TSM,Taiwan Semiconductor Manufacturing Company Ltd.,Semiconductors,29,451.1499938964844,-5.278748931979549,85,99,B-
TSN,Tyson Foods Inc. Common Stock,Meat/Poultry/Fish,124,51.13999938964844,-24.2873227371325,36,72,D-
TSQ,Townsquare Media Inc. Class A Common Stock,Broadcasting,68,4.909999847412109,-32.253919835267475,33,33,E
TSSI,TSS Inc. Common Stock,Professional Services,47,10.1899995803833,-50.09794543432393,34,62,A-
TT,Trane Technologies plc,Auto Parts:O.E.M.,94,438.5400085449219,-12.688836694207307,51,76,C-
TTAM,Titan America SA Common Shares,Mining & Quarrying of Nonmetallic Minerals (No Fuels),94,13.529999732971191,-29.968944375315665,25,62,E+
TTAN,ServiceTitan Inc. Class A Common Stock,Computer Software: Prepackaged Software,60,59.97999954223633,-45.62596240619392,25,17,E-
TTC,Toro Company (The) Common Stock,Tools/Hardware,,96.83999633789062,-4.009702928726,68,65,C
TTD,The Trade Desk Inc. Class A Common Stock,Computer Software: Programming Data Processing,90,12.630000114440918,-76.66728271712431,10,56,E-
TTE,TotalEnergies SE Ordinary Shares,Oil & Gas Production,13,91.88999938964844,-1.82692212857829,84,92,B-
TTEC,TTEC Holdings Inc. Common Stock,Professional Services,47,1.2200000286102295,-68.55670122097347,9,40,E
TTEK,Tetra Tech Inc. Common Stock,Military/Government/Technical,94,33.63999938964844,-20.552141518697287,65,47,C
TTGT,TechTarget Inc. Common Stock,Telecommunications Equipment,94,3.75,-42.04018359189282,32,26,C+
TTI,Tetra Technologies Inc. Common Stock,Oil & Gas Production,13,6.03000020980835,-51.05519188980479,19,67,E
TTMI,TTM Technologies Inc. Common Stock,Electrical Products,12,126.9800033569336,-42.66491955703143,84,96,D
TTRX,Turn Therapeutics Inc. Common Stock,Biotechnology: Pharmaceutical Preparations,81,13.260000228881836,-13.559321401669965,99,26,A
TTWO,Take-Two Interactive Software Inc. Common Stock,Computer Software: Prepackaged Software,60,202.97999572753906,-22.612379764830003,33,17,E+
TU,Telus Corporation Ordinary Shares,Telecommunications Equipment,94,8.520000457763672,-42.737881181847605,18,53,E
TULP,Bloomia Holdings Inc. Common Stock,Farming/Seeds/Milling,116,2.940000057220459,-46.05504293371928,22,17,E-
TURB,Turbo Energy S.A. American Depositary Shares,Industrial Machinery/Components,103,1.1200000047683716,-83.2585949897031,17,,A+
TUSK,Mammoth Energy Services Inc. Common Stock,Oilfield Services/Equipment,35,2.940000057220459,-23.437496798578582,82,42,B
TUYA,Tuya Inc. American Depositary Shares each representing one Class A Ordinary Share,Computer Software: Prepackaged Software,60,1.7200000286102295,-34.39904156550363,29,60,E-
TV,Grupo Televisa S.A.B. Common Stock,Broadcasting,68,2.390000104904175,-30.523253920079597,30,17,D-
TVA,Texas Ventures Acquisition III Corp Class A Ordinary Share,,,10.569999694824219,-9.270385914761981,54,33,C
TVC,Tennessee Valley Authority Common Stock,Electric Utilities: Central,87,23.799999237060547,-1.7750938044581832,53,,C
TVE,Tennessee Valley Authority,Electric Utilities: Central,87,23.219999313354492,-4.846458002579956,50,,C+
TVGN,Tevogen Inc. Common Stock,Biotechnology: Biological Products (No Diagnostic Substances),74,7.849999904632568,-80.30112871966502,22,26,C-
TVRD,Tvardi Therapeutics Inc. Common Stock,Biotechnology: Pharmaceutical Preparations,81,1.059999942779541,-97.53373672855002,4,17,A
TVTX,Travere Therapeutics Inc. Common Stock,Biotechnology: Pharmaceutical Preparations,81,60.619998931884766,-10.21919143103245,95,65,C+
TW,Tradeweb Markets Inc. Class A Common Stock,Investment Bankers/Brokers/Service,56,101.12999725341797,-19.88366934460275,49,75,D
TWAV,TaoWeave Inc. Common Stock,Computer Software: Programming Data Processing,90,1.5299999713897705,-49.8360657275476,35,37,A-
TWFG,TWFG Inc. Class A Common Stock,Specialty Insurers,66,23.920000076293945,-23.210271687885996,62,90,D
TWG,Top Wealth Group Holding Limited Class A Ordinary Shares,Packaged Foods,113,0.20499999821186066,-99.06860519727367,1,,E-
TWI,Titan International Inc. (DE) Common Stock,Steel/Iron Ore,33,7.070000171661377,-37.982452559302224,41,63,C+
TWIN,Twin Disc Incorporated Common Stock,Industrial Machinery/Components,103,25.940000534057617,0.0,91,93,B
TWLO,Twilio Inc. Class A Common Stock,Computer Software: Prepackaged Software,60,299.6600036621094,0.0,97,97,A
TWLV,Twelve Seas Investment Company III Class A Ordinary Shares,Blank Checks,47,10.0600004196167,-3.082848663739679,54,,C
TWST,Twist Bioscience Corporation Common Stock,Biotechnology: Biological Products (No Diagnostic Substances),74,184.02999877929688,0.0,99,7,A
TX,Ternium S.A. Ternium S.A. American Depositary Shares (each representing ten shares USD1.00 par value),Steel/Iron Ore,33,55.529998779296875,-4.439858550948106,89,65,B+
TXG,10x Genomics Inc. Class A Common Stock,Biotechnology: Laboratory Analytical Instruments,4,84.11000061035156,0.0,99,74,A
TXMD,TherapeuticsMD Inc. Common Stock,Biotechnology: Pharmaceutical Preparations,81,2.130000114440918,-23.104688479872394,82,39,A-
TXN,Texas Instruments Incorporated Common Stock,Semiconductors,29,270.6499938964844,-18.130570928524016,81,80,C
TXNM,TXNM Energy Inc. Common Stock,Electric Utilities: Central,87,58.16999816894531,-1.4829326267854603,56,70,C+
TXRH,Texas Roadhouse Inc. Common Stock,Restaurants,94,161.5500030517578,-24.31779554639548,40,55,E+
TXT,Textron Inc. Common Stock,Aerospace,120,76.0199966430664,-24.509231243855634,32,54,E+
TY,Tri Continental Corporation Common Stock,Finance Companies,64,34.619998931884766,-3.1725895771640977,63,,C
TYG,Tortoise Energy Infrastructure Corporation Common Stock,Investment Managers,55,40.02000045776367,-15.891715123853444,49,,D-
TYGO,Tigo Energy Inc. Common Stock,Semiconductors,29,0.8799999952316284,-82.94573602220213,6,7,E-
TYL,Tyler Technologies Inc. Common Stock,Computer Software: Prepackaged Software,60,326.8500061035156,-38.297586615496,40,82,C-
TYRA,Tyra Biosciences Inc. Common Stock,Biotechnology: Pharmaceutical Preparations,81,22.40999984741211,-43.423379191881295,42,7,E
TZOO,Travelzoo Common Stock,Advertising,124,5.510000228881836,-54.500409701962994,14,33,E
U,Unity Software Inc. Common Stock,Computer Software: Prepackaged Software,60,41.41999816894531,-16.272494144166096,90,91,B
UA,Under Armour Inc. Class C Common Stock,Apparel,121,4.429999828338623,-43.7817288832244,30,17,E+
UAA,Under Armour Inc. Class A Common Stock,Apparel,121,4.5,-44.71744704911036,29,17,E
UAL,United Airlines Holdings Inc. Common Stock,Air Freight/Delivery Services,74,111.19000244140625,-18.30871946014089,47,65,C+
UAMY,United States Antimony Corporation Common Stock,Metal Fabrications,58,4.570000171661377,-73.840868052193,15,32,E+
UAVS,AgEagle Aerial Systems Inc. Common Stock,Aerospace,120,1.0,-65.39792513145402,46,26,A
UBCP,United Bancorp Inc. Common Stock,Major Banks,20,14.8149995803833,-10.734287935614628,53,50,E+
UBER,Uber Technologies Inc. Common Stock,Business Services,66,69.22000122070312,-30.849148575563056,34,80,D+
UBS,UBS Group AG Registered Ordinary Shares,Major Banks,20,48.459999084472656,-13.029436427099306,67,60,D
UBSI,United Bankshares Inc. Common Stock,Major Banks,20,46.529998779296875,-4.989671012337382,71,56,C
UCAR,U Power Limited Class A Ordinary Shares,Industrial Machinery/Components,103,4.199999809265137,-80.8219183450972,98,,E-
UCB,United Community Banks Inc. Common Stock,Major Banks,20,33.880001068115234,-7.978370960938697,60,73,C-
UCL,uCloudlink Group Inc. American Depositary Shares,Telecommunications Equipment,94,0.3610000014305115,-85.20491832111894,4,42,E-
UCTT,Ultra Clean Holdings Inc. Common Stock,Semiconductors,29,76.5199966430664,-46.33564863713189,94,66,D+
UDR,UDR Inc. Common Stock,Real Estate Investment Trusts,60,33.54999923706055,-17.704544176444337,41,92,D-
UE,Urban Edge Properties Common Shares of Beneficial Interest,Real Estate,74,19.799999237060547,-15.630017921780547,44,60,D
UEC,Uranium Energy Corp. Common Stock,Other Metals and Minerals,141,9.470000267028809,-52.979143227302174,25,26,E+
UEIC,Universal Electronics Inc. Common Stock,Consumer Electronics/Appliances,64,5.25,-6.066002465479404,88,38,A-
UFCS,United Fire Group Inc. Common Stock,Property-Casualty Insurers,42,53.43000030517578,-4.555196959472285,88,86,C
UFG,Uni-Fuels Holdings Limited Class A Ordinary Shares,Oil Refining/Marketing,107,0.5149999856948853,-93.79518103782974,9,,A+
UFI,Unifi Inc. New Common Stock,Textiles,28,6.599999904632568,-18.41780247035829,94,17,A-
UFPI,UFP Industries Inc. Common Stock,Forest Products,85,78.80999755859375,-30.99850458007838,32,48,D
UFPT,UFP Technologies Inc. Common Stock,Medical/Dental Instruments,81,298.4800109863281,-10.858913436037444,87,72,B+
UG,United-Guardian Inc. Common Stock,Package Goods/Cosmetics,47,7.25,-8.227843669835522,69,60,B-
UGI,UGI Corporation Common Stock,Natural Gas Distribution,31,36.369998931884766,-7.67518342607606,60,36,A-
UGP,Ultrapar Participacoes S.A. (New) American Depositary Shares (Each representing one Common Share),Oil/Gas Transmission,50,7.489999771118164,-2.6007839351640416,95,96,B+
UHAL,U-Haul Holding Company Common Stock,Rental/Leasing Companies,22,60.790000915527344,-19.237407165306298,65,33,D
UHS,Universal Health Services Inc. Common Stock,Hospital/Nursing Management,25,176.99000549316406,-27.200902920369728,55,82,B-
UHT,Universal Health Realty Income Trust Common Stock,Real Estate Investment Trusts,60,38.68000030517578,-13.960968295809051,51,62,C-
UI,Ubiquiti Inc. Common Stock,Radio And Television Broadcasting And Communications Equipment,71,563.1099853515625,-47.92290959962141,39,79,D-
UIS,Unisys Corporation New Common Stock,EDP Services,116,2.359999895095825,-50.627619424509454,24,17,E+
UK,Ucommune International Ltd Class A Ordinary Shares,Business Services,66,2.0950000286102295,-80.95454519445246,12,,A
UL,Unilever PLC American Depositary Shares (each representing One Ordinary Share),Package Goods/Cosmetics,47,62.25,-14.385798792726135,53,,B-
ULBI,Ultralife Corporation Common Stock,Industrial Machinery/Components,103,6.050000190734863,-23.899366844210036,43,55,A-
ULCC,Frontier Group Holdings Inc. Common Stock,Air Freight/Delivery Services,74,5.849999904632568,-27.419359800594524,62,17,C
ULH,Universal Logistics Holdings Inc. Common Stock,Trucking Freight/Courier Services,39,16.5,-32.70141958876596,44,55,B
ULS,UL Solutions Inc. Class A Common Stock,Precision Instruments,133,65.80999755859375,-37.043933613387914,25,83,E
ULTA,Ulta Beauty Inc. Common Stock,Other Specialty Stores,130,548.780029296875,-22.359296056945187,61,55,C+
UMAC,Unusual Machines Inc. Common Stock,Radio And Television Broadcasting And Communications Equipment,71,23.93000030517578,-29.741634350193902,93,37,C+
UMBF,UMB Financial Corporation Common Stock,Major Banks,20,134.99000549316406,-10.898673295722938,64,65,C-
UMC,United Microelectronics Corporation (NEW) Common Stock,Semiconductors,29,24.100000381469727,-12.445554523085411,98,92,B
UMH,UMH Properties Inc. Common Stock,Real Estate Investment Trusts,60,15.319999694824219,-8.043218276475795,61,55,C
UNB,Union Bankshares Inc. Common Stock,Major Banks,20,23.5,-8.984152114642086,47,53,E+
UNCY,Unicycive Therapeutics Inc. Common Stock,Biotechnology: Pharmaceutical Preparations,81,4.809999942779541,-43.80841463796419,25,26,E+
UNF,Unifirst Corporation Common Stock,Other Consumer Services,124,257.8599853515625,-14.272527649577194,74,52,D-
UNFI,United Natural Foods Inc. Common Stock,Food Distributors,74,46.150001525878906,-16.876799089749483,74,70,C
UNH,UnitedHealth Group Incorporated Common Stock (DE),Medical Specialities,10,375.010009765625,-13.528325226712923,67,70,D+
UNIT,Uniti Group Inc. Common Stock,Real Estate Investment Trusts,60,8.930000305175781,-29.960781920189948,61,7,E
UNM,Unum Group Common Stock,Accident &Health Insurance,11,91.11000061035156,-5.6539288616828,71,41,C-
UNP,Union Pacific Corporation Common Stock,Railroads,25,274.07000732421875,-11.357327432195808,70,52,D+
UNTY,Unity Bancorp Inc. Common Stock,Major Banks,20,55.33000183105469,-10.238660709240943,57,52,D
UONE,Urban One Inc. Class A Common Stock,Broadcasting,68,4.28000020980835,-71.6743857904922,12,17,E
UONEK,Urban One Inc. Class D Common Stock,Broadcasting,68,3.700000047683716,-66.05504424611517,14,7,E-
UP,Wheels Up Experience Inc. Class A Common Stock,Transportation Services,110,3.9600000381469727,-90.52631552529797,6,17,E
UPB,Upstream Bio Inc. Common Stock,Biotechnology: Pharmaceutical Preparations,81,5.170000076293945,-84.1411033181549,10,26,E+
UPBD,Upbound Group Inc. Common Stock,Diversified Commercial Services,85,15.869999885559082,-30.837570688155512,28,66,E
UPC,Universe Pharmaceuticals Inc. Class A Ordinary Shares,Biotechnology: Pharmaceutical Preparations,81,4.679999828338623,-61.57635705189679,92,,A
UPLD,Upland Software Inc. Common Stock,Computer Software: Prepackaged Software,60,3.5199999809265137,-86.51341023188024,10,50,E
UPS,United Parcel Service Inc. Common Stock,Trucking Freight/Courier Services,39,92.05000305175781,-20.559251981413308,45,39,E
UPST,Upstart Holdings Inc. Common stock,Finance: Consumer Services,74,24.639999389648438,-59.34664388463943,16,98,E+
UPWK,Upwork Inc. Common Stock,EDP Services,116,8.069999694824219,-63.50068081388487,18,62,D-
UPXI,Upexi Inc. Common Stock,Finance: Consumer Services,74,1.1699999570846558,-84.80519498615004,46,26,A
URBN,Urban Outfitters Inc. Common Stock,Clothing/Shoe/Accessory Stores,116,74.77999877929688,-9.849304966271543,61,91,B-
URG,Ur Energy Inc Common Shares (Canada),Precious Metals,25,1.1299999952316284,-46.19047397388613,25,7,D
URGN,UroGen Pharma Ltd. Ordinary Shares,Biotechnology: Pharmaceutical Preparations,81,41.22999954223633,-18.015512444529868,95,7,B
URI,United Rentals Inc. Common Stock,Diversified Commercial Services,85,1021.6699829101562,-12.289449870339197,67,86,C
UROY,Uranium Royalty Corp. Common Stock,Investment Bankers/Brokers/Service,56,4.25,-22.161172705002862,84,99,A-
USAR,USA Rare Earth Inc. Class A Common Stock,Metal Mining,52,15.380000114440918,-60.23784903542797,33,17,D
USAS,Americas Gold and Silver Corporation Common Shares no par value,Metal Mining,52,4.679999828338623,-53.33998052906962,53,37,B-
USAU,U.S. Gold Corp. Common Stock,Metal Mining,52,15.5600004196167,-31.150441783289917,51,,B
USB,U.S. Bancorp Common Stock,Major Banks,20,58.400001525878906,-10.730658574672326,65,67,D-
USBC,USBC Inc. Common Stock,Finance: Consumer Services,74,0.5099999904632568,-62.22222359582719,79,26,A
USCB,USCB Financial Holdings Inc. Class A Common Stock,Major Banks,20,22.670000076293945,-3.4497422561075353,79,73,B-
USDE,StablecoinX Inc. Class A Common Stock,Finance: Consumer Services,74,14.220000267028809,0.0,99,,A+
USEA,United Maritime Corporation Common Stock,Marine Transportation,5,3.0299999713897705,-3.809527629987697,93,36,B+
USFD,US Foods Holding Corp. Common Stock,Food Distributors,74,93.81999969482422,-15.431767054110246,64,86,D+
USGO,U.S. GoldMining Inc. Common stock,Precious Metals,25,7.230000019073486,-54.32722644397317,23,26,C-
USIO,Usio Inc. Common Stock,Investment Bankers/Brokers/Service,56,2.2799999713897705,-22.448982074329184,91,35,A-
USLM,United States Lime & Minerals Inc. Common Stock,Mining & Quarrying of Nonmetallic Minerals (No Fuels),94,109.41999816894531,-21.45653758765692,40,71,D
USNA,USANA Health Sciences Inc. Common Stock,Medicinal Chemicals and Botanical Products,123,14.260000228881836,-50.67450603892575,17,33,D-
USPH,U.S. Physical Therapy Inc. Common Stock,Medical/Nursing Services,35,83.76000213623047,-7.769516853545577,74,39,B
UTHR,United Therapeutics Corporation Common Stock,Biotechnology: Pharmaceutical Preparations,81,472.2099914550781,-20.871039659554835,40,75,D-
UTI,Universal Technical Institute Inc Common Stock,Other Consumer Services,124,20.670000076293945,-59.62890670256456,13,53,E-
UTL,UNITIL Corporation Common Stock,Power Generation,99,50.84000015258789,-8.400608096642248,58,55,D+
UTMD,Utah Medical Products Inc. Common Stock,Medical/Dental Instruments,81,74.75,-2.4915256598838753,78,46,B+
UTSI,UTStarcom Holdings Corp. Ordinary Shares,Telecommunications Equipment,94,2.25,-31.610941456280994,45,,A+
UTZ,Utz Brands Inc Class A Common Stock,Packaged Foods,113,14.239999771118164,0.0,95,62,A-
UUU,Universal Safety Products Inc. Common Stock,Electronic Components,2,5.070000171661377,-32.21924921479646,51,26,A
UUUU,Energy Fuels Inc Ordinary Shares (Canada),Mining & Quarrying of Nonmetallic Minerals (No Fuels),94,11.319999694824219,-59.16305925241978,19,26,D-
UVE,UNIVERSAL INSURANCE HOLDINGS INC Common Stock,Property-Casualty Insurers,42,42.4900016784668,-5.745341720025598,83,84,C+
UVSP,Univest Financial Corporation Common Stock,Major Banks,20,42.15999984741211,-6.265604919380463,75,89,C
UVV,Universal Corporation Common Stock,Farming/Seeds/Milling,116,42.709999084472656,-24.968004996159664,28,31,E+
UWMC,UWM Holdings Corporation Class A Common Stock,Finance: Consumer Services,74,1.2200000286102295,-79.20627100432182,7,32,E+
UXIN,Uxin Limited ADS,Business Services,66,1.2999999523162842,-67.74193834649684,10,1,A+
UZX,Linkage Global Inc. Class A Ordinary Shares,Catalog/Specialty Distribution,63,1.5099999904632568,-97.30933710049423,1,,A-
V,Visa Inc.,Business Services,66,367.9800109863281,-4.206800397219467,69,61,C+
VABK,Virginia National Bankshares Corporation Common Stock,Major Banks,20,47.06999969482422,-4.368146023073571,72,75,C+
VAC,Marriott Vacations Worldwide Corporation Common Stock,Real Estate,74,100.75,-18.59463642657594,87,84,C-
VAI,Valor Energy Incorporated Common Stock,Rental/Leasing Companies,22,2.2899999618530273,-7.2874520110220775,92,26,A+
VAL,Valaris Limited Common Shares,Oil & Gas Production,13,81.79000091552734,-27.887495824416565,81,44,B
VALE,VALE S.A.  American Depositary Shares Each Representing one common share,Metal Mining,52,13.5600004196167,-21.734704661672342,58,51,D
VALN,Valneva SE American Depositary Shares,Biotechnology: Biological Products (No Diagnostic Substances),74,6.21999979019165,-49.016394365285564,42,7,A+
VALU,Value Line Inc. Common Stock,Investment Managers,55,39.31999969482422,-4.097561719940934,65,41,C-
VANI,Vivani Medical Inc. Common Stock (DE),Biotechnology: Electromedical & Electrotherapeutic Apparatus,58,1.2300000190734863,-34.22459807823151,49,26,B
VATE,INNOVATE Corp. Common Stock,Metal Fabrications,58,7.519999980926514,-62.51246170921452,72,34,A
VBIO,Valion Bio Inc. Common Stock,Biotechnology: Electromedical & Electrotherapeutic Apparatus,58,3.4800000190734863,-95.56687895659428,2,26,A+
VBNK,VersaBank Common Shares,Commercial Banks,13,23.309999465942383,-1.64798919292245,92,80,A-
VC,Visteon Corporation Common Stock,Auto Parts:O.E.M.,94,89.8499984741211,-27.213771808546472,32,57,E
VCEL,Vericel Corporation Common Stock,Biotechnology: Biological Products (No Diagnostic Substances),74,39.29999923706055,-18.650386835244014,64,54,C
VCIG,VCI Global Limited Ordinary Share,Diversified Commercial Services,85,1.7200000286102295,-99.97625948890807,1,,E-
VCTR,Victory Capital Holdings Inc. Class A Common Stock,Investment Managers,55,106.0999984741211,-12.014873795567492,91,93,B-
VCYT,Veracyte Inc. Common Stock,Medical Specialities,10,48.540000915527344,-19.755332172843055,71,82,B+
VECO,Veeco Instruments Inc. Common Stock,Industrial Machinery/Components,103,45.45000076293945,-45.26734072513609,68,50,E+
VEEA,Veea Inc. Common Stock,EDP Services,116,3.0399999618530273,-83.53196038666071,5,26,A+
VEEE,Twin Vee PowerCats Co. Common Stock,Marine Transportation,5,14.149999618530273,-86.34169900874575,91,26,A+
VEEV,Veeva Systems Inc. Class A Common Stock,Computer Software: Prepackaged Software,60,274.8399963378906,-10.247536006048108,90,81,A-
VEL,Velocity Financial Inc. Common Stock,Finance: Consumer Services,74,15.399999618530273,-25.818885121661005,30,58,E
VELO,Velo3D Inc. Common stock,Industrial Machinery/Components,103,11.020000457763672,-63.998692459885234,85,17,C-
VENU,Venu Holding Corporation Common Stock,Services-Misc. Amusement & Recreation,99,1.5,-89.1930836625903,5,26,E-
VEON,VEON Ltd. ADS,Telecommunications Equipment,94,72.54000091552734,0.0,89,38,A-
VERA,Vera Therapeutics Inc. Class A Common Stock,Biotechnology: Pharmaceutical Preparations,81,33.34000015258789,-40.11136833270794,34,26,B-
VERI,Veritone Inc. Common Stock,EDP Services,116,1.3300000429153442,-84.14779513121434,13,26,B
VERU,Veru Inc. Common Stock,Biotechnology: Pharmaceutical Preparations,81,2.509999990463257,-43.34085580755927,40,7,B-
VERX,Vertex Inc. Class A Common Stock,Computer Software: Prepackaged Software,60,11.680000305175781,-54.97301439974659,30,99,D
VET,Vermilion Energy Inc. Common (Canada),Oil & Gas Production,13,11.869999885559082,-16.350844533007603,84,33,B
VFC,V.F. Corporation Common Stock,Garments and Clothing,90,13.6899995803833,-35.68706353013788,28,39,D+
VFF,Village Farms International Inc. Common Shares,Farming/Seeds/Milling,116,3.119999885559082,-25.35885134715058,85,55,A
VFS,VinFast Auto Ltd. Ordinary Shares,Auto Manufacturing,137,3.130000114440918,-34.24369823662422,50,17,C+
VG,Venture Global Inc. Class A common stock,Oil/Gas Transmission,50,13.229999542236328,-24.226893825146146,80,87,C+
VGAS,Verde Clean Fuels Inc. Class A Common Stock,Major Chemicals,71,1.1299999952316284,-66.26865589849716,12,17,A+
VGNT,Versigent PLC Ordinary Shares,Auto Parts:O.E.M.,94,45.220001220703125,-9.956192509885398,86,,C-
VGZ,Vista Gold Corp Common Stock,Precious Metals,25,2.7100000381469727,-11.147538343766294,87,7,A
VHC,VirnetX Holding Corp Common Stock,Multi-Sector Companies,60,12.229999542236328,-50.76489747540449,31,7,C+
VHCP,Vine Hill Capital Investment Corp. II Class A Ordinary Shares,,,10.0600004196167,-0.3960392113094846,54,,C-
VHI,Valhi Inc. Common Stock,Major Chemicals,71,16.049999237060547,-13.987141648950951,78,68,B+
VHUB,VenHub Global Inc. Common Stock,Industrial Machinery/Components,103,0.5199999809265137,-93.56435661093417,5,26,E-
VIA,Via Transportation Inc. Class A Common Stock,Computer Software: Prepackaged Software,60,29.979999542236328,-44.40942078140674,92,26,A-
VIAV,Viavi Solutions Inc. Common Stock,Semiconductors,29,37.22999954223633,-32.712817079032696,92,88,C-
VICI,VICI Properties Inc. Common Stock,Real Estate Investment Trusts,60,23.270000457763672,-24.334663534912703,33,50,D-
VICR,Vicor Corporation Common Stock,Industrial Machinery/Components,103,276.05999755859375,-27.310548621329144,98,85,A-
VIDA,VIDA Global Inc. Class A Common Stock,Computer Software: Prepackaged Software,60,1.6799999475479126,-69.94633449571272,14,,E-
VIK,Viking Holdings Ltd Ordinary Shares,Marine Transportation,5,79.5199966430664,-26.547205732546242,51,49,E
VINP,Vinci Compass Investments Ltd. Class A Common Shares,Investment Managers,55,9.279999732971191,-27.070099616605535,37,41,C-
VIOT,Viomi Technology Co. Ltd American Depositary Shares,Consumer Electronics/Appliances,64,1.3600000143051147,-58.96541990343347,70,,A+
VIP,Vulcan Infrastructure and Power Inc. Class A Common Stock,Finance: Consumer Services,74,1.7300000190734863,-41.1564630815325,65,44,A
VIPS,Vipshop Holdings Limited American Depositary Shares each representing two ordinary shares,Catalog/Specialty Distribution,63,12.369999885559082,-37.69975424542162,27,90,D-
VIR,Vir Biotechnology Inc. Common Stock,Biotechnology: Biological Products (No Diagnostic Substances),74,10.720000267028809,-7.824590184501945,90,35,C+
VIRC,Virco Manufacturing Corporation Common Stock,Industrial Specialties,68,6.559999942779541,-14.536169836330314,50,36,D
VIRT,Virtu Financial Inc. Class A Common Stock,Investment Bankers/Brokers/Service,56,52.65999984741211,-22.19454015402259,79,81,D+
VISN,Vistance Networks Inc. Common Stock,Radio And Television Broadcasting And Communications Equipment,71,6.349999904632568,-13.518338294625554,71,47,D+
VIST,Vista Energy S.A.B. de C.V. American Depositary Shares each representing one series A share with no par value,Oil & Gas Production,13,68.30000305175781,-13.817030849516954,83,91,B
VITL,Vital Farms Inc. Common Stock,Packaged Foods,113,10.09000015258789,-77.38175293759905,14,40,C-
VIV,Telefonica Brasil S.A. American Depositary Shares (Each representing One Common Share),Telecommunications Equipment,94,11.6899995803833,-28.091681214128272,39,68,C-
VIVK,Vivakor Inc. Common Stock,Environmental Services,81,0.5339000225067139,-99.9692453904086,1,26,A+
VIVO,VivoPower PLC Class A Ordinary Shares,Power Generation,99,4.065000057220459,-38.40908915214957,62,,C+
VIVS,VivoSim Labs Inc. Common Stock,Biotechnology: Biological Products (No Diagnostic Substances),74,0.23000000417232513,-93.50282467088134,2,26,A-
VKI,Invesco Advantage Municipal Income Trust II Common Shares of Beneficial Interest (DE),Finance Companies,64,7.960000038146973,-14.988417509075935,40,,E
VKTX,Viking Therapeutics Inc. Common Stock,Biotechnology: Pharmaceutical Preparations,81,36.75,-12.769999837922906,70,7,A-
VLGEA,Village Super Market Inc. Class A Common Stock,Food Chains,74,45.779998779296875,-2.3745427321945067,75,59,B
VLN,Valens Semiconductor Ltd. Ordinary Shares,Semiconductors,29,1.850000023841858,-47.59206688850176,68,17,B+
VLO,Valero Energy Corporation Common Stock,Integrated oil Companies,1,382.8599853515625,-7.360630448506056,96,98,B-
VLOS,Velos Acquisition I Corp. Class A Ordinary shares,,,10.680000305175781,-4.120653885484426,51,40,C
VLRS,Controladora Vuela Compania de Aviacion S.A.B. de C.V. American Depositary Shares each representing ten (10) Ordinary Participation Certificates,Air Freight/Delivery Services,74,6.730000019073486,-36.68861762352438,26,17,D
VLTO,Veralto Corp Common Stock,Electrical Products,12,96.19999694824219,-9.826812570942112,58,54,C+
VLY,Valley National Bancorp Common Stock,Major Banks,20,12.960000038146973,-13.997161621451436,58,62,D
VMAR,Vision Marine Technologies Inc. Common Shares,Marine Transportation,5,8.0600004196167,-99.87713413994487,2,26,A-
VMC,Vulcan Materials Company (Holding Company) Common Stock,Mining & Quarrying of Nonmetallic Minerals (No Fuels),94,241.6999969482422,-26.41881624607847,28,60,D-
VMD,Viemed Healthcare Inc. Common Shares,Misc Health and Biotechnology Services,21,8.819999694824219,-28.46715531711721,50,55,D-
VMET,Versamet Royalties Corporation Common Stock,Precious Metals,25,9.130000114440918,-32.52032302563862,33,99,E+
VMI,Valmont Industries Inc. Common Stock,Metal Fabrications,58,465.3500061035156,-20.149965433517934,56,91,D
VMRK,Vivmark Residential Common Shares of Beneficial Interest,Real Estate Investment Trusts,60,61.04999923706055,-12.972205403960391,48,41,E+
VNCE,Vince Holding Corp. Common Stock,Clothing/Shoe/Accessory Stores,116,11.140000343322754,0.0,99,64,A+
VNDA,Vanda Pharmaceuticals Inc. Common Stock,Biotechnology: Pharmaceutical Preparations,81,4.980000019073486,-47.907951877755714,28,7,D
VNET,VNET Group Inc. American Depositary Shares,Computer Software: Programming Data Processing,90,6.920000076293945,-50.67711897362618,27,7,B+
VNO,Vornado Realty Trust Common Stock,Real Estate Investment Trusts,60,34.380001068115234,-15.961864589715836,52,36,C-
VNOM,Viper Energy Inc. Class A Common Stock,Oil & Gas Production,13,41.63999938964844,-15.770913851751633,56,64,D-
VNRX,VolitionRX Limited Common Stock,Biotechnology: In Vitro & In Vivo Diagnostic Substances,110,0.25,-98.16176475744346,2,26,A+
VNT,Vontier Corporation Common Stock,Industrial Machinery/Components,103,30.90999984741211,-28.25155654452649,34,74,C
VNTG,Vantage Corp Class A Ordinary Shares,Integrated Freight & Logistics,138,0.75,-90.19607855359148,21,,A
VOD,Vodafone Group Plc American Depositary Shares,Telecommunications Equipment,94,16.489999771118164,-6.730772135276752,83,,B
VOR,Vor Biopharma Inc. Common Stock,Biotechnology: Biological Products (No Diagnostic Substances),74,18.440000534057617,-62.15106717562703,75,39,E+
VOXR,Vox Royalty Corp. Common Stock,Precious Metals,25,5.400000095367432,-15.489088660547147,74,97,B-
VOYA,Voya Financial Inc. Common Stock,Life Insurance,17,96.08999633789062,-8.363536354581314,80,47,C+
VOYG,Voyager Technologies Inc. Class A Common Stock,Military/Government/Technical,94,31.100000381469727,-39.926598210400776,65,17,E-
VPG,Vishay Precision Group Inc. Common Stock,Electrical Products,12,68.56999969482422,-54.25922352094793,84,49,E+
VRA,Vera Bradley Inc. Common Stock,Apparel,121,4.070000171661377,-5.128200283167916,89,35,A+
VRAX,Virax Biolabs Group Limited Ordinary Shares,Biotechnology: In Vitro & In Vivo Diagnostic Substances,110,2.440000057220459,-85.81395378494467,9,,A+
VRCA,Verrica Pharmaceuticals Inc. Common Stock,Biotechnology: Pharmaceutical Preparations,81,4.360000133514404,-52.08791262918356,24,17,A-
VRDN,Viridian Therapeutics Inc. Common Stock,Biotechnology: Pharmaceutical Preparations,81,20.65999984741211,-38.83954827116739,45,17,B-
VREX,Varex Imaging Corporation Common Stock,Industrial Machinery/Components,103,18.469999313354492,-0.5920377330637883,94,63,A
VRM,Vroom Inc. Common Stock,Retail-Auto Dealers and Gas Stations,113,9.734999656677246,-65.75800368561741,20,26,A
VRME,VerifyMe Inc. Common Stock,EDP Services,116,1.1699999570846558,-18.181818181818176,93,17,A+
VRNS,Varonis Systems Inc. Common Stock,Computer Software: Prepackaged Software,60,47.95000076293945,-24.261570489921958,89,17,A-
VRRM,Verra Mobility Corporation Class A Common Stock,Transportation Services,110,3.25,-86.8898754337506,7,37,C-
VRSK,Verisk Analytics Inc. Common Stock,EDP Services,116,168.64999389648438,-32.270863454349296,32,49,D+
VRSN,VeriSign Inc. Common Stock,EDP Services,116,291.8800048828125,-5.5687660021160434,72,58,B-
VRT,Vertiv Holdings LLC Class A Common Stock,Industrial Machinery/Components,103,245.3000030517578,-34.77096653749875,70,97,E
VRTS,Virtus Investment Partners Inc. Common Stock,Investment Managers,55,129.82000732421875,-28.78403783102418,36,57,E+
VRTX,Vertex Pharmaceuticals Incorporated Common Stock,Biotechnology: Pharmaceutical Preparations,81,522.3800048828125,-6.376804016182258,75,55,B-
VRXA,Veraxa Biotech AG Ordinary Shares,Biotechnology: Pharmaceutical Preparations,81,1.409999966621399,-94.31222301513415,5,,A
VS,Versus Systems Inc. Common Stock,EDP Services,116,1.0800000429153442,-54.04254950026449,27,32,B+
VSA,VisionSys AI Inc. American Depositary Shares,Other Consumer Services,124,2.9600000381469727,-99.82790697452634,7,1,A+
VSAT,ViaSat Inc. Common Stock,Telecommunications Equipment,94,73.72000122070312,-17.915596008554846,95,36,B
VSEC,VSE Corporation Common Stock,Military/Government/Technical,94,180.44000244140625,-25.891241330838668,42,85,D
VSH,Vishay Intertechnology Inc. Common Stock,Electrical Products,12,31.799999237060547,-50.84643614832076,90,71,E+
VSME,VS Media Holdings Limited Class A Ordinary Shares,Advertising,124,0.8069999814033508,-98.64597315089905,7,,A+
VSNT,Versant Media Group Inc. Class A Common Stock,Broadcasting,68,33.5,-27.926332045660264,32,,D-
VST,Vistra Corp. Common Stock,Electric Utilities: Central,87,137.94000244140625,-34.19904912181556,27,89,D-
VSTM,Verastem Inc. Common Stock,Biotechnology: Pharmaceutical Preparations,81,7.800000190734863,-26.691729896138238,93,26,A-
VSTS,Vestis Corporation Common Stock,Consumer Specialties,42,13.84000015258789,-16.121211196437024,96,73,B-
VSXY,Victorias Secret & Co. Common Stock,Clothing/Shoe/Accessory Stores,116,83.80999755859375,-16.16485292066071,95,69,D-
VTAK,Catheter Precision Inc. Common Stock,Medical/Dental Instruments,81,0.1599999964237213,-94.66666678587595,2,26,B+
VTEX,VTEX Class A Common Shares,Computer Software: Prepackaged Software,60,3.5999999046325684,-21.225387977965326,40,98,B-
VTGN,Vistagen Therapeutics Inc. Common Stock,Biotechnology: Pharmaceutical Preparations,81,0.30000001192092896,-93.87755089628355,6,26,A+
VTIX,Virtuix Holdings Inc. Class A Common Stock,Computer peripheral equipment,42,1.190000057220459,-95.1209508528093,3,,E-
VTMX,Corporacion Inmobiliaria Vesta S.A.B de C.V. American Depositary Shares each representing ten (10) Common Shares,Real Estate,74,32.61000061035156,-10.351604366120903,59,85,C
VTN,Invesco Trust for Investment Grade New York Municipals Common Stock,Finance Companies,64,9.399999618530273,-18.170442939643337,34,,E
VTOL,Bristow Group Inc. Common Stock,Transportation Services,110,42.29999923706055,-14.939362402549394,62,60,C
VTR,Ventas Inc. Common Stock,Real Estate Investment Trusts,60,86.83000183105469,-13.627769933946887,67,67,D
VTRS,Viatris Inc. Common Stock,Biotechnology: Pharmaceutical Preparations,81,17.420000076293945,-1.7320920125598271,88,69,C+
VTS,Vitesse Energy Inc. Common Stock,Oil & Gas Production,13,17.049999237060547,-22.125672059637814,50,32,C+
VTSI,VirTra Inc. Common Stock,Miscellaneous manufacturing industries,133,2.9000000953674316,-53.599998474121094,20,7,D-
VTVT,vTv Therapeutics Inc. Class A Common Stock,Biotechnology: Pharmaceutical Preparations,81,30.729999542236328,-28.058060558441667,42,35,D+
VUZI,Vuzix Corporation Common Stock,Radio And Television Broadcasting And Communications Equipment,71,2.740000009536743,-46.692605433661605,48,17,B-
VVOS,Vivos Therapeutics Inc. Common Stock,Medical/Dental Instruments,81,0.1459999978542328,-95.80459778580392,2,26,E-
VVV,Valvoline Inc. Common Stock,Major Chemicals,71,28.350000381469727,-29.600198512031263,25,51,E
VVX,V2X Inc. Common Stock,Diversified Commercial Services,85,76.19000244140625,-16.099543563751528,77,91,D+
VWAV,VisionWave Holdings Inc. Common Stock,Computer Software: Prepackaged Software,60,5.789999961853027,-97.95839215894105,1,12,E-
VYGR,Voyager Therapeutics Inc. Common Stock,Biotechnology: Biological Products (No Diagnostic Substances),74,2.799999952316284,-47.46716712203274,19,17,E+
VYX,NCR Voyix Corporation Common Stock,Office Equipment/Supplies/Services,107,7.070000171661377,-45.10869480711752,30,41,D-
VZ,Verizon Communications Inc. Common Stock,Telecommunications Equipment,94,47.31999969482422,-8.027212841345888,66,42,D+
VZLA,Vizsla Silver Corp. Common Shares,Precious Metals,25,3.940000057220459,-42.565597951351904,64,26,B
W,Wayfair Inc. Class A Common Stock,Catalog/Specialty Distribution,63,97.66999816894531,-17.958844464302448,66,51,C+
WAB,Westinghouse Air Brake Technologies Corporation Common Stock,Railroads,25,290.2300109863281,-4.990491813268905,78,90,B
WABC,Westamerica Bancorporation Common Stock,Major Banks,20,59.849998474121094,-3.407868063572328,72,74,B-
WAFD,WaFd Inc. Common Stock,Major Banks,20,30.90999984741211,-20.805172932471915,39,84,E
WAFDP,WaFd Inc. Depositary Shares,Major Banks,20,16.09000015258789,-3.7103468932017103,52,,D+
WAFU,Wah Fu Education Group Limited Ordinary Shares,Other Consumer Services,124,1.559999942779541,-24.637681493269746,49,,A+
WAL,Western Alliance Bancorporation Common Stock (DE),Major Banks,20,76.26000213623047,-19.402352402354815,42,53,D+
WALD,Waldencast plc Class A Ordinary Share,Package Goods/Cosmetics,47,1.0299999713897705,-66.55844165897224,16,,E-
WASH,Washington Trust Bancorp Inc. Common Stock,Major Banks,20,38.720001220703125,-3.825129570376573,80,54,C+
WAT,Waters Corporation Common Stock,Biotechnology: Laboratory Analytical Instruments,4,430.29998779296875,0.0,82,33,B
WATR,Air Water Ventures Limited Ordinary Shares,Beverages (Production/Distribution),110,1.7599999904632568,-83.2460735717286,2,,E-
WATT,Energous Corporation Common Stock,Radio And Television Broadcasting And Communications Equipment,71,13.15999984741211,-62.751205306067625,86,7,E
WAVE,Eco Wave Power Global AB (publ) American Depositary Shares,Electric Utilities: Central,87,6.090000152587891,-38.60886990171194,25,26,A
WAY,Waystar Holding Corp. Common Stock,EDP Services,116,24.639999389648438,-37.80918714306415,52,80,B+
WB,Weibo Corporation American Depositary Share,Computer Software: Programming Data Processing,90,6.53000020980835,-45.51858384631775,24,42,D-
WBD,Warner Bros. Discovery Inc. Series A Common Stock,Cable & Other Pay Television Services,103,30.84000015258789,0.0,79,21,A
WBI,WaterBridge Infrastructure LLC Class A Shares Representing Limited Liability Company Interests,Oilfield Services/Equipment,35,29.940000534057617,-17.18465617392613,75,33,C
WBTN,WEBTOON Entertainment Inc. Common stock,Publishing,37,10.899999618530273,-45.635910058377235,37,17,A-
WBUY,WEBUY GLOBAL LTD. Class A Ordinary Shares,Other Specialty Stores,130,0.7900000214576721,-80.54187111843096,21,,A+
WBX,Wallbox N.V. Class A Ordinary Shares,Industrial Specialties,68,2.930000066757202,-59.24895628039961,32,,A-
WCC,WESCO International Inc. Common Stock,Telecommunications Equipment,94,361.3299865722656,-3.272944045973869,85,90,B-
WCCB,West Coast Community Bancorp Common Stock,Major Banks,20,60.709999084472656,0.0,86,,A-
WCN,Waste Connections Inc. Common Shares,Environmental Services,81,155.92999267578125,-12.096968846163836,41,54,C-
WCT,Wellchange Holdings Company Limited Class A Ordinary shares,Computer Software: Prepackaged Software,60,7.75,-62.19512195121951,99,,A+
WD,Walker & Dunlop Inc Common Stock,Finance: Consumer Services,74,37.310001373291016,-54.37922613760724,16,36,E
WDAY,Workday Inc. Class A Common Stock,EDP Services,116,190.99000549316406,-22.891516165112556,85,97,A-
WDC,Western Digital Corporation Common Stock,Electronic Components,2,450.30999755859375,-39.63595910035976,97,80,D-
WDFC,WD-40 Company Common Stock,Major Chemicals,71,197.19000244140625,-25.266049759467723,36,80,B-
WDS,Woodside Energy Group Limited American Depositary Shares each representing one Ordinary Share,Oil & Gas Production,13,22.299999237060547,-7.813151117281281,85,,C+
WEAV,Weave Communications Inc. Common Stock,Computer Software: Prepackaged Software,60,7.340000152587891,-3.2938075754156637,84,92,A
WEC,WEC Energy Group Inc. Common Stock,Power Generation,99,100.9000015258789,-14.363022952107086,38,60,D
WELL,Welltower Inc. Common Stock,Real Estate Investment Trusts,60,233.61000061035156,-6.973506112581163,77,85,C
WEN,Wendy's Company (The) Common Stock,Restaurants,94,6.510000228881836,-28.011283265844867,32,48,B
WENC,West Enclave Merger Corp. Ordinary Shares,Blank Checks,47,10.0,-0.1996053577839385,53,,C
WERN,Werner Enterprises Inc. Common Stock,Trucking Freight/Courier Services,39,33.47999954223633,-29.202793626414582,57,64,E+
WEST,Westrock Coffee Company Common Stock,Beverages (Production/Distribution),110,7.96999979019165,-18.08838473634874,90,26,D+
WETH,Wetouch Technology Inc. Common Stock,Computer peripheral equipment,42,1.034999966621399,-69.71857296368235,29,,E+
WETO,Wetour Robotics Limited Ordinary Shares,Other Transportation,,1.899999976158142,-99.09523810659137,1,,A
WEX,WEX Inc. common stock,Business Services,66,185.42999267578125,-8.767531278828411,84,92,B
WEYS,Weyco Group Inc. Common Stock,Apparel,121,47.41999816894531,0.0,90,45,B+
WF,Woori Financial Group Inc. American Depositary Shares (each representing three (3) shares of Common Stock),Commercial Banks,13,76.83000183105469,-9.044630376749563,85,50,B
WFC,Wells Fargo & Company Common Stock,Major Banks,20,82.18000030517578,-13.338636883115374,47,87,D+
WFCF,Where Food Comes From Inc. Common Stock,Computer Software: Prepackaged Software,60,12.149999618530273,-32.98400341450139,47,43,A
WFF,WF Holding Limited Ordinary Shares,Miscellaneous manufacturing industries,133,2.069999933242798,-58.09716782862743,25,,A+
WFG,West Fraser Timber Co. Ltd Common stock,Forest Products,85,70.76000213623047,-6.8348215873204605,64,7,B-
WFRD,Weatherford International plc Ordinary Shares,Oil and Gas Field Machinery,9,84.12999725341797,-24.25494018474862,58,85,C
WGO,Winnebago Industries Inc. Common Stock,Homebuilding,90,26.899999618530273,-44.11822205936263,28,45,D-
WGS,GeneDx Holdings Corp. Class A Common Stock,Medical/Nursing Services,35,88.4800033569336,-47.180847279756364,61,43,B+
WH,Wyndham Hotels & Resorts Inc. Common Stock,Hotels/Resorts,87,69.25,-22.074885834713253,31,53,D+
WHD,Cactus Inc. Class A Common Stock,Oil and Gas Field Machinery,9,65.19999694824219,-11.378384975992228,88,66,B-
WHF,WhiteHorse Finance Inc. Common Stock,Finance Companies,64,7.059999942779541,-2.754824790592303,67,49,A-
WHG,Westwood Holdings Group Inc Common Stock,Investment Managers,55,19.020000457763672,-5.7598798499560955,67,91,B
WHK,WhiteHawk Minerals Corp Class A Common Stock,Oil & Gas Production,13,26.350000381469727,-8.060012136221161,50,,E-
WHLR,Wheeler Real Estate Investment Trust Inc. Common Stock,Real Estate Investment Trusts,60,3.740000009536743,-99.99584776622086,1,7,A+
WHR,Whirlpool Corporation Common Stock,Consumer Electronics/Appliances,64,32.97999954223633,-64.00018471460803,14,69,E+
WHWK,Whitehawk Therapeutics Inc. Common Stock,Biotechnology: Pharmaceutical Preparations,81,3.859999895095825,-24.31372613184548,85,7,C
WIMI,WiMi Hologram Cloud Inc. Class B Ordinary Shares,Computer Software: Prepackaged Software,60,0.8109999895095825,-83.44898012805511,7,,E-
WINA,Winmark Corporation Common Stock,Other Specialty Stores,130,292.82000732421875,-41.54181840513553,16,48,E
WING,Wingstop Inc. Common Stock,Restaurants,94,97.83999633789062,-65.39823126328115,10,76,E
WIT,Wipro Limited Common Stock,EDP Services,116,1.6399999856948853,-45.796528394328995,17,52,D-
WIX,Wix.com Ltd. Ordinary Shares,Computer Software: Programming Data Processing,90,77.52999877929688,-57.274332684474636,73,45,A-
WK,Workiva Inc. Class A Common Stock,Computer Software: Prepackaged Software,60,71.4800033569336,-23.39512889597074,78,90,B+
WKC,World Kinect Corporation Common Stock,Oil Refining/Marketing,107,35.970001220703125,-10.633537339868015,88,63,B-
WKEY,WISeKey International Holding Ltd American Depositary Shares,EDP Services,116,5.980000019073486,-66.40449283490526,29,,D-
WKHS,Workhorse Group Inc. Common Stock,Auto Manufacturing,137,2.9100000858306885,-78.91304314774993,21,7,B+
WKSP,Worksport Ltd. Common Stock,Auto Parts:O.E.M.,94,0.4429999887943268,-88.29590544917775,4,7,A+
WLDN,Willdan Group Inc. Common Stock,Military/Government/Technical,94,79.62999725341797,-40.98859062345507,36,91,C+
WLDS,Wearable Devices Ltd. Ordinary Share,Computer Communications Equipment,23,1.5099999904632568,-97.04095624811994,8,,A
WLFC,Willis Lease Finance Corporation Common Stock,Industrial Specialties,68,52.869998931884766,-33.73193790415379,39,84,D
WLK,Westlake Corporation Common Stock,Major Chemicals,71,66.76000213623047,-45.18821233935104,28,63,C-
WLTH,Wealthfront Corporation Common Stock,Finance: Consumer Services,74,10.1899995803833,-26.953407027178354,59,33,A-
WLY,John Wiley & Sons Inc. Common Stock,Books,7,48.61000061035156,-12.760230535870477,83,40,D
WLYB,John Wiley & Sons Inc. Common Stock,Books,7,48.560001373291016,-11.273521323865154,82,40,E
WM,Waste Management Inc. Common Stock,Environmental Services,81,207.9600067138672,-14.559886023568636,43,79,D+
WMB,Williams Companies Inc. (The) Common Stock,Natural Gas Distribution,31,70.58000183105469,-9.80159799569983,59,80,C
WMG,Warner Music Group Corp. Class A Common Stock,Services-Misc. Amusement & Recreation,99,27.290000915527344,-20.45117671247286,52,94,C-
WMK,Weis Markets Inc. Common Stock,Food Chains,74,72.30999755859375,-12.081936995531562,56,45,D+
WMS,Advanced Drainage Systems Inc. Common Stock,Containers/Packaging,93,128.83999633789062,-26.24489277168053,33,75,C-
WMT,Walmart Inc. Common Stock,Department/Specialty Retail Stores,40,107.58999633789062,-19.636682597961276,44,79,D-
WNC,Wabash National Corporation Common Stock,Construction/Ag Equipment/Trucks,31,11.710000038146973,-18.169114641712703,66,7,D-
WNEB,Western New England Bancorp Inc. Common Stock,Savings Institutions,13,13.869999885559082,-5.876448798985024,62,41,B-
WNW,Meiwu Technology Company Limited Ordinary Shares,Package Goods/Cosmetics,47,2.450000047683716,-98.8604650941006,5,,A+
WOK,WORK Medical Technology Group LTD Class A Ordinary Shares,Medical/Dental Instruments,81,1.840000033378601,-99.99837168138639,5,,A
WOLF,Wolfspeed Inc. Common Stock New,Semiconductors,29,26.299999237060547,-64.21768811284278,57,17,E+
WOOF,Petco Health and Wellness Company Inc. Class A Common Stock,Other Specialty Stores,130,2.2899999618530273,-41.43222732521983,27,70,E+
WOR,Worthington Enterprises Inc. Common Shares,Steel/Iron Ore,33,60.33000183105469,-3.1058051424818434,69,87,B+
WPC,W. P. Carey Inc. REIT,Real Estate Investment Trusts,60,65.94999694824219,-14.004440150291808,49,80,D
WPM,Wheaton Precious Metals Corp Common Shares (Canada),Precious Metals,25,143.8800048828125,-12.796069676803368,82,92,B+
WPP,WPP plc American Depositary Shares,Advertising,124,25.270000457763672,-8.275857867283698,89,,A-
WPRT,Westport Fuel Systems Inc Common Shares,Industrial Machinery/Components,103,2.0399999618530273,-18.725100812589414,49,7,B-
WRAP,Wrap Technologies Inc. Common Stock,Ordnance And Accessories,18,1.4299999475479126,-53.87096801483917,46,26,A
WRB,W.R. Berkley Corporation Common Stock,Property-Casualty Insurers,42,67.29000091552734,-11.843541948865898,48,62,D+
WRBY,Warby Parker Inc. Class A Common Stock,Ophthalmic Goods,128,26.270000457763672,-13.414633073022786,50,99,B+
WRD,WeRide Inc. American Depositary Shares,EDP Services,116,5.789999961853027,-53.23101851106482,27,17,E+
WRLD,World Acceptance Corporation Common Stock,Finance: Consumer Services,74,170.75,-23.71442675103005,58,51,D
WRN,Western Copper and Gold Corporation Common Stock,Metal Mining,52,2.3499999046325684,-41.97531372940093,60,44,D+
WS,Worthington Steel Inc. Common Shares,Steel/Iron Ore,33,35.47999954223633,-26.136646824958774,53,56,B-
WSBC,WesBanco Inc. Common Stock,Major Banks,20,38.41999816894531,-9.188074242805811,69,74,C
WSBF,Waterstone Financial Inc. Common Stock (MD),Savings Institutions,13,20.31999969482422,-5.5762116050817045,72,44,C
WSBK,Winchester Bancorp Inc. Common Stock,Banks,19,12.699999809265137,-4.2593329772661725,67,,C-
WSC,WillScot Holdings Corporation Class A Common Stock,Misc Corporate Leasing Services,128,17.75,-38.72275150893244,24,56,E
WSE,Wise Group plc Class A Ordinary Shares,Diversified Commercial Services,85,11.300000190734863,-26.623373567243636,31,,E+
WSFS,WSFS Financial Corporation Common Stock,Major Banks,20,77.2699966430664,-5.869872044263758,77,88,C-
WSHP,WeShop Holdings Limited Class A Ordinary Shares,Other Specialty Stores,130,5.760000228881836,-97.11999988555908,17,,A+
WSM,Williams-Sonoma Inc. Common Stock (DE),Home Furnishings,33,228.66000366210938,-9.182617852601481,68,72,C+
WSO,Watsco Inc. Common Stock,Industrial Machinery/Components,103,320.2099914550781,-29.308271956265976,30,45,D-
WSO-B,Watsco Inc.,,,326.7099914550781,-27.314425111805598,38,45,E-
WST,West Pharmaceutical Services Inc. Common Stock,Medical/Dental Instruments,81,373.6000061035156,-0.6039292955438369,85,86,B-
WT,WisdomTree Inc. Common Stock,Investment Bankers/Brokers/Service,56,23.989999771118164,-4.193295151830734,93,89,B+
WTBA,West Bancorporation Common Stock,Major Banks,20,29.030000686645508,-3.2333310445149754,82,81,B-
WTF,Waton Financial Limited Ordinary Shares,Investment Bankers/Brokers/Service,56,2.3499999046325684,-64.76761802470175,18,,C+
WTFC,Wintrust Financial Corporation Common Stock,Major Banks,20,144.32000732421875,-13.233451007798214,50,68,D
WTI,W&T Offshore Inc. Common Stock,Oil & Gas Production,13,3.859999895095825,-21.002801055936516,94,63,B+
WTM,White Mountains Insurance Group Ltd. Common Stock,Property-Casualty Insurers,42,2029.3299560546875,-12.506627420199123,54,7,C-
WTRG,Essential Utilities Inc. Common Stock,Water Supply,42,39.7400016784668,-5.380948384602869,62,51,C
WTS,Watts Water Technologies Inc. Class A Common Stock,Metal Fabrications,58,354.3999938964844,-9.488947156507477,70,90,D+
WTTR,Select Water Solutions Inc. Class A common stock,Oilfield Services/Equipment,35,19.530000686645508,-11.966450537928852,89,93,B-
WTW,Willis Towers Watson Public Limited Company Ordinary Shares,Specialty Insurers,66,293.6300048828125,-16.28510195785816,54,69,D+
WU,Western Union Company (The) Common Stock,Business Services,66,6.03000020980835,-35.69879021969592,25,40,E
WULF,TeraWulf Inc. Common Stock,Finance: Consumer Services,74,16.290000915527344,-43.788815828703505,51,7,D
WVE,Wave Life Sciences Inc. Common Stock,Biotechnology: Pharmaceutical Preparations,81,3.9600000381469727,-81.4171743904741,9,7,E
WVVI,Willamette Valley Vineyards Inc. Common Stock,Beverages (Production/Distribution),110,1.850000023841858,-52.564103112731765,16,,C+
WW,WW International Inc.  Common Stock,Other Consumer Services,124,13.989999771118164,-59.936997409239254,19,48,E+
WWD,Woodward Inc. Common Stock,Industrial Machinery/Components,103,325.8800048828125,-25.265793202838193,44,95,E+
WWR,Westwater Resources Inc. Common Stock,Metal Mining,52,0.5199999809265137,-85.0574718943548,29,26,A
WWW,Wolverine World Wide Inc. Common Stock,Shoe Manufacturing,50,19.299999237060547,-30.450529685597804,59,79,B
WXM,WF International Limited Ordinary Shares,Engineering & Construction,71,3.9600000381469727,-89.8461537483411,16,,A+
WY,Weyerhaeuser Company Common Stock,Real Estate Investment Trusts,60,20.139999389648438,-23.700601331891725,29,40,E+
WYFI,WhiteFiber Inc. Ordinary Shares,Finance: Consumer Services,74,20.260000228881836,-54.74648197067753,32,26,E-
WYHG,Wing Yip Food Holdings Group Limited American Depositary Shares,Specialty Foods,99,4.099999904632568,-58.29094672986723,86,,A+
WYNN,Wynn Resorts Limited Common stock,Hotels/Resorts,87,80.19000244140625,-39.309280462564566,20,88,E
WYY,WidePoint Corporation Common Stock,EDP Services,116,11.069999694824219,-45.19802338258258,90,53,B+
XAIR,Beyond Air Inc. Common Stock,Medical/Dental Instruments,81,3.1700000762939453,-94.12962948834455,3,17,E-
XBIO,Xenetic Biosciences Inc. Common Stock,Biotechnology: Pharmaceutical Preparations,81,2.4700000286102295,-76.1583000920443,35,26,B-
XBIT,XBiotech Inc. Common Stock,Biotechnology: Pharmaceutical Preparations,81,2.1600000858306885,-26.530610755402495,34,26,D-
XBP,XBP Global Holdings Inc. Common Stock,EDP Services,116,3.369999885559082,-60.21251736345879,38,,A
XCH,XCHG Limited American Depositary Share,Industrial Machinery/Components,103,3.1600000858306885,-91.97969552423717,2,,E-
XCUR,Exicure Inc. Common Stock,Biotechnology: Pharmaceutical Preparations,81,1.2300000190734863,-83.12757166653213,5,26,C
XE,X-Energy Inc. Class A Common Stock,Metal Fabrications,58,15.720000267028809,-56.30905929118937,15,,E+
XEL,Xcel Energy Inc. Common Stock,Power Generation,99,69.55999755859375,-15.180851833803978,38,72,D-
XELB,Xcel Brands Inc. Common Stock,Multi-Sector Companies,60,0.7900000214576721,-67.48971194425047,10,26,C+
XENE,Xenon Pharmaceuticals Inc. Common Shares,Biotechnology: Pharmaceutical Preparations,81,38.060001373291016,-46.36414618892063,24,17,E-
XERS,Xeris Biopharma Holdings Inc. Common Stock,Biotechnology: Pharmaceutical Preparations,81,8.949999809265137,-9.595958039099106,85,53,B+
XFLH,XFLH Capital Corporation Ordinary Shares,Blank Checks,47,10.039999961853027,-1.8572784837267542,54,,C
XFLT,XAI Floating Rate & Alternative Income Trust Common Shares of Beneficial Interest,Investment Managers,55,19.270000457763672,-14.515081193932156,62,,B
XFOR,X4 Pharmaceuticals Inc. Common Stock,Biotechnology: Biological Products (No Diagnostic Substances),74,3.0,-35.76017235569805,23,26,E-
XGN,Exagen Inc. Common Stock,Medical Specialities,10,8.739999771118164,-26.923079069886867,96,7,A
XHG,XChange TEC.INC American Depositary Shares,Specialty Insurers,66,2.190000057220459,-52.59740018466603,98,,A+
XHLD,TEN Holdings Inc. Common Stock,Business Services,66,12.699999809265137,0.0,99,26,A+
XHR,Xenia Hotels & Resorts Inc. Common Stock,Hotels/Resorts,87,17.93000030517578,-17.8276784787085,68,57,D
XLAB,Exascale Labs Holdings Inc. Class A Common Stock,Computer Software: Prepackaged Software,60,2.5799999237060547,-76.52411303514016,4,,A
XLO,Xilio Therapeutics Inc. Common Stock,Biotechnology: Pharmaceutical Preparations,81,9.0,-25.509020321030363,48,17,C+
XMAX,XMAX Inc. Common Stock,Home Furnishings,33,8.75,-6.316918018726325,84,38,C+
XMTR,Xometry Inc. Class A Common Stock,Business Services,66,97.37999725341797,-7.37182555167244,92,92,B
XNCR,Xencor Inc. Common Stock,Biotechnology: Pharmaceutical Preparations,81,23.8799991607666,-18.498294257422288,96,7,B+
XNDU,Xanadu Quantum Technologies Limited Class B Subordinate Voting Shares,Computer Manufacturing,87,5.099999904632568,-85.88039851759086,10,26,E-
XNET,Xunlei Limited American Depositary Shares,Computer Software: Prepackaged Software,60,5.010000228881836,-53.52504310776105,29,40,C-
XOM,ExxonMobil Holdings Corporation Common Stock,Integrated oil Companies,1,162.13999938964844,-4.240495879982942,82,71,B-
XOS,Xos Inc. Common Stock,Auto Parts:O.E.M.,94,2.5,-66.48793582820159,54,17,A+
XP,XP Inc. Class A Common Stock,Investment Bankers/Brokers/Service,56,20.520000457763672,-9.430053837410867,78,64,B
XPEL,XPEL Inc. Common Stock,Industrial Specialties,68,43.75,-20.382166710529326,54,74,C
XPER,Xperi Inc. Common Stock,Computer Software: Prepackaged Software,60,5.449999809265137,-36.92130101039803,29,89,E
XPEV,XPeng Inc. American depositary shares each representing two Class A ordinary shares,Auto Manufacturing,137,10.25,-63.484146378918624,14,7,E
XPL,Solitario Resources Corp. Common Stock,Precious Metals,25,0.6299999952316284,-33.684210196096146,34,26,E
XPO,XPO Inc. Common Stock,Transportation Services,110,176.1199951171875,-22.87953808169416,60,65,D
XPOF,Xponential Fitness Inc. Class A Common Stock,Services-Misc. Amusement & Recreation,99,3.75,-58.33333333333333,10,17,E-
XPON,Expion Energy Inc. Common Stock,Industrial Machinery/Components,103,4.769999980926514,-77.15517158693514,14,7,A+
XPRO,Expro Ltd Ordinary Shares,Oilfield Services/Equipment,35,16.719999313354492,-11.814345354861421,77,50,B-
XRAY,DENTSPLY SIRONA Inc. Common Stock,Medical/Dental Instruments,81,9.529999732971191,-35.0817470377629,30,48,D-
XRN,Chiron Real Estate Inc. Common Stock,Real Estate Investment Trusts,60,35.779998779296875,-4.856139664658265,62,63,C
XRTX,XORTX Therapeutics Inc. Common Shares,Biotechnology: Pharmaceutical Preparations,81,1.7200000286102295,-68.72727220708674,18,26,A+
XRX,Xerox Holdings Corporation Common Stock,Computer peripheral equipment,42,3.3299999237060547,-10.871313710560315,88,40,B+
XSLL,Xsolla SPAC 1 Class A Ordinary Shares,Blank Checks,47,9.979999542236328,-0.2000045776367143,54,,C-
XTIA,XTI Aerospace Inc. Common Stock,EDP Services,116,0.9580000042915344,-68.69280973184142,11,17,E-
XTLB,XTL Biopharmaceuticals Ltd. American Depositary Shares,Biotechnology: Pharmaceutical Preparations,81,2.4100000858306885,-70.60975436721787,26,17,A
XTNT,Xtant Medical Holdings Inc. Common Stock,Medical/Dental Instruments,81,0.3799999952316284,-58.69565344149762,18,42,A+
XWEL,XWELL Inc. Common Stock,Other Consumer Services,124,0.8899999856948853,-47.64706113346714,38,26,E-
XXI,Twenty One Capital Inc. Class A Common Stock,Finance: Consumer Services,74,6.630000114440918,-73.05973201946131,35,,A
XXII,22nd Century Group Inc. Common Stock,Medicinal Chemicals and Botanical Products,123,1.5099999904632568,-99.74579124739675,2,7,A+
XYF,X Financial American Depositary Shares each representing six Class A Ordinary Shares,Finance: Consumer Services,74,5.21999979019165,-60.12764171652078,49,49,B-
XYL,Xylem Inc. Common Stock New,Fluid Controls,16,102.66000366210938,-31.93914961240396,27,,E+
XYZ,Block Inc. Class A Common Stock,Computer Software: Prepackaged Software,60,76.73999786376953,-9.558044497578955,68,49,C-
XZO,Exzeo Group Inc. Common Stock,Computer Software: Prepackaged Software,60,15.649999618530273,-35.46391909884423,41,75,D+
YAAS,Youxin Technology Ltd Class A Ordinary shares,Computer Software: Prepackaged Software,60,1.3700000047683716,-83.84433869430283,76,,E+
YALA,Yalla Group Limited American Depositary Shares each representing one Class A Ordinary Share,Computer Software: Programming Data Processing,90,5.510000228881836,-28.626938100667367,37,54,C+
YARW,Yarrow Bioscience Inc. Common Stock,Biotechnology: Pharmaceutical Preparations,81,26.06999969482422,-39.287376505390725,95,,E-
YB,Yuanbao Inc. American Depositary Shares,Specialty Insurers,66,12.130000114440918,-45.246528711675836,22,89,D-
YCBD,cbdMD Inc. Common Stock,Package Goods/Cosmetics,47,0.45899999141693115,-79.77973589102906,12,26,E-
YDDL,One and One Green Technologies. Inc Class A Ordinary Shares,Industrial Specialties,68,1.4199999570846558,-90.74315552177423,7,,A+
YDES,YD Bio Limited Ordinary Shares,Medical Specialities,10,4.769999980926514,-76.25684447636966,58,,A
YDKG,Yueda Digital Holding Class A Ordinary Share,Advertising,124,0.8999999761581421,-99.75806452253813,29,,B+
YELP,Yelp Inc. Common Stock,Other Consumer Services,124,18.3700008392334,-45.69908411187132,18,57,E
YETI,YETI Holdings Inc. Common Stock,Recreational Games/Products/Toys,81,41.9900016784668,-20.292328331020716,50,86,E+
YEXT,Yext Inc. Common Stock,EDP Services,116,6.46999979019165,-27.057498605775443,79,95,B-
YFOR,YYForce Inc. Class A Ordinary Shares,Professional Services,47,1.600000023841858,-99.72366148120176,10,,A+
YHC,LQR House Inc. Common Stock,Beverages (Production/Distribution),110,1.350000023841858,-98.78378376230464,1,38,E-
YHGJ,Yunhong Green CTI Ltd. Common Stock,Specialty Chemicals,130,2.5999999046325684,-72.10300440163688,20,26,B
YHNA,YHN Acquisition I Limited Ordinary Shares,,,11.050000190734863,-2.643173397814602,58,73,D
YI,111 Inc. American Depositary Shares,Retail-Drug Stores and Proprietary Stores,121,3.5899999141693115,-57.15990614388169,31,17,A
YIBO,Planet Image International Limited Class A Ordinary Shares,Computer peripheral equipment,42,1.159999966621399,-21.088439180638076,59,,D-
YJ,Yunji Inc. American Depository Shares,Other Specialty Stores,130,1.7899999618530273,-57.8823538387523,66,,A+
YMAT,J-Star Holding Co. Ltd. Class A Ordinary Shares,Recreational Games/Products/Toys,81,1.4299999475479126,-84.70588353790922,9,,A+
YMM,Full Truck Alliance Co. Ltd. American Depositary Shares (each representing 20 Class A Ordinary Shares),Computer Software: Prepackaged Software,60,8.15999984741211,-40.53415002812271,38,57,C-
YMT,Yimutian Inc. American Depositary Shares,EDP Services,116,1.7799999713897705,-99.64682540250203,1,,E-
YORW,York Water Company (The) Common Stock,Water Supply,42,30.75,-11.0757710475745,53,69,D+
YOU,Clear Secure Inc. Class A Common Stock,Computer Software: Prepackaged Software,60,38.54999923706055,-37.79054499359108,31,96,E
YOUL,Youlife Group Inc. American Depositary Shares,Other Consumer Services,124,0.49799999594688416,-76.39810328406355,18,,A
YPF,YPF Sociedad Anonima American Depositary Shares,Integrated oil Companies,1,53.61000061035156,-6.943238947442865,89,68,B
YQ,17 Education & Technology Group Inc. American Depositary Shares,Other Consumer Services,124,3.690000057220459,-40.77046475243464,87,26,A+
YRD,Yiren Digital Ltd. American Depositary Shares each representing two ordinary shares,Finance: Consumer Services,74,0.984000027179718,-85.0909084636646,11,32,A
YSG,Yatsen Holding Limited American Depositary Shares each representing twenty (20) Class A Ordinary Shares,Package Goods/Cosmetics,47,2.4800000190734863,-73.36197736524281,14,17,E-
YSS,York Space Systems Inc. Common Stock,Military/Government/Technical,94,9.8100004196167,-77.42232394162785,6,,E
YSWY,Yesway Inc. Class A Common Stock,Food Chains,74,19.450000762939453,-30.930394643709846,43,,C+
YSXT,YSX Tech. Co. Ltd Class A Ordinary Shares,Automotive Aftermarket,135,1.3200000524520874,-55.102039906079305,56,,C+
YTRA,Yatra Online Inc. Ordinary Shares,Transportation Services,110,1.0,-47.6439781426331,31,17,A-
YUM,Yum! Brands Inc.,Restaurants,94,137.33999633789062,-17.58766740508363,37,80,D+
YUMC,Yum China Holdings Inc. Common Stock,Restaurants,94,40.9900016784668,-27.96050395345292,42,76,D
YXT,YXT.COM GROUP HOLDING LIMITED American Depository Shares,Computer Software: Prepackaged Software,60,2.4000000953674316,-89.75672187747577,9,,A+
YYAI,AiRWA Inc. Common Stock,Computer Software: Programming Data Processing,90,0.7689999938011169,-99.9992340637512,1,,B
Z,Zillow Group Inc. Class C Capital Stock,Business Services,66,28.139999389648438,-65.0608404894824,16,83,E
ZBAO,Zhibao Technology Inc. Class A Ordinary Shares,Specialty Insurers,66,0.09300000220537186,-92.67716507070143,2,,A+
ZBH,Zimmer Biomet Holdings Inc. Common Stock,Industrial Specialties,68,89.69000244140625,-13.048455107134249,49,72,D+
ZBIO,Zenas BioPharma Inc. Common Stock,Biotechnology: Pharmaceutical Preparations,81,27.5,-36.298352637451934,69,17,C-
ZBRA,Zebra Technologies Corporation Class A Common Stock,Industrial Machinery/Components,103,365.1000061035156,-4.688558338000548,91,78,B+
ZCMD,Zhongchao Inc. Class A Ordinary Shares,Other Consumer Services,124,0.9779999852180481,-99.89483871126687,5,,A
ZD,Ziff Davis Inc. Common Stock,Telecommunications Equipment,94,56.470001220703125,-4.627593153413967,87,90,C+
ZDAI,DirectBooking Technology Co. Ltd. Class A Ordinary Shares,General Bldg Contractors - Nonresidential Bldgs,,1.5850000381469727,-86.5037467689452,9,,A-
ZDGE,Zedge Inc. Class B Common Stock,Computer Software: Prepackaged Software,60,3.0199999809265137,-26.914985430653402,48,37,A-
ZENA,ZenaTech Inc. Common Stock,Computer Software: Prepackaged Software,60,1.4600000381469727,-78.17638227713903,16,,A
ZEO,Zeo Energy Corporation Class A Common Stock,Industrial Machinery/Components,103,0.38499999046325684,-80.65326690360762,9,17,A+
ZEPP,Zepp Health Corporation American depositary shares each representing sixteen Class A ordinary shares,Computer Manufacturing,87,4.119999885559082,-93.27566532597108,8,17,B-
ZETA,Zeta Global Holdings Corp. Class A Common Stock,Computer Software: Prepackaged Software,60,29.56999969482422,-9.516525646601682,94,95,A-
ZG,Zillow Group Inc. Class A Common Stock,Business Services,66,28.90999984741211,-62.912121899622406,17,83,E+
ZGN,Ermenegildo Zegna N.V. Ordinary Shares,Apparel,121,12.470000267028809,-18.22950644571273,71,,C
ZH,Zhihu Inc. American Depositary Shares each representing three (3) Class A Ordinary Shares,Business Services,66,3.75,-28.29827942019154,72,17,A
ZIM,ZIM Integrated Shipping Services Ltd. Ordinary Shares,Marine Transportation,5,29.3799991607666,-3.70370717678834,89,32,B+
ZION,Zions Bancorporation N.A. Common Stock,Major Banks,20,62.81999969482422,-13.733340723079701,57,77,E+
ZIP,ZipRecruiter Inc. Class A Common Stock,Computer Software: Programming Data Processing,90,3.450000047683716,-37.158466456893045,55,,D
ZJK,ZJK Industrial Co. Ltd. Class A Ordinary Shares,Metal Fabrications,58,2.1600000858306885,-40.9836055962702,45,,A+
ZJYL,JIN MEDICAL INTERNATIONAL LTD. Class A Ordinary Shares,Industrial Specialties,68,2.0,-82.99319760991055,16,,A+
ZKH,ZKH Group Limited American Depositary Shares each representing thirty-five (35) Class A Ordinary Shares,RETAIL: Building Materials,132,2.859999895095825,-24.53826058358326,51,17,B
ZKIN,ZK International Group Co. Ltd Ordinary Share,Metal Fabrications,58,1.7999999523162842,-41.747572740623184,68,,A+
ZLAB,Zai Lab Limited American Depositary Shares,Biotechnology: Pharmaceutical Preparations,81,25.280000686645508,-26.596975334835506,83,17,A-
ZM,Zoom Communications Inc. Class A Common Stock,Computer Software: Programming Data Processing,90,90.3499984741211,-19.24383205921032,66,93,D
ZNB,Zeta Network Group Class A Ordinary Shares,Other Consumer Services,124,1.4299999475479126,-99.94742647251663,2,,E+
ZNTL,Zentalis Pharmaceuticals Inc. Common Stock,Biotechnology: Pharmaceutical Preparations,81,2.75,-58.39636997801571,83,,E
ZONE,Zone Frontier Inc. Class B Common Stock,Specialty Chemicals,130,0.13300000131130219,-94.41176491949265,3,26,E
ZOOZ,ZOOZ Strategy Ltd. Ordinary Shares,Industrial Machinery/Components,103,7.610000133514404,-83.8771186218081,48,,A
ZS,Zscaler Inc. Common Stock,EDP Services,116,214.63999938964844,-36.170337406790786,87,17,A-
ZSQR,Z Squared Inc. Common Stock,Finance: Consumer Services,74,3.7100000381469727,-80.26595644305438,4,,D+
ZSTK,ZeroStack Corp. Common Stock,Other Pharmaceuticals,46,3.990000009536743,-82.29813732266481,17,,A+
ZTG,Zenta Group Company Limited Class A Ordinary Shares,Professional Services,47,1.559999942779541,-85.14285768781389,25,,A+
ZTO,ZTO Express (Cayman) Inc. American Depositary Shares each representing one Class A ordinary share.,Trucking Freight/Courier Services,39,19.469999313354492,-24.768160955466723,39,58,E-
ZTS,Zoetis Inc. Class A Common Stock,Biotechnology: Pharmaceutical Preparations,81,70.2699966430664,-51.45421840030284,18,54,D+
ZUMZ,Zumiez Inc. Common Stock,Clothing/Shoe/Accessory Stores,116,13.4399995803833,-56.10712210313649,15,33,E-
ZURA,Zura Bio Limited Class A Ordinary Shares,Biotechnology: Biological Products (No Diagnostic Substances),74,4.159999847412109,-40.909092756342304,68,26,D-
ZVIA,Zevia PBC Class A Common Stock,Beverages (Production/Distribution),110,1.3300000429153442,-51.28205005043469,27,17,B
ZVRA,Zevra Therapeutics Inc. Common Stock,Biotechnology: Pharmaceutical Preparations,81,11.260000228881836,-23.661015397411276,70,97,D+
ZWS,Zurn Elkay Water Solutions Corporation Common Stock,Industrial Machinery/Components,103,46.599998474121094,-12.178273092643765,45,83,C+
ZYBT,Zhengye Biotechnology Holding Limited Class A Ordinary Shares,Biotechnology: Pharmaceutical Preparations,81,1.309999942779541,-83.64544437769122,75,,A
ZYME,Zymeworks Inc. Common Stock,Biotechnology: Pharmaceutical Preparations,81,26.809999465942383,-13.655394123351217,77,7,B
