symbol,name,industry,industry_rank,price,pct_off_high,rs_rating,eps_rating,ad_rating
A,Agilent Technologies Inc. Common Stock,Biotechnology: Laboratory Analytical Instruments,52,134.2899932861328,-14.060866516873238,54,75,B-
AA,Alcoa Corporation Common Stock,Aluminum,,48.68000030517578,-41.902375255667565,47,59,E-
AACB,Artius II Acquisition Inc. Class A Ordinary Shares,,,10.510000228881836,-0.37914655099395844,48,,D
AACG,ATA Creativity Global American Depositary Shares,Other Consumer Services,123,0.9800000190734863,-61.5686259843532,45,21,A
AAL,American Airlines Group Inc. Common Stock,Air Freight/Delivery Services,9,16.950000762939453,-6.611564081608456,84,37,B+
AAME,Atlantic American Corporation Common Stock,Life Insurance,28,1.690000057220459,-52.12464388335104,16,,E
AAMI,Acadian Asset Management Inc. Common Stock,Investment Managers,73,81.66000366210938,-1.2814283643028501,92,60,D-
AAOI,Applied Optoelectronics Inc. Common Stock,Semiconductors,1,119.91999816894531,-46.248321430657455,98,21,E
AAON,AAON Inc. Common Stock,Industrial Machinery/Components,68,114.16000366210938,-22.941298795575094,80,68,C-
AAP,Advance Auto Parts Inc.,Auto & Home Supply Stores,115,57.95000076293945,-11.106957127455741,60,,B-
AAPG,Ascentage Pharma Group International American Depository Shares,Biotechnology: Pharmaceutical Preparations,68,19.969999313354492,-58.30897979707723,15,,E
AAPL,Apple Inc. Common Stock,Computer Manufacturing,15,315.32000732421875,-0.28461004775477416,77,65,B-
AARD,Aardvark Therapeutics Inc. Common Stock,Biotechnology: Pharmaceutical Preparations,68,7.599999904632568,-56.34692721859924,58,13,A+
AAT,American Assets Trust Inc. Common Stock,Real Estate Investment Trusts,45,25.1200008392334,-1.52880982418373,81,37,B-
AAUC,Allied Gold Corporation Common Shares,,,23.34000015258789,-27.085281548149865,57,13,E+
ABAT,American Battery Technology Company Common Stock,Metal Mining,71,2.630000114440918,-76.78728921314377,29,11,A-
ABBV,AbbVie Inc. Common Stock,Biotechnology: Pharmaceutical Preparations,68,248.0800018310547,-4.975678985993969,68,71,A-
ABCB,Ameris Bancorp Common Stock,Major Banks,26,90.41000366210938,-1.352970914484275,69,82,C
ABCL,AbCellera Biologics Inc. Common Shares,Biotechnology: Pharmaceutical Preparations,68,6.800000190734863,-16.25615410625506,92,5,A-
ABEO,Abeona Therapeutics Inc. Common Stock,Biotechnology: Pharmaceutical Preparations,68,6.980000019073486,-3.4578146520120923,80,5,A-
ABEV,Ambev S.A. American Depositary Shares (Each representing 1 Common Share),Beverages (Production/Distribution),97,3.069999933242798,-10.23998554528186,68,60,D
ABG,Asbury Automotive Group Inc Common Stock,Retail-Auto Dealers and Gas Stations,105,211.97000122070312,-20.303041603248538,36,60,C
ABLV,Able View Global Inc. Class B Ordinary Shares,Other Consumer Services,123,1.0299999713897705,-16.260166226206117,85,,A-
ABM,ABM Industries Incorporated Common Stock,Diversified Commercial Services,111,44.599998474121094,-7.7953754557738675,52,64,B-
ABNB,Airbnb Inc. Class A Common Stock,Diversified Commercial Services,111,148.6199951171875,-0.20814985150010568,64,55,C+
ABOS,Acumen Pharmaceuticals Inc. Common Stock,Biotechnology: Biological Products (No Diagnostic Substances),64,2.630000114440918,-21.958450927228988,84,5,A
ABR,Arbor Realty Trust Common Stock,Real Estate Investment Trusts,45,5.050000190734863,-55.26522120796453,13,37,E-
ABSI,Absci Corporation Common Stock,Biotechnology: Commercial Physical & Biological Resarch,23,10.600000381469727,-8.777964837650076,99,5,A
ABT,Abbott Laboratories Common Stock,Biotechnology: Pharmaceutical Preparations,68,93.93000030517578,-30.15626294154421,24,71,D+
ABTC,American Bitcoin Corp. Class A Common Stock,EDP Services,125,6.130000114440918,-34.15682236141837,99,,E-
ABTS,Abits Group Inc Ordinary Shares,Computer Software: Programming Data Processing,110,1.2300000190734863,-88.02336938414,9,,A+
ABUS,Arbutus Biopharma Corporation Common Stock,Biotechnology: Pharmaceutical Preparations,68,4.800000190734863,-8.045969661645657,66,60,B
ABVC,ABVC BioPharma Inc. Common Stock,Biotechnology: Pharmaceutical Preparations,68,1.5099999904632568,-61.96473603069823,18,5,A
ABVX,Abivax SA American Depositary Shares,Biotechnology: Pharmaceutical Preparations,68,139.89999389648438,-3.723077388345486,99,21,B+
ABX,Abacus Global Management Inc. Class A Common Stock,Investment Managers,73,11.109999656677246,-7.416669527689612,92,90,A-
ACA,Arcosa Inc. Common Stock,Metal Fabrications,38,145.0,-0.2613873091549368,86,92,A-
ACAD,ACADIA Pharmaceuticals Inc. Common Stock,Biotechnology: Pharmaceutical Preparations,68,26.219999313354492,-6.557377717776425,64,43,A-
ACB,Aurora Cannabis Inc. Common Shares,Medicinal Chemicals and Botanical Products,135,2.7100000381469727,-56.500802089082526,14,11,E
ACCL,Acco Group Holdings Limited Class A Ordinary Shares,Professional Services,97,1.7999999523162842,-60.08869487879033,24,,E-
ACCO,Acco Brands Corporation Common Stock,Publishing,102,3.880000114440918,-10.804593114843986,70,56,B
ACCS,ACCESS Newswire Inc. Common Stock,Publishing,102,7.110000133514404,-42.522229593431746,21,54,E+
ACDC,ProFrac Holding Corp. Class A Common Stock,Oilfield Services/Equipment,18,4.920000076293945,-39.92673591732121,37,5,E
ACEL,Accel Entertainment Inc.,Services-Misc. Amusement & Recreation,87,12.5,-6.785979550832899,57,94,D+
ACET,Adicet Bio Inc. Common Stock,Biotechnology: Pharmaceutical Preparations,68,8.829999923706055,-46.935094665934294,45,5,B+
ACFN,Acorn Energy Inc. Common Stock,Military/Government/Technical,91,17.25,-43.59058193905503,31,5,B-
ACGL,Arch Capital Group Ltd. Common Stock,Property-Casualty Insurers,46,101.05999755859375,-1.7403995547727091,54,94,C-
ACH,Accendra Health Inc. Common Stock,Medical Specialities,34,3.4200000762939453,-58.69564992042924,53,28,B-
ACHC,Acadia Healthcare Company Inc. Common Stock,Medical Specialities,34,31.280000686645508,-2.0050106144070656,85,30,A-
ACHR,Archer Aviation Inc. Class A Common Stock,Aerospace,90,4.730000019073486,-65.32258137816702,14,5,D-
ACHV,Achieve Life Sciences Inc. Common Shares,Biotechnology: In Vitro & In Vivo Diagnostic Substances,55,6.110000133514404,-6.431853947923106,94,5,A-
ACI,Albertsons Companies Inc. Class A Common Stock,Food Chains,55,14.760000228881836,-31.4561378117206,27,28,E+
ACIC,American Coastal Insurance Corporation Common Stock,Property-Casualty Insurers,46,11.170000076293945,-8.862798937346817,43,77,C
ACIU,AC Immune SA Common Stock,Biotechnology: Pharmaceutical Preparations,68,2.390000104904175,-40.10024814055917,22,5,E+
ACIW,ACI Worldwide Inc. Common Stock,Computer Software: Prepackaged Software,120,56.41999816894531,0.0,76,56,A-
ACLS,Axcelis Technologies Inc. Common Stock,Industrial Machinery/Components,68,143.35000610351562,-25.182671431613635,90,61,D+
ACM,AECOM Common Stock,Military/Government/Technical,91,68.25,-48.62667383064152,16,84,E+
ACMR,ACM Research Inc. Class A Common Stock,Industrial Machinery/Components,68,103.0,-18.82733036847769,97,55,A-
ACN,Accenture plc Class A Ordinary Shares (Ireland),Business Services,92,135.22999572753906,-52.167248849846395,12,72,E-
ACNB,ACNB Corporation Common Stock,Major Banks,26,59.31999969482422,-3.1510209064094408,78,92,B
ACNT,Ascent Industries Co. Common Stock,Steel/Iron Ore,66,15.260000228881836,-14.173230373699786,63,11,E
ACOG,Alpha Cognition Inc. Common Stock,,,8.40999984741211,-23.545455932617188,67,5,B+
ACON,Aclarion Inc. Common Stock,Medical Specialities,34,2.8440001010894775,-70.6501524845579,11,5,C
ACR,ACRES Commercial Realty Corp. Common Stock,Real Estate Investment Trusts,45,17.31999969482422,-27.95341499493331,32,38,B+
ACRE,Ares Commercial Real Estate Corporation Common Stock,Real Estate Investment Trusts,45,4.429999828338623,-17.205251483805206,42,43,D
ACRS,Aclaris Therapeutics Inc. Common Stock,Biotechnology: Pharmaceutical Preparations,68,5.579999923706055,-2.2767095196571274,97,5,A-
ACRV,Acrivon Therapeutics Inc. Common Stock,Biotechnology: Pharmaceutical Preparations,68,1.9600000381469727,-34.8837194565799,63,5,A-
ACT,Enact Holdings Inc. Common Stock,Specialty Insurers,105,44.75,-2.1001949326198144,65,76,D+
ACTG,Acacia Research Corporation (Acacia Tech) Common Stock,Multi-Sector Companies,97,4.420000076293945,-14.3410812597077,58,32,E+
ACTU,Actuate Therapeutics Inc. Common stock,Biotechnology: Pharmaceutical Preparations,68,1.2100000381469727,-86.12385319846716,5,21,E-
ACU,Acme United Corporation. Common Stock,Industrial Machinery/Components,68,47.29999923706055,-3.0318000420736846,59,52,C+
ACVA,ACV Auctions Inc. Class A Common Stock,Business Services,92,6.670000076293945,-59.624697993520094,43,43,B
ACXP,Acurx Pharmaceuticals Inc. Common Stock,Biotechnology: Pharmaceutical Preparations,68,1.5,-84.96993919035913,6,5,E-
AD,Array Digital Infrastructure Inc. Common Shares,Telecommunications Equipment,74,34.650001525878906,-21.341841271292793,42,76,E
ADAG,Adagene Inc. American Depositary Shares,Biotechnology: Pharmaceutical Preparations,68,3.940000057220459,-17.573224178196632,92,11,A-
ADAM,Adamas Trust Inc. Common Stock,Real Estate Investment Trusts,45,9.1899995803833,-3.3648858127962478,83,61,B-
ADBE,Adobe Inc. Common Stock,Computer Software: Prepackaged Software,120,223.63999938964844,-40.02199095709975,21,89,E+
ADC,Agree Realty Corporation Common Stock,Real Estate Investment Trusts,45,77.94999694824219,-3.498049334988762,57,75,D+
ADCT,ADC Therapeutics SA Common Shares,Biotechnology: Pharmaceutical Preparations,68,1.2899999618530273,-73.56557517210595,5,5,E-
ADEA,Adeia Inc. Common Stock,Computer Software: Prepackaged Software,120,28.985000610351562,-13.651333508798002,88,76,C
ADGM,Adagio Medical Holdings Inc Common Stock,Medical/Dental Instruments,117,0.5699999928474426,-75.84745685659031,6,21,E
ADI,Analog Devices Inc. Common Stock,Semiconductors,1,395.6499938964844,-11.185690908895364,84,91,E+
ADIL,Adial Pharmaceuticals Inc Common Stock,Biotechnology: Pharmaceutical Preparations,68,2.7799999713897705,-82.3492065308586,36,5,A+
ADM,Archer-Daniels-Midland Company Common Stock,Packaged Foods,129,80.41000366210938,-4.398997647595815,80,50,C-
ADMA,ADMA Biologics Inc Common Stock,Biotechnology: Biological Products (No Diagnostic Substances),64,9.079999923706055,-55.446514732022656,17,87,E+
ADNT,Adient plc Ordinary Shares,Auto Parts:O.E.M.,64,19.959999084472656,-26.319678951475055,37,61,D-
ADP,Automatic Data Processing Inc. Common Stock,Diversified Commercial Services,111,241.9199981689453,-20.035078817639572,46,76,B-
ADPT,Adaptive Biotechnologies Corporation Common Stock,Biotechnology: Biological Products (No Diagnostic Substances),64,21.059999465942383,-5.856063138779522,89,5,A-
ADSE,ADS-TEC ENERGY PLC Ordinary Shares,Industrial Specialties,84,11.970000267028809,-7.781196539499313,48,,B+
ADSK,Autodesk Inc. Common Stock,Computer Software: Prepackaged Software,120,208.4499969482422,-36.21286101236849,22,93,D-
ADT,ADT Inc. Common Stock,Diversified Commercial Services,111,6.710000038146973,-22.379835632832133,31,87,D-
ADTN,ADTRAN Holdings Inc. Common Stock,Telecommunications Equipment,74,13.4399995803833,-30.721650285261692,76,72,D-
ADUR,Aduro Clean Technologies Inc. Common Stock,Major Chemicals,54,16.1200008392334,-7.303039649161902,85,21,B
ADUS,Addus HomeCare Corporation Common Stock,Medical/Nursing Services,32,108.20999908447266,-11.84521459513429,51,70,C+
ADV,Advantage Solutions Inc. Class A Common Stock,Business Services,92,39.88999938964844,-18.59183798030931,84,21,C-
ADVB,Advanced Biomed Inc. Common Stock,Medical Specialities,34,5.159999847412109,-67.75000095367432,14,35,A
ADXN,Addex Therapeutics Ltd American Depositary Shares,Biotechnology: Pharmaceutical Preparations,68,6.340000152587891,-42.1004542189725,24,,C
AEBI,Aebi Schmidt Holding AG Common Stock,Auto Manufacturing,138,11.710000038146973,-24.829437405304645,40,,D+
AEC,Anfield Energy Inc. Common Shares,Metal Mining,71,4.25,-60.9375004108776,15,,E+
AEE,Ameren Corporation Common Stock,Power Generation,59,112.94000244140625,-4.5469889006881985,58,71,D+
AEG,Aegon Ltd. New York Registry Shares,Life Insurance,28,8.800000190734863,0.0,70,5,C
AEHL,Antelope Enterprise Holdings Limited Class A Ordinary Shares,Building Materials,38,0.8799999952316284,-96.6127790194877,5,,A+
AEHR,Aehr Test Systems Common Stock,Electrical Products,3,72.5999984741211,-37.72516955409599,98,36,D+
AEI,Alset Inc. Common Stock (TX),Real Estate,87,1.2100000381469727,-71.662762446092,15,,B
AEIS,Advanced Energy Industries Inc. Common Stock,Industrial Machinery/Components,68,308.04998779296875,-20.79548026074405,84,86,E-
AEM,Agnico Eagle Mines Limited Common Stock,Precious Metals,104,146.8699951171875,-41.61872005769423,29,98,E
AEMD,Aethlon Medical Inc. Common Stock,Medical/Dental Instruments,117,0.7099999785423279,-96.75799090908853,2,,A+
AENT,Alliance Entertainment Holding Corporation Class A Common Stock,Durable Goods,126,6.010000228881836,-28.706998679562723,31,56,C+
AEO,American Eagle Outfitters Inc. Common Stock,Clothing/Shoe/Accessory Stores,92,16.809999465942383,-39.237144012064206,54,86,D-
AEON,AEON Biopharma Inc. Class A Common Stock,Biotechnology: Pharmaceutical Preparations,68,0.4830000102519989,-65.49999868018284,10,11,E-
AEP,American Electric Power Company Inc. Common Stock,Electric Utilities: Central,55,135.42999267578125,-2.3505730104823486,64,59,D+
AER,AerCap Holdings N.V. Ordinary Shares,Diversified Commercial Services,111,149.8699951171875,-2.672708259612777,62,89,C
AERO,Grupo Aeromexico S.A.B. de C.V. American Depositary Shares (each representing ten (10) Common Shares),Air Freight/Delivery Services,9,16.729999542236328,-26.975121546645788,33,51,D
AERT,Aeries Technology Inc. Class A Ordinary Share,Professional Services,97,6.960000038146973,-20.90909218985184,84,,A+
AES,The AES Corporation Common Stock,Electric Utilities: Central,55,14.779999732971191,-13.41297821484485,55,98,D+
AESI,Atlas Energy Solutions Inc. Common Stock,Mining & Quarrying of Nonmetallic Minerals (No Fuels),67,14.390000343322754,-27.13923876798605,76,5,D
AEVA,Aeva Technologies Inc. Common Stock,Auto Parts:O.E.M.,64,20.989999771118164,-34.87434046155825,77,5,B-
AEYE,AudioEye Inc. Common Stock,Computer Software: Prepackaged Software,120,7.099999904632568,-53.80611608654995,25,75,E+
AFBI,Affinity Bancshares Inc. Common Stock (MD),Banks,27,22.649999618530273,-0.04413163702196021,59,68,D
AFCG,Advanced Flower Capital Inc. Common Stock,Real Estate,87,2.869999885559082,-38.69174235689853,38,42,C+
AFG,American Financial Group Inc. Common Stock,Property-Casualty Insurers,46,141.3800048828125,-0.994396455601354,56,77,C
AFJK,Aimei Health Technology Co. Ltd Ordinary Share,,,12.6899995803833,-85.6610174232957,11,,E-
AFJKU,Aimei Health Technology Co. Ltd Unit,,,28.010000228881836,-62.83667346668358,74,,E
AFL,AFLAC Incorporated Common Stock,Accident &Health Insurance,21,121.91000366210938,-0.06557439385275199,61,61,C-
AFRI,Forafric Global PLC Ordinary Shares,Packaged Foods,129,10.59000015258789,-6.117017701396277,65,,B+
AFRM,Affirm Holdings Inc. Class A Common Stock,Finance: Consumer Services,112,83.41999816894531,-9.503148304653031,81,75,B+
AFYA,Afya Limited Class A Common Shares,Other Consumer Services,123,14.380000114440918,-9.33164927032789,40,66,D
AG,First Majestic Silver Corp. Ordinary Shares (Canada),Precious Metals,104,16.950000762939453,-46.999865571533896,69,90,D-
AGBK,AGI Inc Class A Common Shares,Commercial Banks,8,7.28000020980835,-39.33333158493042,22,,D
AGCC,Agencia Comercial Spirits Ltd Class A Ordinary Shares,Beverages (Production/Distribution),97,16.09000015258789,-32.84640748164694,93,,C-
AGCO,AGCO Corporation Common Stock,Industrial Machinery/Components,68,114.31999969482422,-18.419085168331893,45,66,D-
AGEN,Agenus Inc. Common Stock,Biotechnology: Biological Products (No Diagnostic Substances),64,3.3499999046325684,-52.54957603705497,21,32,B
AGI,Alamos Gold Inc. Class A Common Shares,Precious Metals,104,29.459999084472656,-46.648053588752624,23,97,E-
AGIG,Abundia Global Impact Group Inc. Common stock,Oil & Gas Production,43,0.9700000286102295,-92.0295807516082,9,,E+
AGIO,Agios Pharmaceuticals Inc. Common Stock,Biotechnology: Pharmaceutical Preparations,68,41.22999954223633,-9.364699887990968,71,5,A-
AGL,agilon health inc. Common Stock,Misc Health and Biotechnology Services,13,114.8499984741211,-3.6897287428753978,99,30,A-
AGM,Federal Agricultural Mortgage Corporation Common Stock,Finance Companies,58,202.52999877929688,-0.28556044966361327,74,74,B-
AGMB,AgomAb Therapeutics NV American Depositary Shares,Biotechnology: Biological Products (No Diagnostic Substances),64,13.079999923706055,-26.59932577044256,51,,B
AGMH,AGM Group Holdings Inc. Class A Ordinary Shares,EDP Services,125,1.149999976158142,-88.87814352816696,18,,A
AGNC,AGNC Investment Corp. Common Stock,Real Estate Investment Trusts,45,11.130000114440918,-2.2685904583958694,67,30,C+
AGNT,AGNT Inc. Common Stock,Real Estate,87,4.519999980926514,-61.012261785807794,12,33,D
AGO,Assured Guaranty Ltd. Common Stock,Property-Casualty Insurers,46,82.0999984741211,-10.094285190561326,41,74,D
AGPU,Axe Compute Inc. Common Stock,Industrial Specialties,84,7.360000133514404,-59.111110369364425,53,,A
AGRO,Adecoagro S.A. Common Shares,Farming/Seeds/Milling,95,10.3100004196167,-32.08168503065579,53,53,E
AGRZ,Agroz Inc. Ordinary Shares,Farming/Seeds/Milling,95,0.4269999861717224,-93.14606765867674,12,,E-
AGX,Argan Inc. Common Stock,Engineering & Construction,30,630.3200073242188,-21.06693169374453,94,94,E+
AGYS,Agilysys Inc. Common Stock (DE),EDP Services,125,108.9800033569336,-22.77493825985788,76,77,A
AHCO,AdaptHealth Corp. Common Stock,Medical/Nursing Services,32,10.220000267028809,-23.61733796998663,41,30,D-
AHG,Akso Health Group ADS,Business Services,92,1.5199999809265137,-39.20000076293946,29,29,D
AHMA,Ambitions Enterprise Management Co. L.L.C Class A Ordinary Shares,Services-Misc. Amusement & Recreation,87,1.7799999713897705,-95.20344936105107,53,,A+
AHR,American Healthcare REIT Inc. Common Stock,Real Estate Investment Trusts,45,53.56999969482422,-2.6707870571426984,75,70,C+
AHRT,AH Realty Trust Inc. Common Stock,Real Estate,87,7.070000171661377,-1.5320286811580486,68,5,C+
AHT,Ashford Hospitality Trust Inc Common Stock,Real Estate Investment Trusts,45,3.200000047683716,-55.369595346814236,25,5,B+
AI,C3.ai Inc. Class A Common Stock,Computer Software: Prepackaged Software,120,8.949999809265137,-69.30727072668545,18,5,E+
AIB,AIB Data Centers Inc. Common Stock,Investment Bankers/Brokers/Service,84,2.069999933242798,-42.65927996134052,47,,A-
AIDX,20/20 Biolabs Inc. Common Stock,Precision Instruments,42,0.5899999737739563,-97.5262056002634,2,,A+
AIFA,All In FutureTech Alliance Inc. Common Stock,Services-Misc. Amusement & Recreation,87,1.9600000381469727,-83.16151219642084,17,5,A
AIFC,AI Financial Corporation Common Stock,Finance: Consumer Services,112,0.5400000214576721,-93.9799330503639,4,93,E
AIFF,Firefly Neuroscience Inc. Common Stock,Computer Software: Prepackaged Software,120,1.149999976158142,-62.295082159434486,14,,C
AIFU,AIFU Inc. Class A Ordinary Share,Specialty Insurers,105,36.9900016784668,-79.89673821822456,32,38,B+
AIG,American International Group Inc. New Common Stock,Life Insurance,28,79.16999816894531,-7.418629063729032,44,93,C+
AIHS,Senmiao Technology Limited Common Stock,Finance: Consumer Services,112,1.5,-61.240308931345055,41,,A
AII,American Integrity Insurance Group Inc. Common Stock,Property-Casualty Insurers,46,19.020000457763672,-23.331224651221728,44,50,B
AIIO,Robo.ai Inc. Class B Ordinary Shares,Auto Manufacturing,138,3.3350000381469727,-93.63549629573978,94,,A+
AIIR,Air Global PLC Ordinary Shares,Tobacco,,6.650000095367432,-55.666666030883796,14,,E
AIM,AIM ImmunoTech Inc. Common Stock,Biotechnology: Biological Products (No Diagnostic Substances),64,0.2800000011920929,-96.91581200138873,4,5,A+
AIMD,Ainos Inc. Common Stock,Computer peripheral equipment,52,1.8899999856948853,-55.52941210129681,30,,A+
AIN,Albany International Corporation Common Stock,Textiles,32,72.56999969482422,-4.876132096029362,76,55,B-
AIOS,AIOS Tech Inc. Class A Common Shares,Metal Fabrications,38,14.270000457763672,-84.4891299372134,17,,A
AIOT,PowerFleet Inc. Common Stock,Telecommunications Equipment,74,4.239999771118164,-24.955757530081456,56,76,B
AIP,Arteris Inc. Common Stock,Semiconductors,1,34.77000045776367,-28.442065551399608,97,5,B-
AIR,AAR Corp. Common Stock,Aerospace,90,135.6699981689453,-5.5288645690834475,86,95,B
AIRE,reAlpha Tech Corp. Common Stock,Real Estate,87,1.850000023841858,-94.89655165836729,3,13,E
AIRG,Airgain Inc. Common Stock,Radio And Television Broadcasting And Communications Equipment,18,6.010000228881836,-18.67387906002812,77,11,D
AIRI,Air Industries Group Common Stock,Military/Government/Technical,91,2.890000104904175,-23.54497019105465,33,5,E+
AIRJ,AirJoule Technologies Corporation Class A Common Stock,Industrial Machinery/Components,68,4.300000190734863,-34.74961925385912,62,13,B
AIRO,AIRO Group Holdings Inc. Common Stock,Aerospace,90,6.28000020980835,-78.19444313829325,10,21,C-
AIRS,AirSculpt Technologies Inc. Common Stock,Medical/Nursing Services,32,4.329999923706055,-62.832617463619165,81,5,B+
AIRT,Air T Inc. Common Stock,Air Freight/Delivery Services,9,27.079999923706055,-15.348546053585943,77,,A
AISP,Airship AI Holdings Inc. Class A Common Stock,Computer Software: Prepackaged Software,120,2.2100000381469727,-68.33810842252225,18,5,E-
AIT,Applied Industrial Technologies Inc. Common Stock,Industrial Specialties,84,331.1499938964844,-3.6065710951443286,75,80,C
AIV,Apartment Investment and Management Company Common Stock,Real Estate Investment Trusts,45,2.799999952316284,-14.502488764668254,38,97,D
AIXC,AIxCrypto Holdings Inc. Common Stock,Biotechnology: Pharmaceutical Preparations,68,1.0199999809265137,-83.02828715338859,8,5,E
AIXI,XIAO-I Corporation American Depositary Shares,Computer Software: Prepackaged Software,120,1.840000033378601,-96.18257260528227,1,,E-
AIZ,Assurant Inc. Common Stock,Property-Casualty Insurers,46,278.8900146484375,-0.4355327431807998,79,90,C+
AJG,Arthur J. Gallagher & Co. Common Stock,Specialty Insurers,105,253.08999633789062,-18.852448349392915,42,78,B
AKA,a.k.a. Brands Holding Corp. Common Stock,Catalog/Specialty Distribution,68,11.180000305175781,-24.966438983851667,50,5,D-
AKAM,Akamai Technologies Inc. Common Stock,Business Services,92,126.19000244140625,-21.689212536069647,84,72,C+
AKAN,Akanda Corp. Common Shares,Medicinal Chemicals and Botanical Products,135,9.9399995803833,-90.74767348862868,89,,A
AKBA,Akebia Therapeutics Inc. Common Stock,Biotechnology: Pharmaceutical Preparations,68,1.399999976158142,-65.08728438281103,20,21,A
AKO-A,Embotelladora Andina S.A.,,,23.959999084472656,-8.358065903865386,66,60,C+
AKO-B,Embotelladora Andina S.A.,,,29.899999618530273,-7.764727437729668,68,64,B+
AKR,Acadia Realty Trust Common Stock,Real Estate Investment Trusts,45,21.290000915527344,-4.613972630366381,59,99,E+
AKTS,Aktis Oncology Inc. Common stock,Biotechnology: Pharmaceutical Preparations,68,27.8799991607666,-13.496743540964673,84,11,A
AKTX,Akari Therapeutics plc ADS,Biotechnology: Pharmaceutical Preparations,68,13.880000114440918,-69.69432238939982,93,,A+
ALAB,Astera Labs Inc. Common Stock,Semiconductors,1,412.9700012207031,-14.502502874883294,98,96,A-
ALAR,Alarum Technologies Ltd. American Depositary Share,Computer Software: Prepackaged Software,120,2.200000047683716,-87.0740306197807,3,44,E-
ALB,Albemarle Corporation Common Stock,Major Chemicals,54,126.05000305175781,-41.39144166553387,57,38,E
ALBT,Avalon GloboCare Corp. Common Stock,Biotechnology: Biological Products (No Diagnostic Substances),64,0.27799999713897705,-90.63973082622955,4,,E-
ALC,Alcon Inc. Ordinary Shares,Ophthalmic Goods,115,67.80999755859375,-26.109315247723984,28,87,E+
ALCO,Alico Inc. Common Stock,,,41.15999984741211,-7.310592006795369,60,31,B-
ALDF,Aldel Financial II Inc. Class A Ordinary Shares,,,10.729999542236328,0.0,47,,D
ALDX,Aldeyra Therapeutics Inc. Common Stock,Biotechnology: Pharmaceutical Preparations,68,2.069999933242798,-64.8556879428605,22,5,B+
ALEC,Alector Inc. Common Stock,Biotechnology: Biological Products (No Diagnostic Substances),64,1.6100000143051147,-51.506022690411534,20,21,E+
ALG,Alamo Group Inc. Common Stock,Industrial Machinery/Components,68,161.47999572753906,-30.15067161337036,28,43,D+
ALGM,Allegro MicroSystems Inc. Common Stock,Semiconductors,1,54.869998931884766,-21.186445321450975,91,81,B-
ALGN,Align Technology Inc. Common Stock,Industrial Specialties,84,179.4499969482422,-13.38867955320817,56,66,C+
ALGS,Aligos Therapeutics Inc. Common Stock,Biotechnology: Biological Products (No Diagnostic Substances),64,6.619999885559082,-50.20684582497239,20,21,A
ALGT,Allegiant Travel Company Common Stock,Air Freight/Delivery Services,9,111.0199966430664,-6.831157073580496,89,88,A-
ALH,Alliance Laundry Holdings Inc. Common Stock,Industrial Machinery/Components,68,26.260000228881836,-2.487931929823173,62,,C-
ALHC,Alignment Healthcare Inc. Common Stock,Medical Specialities,34,19.829999923706055,-19.258956209650858,56,94,D-
ALIT,Alight Inc. Class A Common Stock,Business Services,92,19.6200008392334,-82.99013127977524,40,21,B
ALK,Alaska Air Group Inc. Common Stock,Air Freight/Delivery Services,9,49.41999816894531,-22.61196727747221,58,38,B-
ALKS,Alkermes plc Ordinary Shares,Biotechnology: Pharmaceutical Preparations,68,51.939998626708984,-5.939881422466176,91,66,A-
ALKT,Alkami Technology Inc. Common Stock,Computer Software: Prepackaged Software,120,17.350000381469727,-42.530639037594476,28,72,B
ALL,Allstate Corporation (The) Common Stock,Property-Casualty Insurers,46,251.61000061035156,0.0,73,97,B-
ALLE,Allegion plc Ordinary Shares,Diversified Commercial Services,111,136.6300048828125,-23.395148943924504,31,67,D+
ALLO,Allogene Therapeutics Inc. Common Stock,Biotechnology: Biological Products (No Diagnostic Substances),64,2.0,-34.640521653627665,67,21,C-
ALLR,Allarity Therapeutics Inc. Common Stock,Biotechnology: Pharmaceutical Preparations,68,1.1649999618530273,-40.86294695767611,39,,D-
ALLT,Allot Ltd. Ordinary Shares,Computer Communications Equipment,7,8.479999542236328,-26.26087354577106,41,91,B+
ALLY,Ally Financial Inc. Common Stock,Major Banks,26,45.59000015258789,-3.51322719029018,59,67,C-
ALM,Almonty Industries Inc. Common Shares,Other Metals and Minerals,135,16.610000610351562,-29.077708982740614,93,,D
ALMS,Alumis Inc. Common Stock,Biotechnology: Pharmaceutical Preparations,68,28.309999465942383,-6.567656175661396,99,5,A
ALMU,Aeluma Inc. Common Stock,Semiconductors,1,17.600000381469727,-44.10923941126222,76,21,C-
ALNT,Allient Inc. Common Stock,Electrical Products,3,90.48999786376953,-12.08588594629656,93,84,C-
ALNY,Alnylam Pharmaceuticals Inc. Common Stock,Biotechnology: Pharmaceutical Preparations,68,298.760009765625,-39.17999897740455,26,99,E
ALOT,AstroNova Inc. Common Stock,Computer peripheral equipment,52,28.520000457763672,-0.1750060818852761,98,78,A+
ALOV,Aldabra 4 Liquidity Opportunity Vehicle Inc. Class A Ordinary Shares,,,9.949999809265137,-0.500001907348635,45,,D
ALOY,REalloys Inc. Common Stock,EDP Services,125,12.279999732971191,-52.550231332358976,87,,B+
ALP,Alpha Compute Corp Common Stock,Oil & Gas Production,43,0.23899999260902405,-97.80934925800466,5,5,A-
ALPS,ALPS Group Inc Ordinary Share,,,0.5509999990463257,-78.47656205616657,6,,C-
ALRM,Alarm.com Holdings Inc. Common Stock,Computer Software: Prepackaged Software,120,51.5,-12.947937571279745,52,55,B
ALRS,Alerus Financial Corporation Common Stock,Major Banks,26,31.31999969482422,-0.760455561405049,82,86,B
ALSN,Allison Transmission Holdings Inc. Common Stock,Auto Parts:O.E.M.,64,114.20999908447266,-15.813370942238958,60,70,E+
ALT,Altimmune Inc. Common Stock,Biotechnology: Pharmaceutical Preparations,68,3.049999952316284,-50.64724859165215,23,5,D
ALTG,Alta Equipment Group Inc. Class A Common Stock,Industrial Machinery/Components,68,6.619999885559082,-23.20185645652456,49,5,E+
ALTI,AlTi Global Inc. Class A Common Stock,Investment Managers,73,3.5799999237060547,-31.021196835528574,34,94,B+
ALTO,Alto Ingredients Inc. Common Stock,Major Chemicals,54,5.630000114440918,-6.010011192538734,98,37,B+
ALV,Autoliv Inc. Common Stock,Auto Parts:O.E.M.,64,120.26000213623047,-8.679474594331039,51,65,D+
ALVO,Alvotech Ordinary Shares,Biotechnology: Biological Products (No Diagnostic Substances),64,3.2799999713897705,-66.56473158929866,15,32,E-
ALX,Alexander's Inc. Common Stock,Real Estate Investment Trusts,45,274.3599853515625,-2.553721453787894,72,,C
ALXO,ALX Oncology Holdings Inc. Common Stock,Biotechnology: Pharmaceutical Preparations,68,2.125,-18.269227771363905,95,21,A
ALZN,Alzamend Neuro Inc. Common Stock,Biotechnology: Pharmaceutical Preparations,68,1.1799999475479126,-66.57223917530675,23,13,E
AM,Antero Midstream Corporation Common Stock,Natural Gas Distribution,24,22.280000686645508,-4.611409765746632,68,72,C-
AMAL,Amalgamated Financial Corp. Common Stock (DE),Major Banks,26,46.65999984741211,-0.8078253841823368,82,52,B-
AMAT,Applied Materials Inc. Common Stock,Semiconductors,1,602.5,-16.666666666666664,96,80,C+
AMBA,Ambarella Inc. Ordinary Shares,Semiconductors,1,77.30000305175781,-19.066064995474363,72,57,B+
AMBO,Ambow Education Holding Ltd. American Depository Shares (each representing twenty (20) Class A Ordinary Shares),Other Consumer Services,123,2.2300000190734863,-61.21739097263502,23,81,E-
AMBP,Ardagh Metal Packaging S.A. Ordinary Shares,Containers/Packaging,48,4.630000114440918,-4.140782865927606,66,49,B
AMBQ,Ambiq Micro Inc. Common Stock,Semiconductors,1,85.27999877929688,-5.74713128283525,98,,A-
AMBR,Amber International Holding Limited American Depositary Shares,Finance: Consumer Services,112,1.409999966621399,-84.69055417175561,8,,E
AMC,AMC Entertainment Holdings Inc. Class A Common Stock,Movies/Entertainment,112,1.8899999856948853,-46.61016932029691,54,21,B+
AMCI,AMC Robotics Corporation Common Stock,Home Furnishings,40,5.190000057220459,-76.62162216730815,15,,A
AMCR,Amcor plc Ordinary Shares,Miscellaneous manufacturing industries,123,43.18000030517578,-12.069190124392426,50,38,C
AMCX,AMC Global Media Inc. Class A Common Stock,Cable & Other Pay Television Services,112,9.920000076293945,-5.8823518766890075,81,37,C-
AMD,Advanced Micro Devices Inc. Common Stock,Semiconductors,1,557.8900146484375,-3.962741140676951,98,90,B+
AME,AMETEK Inc.,Industrial Machinery/Components,68,233.97999572753906,-3.290074660470821,64,59,C-
AMG,Affiliated Managers Group Inc. Common Stock,Investment Managers,73,366.4100036621094,0.0,85,74,C+
AMGN,Amgen Inc. Common Stock,Biotechnology: Biological Products (No Diagnostic Substances),64,363.3900146484375,-5.674427977792595,63,67,C-
AMH,American Homes 4 Rent Common Shares of Beneficial Interest,Real Estate Investment Trusts,45,33.27000045776367,-5.7420162263869585,56,77,C-
AMIX,Autonomix Medical Inc. Common Stock,Medical/Dental Instruments,117,6.570000171661377,-82.90398095371204,10,,E-
AMKR,Amkor Technology Inc. Common Stock,Semiconductors,1,70.47000122070312,-24.67129992319227,95,84,C+
AMLX,Amylyx Pharmaceuticals Inc. Common Stock,Biotechnology: Pharmaceutical Preparations,68,17.770000457763672,-4.973263461137922,87,5,B+
AMN,AMN Healthcare Services Inc,Professional Services,97,32.369998931884766,-9.505176075950972,93,52,B
AMOD,Alpha Modus Holdings Inc. Class A Common Stock,Multi-Sector Companies,97,4.159999847412109,-94.37837858457823,2,,D-
AMP,Ameriprise Financial Inc. Common Stock,Investment Managers,73,506.760009765625,-6.486910823757053,52,81,C
AMPG,Amplitech Group Inc. Common Stock,Telecommunications Equipment,74,6.690000057220459,-31.03092588898424,98,,A
AMPH,Amphastar Pharmaceuticals Inc. Common Stock,Biotechnology: Pharmaceutical Preparations,68,18.719999313354492,-39.240507504559595,24,38,E+
AMPL,Amplitude Inc. Class A Common Stock,Computer Software: Prepackaged Software,120,9.180000305175781,-29.60122444761669,57,90,A-
AMPX,Amprius Technologies Inc. Common Stock,Industrial Machinery/Components,68,11.529999732971191,-49.672632868770584,60,,E
AMPY,Amplify Energy Corp. Common Stock,Oil & Gas Production,43,3.940000057220459,-40.57315250057572,26,30,E
AMR,Alpha Metallurgical Resources Inc. Common Stock,Coal Mining,101,146.69000244140625,-41.24173601933664,32,5,E
AMRC,Ameresco Inc. Class A Common Stock,Engineering & Construction,30,24.940000534057617,-42.30858015695587,42,29,E+
AMRN,Amarin Corporation plc,Biotechnology: Pharmaceutical Preparations,68,14.880000114440918,-26.518517953378186,37,88,D-
AMRX,Amneal Pharmaceuticals Inc. Class A Common Stock,Biotechnology: Pharmaceutical Preparations,68,17.010000228881836,-1.7898352852455335,89,84,B
AMRZ,Amrize Ltd Ordinary Shares,Building Materials,38,50.75,-22.177270849000664,40,,E+
AMS,American Shared Hospital Services Common Stock,Medical Specialities,34,1.4900000095367432,-50.986841176520414,26,21,A-
AMSC,American Superconductor Corporation Common Stock,Metal Fabrications,38,35.959999084472656,-46.07078746266683,37,97,E
AMSF,AMERISAFE Inc. Common Stock,Property-Casualty Insurers,46,34.459999084472656,-21.756595009302004,37,42,B+
AMST,Amesite Inc. Common Stock,Computer Software: Prepackaged Software,120,1.1399999856948853,-70.54263515746347,9,13,A+
AMT,American Tower Corporation (REIT) Common Stock,Real Estate Investment Trusts,45,168.58999633789062,-24.638444105433333,35,85,D-
AMTB,Amerant Bancorp Inc. Class A Common Stock,Major Banks,26,25.5,-2.522935211245425,72,67,C+
AMTD,AMTD IDEA Group American Depositary Shares each representing six (6) Class A Ordinary Shares,Finance: Consumer Services,112,0.9599999785423279,-27.81955281459846,36,,D
AMTM,Amentum Holdings Inc. Common Stock,Business Services,92,21.010000228881836,-44.01811640752881,23,99,E+
AMTX,Aemetis Inc. (DE) Common Stock,Major Chemicals,54,1.600000023841858,-56.28415337922825,16,21,D
AMWL,American Well Corporation Class A Common Stock,Business Services,92,9.90999984741211,0.0,92,21,A
AMZE,Amaze Holdings Inc. Common Stock,Beverages (Production/Distribution),97,0.11500000208616257,-98.99122801811998,5,,E-
AMZN,Amazon.com Inc. Common Stock,Catalog/Specialty Distribution,68,245.33999633789062,-10.782208425555261,54,94,C
AN,AutoNation Inc. Common Stock,Retail-Auto Dealers and Gas Stations,105,195.8000030517578,-13.812831514968494,37,59,C-
ANAB,AnaptysBio Inc. Common Stock,Biotechnology: Pharmaceutical Preparations,68,66.38999938964844,-4.858124747709547,97,52,B
ANDE,Andersons Inc. (The) Common Stock,Farming/Seeds/Milling,95,72.20999908447266,-8.811682868786907,85,88,C
ANDG,Andersen Group Inc. Class A Common Stock,Business Services,92,42.93000030517578,-1.2195094120152294,93,,B+
ANET,Arista Networks Inc. Common Stock,Computer Communications Equipment,7,186.9600067138672,0.0,85,79,B-
ANF,Abercrombie & Fitch Company Common Stock,Clothing/Shoe/Accessory Stores,92,93.06999969482422,-28.32499397756717,40,59,B-
ANGH,Anghami Inc. Ordinary Shares,Telecommunications Equipment,74,3.380000114440918,-46.687696638914844,30,,A
ANGI,Angi Inc. Class A Common Stock,Advertising,97,6.239999771118164,-66.98412752876337,13,40,B-
ANGO,AngioDynamics Inc. Common Stock,Medical/Dental Instruments,117,12.789999961853027,-6.368959701883914,75,21,C+
ANGX,Angel Studios Inc. Class A Common Stock,Movies/Entertainment,112,4.0,-75.0,34,,A-
ANIK,Anika Therapeutics Inc. Common Stock,Medical/Dental Instruments,117,15.600000381469727,-4.528762326853252,82,21,C+
ANIP,ANI Pharmaceuticals Inc.,Biotechnology: Pharmaceutical Preparations,68,82.06999969482422,-16.94160335733518,51,95,C-
ANIX,Anixa Biosciences Inc. Common Stock,Biotechnology: Pharmaceutical Preparations,68,3.059999942779541,-41.379309084853546,41,13,A
ANL,Adlai Nortye Ltd. American Depositary Shares,Biotechnology: Pharmaceutical Preparations,68,9.869999885559082,-40.542170730449016,99,,E+
ANNA,AleAnna Inc. Class A Common Stock,Oil & Gas Production,43,3.180000066757202,-68.94531115394781,20,99,C
ANNX,Annexon Inc. Common Stock,Biotechnology: Pharmaceutical Preparations,68,5.800000190734863,-16.666664382963813,84,21,A-
ANPA,Rich Sparkle Holdings Limited Ordinary Shares,Other Consumer Services,123,4.179999828338623,-97.3525873427721,6,,A-
ANRO,Alto Neuroscience Inc. Common Stock,Biotechnology: Pharmaceutical Preparations,68,26.479999542236328,-5.664411007745995,99,5,A
ANTA,Antalpha Platform Holding Company Class A Ordinary Shares,Investment Bankers/Brokers/Service,84,4.46999979019165,-67.01107212346669,7,92,C-
ANTX,AN2 Therapeutics Inc. Common Stock,Biotechnology: Pharmaceutical Preparations,68,4.5,-17.582418158238323,98,21,B
ANVS,Annovis Bio Inc. Common Stock,Biotechnology: Pharmaceutical Preparations,68,1.8600000143051147,-63.52941080223178,28,21,D+
ANY,Sphere 3D Corp. Common Shares,Finance: Consumer Services,112,2.0899999141693115,-80.09523891267322,25,,A+
AOMR,Angel Oak Mortgage REIT Inc. Common Stock,Real Estate,87,9.020000457763672,-0.660787075402236,58,40,B
AON,Aon plc Class A Ordinary Shares (Ireland),Specialty Insurers,105,356.94000244140625,-4.633555144395707,50,72,B-
AORT,Artivion Inc. Common Stock,Medical/Dental Instruments,117,24.09000015258789,-49.42263360830709,14,99,D
AOS,A.O. Smith Corporation Common Stock,Consumer Electronics/Appliances,119,60.439998626708984,-24.464243334858605,32,55,D
AOSL,Alpha and Omega Semiconductor Limited Common Shares,Semiconductors,1,37.560001373291016,-29.55738636859563,88,5,B
AOUT,American Outdoor Brands Inc. Common Stock,Recreational Games/Products/Toys,103,14.34000015258789,0.0,90,28,A+
AP,Ampco-Pittsburgh Corporation Common Stock,Fluid Controls,49,7.849999904632568,-35.65573748065975,94,21,E-
APA,APA Corporation Common Stock,Oil & Gas Production,43,33.439998626708984,-24.163486732344218,76,55,E+
APAC,StoneBridge Acquisition II Corporation Class A Ordinary Shares,,,10.15999984741211,-0.0983306667336814,47,,D+
APAM,Artisan Partners Asset Management Inc. Class A Common Stock,Investment Managers,73,36.4900016784668,-17.118893956830515,36,49,D+
APC,ARKO Petroleum Corp. Class A Common Stock,Oil Refining/Marketing,137,19.110000610351562,-11.322499828736898,55,,B+
APD,Air Products and Chemicals Inc. Common Stock,Major Chemicals,54,299.5299987792969,-4.665967582734698,55,80,B
APEI,American Public Education Inc. Common Stock,Other Consumer Services,123,58.27000045776367,-4.255668955986447,84,96,C+
APG,APi Group Corporation Common Stock,Engineering & Construction,30,41.36000061035156,-16.27530499430344,53,48,D-
APGE,Apogee Therapeutics Inc. Common Stock,Biotechnology: Biological Products (No Diagnostic Substances),64,133.64999389648438,0.0,97,5,A+
APH,Amphenol Corporation Common Stock,Electrical Products,3,159.05999755859375,-9.789025095653015,77,98,B-
API,Agora Inc. American Depositary Shares,Computer Software: Prepackaged Software,120,4.21999979019165,-19.77187059764193,58,5,A-
APLD,Applied Digital Corporation Common Stock,Medical/Dental Instruments,117,31.149999618530273,-37.260828476925504,90,21,E+
APLE,Apple Hospitality REIT Inc. Common Shares,Real Estate Investment Trusts,45,16.559999465942383,-2.3544033707501244,85,69,C+
APLM,Apollomics Inc. Class A Ordinary Shares,Biotechnology: Pharmaceutical Preparations,68,18.950000762939453,-48.29467947072613,89,,B
APM,Aptorum Group Limited Class A Ordinary Shares,Biotechnology: Pharmaceutical Preparations,68,0.7820000052452087,-81.59999987658333,21,,B-
APO,Apollo Global Management Inc. (New) Common Stock,Investment Managers,73,120.33999633789062,-21.650654757203625,41,83,E+
APOG,Apogee Enterprises Inc. Common Stock,Auto Parts:O.E.M.,64,38.81999969482422,-20.645950229271737,51,83,B+
APP,Applovin Corporation Class A Common Stock,Computer Software: Programming Data Processing,110,506.9800109863281,-30.891490204672458,64,95,C+
APPF,AppFolio Inc. Class A Common Stock,Computer Software: Prepackaged Software,120,175.5800018310547,-45.344746511733945,34,90,B-
APPN,Appian Corporation Class A Common Stock,Computer Software: Prepackaged Software,120,25.360000610351562,-44.434704317495154,38,40,C-
APPS,Digital Turbine Inc. Common Stock,Multi-Sector Companies,97,10.5600004196167,-20.66115637342102,97,73,A
APRE,Aprea Therapeutics Inc. Common stock,Biotechnology: Pharmaceutical Preparations,68,0.7450000047683716,-64.1826907646726,20,21,B
APT,Alpha Pro Tech Ltd. Common Stock,Industrial Specialties,84,5.059999942779541,-23.79518005235012,54,77,B-
APTV,Aptiv PLC Ordinary Shares,Auto Parts:O.E.M.,64,60.56999969482422,-31.69053688326622,29,81,D+
APUS,Apimeds Pharmaceuticals US Inc. Common Stock,Biotechnology: Pharmaceutical Preparations,68,0.7200000286102295,-98.15147621435915,2,,C+
APVO,Aptevo Therapeutics Inc. Common Stock,Biotechnology: Pharmaceutical Preparations,68,3.940000057220459,-93.24416996255552,8,,E-
APWC,Asia Pacific Wire & Cable Corporation Ltd. Ordinary Shares (Bermuda),Telecommunications Equipment,74,1.5299999713897705,-31.696430139471676,41,88,A+
APXT,Apex Treasury Corporation Class A Ordinary Share,Computer Software: Prepackaged Software,120,10.069999694824219,-0.09920862061038038,46,,D
APYX,Apyx Medical Corporation Common Stock,Medical/Dental Instruments,117,4.380000114440918,-9.876543331005728,84,21,B+
AQB,AquaBounty Technologies Inc. Common Stock,Meat/Poultry/Fish,87,0.9800000190734863,-65.61403326784212,42,,B-
AQMS,Aqua Metals Inc. Common Stock,Metal Fabrications,38,2.6500000953674316,-91.05334226777822,10,5,E-
AQN,Algonquin Power & Utilities Corp. Common Shares,Electric Utilities: Central,55,5.650000095367432,-17.290686206383132,37,65,D-
AQST,Aquestive Therapeutics Inc. Common Stock,Biotechnology: Pharmaceutical Preparations,68,4.119999885559082,-44.99332427958116,30,21,E
AR,Antero Resources Corporation Common Stock,Oil & Gas Production,43,33.22999954223633,-26.400889436981124,36,73,E+
ARAI,Arrive AI Inc. Common Stock,Diversified Commercial Services,111,0.41999998688697815,-96.47651019967476,2,,A
ARAY,Accuray Incorporated Common Stock,Medical/Dental Instruments,117,0.23999999463558197,-87.02702748418463,5,21,D-
ARBB,ARB IOT Group Limited Ordinary Shares,EDP Services,125,4.5,-62.5,30,,E-
ARBE,Arbe Robotics Ltd. Ordinary Shares,EDP Services,125,0.7129999995231628,-73.49442437336242,18,21,B-
ARBK,Argo Blockchain plc American Depositary Shares,Finance: Consumer Services,112,3.2200000286102295,-98.17311178693343,13,,B+
ARCB,ArcBest Corporation Common Stock,Trucking Freight/Courier Services,6,147.1300048828125,-15.061768937784981,92,29,D-
ARCC,Ares Capital Corporation Common Stock,Finance: Consumer Services,112,18.780000686645508,-10.979333841930083,46,43,D+
ARCI,Archimedes Tech SPAC Partners III Co. Ordinary Share,,,10.050000190734863,0.0,47,,D+
ARCO,Arcos Dorados Holdings Inc. Class A Shares,Restaurants,105,8.460000038146973,-10.212262938267891,60,89,B-
ARCT,Arcturus Therapeutics Holdings Inc. Common Stock,Biotechnology: Pharmaceutical Preparations,68,6.96999979019165,-69.90500934320828,17,21,C
ARDT,Ardent Health Inc. Common Stock,Hospital/Nursing Management,49,10.079999923706055,-33.727811318703345,36,70,C
ARDX,Ardelyx Inc. Common Stock,Biotechnology: Pharmaceutical Preparations,68,5.28000020980835,-33.91739222704086,39,21,E
ARE,Alexandria Real Estate Equities Inc. Common Stock,Real Estate Investment Trusts,45,47.880001068115234,-41.91341502029186,31,62,C
AREC,American Resources Corporation Class A Common Stock,Coal Mining,101,1.7999999523162842,-73.56828241643709,39,,B
AREN,The Arena Group Holdings Inc. Common Stock,EDP Services,125,0.8999999761581421,-87.56906070980243,4,40,E-
ARES,Ares Management Corporation Class A Common Stock,Investment Managers,73,121.80999755859375,-34.473845567901705,35,96,D
ARGX,argenx SE American Depositary Shares,Biotechnology: Biological Products (No Diagnostic Substances),64,877.6199951171875,-6.60437574943733,69,92,C-
ARHS,Arhaus Inc. Class A Common Stock,Other Specialty Stores,117,7.860000133514404,-35.566681676962794,40,36,B-
ARI,Apollo Commercial Real Estate Finance Inc,Real Estate Investment Trusts,45,10.430000305175781,-7.040997709906726,52,42,E
ARIS,Aris Mining Corporation Common Shares,,,14.5600004196167,-35.802468149464815,65,88,E
ARKO,ARKO Corp. Common Stock,Food Chains,55,8.069999694824219,-6.597229465841958,92,29,B
ARKR,Ark Restaurants Corp. Common Stock,Restaurants,105,5.849999904632568,-34.92769684570355,24,21,D+
ARL,American Realty Investors Inc. Common Stock,Other Consumer Services,123,20.780000686645508,-11.348121957366041,83,28,A+
ARLO,Arlo Technologies Inc. Common Stock,Consumer Electronics/Appliances,119,13.0,-33.12757385358685,32,99,D
ARM,Arm Holdings plc American Depositary Shares,Semiconductors,1,323.3900146484375,-26.411955368752913,97,82,A-
ARMK,Aramark Common Stock,Restaurants,105,57.880001068115234,0.0,85,85,B
ARMP,Armata Pharmaceuticals Inc. Common Stock,Biotechnology: Biological Products (No Diagnostic Substances),64,4.260000228881836,-71.21621504066809,36,21,C+
AROC,Archrock Inc. Common Stock,Natural Gas Distribution,24,38.529998779296875,-8.152567154811507,85,89,C+
AROW,Arrow Financial Corporation Common Stock,Major Banks,26,40.599998474121094,-3.4941792996589394,80,78,B-
ARQ,Arq Inc. Common Stock,Major Chemicals,54,2.319999933242798,-69.9870643270597,18,11,B-
ARQQ,Arqit Quantum Inc. Ordinary Shares,Computer Software: Prepackaged Software,120,19.079999923706055,-67.25587819836045,34,,A
ARQT,Arcutis Biotherapeutics Inc. Common Stock,Biotechnology: Pharmaceutical Preparations,68,27.739999771118164,-11.089746497478325,79,32,B-
ARR,ARMOUR Residential REIT Inc.,Real Estate Investment Trusts,45,17.049999237060547,-4.457021365921787,58,,D
ARRY,Array Technologies Inc. Common Stock,Miscellaneous manufacturing industries,123,6.369999885559082,-46.739131561524474,24,21,E+
ARTL,Artelo Biosciences Inc. Common Stock,Biotechnology: Pharmaceutical Preparations,68,1.0800000429153442,-98.73684205506977,1,5,D-
ARTNA,Artesian Resources Corporation Class A Common Stock,Water Supply,79,33.97999954223633,-1.259938128760818,53,67,C-
ARTV,Artiva Biotherapeutics Inc. Common Stock,Biotechnology: Biological Products (No Diagnostic Substances),64,9.640000343322754,-28.00597388983659,98,,C
ARTW,Art's-Way Manufacturing Co. Inc. Common Stock,Industrial Machinery/Components,68,2.509999990463257,-45.55314711998123,53,,B-
ARVN,Arvinas Inc. Common Stock,Biotechnology: Pharmaceutical Preparations,68,8.270000457763672,-40.202454783907605,24,5,D-
ARW,Arrow Electronics Inc. Common Stock,Electronic Components,5,206.41000366210938,-12.102371054526373,89,89,D+
ARWR,Arrowhead Pharmaceuticals Inc. Common Stock,Biotechnology: Pharmaceutical Preparations,68,76.4000015258789,-12.153615668005813,95,32,D-
ARX,Accelerant Holdings Class A Common Shares,Specialty Insurers,105,12.640000343322754,-57.93676983614067,25,21,B
AS,Amer Sports Inc. Ordinary Shares,Apparel,40,34.79999923706055,-17.063870361383483,38,84,C
ASA,ASA  Gold and Precious Metals Limited,Precious Metals,104,52.5099983215332,-35.3637458914375,50,,E
ASAN,Asana Inc. Class A Common Stock,Computer Software: Prepackaged Software,120,7.329999923706055,-52.24755868700359,25,90,B+
ASB,Associated Banc-Corp Common Stock,Major Banks,26,30.600000381469727,-2.361199002920422,67,60,C-
ASBP,Aspire Biopharma Holdings Inc. Common Stock,Biotechnology: Pharmaceutical Preparations,68,6.010000228881836,-74.5338977468798,97,,E
ASC,Ardmore Shipping Corporation Common Stock,Marine Transportation,11,16.389999389648438,-14.716239363572514,83,92,D
ASH,Ashland Inc. Common Stock,Specialty Chemicals,120,66.75,-1.7226121915301595,75,30,B-
ASIC,Ategrity Specialty Insurance Company Holdings Common Stock,Property-Casualty Insurers,46,24.1200008392334,-5.114080382214059,72,,A-
ASIX,AdvanSix Inc. Common Stock,Major Chemicals,54,20.280000686645508,-21.934516559185447,39,29,E+
ASLE,AerSale Corporation Common Stock,Industrial Specialties,84,6.019999980926514,-33.111111323038735,30,29,E+
ASM,Avino Silver & Gold Mines Ltd. Common Shares (Canada),Metal Mining,71,6.050000190734863,-46.174374431210474,56,93,D
ASMB,Assembly Biosciences Inc. Common Stock,Biotechnology: Pharmaceutical Preparations,68,27.399999618530273,-28.831169821999293,54,,A
ASML,ASML Holding N.V. New York Registry Shares,Industrial Machinery/Components,68,1797.3199462890625,-9.656988940384203,91,77,C
ASND,Ascendis Pharma A/S Ordinary Share,Biotechnology: Pharmaceutical Preparations,68,270.45001220703125,-2.4280181277809953,77,62,B+
ASO,Academy Sports and Outdoors Inc. Common Stock,Other Specialty Stores,117,46.310001373291016,-23.873047426145522,29,56,E+
ASPI,ASP Isotopes Inc. Common Stock,Major Chemicals,54,5.010000228881836,-64.34163586570175,31,,E+
ASPN,Aspen Aerogels Inc. Common Stock,RETAIL: Building Materials,109,5.159999847412109,-41.49659834523444,65,5,C+
ASPS,Altisource Portfolio Solutions S.A. Common Stock,Other Consumer Services,123,7.230000019073486,-51.92819124061552,28,40,B-
ASR,Grupo Aeroportuario del Sureste S.A. de C.V. Common Stock,Aerospace,90,285.1199951171875,-23.779310434849286,30,42,D-
ASRV,AmeriServ Financial Inc. Common Stock,Major Banks,26,3.8299999237060547,-4.476176997717774,67,42,C
ASST,Strive Inc. Class A Common Stock,Computer Software: Prepackaged Software,120,12.359999656677246,-93.06397313785186,18,,D
ASTC,Astrotech Corporation (DE) Common Stock,Biotechnology: Laboratory Analytical Instruments,52,9.260000228881836,-81.40562174549059,96,13,A+
ASTE,Astec Industries Inc. Common Stock,Construction/Ag Equipment/Trucks,35,56.619998931884766,-12.692375564253421,63,38,D+
ASTH,Astrana Health Inc. Common Stock,Professional Services,97,46.880001068115234,-5.882353391676276,92,82,A-
ASTI,Ascent Solar Technologies Inc. Common Stock,Semiconductors,1,3.9800000190734863,-55.87583351342482,82,,A-
ASTL,Algoma Steel Group Inc. Common Shares,Steel/Iron Ore,66,3.619999885559082,-48.43304992315246,22,21,E+
ASTS,AST SpaceMobile Inc. Class A Common Stock,Telecommunications Equipment,74,73.31999969482422,-44.90945847749636,49,5,E+
ASUR,Asure Software Inc Common Stock,EDP Services,125,7.829999923706055,-25.852276396119088,30,91,C+
ASX,ASE Technology Holding Co. Ltd. American Depositary Shares (each representing Two Common Shares),Semiconductors,1,42.65999984741211,-4.50101442015457,98,90,C+
ASYS,Amtech Systems Inc. Common Stock,Industrial Machinery/Components,68,18.65999984741211,-22.217590556723987,95,73,D-
ATAI,AtaiBeckley Inc. Common Stock,Biotechnology: Pharmaceutical Preparations,68,5.170000076293945,-19.844957687169686,84,5,A
ATAT,Atour Lifestyle Holdings Limited American Depositary Shares,Hotels/Resorts,35,32.209999084472656,-23.68999313326722,31,92,D-
ATCH,AtlasClear Holdings Inc. Common Stock,Finance: Consumer Services,112,0.18000000715255737,-88.88888848007788,17,35,D
ATCX,Atlas Critical Minerals Corporation Common Stock,Precious Metals,104,3.7899999618530273,-69.33656903618477,11,,E+
ATEC,Alphatec Holdings Inc. Common Stock,Medical/Dental Instruments,117,9.579999923706055,-57.760141998235284,19,21,C
ATEN,A10 Networks Inc. Common Stock,Computer Communications Equipment,7,37.16999816894531,-2.466550580822935,94,69,B
ATER,Aterian Inc. Common Stock,Home Furnishings,40,1.149999976158142,-22.297299909626467,75,21,A
ATEX,Anterix Inc. Common Stock,Telecommunications Equipment,74,100.95999908447266,-6.69562647195735,99,60,A
ATGL,Alpha Technology Group Limited Class A Ordinary Shares,EDP Services,125,11.0,-67.57553353757098,11,,B-
ATHE,Alterity Therapeutics Limited American Depositary Shares,Biotechnology: Pharmaceutical Preparations,68,5.429999828338623,-17.09924167606145,86,,A+
ATHM,Autohome Inc. American Depositary Shares each representing four class A ordinary shares.,EDP Services,125,20.299999237060547,-29.722708651933793,39,35,B
ATHR,Aether Holdings Inc. Common Stock,Computer Software: Prepackaged Software,120,4.241000175476074,-68.44493818536918,66,13,B+
ATI,ATI Inc. Common Stock,Steel/Iron Ore,66,187.0399932861328,-8.354159124747051,91,96,C
ATII,Archimedes Tech SPAC Partners II Co. Ordinary Shares,,,10.859999656677246,-4.569424011725665,52,,C
ATIIU,Archimedes Tech SPAC Partners II Co. Unit,Blank Checks,76,11.699999809265137,-27.55417903638383,55,,E
ATKR,Atkore Inc. Common Stock,Industrial Machinery/Components,68,72.23999786376953,-15.419746204954777,56,28,D+
ATLC,Atlanticus Holdings Corporation Common Stock,Finance: Consumer Services,112,99.26000213623047,-10.09872398881676,91,97,B-
ATLO,Ames National Corporation Common Stock,Major Banks,26,29.290000915527344,-5.056724300332283,78,75,C+
ATLX,Atlas Lithium Corporation Common Stock,Mining & Quarrying of Nonmetallic Minerals (No Fuels),67,3.2799999713897705,-55.97315361927093,18,,E
ATMU,Atmus Filtration Technologies Inc. Common Stock,Auto Parts:O.E.M.,64,50.66999816894531,-22.636673500132964,44,55,D
ATNI,ATN International Inc. Common Stock,Telecommunications Equipment,74,23.90999984741211,-18.428639409289673,71,21,D-
ATNM,Actinium Pharmaceuticals Inc. (Delaware) Common Stock,Biotechnology: Pharmaceutical Preparations,68,0.9300000071525574,-50.267379423469464,16,5,D-
ATO,Atmos Energy Corporation Common Stock,Oil/Gas Transmission,61,176.1999969482422,-7.84931407151711,48,61,D-
ATOM,Atomera Incorporated Common Stock,Semiconductors,1,6.630000114440918,-45.25185547148014,91,21,C
ATOS,Atossa Therapeutics Inc. Common Stock,Biotechnology: Pharmaceutical Preparations,68,2.369999885559082,-86.61017071523847,4,,E-
ATPC,Agape ATP Corporation Common Stock,Medical/Nursing Services,32,2.7200000286102295,-96.34408605803037,10,,A+
ATR,AptarGroup Inc. Common Stock,Plastic Products,18,125.52999877929688,-21.529105421000374,38,53,D
ATRA,Atara Biotherapeutics Inc. Common Stock,Biotechnology: Biological Products (No Diagnostic Substances),64,9.760000228881836,-46.047539267236516,77,40,A+
ATRC,AtriCure Inc. Common Stock,Medical/Dental Instruments,117,34.279998779296875,-19.170009661321263,54,21,A-
ATRO,Astronics Corporation Common Stock,Military/Government/Technical,91,72.5,-16.81009898953202,93,85,D
ATS,ATS Corporation Common Shares,Industrial Machinery/Components,68,27.950000762939453,-21.000565519687797,40,72,E
ATXG,Addentax Group Corp. Common Stock,Professional Services,97,3.819999933242798,-77.05705693235328,8,,B
ATYR,aTyr Pharma Inc. Common Stock,Biotechnology: Biological Products (No Diagnostic Substances),64,0.5440000295639038,-91.77004510475449,12,21,E+
AU,AngloGold Ashanti PLC Ordinary Shares,Precious Metals,104,82.0999984741211,-34.12047278445497,57,94,D-
AUB,Atlantic Union Bankshares Corporation Common Stock,Major Banks,26,42.060001373291016,-2.616340100365666,68,68,C
AUBN,Auburn National Bancorporation Inc. Common Stock,Major Banks,26,27.010000228881836,-6.475065741778674,60,64,A-
AUC,ATIF Holdings Limited Ordinary Shares,Professional Services,97,7.360000133514404,-38.23430759213089,41,,A
AUDC,AudioCodes Ltd. Common Stock,Telecommunications Equipment,74,10.170000076293945,-1.4827177014397397,61,35,B-
AUGO,Aura Minerals Inc. Common Shares,,,60.810001373291016,-43.702027372699334,82,34,D
AUID,authID Inc. Common Stock,Computer Software: Prepackaged Software,120,1.159999966621399,-74.3078626594883,26,21,A
AUNA,Auna SA Class A Ordinary Shares,Medical/Nursing Services,32,5.099999904632568,-24.66765259968873,29,52,D
AUPH,Aurinia Pharmaceuticals Inc Ordinary Shares,Biotechnology: Pharmaceutical Preparations,68,15.779999732971191,-15.252422009982746,75,92,C-
AUR,Aurora Innovation Inc. Class A Common Stock,EDP Services,125,6.380000114440918,-24.047614235996704,84,,C
AURA,Aura Biosciences Inc. Common Stock,Biotechnology: Biological Products (No Diagnostic Substances),64,6.840000152587891,-23.14606240716409,59,,B+
AURE,Aurelion Inc. Class A Ordinary Shares,Finance: Consumer Services,112,1.4800000190734863,-87.35042698119118,7,,E
AUST,Austin Gold Corp. Common Shares,Precious Metals,104,1.0800000429153442,-61.97182832552163,17,,E+
AUTL,Autolus Therapeutics plc American Depositary Share,Biotechnology: Biological Products (No Diagnostic Substances),64,1.6100000143051147,-39.92537409697854,38,,B-
AUUD,Auddia Inc. Common Stock,EDP Services,125,1.3200000524520874,-96.52489790766833,2,,A+
AVA,Avista Corporation Common Stock,Power Generation,59,41.900001525878906,-1.2491133054086334,56,52,D
AVAH,Aveanna Healthcare Holdings Inc. Common Stock,Medical/Nursing Services,32,9.699999809265137,-5.550152123582819,88,97,A-
AVAT,Avalanche Treasury Corporation Class A Common Stock,Finance: Consumer Services,112,0.5389999747276306,-94.92467061642293,1,,E-
AVAV,AeroVironment Inc. Common Stock,Aerospace,90,144.5800018310547,-64.72195628233739,13,52,B+
AVB,AvalonBay Communities Inc. Common Stock,Real Estate Investment Trusts,45,191.83999633789062,-2.469670972739757,57,43,D+
AVBC,Avidia Bancorp Inc. Common Stock,Banks,27,20.469999313354492,-4.7463958521512755,72,,C
AVBH,Avidbank Holdings Inc. Common stock,Commercial Banks,8,32.119998931884766,-4.148013904122571,74,,C-
AVBP,ArriVent BioPharma Inc. Common Stock,Biotechnology: Pharmaceutical Preparations,68,33.689998626708984,-3.022461142852062,88,5,B
AVD,American Vanguard Corporation Common Stock ($0.10 Par Value),Agricultural Chemicals,134,2.680000066757202,-53.872631787409745,25,,C
AVGO,Broadcom Inc. Common Stock,Semiconductors,1,399.9700012207031,-16.813129877333456,72,96,D
AVIR,Atea Pharmaceuticals Inc. Common Stock,Biotechnology: Pharmaceutical Preparations,68,4.989999771118164,-18.861793597744057,74,5,C
AVNS,Avanos Medical Inc. Common Stock,Industrial Specialties,84,24.93000030517578,-0.4790376668244778,95,45,B
AVNT,Avient Corporation Common Stock,Major Chemicals,54,36.029998779296875,-15.44872418636707,53,70,C
AVNW,Aviat Networks Inc. Common Stock,Radio And Television Broadcasting And Communications Equipment,18,21.649999618530273,-19.035154061914362,41,28,B-
AVO,Mission Produce Inc. Common Stock,Farming/Seeds/Milling,95,13.329999923706055,-13.103000057941616,50,40,B
AVPT,AvePoint Inc. Class A Common Stock,Computer Software: Prepackaged Software,120,12.4399995803833,-35.57742141669089,47,77,B+
AVR,Anteris Technologies Global Corp. Common Stock,Industrial Specialties,84,9.770000457763672,-7.568583350596314,96,,B+
AVT,Avnet Inc. Common Stock,Electronic Components,5,87.12999725341797,-6.2412601234380745,89,87,C+
AVTR,Avantor Inc. Common Stock,Biotechnology: Laboratory Analytical Instruments,52,10.390000343322754,-33.397435325294026,44,31,B
AVTX,Avalo Therapeutics Inc. Common Stock,Biotechnology: Pharmaceutical Preparations,68,19.209999084472656,-16.003505117857376,94,,B+
AVX,Avax One Technology Ltd. Common Shares,Finance: Consumer Services,112,5.369999885559082,-93.82332673710445,6,,C+
AVXL,Anavex Life Sciences Corp. Common Stock,Biotechnology: Biological Products (No Diagnostic Substances),64,2.5,-81.35719591016658,10,21,B-
AVY,Avery Dennison Corporation Common Stock,Containers/Packaging,48,160.7100067138672,-17.67972184455794,36,47,D
AWI,Armstrong World Industries Inc Common Stock,Plastic Products,18,155.5,-23.216877319218664,29,54,D-
AWK,American Water Works Company Inc. Common Stock,Water Supply,79,130.69000244140625,-8.776835926220949,40,48,D+
AWR,American States Water Company Common Stock,Water Supply,79,84.51000213623047,-0.294950440890962,62,60,C+
AWRE,Aware Inc. Common Stock,Computer Software: Prepackaged Software,120,1.3899999856948853,-52.72108984211987,29,21,B+
AWX,Avalon Holdings Corporation Common Stock,Environmental Services,80,2.609999895095825,-48.3168357125146,46,,C+
AX,Axos Financial Inc. Common Stock,Savings Institutions,22,97.4000015258789,-3.5739041025687923,58,86,D+
AXG,Solowin Holdings Class A Ordinary Share,Investment Bankers/Brokers/Service,84,3.2699999809265137,-34.072581536750015,35,,D-
AXGN,Axogen Inc. Common Stock,Biotechnology: Electromedical & Electrotherapeutic Apparatus,76,40.58000183105469,-12.145479459725205,95,80,C-
AXIA,AXIA Energia American Depositary Shares (Each representing one Common Share),Electric Utilities: Central,55,10.489999771118164,-21.891291639990296,58,,D
AXIL,AXIL Brands Inc. Common Stock,Package Goods/Cosmetics,84,6.045000076293945,-39.50765478001455,41,66,B
AXON,Axon Enterprise Inc. Common Stock,Ordnance And Accessories,15,565.7999877929688,-35.037945414328775,62,73,A-
AXP,American Express Company Common Stock,Finance: Consumer Services,112,350.5799865722656,-8.172623370751808,54,68,C-
AXR,AMREP Corporation Common Stock,Homebuilding,49,25.200000762939453,-11.236346232089467,52,55,C
AXS,Axis Capital Holdings Limited Common Stock,Property-Casualty Insurers,46,113.05999755859375,-1.2835075843629973,63,87,B-
AXSM,Axsome Therapeutics Inc. Common Stock,Biotechnology: Pharmaceutical Preparations,68,233.8000030517578,-8.374807097438886,91,5,B
AXTA,Axalta Coating Systems Ltd. Common Shares,Paints/Coatings,43,32.5099983215332,-8.602759065348753,59,55,B-
AXTI,AXT Inc Common Stock,Semiconductors,1,57.209999084472656,-59.37655446947727,99,21,E+
AYA,Aya Gold & Silver Inc. Common Shares,Precious Metals,104,20.309999465942383,-6.102634054736766,90,96,B+
AYI,Acuity Inc. Common Stock,Building Products,61,333.1099853515625,-11.562156291384284,55,73,B
AYTU,Aytu BioPharma Inc.  Common Stock,Biotechnology: Pharmaceutical Preparations,68,2.25,-22.41379565489553,32,13,E
AZ,A2Z Cust2Mate Solutions Corp. Common Shares,Industrial Machinery/Components,68,5.639999866485596,-52.60504161947047,15,,E-
AZI,Autozi Internet Technology (Global) Ltd. Class A Ordinary Shares,Automotive Aftermarket,129,1.5399999618530273,-99.15151517253277,5,,A+
AZN,AstraZeneca PLC Ordinary Shares,Biotechnology: Pharmaceutical Preparations,68,171.61000061035156,-17.740387006550563,40,79,E
AZO,AutoZone Inc. Common Stock,Auto & Home Supply Stores,115,3072.639892578125,-29.438244567395422,27,54,D
AZTA,Azenta Inc.,Industrial Machinery/Components,68,25.360000610351562,-38.161420023673266,33,21,C
AZTR,Azitra Inc Common Stock,Biotechnology: Pharmaceutical Preparations,68,0.1420000046491623,-91.58102888388744,6,,A+
AZZ,AZZ Inc.,Industrial Specialties,84,146.4499969482422,-8.4128253288823,77,85,C-
B,Barrick Mining Corporation Common Shares,Precious Metals,104,36.68000030517578,-29.889647805552066,57,,D-
BA,Boeing Company (The) Common Stock,Aerospace,90,222.27999877929688,-11.846121689556766,43,64,D+
BABA,Alibaba Group Holding Limited American Depositary Shares each representing eight Ordinary share,Business Services,92,112.33000183105469,-40.12800285759296,28,34,B
BAC,Bank of America Corporation Common Stock,Major Banks,26,59.66999816894531,-0.3839788832630031,68,78,C
BAER,Bridger Aerospace Group Holdings Inc. Common Stock,Aerospace,90,1.940000057220459,-40.67278077870863,40,21,C-
BAFN,BayFirst Financial Corp. Common Stock,Major Banks,26,5.420000076293945,-64.50556703462131,14,21,E
BAH,Booz Allen Hamilton Holding Corporation Common Stock,Professional Services,97,62.7599983215332,-44.414482504175965,17,70,E
BAK,Braskem SA ADR,Major Chemicals,54,2.609999895095825,-48.00797001967096,25,5,E-
BALL,Ball Corporation Common Stock,Containers/Packaging,48,61.689998626708984,-8.350766810407606,59,70,C
BALY,Bally's Corporation Common Stock,Hotels/Resorts,35,12.890000343322754,-33.761557298284636,51,,B
BAM,Brookfield Asset Management Inc Class A Limited Voting Shares,Other Consumer Services,123,46.720001220703125,-23.328457853391537,37,82,D-
BANC,Banc of California Inc. Common Stock,Major Banks,26,20.5,-2.612823073609527,67,65,C-
BAND,Bandwidth Inc. Class A Common Stock,Computer Software: Prepackaged Software,120,75.4800033569336,-3.773583621040477,99,61,A
BANF,BancFirst Corporation Common Stock,Major Banks,26,114.08000183105469,-14.952840034922776,41,56,C-
BANL,CBL International Limited Class B Ordinary Shares,Oil Refining/Marketing,137,0.41499999165534973,-56.31578980390386,21,,C+
BANR,Banner Corporation Common Stock,Major Banks,26,67.58000183105469,-0.5298801845967538,53,84,C-
BAOS,Baosheng Media Group Holdings Limited Ordinary shares,Business Services,92,2.809999942779541,-42.181072724630766,47,,E-
BAP,Credicorp Ltd. Common Stock,Commercial Banks,8,400.80999755859375,0.0,87,66,B
BARK,BARK Inc. Class A Common Stock,Other Specialty Stores,117,9.600000381469727,-56.363634629683055,27,21,C
BATL,Battalion Oil Corporation Common Stock,Oil & Gas Production,43,1.5800000429153442,-94.29190742234238,39,21,E+
BATRA,Atlanta Braves Holdings Inc. Series A Common Stock,Services-Misc. Amusement & Recreation,87,55.7400016784668,-3.2459623538847127,71,21,C
BATRK,Atlanta Braves Holdings Inc. Series C Common Stock,Services-Misc. Amusement & Recreation,87,51.18000030517578,-3.19651723255433,70,21,C
BAX,Baxter International Inc. Common Stock,Medical/Dental Instruments,117,22.6200008392334,-23.185835056288674,58,21,B-
BB,BlackBerry Limited Common Stock,Computer Software: Prepackaged Software,120,10.970000267028809,-14.363779018853052,98,78,A-
BBAI,BigBear.ai Inc. Common Stock,Computer Software: Prepackaged Software,120,3.2699999809265137,-63.29966288522129,16,21,D
BBAR,Banco BBVA Argentina S.A. ADS,Commercial Banks,8,21.15999984741211,-2.993143636320239,90,61,A-
BBBY,Bed Bath & Beyond Inc. Common Stock,Catalog/Specialty Distribution,68,5.239999771118164,-56.72997589038808,27,21,E+
BBCP,Concrete Pumping Holdings Inc. Common Stock,Engineering & Construction,30,10.869999885559082,-9.792533497908762,89,31,A
BBD,Banco Bradesco Sa American Depositary Shares,Major Banks,26,3.6500000953674316,-11.313679600514416,57,,C
BBDC,Barings BDC Inc. Common Stock,Diversified Financial Services,24,8.569999694824219,-4.414061328283802,53,52,D
BBDO,Banco Bradesco Sa American Depositary Shares (each representing one Common Share),Major Banks,26,3.190000057220459,-12.879151429548873,55,,C-
BBGI,Beasley Broadcast Group Inc. Class A Common Stock,Broadcasting,95,23.350000381469727,-11.920029498790374,99,5,A
BBIO,BridgeBio Pharma Inc. Common Stock,Biotechnology: Pharmaceutical Preparations,68,85.88999938964844,-4.746588517477546,84,5,A
BBLG,Bone Biologics Corp Common Stock,Industrial Specialties,84,1.3899999856948853,-54.575163016758644,25,,A
BBN,BlackRock Taxable Municipal Bond Trust Common Shares of Beneficial Interest,Finance Companies,58,15.989999771118164,-3.8291603950323716,47,,D
BBNX,Beta Bionics Inc. Common Stock,Medical/Dental Instruments,117,17.030000686645508,-46.764611414530656,74,21,A-
BBOT,BridgeBio Oncology Therapeutics Inc. Common Stock,Biotechnology: Pharmaceutical Preparations,68,8.319999694824219,-39.40276786441126,24,21,D+
BBSI,Barrett Business Services Inc. Common Stock,Professional Services,97,37.43000030517578,-23.272746324351633,55,33,B+
BBT,Beacon Financial Corporation Common stock,Banks,27,30.190000534057617,-6.06755929137578,60,88,D+
BBUC,Brookfield Business Corporation Class A Subordinate Voting Shares,Engineering & Construction,30,30.989999771118164,-17.336472315423435,38,30,E-
BBVA,Banco Bilbao Vizcaya Argentaria S.A. Common Stock,Commercial Banks,8,25.690000534057617,-1.7214952796403726,80,76,C
BBW,Build-A-Bear Workshop Inc. Common Stock,Recreational Games/Products/Toys,103,34.41999816894531,-53.69403996919983,19,59,C+
BBWI,Bath & Body Works Inc.,Clothing/Shoe/Accessory Stores,92,20.329999923706055,-37.17649692430053,35,75,C+
BBY,Best Buy Co. Inc. Common Stock,Consumer Electronics/Video Chains,140,82.80000305175781,0.0,75,64,B+
BC,Brunswick Corporation Common Stock,Industrial Machinery/Components,68,77.9000015258789,-11.753837457980365,60,34,D
BCAB,BioAtla Inc. Common Stock,Biotechnology: Biological Products (No Diagnostic Substances),64,3.819999933242798,-93.73770502747082,7,21,C-
BCAL,California BanCorp Common Stock,Major Banks,26,20.65999984741211,-2.409070510363065,68,52,B-
BCAR,D. Boral ARC Acquisition I Corp. Class A Ordinary Shares,Blank Checks,76,10.399999618530273,-5.368518333716599,49,,C
BCAT,BlackRock Capital Allocation Term Trust Common Shares of Beneficial Interest,Finance/Investors Services,80,16.1200008392334,0.0,73,,C-
BCAX,Bicara Therapeutics Inc. Common Stock,Biotechnology: Pharmaceutical Preparations,68,28.90999984741211,-4.901315098076308,93,13,A-
BCBP,BCB Bancorp Inc. (NJ) Common Stock,Savings Institutions,22,10.350000381469727,-9.764602087923112,69,31,D-
BCC,Boise Cascade L.L.C. Common Stock,RETAIL: Building Materials,109,76.05999755859375,-17.51917558689594,39,34,C+
BCDA,BioCardia Inc. Common Stock,Biotechnology: Biological Products (No Diagnostic Substances),64,0.9100000262260437,-62.39669431665297,15,,A+
BCE,BCE Inc. Common Stock,Telecommunications Equipment,74,21.3799991607666,-17.09176580855424,36,57,E+
BCG,Binah Capital Group Inc. Common Stock,Finance: Consumer Services,112,1.5,-51.76848711907169,21,77,C
BCH,Banco De Chile ADS,Commercial Banks,8,40.79999923706055,-6.636672429126456,73,,B-
BCHT,Birchtech Corp. Common Stock,Industrial Machinery/Components,68,1.9199999570846558,-59.57894827190198,20,,A-
BCIC,BCP Investment Corporation Common Stock,Finance: Consumer Services,112,7.369999885559082,-40.099397111053456,25,,D-
BCML,BayCom Corp Common Stock,Major Banks,26,33.34000015258789,-1.4775413644960156,63,72,B-
BCO,Brinks Company (The) Common Stock,Integrated Freight & Logistics,141,104.23999786376953,-22.926104209426125,41,,C-
BCPC,Balchem Corporation Common Stock,Major Chemicals,54,162.14999389648438,-11.519153794127234,46,60,D
BCRX,BioCryst Pharmaceuticals Inc. Common Stock,Biotechnology: Biological Products (No Diagnostic Substances),64,10.449999809265137,-5.940592869554607,72,40,A-
BCS,Barclays PLC Common Stock,Commercial Banks,8,27.479999542236328,-3.273496339918125,76,79,C+
BCSF,Bain Capital Specialty Finance Inc. Common Stock,Finance/Investors Services,80,12.859999656677246,-6.437447315636035,49,,D+
BCSS,Bain Capital GSS Investment Corp. Class A Ordinary Shares,,,10.255000114440918,-0.2431869570005074,46,,D
BCTX,BriaCell Therapeutics Corp. Common Shares,Biotechnology: Pharmaceutical Preparations,68,3.940000057220459,-80.96618399998083,11,31,D-
BCX,BlackRock Resources Common Shares of Beneficial Interest,Finance/Investors Services,80,11.380000114440918,-14.63773098569826,54,,D-
BCYC,Bicycle Therapeutics plc American Depositary Shares,Biotechnology: Pharmaceutical Preparations,68,4.409999847412109,-50.28185000777885,17,21,B-
BDC,Belden Inc Common Stock,Telecommunications Equipment,74,106.95999908447266,-29.063667148667726,31,78,D-
BDCI,BTC Development Corp. Class A Ordinary Shares,Blank Checks,76,10.100000381469727,-0.9803865653465582,44,,D
BDJ,Blackrock Enhanced Equity Dividend Trust,Finance Companies,58,9.670000076293945,-0.3092756037225586,60,,C-
BDL,Flanigan's Enterprises Inc. Common Stock,Restaurants,105,44.900001525878906,-4.407067577234425,86,68,E-
BDMD,Baird Medical Investment Holdings Ltd Ordinary Share,Medical/Dental Instruments,117,1.1299999952316284,-67.89772723424286,13,,C
BDN,Brandywine Realty Trust Common Stock,Real Estate Investment Trusts,45,3.059999942779541,-25.89807783508672,49,21,C
BDRX,Biodexa Pharmaceuticals plc American Depositary Shs,Biotechnology: Pharmaceutical Preparations,68,2.490000009536743,-95.43119264305184,5,,A+
BDSX,Biodesix Inc. Common Stock,Medical Specialities,34,21.420000076293945,-12.571428260024708,98,5,A
BDTX,Black Diamond Therapeutics Inc. Common Stock,Biotechnology: Biological Products (No Diagnostic Substances),64,1.909999966621399,-60.7802872380945,16,40,D+
BDX,Becton Dickinson and Company Common Stock,Medical/Dental Instruments,117,151.94000244140625,-16.938164956012645,47,42,C+
BE,Bloom Energy Corporation Class A Common Stock,Industrial Machinery/Components,68,244.61000061035156,-29.272807201530636,99,84,E
BEAM,Beam Therapeutics Inc. Common Stock,Biotechnology: Biological Products (No Diagnostic Substances),64,32.68000030517578,-13.81856043458578,78,32,B-
BEAT,Heartbeam Inc. Common Stock,Medical/Dental Instruments,117,0.6050000190734863,-82.4127904357557,6,,E+
BEBE,TGE Value Creative Solutions Corp Class A Ordinary Shares,Diversified Commercial Services,111,9.989999771118164,0.0,45,,D+
BEEM,Beam Global Common Stock,Semiconductors,1,1.1699999570846558,-69.84536282022134,14,,A+
BEEP,Mobile Infrastructure Corporation Common Stock,Blank Checks,76,1.7799999713897705,-58.70069617119671,14,21,E-
BEKE,KE Holdings Inc American Depositary Shares (each representing three Class A Ordinary Shares),Real Estate,87,15.569999694824219,-22.111301410708407,36,92,D
BELFA,Bel Fuse Inc. Class A Common Stock,,,229.5500030517578,-21.179138690299983,90,91,C
BELFB,Bel Fuse Inc. Class B Common Stock,,,272.5799865722656,-18.153981630258443,92,91,D-
BEN,Franklin Resources Inc. Common Stock,Investment Managers,73,33.5,-2.7293805580468122,84,78,C+
BENF,Beneficient Class A Common Stock,Finance: Consumer Services,112,3.4200000762939453,-71.30872437580335,31,,A
BEPC,Brookfield Renewable Corporation Brookfield Renewable Corporation Class A Subordinate Voting Shares,Electric Utilities: Central,55,35.06999969482422,-19.421849784789302,35,21,E+
BESS,Bimergen Energy Corporation Common Stock,Electric Utilities: Central,55,3.9000000953674316,-71.11111040468569,26,,A+
BETA,Beta Technologies Inc. Class A Common Stock,Aerospace,90,17.709999084472656,-51.87500149011615,20,,C
BETR,Better Home & Finance Holding Company Class A Common Stock,Finance: Consumer Services,112,25.700000762939453,-70.14058225390593,36,21,E
BF-A,Brown Forman Corporation,,,26.600000381469727,-12.304935771789594,38,37,C-
BF-B,Brown Forman Corporation,,,26.170000076293945,-13.724842286105865,37,44,D+
BFAM,Bright Horizons Family Solutions Inc. Common Stock,Other Consumer Services,123,73.30999755859375,-41.398882132073666,21,56,C-
BFC,Bank First Corporation Common Stock,Major Banks,26,147.35000610351562,-3.6865149272123143,61,49,D+
BFH,Bread Financial Holdings Inc. Common Stock,Business Services,92,96.5,-11.248048357715511,85,79,C-
BFLY,Butterfly Network Inc. Class A Common Stock,Medical Electronics,126,7.980000019073486,-10.43770868984627,98,21,A
BFRG,Bullfrog AI Holdings Inc. Common Stock,Biotechnology: Pharmaceutical Preparations,68,0.6899999976158142,-58.928570288176395,13,,C
BFRI,Biofrontera Inc. Common Stock,Biotechnology: Pharmaceutical Preparations,68,1.100000023841858,-5.172409009139556,67,21,B+
BFS,Saul Centers Inc. Common Stock,Real Estate Investment Trusts,45,36.13999938964844,-4.593457310990967,64,45,C
BFST,Business First Bancshares Inc. Common Stock,Major Banks,26,30.170000076293945,-3.978357724267201,65,51,B-
BG,Bunge Limited Common Shares,Packaged Foods,129,114.31999969482422,-13.005101203123148,72,48,D-
BGC,BGC Group Inc. Class A Common Stock,Investment Bankers/Brokers/Service,84,10.779999732971191,-14.78260823676093,56,87,E
BGDE,Big Digital Energy Inc. Common Stock,Finance: Consumer Services,112,7.429999828338623,-77.88690426857832,73,,A-
BGI,Birks Group Inc. Common Stock,Consumer Specialties,30,0.550000011920929,-58.33333408591721,13,,A-
BGIN,Bgin Blockchain Limited Class A Ordinary Shares,Finance: Consumer Services,112,1.9149999618530273,-61.39113009828806,10,,D
BGL,Blue Gold Limited Class A Ordinary Shares,Metal Mining,71,0.25099998712539673,-99.18743932636816,1,,A
BGLC,BioNexus Gene Lab Corp Common stock,Medical Specialities,34,1.809999942779541,-74.79108654521576,10,,E-
BGM,BGM Group Ltd. Class A Ordinary Shares,Biotechnology: Pharmaceutical Preparations,68,0.33500000834465027,-97.14893609919446,8,,A+
BGMS,Bio Green Med Solution Inc. Common Stock,Biotechnology: Pharmaceutical Preparations,68,0.8999999761581421,-94.75218661121305,11,21,A+
BGS,B&G Foods Inc. Common Stock,Packaged Foods,129,3.930000066757202,-28.813207609097468,35,21,E+
BGSF,BGSF Inc. Common Stock,Professional Services,97,5.630000114440918,-14.437687238301189,59,21,D-
BGSI,Boyd Group Services Inc. Common Shares,,,97.7699966430664,-46.24632687616332,17,,E+
BH,Biglari Holdings Inc. Class B Common Stock,Restaurants,105,373.04998779296875,-21.77933882208627,60,,C+
BHB,Bar Harbor Bankshares Inc. Common Stock,Major Banks,26,37.20000076293945,-4.786278337576988,67,91,B+
BHC,Bausch Health Companies Inc. Common Stock,Biotechnology: Pharmaceutical Preparations,68,4.78000020980835,-42.68584985187174,21,40,E-
BHE,Benchmark Electronics Inc. Common Stock,Electrical Products,3,85.05999755859375,-13.79345379843645,94,86,D
BHF,Brighthouse Financial Inc. Common Stock,Life Insurance,28,66.0,-0.015152455547307042,66,28,C-
BHK,Blackrock Core Bond Trust,Finance Companies,58,9.029999732971191,-4.037315079360981,43,,D
BHM,Bluerock Homes Trust Inc. Class A Common Stock,Real Estate Investment Trusts,45,8.942999839782715,-36.66698431954195,24,,C-
BHP,BHP Group Limited American Depositary Shares (Each representing two Ordinary Shares),Coal Mining,101,81.68000030517578,-12.313474001947855,81,,D-
BHR,Braemar Hotels & Resorts Inc. Common Stock,Real Estate Investment Trusts,45,2.059999942779541,-34.394908472705055,23,62,C-
BHRB,Burke & Herbert Financial Services Corp. Common Stock,Major Banks,26,70.30000305175781,-3.380977202098945,62,70,B-
BHST,BioHarvest Sciences Inc. Common Stock,,,2.7799999713897705,-78.02371497847712,8,,E-
BHV,BlackRock Virginia Municipal Bond Trust,Finance/Investors Services,80,12.710000038146973,-4.075471410211529,75,,A-
BHVN,Biohaven Ltd. Common Shares,Biotechnology: Pharmaceutical Preparations,68,15.550000190734863,-14.135838395021471,82,5,A
BIAF,bioAffinity Technologies Inc. Common Stock,Biotechnology: Commercial Physical & Biological Resarch,23,0.7670000195503235,-92.99543348940207,4,,E-
BIDU,Baidu Inc. ADS,Computer Software: Programming Data Processing,110,117.52999877929688,-27.68274939110842,48,35,C
BIIB,Biogen Inc. Common Stock,Biotechnology: Biological Products (No Diagnostic Substances),64,199.14999389648438,-8.06906273015322,73,56,C-
BIII,Black Spade Acquisition III Co Class A Ordinary Shares,Blank Checks,76,9.9399995803833,-0.4008012393562077,44,,D
BILI,Bilibili Inc. American Depositary Shares,EDP Services,125,17.700000762939453,-50.72382609907253,18,99,E+
BILL,BILL Holdings Inc. Common Stock,EDP Services,125,41.36000061035156,-26.549459062933966,36,99,B
BIO,Bio-Rad Laboratories Inc. Class A Common Stock,Biotechnology: Laboratory Analytical Instruments,52,296.1099853515625,-12.844743090047828,51,40,C+
BIO-B,Bio-Rad Laboratories Inc.,,,298.5,-7.044094251724409,55,75,E
BIOA,BioAge Labs Inc. Common Stock,Biotechnology: Pharmaceutical Preparations,68,24.34000015258789,-3.0278893120771144,98,13,A
BIOX,Bioceres Crop Solutions Corp. Ordinary Shares,Agricultural Chemicals,134,0.34299999475479126,-92.23981925714382,5,11,E
BIPC,Brookfield Infrastructure Corporation Brookfield Infrastructure Corporation,Oil & Gas Production,43,39.54999923706055,-20.88385500428287,38,,D-
BIRD,Smartbird Inc. Class A Common Stock,Apparel,40,3.130000114440918,-81.57739754792873,23,21,A
BIRK,Birkenstock Holding plc Ordinary Shares,Shoe Manufacturing,80,45.47999954223633,-14.831463965041946,56,77,C
BIVI,BioVie Inc. Class A Common Stock,Biotechnology: Pharmaceutical Preparations,68,2.2699999809265137,-74.76375753410672,76,13,A
BIYA,Baiya International Group Inc. Ordinary Shares,Diversified Commercial Services,111,0.45500001311302185,-98.06588726677545,2,,A+
BJ,BJ's Wholesale Club Holdings Inc. Common Stock,Department/Specialty Retail Stores,59,88.05000305175781,-19.939988757777417,36,47,D-
BJDX,Bluejay Diagnostics Inc. Common Stock,Medical/Dental Instruments,117,1.4500000476837158,-89.64285680225917,9,,A+
BJRI,BJ's Restaurants Inc. Common Stock,Restaurants,105,62.2599983215332,0.0,91,72,A-
BKD,Brookdale Senior Living Inc. Common Stock,Hospital/Nursing Management,49,14.40999984741211,-14.072752211876061,85,5,D
BKE,Buckle Inc. (The) Common Stock,Clothing/Shoe/Accessory Stores,92,42.58000183105469,-25.429644498347137,26,61,E+
BKH,Black Hills Corporation Common Stock,Electric Utilities: Central,55,75.20999908447266,-1.1753981610143516,65,47,D+
BKKT,Bakkt Inc. Class A Common Stock,Finance: Consumer Services,112,8.40999984741211,-81.32770942170919,14,11,B
BKNG,Booking Holdings Inc. Common Stock,Transportation Services,105,178.38999938964844,-22.128980110562367,33,93,C+
BKR,Baker Hughes Company Class A Common Stock,Oil and Gas Field Machinery,35,57.560001373291016,-17.105663763544555,63,96,D-
BKSY,BlackSky Technology Inc. Class A Common Stock,Radio And Television Broadcasting And Communications Equipment,18,25.020000457763672,-51.53980255635693,33,21,E
BKT,BlackRock Income Trust Inc. (The),Investment Bankers/Brokers/Service,84,10.529999732971191,-3.564357213913838,44,,D
BKTI,BK Technologies Corporation Common Stock,Radio And Television Broadcasting And Communications Equipment,18,85.2699966430664,-12.047447831701607,71,86,C-
BKU,BankUnited Inc. Common Stock,Savings Institutions,22,48.22999954223633,-3.983747900936352,64,49,D+
BKV,BKV Corporation Common Stock,Oil & Gas Production,43,25.299999237060547,-21.33084777021098,43,81,D
BKYI,BIO-key International Inc. Common Stock,Computer Software: Prepackaged Software,120,4.980000019073486,-51.6504861470475,21,5,E
BL,BlackLine Inc. Common Stock,Computer Software: Prepackaged Software,120,29.1299991607666,-50.48444967854871,16,88,C
BLBD,Blue Bird Corporation Common Stock,Construction/Ag Equipment/Trucks,35,77.37999725341797,-2.788946310626972,87,77,C+
BLCO,Bausch + Lomb Corporation Common Shares,Ophthalmic Goods,115,16.229999542236328,-12.741939734552455,49,60,D+
BLDP,Ballard Power Systems Inc. Common Shares,Industrial Machinery/Components,68,3.0799999237060547,-51.724139992810066,68,21,C-
BLDR,Builders FirstSource Inc. Common Stock,RETAIL: Building Materials,109,75.69000244140625,-49.272837587526354,19,29,D
BLFS,BioLife Solutions Inc. Common Stock,Biotechnology: Electromedical & Electrotherapeutic Apparatus,76,28.18000030517578,-2.118793299595101,75,62,A-
BLIN,Bridgeline Digital Inc. Common Stock,Computer Software: Prepackaged Software,120,1.2400000095367432,-21.019110311489307,74,21,A
BLIV,BeLive Holdings Ordinary Share,EDP Services,125,2.299999952316284,-43.668874622314156,21,,E
BLK,BlackRock Inc. Common Stock,Investment Bankers/Brokers/Service,84,1036.1099853515625,-12.451518754127132,42,71,D-
BLKB,Blackbaud Inc. Common Stock,Computer Software: Prepackaged Software,120,29.59000015258789,-58.67895559225771,13,97,C+
BLLN,BillionToOne Inc. Class A Common Stock,Medical Specialities,34,126.7699966430664,-2.6194470921561575,83,,A-
BLMN,Bloomin' Brands Inc. Common Stock,Restaurants,105,8.34000015258789,-19.189306046041942,70,72,B
BLND,Blend Labs Inc. Class A Common Stock,Computer Software: Programming Data Processing,110,1.7000000476837158,-61.09839605942635,20,21,C+
BLNE,Beeline Holdings Inc. Common Stock,Finance: Consumer Services,112,1.1100000143051147,-74.48275773240796,11,,E-
BLNK,Blink Charging Co. Common Stock,Industrial Specialties,84,0.5699999928474426,-77.2000002861023,17,21,D-
BLRX,BioLineRx Ltd. American Depositary Shares,Biotechnology: Pharmaceutical Preparations,68,3.0899999141693115,-36.68033111258809,47,,E-
BLSH,Bullish Ordinary Shares,Finance: Consumer Services,112,24.229999542236328,-67.5331630256403,10,21,E
BLTE,Belite Bio Inc American Depositary Shares,Biotechnology: Pharmaceutical Preparations,68,149.3300018310547,-21.52916477335005,83,21,D-
BLW,Blackrock Limited Duration Income Trust,Other Consumer Services,123,12.75,-4.328465581567997,44,,D+
BLX,Bladex Inc. Class E Common Stock,Commercial Banks,8,58.65999984741211,-6.562597980239893,78,56,D+
BLZE,Backblaze Inc. Class A Common Stock,Computer Software: Prepackaged Software,120,17.600000381469727,-1.2899581784659997,99,96,A+
BMA,Banco Macro S.A.  ADR (representing Ten Class B Common Shares),Commercial Banks,8,94.98999786376953,-6.792473763383322,86,85,B+
BMBL,Bumble Inc. Class A Common Stock,Computer Software: Programming Data Processing,110,3.0299999713897705,-64.64410642605141,18,79,A-
BMEA,Biomea Fusion Inc. Common Stock,Biotechnology: Pharmaceutical Preparations,68,1.3200000524520874,-50.56179720098382,21,21,E+
BMGL,Basel Medical Group Ltd Ordinary Shares,Medical/Nursing Services,32,6.605000019073486,-82.01252777913984,13,,A+
BMHL,Bluemount Holdings Limited Class B Ordinary Shares,Finance: Consumer Services,112,6.079999923706055,-1.298700092333016,92,,A+
BMI,Badger Meter Inc. Common Stock,Industrial Machinery/Components,68,144.17999267578125,-40.72812165834397,26,71,D+
BMM,Blue Moon Metals Inc. Common Shares,,,6.659999847412109,-21.276597903291783,71,,E-
BMNR,BitMine Immersion Technologies Inc. Common Stock,Finance: Consumer Services,112,14.979999542236328,-76.29800871300476,8,38,E+
BMO,Bank Of Montreal Common Stock,Commercial Banks,8,178.9600067138672,0.0,84,57,C
BMR,Beamr Imaging Ltd. Ordinary Share,Computer Software: Prepackaged Software,120,1.434999942779541,-59.80392241979502,19,,B-
BMRA,Biomerica Inc. Common Stock,Biotechnology: In Vitro & In Vivo Diagnostic Substances,55,1.690000057220459,-59.178741262736246,15,13,E
BMRC,Bank of Marin Bancorp Common Stock,Major Banks,26,28.450000762939453,-1.6931574363363122,61,50,B+
BMRN,BioMarin Pharmaceutical Inc. Common Stock,Biotechnology: Pharmaceutical Preparations,68,59.119998931884766,-7.74032889737869,48,49,B-
BMY,Bristol-Myers Squibb Company Common Stock,Biotechnology: Pharmaceutical Preparations,68,57.58000183105469,-5.67517983844692,61,35,D+
BN,Brookfield Corporation Class A Limited Voting Shares,Building operators,80,43.72999954223633,-10.766141665781227,45,30,D
BNAI,Brand Engagement Network Inc. Common Stock,EDP Services,125,14.109999656677246,-77.60317514813136,96,35,A
BNBX,BNB Plus Corp. Common Stock,Other Consumer Services,123,0.3799999952316284,-93.23843411086074,4,5,E-
BNC,CEA Industries Inc. Common Stock,Industrial Machinery/Components,68,2.9100000858306885,-94.94660044786673,15,,A
BNED,Barnes & Noble Education Inc Common Stock,Other Specialty Stores,117,12.90999984741211,-6.040756459477792,82,33,A-
BNGO,Bionano Genomics Inc. Common Stock,Biotechnology: Laboratory Analytical Instruments,52,1.2000000476837158,-75.60975550659683,20,21,D+
BNKK,Bonk Inc. Common Stock,Package Goods/Cosmetics,84,1.2300000190734863,-97.07142852601551,4,,A-
BNL,Broadstone Net Lease Inc. Common Stock,Real Estate Investment Trusts,45,21.829999923706055,-0.09153527420819874,75,76,C+
BNR,Burning Rock Biotech Limited American Depositary Shares,Medical Specialities,34,11.300000190734863,-72.47929904336203,72,5,C+
BNRG,Brenmiller Energy Ltd Ordinary Shares,Building Products,61,0.8399999737739563,-98.99159670708292,1,,E-
BNS,Bank Nova Scotia Halifax Pfd 3 Ordinary Shares,Major Banks,26,87.58999633789062,0.0,81,70,C+
BNT,Brookfield Wealth Solutions Ltd. Class A Exchangeable Limited Voting Shares,Property-Casualty Insurers,46,43.720001220703125,-11.570290784987991,43,29,D-
BNTC,Benitec Biopharma Inc. Common Stock,Biotechnology: Pharmaceutical Preparations,68,13.420000076293945,-18.765134961076,58,13,E+
BNTX,BioNTech SE American Depositary Share,Biotechnology: Biological Products (No Diagnostic Substances),64,91.48999786376953,-23.336684538910678,34,5,C
BNY,The Bank of New York Mellon Corporation Common Stock,Major Banks,26,151.9199981689453,-0.6474432473049352,82,85,D+
BNZI,Banzai International Inc. Class A Common Stock,Computer Software: Prepackaged Software,120,3.240000009536743,-96.12440183173005,2,,A
BOBS,Bob's Discount Furniture Inc. Common Stock,Other Specialty Stores,117,15.649999618530273,-30.53706550569838,58,,A-
BOC,Boston Omaha Corporation Class A Common Stock,Real Estate,87,14.09000015258789,-6.626905168244834,58,,B+
BODI,The Beachbody Company Inc. Class A Common Stock,Other Consumer Services,123,11.15999984741211,-30.46728736508033,90,62,D+
BOF,BranchOut Food Inc. Common Stock,Packaged Foods,129,4.300000190734863,-15.520627468967174,85,,A
BOH,Bank of Hawaii Corporation Common Stock,Major Banks,26,82.4800033569336,-0.6982834321070164,66,61,D+
BOKF,BOK Financial Corporation Common Stock,Major Banks,26,138.69000244140625,-1.8054396435726816,66,72,D+
BOLD,Boundless Bio Inc. Common Stock,Biotechnology: Pharmaceutical Preparations,68,2.4100000858306885,-7.3076856065781515,95,21,A+
BOLT,Bolt Biotherapeutics Inc. Common Stock,Biotechnology: Pharmaceutical Preparations,68,3.7799999713897705,-46.685474047415234,17,21,E
BON,Bon Natural Life Limited Class A Ordinary Shares,Medicinal Chemicals and Botanical Products,135,1.2200000286102295,-46.491226143894195,23,,A-
BOOM,DMC Global Inc. Common Stock,Industrial Specialties,84,6.46999979019165,-27.870684530818302,45,21,D+
BOOT,Boot Barn Holdings Inc. Common Stock,Clothing/Shoe/Accessory Stores,92,161.22999572753906,-22.478123358192637,39,65,D+
BORR,Borr Drilling Limited Common Shares,Oil & Gas Production,43,4.329999923706055,-34.49319461051387,73,40,E
BOSC,B.O.S. Better Online Solutions Common Stock,Computer Communications Equipment,7,4.239999771118164,-35.757578297204375,32,48,E-
BOTJ,Bank of the James Financial Group Inc. Common Stock,Major Banks,26,25.510000228881836,-1.5817895301130425,86,83,B
BOW,Bowhead Specialty Holdings Inc. Common Stock,Property-Casualty Insurers,46,31.389999389648438,-8.055067513662074,70,87,B+
BOX,Box Inc. Class A Common Stock,Computer Software: Prepackaged Software,120,28.639999389648438,-14.634873201392939,51,95,B-
BOXL,Boxlight Corporation Class A Common Stock,Other Consumer Services,123,4.78000020980835,-97.21639868633306,6,,A+
BP,BP p.l.c. Common Stock,Integrated oil Companies,10,39.20000076293945,-16.75745459408784,56,97,E+
BPAC,Blueport Acquisition Ltd Class A Ordinary Shares,,,10.130000114440918,-0.09862158326672255,47,,D+
BPOP,Popular Inc. Common Stock,Major Banks,26,170.55999755859375,0.0,80,67,C+
BPRN,Princeton Bancorp Inc. Common Stock (PA),Major Banks,26,38.0,-2.5141086550667158,64,51,B+
BQ,Boqii Holding Limited Class A Ordinary Shares,Other Specialty Stores,117,0.800000011920929,-95.28579820688991,12,,A+
BR,Broadridge Financial Solutions Inc. Common Stock,Business Services,92,147.47000122070312,-43.608362207181486,21,66,D+
BRAG,Bragg Gaming Group Inc. Common Shares,Office Equipment/Supplies/Services,61,2.009999990463257,-57.46031680355005,29,,B-
BRAI,Braiin Limited Common Stock,EDP Services,125,5.519999980926514,-62.81158759918411,10,,A+
BRBI,BRBI BR Partners S.A. ADSs,Finance: Consumer Services,112,11.5,-49.07057123998675,20,,E
BRBR,BellRing Brands Inc. Common Stock,Packaged Foods,129,12.479999542236328,-78.75744758768285,10,48,B+
BRBS,Blue Ridge Bankshares Inc. Common Stock,Major Banks,26,3.430000066757202,-12.93781366205382,44,79,B-
BRC,Brady Corporation Common Stock,Miscellaneous manufacturing industries,123,90.16000366210938,-5.870592427846832,67,83,C
BRCB,Black Rock Coffee Bar Inc. Class A Common Stock,Restaurants,105,8.229999542236328,-70.43822019709542,6,,C-
BRCC,BRC Inc. Class A Common Stock,Beverages (Production/Distribution),97,1.1799999475479126,-41.87192294687247,65,69,C-
BRFH,Barfresh Food Group Inc. Common Stock,Packaged Foods,129,1.9500000476837158,-51.73267163128118,14,,E
BRIA,BrilliA Inc Class A Ordinary Shares,Apparel,40,1.5199999809265137,-63.373495277186585,22,,E-
BRID,Bridgford Foods Corporation Common Stock,Specialty Foods,92,6.5,-23.529411764705888,26,13,E-
BRK-A,Berkshire Hathaway Inc.,,,739750.0,-3.951647980679962,45,,D+
BRK-B,Berkshire Hathaway Inc.,,,493.7099914550781,-3.9119530953119375,45,,D+
BRKR,Bruker Corporation Common Stock,Biotechnology: Laboratory Analytical Instruments,52,60.060001373291016,-4.12676380789777,88,45,B+
BRLS,Borealis Foods Inc. Class A Common Shares,Packaged Foods,129,1.0299999713897705,-74.31421664339955,9,,A
BRLT,Brilliant Earth Group Inc. Class A Common Stock,Consumer Specialties,30,1.1699999570846558,-59.9315093659307,22,,D-
BRN,Barnwell Industries Inc. Common Stock,Oil & Gas Production,43,1.0299999713897705,-25.899281871225664,35,13,C-
BRNS,Barinthus Biotherapeutics plc American Depositary Shares,Biotechnology: Pharmaceutical Preparations,68,0.6380000114440918,-67.61421308738863,27,,A
BRO,Brown & Brown Inc. Common Stock,Specialty Insurers,105,67.66000366210938,-36.78020852625412,27,48,C+
BROS,Dutch Bros Inc. Class A Common Stock,Restaurants,105,67.55999755859375,-8.99784549756263,69,69,B-
BRR,ProCap Financial Inc. Common Stock,Finance: Consumer Services,112,1.4600000381469727,-86.40595838676663,7,,A-
BRSL,Brightstar Lottery PLC Trading under the Legal Name to begin at the market open on July 21 2025. Ordinary Shares,Services-Misc. Amusement & Recreation,87,10.920000076293945,-37.17517550206858,23,65,D-
BRSP,BrightSpire Capital Inc. Class A Common Stock,Real Estate Investment Trusts,45,5.360000133514404,-9.04113289144025,51,,D-
BRT,BRT Apartments Corp. (MD) Common Stock,Real Estate Investment Trusts,45,14.850000381469727,-4.990401326040505,51,21,B+
BRTX,BioRestorative Therapies Inc. Common Stock (NV),Managed Health Care,,0.3449999988079071,-81.25000040492284,18,,A+
BRUN,Boost Run Inc. Class A Common Stock,EDP Services,125,28.440000534057617,-27.44897964148658,97,,B+
BRX,Brixmor Property Group Inc. Common Stock,Real Estate Investment Trusts,45,31.030000686645508,-3.8088512859045243,66,86,D
BRZE,Braze Inc. Class A Common Stock,Computer Software: Prepackaged Software,120,25.1299991607666,-30.560928117250242,44,21,C
BSAC,Banco Santander - Chile ADS,Commercial Banks,8,33.959999084472656,-4.83714400153673,70,49,C+
BSBK,Bogota Financial Corp. Common Stock,Banks,27,9.039999961853027,-4.74183161347026,53,41,B-
BSBR,Banco Santander Brasil SA American Depositary Shares each representing one unit,Commercial Banks,8,5.389999866485596,-23.82597279389521,38,,D-
BSET,Bassett Furniture Industries Incorporated Common Stock,Home Furnishings,40,20.860000610351562,-0.6666637602306569,84,43,A
BSIN,Big Sky Industrial Inc. Common Stock,Oil & Gas Production,43,1.1299999952316284,-20.979018414001203,71,,A
BSRR,Sierra Bancorp Common Stock,Major Banks,26,41.08000183105469,-1.4395356759308475,76,78,C+
BST,BlackRock Science and Technology Trust Common Shares of Beneficial Interest,Finance Companies,58,48.220001220703125,-4.910269983680527,77,,C+
BSVN,Bank7 Corp. Common stock,Major Banks,26,51.220001220703125,-1.0241522305253659,69,64,A-
BSX,Boston Scientific Corporation Common Stock,Medical/Dental Instruments,117,44.77000045776367,-58.59996235393985,11,87,E
BSY,Bentley Systems Incorporated Class B Common Stock,Computer Software: Prepackaged Software,120,31.670000076293945,-45.70452948364665,22,58,C
BTAI,BioXcel Therapeutics Inc. Common Stock,Biotechnology: Pharmaceutical Preparations,68,0.8180000185966492,-87.97058829922989,10,5,E-
BTBD,BT Brands Inc. Common Stock,Restaurants,105,1.1100000143051147,-63.366335815640596,17,,C+
BTBT,Bit Digital Inc. Ordinary Shares,Finance: Consumer Services,112,1.690000057220459,-59.952603288074855,27,,C
BTCS,BTCS Inc. Common Stock,Finance: Consumer Services,112,1.0499999523162842,-83.83949902956684,7,,E-
BTCT,BTC Digital Ltd. Ordinary Shares,Other Consumer Services,123,0.9300000071525574,-78.11764689052806,11,,A+
BTDR,Bitdeer Technologies Group Class A Ordinary Shares,Finance: Consumer Services,112,13.289999961853027,-48.68725807878145,56,5,D-
BTE,Baytex Energy Corp Common Shares,Oil & Gas Production,43,4.070000171661377,-23.231520211987778,85,,D-
BTG,B2Gold Corp Common shares (Canada),Precious Metals,104,3.8499999046325684,-37.45313265951784,28,87,D-
BTGO,BitGo Holdings Inc. Class A Common Stock,Finance: Consumer Services,112,5.130000114440918,-72.25527215822845,6,,E-
BTI,British American Tobacco  Industries p.l.c. Common Stock ADR,Medicinal Chemicals and Botanical Products,135,60.02000045776367,-8.763421456284403,64,,D
BTMD,Biote Corp. Class A Common Stock,Medicinal Chemicals and Botanical Products,135,2.3299999237060547,-48.79121261465838,56,51,E-
BTOC,Armlogi Holding Corp. Common Stock,Office Equipment/Supplies/Services,61,0.29499998688697815,-82.44047642277887,13,13,A-
BTOG,Bit Origin Limited Class A Ordinary Shares,Finance: Consumer Services,112,1.090000033378601,-97.67094006164974,3,,E-
BTQ,BTQ Technologies Corp. Common Stock,,,3.7200000286102295,-73.6916553162115,39,,B
BTSG,BrightSpring Health Services Inc. Common Stock,Medical/Nursing Services,32,71.43000030517578,-0.2095578681779675,96,97,B-
BTSGU,BrightSpring Health Services Inc. Tangible Equity Unit,Medical/Nursing Services,32,235.22000122070312,-0.25019988295620355,96,,A-
BTT,BlackRock Municipal 2030 Target Term Trust,Investment Managers,73,22.790000915527344,-0.8130845279846199,47,,D+
BTTC,Black Titan Corporation Ordinary Shares,Biotechnology: Biological Products (No Diagnostic Substances),64,0.7620000243186951,-96.82235179789485,5,,E-
BTU,Peabody Energy Corporation Common Stock,Coal Mining,101,23.3700008392334,-40.64856567253612,40,21,D-
BTX,BlackRock Technology and Private Equity Term Trust Common Shares of Beneficial Interest,,,8.649999618530273,-8.174102457827248,79,,C
BTZ,BlackRock Credit Allocation Income Trust,Finance/Investors Services,80,10.210000038146973,-2.5360120096171612,45,,D+
BUD,Anheuser-Busch Inbev SA Sponsored ADR (Belgium),Beverages (Production/Distribution),97,79.61000061035156,-6.4402350022182535,70,78,C-
BUDA,Buda Juice Inc. Common Stock,Beverages (Production/Distribution),97,10.859999656677246,0.0,74,,B-
BULL,Webull Corporation Class A Ordinary Shares,Investment Bankers/Brokers/Service,84,7.380000114440918,-58.399096901590596,43,21,B+
BUR,Burford Capital Limited Ordinary Shares,Finance: Consumer Services,112,4.190000057220459,-70.89152223954223,13,35,D-
BURL,Burlington Stores Inc. Common Stock,Department/Specialty Retail Stores,59,327.7200012207031,-5.778852762998044,60,71,D
BURU,Nuburu Inc. Common Stock,Industrial Machinery/Components,68,0.14800000190734863,-95.4740060314797,5,,B+
BUSE,First Busey Corporation Class A Common Stock,Major Banks,26,29.200000762939453,-3.2151120679534517,70,84,C
BUUU,BUUU Group Limited Class A Ordinary Share,Services-Misc. Amusement & Recreation,87,18.700000762939453,-18.801562286608654,97,,A-
BV,BrightView Holdings Inc. Common Stock,Business Services,92,14.300000190734863,-12.16216469532977,59,30,B
BVC,BitVentures Limited Ordinary Shares,,,10.069999694824219,-31.72881562831038,99,,A+
BVFL,BV Financial Inc. Common Stock,Savings Institutions,22,21.049999237060547,-3.5730677479227757,70,41,B+
BVN,Buenaventura Mining Company Inc.,Metal Mining,71,30.0,-29.307939040825794,65,,E+
BVS,Bioventus Inc. Class A Common Stock,Medical/Dental Instruments,117,11.880000114440918,-2.782325246794437,88,99,A-
BW,Babcock & Wilcox Enterprises Inc. Common Stock,Building Products,61,11.699999809265137,-46.45309105263209,99,21,E-
BWA,BorgWarner Inc. Common Stock,Auto Parts:O.E.M.,64,64.98999786376953,-15.630275355480471,86,64,C
BWAY,BrainsWay Ltd. American Depositary Shares,Medical/Dental Instruments,117,15.0600004196167,-12.28887389226313,89,93,D+
BWB,Bridgewater Bancshares Inc. Common Stock,Major Banks,26,21.459999084472656,-1.0147657638667207,70,75,B
BWEN,Broadwind Inc. Common Stock,Metal Fabrications,38,4.420000076293945,-12.301585124042946,95,5,A
BWFG,Bankwell Financial Group Inc. Common Stock,Major Banks,26,58.0,-3.718462178043902,77,72,C+
BWIN,The Baldwin Insurance Group Inc. Class A Common Stock,Specialty Insurers,105,26.5,-38.35776002476048,46,29,A
BWLP,BW LPG Limited Common Shares,Transportation Services,105,19.68000030517578,-10.189757651331476,85,82,D
BWMN,Bowman Consulting Group Ltd. Common Stock,Professional Services,97,27.920000076293945,-37.15957712239434,26,35,D-
BWMX,Betterware de Mexico S.A.P.I. de C.V. Ordinary Shares,Catalog/Specialty Distribution,68,18.25,-3.1830258319758387,81,86,C-
BWXT,BWX Technologies Inc. Common Stock,Industrial Machinery/Components,68,186.0,-21.881959864526223,42,67,E
BX,Blackstone Inc. Common Stock,Investment Managers,73,123.08999633789062,-32.8016829680455,33,57,D+
BXC,Bluelinx Holdings Inc. Common Stock,Wholesale Distributors,,54.16999816894531,-37.41913158872626,26,29,C+
BXMT,Blackstone Mortgage Trust Inc. Common Stock,Real Estate Investment Trusts,45,17.049999237060547,-13.339402118064037,37,,E+
BXP,BXP Inc. Common Stock,Real Estate Investment Trusts,45,66.81999969482422,-11.57179463025354,60,65,C+
BY,Byline Bancorp Inc. Common Stock,Major Banks,26,37.2400016784668,-2.8437258035943547,75,70,C+
BYAH,Park Ha Biological Technology Co. Ltd. Class A Ordinary Shares,Package Goods/Cosmetics,84,0.5799999833106995,-98.99130437685095,3,,A+
BYD,Boyd Gaming Corporation Common Stock,Hotels/Resorts,35,86.19999694824219,-3.9018953389926336,46,65,D+
BYFC,Broadway Financial Corporation Class A Common Stock,Savings Institutions,22,10.0,-3.846150319251662,80,62,C-
BYND,Beyond Meat Inc. Common Stock,Packaged Foods,129,0.656000018119812,-84.67289752424601,15,21,E+
BYRN,Byrna Technologies Inc. Common Stock,Industrial Machinery/Components,68,3.869999885559082,-85.99348533077658,5,46,E-
BYSI,BeyondSpring Inc. Ordinary Shares,Biotechnology: Pharmaceutical Preparations,68,1.440000057220459,-38.72339933368599,23,,B-
BZ,KANZHUN LIMITED American Depository Shares,Computer Software: Programming Data Processing,110,13.760000228881836,-44.37255644014119,25,92,C-
BZAI,Blaize Holdings Inc. Common Stock,Blank Checks,76,1.2300000190734863,-80.44515061155693,7,21,C
BZFD,BuzzFeed Inc. Class A Common Stock,Telecommunications Equipment,74,1.4299999475479126,-44.14062580035536,89,21,A
BZH,Beazer Homes USA Inc. Common Stock,Homebuilding,49,31.889999389648438,0.0,86,28,A-
BZUN,Baozun Inc. American Depositary Shares,Catalog/Specialty Distribution,68,2.8399999141693115,-40.46121749422572,46,21,C+
C,Citigroup Inc. Common Stock,Major Banks,26,140.7899932861328,-3.350041150651184,80,73,C-
CAAP,Corporacion America Airports SA Common Shares,Aerospace,90,24.719999313354492,-18.55025040313557,56,86,D-
CAAS,China Automotive Systems Inc. Ordinary Share,Auto Parts:O.E.M.,64,4.349999904632568,-13.346615116326898,45,,C+
CABA,Cabaletta Bio Inc. Common Stock,Biotechnology: Biological Products (No Diagnostic Substances),64,2.9749999046325684,-28.313256957427402,76,21,B
CABO,Cable One Inc. Common Stock,Cable & Other Pay Television Services,112,36.189998626708984,-79.7232185718139,4,42,E-
CABR,Caring Brands Inc. Common Stock,Package Goods/Cosmetics,84,1.340000033378601,-11.842101960961472,81,,B+
CAC,Camden National Corporation Common Stock,Major Banks,26,53.72999954223633,-3.692420396999274,72,81,C+
CACC,Credit Acceptance Corporation Common Stock,Finance: Consumer Services,112,625.969970703125,-4.751984315859714,79,68,B+
CACI,CACI International Inc. Class A Common Stock,EDP Services,125,486.45001220703125,-26.539209227932325,33,66,D
CADL,Candel Therapeutics Inc. Common Stock,Biotechnology: Biological Products (No Diagnostic Substances),64,9.489999771118164,-8.39768257133433,93,5,B+
CAE,CAE Inc. Ordinary Shares,Industrial Machinery/Components,68,25.6200008392334,-24.75770510048002,31,,E+
CAG,ConAgra Brands Inc. Common Stock,Packaged Foods,129,13.829999923706055,-29.177128018424547,27,46,D
CAH,Cardinal Health Inc. Common Stock,Other Pharmaceuticals,139,235.8000030517578,-1.6311391066692549,76,92,C
CAI,Caris Life Sciences Inc. Common Stock,Medical Specialities,34,16.989999771118164,-56.76844758028312,17,21,D-
CAKE,Cheesecake Factory Incorporated (The) Common Stock,Restaurants,105,82.76000213623047,0.0,86,79,B+
CAL,Caleres Inc. Common Stock,Shoe Manufacturing,80,11.8100004196167,-23.4033071270767,35,51,C+
CALC,CalciMedica Inc. Common Stock,Biotechnology: Pharmaceutical Preparations,68,0.9300000071525574,-86.2017798407392,22,,E-
CALM,Cal-Maine Foods Inc. Common Stock,Farming/Seeds/Milling,95,88.33999633789062,-22.147214373823275,54,47,B-
CALX,Calix Inc Common Stock,Telecommunications Equipment,74,40.38999938964844,-40.967552659215386,22,86,D-
CALY,Callaway Golf Company Common Stock,Recreational Games/Products/Toys,103,18.399999618530273,-4.41558639724533,91,37,B
CAMP,CAMP4 Therapeutics Corporation Common Stock,,,4.329999923706055,-39.27068928181102,82,,A+
CAMT,Camtek Ltd. Ordinary Shares,Electronic Components,5,143.7899932861328,-30.69025902209156,61,41,E
CAN,Canaan Inc. American Depositary Shares,Semiconductors,1,0.3089999854564667,-84.92682962712612,8,21,B-
CANF,Can-Fite Biopharma Ltd American Depositary Shares each representing two (2) Ordinary Shares,Biotechnology: Pharmaceutical Preparations,68,3.25,-84.52380952380952,15,,A+
CANG,Cango Inc. Class A Ordinary Shares,Computer Software: Prepackaged Software,120,0.20999999344348907,-92.36363660205494,3,21,A
CAPR,Capricor Therapeutics Inc. Common Stock,Biotechnology: Pharmaceutical Preparations,68,21.510000228881836,-39.134125251816975,84,21,E-
CAPS,Capstone Holding Corp. Common Stock,Biotechnology: Pharmaceutical Preparations,68,0.25999999046325684,-85.39325872796185,5,,A
CAR,Avis Budget Group Inc. Common Stock,Rental/Leasing Companies,129,156.19000244140625,-78.12372944935083,27,21,E+
CARE,Carter Bankshares Inc. Common Stock,Major Banks,26,32.560001373291016,-5.868744638166756,89,58,B
CARG,CarGurus Inc. Class A Common Stock,EDP Services,125,34.18000030517578,-12.426335192953509,40,58,B-
CARL,Carlsmed Inc. Common Stock,Medical/Dental Instruments,117,11.899999618530273,-29.958800595398138,46,21,A-
CARR,Carrier Global Corporation Common Stock,Industrial Machinery/Components,68,69.33999633789062,-13.100216892527861,64,35,C-
CARS,Cars.com Inc. Common Stock,EDP Services,125,11.09000015258789,-19.579404037230507,49,59,B-
CART,Maplebear Inc. Common Stock,Business Services,92,48.38999938964844,-6.528879733877524,64,48,C+
CASH,Pathward Financial Inc. Common Stock,Major Banks,26,90.2300033569336,-9.651401700306227,57,58,C-
CASS,Cass Information Systems Inc Common Stock,Business Services,92,52.04999923706055,-1.0456259563032977,72,47,C+
CAST,FreeCast Inc. Class A Common Stock,EDP Services,125,2.859999895095825,-70.93496086640147,8,13,A+
CASY,Casey's General Stores Inc. Common Stock,Retail-Auto Dealers and Gas Stations,105,819.8300170898438,-10.526259344650779,81,90,C+
CAT,Caterpillar Inc. Common Stock,Construction/Ag Equipment/Trucks,35,952.4099731445312,-10.563437758528217,92,86,E+
CATO,Cato Corporation (The) Class A Common Stock,Clothing/Shoe/Accessory Stores,92,3.4700000286102295,-26.48304697341238,55,54,A-
CATX,Perspective Therapeutics Inc. Common Stock,Medical/Dental Instruments,117,3.009999990463257,-46.725664784833775,24,5,E-
CATY,Cathay General Bancorp Common Stock,Major Banks,26,61.529998779296875,-2.76548677901135,74,84,C-
CAVA,CAVA Group Inc. Common Stock,Restaurants,105,72.18000030517578,-25.885613761644834,37,42,E+
CB,Chubb Limited  Common Stock,Property-Casualty Insurers,46,347.8299865722656,-3.6935588115035833,63,89,C
CBAN,Colony Bankcorp Inc. Common Stock,Major Banks,26,20.110000610351562,-5.498120481867241,57,53,D
CBAT,CBAK Energy Technology Limited Ordinary Shares,Industrial Machinery/Components,68,0.5099999904632568,-57.14286000502482,11,,E-
CBC,Central Bancompany Inc. Class A Common Stock,,,31.110000610351562,-2.139038331526577,79,,C+
CBFV,CB Financial Services Inc. Common Stock,Major Banks,26,36.40999984741211,-4.959544395118587,60,70,B+
CBIO,Crescent Biopharma Inc. Common Stock,Biotechnology: Pharmaceutical Preparations,68,17.34000015258789,-35.730168840652965,73,12,A
CBK,Commercial Bancgroup Inc. Common Stock,Major Banks,26,33.060001373291016,-1.1067871029228793,79,,B+
CBL,CBL & Associates Properties Inc. Common Stock,Real Estate Investment Trusts,45,52.369998931884766,-5.264109825743968,91,97,B
CBLL,CeriBell Inc. Common Stock,Biotechnology: Electromedical & Electrotherapeutic Apparatus,76,19.559999465942383,-16.517288898107697,66,13,C-
CBNA,Chain Bridge Bancorp Inc. Class A Common Stock,Major Banks,26,41.88999938964844,-4.75216046917134,78,79,B+
CBNK,Capital Bancorp Inc. Common Stock,Major Banks,26,35.06999969482422,-2.987556806274383,62,45,B-
CBOE,Cboe Global Markets Inc. Common Stock,Investment Bankers/Brokers/Service,84,268.07000732421875,-26.743421027941793,49,89,E-
CBRE,CBRE Group Inc Common Stock Class A,Real Estate,87,139.52999877929688,-18.69355032746245,37,85,D
CBRL,Cracker Barrel Old Country Store Inc Common Stock,Restaurants,105,50.41999816894531,-28.31083395762294,87,31,A
CBSH,Commerce Bancshares Inc. Common Stock,Major Banks,26,58.369998931884766,-5.407004372717794,56,76,C-
CBT,Cabot Corporation Common Stock,Major Chemicals,54,87.31999969482422,-6.509637828399894,70,48,C
CBU,Community Financial System Inc. Common Stock,Major Banks,26,66.77999877929688,-2.4397344680790356,61,58,C-
CBUS,Cibus Inc. Class A Common Stock,Agricultural Chemicals,134,2.0199999809265137,-50.1234596100108,82,21,A
CBZ,CBIZ Inc. Common Stock,Business Services,92,37.790000915527344,-51.432975065871055,35,66,B-
CC,Chemours Company (The) Common Stock,Major Chemicals,54,17.809999465942383,-36.02982553518406,60,,E
CCAP,Crescent Capital BDC Inc. Common stock,Finance: Consumer Services,112,11.09000015258789,-21.105669156942465,32,,E
CCB,Coastal Financial Corporation Common Stock,Major Banks,26,78.47000122070312,-34.04219516218026,24,60,D
CCBG,Capital City Bank Group Common Stock,Major Banks,26,49.619998931884766,-1.293020727988714,64,68,B
CCC,CCC Intelligent Solutions Holdings Inc. Common Stock,Computer Software: Prepackaged Software,120,5.920000076293945,-40.9770664615934,26,80,B+
CCCC,C4 Therapeutics Inc. Common Stock,Biotechnology: Biological Products (No Diagnostic Substances),64,4.059999942779541,-13.062101146655502,92,21,C+
CCEC,Capital Clean Energy Carriers Corp. Common Share,Marine Transportation,11,22.309999465942383,-7.2912908447725915,63,34,B-
CCEL,Cryo-Cell International Inc. Common Stock,Misc Health and Biotechnology Services,13,3.4200000762939453,-35.593218208139334,28,,A-
CCEP,Coca-Cola Europacific Partners plc Ordinary Shares,Beverages (Production/Distribution),97,105.83999633789062,-3.13266973896712,66,,B-
CCG,Cheche Group Inc. Class A Ordinary Shares,Specialty Insurers,105,0.4699999988079071,-68.66666674613953,10,,A
CCHH,CCH Holdings Ltd Class A Ordinary Shares,Restaurants,105,0.1899999976158142,-98.74338624964355,2,,E-
CCI,Crown Castle Inc. Common Stock,Real Estate Investment Trusts,45,79.66000366210938,-26.70345628730526,32,80,E+
CCIX,Churchill Capital Corp IX Ordinary Shares,EDP Services,125,10.880000114440918,-0.5484412088092694,48,,D
CCJ,Cameco Corporation Common Stock,Other Metals and Minerals,135,95.98999786376953,-28.41375159569226,45,,E
CCK,Crown Holdings Inc.,Containers/Packaging,48,111.47000122070312,-3.340990540439426,57,45,C
CCL,Carnival Corporation Ltd. Common Shares,Marine Transportation,11,26.829999923706055,-20.214442325397574,36,66,C-
CCLD,CareCloud Inc. Common Stock,Computer Software: Prepackaged Software,120,2.3499999046325684,-38.80208444898019,25,40,E
CCM,Concord Medical Services Holdings Limited American Depositary Shares (Each represents thirty (30) Class A ordinary shares),Medical/Nursing Services,32,5.050000190734863,-26.811592450189004,62,,B+
CCNE,CNB Financial Corporation Common Stock,Major Banks,26,33.619998931884766,-2.0396292807806193,77,72,C+
CCO,Clear Channel Outdoor Holdings Inc. Common Stock,Advertising,97,2.4000000953674316,-1.2345666899427288,83,40,C
CCOI,Cogent Communications Holdings Inc.,Telecommunications Equipment,74,12.609999656677246,-75.4232594445565,8,21,E
CCRN,Cross Country Healthcare Inc. Common Stock $0.0001 Par Value,Professional Services,97,13.220000267028809,-7.097676090640215,78,21,B
CCS,Century Communities Inc. Common Stock,Homebuilding,49,65.04000091552734,-12.161483786769633,59,35,B-
CCSI,Consensus Cloud Solutions Inc. Common Stock,Computer Software: Prepackaged Software,120,37.5099983215332,-3.2249743398609976,90,69,B+
CCTG,CCSC Technology International Holdings Limited Class A Ordinary Shares,Building Products,61,0.8989999890327454,-96.15811964235745,38,,A+
CCU,Compania Cervecerias Unidas S.A. Common Stock,Beverages (Production/Distribution),97,11.100000381469727,-26.21156760686655,32,44,B-
CCXI,Churchill Capital Corp XI Class A Ordinary Shares,Blank Checks,76,15.550000190734863,-18.586388061955073,88,,A+
CCZ,Comcast Holdings ZONES,Cable & Other Pay Television Services,112,66.5,0.0,54,,C
CD,Chaince Digital Holdings Inc. Ordinary Shares,Finance: Consumer Services,112,3.4100000858306885,-90.47219894215964,14,,A
CDE,Coeur Mining Inc. Common Stock,Precious Metals,104,15.979999542236328,-41.07570922629271,47,,E
CDIO,Cardio Diagnostics Holdings Inc. Common stock,Biotechnology: In Vitro & In Vivo Diagnostic Substances,55,1.8300000429153442,-72.0610688606708,18,,B-
CDLR,Cadeler A/S American Depositary Share (each representing four (4) Ordinary Shares),Marine Transportation,11,22.43000030517578,-24.146092199311674,45,,D-
CDLX,Cardlytics Inc. Common Stock,Computer Software: Programming Data Processing,110,4.320000171661377,-86.15384594223204,4,21,E-
CDNA,CareDx Inc. Common Stock,Medical Specialities,34,28.510000228881836,-2.6297829224944835,92,57,A-
CDNL,Cardinal Infrastructure Group Inc. Class A Common Stock,Military/Government/Technical,91,68.13999938964844,-27.748911935541287,97,,B-
CDNS,Cadence Design Systems Inc. Common Stock,Computer Software: Prepackaged Software,120,384.1700134277344,-7.737938011771684,75,68,C
CDP,COPT Defense Properties Common Shares of Beneficial Interest,Real Estate Investment Trusts,45,36.52000045776367,-3.0528212558547096,76,47,B
CDRE,Cadre Holdings Inc. Common Stock,Industrial Specialties,84,28.950000762939453,-36.94818532229578,25,48,D-
CDRO,Codere Online Luxembourg S.A. Ordinary Shares,Services-Misc. Amusement & Recreation,87,9.470000267028809,-7.156858391048548,69,,D
CDT,CDT Equity Inc. Common Stock,Biotechnology: Pharmaceutical Preparations,68,0.38100001215934753,-99.92095435432378,1,,A+
CDTG,CDT Environmental Technology Investment Holdings Limited ordinary shares,Miscellaneous,142,1.809999942779541,-93.41818202625622,2,,E-
CDW,CDW Corporation Common Stock,Retail: Computer Software & Peripheral Equipment,15,144.38999938964844,-19.21148851859318,49,49,B
CDXS,Codexis Inc. Common Stock,Major Chemicals,54,2.430000066757202,-27.02702335041547,51,21,B-
CDZI,CADIZ Inc. Common Stock,Water Supply,79,4.400000095367432,-36.41618429397644,40,,A
CDZIP,Cadiz Inc. Depositary Shares,Water Supply,79,22.25,-4.886246216883894,76,,B+
CE,Celanese Corporation Common Stock,Major Chemicals,54,46.91999816894531,-32.235702460215364,32,62,E
CECO,CECO Environmental Corp. Common Stock,Pollution Control Equipment,74,83.62999725341797,-16.093108468145843,92,85,D+
CEG,Constellation Energy Corporation Common Stock,Electric Utilities: Central,55,251.3800048828125,-37.51769759964986,24,76,E
CELC,Celcuity Inc. Common Stock,Medical Specialities,34,107.58000183105469,-25.79665815880571,98,21,D
CELH,Celsius Holdings Inc. Common Stock,Beverages (Production/Distribution),97,30.600000381469727,-52.82146146544129,16,96,D
CELU,Celularity Inc. Class A Common Stock,Biotechnology: Pharmaceutical Preparations,68,0.7400000095367432,-82.16867487875984,8,,A
CELZ,Creative Medical Technology Holdings Inc. Common Stock,Finance: Consumer Services,112,0.9121000170707703,-83.68336328848733,5,5,A+
CENN,Cenntro Inc. Common Stock,Auto Manufacturing,138,3.259999990463257,-92.11531964996237,5,,E+
CENT,Central Garden & Pet Company Common Stock,Consumer Specialties,30,42.88999938964844,-5.005541660801693,75,68,C+
CENTA,Central Garden & Pet Company Class A Common Stock Nonvoting,Consumer Specialties,30,37.529998779296875,-5.083465072559323,72,44,C+
CENX,Century Aluminum Company Common Stock,Aluminum,,44.66999816894531,-35.04435022616934,78,99,E-
CEPF,Cantor Equity Partners IV Inc. Class A Ordinary Shares,Blank Checks,76,10.4399995803833,-1.6949181460966245,48,,D+
CEPO,Cantor Equity Partners I Inc. Class A Ordinary Shares,Blank Checks,76,10.640000343322754,-30.183723732811497,43,,D+
CEPS,Cantor Equity Partners VI Inc. Class A Ordinary Shares,Blank Checks,76,10.359999656677246,-0.7662828249186293,48,,D+
CEPU,Central Puerto S.A. American Depositary Shares (each represents ten Common Shares),Electric Utilities: Central,55,15.260000228881836,-14.986074761687696,72,94,C
CEPV,Cantor Equity Partners V Inc. Class A Ordinary Shares,,,10.404999732971191,-0.4306227475147639,47,,C-
CERS,Cerus Corporation Common Stock,EDP Services,125,3.119999885559082,-4.878051439826525,93,21,A
CERT,Certara Inc. Common Stock,Computer Software: Prepackaged Software,120,6.769999980926514,-50.22058977181519,29,21,B+
CET,Central Securities Corporation Common Stock,Finance/Investors Services,80,52.630001068115234,-2.085053176510132,53,,D
CETX,Cemtrex Inc. Common Stock,Electrical Products,3,2.5999999046325684,-98.71604942981108,2,11,A+
CETY,Clean Energy Technologies Inc. Common Stock,Metal Fabrications,38,0.8519999980926514,-81.67741977163705,20,,A-
CEV,Eaton Vance California Municipal Income Trust Shares of Beneficial Interest,Finance/Investors Services,80,10.59000015258789,-0.09434177850896619,57,,C-
CEVA,CEVA Inc. Common Stock,Computer Software: Programming Data Processing,110,45.540000915527344,-9.02916566873142,95,45,A-
CF,CF Industries Holdings Inc. Common Stock,Agricultural Chemicals,134,116.91999816894531,-14.682164864898873,70,72,D-
CFBK,CF Bankshares Inc. Common Stock,Major Banks,26,31.739999771118164,-4.421610895714001,71,52,B
CFFI,C&F Financial Corporation Common Stock,Major Banks,26,80.05999755859375,-7.101418803562565,65,69,A
CFFN,Capitol Federal Financial Inc. Common Stock,Savings Institutions,22,8.5,-1.3921100597706015,77,61,C-
CFG,Citizens Financial Group Inc. Common Stock,Major Banks,26,70.33999633789062,-2.454589179696731,75,69,D+
CFR,Cullen/Frost Bankers Inc. Common Stock,Major Banks,26,156.86000061035156,-0.27337573535211046,66,80,C-
CG,The Carlyle Group Inc. Common Stock,Investment Managers,73,44.709999084472656,-34.197147299544106,25,30,E+
CGAU,Centerra Gold Inc. Common Shares,Precious Metals,104,16.219999313354492,-22.42230805727974,79,71,E+
CGBD,Carlyle Secured Lending Inc. Common Stock,Finance: Consumer Services,112,10.529999732971191,-15.367717767735368,38,,D-
CGC,Canopy Growth Corporation Common Shares,Medicinal Chemicals and Botanical Products,135,0.9710000157356262,-49.427081383376645,24,21,D+
CGEM,Cullinan Therapeutics Inc. Common Stock,Biotechnology: Biological Products (No Diagnostic Substances),64,18.1299991607666,-1.8939415050838848,95,5,B+
CGEN,Compugen Ltd. Ordinary Shares,Biotechnology: Biological Products (No Diagnostic Substances),64,2.390000104904175,-22.903220050664718,73,64,D
CGNT,Cognyte Software Ltd. Ordinary Shares,Computer Software: Prepackaged Software,120,8.800000190734863,-28.104572260699033,44,21,E+
CGNX,Cognex Corporation Common Stock,Industrial Machinery/Components,68,66.80000305175781,-7.760280667332897,89,79,B-
CGON,CG Oncology Inc. Common stock,Biotechnology: Biological Products (No Diagnostic Substances),64,75.23999786376953,0.0,93,5,B-
CGTL,Creative Global Technology Holdings Limited Class A Ordinary Shares,Retail: Computer Software & Peripheral Equipment,15,4.5,-13.461535287326498,99,,A+
CGTX,Cognition Therapeutics Inc. Common Stock,Biotechnology: Biological Products (No Diagnostic Substances),64,1.090000033378601,-65.72327011017562,69,5,D-
CHA,Chagee Holdings Limited American Depositary Shares,Restaurants,105,11.0,-58.68807403064859,27,46,C
CHAI,Core AI Holdings Inc. Common Shares,Telecommunications Equipment,74,0.5400000214576721,-97.09677413772718,3,,A+
CHCI,Comstock Holding Companies Inc. Class A Common Stock,Real Estate,87,15.5,-20.472036008080742,55,75,A+
CHCO,City Holding Company Common Stock,Major Banks,26,132.75999450683594,-1.8482922530901447,55,80,C-
CHCT,Community Healthcare Trust Incorporated Common Stock,Real Estate Investment Trusts,45,18.010000228881836,-2.5959953930670077,69,69,C-
CHD,Church & Dwight Company Inc. Common Stock,Package Goods/Cosmetics,84,96.36000061035156,-8.156384248891213,51,58,D-
CHDN,Churchill Downs Incorporated Common Stock,Services-Misc. Amusement & Recreation,87,85.5199966430664,-27.272727862557478,32,52,C
CHE,Chemed Corp,Medical/Nursing Services,32,488.5899963378906,-0.3812737327747562,66,47,B-
CHEC,Chenghe Acquisition III Co. Class A Ordinary Share,,,10.170000076293945,-0.3917723967049813,46,,D+
CHEF,The Chefs' Warehouse Inc. Common Stock,Food Distributors,13,95.79000091552734,-2.464105683234774,89,93,B+
CHGG,Chegg Inc. Common Stock,Other Consumer Services,123,0.8500000238418579,-53.80434736834808,25,21,D+
CHH,Choice Hotels International Inc. Common Stock,Hotels/Resorts,35,109.72000122070312,-17.99270003065604,43,66,D+
CHKP,Check Point Software Technologies Ltd. Ordinary Shares,Computer Software: Prepackaged Software,120,131.6999969482422,-40.9417054043757,20,81,D-
CHMG,Chemung Financial Corp Common Stock,Major Banks,26,75.05999755859375,-1.59937236526837,83,64,C+
CHMI,Cherry Hill Mortgage Investment Corporation Common Stock,Real Estate Investment Trusts,45,2.299999952316284,-11.780624364147641,40,46,D-
CHNR,China Natural Resources Inc. Common Stock,Precious Metals,104,3.8499999046325684,-46.304046531857644,41,,E-
CHOW,ChowChow Cloud International Holdings Limited Ordinary Shares,Computer Software: Prepackaged Software,120,0.38600000739097595,-96.93893720935527,6,,A+
CHPT,ChargePoint Holdings Inc. Common Stock,Industrial Specialties,84,5.989999771118164,-56.46802564330391,25,21,B-
CHR,Cheer Holding Inc. Class A Ordinary Share,EDP Services,125,1.9199999570846558,-99.356783933975,11,,A
CHRD,Chord Energy Corporation Common Stock,Oil & Gas Production,43,117.38999938964844,-20.869560745361294,59,34,E
CHRN,ChronoScale Holdings Corporation Common Stock,Industrial Machinery/Components,68,20.899999618530273,-19.054996647735013,99,,A-
CHRS,Coherus Oncology Inc. Common Stock,Biotechnology: Biological Products (No Diagnostic Substances),64,1.5399999618530273,-38.645419613376255,62,40,C
CHRW,C.H. Robinson Worldwide Inc. Common Stock,Integrated Freight & Logistics,141,193.5,-2.873117581190443,84,47,D+
CHSN,Chanson International Holding Class A Ordinary Shares,Packaged Foods,129,1.190000057220459,-99.88194443876782,1,,A+
CHT,Chunghwa Telecom Co. Ltd.,Telecommunications Equipment,74,41.439998626708984,-6.904347270168964,44,,D-
CHTR,Charter Communications Inc. Class A Common Stock New,Cable & Other Pay Television Services,112,130.72999572753906,-67.44608792798647,9,54,E+
CHWY,Chewy Inc. Class A Common Stock,Catalog/Specialty Distribution,68,20.8799991607666,-50.67328547704351,15,89,D-
CHYM,Chime Financial Inc. Class A Common Stock,Finance: Consumer Services,112,20.920000076293945,-42.209945758588894,34,62,A-
CI,The Cigna Group Common Stock,Medical Specialities,34,293.4599914550781,-4.034109462285063,48,65,C-
CIA,Citizens Inc. Class A Common Stock ($1.00 Par),Life Insurance,28,5.659999847412109,-11.285270440655825,69,50,A-
CIEN,Ciena Corporation Common Stock,Telecommunications Equipment,74,460.7200012207031,-26.519936009457233,97,91,E
CIFR,Cipher Digital Inc. Common Stock,Finance: Consumer Services,112,22.110000610351562,-24.22892262125913,94,,B
CIG,Comp En De Mn Cemig ADS American Depositary Shares,Electric Utilities: Central,55,2.200000047683716,-15.926633292928171,53,,C-
CIGI,Colliers International Group Inc. Subordinate Voting Shares,Real Estate,87,97.63999938964844,-42.17250499251822,21,35,D+
CIIT,Tianci International Inc. Common Stock,Oil & Gas Production,43,0.47999998927116394,-94.55782306259218,2,34,A+
CIM,Chimera Investment Corporation Common Stock,Real Estate Investment Trusts,45,13.130000114440918,-2.679126197601811,54,40,D+
CINF,Cincinnati Financial Corporation Common Stock,Property-Casualty Insurers,46,179.27999877929688,-6.639587606649822,63,99,D+
CING,Cingulate Inc. Common Stock,Biotechnology: Pharmaceutical Preparations,68,4.909999847412109,-57.89022374213955,42,21,C+
CINT,CI&T Inc Class A Common Shares,EDP Services,125,3.2899999618530273,-44.04762078536376,16,81,E
CION,CION Investment Corporation Common Stock,Finance/Investors Services,80,6.400000095367432,-32.03228131312896,26,21,E
CIRC,Circle8 Group Inc. Common Stock,Biotechnology: Laboratory Analytical Instruments,52,0.8600000143051147,-82.97029738963298,5,,A+
CISO,CISO Global Inc. Common Stock,Professional Services,97,0.2879999876022339,-79.42857196379683,11,,B+
CISS,C3is Inc. Common Stock,Marine Transportation,11,1.75,-99.69287468629504,2,28,A-
CITR,CitroTech Inc. Common Stock,Environmental Services,80,5.170000076293945,-48.76114967185664,13,,C-
CIVB,Civista Bancshares Inc. Common Stock,Major Banks,26,27.670000076293945,-4.586206633469159,72,51,B
CIX,CompX International Inc. Common Stock,Industrial Machinery/Components,68,27.040000915527344,-7.522307207132517,69,52,B
CJMB,Callan JMB Inc. Common Stock,Business Services,92,0.765999972820282,-86.60839159236023,7,,E-
CKX,CKX Lands Inc. Common Stock,Oil & Gas Production,43,10.550000190734863,-14.850686857159834,47,,B+
CL,Colgate-Palmolive Company Common Stock,Package Goods/Cosmetics,84,92.23999786376953,-6.381632524583947,61,47,D+
CLAR,Clarus Corporation Common Stock,Recreational Games/Products/Toys,103,3.359999895095825,-13.818809797466391,58,21,B-
CLB,Core Laboratories Inc. Common Stock,Oilfield Services/Equipment,18,11.100000381469727,-43.4947408117494,20,34,E
CLBK,Columbia Financial Inc. Common Stock,Savings Institutions,22,21.25,-1.0016312651270565,79,63,C+
CLBT,Cellebrite DI Ltd. Ordinary Shares,Computer Software: Prepackaged Software,120,15.9399995803833,-18.50715738444768,53,36,A-
CLDI,Calidi Biotherapeutics Inc. Common Stock,Biotechnology: Biological Products (No Diagnostic Substances),64,0.14100000262260437,-98.8226452521814,3,5,E
CLDT,Chatham Lodging Trust (REIT) Common Shares of Beneficial Interest,Real Estate Investment Trusts,45,12.859999656677246,-4.5861280364303365,93,64,B+
CLDX,Celldex Therapeutics Inc.,Biotechnology: In Vitro & In Vivo Diagnostic Substances,55,39.11000061035156,-2.053593009158905,84,21,B+
CLF,Cleveland-Cliffs Inc. Common Stock,Metal Mining,71,9.399999618530273,-41.90358812587086,35,21,E+
CLFD,Clearfield Inc. Common Stock,Telecommunications Equipment,74,33.77000045776367,-34.120168623615356,55,28,C+
CLGN,CollPlant Biotechnologies Ltd Ordinary Shares,Industrial Specialties,84,0.36800000071525574,-88.31746064844704,9,5,C-
CLH,Clean Harbors Inc. Common Stock,Environmental Services,80,304.1300048828125,-3.05068758425896,68,72,D-
CLIK,Click Holdings Limited Class A Ordinary Share,Diversified Commercial Services,111,1.440000057220459,-88.78504641660594,3,,A
CLIR,ClearSign Technologies Corporation Common Stock (DE),Industrial Machinery/Components,68,3.7200000286102295,-64.90566137041554,10,,E+
CLLS,Cellectis S.A. American Depositary Shares,Biotechnology: Pharmaceutical Preparations,68,2.990000009536743,-44.112148358213986,43,,D-
CLMB,Climb Global Solutions Inc. Common Stock,Retail: Computer Software & Peripheral Equipment,15,25.729999542236328,-28.118174121811602,43,51,B-
CLMT,Calumet Inc. Common Stock,Integrated oil Companies,10,39.470001220703125,0.0,94,5,C+
CLNE,Clean Energy Fuels Corp. Common Stock,Natural Gas Distribution,24,2.190000057220459,-28.431369340772616,38,21,B
CLNN,Clene Inc. Common Stock,Biotechnology: Pharmaceutical Preparations,68,6.269999980926514,-49.84000015258789,53,,A
CLOV,Clover Health Investments Corp. Class A Common Stock,Medical Specialities,34,4.440000057220459,-17.929756331798284,95,62,A-
CLPR,Clipper Realty Inc. Common Stock,Real Estate Investment Trusts,45,2.869999885559082,-29.991712519213863,30,21,E-
CLPS,CLPS Incorporation Common Stock,Computer Software: Prepackaged Software,120,0.8349999785423279,-48.45679159971875,28,,A+
CLPT,ClearPoint Neuro Inc. Common Stock,Medical/Dental Instruments,117,17.5,-40.87837914030772,86,,A
CLRB,Cellectar Biosciences Inc.  Common Stock,Biotechnology: Pharmaceutical Preparations,68,2.819999933242798,-54.29497733593788,23,,A+
CLRO,ClearOne Inc. Common Stock,Telecommunications Equipment,74,8.390000343322754,-39.37861090446636,93,5,A+
CLS,Celestica Inc. Common Stock,Electrical Products,3,359.8500061035156,-23.825145903289634,86,94,C-
CLSK,CleanSpark Inc. Common Stock,Finance: Consumer Services,112,12.850000381469727,-44.61206914270108,54,38,D
CLST,Catalyst Bancorp Inc. Common Stock,Savings Institutions,22,16.700000762939453,-2.339179003549785,65,59,E+
CLVT,Clarivate Plc Ordinary Shares,EDP Services,125,2.2300000190734863,-50.77262879049997,21,21,B+
CLW,Clearwater Paper Corporation Common Stock,Paper,120,15.800000190734863,-48.76783361685869,28,21,C-
CLWT,Euro Tech Holdings Company Limited Common Stock,Professional and commerical equipment,,1.6699999570846558,-12.565445745073989,81,,A+
CLX,Clorox Company (The) Common Stock,Specialty Chemicals,120,96.55999755859375,-23.219815593782656,31,42,E+
CLYM,Climb Bio Inc. Common Stock,Biotechnology: Pharmaceutical Preparations,68,14.0,0.0,99,5,A-
CM,Canadian Imperial Bank of Commerce Common Stock,Commercial Banks,8,117.77999877929688,0.0,82,74,D+
CMBT,CMB.TECH NV Ordinary Shares,Marine Transportation,11,15.569999694824219,-5.9450888434082305,89,,B
CMC,Commercial Metals Company Common Stock,Steel/Iron Ore,66,62.63999938964844,-24.23065089279436,46,68,E-
CMCL,Caledonia Mining Corporation Plc Common Shares,Precious Metals,104,17.760000228881836,-52.63440536953063,16,89,E-
CMCM,Cheetah Mobile Inc. American Depositary Shares each representing fifty (50) Class A Ordinary Shares,Computer Software: Prepackaged Software,120,3.075000047683716,-66.75675624125712,9,21,E-
CMCO,Columbus McKinnon Corporation Common Stock,Construction/Ag Equipment/Trucks,35,13.239999771118164,-42.65440520071119,26,46,E+
CMCSA,Comcast Corporation Class A Common Stock,Cable & Other Pay Television Services,112,23.56999969482422,-26.327143267144937,26,52,C-
CMCT,Creative Media & Community Trust Corporation Common stock,Real Estate Investment Trusts,45,3.4000000953674316,-99.7360248373162,2,21,A
CMDB,Costamare Bulkers Holdings Limited Common Stock,Marine Transportation,11,19.06999969482422,-3.977849402056788,83,,C+
CME,CME Group Inc. Class A Common Stock,Investment Bankers/Brokers/Service,84,240.27000427246094,-24.251242881447197,30,70,E
CMG,Chipotle Mexican Grill Inc. Common Stock,Restaurants,105,35.25,-37.5110794267851,31,50,B-
CMI,Cummins Inc. Common Stock,Industrial Machinery/Components,68,675.9500122070312,-7.09740550892618,86,50,E+
CMII,Columbus Circle Capital Corp II Class A Ordinary Shares,Blank Checks,76,10.130000114440918,-0.1970394565615874,49,,A-
CMIIU,Columbus Circle Capital Corp II Unit,Blank Checks,76,10.949999809265137,0.0,58,,A-
CMMB,Chemomab Therapeutics Ltd. American Depositary Share,Biotechnology: Pharmaceutical Preparations,68,1.7400000095367432,-62.820511253000745,22,21,E-
CMND,Clearmind Medicine Inc. Common Shares,Biotechnology: Pharmaceutical Preparations,68,2.0299999713897705,-99.57352941777525,1,13,A+
CMP,Compass Minerals Intl Inc Common Stock,Mining & Quarrying of Nonmetallic Minerals (No Fuels),67,29.84000015258789,-10.951949724769182,81,49,B-
CMPR,Cimpress plc Ordinary Shares (Ireland),Publishing,102,99.7300033569336,-4.546324509363419,89,76,B
CMPS,COMPASS Pathways Plc American Depository Shares,Biotechnology: Pharmaceutical Preparations,68,13.640000343322754,-9.489046983807158,97,5,A-
CMPX,Compass Therapeutics Inc. Common Stock,Biotechnology: Biological Products (No Diagnostic Substances),64,2.3299999237060547,-65.17189979406194,11,21,E-
CMRC,Commerce.com Inc. Series 1 Common Stock,Computer Software: Prepackaged Software,120,3.119999885559082,-43.375685009867325,29,68,B
CMRE,Costamare Inc. Common Stock $0.0001 par value,Marine Transportation,11,14.9399995803833,-16.030163849648794,62,53,E+
CMS,CMS Energy Corporation Common Stock,Power Generation,59,75.4000015258789,-4.946694977005228,49,54,D+
CMT,Core Molding Technologies Inc Common Stock,Plastic Products,18,24.239999771118164,-14.497356455197663,72,37,D+
CMTG,Claros Mortgage Trust Inc. Common Stock,Real Estate,87,2.2300000190734863,-43.54430399611867,24,5,D+
CMTL,Comtech Telecommunications Corp. Common Stock,Radio And Television Broadcasting And Communications Equipment,18,1.909999966621399,-68.06020132894037,10,21,E-
CMTV,Community Bancorp. Common Stock,Major Banks,26,38.380001068115234,-8.209692100509203,88,67,A
CNA,CNA Financial Corporation Common Stock,Property-Casualty Insurers,46,51.29999923706055,-0.9652509794677244,66,46,C-
CNC,Centene Corporation Common Stock,Medical Specialities,34,67.3499984741211,-1.4630578234447578,93,33,B+
CNCK,Coincheck Group N.V. Ordinary Shares,Finance: Consumer Services,112,2.5899999141693115,-67.1319812619943,57,21,A+
CNDT,Conduent Incorporated Common Stock,Business Services,92,1.5199999809265137,-48.64864995481324,22,5,B
CNET,ZW Data Action Technologies Inc. Common Stock,Computer Software: Programming Data Processing,110,1.0399999618530273,-59.215687007823405,39,,A+
CNEY,CN Energy Group Inc. Class A Ordinary Shares,Major Chemicals,54,0.5049999952316284,-81.1567170652097,18,,D
CNF,CNFinance Holdings Limited American Depositary Shares each representing two hundred (200) Ordinary Shares,Finance: Consumer Services,112,2.619999885559082,-67.25000143051147,13,,D-
CNH,CNH Industrial N.V. Common Shares,Construction/Ag Equipment/Trucks,35,10.449999809265137,-23.544431209888295,35,46,D+
CNI,Canadian National Railway Company Common Stock,Railroads,28,124.4000015258789,0.0,72,46,C
CNK,Cinemark Holdings Inc Cinemark Holdings Inc. Common Stock,Movies/Entertainment,112,29.040000915527344,-14.61334210904427,54,40,D
CNL,Collective Mining Ltd. Common Shares,,,12.760000228881836,-38.62434022621025,31,,D-
CNM,Core & Main Inc. Class A Common Stock,Durable Goods,126,45.86000061035156,-31.531803057749098,28,52,E+
CNMD,CONMED Corporation Common Stock,Biotechnology: Electromedical & Electrotherapeutic Apparatus,76,38.47999954223633,-30.790121732200138,33,96,B+
CNNE,Cannae Holdings Inc. Common Stock,Restaurants,105,14.59000015258789,-30.644119622306242,40,21,C+
CNO,CNO Financial Group Inc. Common Stock,Accident &Health Insurance,21,51.959999084472656,-1.832611402060158,78,54,C-
CNOB,ConnectOne Bancorp Inc. Common Stock,Major Banks,26,32.380001068115234,-3.2277287684045475,75,61,D+
CNP,CenterPoint Energy Inc (Holding Co) Common Stock,Electric Utilities: Central,55,43.540000915527344,-3.3303729340797616,59,64,D+
CNQ,Canadian Natural Resources Limited Common Stock,Oil & Gas Production,43,41.810001373291016,-15.646395309550144,68,68,D-
CNR,Core Natural Resources Inc. Common Stock,Coal Mining,101,81.87000274658203,-27.618797791856544,40,31,E+
CNS,Cohen & Steers Inc Common Stock,Investment Managers,73,77.4000015258789,-2.580233481567973,68,47,C
CNSP,CNS Pharmaceuticals Inc. Common Stock,Biotechnology: Pharmaceutical Preparations,68,5.164999961853027,-52.59728335855809,82,,A+
CNTB,Connect Biopharma Holdings Limited Ordinary Shares,Biotechnology: Pharmaceutical Preparations,68,2.509999990463257,-31.978321096451488,80,11,A
CNTN,Canton Strategic Holdings Inc. Common Stock,Biotechnology: Pharmaceutical Preparations,68,2.380000114440918,-69.13099737139652,29,,C+
CNTX,Context Therapeutics Inc. Common Stock,Biotechnology: Pharmaceutical Preparations,68,0.652999997138977,-80.56547566885106,9,,E-
CNTY,Century Casinos Inc. Common Stock,Hotels/Resorts,35,1.25,-55.035970760276555,17,21,E
CNVS,Cineverse Corp. Class A Common Stock,Consumer Electronics/Video Chains,140,2.7300000190734863,-59.97067521468333,37,41,A+
CNX,CNX Resources Corporation Common Stock,Oil & Gas Production,43,31.989999771118164,-24.923728437247206,31,88,E+
CNXC,Concentrix Corporation Common Stock,Computer Software: Prepackaged Software,120,22.200000762939453,-62.88143560567405,12,44,E+
CNXN,PC Connection Inc. Common Stock,Catalog/Specialty Distribution,68,77.25,0.0,76,80,B-
COCH,Envoy Medical Inc. Class A Common Stock,Industrial Specialties,84,0.6830000281333923,-59.82352888377894,23,5,A+
COCO,The Vita Coco Company Inc. Common Stock,Beverages (Production/Distribution),97,71.4000015258789,-15.020228066420593,90,90,E+
COCP,Cocrystal Pharma Inc. Common Stock,Biotechnology: Pharmaceutical Preparations,68,1.0099999904632568,-47.93814635705025,21,,E
CODA,Coda Octopus Group Inc. Common stock,Industrial Machinery/Components,68,9.779999732971191,-41.646780433106976,39,58,E-
CODI,D/B/A Compass Diversified Holdings Shares of Beneficial Interest,Home Furnishings,40,10.0600004196167,-19.39101932199255,87,49,C-
CODX,Co-Diagnostics Inc. Common Stock,Medical/Dental Instruments,117,2.609999895095825,-93.09523823339954,35,,A+
COE,51Talk Online Education Group American depositary shares each representing 60 Class A ordinary shares,Other Consumer Services,123,16.81999969482422,-69.72642318380147,14,21,D
COF,Capital One Financial Corporation Common Stock,Major Banks,26,201.52000427246094,-21.237724718204888,38,38,D+
COFS,ChoiceOne Financial Services Inc. Common Stock,Major Banks,26,32.97999954223633,-4.155769577207158,64,84,C
COGT,Cogent Biosciences Inc. Common Stock,Biotechnology: Pharmaceutical Preparations,68,38.869998931884766,-7.694138284268592,95,5,B-
COHN,Cohen & Company Inc.,Investment Bankers/Brokers/Service,84,14.050000190734863,-50.00191745664749,61,95,D+
COHR,Coherent Corp. Common Stock,Electronic Components,5,324.5,-23.985104156807257,96,81,D-
COHU,Cohu Inc. Common Stock,Electrical Products,3,56.16999816894531,-24.00217103798986,96,31,C
COIN,Coinbase Global Inc. Class A Common Stock,Finance: Consumer Services,112,159.07000732421875,-62.10633956196392,16,40,D
COKE,Coca-Cola Consolidated Inc. Common Stock,Beverages (Production/Distribution),97,179.3000030517578,-17.231593588744186,71,78,E+
COLB,Columbia Banking System Inc. Common Stock,Major Banks,26,32.04999923706055,-1.4149465032976427,70,83,C
COLD,Americold Realty Trust Inc. Common Stock,Real Estate Investment Trusts,45,15.510000228881836,-4.55384474534255,73,29,B
COLL,Collegium Pharmaceutical Inc. Common Stock,Biotechnology: Pharmaceutical Preparations,68,35.22999954223633,-29.313805308230833,41,97,C+
COLM,Columbia Sportswear Company Common Stock,Apparel,40,62.970001220703125,-7.110192697637496,60,38,D+
COMP,Compass Inc. Class A Common Stock,EDP Services,125,11.720000267028809,-13.696610214484028,88,96,A-
CON,Concentra Group Holdings Parent Inc. Common Stock,Medical Specialities,34,31.549999237060547,-1.1281749046475165,88,64,B+
COO,The Cooper Companies Inc. Common Stock,Ophthalmic Goods,115,70.69999694824219,-16.15275473894251,39,88,B-
COOK,Traeger Inc. Common Stock,Consumer Electronics/Appliances,119,72.47000122070312,-28.24752354385829,90,62,A
COOT,Australian Oilseeds Holdings Limited Ordinary Shares,Packaged Foods,129,0.42800000309944153,-83.7878793146875,15,,E-
COP,ConocoPhillips Common Stock,Integrated oil Companies,10,109.04000091552734,-17.89958583557435,54,37,E+
COR,Cencora Inc. Common Stock,Other Pharmaceuticals,139,303.44000244140625,-18.703248093662395,39,80,D
CORT,Corcept Therapeutics Incorporated Common Stock,Biotechnology: Pharmaceutical Preparations,68,91.87999725341797,-2.29689881016657,94,30,A-
CORZ,Core Scientific Inc. Common Stock,Finance: Consumer Services,112,23.489999771118164,-19.444444807832006,86,21,D
COSM,Cosmos Health Inc. Common Stock,Other Pharmaceuticals,139,0.2930000126361847,-76.55999898910522,17,,A+
COSO,CoastalSouth Bancshares Inc. Common Stock,Major Banks,26,26.420000076293945,-4.1364274736550914,63,50,D+
COST,Costco Wholesale Corporation Common Stock,Department/Specialty Retail Stores,59,916.25,-16.272201461091317,38,63,E+
COTY,Coty Inc. Class A Common Stock,Package Goods/Cosmetics,84,2.240000009536743,-56.50485498919339,22,21,A-
COUR,Coursera Inc. Common Stock,Computer Software: Prepackaged Software,120,5.710000038146973,-55.03936910312937,24,21,C+
COYA,Coya Therapeutics Inc. Common Stock,Biotechnology: Pharmaceutical Preparations,68,5.260000228881836,-28.532606882302012,44,,B-
CP,Canadian Pacific Kansas City Limited Common Shares,Railroads,28,90.12000274658203,-1.0342873430187138,66,48,C-
CPA,Copa Holdings S.A. Class A Common Stock,Air Freight/Delivery Services,9,150.58999633789062,-4.1987441955641085,79,74,B
CPAC,Cementos Pacasmayo S.A.A. American Depositary Shares (Each representing five Common Shares),Building Materials,38,11.420000076293945,-10.07873820625873,81,71,A
CPAY,Corpay Inc. Common Stock,Business Services,92,353.6400146484375,-2.8808365401667424,63,76,D+
CPB,The Campbell's Company Common Stock,Packaged Foods,129,22.06999969482422,-31.027189186985293,34,73,C
CPBI,Central Plains Bancshares Inc. Common Stock,Savings Institutions,22,20.0,0.0,72,,B
CPF,Central Pacific Financial Corp New,Major Banks,26,38.290000915527344,-1.5681249008325793,74,59,C
CPHC,Canterbury Park Holding Corporation 'New' Common Stock,Services-Misc. Amusement & Recreation,87,16.030000686645508,-12.505405728979602,43,,A-
CPHI,China Pharma Holdings Inc. Common Stock,Biotechnology: Pharmaceutical Preparations,68,0.5699999928474426,-71.50000035762787,11,49,E-
CPIX,Cumberland Pharmaceuticals Inc. Common Stock,Biotechnology: Pharmaceutical Preparations,68,5.929999828338623,-16.830298272672472,93,21,A
CPK,Chesapeake Utilities Corporation Common Stock,Oil & Gas Production,43,128.8699951171875,-5.7749706607503555,45,56,B-
CPNG,Coupang Inc. Class A Common Stock,Catalog/Specialty Distribution,68,18.799999237060547,-43.93080846555646,22,5,B-
CPOP,Pop Culture Group Co. Ltd Class A Ordinary Shares,Services-Misc. Amusement & Recreation,87,0.057999998331069946,-97.17073172291852,1,,A+
CPRI,Capri Holdings Limited Ordinary Shares,Apparel,40,18.040000915527344,-34.779461261583556,29,29,D-
CPRT,Copart Inc. (DE) Common Stock,Retail-Auto Dealers and Gas Stations,105,27.520000457763672,-44.926956602991176,18,53,E+
CPRX,Catalyst Pharmaceuticals Inc. Common Stock,Biotechnology: Pharmaceutical Preparations,68,31.469999313354492,-0.09524027506510047,83,54,C+
CPS,Cooper-Standard Holdings Inc. Common Stock,Auto Parts:O.E.M.,64,27.75,-38.606195726543255,35,21,D
CPSH,CPS Technologies Corp. Common Stock,Building Materials,38,4.78000020980835,-58.75754834445761,84,29,B+
CPSS,Consumer Portfolio Services Inc. Common Stock,Finance: Consumer Services,112,9.260000228881836,-10.09708682130449,54,52,C+
CPT,Camden Property Trust Common Stock,Real Estate Investment Trusts,45,112.95999908447266,-3.929241941346706,58,32,D+
CR,Crane Company Common Stock,Metal Fabrications,38,219.07000732421875,-2.0215524342337976,67,37,C
CRAI,CRA International Inc. Common Stock,Other Consumer Services,123,160.63999938964844,-27.554442019278714,30,44,C-
CRBG,Corebridge Financial Inc. Common Stock,Life Insurance,28,30.549999237060547,-12.050147181628857,56,21,C
CRBP,Corbus Pharmaceuticals Holdings Inc. Common Stock,Biotechnology: Pharmaceutical Preparations,68,9.680000305175781,-50.0,40,21,B-
CRBU,Caribou Biosciences Inc. Common Stock,Biotechnology: Biological Products (No Diagnostic Substances),64,1.9249999523162842,-32.21830948965578,42,21,A-
CRC,California Resources Corporation Common Stock,Oil & Gas Production,43,52.470001220703125,-24.68140158442511,42,30,E
CRCL,Circle Internet Group Inc. Class A Common Stock,Finance: Consumer Services,112,66.13999938964844,-71.86489753510324,14,62,E
CRCT,Cricut Inc. Class A Common Stock,Industrial Machinery/Components,68,4.409999847412109,-32.676543506805764,37,46,B
CRD-A,Crawford & Company,,,11.079999923706055,-7.280333886570856,53,47,A-
CRD-B,Crawford & Company,,,10.119999885559082,-9.741614733338322,43,47,D+
CRDF,Cardiff Oncology Inc. Common Stock,Biotechnology: Biological Products (No Diagnostic Substances),64,1.3300000429153442,-70.11235730513485,12,5,E+
CRDL,Cardiol Therapeutics Inc. Class A Common Shares,Biotechnology: Biological Products (No Diagnostic Substances),64,1.0099999904632568,-38.03681021976123,26,,E+
CRDO,Credo Technology Group Holding Ltd Ordinary Shares,Semiconductors,1,257.7900085449219,-14.785793366774358,97,91,D
CRE,Cre8 Enterprise Limited Class A Ordinary Shares,Publishing,102,3.240000009536743,-96.29629642751958,27,,A+
CREG,Smart Powerr Corp. Common Stock,Business Services,92,1.7999999523162842,-92.80000019073486,3,,A+
CRESY,Cresud S.A.C.I.F. y A. American Depositary Shares,Real Estate,87,10.8100004196167,-23.387663482322584,45,50,D+
CREX,Creative Realities Inc. Common Stock,EDP Services,125,3.8399999141693115,-7.469883712633352,74,5,B
CRGO,Freightos Limited Ordinary shares,Integrated Freight & Logistics,141,1.25,-69.51219441279422,12,21,E+
CRGY,Crescent Energy Company Class A Common Stock,Oil & Gas Production,43,9.470000267028809,-31.336515082399174,42,29,E
CRH,CRH PLC Ordinary Shares,Building Materials,38,104.70999908447266,-19.728260265616072,36,31,D+
CRI,Carter's Inc. Common Stock,Apparel,40,40.189998626708984,-8.145507471592461,72,38,C
CRIS,Curis Inc. Common Stock,Biotechnology: Biological Products (No Diagnostic Substances),64,4.960000038146973,-16.498316660489454,99,5,A+
CRK,Comstock Resources Inc. Common Stock,Oil & Gas Production,43,12.920000076293945,-52.79503222457402,14,81,E+
CRL,Charles River Laboratories International Inc. Common Stock,Biotechnology: Commercial Physical & Biological Resarch,23,233.41000366210938,-0.08133665943572677,80,21,B+
CRM,Salesforce Inc. Common Stock,Computer Software: Prepackaged Software,120,163.32000732421875,-39.055569556379865,21,95,D
CRMD,CorMedix Inc. Common Stock,Biotechnology: Pharmaceutical Preparations,68,8.399999618530273,-43.35806027144542,33,91,C-
CRML,Critical Metals Corp. Ordinary Shares,Metal Mining,71,7.949999809265137,-73.47347350214102,71,,D+
CRMT,America's Car-Mart Inc Common Stock,Retail-Auto Dealers and Gas Stations,105,3.240000009536743,-94.70415169438526,2,28,A+
CRNC,Cerence Inc. Common Stock,Computer Software: Prepackaged Software,120,10.470000267028809,-22.55917224457965,59,44,A-
CRNT,Ceragon Networks Ltd. Ordinary Shares,Radio And Television Broadcasting And Communications Equipment,18,2.3499999046325684,-26.562504074536207,43,21,C
CRNX,Crinetics Pharmaceuticals Inc. Common Stock,Biotechnology: Pharmaceutical Preparations,68,83.58000183105469,-0.04783653936076826,96,21,A+
CRON,Cronos Group Inc. Common Share,Medicinal Chemicals and Botanical Products,135,2.75,-15.902140182250957,60,51,C
CROX,Crocs Inc. Common Stock,Shoe Manufacturing,80,132.77999877929688,0.0,86,33,B+
CRS,Carpenter Technology Corporation Common Stock,Steel/Iron Ore,66,578.6099853515625,-6.562779919004846,93,98,B-
CRSP,CRISPR Therapeutics AG Common Shares,Biotechnology: Biological Products (No Diagnostic Substances),64,53.349998474121094,-30.515760194950015,35,21,C+
CRSR,Corsair Gaming Inc. Common Stock,Computer peripheral equipment,52,9.65999984741211,-20.42833958628918,88,62,A
CRT,Cross Timbers Royalty Trust Common Stock,Oil & Gas Production,43,9.210000038146973,-15.159490636377726,50,,E
CRTO,Criteo S.A. American Depositary Shares,Advertising,97,22.8799991607666,-7.85340623814389,62,49,A
CRUS,Cirrus Logic Inc. Common Stock,Semiconductors,1,150.36000061035156,-15.953043186042093,66,75,D-
CRVL,CorVel Corp. Common Stock,Specialty Insurers,105,62.290000915527344,-37.52883212569655,36,65,C+
CRVO,CervoMed Inc. Common Stock,Biotechnology: Pharmaceutical Preparations,68,3.569999933242798,-66.60430240059195,14,,A+
CRVS,Corvus Pharmaceuticals Inc. Common Stock,Biotechnology: Pharmaceutical Preparations,68,15.670000076293945,-38.597179485838005,96,21,C
CRWD,CrowdStrike Holdings Inc. Class A Common Stock,Computer Software: Prepackaged Software,120,187.17999267578125,-6.118974775931985,92,91,B
CRWS,Crown Crafts Inc Common Stock,Textiles,32,2.990000009536743,-1.3201307666904194,64,81,B
CRWV,CoreWeave Inc. Class A Common Stock,Computer Software: Prepackaged Software,120,88.87999725341797,-40.248741342240024,30,21,E+
CSAI,Cloudastructure Inc. Class A Common Stock,Computer Software: Programming Data Processing,110,0.4180000126361847,-79.50980291899144,8,,A
CSAN,Cosan S.A. ADS,Retail-Auto Dealers and Gas Stations,105,3.1500000953674316,-47.05882022950053,19,21,E+
CSBR,Champions Oncology Inc. Common Stock,Biotechnology: Biological Products (No Diagnostic Substances),64,5.820000171661377,-33.93870721388013,31,36,B-
CSCO,Cisco Systems Inc. Common Stock (DE),Computer Communications Equipment,7,121.30999755859375,-6.335528097732224,91,73,B-
CSGP,CoStar Group Inc. Common Stock,Real Estate,87,28.389999389648438,-70.68057538697332,10,71,E+
CSHR,CoinShares PLC Ordinary Shares,Investment Bankers/Brokers/Service,84,4.190000057220459,-51.33565360863841,13,,D+
CSIQ,Canadian Solar Inc. Common Shares (ON),Semiconductors,1,15.020000457763672,-55.27099571545222,52,21,E+
CSL,Carlisle Companies Incorporated Common Stock,Specialty Chemicals,120,330.0899963378906,-23.187947702077103,38,45,E
CSPI,CSP Inc. Common Stock,EDP Services,125,8.699999809265137,-41.325695765229995,27,62,E-
CSQ,Calamos Strategic Total Return Common Stock,Finance Companies,58,20.799999237060547,0.0,65,,C-
CSR,D/B/A Centerspace Common Stock,Real Estate Investment Trusts,45,55.56999969482422,-18.230568329955688,35,40,E+
CSTE,Caesarstone Ltd. Ordinary Shares,Building Materials,38,2.369999885559082,-5.200004577636719,87,5,A
CSTL,Castle Biosciences Inc. Common Stock,Medical Specialities,34,23.719999313354492,-44.888478604104456,40,21,B-
CSTM,Constellium SE Ordinary Shares (France),Metal Fabrications,38,29.280000686645508,-19.004150896965612,87,90,E
CSV,Carriage Services Inc. Common Stock,Other Consumer Services,123,37.869998931884766,-26.510756009823055,25,42,D+
CSW,CSW Industrials Inc. Common Stock,Home Furnishings,40,280.94000244140625,-16.01708332706142,43,73,D+
CSWC,Capital Southwest Corporation Common Stock,Textiles,32,23.84000015258789,-0.8319498973491046,64,,D
CSX,CSX Corporation Common Stock,Railroads,28,49.40999984741211,0.0,81,57,C
CTAS,Cintas Corporation Common Stock,Garments and Clothing,72,179.63999938964844,-19.854694137852068,39,83,C-
CTBI,Community Trust Bancorp Inc. Common Stock,Major Banks,26,72.04000091552734,-2.740649099042358,75,65,C+
CTEV,Claritev Corporation Class A Common Stock,Business Services,92,31.239999771118164,-56.95784102646364,62,5,B+
CTGO,Contango Silver & Gold Inc. Common Stock,Precious Metals,104,16.6200008392334,-49.7885147873116,19,,D-
CTKB,Cytek Biosciences Inc. Common Stock,Biotechnology: Laboratory Analytical Instruments,52,4.619999885559082,-21.42857490406085,54,5,E-
CTM,Castellum Inc. Common Stock,Professional Services,97,0.656000018119812,-55.97315342811512,20,,A
CTMX,CytomX Therapeutics Inc. Common Stock,Biotechnology: Pharmaceutical Preparations,68,3.759999990463257,-44.29629643758138,53,,B+
CTNM,Contineum Therapeutics Inc. Class A Common Stock,Biotechnology: Pharmaceutical Preparations,68,15.1899995803833,-7.321536631801406,94,5,A
CTNT,Cheetah Net Supply Chain Service Inc Class A Common Stock,Motor Vehicles,126,1.7000000476837158,-99.59330142399911,1,,B
CTO,CTO Realty Growth Inc. Common Stock,Real Estate Investment Trusts,45,21.290000915527344,-2.9183738291941097,76,80,C+
CTOR,Citius Oncology Inc. Common Stock,Biotechnology: Pharmaceutical Preparations,68,0.6909999847412109,-78.73846200796274,14,13,C
CTOS,Custom Truck One Source Inc. Common Stock,Diversified Commercial Services,111,10.550000190734863,-11.862991183093907,92,94,C+
CTRE,CareTrust REIT Inc. Common Stock,Real Estate Investment Trusts,45,40.220001220703125,-4.308752318214504,64,71,C+
CTRI,Centuri Holdings Inc. Common Stock,Oil & Gas Production,43,25.670000076293945,-38.588515442999075,43,40,E
CTRM,Castor Maritime Inc. Common Shares,Marine Transportation,11,2.1500000953674316,-18.560605684314126,56,78,A
CTRN,Citi Trends Inc. Common Stock,Clothing/Shoe/Accessory Stores,92,57.720001220703125,-9.231009463436646,88,68,C-
CTS,CTS Corporation Common Stock,Electrical Products,3,60.13999938964844,-11.907442953686164,80,87,D-
CTSH,Cognizant Technology Solutions Corporation Class A Common Stock,EDP Services,125,42.56999969482422,-50.30181502294286,13,48,E-
CTSO,Cytosorbents Corporation Common Stock,Medical/Dental Instruments,117,0.38100001215934753,-68.25000024835268,9,21,A
CTVA,Corteva Inc. Common Stock,Farming/Seeds/Milling,95,85.68000030517578,-1.233429043025036,65,53,C
CTW,CTW Class A Ordinary Shares,EDP Services,125,2.5999999046325684,-41.44144434402941,54,,B+
CTXR,Citius Pharmaceuticals Inc. Common Stock,Biotechnology: Pharmaceutical Preparations,68,0.5830000042915344,-67.96703365441897,11,13,E+
CUB,Lionheart Holdings Class A Ordinary Shares,Blank Checks,76,10.795000076293945,-1.0540767435981424,46,,D-
CUBE,CubeSmart Common Shares,Real Estate Investment Trusts,45,40.189998626708984,-2.7623961120342155,53,,D+
CUBI,Customers Bancorp Inc Common Stock,Major Banks,26,76.62000274658203,-5.652008853141622,55,84,D
CUE,Cue Biopharma Inc. Common Stock,Biotechnology: Pharmaceutical Preparations,68,36.779998779296875,0.0,98,32,A
CULP,Culp Inc. Common Stock,Textiles,32,3.2200000286102295,-31.779657378343128,37,5,B
CUPR,Cuprina Holdings (Cayman) Limited Class A Ordinary Shares,Biotechnology: Pharmaceutical Preparations,68,4.96999979019165,-93.39095745760156,59,,A+
CURB,Curbline Properties Corp. Common Stock,Real Estate,87,30.40999984741211,-3.948199640001504,77,43,E+
CURI,CuriosityStream Inc. Class A Common Stock,Movies/Entertainment,112,2.6700000762939453,-47.189255174054225,20,5,D+
CURR,Currenc Group Inc. Ordinary Shares,Business Services,92,3.0799999237060547,-31.403116242497507,85,,C+
CURV,Torrid Holdings Inc. Common Stock,Clothing/Shoe/Accessory Stores,92,1.9800000190734863,-34.86841960792064,67,21,B
CURX,Curanex Pharmaceuticals Inc Common Stock,Biotechnology: Pharmaceutical Preparations,68,0.22300000488758087,-97.56550208949422,5,,E-
CUZ,Cousins Properties Incorporated Common Stock,Real Estate Investment Trusts,45,30.260000228881836,-1.5934951906281802,74,29,C+
CV,CapsoVision Inc. Common Stock,Biotechnology: Electromedical & Electrotherapeutic Apparatus,76,5.989999771118164,-58.46047337429945,49,,A-
CVBF,CVB Financial Corporation Common Stock,Major Banks,26,22.469999313354492,-1.8842437806238177,65,47,C+
CVCO,Cavco Industries Inc. Common Stock When Issued,Homebuilding,49,567.260009765625,-18.70270553966463,59,56,B-
CVE,Cenovus Energy Inc Common Stock,Oil & Gas Production,43,26.399999618530273,-16.517500910447104,86,71,D-
CVEO,Civeo Corporation (Canada) Common Shares,Hotels/Resorts,35,31.68000030517578,-10.911138690308064,78,5,B
CVGI,Commercial Vehicle Group Inc. Common Stock,Auto Parts:O.E.M.,64,4.860000133514404,-15.916955759495554,96,62,E
CVI,CVR Energy Inc. Common Stock,Integrated oil Companies,10,30.969999313354492,-22.362942412723807,52,5,D
CVKD,Cadrenal Therapeutics Inc. Common Stock,Biotechnology: Pharmaceutical Preparations,68,2.890000104904175,-79.64788631181162,6,,E-
CVLG,Covenant Logistics Group Inc. Class A Common Stock,Trucking Freight/Courier Services,6,46.11000061035156,-0.8387083648353499,94,53,B+
CVLT,Commvault Systems Inc. Common Stock,Computer Software: Prepackaged Software,120,150.57000732421875,-22.94662274067868,81,55,A-
CVM,Cel-Sci Corporation Common Stock,Biotechnology: Biological Products (No Diagnostic Substances),64,1.3799999952316284,-89.41717791971891,4,13,D-
CVNA,Carvana Co. Class A Common Stock,Retail-Auto Dealers and Gas Stations,105,65.83000183105469,-31.20493243652669,34,77,E
CVR,Chicago Rivet & Machine Co. Common Stock,Industrial Machinery/Components,68,10.399999618530273,-28.911786507268445,36,,E+
CVRX,CVRx Inc. Common Stock,Medical/Dental Instruments,117,5.429999828338623,-49.76873619278584,17,21,B-
CVS,CVS Health Corporation Common Stock,Retail-Drug Stores and Proprietary Stores,129,104.1500015258789,-0.6297071348998706,85,66,B-
CVSA,Covista Inc. Common Shares,Other Consumer Services,123,130.89999389648438,-15.247655239287361,58,86,C+
CVU,CPI Aerostructures Inc. Common Stock,Military/Government/Technical,91,5.159999847412109,-6.010927822658951,90,,A-
CVV,CVD Equipment Corporation Common Stock,Industrial Machinery/Components,68,7.369999885559082,-9.236453332146333,95,21,B
CVX,Chevron Corporation Common Stock,Integrated oil Companies,10,176.39999389648438,-15.6923125840302,56,35,E+
CW,Curtiss-Wright Corporation Common Stock,Industrial Machinery/Components,68,754.760009765625,-4.794582139735759,77,76,D-
CWBC,Community West Bancshares Common Stock,Major Banks,26,27.0,-1.6751605965375393,73,65,B
CWCO,Consolidated Water Co. Ltd. Ordinary Shares,Water Supply,79,28.889999389648438,-24.14524756705778,29,80,D-
CWD,CaliberCos Inc. Class A Common Stock,Real Estate,87,0.6899999976158142,-92.4259053389747,7,5,A+
CWEN,Clearway Energy Inc. Class C Common Stock,Electric Utilities: Central,55,33.66999816894531,-18.395541593191833,43,28,E+
CWH,Camping World Holdings Inc. Class A Common Stock,Retail-Auto Dealers and Gas Stations,105,6.21999979019165,-66.8049314721564,13,21,D+
CWK,Cushman & Wakefield Ltd. Common Shares,Real Estate,87,13.489999771118164,-21.56977225149411,42,58,B
CWST,Casella Waste Systems Inc. Class A Common Stock,Environmental Services,80,96.81999969482422,-13.5226862392393,47,28,B
CWT,California Water Service Group Common Stock,Water Supply,79,49.709999084472656,-1.0352388264037837,59,41,C+
CX,Cemex S.A.B. de C.V. Sponsored ADR,Building Materials,38,12.479999542236328,-7.676189648399578,76,38,C
CXAI,CXApp Inc. Class A Common Stock,EDP Services,125,0.15700000524520874,-85.98214244850132,9,,A
CXDO,Crexendo Inc. Common Stock,Telecommunications Equipment,74,8.3100004196167,-20.63037050929395,81,75,B
CXM,Sprinklr Inc. Class A Common Stock,Computer Software: Prepackaged Software,120,5.480000019073486,-41.39037651876454,23,99,C-
CXT,Crane NXT Co. Common Stock,Metal Fabrications,38,50.83000183105469,-25.40844657908251,47,35,B
CXW,CoreCivic Inc. Common Stock,Real Estate Investment Trusts,45,31.889999389648438,0.0,90,95,A-
CYAB,Cyabra Inc. Common Stock,Computer Software: Prepackaged Software,120,0.3400000035762787,-90.78590790504248,2,,E-
CYCN,Cyclerion Therapeutics Inc. Common Stock,Biotechnology: Pharmaceutical Preparations,68,3.8350000381469727,-39.89028261196144,86,,B
CYCU,Cycurion Inc. Common Stock,EDP Services,125,0.47600001096725464,-96.67648813100887,2,,E-
CYD,China Yuchai International Limited Common Stock,Industrial Machinery/Components,68,46.189998626708984,-22.642774518614072,78,,D-
CYH,Community Health Systems Inc. Common Stock,Hospital/Nursing Management,49,3.569999933242798,-19.04761776040067,59,37,B+
CYN,Cyngn Inc. Common Stock,EDP Services,125,1.2899999618530273,-86.96969685293243,9,,B
CYPH,Cypherpunk Technologies Inc. Common Stock,Biotechnology: Pharmaceutical Preparations,68,0.703000009059906,-76.32996625293418,51,5,B+
CYRX,CryoPort Inc. Common Stock,Biotechnology: Pharmaceutical Preparations,68,16.170000076293945,-1.9999995376124513,93,5,A-
CYTK,Cytokinetics Incorporated Common Stock,Biotechnology: Pharmaceutical Preparations,68,84.87000274658203,-2.7389403290606906,89,5,B+
CZFS,Citizens Financial Services Inc. Common Stock,Major Banks,26,70.37999725341797,-5.058680883503063,64,68,B+
CZNC,Citizens & Northern Corp Common Stock,Major Banks,26,22.850000381469727,-4.950085227696476,59,42,B+
CZR,Caesars Entertainment Inc. Common Stock,Hotels/Resorts,35,29.84000015258789,-5.299904995758253,66,21,C+
CZWI,Citizens Community Bancorp Inc. Common Stock,Savings Institutions,22,23.049999237060547,-3.757835061415027,80,83,A-
D,Dominion Energy Inc. Common Stock,Electric Utilities: Central,55,70.08000183105469,0.0,69,57,B
DAC,Danaos Corporation Common Stock,Marine Transportation,11,128.38999938964844,-3.97445867160533,80,84,D+
DAIC,CID HoldCo Inc. Common Stock,EDP Services,125,1.659999966621399,-98.91147543172367,2,,E-
DAIO,Data I/O Corporation Common Stock,Electrical Products,3,3.5199999809265137,-17.370896906020995,79,11,A-
DAKT,Daktronics Inc. Common Stock,Miscellaneous manufacturing industries,123,19.920000076293945,-28.164441380703074,50,97,C
DAL,Delta Air Lines Inc. Common Stock,Air Freight/Delivery Services,9,87.38999938964844,-6.4640464897545495,86,78,B-
DAN,Dana Incorporated Common Stock,Auto Parts:O.E.M.,64,27.329999923706055,-29.552462572878547,63,99,E
DAO,Youdao Inc. American Depositary Shares each representing one Class A Ordinary Share,Other Consumer Services,123,13.470000267028809,-4.940012741681055,82,46,B-
DAR,Darling Ingredients Inc. Common Stock,Packaged Foods,129,60.83000183105469,-6.184445918132497,87,58,C
DARE,Dare Bioscience Inc. Common Stock,Biotechnology: Pharmaceutical Preparations,68,2.0199999809265137,-38.226299917158656,42,5,B+
DASH,DoorDash Inc. Class A Common Stock,EDP Services,125,191.82000732421875,-31.915945917139155,39,66,B
DAVA,Endava plc American Depositary Shares (each representing one Class A Ordinary Share),EDP Services,125,2.740000009536743,-81.92612112720784,7,29,E-
DAVE,Dave Inc. Class A Common Stock,Finance: Consumer Services,112,400.75,0.0,95,88,A
DB,Deutsche Bank AG Common Stock,Major Banks,26,35.77000045776367,-8.072174524706444,59,55,B-
DBCA,D. Boral Acquisition I Corp. Class A Ordinary Shares,Blank Checks,76,10.0,-0.09990238414763208,46,,C-
DBCAU,D. Boral Acquisition I Corp. Unit,Blank Checks,76,10.260000228881836,0.0,48,,C-
DBD,Diebold Nixdorf Incorporated Common stock,Office Equipment/Supplies/Services,61,85.26000213623047,-3.954032487969117,75,99,C+
DBGI,Digital Brands Group Inc. Common Stock,Clothing/Shoe/Accessory Stores,92,0.7770000100135803,-95.62992137229116,2,,B+
DBI,Designer Brands Inc. Class A Common Stock,Clothing/Shoe/Accessory Stores,92,5.519999980926514,-38.92015913299952,73,60,E
DBRG,DigitalBridge Group Inc.,Real Estate Investment Trusts,45,15.770000457763672,-0.1266653363142245,69,78,D
DBVT,DBV Technologies S.A. American Depositary Shares,Biotechnology: Biological Products (No Diagnostic Substances),64,16.489999771118164,-32.803589421692536,48,,B-
DBX,Dropbox Inc. Class A Common Stock,Computer Software: Prepackaged Software,120,29.190000534057617,-9.26328195369429,65,47,C+
DC,Dakota Gold Corp. Common Stock,Metal Mining,71,4.5,-35.71428571428571,33,13,D
DCBO,Docebo Inc. Common Shares,Computer Software: Prepackaged Software,120,18.80500030517578,-41.59937931796769,33,97,D+
DCGO,DocGo Inc. Common Stock,Medical/Nursing Services,32,0.597000002861023,-65.49132969485454,18,21,A-
DCH,Dauch Corporation Common Stock,Auto Parts:O.E.M.,64,5.130000114440918,-42.99999872843424,34,21,E
DCI,Donaldson Company Inc. Common Stock,Pollution Control Equipment,74,89.23999786376953,-18.77051854549424,55,73,C-
DCO,Ducommun Incorporated Common Stock,Military/Government/Technical,91,165.0500030517578,-13.245727699470267,89,75,B-
DCOM,Dime Commercial Bancshares Inc. Common Stock,Major Banks,26,39.79999923706055,-3.585270314926925,77,68,C
DCOY,Decoy Therapeutics Inc. Common Stock,Biotechnology: Pharmaceutical Preparations,68,5.909999847412109,-96.71666675143771,10,,A+
DCTH,Delcath Systems Inc. Common Stock,Medical/Dental Instruments,117,13.010000228881836,-3.7721909143055954,73,40,B+
DCX,Digital Currency X Technology Inc. Class A Ordinary Shares,Auto Manufacturing,138,1.0399999618530273,-99.96888091077639,3,,E-
DD,DuPont de Nemours Inc. Common Stock,Major Chemicals,54,134.67999267578125,-12.182531320286461,66,62,D-
DDC,DDC Enterprise Limited Class A Ordinary Shares,Packaged Foods,129,0.7080000042915344,-96.44578312459899,3,,E-
DDD,3D Systems Corporation Common Stock,Computer Software: Prepackaged Software,120,3.069999933242798,-20.876292714100497,87,40,B+
DDI,DoubleDown Interactive Co. Ltd. American Depository Shares,EDP Services,125,11.449999809265137,-6.5306138019172515,77,92,B+
DDL,Dingdong (Cayman) Limited American Depositary Shares (each two representing three Ordinary Shares),Catalog/Specialty Distribution,68,2.1600000858306885,-32.499998323619394,30,99,E
DDOG,Datadog Inc. Class A Common Stock,Computer Software: Prepackaged Software,120,257.5400085449219,-7.189441922788953,95,94,A-
DDS,Dillard's Inc. Common Stock,Department/Specialty Retail Stores,59,523.780029296875,-25.122397085103522,37,67,E
DDT,Dillard's Capital Trust I,Department/Specialty Retail Stores,59,26.530000686645508,0.0,52,,D
DE,Deere & Company Common Stock,Industrial Machinery/Components,68,586.8599853515625,-10.926654736630892,61,48,D
DEA,Easterly Government Properties Inc. Common Stock,Real Estate Investment Trusts,45,24.8700008392334,-2.6233361483030015,66,33,C+
DEC,Diversified Energy Company Common Stock,,,13.380000114440918,-25.426965456024064,38,,D+
DECK,Deckers Outdoor Corporation Common Stock,Shoe Manufacturing,80,105.98999786376953,-14.46211384772933,45,56,C+
DEFT,Defi Technologies Inc. Common Stock,Finance: Consumer Services,112,0.49900001287460327,-85.6609192488609,7,5,E
DEI,Douglas Emmett Inc. Common Stock,Real Estate Investment Trusts,45,12.010000228881836,-24.123659884706317,55,28,C+
DELL,Dell Technologies Inc. Class C Common Stock,Computer Manufacturing,15,434.9700012207031,-6.650783501304669,98,91,A-
DEO,Diageo plc Common Stock,Beverages (Production/Distribution),97,82.02999877929688,-26.273375663246313,39,,D+
DERM,Journey Medical Corporation Common Stock,Biotechnology: Pharmaceutical Preparations,68,6.909999847412109,-25.377973254688502,58,5,A-
DFDV,DeFi Development Corp. Common Stock,Finance: Consumer Services,112,3.0,-90.11857727375302,8,21,D
DFH,Dream Finders Homes Inc. Class A Common Stock,Homebuilding,49,15.829999923706055,-48.919005999931684,30,36,C
DFIN,Donnelley Financial Solutions Inc. Common Stock,Other Consumer Services,123,44.65999984741211,-31.8376035781769,27,51,C+
DFLI,Dragonfly Energy Holdings Corp. Common Stock (NV),Industrial Machinery/Components,68,1.7400000095367432,-91.16751298400906,16,21,B
DFNS,T3 Defense Inc. Common Stock,Professional Services,97,0.11999999731779099,-99.092284456173,1,40,E-
DFSC,DEFSEC Technologies Inc. Common Stock,Computer Software: Prepackaged Software,120,2.0399999618530273,-79.11975571882441,20,13,B-
DFTX,Definium Therapeutics Inc. Common Shares,Medicinal Chemicals and Botanical Products,135,47.06999969482422,-2.848299373342489,99,5,A
DG,Dollar General Corporation Common Stock,Department/Specialty Retail Stores,59,118.91999816894531,-23.135360546372695,49,48,C-
DGICA,Donegal Group Inc. Class A Common Stock,Property-Casualty Insurers,46,18.8700008392334,-7.993914567355464,50,54,B
DGICB,Donegal Group Inc. Class B Common Stock,Property-Casualty Insurers,46,22.899999618530273,-4.583334922790527,82,54,A
DGII,Digi International Inc. Common Stock,Computer Communications Equipment,7,67.69000244140625,-9.686450703726424,90,87,B-
DGNX,Diginex Limited Ordinary Shares,EDP Services,125,1.190000057220459,-99.52612293709821,1,,A+
DGX,Quest Diagnostics Incorporated Common Stock,Medical Specialities,34,207.44000244140625,-3.5814226625134005,62,57,C-
DGXX,Digi Power X Inc. Subordinate Voting Shares,Finance: Consumer Services,112,4.5,-46.80851087814353,93,,B+
DH,Definitive Healthcare Corp. Class A Common Stock,Computer Software: Prepackaged Software,120,0.8360000252723694,-80.55813980953572,9,21,A
DHC,Diversified Healthcare Trust Common Shares of Beneficial Interest,Real Estate Investment Trusts,45,8.760000228881836,-8.844947535506009,92,5,B-
DHI,D.R. Horton Inc. Common Stock,Homebuilding,49,151.5800018310547,-16.896529771638246,52,40,C
DHR,Danaher Corporation Common Stock,Industrial Machinery/Components,68,199.0500030517578,-17.41866350444239,41,46,C+
DHT,DHT Holdings Inc.,Marine Transportation,11,17.760000228881836,-11.022038860223448,84,95,D
DHX,DHI Group Inc. Common Stock,Business Services,92,4.010000228881836,0.0,91,91,A-
DIBS,1stdibs.com Inc. Common Stock,Catalog/Specialty Distribution,68,4.679999828338623,-27.216174910103586,70,21,A
DIN,Dine Brands Global Inc. Common Stock,Restaurants,105,35.709999084472656,-6.841502929749699,79,83,B
DINO,HF Sinclair Corporation Common Stock,Natural Gas Distribution,24,78.06999969482422,-0.6995713972825057,89,80,B-
DIOD,Diodes Incorporated Common Stock,Semiconductors,1,96.37999725341797,-21.48908799589121,89,71,E+
DIS,Walt Disney Company (The) Common Stock,Services-Misc. Amusement & Recreation,87,95.62000274658203,-21.09598539762273,31,52,D
DIT,AMCON Distributing Company Common Stock,Food Distributors,13,70.5,-26.148339715962166,30,41,E
DJCO,Daily Journal Corp. (S.C.) Common Stock,Newspapers/Magazines,47,576.02001953125,-13.343957618431457,69,38,C+
DJT,Trump Media & Technology Group Corp. Common Stock,Computer Software: Programming Data Processing,110,8.539999961853027,-56.998994464271306,16,,B+
DK,Delek US Holdings Inc. Common Stock,Integrated oil Companies,10,55.5099983215332,-1.0340556774413368,93,96,B
DKI,DarkIris Inc. Class A Ordinary Shares,Computer Software: Prepackaged Software,120,4.829999923706055,-58.362070992500335,99,,A
DKNG,DraftKings Inc. Class A Common Stock,Services-Misc. Amusement & Recreation,87,26.475000381469727,-45.10677870049564,34,99,B-
DKS,Dick's Sporting Goods Inc Common Stock,Other Specialty Stores,117,217.97999572753906,-8.859807920572893,49,42,D
DLB,Dolby Laboratories Common Stock,Multi-Sector Companies,97,49.79999923706055,-33.726683744888284,21,56,E+
DLHC,DLH Holdings Corp.,Professional Services,97,5.03000020980835,-23.439877041336555,30,28,E
DLO,DLocal Limited Class A Common Shares,Business Services,92,15.1899995803833,-2.42925465518522,67,54,A
DLPN,Dolphin Entertainment Inc. Common Stock,Other Consumer Services,123,1.0700000524520874,-41.20879002116096,18,,D
DLR,Digital Realty Trust Inc. Common Stock,Real Estate Investment Trusts,45,180.41000366210938,-10.934793890170624,52,74,E
DLTH,Duluth Holdings Inc. Class B Common Stock,Clothing/Shoe/Accessory Stores,92,4.03000020980835,-15.513622098053514,85,21,A
DLTR,Dollar Tree Inc. Common Stock,Department/Specialty Retail Stores,59,124.91000366210938,-11.543093461348242,72,65,B
DLX,Deluxe Corporation Common Stock,Publishing,102,24.510000228881836,-22.18778043537497,66,85,D-
DLXY,Delixy Holdings Limited Class A Ordinary Shares,Oil Refining/Marketing,137,0.49000000953674316,-92.70833296376088,14,,A
DMAC,DiaMedica Therapeutics Inc. Common Stock,Biotechnology: Pharmaceutical Preparations,68,7.670000076293945,-18.31736106646582,79,,A
DMII,Drugs Made In America Acquisition II Corp. Ordinary Shares,Blank Checks,76,10.100000381469727,0.0,47,,D
DMIIU,Drugs Made In America Acquisition II Corp. Unit,,,10.15999984741211,-0.6357020208567876,46,,C-
DMRA,Damora Therapeutics Inc. Common Stock,Biotechnology: Pharmaceutical Preparations,68,28.530000686645508,-16.432333928816455,98,,A+
DMRC,Digimarc Corporation Common Stock,EDP Services,125,6.659999847412109,-59.46439608212256,28,31,E
DNA,Ginkgo Bioworks Holdings Inc. Class A Common Stock,Biotechnology: Biological Products (No Diagnostic Substances),64,9.09000015258789,-43.68029432257686,50,5,B
DNLI,Denali Therapeutics Inc. Common Stock,Biotechnology: Biological Products (No Diagnostic Substances),64,25.68000030517578,-5.622928448277554,88,5,B
DNMX,Dynamix Corporation III Class A Ordinary Shares,Blank Checks,76,10.020000457763672,-0.1991982486588051,45,,D
DNMXU,Dynamix Corporation III Unit,Blank Checks,76,10.149999618530273,-0.09842745110260065,44,,D
DNN,Denison Mines Corp Ordinary Shares (Canada),Other Metals and Minerals,135,3.2300000190734863,-26.086954149650932,67,5,D
DNOW,DNOW Inc. Common Stock,Oil and Gas Field Machinery,35,13.050000190734863,-22.643749012831236,41,21,D-
DNTH,Dianthus Therapeutics Inc. Common Stock,Biotechnology: Pharmaceutical Preparations,68,97.5999984741211,-2.4292715533639653,97,5,C+
DNUT,Krispy Kreme Inc. Common Stock,Food Chains,55,3.440000057220459,-26.80850645059246,41,21,C-
DOC,Healthpeak Properties Inc. Common Stock,Real Estate Investment Trusts,45,21.649999618530273,-1.2767928989924515,78,73,C
DOCN,DigitalOcean Holdings Inc. Common Stock,Computer Software: Programming Data Processing,110,130.49000549316406,-28.02139647762596,98,71,D-
DOCS,Doximity Inc. Class A Common Stock,EDP Services,125,21.770000457763672,-71.01970226065492,14,45,D
DOCU,DocuSign Inc. Common Stock,Computer Software: Prepackaged Software,120,49.18000030517578,-42.14798368506837,26,82,C
DOGZ,Dogness (International) Corporation Class A Common Stock,Miscellaneous manufacturing industries,123,0.9879999756813049,-93.81727156455825,5,,A+
DOLE,Dole plc Ordinary Shares,Farming/Seeds/Milling,95,14.289999961853027,-11.67356164756621,44,37,D
DOMH,Dominari Holdings Inc. Common Stock,Biotechnology: Pharmaceutical Preparations,68,2.8299999237060547,-54.47234525638083,25,,E+
DOMO,Domo Inc. Class B Common Stock,Computer Software: Prepackaged Software,120,3.430000066757202,-81.15384657707439,16,21,B+
DOO,BRP Inc. Common Subordinate Voting Shares,Industrial Specialties,84,59.06999969482422,-27.268535036107288,31,37,D
DORM,Dorman Products Inc. Common Stock,Auto Parts:O.E.M.,64,138.5,-16.736802303000264,63,60,B-
DOUG,Douglas Elliman Inc. Common Stock,Real Estate,87,1.909999966621399,-38.5852080048849,34,40,B-
DOV,Dover Corporation Common Stock,Industrial Machinery/Components,68,215.3300018310547,-7.267797183981917,60,80,D
DOW,Dow Inc. Common Stock,Major Chemicals,54,29.030000686645508,-29.961323394459317,47,11,E
DOX,Amdocs Limited Ordinary Shares,EDP Services,125,51.90999984741211,-40.19785749524652,17,44,E+
DOYU,DouYu International Holdings Limited ADS,Computer Software: Programming Data Processing,110,4.550000190734863,-50.16429207335793,20,62,D
DPRO,Draganfly Inc. Common Shares,Aerospace,90,4.78000020980835,-65.28685511325938,28,5,C+
DPZ,Domino's Pizza Inc Common Stock,Food Distributors,13,299.4599914550781,-37.133947029866086,20,50,E+
DQ,DAQO New Energy Corp. American Depositary Shares each representing five ordinary shares,Semiconductors,1,12.399999618530273,-65.2563740665134,10,21,E-
DRCT,Direct Digital Holdings Inc. Class A Common Stock,Advertising,97,2.6600000858306885,-97.98148420817212,7,5,A
DRD,DRDGOLD Limited American Depositary Shares,Precious Metals,104,21.100000381469727,-45.623820556710996,29,,E
DRH,Diamondrock Hospitality Company Common Stock,Real Estate Investment Trusts,45,11.880000114440918,-4.026817457403276,83,75,C-
DRI,Darden Restaurants Inc. Common Stock,Restaurants,105,204.25,-5.109711239425197,51,71,D
DRIO,DarioHealth Corp. Common Stock,Medical/Dental Instruments,117,7.21999979019165,-58.38616927119607,18,5,A-
DRMA,Dermata Therapeutics Inc. Common Stock,Biotechnology: Pharmaceutical Preparations,68,1.340000033378601,-81.64383563880827,15,5,A-
DRS,Leonardo DRS Inc. Common Stock,Industrial Machinery/Components,68,44.150001525878906,-11.14911904596484,44,78,C
DRTS,Alpha Tau Medical Ltd. Ordinary Shares,Medical/Dental Instruments,117,12.710000038146973,-6.372005769958012,97,5,A
DRUG,Bright Minds Biosciences Inc. Common Stock,Biotechnology: Pharmaceutical Preparations,68,77.83999633789062,-18.903999746918878,85,13,E
DRVN,Driven Brands Holdings Inc. Common Stock,Automotive Aftermarket,129,15.5,-19.31285404105735,57,95,B+
DSGN,Design Therapeutics Inc. Common Stock,Biotechnology: Pharmaceutical Preparations,68,15.1899995803833,-3.799875762629923,95,21,B-
DSGR,Distribution Solutions Group Inc. Common Stock,Industrial Specialties,84,27.399999618530273,-17.618758264365418,39,35,C-
DSGX,Descartes Systems Group Inc. (The) Common Stock,Computer Software: Prepackaged Software,120,72.06999969482422,-33.13851091688561,33,75,C+
DSP,Viant Technology Inc. Class A Common Stock,Computer Software: Programming Data Processing,110,13.180000305175781,-10.885731310546475,75,40,B+
DSS,DSS Inc. Common Stock,Containers/Packaging,48,0.5839999914169312,-66.24277543478314,13,28,A+
DSWL,Deswell Industries Inc. Common Shares,Plastic Products,18,3.559999942779541,-8.432099868514342,71,,A-
DSX,Diana Shipping inc. common stock,Marine Transportation,11,2.140000104904175,-25.888820321026408,63,83,E
DSY,Big Tree Cloud Holdings Limited Class A Ordinary Shares,Containers/Packaging,48,3.940000057220459,-92.83636353232644,24,,A+
DT,Dynatrace Inc. Common Stock,Computer Software: Prepackaged Software,120,43.68000030517578,-20.1608462143574,52,43,B-
DTCX,Datacentrex Inc. Common Stock,EDP Services,125,2.0350000858306885,-86.83699818363905,13,,C
DTE,DTE Energy Company Common Stock,Electric Utilities: Central,55,150.27000427246094,-2.693769734260121,57,,D+
DTI,Drilling Tools International Corporation Common Stock,Oil and Gas Field Machinery,35,2.2200000286102295,-50.556789715439706,23,21,E-
DTIL,Precision BioSciences Inc. Common Stock,Biotechnology: Biological Products (No Diagnostic Substances),64,8.760000228881836,-5.603443093234517,91,32,A
DTM,DT Midstream Inc. Common Stock,Natural Gas Distribution,24,145.1699981689453,-3.695108877033537,74,81,C-
DTSS,Datasea Intelligent Technology Ltd. Class A Ordinary Shares,Computer Software: Prepackaged Software,120,0.7979999780654907,-65.30434806044927,18,,A
DTST,Data Storage Corporation Common Stock,EDP Services,125,3.5899999141693115,-32.26415500050113,30,,D
DUK,Duke Energy Corporation (Holding Company) Common Stock,Power Generation,59,125.4800033569336,-5.1668615194922385,48,67,D
DUKR,DUKE Robotics Corp. Common Stock,Aerospace,90,5.590000152587891,-54.700161398169996,99,,E-
DUO,Fangdd Network Group Ltd. Class A Ordinary Shares,Real Estate,87,0.6309999823570251,-87.5542414005431,5,,A-
DUOL,Duolingo Inc. Class A Common Stock,Computer Software: Prepackaged Software,120,124.76000213623047,-68.07900846760514,26,92,C
DUOT,Duos Technologies Group Inc. Common Stock,Computer Software: Prepackaged Software,120,9.3100004196167,-36.40710245021987,69,,B
DV,DoubleVerify Holdings Inc. Common Stock,Computer Software: Programming Data Processing,110,11.670000076293945,-28.272896447736183,51,,A
DVA,DaVita Inc. Common Stock,Misc Health and Biotechnology Services,13,232.8000030517578,-1.2345694197199997,93,90,B
DVLT,Datavault AI Inc. Common Stock,Semiconductors,1,0.36000001430511475,-89.47368402707096,6,,E+
DVN,Devon Energy Corporation Common Stock,Oil & Gas Production,43,42.22999954223633,-18.320784609837336,59,34,D-
DWSN,Dawson Geophysical Company Common Stock,Oil & Gas Production,43,7.570000171661377,0.0,99,58,A+
DWTX,Dogwood Therapeutics Inc. Common Stock,Biotechnology: Pharmaceutical Preparations,68,1.4199999570846558,-82.04804065136318,8,21,D-
DX,Dynex Capital Inc. Common Stock,Real Estate Investment Trusts,45,13.149999618530273,-4.820967092530049,56,30,D+
DXC,DXC Technology Company Common Stock,EDP Services,125,9.319999694824219,-39.59818852564797,16,30,B
DXCM,DexCom Inc. Common Stock,Medical/Dental Instruments,117,74.95999908447266,-16.273874559901614,55,91,B
DXF,Eason Technology Limited American Depositary Shares (each representing sixty-thousand (60000) Ordinary Shares),Finance: Consumer Services,112,0.6000000238418579,-90.24390220263874,7,,A+
DXLG,Destination XL Group Inc. Common Stock,Clothing/Shoe/Accessory Stores,92,0.6200000047683716,-60.75949443492572,27,21,A-
DXPE,DXP Enterprises Inc. Common Stock,Industrial Machinery/Components,68,162.60000610351562,-10.418152705419281,83,75,D+
DXR,Daxor Corporation Common Stock,Medical/Dental Instruments,117,10.529999732971191,-28.61017130189023,41,,D+
DXST,Decent Holding Inc Class A Ordinary Shares,Miscellaneous,142,2.319999933242798,-95.51690834155981,5,,A+
DXYZ,Destiny Tech100 Inc. Common Stock,,,27.670000076293945,-61.159459705197364,35,,E-
DY,Dycom Industries Inc. Common Stock,Water Sewer Pipeline Comm & Power Line Construction,1,425.7200012207031,-20.455905921014438,80,95,D-
DYAI,Dyadic International Inc. Common Stock,Biotechnology: Biological Products (No Diagnostic Substances),64,1.059999942779541,-18.461539872299337,60,,E
DYN,Dyne Therapeutics Inc. Common Stock,Biotechnology: Pharmaceutical Preparations,68,23.420000076293945,-3.581724192843694,90,5,A-
DYNC,Dynamix Corporation Class A Ordinary Shares,,,10.789999961853027,-10.008338883839919,49,,C-
DYOR,Insight Digital Partners II Class A Ordinary Shares,Blank Checks,76,10.0600004196167,-0.3960392113094846,45,,D+
E,ENI S.p.A. Common Stock,Oil & Gas Production,43,47.720001220703125,-16.2297721494846,68,36,E+
EA,Electronic Arts Inc. Common Stock,Services-Misc. Amusement & Recreation,87,206.41000366210938,-0.07261517150329855,57,57,D+
EAF,GrafTech International Ltd. Common Stock,Industrial Machinery/Components,68,5.889999866485596,-70.28254310203796,12,21,E
EAI,Entergy Arkansas LLC First Mortgage Bonds 4.875% Series Due September 1 2066,Electric Utilities: Central,55,20.0,-4.884025883457676,41,,D-
EARN,Ellington Credit Company Common Shares of Beneficial Interest,Real Estate Investment Trusts,45,4.429999828338623,-14.14263028965641,40,,D-
EAT,Brinker International Inc. Common Stock,Restaurants,105,185.25999450683594,0.0,74,71,B
EBAY,eBay Inc. Common Stock,Business Services,92,117.19999694824219,-1.2063629180580016,80,73,C
EBC,Eastern Bankshares Inc. Common Stock,Savings Institutions,22,22.309999465942383,-1.7613370086120406,70,81,B
EBF,Ennis Inc. Common Stock,Office Equipment/Supplies/Services,61,20.850000381469727,-4.568186826061249,60,46,C
EBMT,Eagle Bancorp Montana Inc. Common Stock,Major Banks,26,23.350000381469727,-4.420793738087858,73,68,B-
EBON,Ebang International Holdings Inc. Class A Ordinary Shares,Semiconductors,1,2.119999885559082,-60.885611518133366,22,,A+
EBS,Emergent BioSolutions Inc. Common Stock,Biotechnology: Pharmaceutical Preparations,68,8.050000190734863,-42.086327973683524,30,28,D+
EC,Ecopetrol S.A. American Depositary Shares,Oil & Gas Production,43,15.579999923706055,-6.0313631158116054,88,38,C+
ECAT,BlackRock ESG Capital Allocation Term Trust Common Shares of Beneficial Interest,Finance/Investors Services,80,15.850000381469727,0.0,64,,C
ECBK,ECB Bancorp Inc. Common Stock,Banks,27,20.149999618530273,-0.7877885357919889,70,93,B
ECG,Everus Construction Group Inc. Common Stock,Homebuilding,49,136.67999267578125,-19.20076275903002,87,86,E+
ECHO,EchoStar  Corporation Common Stock,Telecommunications Equipment,74,96.0,-32.29901415096623,81,5,E-
ECL,Ecolab Inc. Common Stock,Package Goods/Cosmetics,84,274.30999755859375,-10.55788494228188,46,82,C-
ECO,Okeanis Eco Tankers Corp. Common Stock,Marine Transportation,11,54.939998626708984,-3.001413808719333,92,96,D+
ECOR,electroCore Inc. Common Stock,Biotechnology: Electromedical & Electrotherapeutic Apparatus,76,6.59499979019165,-36.28019761236817,59,,E+
ECPG,Encore Capital Group Inc Common Stock,Finance Companies,58,92.58000183105469,-1.290115228341293,93,77,C
ECVT,Ecovyst Inc. Common Stock,Major Chemicals,54,11.899999618530273,-20.507685996907853,65,62,E+
ECX,ECARX Holdings Inc. Class A Ordinary shares,EDP Services,125,1.149999976158142,-56.439396573437485,21,21,E-
ED,Consolidated Edison Inc. Common Stock,Power Generation,59,111.12000274658203,-2.9527192449343764,55,57,D+
EDBL,Edible Garden AG Incorporated Common Stock,Farming/Seeds/Milling,95,0.09799999743700027,-99.63703704652963,1,21,A+
EDHL,Everbright Digital Holding Limited Ordinary Shares,Advertising,97,4.429999828338623,-95.15952798204758,37,,A+
EDIT,Editas Medicine Inc. Common Stock,Biotechnology: Biological Products (No Diagnostic Substances),64,3.259999990463257,-21.445785167515186,62,21,A
EDN,Empresa Distribuidora Y Comercializadora Norte S.A. (Edenor) American Depositary Shares,Electric Utilities: Central,55,25.420000076293945,-28.815455816275804,52,67,B-
EDRY,EuroDry Ltd. Common Shares,Marine Transportation,11,22.0,-13.351711189999271,90,62,B+
EDSA,Edesa Biotech Inc. Common Shares,Biotechnology: Pharmaceutical Preparations,68,7.010000228881836,-61.65207896297835,97,5,A-
EDTK,Skillful Craftsman Education Technology Limited Ordinary Share,Other Consumer Services,123,0.972000002861023,-14.736840784384587,41,,C
EDU,New Oriental Education & Technology Group Inc. Sponsored ADR representing 10 Ordinary Share (Cayman Islands),Other Consumer Services,123,48.54999923706055,-22.660382394184573,32,93,D
EDUC,Educational Development Corporation Common Stock,Consumer Specialties,30,1.5199999809265137,-15.555554378179826,58,40,D-
EE,Excelerate Energy Inc. Class A Common Stock,Oil/Gas Transmission,61,39.0,-8.665343646151392,79,52,B-
EEFT,Euronet Worldwide Inc. Common Stock,Investment Bankers/Brokers/Service,84,77.29000091552734,-28.01527527390535,41,53,D+
EEIQ,EpicQuest Education Group International Limited Common Stock,Other Consumer Services,123,2.740000009536743,-86.18951618717935,8,,A+
EEX,Emerald Holding Inc. Common Stock,Business Services,92,5.03000020980835,-5.556271806483326,54,30,A-
EFC,Ellington Financial Inc. Common Stock,Real Estate,87,13.579999923706055,-0.22042420079322333,60,96,D+
EFOI,Energy Focus Inc. Common Stock,Building Products,61,2.9800000190734863,-54.08320301743152,82,21,A
EFOR,Everforth Inc. Common Stock,Professional Services,97,17.540000915527344,-68.48158053082763,6,48,D-
EFSC,Enterprise Financial Services Corporation Common Stock,Major Banks,26,65.33999633789062,-2.3318462666773287,65,45,C+
EFSI,Eagle Financial Services Inc Common Stock,Major Banks,26,40.5099983215332,-6.074664228373794,59,81,C-
EFT,Eaton Vance Floating Rate Income Trust Common Shares of Beneficial Interest,Finance Companies,58,10.729999542236328,-8.09570275965622,41,,D+
EFX,Equifax Inc. Common Stock,Finance: Consumer Services,112,166.44000244140625,-36.52875184211191,23,65,D
EFXT,Enerflex Ltd Common Shares,Industrial Machinery/Components,68,23.860000610351562,-15.863468860534391,94,46,D
EG,Everest Group Ltd. Common Stock,Property-Casualty Insurers,46,370.5799865722656,-0.7073615132636824,58,93,C+
EGAN,eGain Corporation Common Stock,Computer Software: Prepackaged Software,120,6.570000171661377,-57.503233147153,21,99,D
EGBN,Eagle Bancorp Inc. Common Stock,Major Banks,26,26.8700008392334,-7.758319212645414,66,58,D+
EGG,Enigmatig Limited Class A Ordinary Shares,Professional Services,97,7.449999809265137,-31.336409701987776,68,,E+
EGHT,8x8 Inc Common Stock,EDP Services,125,2.049999952316284,-25.724639152183528,57,40,C+
EGO,Eldorado Gold Corporation Ordinary Shares,Precious Metals,104,30.239999771118164,-38.92966287351511,46,82,D
EGP,EastGroup Properties Inc. Common Stock,Real Estate Investment Trusts,45,209.6199951171875,-2.329699055891732,68,82,C-
EGY,VAALCO Energy Inc.  Common Stock,Oil & Gas Production,43,5.25,-20.43542517396274,75,5,D-
EH,EHang Holdings Limited ADS,Aerospace,90,5.590000152587891,-72.0360169255009,6,21,E-
EHC,Encompass Health Corporation Common Stock,Hospital/Nursing Management,49,110.16000366210938,-12.892758473925703,42,79,C+
EHGO,Eshallgo Inc. Class A Ordinary Shares,Diversified Commercial Services,111,1.6399999856948853,-87.5,5,,A+
EHLD,Euroholdings Ltd. Common Stock,Marine Transportation,11,8.199999809265137,-7.01953435600794,64,37,E+
EHTH,eHealth Inc. Common Stock,Specialty Insurers,105,1.6200000047683716,-71.32743402789235,18,21,D+
EIC,Eagle Point Income Company Inc. Common Stock,Finance/Investors Services,80,10.359999656677246,-17.982242951563432,42,,D
EIG,Employers Holdings Inc Common Stock,Property-Casualty Insurers,46,50.689998626708984,-2.3878329889846173,69,41,B
EIKN,Eikon Therapeutics Inc. Common Stock,Biotechnology: Biological Products (No Diagnostic Substances),64,10.579999923706055,-34.93235070862224,32,,A
EIX,Edison International Common Stock,Electric Utilities: Central,55,75.19999694824219,-0.7129666368602461,77,,C
EJH,E-Home Household Service Holdings Limited Ordinary Shares,Other Consumer Services,123,1.6100000143051147,-97.84615382701656,6,,A
EL,Estee Lauder Companies Inc. (The) Common Stock,Package Goods/Cosmetics,84,82.66000366210938,-30.40718470640098,42,30,C-
ELA,Envela Corporation Common Stock,Consumer Specialties,30,22.600000381469727,-21.745148759658672,96,97,C+
ELAB,PMGC Holdings Inc. Common Stock,Biotechnology: Pharmaceutical Preparations,68,1.1200000047683716,-99.4832041350776,1,,A+
ELAN,Elanco Animal Health Incorporated Common Stock,Biotechnology: Pharmaceutical Preparations,68,24.81999969482422,-7.52608213964151,73,32,C-
ELBM,Electra Battery Materials Corporation Common Stock,Industrial Machinery/Components,68,0.5690000057220459,-91.89458679105368,17,,B
ELC,Entergy Louisiana Inc. Collateral Trust Mortgage Bonds 4.875 % Series due September 1 2066,Electric Utilities: Central,55,20.020000457763672,-4.3190076830145525,43,,D-
ELDN,Eledon Pharmaceuticals Inc. Common Stock,Biotechnology: Pharmaceutical Preparations,68,3.8499999046325684,-11.697252597805473,87,,B+
ELE,Elemental Royalty Corporation Common Stock,Precious Metals,104,16.010000228881836,-33.739620187245336,34,45,A
ELF,e.l.f. Beauty Inc. Common Stock,Package Goods/Cosmetics,84,76.75,-47.67164317300004,33,29,B+
ELLO,Ellomay Capital Ltd Ordinary Shares (Israel),Electric Utilities: Central,55,18.350000381469727,-38.402148984476135,27,21,E
ELMD,Electromed Inc. Common Stock,Biotechnology: Electromedical & Electrotherapeutic Apparatus,76,45.650001525878906,-1.425177775513431,94,88,A-
ELME,Elme Communities Common Stock,Real Estate Investment Trusts,45,1.5199999809265137,-52.20125946486127,15,,E-
ELOG,Eastern International Ltd. Ordinary Shares,Integrated Freight & Logistics,141,0.8399999737739563,-71.71717287265406,13,,A+
ELPC,Companhia Paranaense de Energia (COPEL) American Depositary Shares (each representing four (4) Common Shares),Electric Utilities: Central,55,12.140000343322754,-9.33106254638163,73,61,D+
ELPW,Elong Power Holding Limited Class A Ordinary Shares,Industrial Machinery/Components,68,0.30000001192092896,-99.99428353635822,1,,E-
ELS,Equity Lifestyle Properties Inc. Common Stock,Real Estate Investment Trusts,45,63.470001220703125,-5.542160029030619,50,65,D+
ELSE,Electro-Sensors Inc. Common Stock,Industrial Machinery/Components,68,7.699999809265137,-0.1297046541161806,93,,A-
ELTK,Eltek Ltd. Ordinary Shares,Electrical Products,3,9.0,-22.077923364714856,43,29,B
ELTX,Elicio Therapeutics Inc. Common Stock,Biotechnology: Pharmaceutical Preparations,68,3.4800000190734863,-76.5656570392016,5,5,A+
ELUT,Elutia Inc. Class A Common Stock,Biotechnology: Biological Products (No Diagnostic Substances),64,0.9629999995231628,-60.69387833548803,35,64,E+
ELV,Elevance Health Inc. Common Stock,Medical Specialities,34,416.2300109863281,-1.532961273625022,75,42,C+
ELVA,Electrovaya Inc. Common Shares,,,8.619999885559082,-29.690051185706523,83,82,E+
ELVN,Enliven Therapeutics Inc. Common Stock,Biotechnology: Pharmaceutical Preparations,68,51.09000015258789,-2.088923239197016,96,5,A
ELVR,Elevra Lithium Limited American Depository Shares,Mining & Quarrying of Nonmetallic Minerals (No Fuels),67,62.630001068115234,-38.79605204002983,92,,E+
ELWT,Elauwit Connection Inc. Common Stock,Telecommunications Equipment,74,7.010000228881836,-20.701356245682035,65,,D+
EMA,Emera Incorporated Common Shares,Electric Utilities: Central,55,53.349998474121094,-0.836432656730346,57,,D
EMAT,Evolution Metals & Technologies Corp. Common Stock,Industrial Machinery/Components,68,5.630000114440918,-70.36842045031095,8,,E-
EMBC,Embecta Corp. Common Stock,Medical/Dental Instruments,117,3.240000009536743,-78.18443996025229,4,45,E+
EMBJ,Embraer S.A. Common Stock,Aerospace,90,66.01000213623047,-17.074497363645712,51,80,C-
EME,EMCOR Group Inc. Common Stock,Engineering & Construction,30,781.780029296875,-17.162381001655625,65,90,E
EML,Eastern Company (The) Common Stock,Industrial Machinery/Components,68,25.31999969482422,-13.84824695252539,70,,A-
EMN,Eastman Chemical Company Common Stock,Major Chemicals,54,67.56999969482422,-14.999959690762887,42,41,D-
EMP,Entergy Mississippi LLC First Mortgage Bonds 4.90% Series Due October 1 2066,Electric Utilities: Central,55,20.100000381469727,-3.4629591782424862,43,,D
EMPD,Empery Digital Inc. Common stock,Auto Manufacturing,138,3.859999895095825,-82.13790011071625,17,,B
EMR,Emerson Electric Company Common Stock,Consumer Electronics/Appliances,119,138.8800048828125,-13.428698693988594,43,57,D+
ENB,Enbridge Inc Common Stock,Natural Gas Distribution,24,54.65999984741211,-5.823571700204766,64,,D
ENGN,enGene Therapeutics Inc. Common Stock,Biotechnology: Biological Products (No Diagnostic Substances),64,1.899999976158142,-84.38783924201307,4,13,E-
ENGS,Energys Group Limited Ordinary Shares,Engineering & Construction,30,2.9100000858306885,-76.18657919605569,95,,A+
ENIC,Enel Chile S.A. American Depositary Shares (Each representing 50 shares of Common Stock),Electric Utilities: Central,55,4.46999979019165,-4.077254580297329,65,33,C
ENJ,Entergy New Orleans LLC First Mortgage Bonds 5.0% Series due December 1 2052,Power Generation,59,20.200000762939453,-6.819532372208115,44,,C
ENLT,Enlight Renewable Energy Ltd. Ordinary Shares,Electric Utilities: Central,55,82.20999908447266,-23.468627363801954,95,47,D-
ENLV,Enlivex Ltd. Ordinary Shares,Biotechnology: Pharmaceutical Preparations,68,6.860000133514404,0.0,99,,E
ENO,Entergy New Orleans LLC First Mortgage Bonds 5.50% Series due April 1 2066,Power Generation,59,21.31999969482422,-7.395106160984,42,,D-
ENOV,Enovis Corporation Common Stock,Industrial Specialties,84,25.75,-28.352807501601397,36,21,B-
ENPH,Enphase Energy Inc. Common Stock,Semiconductors,1,44.83000183105469,-38.02018429950177,78,29,B-
ENR,Energizer Holdings Inc. Common Stock,Industrial Machinery/Components,68,20.469999313354492,-27.546175058062705,49,53,B-
ENS,EnerSys Common Stock,Industrial Machinery/Components,68,205.67999267578125,-15.378538459278445,89,69,E
ENSC,Ensysce Biosciences Inc. Common Stock,Biotechnology: Pharmaceutical Preparations,68,0.27000001072883606,-89.49416273376501,4,21,A
ENSG,The Ensign Group Inc. Common Stock,Hospital/Nursing Management,49,168.58999633789062,-21.830140400918673,37,70,E
ENTA,Enanta Pharmaceuticals Inc. Common Stock,Biotechnology: Pharmaceutical Preparations,68,13.699999809265137,-18.694364990452506,73,21,B-
ENTG,Entegris Inc. Common Stock,Plastic Products,18,145.35000610351562,-21.00543146548064,84,69,E+
ENTX,Entera Bio Ltd. Ordinary Shares,Biotechnology: Biological Products (No Diagnostic Substances),64,1.6549999713897705,-47.29299630261391,63,5,A+
ENVA,Enova International Inc. Common Stock,Finance: Consumer Services,112,238.08999633789062,-1.6888250316227094,94,91,A-
ENVB,Enveric Biosciences Inc. Common Stock,Biotechnology: Pharmaceutical Preparations,68,1.350000023841858,-92.24137900322616,5,,A
ENVX,Enovix Corporation Common Stock,Industrial Machinery/Components,68,5.199999809265137,-67.35718951885006,15,21,E+
EOG,EOG Resources Inc. Common Stock,Oil & Gas Production,43,134.10000610351562,-9.839745707313085,63,61,E+
EOLS,Evolus Inc. Common Stock,Biotechnology: Pharmaceutical Preparations,68,6.610000133514404,-32.06577138239852,71,21,B
EONR,EON Resources Inc. Class A Common Stock,Oil & Gas Production,43,0.5,-67.32026082681384,38,,D-
EOSE,Eos Energy Enterprises Inc. Class A Common Stock,Industrial Machinery/Components,68,4.400000095367432,-77.07139149080014,13,62,E
EOT,Eaton Vance Municipal Income Trust EATON VANCE NATIONAL MUNICIPAL OPPORTUNITIES TRUST,Investment Bankers/Brokers/Service,84,17.34000015258789,-2.089209209554188,52,,C-
EP,Empire Petroleum Corporation Common Stock,Oil & Gas Production,43,2.640000104904175,-52.85714018101591,21,21,E-
EPAC,Enerpac Tool Group Corp. Common Stock,Industrial Machinery/Components,68,35.130001068115234,-19.550011789103728,35,55,C
EPAM,EPAM Systems Inc. Common Stock,EDP Services,125,83.88999938964844,-62.109303657491864,11,83,D-
EPC,Edgewell Personal Care Company Common Stock,Package Goods/Cosmetics,84,26.479999542236328,-4.679629633825466,77,29,A-
EPD,Enterprise Products Partners L.P. Common Stock,Natural Gas Distribution,24,37.27000045776367,-6.356780974359966,64,50,D
EPM,Evolution Petroleum Corporation Inc. Common Stock,Oil & Gas Production,43,3.630000114440918,-26.482373528230163,33,34,E+
EPOW,E-Power Inc. Class A Ordinary Shares,Business Services,92,0.5649999976158142,-59.64285662587807,12,,A
EPR,EPR Properties Common Stock,Real Estate Investment Trusts,45,59.619998931884766,-0.3676490978311131,63,52,C-
EPRT,Essential Properties Realty Trust Inc. Common Stock,Real Estate Investment Trusts,45,31.18000030517578,-7.976081763611342,49,90,D+
EPRX,Eupraxia Pharmaceuticals Inc. Common Stock,Pharmaceuticals and Biotechnology,,6.679999828338623,-26.35060580927523,48,,B-
EPSM,Epsium Enterprise Limited Class A Ordinary Shares,Beverages (Production/Distribution),97,1.2000000476837158,-99.13043474805528,8,,A+
EPSN,Epsilon Energy Ltd. Common Share,Oil & Gas Production,43,5.21999979019165,-23.193838799248102,39,,D-
EQ,Equillium Inc. Common Stock,Biotechnology: Pharmaceutical Preparations,68,2.9100000858306885,-9.062498672865349,98,21,B
EQBK,Equity Bancshares Inc. Class A Common Stock,Major Banks,26,47.900001525878906,-4.581671717340963,57,87,B-
EQH,Equitable Holdings Inc. Common Stock,Specialty Insurers,105,47.0,-12.54911530347611,53,68,C+
EQIX,Equinix Inc. Common Stock REIT,Real Estate Investment Trusts,45,1051.2099609375,-5.80048962018338,75,73,E+
EQNR,Equinor ASA,Integrated oil Companies,10,33.91999816894531,-19.18154160436554,71,53,E+
EQPT,EquipmentShare.com Inc Class A Common Stock,Diversified Commercial Services,111,18.649999618530273,-46.144963779103584,18,,D
EQR,Equity Residential Common Shares of Beneficial Interest,Real Estate Investment Trusts,45,68.69000244140625,-2.0812531043695737,62,60,D+
EQS,Equus Total Return Inc. Common Stock,Finance/Investors Services,80,1.2000000476837158,-51.80722718523314,24,,E-
EQT,EQT Corporation Common Stock,Oil & Gas Production,43,48.849998474121094,-27.885100772612937,29,81,E+
EQX,Equinox Gold Corp. Common Shares,Precious Metals,104,9.760000228881836,-47.862782569286686,32,86,E
ERAS,Erasca Inc. Common Stock,Biotechnology: Pharmaceutical Preparations,68,18.530000686645508,-17.53448485584662,99,21,B+
ERIC,Ericsson American Depositary Shares,Radio And Television Broadcasting And Communications Equipment,18,11.350000381469727,-17.394464552119416,68,42,D-
ERIE,Erie Indemnity Company Class A Common Stock,Specialty Insurers,105,251.80999755859375,-30.30555528573775,31,65,C+
ERII,Energy Recovery Inc. Common Stock,Industrial Machinery/Components,68,8.729999542236328,-51.79459277739441,16,31,C
ERNA,Ernexa Therapeutics Inc. Common Stock,Biotechnology: Pharmaceutical Preparations,68,6.059999942779541,-89.03167431171124,11,,A+
ERO,Ero Copper Corp. Common Shares,Metal Mining,71,25.579999923706055,-32.73731068949828,59,,D-
ES,Eversource Energy (D/B/A) Common Stock,Electric Utilities: Central,55,74.81999969482422,0.0,61,51,C
ESAB,ESAB Corporation Common Stock,Industrial Machinery/Components,68,89.16000366210938,-33.716937533960035,23,75,C
ESCA,Escalade Incorporated Common Stock,Recreational Games/Products/Toys,103,18.290000915527344,-11.184939235512136,76,71,B
ESE,ESCO Technologies Inc. Common Stock,Telecommunications Equipment,74,329.1199951171875,-7.24218702829178,85,92,D-
ESEA,Euroseas Ltd. Common Stock (Marshall Islands),Marine Transportation,11,70.20999908447266,-5.165337822846494,76,47,C
ESI,Element Solutions Inc. Common Stock,Major Chemicals,54,39.81999969482422,-18.883683904969363,82,78,E-
ESLA,Estrella Immunopharma Inc. Common Stock,Biotechnology: Biological Products (No Diagnostic Substances),64,0.9269999861717224,-69.60655735526409,16,,D
ESLT,Elbit Systems Ltd. Ordinary Shares,Military/Government/Technical,91,751.7999877929688,-25.70600607139346,68,82,C-
ESNT,Essent Group Ltd. Common Shares,Property-Casualty Insurers,46,64.36000061035156,-2.504153440666912,53,48,B-
ESOA,Energy Services of America Corporation Common Stock,Water Sewer Pipeline Comm & Power Line Construction,1,16.84000015258789,-12.926576940411627,89,95,D-
ESP,Espey Mfg. & Electronics Corp. Common Stock,Industrial Machinery/Components,68,59.91999816894531,-16.67979689555135,75,89,C+
ESPR,Esperion Therapeutics Inc. Common Stock,Biotechnology: Pharmaceutical Preparations,68,3.180000066757202,-22.05882043574502,87,21,B+
ESQ,Esquire Financial Holdings Inc. Common Stock,Commercial Banks,8,117.1500015258789,-5.24144291150982,56,59,D+
ESRT,Empire State Realty Trust Inc. Class A Common Stock,Real Estate Investment Trusts,45,5.429999828338623,-32.676806863225934,30,37,B-
ESS,Essex Property Trust Inc. Common Stock,Real Estate Investment Trusts,45,293.54998779296875,-1.6022522020725516,66,77,C
ESTA,Establishment Labs Holdings Inc. Common Shares,Industrial Specialties,84,88.02999877929688,-3.8553941387316604,91,5,B
ESTC,Elastic N.V. Ordinary Shares,Computer Software: Prepackaged Software,120,60.2400016784668,-36.23372403930362,42,99,B
ETD,Ethan Allen Interiors Inc. Common Stock,Home Furnishings,40,21.729999542236328,-24.81076600401,34,36,C
ETN,Eaton Corporation PLC Ordinary Shares,Industrial Machinery/Components,68,407.2799987792969,-6.539997264636732,60,51,D-
ETO,Eaton Vance Tax-Advantage Global Dividend Opp Common Stock,Investment Managers,73,30.760000228881836,-1.0932480656510646,62,,D+
ETON,Eton Pharmaceuticals Inc. Common Stock,Biotechnology: Pharmaceutical Preparations,68,36.61000061035156,-3.7085739885207913,94,96,B
ETOR,eToro Group Ltd. Class A Common Shares,Investment Bankers/Brokers/Service,84,39.150001525878906,-39.84326916967383,51,81,B
ETR,Entergy Corporation Common Stock,Electric Utilities: Central,55,115.05000305175781,-1.968300567979031,69,53,D
ETS,Elite Express Holding Inc. Class A Common Stock,Trucking Freight/Courier Services,6,0.800000011920929,-77.14285680225917,48,,A+
ETSY,Etsy Inc. Common Stock,Business Services,92,81.05000305175781,0.0,84,99,B
ETX,Eaton Vance Municipal Income 2028 Term Trust Common Shares of Beneficial Interest,Investment Managers,73,18.709999084472656,-1.8461897140615746,49,,D
EU,enCore Energy Corp. Common Shares,Other Metals and Minerals,135,1.3200000524520874,-67.56756764672906,11,5,D
EUDA,EUDA Health Holdings Limited Ordinary Shares,Medical/Nursing Services,32,11.260000228881836,-85.52699256143869,21,,A
EVAX,Evaxion A/S American Depositary Share,Biotechnology: Biological Products (No Diagnostic Substances),64,3.1700000762939453,-71.20799263947075,22,21,E+
EVC,Entravision Communications Corporation Common Stock,Broadcasting,95,11.760000228881836,-12.759639256405675,99,5,A
EVCM,EverCommerce Inc. Common Stock,Computer Software: Prepackaged Software,120,10.170000076293945,-24.104474881997028,32,99,C-
EVER,EverQuote Inc. Class A Common Stock,Computer Software: Programming Data Processing,110,24.829999923706055,-10.907789106514299,75,76,B+
EVEX,Eve Holding Inc. Common Stock,Aerospace,90,2.4200000762939453,-66.89466353984992,14,5,E+
EVF,Eaton Vance Senior Income Trust Common Stock,Investment Bankers/Brokers/Service,84,4.980000019073486,-4.707577431468368,42,,D
EVGN,Evogene Ltd Ordinary Shares,Agricultural Chemicals,134,0.5099999904632568,-65.06849471657911,8,21,E+
EVGO,EVgo Inc. Class A Common Stock,EDP Services,125,1.809999942779541,-63.87225828164267,15,21,D
EVH,Evolent Health Inc Class A Common Stock,Other Consumer Services,123,5.880000114440918,-48.60139571575136,88,64,A-
EVI,EVI Industries Inc.  Common Stock,Other Consumer Services,123,16.030000686645508,-52.892901114819566,14,48,C
EVLV,Evolv Technologies Holdings Inc. Class A Common Stock,Computer peripheral equipment,52,5.920000076293945,-32.42009221899759,34,21,D+
EVMN,Evommune Inc. Common Stock,Biotechnology: Pharmaceutical Preparations,68,13.210000038146973,-58.15647714335359,13,,E-
EVN,Eaton Vance Municipal Income Trust Common Stock,Investment Managers,73,11.039999961853027,-1.9538211594748334,54,,D+
EVO,Evotec SE American Depositary Shares,Biotechnology: Pharmaceutical Preparations,68,2.7899999618530273,-34.507046667803905,28,32,E+
EVR,Evercore Inc. Class A Common Stock,Investment Managers,73,334.75,-12.17491407718585,47,83,D
EVRG,Evergy Inc. Common Stock,Power Generation,59,85.70999908447266,-2.7459415004707277,63,,D+
EVTC,Evertec Inc. Common Stock,EDP Services,125,29.25,-22.03159852208334,39,37,C+
EVTL,Vertical Aerospace Ltd. Ordinary Shares,Aerospace,90,1.659999966621399,-77.19780331345486,8,,E+
EVTV,Azio AI Holdings Inc. Common Stock,Auto Parts:O.E.M.,64,1.940000057220459,-52.45097810055187,91,,D-
EW,Edwards Lifesciences Corporation Common Stock,Industrial Specialties,84,92.20999908447266,-3.1204047186177863,66,47,C
EWBC,East West Bancorp Inc. Common Stock,Major Banks,26,131.5399932861328,-0.8218438939535444,69,66,D+
EWTX,Edgewise Therapeutics Inc. Common Stock,Biotechnology: Pharmaceutical Preparations,68,45.40999984741211,-6.080659192331916,96,5,B+
EXC,Exelon Corporation Common Stock,Power Generation,59,46.79999923706055,-6.064578281961874,49,50,D
EXE,Expand Energy Corporation Common Stock,Oil & Gas Production,43,87.25,-28.182134520715373,28,74,D-
EXEL,Exelixis Inc. Common Stock,Biotechnology: Biological Products (No Diagnostic Substances),64,56.5,-1.0507854468560507,78,87,B
EXFY,Expensify Inc. Class A Common Stock,Computer Software: Prepackaged Software,120,1.8899999856948853,-19.230766879501104,91,21,A+
EXK,Endeavour Silver Corporation Ordinary Shares (Canada),Precious Metals,104,8.079999923706055,-42.776204042539014,46,,D-
EXLS,ExlService Holdings Inc. Common Stock,Business Services,92,27.299999237060547,-39.521489574231104,20,61,D
EXOD,Exodus Movement Inc. Class A Common Stock,Finance: Consumer Services,112,5.03000020980835,-86.82556267783353,7,,E
EXOZ,eXoZymes Inc. Common Stock,Biotechnology: Biological Products (No Diagnostic Substances),64,6.96999979019165,-57.7575770291415,13,,E-
EXP,Eagle Materials Inc Common Stock,Building Materials,38,209.75,-13.013371001322504,44,45,D+
EXPD,Expeditors International of Washington Inc. Common Stock,Integrated Freight & Logistics,141,172.02000427246094,0.0,78,51,C+
EXPE,Expedia Group Inc. Common Stock,Transportation Services,105,270.8299865722656,-9.729582100847512,72,36,B-
EXPO,Exponent Inc. Common Stock,Professional Services,97,62.099998474121094,-21.435237651145002,33,54,C
EXR,Extra Space Storage Inc Common Stock,Real Estate Investment Trusts,45,143.9600067138672,-3.625287158360846,52,57,D+
EXTR,Extreme Networks Inc. Common Stock,Computer Communications Equipment,7,33.709999084472656,0.0,95,65,B+
EYE,National Vision Holdings Inc. Common Stock,Ophthalmic Goods,115,19.549999237060547,-33.63883284244679,19,74,E+
EYPT,EyePoint Inc. Common Stock,Biotechnology: Laboratory Analytical Instruments,52,14.720000267028809,-21.90981448732949,55,21,B-
EZGO,EZGO Technologies Ltd. Ordinary Shares,Motor Vehicles,126,1.2699999809265137,-99.93359477223913,1,,A
EZPW,EZCORP Inc. Class A Non Voting Common Stock,Other Specialty Stores,117,34.06999969482422,-4.270863869757935,92,94,E+
EZRA,Reliance Global Group Inc. Common Stock,Specialty Insurers,105,2.740000009536743,-95.44396431069902,2,21,B-
F,Ford Motor Company Common Stock,Auto Manufacturing,138,14.0,-19.724773100435577,66,,B
FA,First Advantage Corporation Common Stock,EDP Services,125,19.540000915527344,-4.822210121805526,86,62,A
FABC,Fabric.AI Inc. Common Stock,Telecommunications Equipment,74,2.6600000858306885,-68.37098532588901,29,5,A
FAC,Factorial Energy Inc. Class A Common Stock,Industrial Machinery/Components,68,9.319999694824219,-57.5205129081163,34,,A
FAF,First American Corporation (New) Common Stock,Specialty Insurers,105,69.30999755859375,-2.4489872180533445,63,89,C-
FAMI,Farmmi Inc. Class A Ordinary Shares,Packaged Foods,129,0.20999999344348907,-89.65517259097695,2,,E-
FANG,Diamondback Energy Inc. Common Stock,Oil & Gas Production,43,183.38999938964844,-13.707405736087974,68,33,E+
FAST,Fastenal Company Common Stock,RETAIL: Building Materials,109,46.4900016784668,-6.250024039293667,49,57,D+
FATE,Fate Therapeutics Inc. Common Stock,Biotechnology: Biological Products (No Diagnostic Substances),64,3.0999999046325684,-0.32154311255848667,97,21,A
FATN,FatPipe Inc. Common Stock,Computer Software: Prepackaged Software,120,5.349999904632568,-42.41119562324054,94,,A
FBGL,FBS Global Limited Ordinary Shares,Miscellaneous manufacturing industries,123,0.5550000071525574,-59.78260803838609,22,,A+
FBIN,Fortune Brands Innovations Inc. Common Stock,Forest Products,76,51.61000061035156,-18.94281689703736,60,45,A-
FBIO,Fortress Biotech Inc. Common Stock,Biotechnology: Pharmaceutical Preparations,68,3.299999952316284,-24.657537303797305,76,,A-
FBIZ,First Business Financial Services Inc. Common Stock,Major Banks,26,63.70000076293945,-1.6368149140285282,67,72,C+
FBK,FB Financial Corporation Common Stock,Major Banks,26,56.68000030517578,-7.331880204633812,51,62,C-
FBLA,FB Bancorp Inc. Common Stock,Banks,27,15.0600004196167,-1.5686259354656729,66,34,B-
FBLG,FibroBiologics Inc. Common Stock,Biotechnology: Pharmaceutical Preparations,68,0.9169999957084656,-93.60529995850119,4,,E+
FBNC,First Bancorp Common Stock,Major Banks,26,63.720001220703125,-2.49425752330118,71,57,C+
FBP,First BanCorp. New Common Stock,Major Banks,26,26.68000030517578,-0.03746807299264132,74,67,C
FBRT,Franklin BSP Realty Trust Inc. Common Stock,Real Estate Investment Trusts,45,8.079999923706055,-22.299688730819422,31,,D
FBRX,Forte Biosciences Inc. Common Stock,Biotechnology: Pharmaceutical Preparations,68,43.91999816894531,0.0,96,,A+
FBYD,Falcon's Beyond Global Inc. Class A Common Stock,Services-Misc. Amusement & Recreation,87,14.729999542236328,-29.182691910915814,87,99,E-
FC,Franklin Covey Company Common Stock,Other Consumer Services,123,20.969999313354492,-17.925636244492395,53,79,E
FCAP,First Capital Inc. Common Stock,Savings Institutions,22,61.9900016784668,-10.03610999281188,77,74,A-
FCBC,First Community Bankshares Inc. (VA) Common Stock,Major Banks,26,44.0,-3.5933378868984067,70,44,C-
FCCO,First Community Corporation Common Stock,Major Banks,26,32.380001068115234,-2.704320144811778,64,60,B
FCEL,FuelCell Energy Inc. Common Stock,Industrial Machinery/Components,68,21.030000686645508,-41.59955105004818,98,5,B+
FCF,First Commonwealth Financial Corporation Common Stock,Major Banks,26,20.290000915527344,-2.263965838982107,67,80,C
FCFS,FirstCash Holdings Inc. Common Stock,Other Specialty Stores,117,218.61000061035156,-6.002453400706386,81,73,D-
FCHL,Fitness Champs Holdings Limited Common Stock,Services-Misc. Amusement & Recreation,87,1.340000033378601,-99.95864197427844,1,,A
FCN,FTI Consulting Inc. Common Stock,Professional Services,97,156.86000061035156,-16.131101088519586,33,64,D-
FCNCA,First Citizens BancShares Inc. Class A Common Stock,Major Banks,26,2092.590087890625,-4.835410901785686,52,77,D
FCNCP,First Citizens BancShares Inc. Depositary Shares,Major Banks,26,20.329999923706055,-6.085661306502111,42,,D
FCPT,Four Corners Property Trust Inc. Common Stock,Real Estate Investment Trusts,45,24.959999084472656,-1.5798690341638055,50,48,C
FCUV,Focus Universal Inc. Common Stock,Industrial Machinery/Components,68,2.75,-98.59118850256479,1,,A+
FCX,Freeport-McMoRan Inc. Common Stock,Metal Mining,71,61.52000045776367,-14.221975166385048,67,75,E+
FDBC,Fidelity D & D Bancorp Inc. Common Stock,Major Banks,26,50.45000076293945,-5.435797177367052,65,58,B
FDMT,4D Molecular Therapeutics Inc. Common Stock,Biotechnology: Biological Products (No Diagnostic Substances),64,12.3100004196167,-7.44360719489181,92,32,A
FDS,FactSet Research Systems Inc. Common Stock,Computer Software: Programming Data Processing,110,247.11000061035156,-44.14719967266245,35,50,B
FDSB,Fifth District Bancorp Inc. Common Stock,Savings Institutions,22,17.31999969482422,0.0,74,,B
FDUS,Fidus Investment Corporation Common Stock,Finance/Investors Services,80,20.209999084472656,-0.9799155533301573,63,50,A-
FDX,FedEx Corporation Common Stock,Air Freight/Delivery Services,9,314.69000244140625,-6.753838286697878,81,67,D-
FE,FirstEnergy Corp. Common Stock,Electric Utilities: Central,55,47.91999816894531,-6.734274864804146,52,52,D-
FEAM,5E Advanced Materials Inc. Common Stock,Mining & Quarrying of Nonmetallic Minerals (No Fuels),67,1.309999942779541,-81.37882059426857,10,13,D
FEBO,Fenbo Holdings Limited Class A Ordinary Shares,Home Furnishings,40,0.8100000023841858,-42.142855987256866,23,,A+
FEDU,Four Seasons Education (Cayman) Inc. American Depositary Shares each ADS representing 10 ordinary shares,Other Consumer Services,123,10.03499984741211,-40.445106111405224,28,,D-
FEED,ENvue Medical Inc. Common Stock,Industrial Specialties,84,0.527999997138977,-95.06542049952392,2,,E-
FEIM,Frequency Electronics Inc. Common Stock,Electrical Products,3,57.33000183105469,-25.690212965421487,87,45,E
FELE,Franklin Electric Co. Inc. Common Stock,Metal Fabrications,38,103.62999725341797,-5.408574572501557,55,51,D+
FEMY,Femasys Inc. Common Stock,Medical/Dental Instruments,117,3.990000009536743,-80.81730694284097,5,,E-
FENC,Fennec Pharmaceuticals Inc. Common Stock,Biotechnology: Biological Products (No Diagnostic Substances),64,10.489999771118164,-4.8957386666007245,84,31,A-
FENG,Phoenix New Media Limited American Depositary Shares each representing 48 Class A ordinary shares.,Broadcasting,95,1.4600000381469727,-53.354633074581905,18,21,C-
FER,Ferrovial N.V. Ordinary Shares,Military/Government/Technical,91,64.27999877929688,-12.732201541574618,47,,D-
FERG,Ferguson Enterprises Inc. Common Stock,Miscellaneous,142,227.4600067138672,-14.707716324730502,41,49,D
FET,Forum Energy Technologies Inc. Common Stock,Oil and Gas Field Machinery,35,49.66999816894531,-23.03997913796827,87,56,D-
FF,FutureFuel Corp.  Common shares,Major Chemicals,54,4.639999866485596,-6.608593350953096,73,91,B-
FFAI,Faraday Future Intelligent Electric Inc. Class A Common Stock,Auto Manufacturing,138,0.1899999976158142,-93.66666674613953,5,,D
FFBC,First Financial Bancorp. Common Stock,Major Banks,26,34.470001220703125,-0.5768588370487104,79,69,B-
FFIN,First Financial Bankshares Inc. Common Stock,Major Banks,26,34.560001373291016,-6.758313479359912,54,57,C
FFIV,F5 Inc. Common Stock,Computer Communications Equipment,7,430.3900146484375,0.0,87,61,B-
FG,F&G Annuities & Life Inc. Common Stock,Life Insurance,28,29.670000076293945,-13.549199894006847,56,43,C-
FGBI,First Guaranty Bancshares Inc. Common Stock,Savings Institutions,22,9.9399995803833,-7.276125627016383,61,62,A+
FGI,FGI Industries Ltd. Ordinary Shares,Industrial Specialties,84,5.039999961853027,-55.4770309388132,55,5,A-
FGL,Founder Group Limited Class A Ordinary Shares,Engineering & Construction,30,1.350000023841858,-99.0073529236457,4,,A+
FGMC,FG Merger II Corp. Common stock,,,9.8100004196167,-34.11685565194846,41,,E-
FGMCU,FG Merger II Corp. Unit,,,10.0,-46.38069595420154,38,,E-
FGNX,FG Nexus Inc. Common Stock,Property-Casualty Insurers,46,4.760000228881836,-97.5143601937954,7,11,D
FHB,First Hawaiian Inc. Common Stock,Major Banks,26,30.1299991607666,-0.692158835745349,68,85,C+
FHI,Federated Hermes Inc. Common Stock,Investment Managers,73,59.540000915527344,-0.8327781352026831,64,58,D+
FHN,First Horizon Corporation Common Stock,Major Banks,26,25.739999771118164,-1.1900171785853897,60,69,C-
FHTX,Foghorn Therapeutics Inc. Common Stock,Biotechnology: Pharmaceutical Preparations,68,5.949999809265137,-10.92814427893547,71,,A
FIBK,First Interstate BancSystem Inc. Common Stock (DE),Major Banks,26,38.849998474121094,-1.34586739364837,70,72,C-
FICO,Fair Isaac Corporation Common Stock,Business Services,92,1250.9000244140625,-33.44683610878133,34,93,D
FIEE,FiEE Inc Common Stock,Telecommunications Equipment,74,4.0,-48.051946765155215,41,,E-
FIG,Figma Inc. Class A Common Stock,Computer Software: Prepackaged Software,120,21.110000610351562,-82.69672081118725,15,21,B+
FIGR,Figure Technology Solutions Inc. Class A Common Stock,Finance: Consumer Services,112,31.799999237060547,-56.97470212227428,27,99,B-
FIGS,FIGS Inc. Class A Common Stock,Apparel,40,10.039999961853027,-41.355143284545534,55,95,E+
FINS,Angel Oak Financial Strategies Income Term Trust Common Shares of Beneficial Interest,Finance/Investors Services,80,12.829999923706055,-0.9266400565753452,51,,D+
FINV,FinVolution Group American Depositary Shares,Finance: Consumer Services,112,4.539999961853027,-54.4529747284516,24,42,C-
FINW,FinWise Bancorp Common Stock,Major Banks,26,13.880000114440918,-38.28368049934031,23,38,B
FIP,FTAI Infrastructure Inc. Common Stock,Oil Refining/Marketing,137,4.539999961853027,-35.177767928447565,28,21,D-
FIRY,Firy Inc. Class A Common Stock,EDP Services,125,8.539999961853027,-31.4056217454906,96,21,A-
FIS,Fidelity National Information Services Inc. Common Stock,Business Services,92,41.97999954223633,-47.1093663114,19,99,D+
FISI,Financial Institutions Inc. Common Stock,Major Banks,26,38.849998474121094,-3.044674893922472,79,64,B-
FISV,Fiserv Inc. Common Stock,Business Services,92,50.45000076293945,-70.48844594117543,14,59,E
FITB,Fifth Third Bancorp Common Stock,Major Banks,26,57.06999969482422,-1.4675388483987084,74,37,C+
FIVE,Five Below Inc. Common Stock,Department/Specialty Retail Stores,59,189.38999938964844,-23.543662243562448,55,89,E
FIVN,Five9 Inc. Common Stock,EDP Services,125,25.420000076293945,-12.825788033912078,84,99,B+
FIX,Comfort Systems USA Inc. Common Stock,Engineering & Construction,30,1756.0899658203125,-15.021463359885633,94,99,E
FIZZ,National Beverage Corp. Common Stock,Beverages (Production/Distribution),97,33.81999969482422,-29.08366393643973,35,51,C+
FJET,Starfighters Space Inc. Common Stock,Air Freight/Delivery Services,9,4.449999809265137,-85.87301647852338,14,,B
FKWL,Franklin Wireless Corp. Common Stock,Telecommunications Equipment,74,2.369999885559082,-53.8910516124286,12,33,E-
FLD,Fold Holdings Inc. Class A Common Stock,Finance: Consumer Services,112,0.4779999852180481,-89.47136587589421,3,,A+
FLEX,Flex Ltd. Ordinary Shares,Electrical Products,3,135.8000030517578,-16.2090473778459,96,85,B+
FLG,Flagstar Bank N.A. Common Stock,Banks,27,15.09000015258789,-1.2434527729298317,70,62,D+
FLGT,Fulgent Genetics Inc. Common Stock,Medical Specialities,34,20.549999237060547,-33.387361481512166,56,21,B-
FLL,Full House Resorts Inc. Common Stock,Hotels/Resorts,35,2.640000104904175,-46.666662492334474,34,21,B-
FLNA,Filana Therapeutics Inc. Common Stock,Biotechnology: Pharmaceutical Preparations,68,1.1799999475479126,-74.56896591590504,11,21,E+
FLNC,Fluence Energy Inc. Class A Common Stock,Industrial Machinery/Components,68,16.15999984741211,-49.86037829062029,75,21,D+
FLNG,FLEX LNG Ltd. Ordinary Shares,Marine Transportation,11,30.010000228881836,-7.543586289553261,72,43,E+
FLNT,Fluent Inc. Common Stock,Advertising,97,3.7100000381469727,-8.620687427718355,85,21,A+
FLO,Flowers Foods Inc. Common Stock,Packaged Foods,129,8.34000015258789,-45.898007342671534,27,36,B
FLOC,Flowco Holdings Inc. Class A Common Stock,Oil and Gas Field Machinery,35,20.81999969482422,-25.88109796465735,61,59,C-
FLR,Fluor Corporation Common Stock,Military/Government/Technical,91,50.7400016784668,-10.621805056674493,55,,D+
FLS,Flowserve Corporation Common Stock,Fluid Controls,49,70.4800033569336,-22.9667132526584,55,92,E
FLUT,Flutter Entertainment plc Ordinary Shares,Computer Software: Programming Data Processing,110,110.66000366210938,-64.14128273704894,17,31,B-
FLUX,Flux Power Holdings Inc. Common Stock,Industrial Machinery/Components,68,0.7770000100135803,-88.33333291568316,8,21,E-
FLWS,1-800-FLOWERS.COM Inc. Common Stock,Other Specialty Stores,117,3.7799999713897705,-45.53314207170628,35,21,C-
FLX,BingEx Limited American Depositary Shares,Trucking Freight/Courier Services,6,2.130000114440918,-48.7980722940178,20,40,E+
FLXS,Flexsteel Industries Inc. Common Stock,Home Furnishings,40,71.30000305175781,-6.430438441897357,92,68,B+
FLY,Firefly Aerospace Inc. Common Stock,Military/Government/Technical,91,24.09000015258789,-60.08284877932846,16,21,E
FLYE,Fly-E Group Inc. Common Stock,Aerospace,90,2.069999933242798,-98.66623713018943,7,,A+
FLYW,Flywire Corporation Voting Common Stock,Business Services,92,17.6200008392334,-6.026662190755205,85,99,A-
FLYX,flyExclusive Inc. Class A Common Stock,Transportation Services,105,1.659999966621399,-77.04011117230777,13,,D
FLZH,Flash Sports & Media Holdings Inc. Common Stock,Services-Misc. Amusement & Recreation,87,1.8799999952316284,-94.81950965058468,2,,A+
FMAO,Farmers & Merchants Bancorp Inc. Common Stock,Savings Institutions,22,29.81999969482422,-4.4488054471925835,68,67,C+
FMBH,First Mid Bancshares Inc. Common Stock,Major Banks,26,47.93000030517578,-2.8774026602856995,71,55,B-
FMC,FMC Corporation Common Stock,Major Chemicals,54,10.90999984741211,-74.26475940938697,10,21,D-
FMFC,Kandal M Venture Limited Class A Ordinary Shares,Apparel,40,0.2750000059604645,-98.22351412084902,6,,A+
FMNB,Farmers National Banc Corp. Common Stock,Major Banks,26,14.3100004196167,-3.701206256848122,52,44,C
FMS,Fresenius Medical Care AG American Depositary Shares (Each representing 1/2 of an Ordinary Share),Misc Health and Biotechnology Services,13,24.020000457763672,-8.967432868766023,45,48,D
FMST,Foremost Clean Energy Ltd. Common Shares,Other Metals and Minerals,135,1.7799999713897705,-58.604653664315975,24,,C-
FMX,Fomento Economico Mexicano S.A.B. de C.V. Common Stock,Beverages (Production/Distribution),97,127.66000366210938,-2.698165677190778,75,78,C-
FN,Fabrinet Ordinary Shares,Telecommunications Equipment,74,471.1300048828125,-36.88560513170551,57,84,E-
FNB,F.N.B. Corporation Common Stock,Major Banks,26,18.829999923706055,-3.088010149489795,61,64,C-
FND,Floor & Decor Holdings Inc. Common Stock,RETAIL: Building Materials,109,57.130001068115234,-36.817073407399725,34,48,B-
FNF,Fidelity National Financial Inc. Common Stock,Specialty Insurers,105,49.529998779296875,-12.498814750428389,42,58,D+
FNGR,FingerMotion Inc. Common Stock,Computer Software: Prepackaged Software,120,0.4180000126361847,-80.2830172075245,5,,A
FNKO,Funko Inc. Class A Common Stock,Recreational Games/Products/Toys,103,5.579999923706055,-5.10204396081696,88,21,B+
FNLC,First Bancorp Inc  (ME) Common Stock,Major Banks,26,33.45000076293945,-4.82647066516928,77,59,A
FNRN,First Northern Community Bancorp Common stock,Savings Institutions,22,18.170000076293945,-1.2499975380689698,86,85,D-
FNUC,Frontier Nuclear and Minerals Inc. Common Shares,Other Metals and Minerals,135,1.7899999618530273,-71.76656279539084,11,,D
FNV,Franco-Nevada Corporation,Precious Metals,104,205.52000427246094,-26.537890234216622,38,94,E+
FNWB,First Northwest Bancorp Common Stock,Banks,27,11.050000190734863,-2.643173397814602,75,72,C+
FNWD,Finward Bancorp Common Stock,Major Banks,26,35.59000015258789,-9.982460014980244,59,77,D-
FOA,Finance of America Companies Inc. Class A Common Stock,Finance: Consumer Services,112,25.729999542236328,-11.943873556229413,74,53,A-
FOCL,EDAP TMS S.A. American Depositary Shares,Biotechnology: Electromedical & Electrotherapeutic Apparatus,76,5.440000057220459,-0.7299263086460783,96,5,B+
FOFO,Hang Feng Technology Innovation Co. Ltd. Ordinary Shares,Professional Services,97,3.0999999046325684,-93.11111132303873,7,,A+
FOR,Forestar Group Inc Common Stock,Real Estate,87,30.510000228881836,-4.596620807992968,73,45,B-
FORM,FormFactor Inc. FormFactor Inc. Common Stock,Semiconductors,1,117.5199966430664,-26.51785029384118,95,88,E-
FORR,Forrester Research Inc. Common Stock,Diversified Commercial Services,111,10.0,-10.952801356850173,87,21,A+
FORTY,Formula Systems (1985) Ltd. American Depositary Shares,EDP Services,125,111.02999877929688,-35.75895847834324,32,92,D-
FOSL,Fossil Group Inc. Common Stock,Consumer Specialties,30,4.130000114440918,-26.381461387708292,82,11,B+
FOUR,Shift4 Payments Inc. Class A Common Stock,Business Services,92,50.810001373291016,-52.42954542207745,29,,B
FOX,Fox Corporation Class B Common Stock,Broadcasting,95,48.75,-27.668250365096615,29,48,E
FOXA,Fox Corporation Class A Common Stock,Broadcasting,95,54.119998931884766,-28.543582259355695,29,59,E-
FOXF,Fox Factory Holding Corp. Common Stock,Motor Vehicles,126,16.989999771118164,-44.13022079457849,28,21,E+
FOXX,Foxx Development Holdings Inc. Common Stock,Computer Communications Equipment,7,2.990000009536743,-62.05583799348864,13,13,A+
FPH,Five Point Holdings LLC Class A Common Shares,Real Estate,87,5.099999904632568,-21.417564183459316,37,40,C+
FPI,Farmland Partners Inc. Common Stock,Real Estate Investment Trusts,45,9.600000381469727,-25.089103538110358,32,,D-
FPS,Forgent Power Solutions Inc. Class A Common Stock,Industrial Machinery/Components,68,45.75,-29.16859793478338,89,36,E
FR,First Industrial Realty Trust Inc. Common Stock,Real Estate Investment Trusts,45,65.01000213623047,0.0,70,89,C
FRAF,Franklin Financial Services Corporation Common Stock,Major Banks,26,61.790000915527344,-3.4531235694885254,79,83,C+
FRBA,First Bank Common Stock,Commercial Banks,8,17.260000228881836,-4.057807401466995,53,,C+
FRD,Friedman Industries Inc. Common Stock,Steel/Iron Ore,66,34.2599983215332,-8.44468199369015,94,74,A
FRGT,Freight Technologies Inc. Ordinary Shares,Integrated Freight & Logistics,141,3.890000104904175,-92.89497697734397,9,,B
FRHC,Freedom Holding Corp. Common Stock,Investment Bankers/Brokers/Service,84,166.08999633789062,-12.648576380013987,61,,B+
FRME,First Merchants Corporation Common Stock,Major Banks,26,43.099998474121094,-2.686842214512253,59,38,C
FRMEP,First Merchants Corporation Depository Shares,Major Banks,26,25.799999237060547,-0.11614667725172723,50,,C+
FRMI,Fermi Inc. Common Stock,Real Estate Investment Trusts,45,6.590000152587891,-79.74177559212828,23,,C
FRMM,Forum Markets Incorporated Common Stock,Biotechnology: Pharmaceutical Preparations,68,5.960000038146973,-94.4299065064047,91,21,A
FRO,Frontline Plc Ordinary Shares,Marine Transportation,11,38.130001068115234,-11.077425097202276,91,89,D+
FROG,JFrog Ltd. Ordinary Shares,Computer Software: Prepackaged Software,120,90.73999786376953,-7.502549158849514,95,92,A
FRPH,FRP Holdings Inc. Common Stock,Real Estate,87,23.979999542236328,-12.76828031322703,45,30,B-
FRPT,Freshpet Inc. Common Stock,Packaged Foods,129,53.619998931884766,-37.28655095685992,27,99,D-
FRSH,Freshworks Inc. Class A Common Stock,Computer Software: Prepackaged Software,120,10.359999656677246,-29.85782440357585,46,40,B+
FRST,Primis Financial Corp. Common Stock,Major Banks,26,15.739999771118164,-5.46546467424146,78,94,A-
FRSX,Foresight Autonomous Holdings Ltd. American Depositary Shares,Computer Software: Prepackaged Software,120,1.4900000095367432,-85.86605923528019,6,,E-
FRT,Federal Realty Investment Trust Common Stock,Real Estate Investment Trusts,45,120.94000244140625,-3.005921333572459,73,81,D+
FSBC,Five Star Bancorp Common Stock,Major Banks,26,47.869998931884766,-3.4100129026974346,83,71,B-
FSBW,FS Bancorp Inc. Common Stock,Banks,27,43.130001068115234,-2.7289108712419186,54,49,C+
FSEA,First Seacoast Bancorp Inc. Common Stock,Savings Institutions,22,16.850000381469727,-0.531287778928613,84,,A-
FSI,Flexible Solutions International Inc. Common Stock (CDA),Major Chemicals,54,5.980000019073486,-46.844444274902344,40,,D-
FSK,FS KKR Capital Corp. Common Stock,Investment Managers,73,10.800000190734863,-42.758596253289525,33,,D+
FSLR,First Solar Inc. Common Stock,Semiconductors,1,227.8300018310547,-28.41162550477465,62,93,C
FSLY,Fastly Inc. Class A Common Stock,Computer Software: Prepackaged Software,120,19.59000015258789,-41.52238760421525,92,21,D
FSM,Fortuna Mining Corp. Common Shares,Precious Metals,104,8.520000457763672,-37.62810722594709,38,,D-
FSP,Franklin Street Properties Corp. Common Stock,Real Estate Investment Trusts,45,0.5099999904632568,-69.97400670171743,10,5,E-
FSS,Federal Signal Corporation Common Stock,Auto Manufacturing,138,115.2300033569336,-13.917523657905384,45,94,D+
FSTR,L.B. Foster Company Common Stock,Metal Fabrications,38,42.54999923706055,-5.800307810696426,89,84,B-
FSUN,FirstSun Capital Bancorp Common Stock,Major Banks,26,35.08000183105469,-15.26569918330467,34,49,D-
FSV,FirstService Corporation Common Shares,Real Estate,87,143.44000244140625,-30.655100729714214,32,58,D+
FTAI,FTAI Aviation Ltd. Common Stock,Misc Corporate Leasing Services,12,227.35000610351562,-26.42248563991052,74,95,E+
FTCI,FTC Solar Inc. Common Stock,Semiconductors,1,5.369999885559082,-57.040000915527344,50,21,B
FTDR,Frontdoor Inc. Common Stock,Diversified Commercial Services,111,75.30999755859375,-4.755282851577636,77,,B-
FTEK,Fuel Tech Inc. Common Stock,Pollution Control Equipment,74,1.6799999475479126,-53.71901116849796,39,21,A+
FTF,Franklin Limited Duration Income Trust Common Shares of Beneficial Interest,Finance/Investors Services,80,5.809999942779541,-1.7319186073098125,45,,D+
FTFT,Future FinTech Group Inc. Common Stock,Business Services,92,0.5,-96.82741121358806,2,33,E-
FTH,Faeth Therapeutics Inc. Common Stock,Biotechnology: Pharmaceutical Preparations,68,36.15999984741211,0.0,97,,A+
FTHM,Fathom Holdings Inc. Common Stock,Real Estate,87,0.953000009059906,-66.44366063867805,30,21,A+
FTI,TechnipFMC plc Ordinary Share,Oil and Gas Field Machinery,35,71.8499984741211,-6.612632525696959,87,92,D
FTK,Flotek Industries Inc. Common Stock,Major Chemicals,54,25.559999465942383,0.0,91,58,A-
FTLF,FitLife Brands Inc. Common Stock,Medicinal Chemicals and Botanical Products,135,11.210000038146973,-46.00192719385745,30,,E-
FTNT,Fortinet Inc. Common Stock,Computer peripheral equipment,52,157.50999450683594,-3.798938119471862,94,90,B+
FTRE,Fortrea Holdings Inc. Common Stock,Medical Specialities,34,17.760000228881836,-3.4782576245485752,96,42,A-
FTRK,FAST TRACK GROUP Ordinary shares,Package Goods/Cosmetics,84,0.39800000190734863,-59.55284645183676,20,,A+
FTS,Fortis Inc. Common Shares,Electric Utilities: Central,55,57.400001525878906,-1.3915093134055923,60,,D+
FTV,Fortive Corporation Common Stock,Industrial Machinery/Components,68,62.20000076293945,-2.201254315676282,62,41,C-
FTW,Presidio Production Company Class A Common Stock,Oil & Gas Production,43,12.029999732971191,-12.757919923048844,68,,C
FUBO,FuboTV Inc. Class A Common Stock,Movies/Entertainment,112,9.180000305175781,-83.22368402707096,7,21,D-
FUFU,BitFuFu Inc. Class A Ordinary Shares,Finance: Consumer Services,112,1.409999966621399,-67.13286761866632,9,13,E
FUL,H. B. Fuller Company Common Stock,Home Furnishings,40,55.90999984741211,-16.817524649451276,34,70,E
FULC,Fulcrum Therapeutics Inc. Common Stock,Biotechnology: Pharmaceutical Preparations,68,3.5,-76.02739788663165,6,21,E-
FULT,Fulton Financial Corporation Common Stock,Major Banks,26,24.18000030517578,-1.144721135638227,73,51,C
FUN,Six Flags Entertainment Corporation Common Stock New,Services-Misc. Amusement & Recreation,87,19.459999084472656,-40.92289041963178,39,21,E+
FUNC,First United Corporation Common Stock,Major Banks,26,44.380001068115234,-3.8977895737666413,73,93,A-
FUND,Sprott Focus Trust Inc. Common Stock,Investment Managers,73,9.710000038146973,-5.950811304222037,63,,D+
FURY,Fury Gold Mines Limited Common Shares,Precious Metals,104,0.5260000228881836,-44.33862149530206,33,,E
FUSB,First US Bancshares Inc. Common Stock,Major Banks,26,16.510000228881836,-2.767958339371024,70,52,C+
FUSE,Fusemachines Inc. Common stock,EDP Services,125,0.9850000143051147,-94.88045724520364,12,,A
FUTU,Futu Holdings Limited American Depositary Shares,Investment Bankers/Brokers/Service,84,96.33000183105469,-50.82651725228142,13,49,E-
FVCB,FVCBankcorp Inc. Common Stock,Major Banks,26,17.309999465942383,-3.2420343403793295,76,58,B-
FVR,FrontView REIT Inc. Common Stock,Real Estate Investment Trusts,45,20.829999923706055,-0.6676175213762625,87,33,B
FVRR,Fiverr International Ltd. Ordinary Shares no par value,Business Services,92,11.039999961853027,-59.89829391029253,18,90,B+
FWDI,Forward Industries Inc. Common Stock,Plastic Products,18,4.289999961853027,-89.00000009781274,13,13,A
FWONA,Liberty Media Corporation Series A Liberty Formula One Common Stock,Broadcasting,95,88.19000244140625,-11.21514062649056,46,,C
FWONK,Liberty Media Corporation Series C Liberty Formula One Common Stock,Broadcasting,95,96.12999725341797,-11.261889016362382,45,,C+
FWRD,Forward Air Corporation Common Stock,Integrated Freight & Logistics,141,13.380000114440918,-58.53734141729182,12,21,D+
FWRG,First Watch Restaurant Group Inc. Common Stock,Restaurants,105,12.460000038146973,-35.00260830173241,31,36,B-
FXHO,UTime Limited Class A Ordinary Shares,Consumer Electronics/Appliances,119,17.479999542236328,-99.73910448444423,5,,A+
FXNC,First National Corporation Common Stock,Major Banks,26,29.229999542236328,-5.526829225290353,70,78,B-
G,Genpact Limited Common Stock,Professional Services,97,29.3700008392334,-38.791926785975924,19,70,E+
GAB,Gabelli Equity Trust Inc. (The) Common Stock,Investment Managers,73,5.639999866485596,-5.495541815529159,48,,D+
GABC,German American Bancorp Inc. Common Stock,Major Banks,26,46.970001220703125,-2.267998588101683,65,84,C+
GAIA,Gaia Inc. Class A Common Stock,Movies/Entertainment,112,2.140000104904175,-65.81469605974084,13,21,E-
GAIN,Gladstone Investment Corporation Business Development Company,Finance: Consumer Services,112,16.459999084472656,-2.1653968439316884,72,,D
GALT,Galectin Therapeutics Inc. Common Stock,Biotechnology: Pharmaceutical Preparations,68,4.059999942779541,-37.634411673793586,86,,A+
GAM,General American Investors Inc. Common Stock,Investment Managers,73,64.52999877929688,-1.0579614052310338,61,,D
GAMB,Gambling.com Group Limited Ordinary Shares,Services-Misc. Amusement & Recreation,87,1.9299999475479126,-83.9834031784342,5,50,E-
GAME,GameSquare Holdings Inc. Common Stock,Services-Misc. Amusement & Recreation,87,0.3140000104904175,-86.40692561608498,14,5,A-
GANX,Gain Therapeutics Inc. Common Stock,Biotechnology: Pharmaceutical Preparations,68,1.7999999523162842,-56.93779841537195,35,,A+
GAP,Gap Inc. (The) Common Stock,Clothing/Shoe/Accessory Stores,92,19.459999084472656,-32.096785722509956,25,94,E
GASS,StealthGas Inc. Common Stock,Marine Transportation,11,8.899999618530273,-14.340718725289026,66,67,D-
GATX,GATX Corporation Common Stock,Transportation Services,105,180.13999938964844,-9.930440097948745,48,85,D+
GAU,Galiano Gold Inc.,Mining & Quarrying of Nonmetallic Minerals (No Fuels),67,1.8700000047683716,-47.61904650598233,27,86,E
GAUZ,Gauzy Ltd. Ordinary Shares,Industrial Machinery/Components,68,0.38999998569488525,-94.72259820377569,4,,A
GBAB,Guggenheim Taxable Municipal Bond & Investment Grade Debt Trust Common Shares of Beneficial Interest,Investment Managers,73,14.1899995803833,-5.015266265775442,44,,D+
GBCI,Glacier Bancorp Inc. Common Stock,Major Banks,26,51.4900016784668,-1.9227017370873734,59,59,B-
GBDC,Golub Capital BDC Inc. Common Stock,Finance: Consumer Services,112,12.920000076293945,-7.082537793923205,48,33,D+
GBFH,GBank Financial Holdings Inc. Common Stock,Commercial Banks,8,30.18000030517578,-31.190150740552237,34,,B-
GBLI,Global Indemnity Group LLC Class A Common Stock,Property-Casualty Insurers,46,26.110000610351562,-13.41092755364408,36,,D+
GBR,New Concept Energy Inc Common Stock,Oil & Gas Production,43,0.699999988079071,-42.148763139621856,24,,D-
GBTG,Global Business Travel Group Inc. Class A Common Stock,Transportation Services,105,9.399999618530273,-1.156683572072803,86,56,A-
GBX,Greenbrier Companies Inc. (The) Common Stock,Railroads,28,47.29999923706055,-19.106899047921267,36,47,D-
GCBC,Greene County Bancorp Inc. Common Stock,Banks,27,32.06999969482422,-7.472591356001612,85,60,A
GCDT,Green Circle Decarbonize Technology Limited Ordinary Shares,Industrial Machinery/Components,68,0.6110000014305115,-89.01079122808297,4,,A+
GCL,GCL Global Holdings Ltd Ordinary Shares,Computer Software: Prepackaged Software,120,0.4129999876022339,-89.95133882759554,6,,A+
GCMG,GCM Grosvenor Inc. Class A Common Stock,Investment Managers,73,13.680000305175781,-0.43667734309940087,79,67,B+
GCO,Genesco Inc. Common Stock,Clothing/Shoe/Accessory Stores,92,34.119998931884766,-20.131090924806895,74,29,D-
GCT,GigaCloud Technology Inc Class A Ordinary Shares,Catalog/Specialty Distribution,68,34.40999984741211,-33.571427887602525,49,95,D-
GCTK,GlucoTrack Inc. Common Stock,Medical/Dental Instruments,117,0.4169999957084656,-96.06232304343676,4,,A+
GCTS,GCT Semiconductor Holding Inc. Common Stock,Semiconductors,1,2.4600000381469727,-34.04825668719368,94,,A-
GD,General Dynamics Corporation Common Stock,Marine Transportation,11,375.05999755859375,-0.4829142699636413,63,57,C-
GDC,GD Culture Group Limited Common Stock,Steel/Iron Ore,66,1.590000033378601,-99.93463514765143,1,,E-
GDDY,GoDaddy Inc. Class A Common Stock,EDP Services,125,88.91999816894531,-47.929966654404474,25,85,C+
GDEV,GDEV Inc. Ordinary Shares,EDP Services,125,12.289999961853027,-66.04972457780944,19,,C+
GDHG,Golden Heaven Group Holdings Ltd. Class A Ordinary Shares,Services-Misc. Amusement & Recreation,87,1.5700000524520874,-92.30392116759658,10,,D+
GDOT,Green Dot Corporation Class A Common Stock $0.001 par value,Finance: Consumer Services,112,13.319999694824219,-12.655739706070701,63,33,C
GDRX,GoodRx Holdings Inc. Class A Common Stock,EDP Services,125,2.950000047683716,-42.382810280832885,45,40,B
GDS,GDS Holdings Limited ADS,Computer Software: Programming Data Processing,110,32.779998779296875,-31.0185217518419,29,97,D-
GDTC,CytoMed Therapeutics Limited Ordinary Shares,Biotechnology: Pharmaceutical Preparations,68,1.0299999713897705,-61.71003905278516,20,,B+
GDV,Gabelli Dividend & Income Trust Common Shares of Beneficial Interest,Investment Managers,73,29.68000030517578,-0.5028482028626047,60,,D+
GDYN,Grid Dynamics Holdings Inc. Class A Common Stock,Computer Software: Prepackaged Software,120,5.869999885559082,-48.86759477678869,23,40,B-
GE,GE Aerospace Common Stock,Consumer Electronics/Appliances,119,359.2699890136719,-5.125700865513605,72,92,C+
GECC,Great Elm Capital Corp. Common Stock,Finance: Consumer Services,112,5.25,-46.86186151981556,29,,D
GEF,Greif Inc. Class A Common Stock,,,73.5999984741211,-2.534680518128518,61,35,C
GEG,Great Elm Group Inc. Common Stock,Computer Software: Prepackaged Software,120,2.1700000762939453,-29.773458363434646,43,40,A
GEHC,GE HealthCare Technologies Inc. Common Stock,Medical Electronics,126,64.69999694824219,-26.54584372265886,27,41,D
GELS,Gelteq Limited Ordinary Shares,Biotechnology: Pharmaceutical Preparations,68,0.5249999761581421,-73.07692495793746,10,,A+
GEMI,Gemini Space Station Inc. Class A Common Stock,Investment Bankers/Brokers/Service,84,4.309999942779541,-86.74661782868888,8,,B+
GEN,Gen Digital Inc. Common Stock,Computer Software: Prepackaged Software,120,25.90999984741211,-17.860822660234344,63,79,B
GENB,Generate Biomedicines Inc. Common Stock,Biotechnology: Pharmaceutical Preparations,68,14.329999923706055,-17.690981910972724,68,,B-
GENC,Gencor Industries Inc. Common Stock,Construction/Ag Equipment/Trucks,35,15.5,-5.832315539909471,53,58,B-
GENI,Genius Sports Limited Ordinary Shares,Services-Misc. Amusement & Recreation,87,6.190000057220459,-54.317343394186665,38,21,B+
GENK,GEN Restaurant Group Inc. Class A Common Stock,Restaurants,105,1.940000057220459,-58.811039458426386,31,21,B
GEO,Geo Group Inc (The) REIT,Homebuilding,49,30.469999313354492,0.0,91,85,B+
GEOS,Geospace Technologies Corporation Common Stock (Texas),Industrial Machinery/Components,68,7.46999979019165,-73.7064419911565,12,5,E+
GERN,Geron Corporation Common Stock,Biotechnology: Pharmaceutical Preparations,68,1.5,-23.07692495793746,44,21,C
GETY,Getty Images Holdings Inc. Class A Common Stock,Business Services,92,0.7609999775886536,-67.75423680441503,14,21,A+
GEV,GE Vernova Inc. Common Stock,,,1091.5699462890625,-7.089358740699336,89,94,C-
GEVO,Gevo Inc. Common Stock,Major Chemicals,54,1.4500000476837158,-47.84172436667921,21,5,D-
GFAI,Guardforce AI Co. Limited Ordinary Shares,Diversified Commercial Services,111,0.4090000092983246,-71.19718157329906,13,,A+
GFF,Griffon Corporation Common Stock,Building Products,61,91.11000061035156,-6.5825881772779375,69,53,D+
GFI,Gold Fields Limited American Depositary Shares,Precious Metals,104,34.13999938964844,-42.88021062899833,32,,E
GFL,GFL Environmental Inc. Subordinate voting shares no par value,Environmental Services,80,39.75,-22.073890760263538,31,40,B-
GFR,Greenfire Resources Ltd. Common Shares,Oil & Gas Production,43,5.570000171661377,-19.508668927003402,60,5,D
GFS,GlobalFoundries Inc. Ordinary Shares,Semiconductors,1,68.97000122070312,-23.22210406437971,91,77,D-
GGAL,Grupo Financiero Galicia S.A. American Depositary Shares,Commercial Banks,8,53.72999954223633,-8.548588856053952,78,35,A-
GGB,Gerdau S.A. Common Stock,Steel/Iron Ore,66,4.5,-8.019066397594132,76,56,C-
GGG,Graco Inc. Common Stock,Fluid Controls,49,74.0,-21.693722283611237,29,47,D-
GGN,GAMCO Global Gold Natural Resources & Income Trust,Finance/Investors Services,80,4.869999885559082,-14.840566359308372,42,,E+
GGR,Gogoro Inc. Ordinary Shares,Auto Manufacturing,138,3.8499999046325684,-51.26582458030333,26,21,D
GGRP,The Glimpse Group Inc. Common Stock,EDP Services,125,0.7699999809265137,-57.4585632448111,35,11,B-
GGZ,Gabelli Global Small and Mid Cap Value Trust (The) Common Shares of Beneficial Interest,Investment Managers,73,16.100000381469727,-2.187112533575597,61,,D
GH,Guardant Health Inc. Common Stock,Medical Specialities,34,160.0500030517578,-6.277449758447928,96,5,A
GHC,Graham Holdings Company Common Stock,Other Consumer Services,123,1158.47998046875,-2.6350080357193217,58,78,C-
GHG,GreenTree Hospitality Group Ltd. American depositary shares each representing one Class A ordinary share,Hotels/Resorts,35,1.1799999475479126,-54.44015495551192,19,65,B-
GHM,Graham Corporation Common Stock,Industrial Machinery/Components,68,107.44000244140625,-13.207850677114152,90,76,C-
GHRS,GH Research PLC Ordinary Shares,Biotechnology: Pharmaceutical Preparations,68,26.510000228881836,-6.949805398887932,93,5,B+
GIB,CGI Inc. Common Stock,Professional Services,97,67.05999755859375,-34.17344676771913,24,53,E+
GIBO,GIBO Holdings Limited Class A Ordinary Shares,Computer Software: Prepackaged Software,120,25.010000228881836,-94.73473679391961,9,,A
GIC,Global Industrial Company Common Stock,Industrial Machinery/Components,68,33.459999084472656,-10.52264553867862,55,56,B-
GIFT,Giftify Inc. Common Stock,Catalog/Specialty Distribution,68,0.9129999876022339,-27.539682975191415,28,,B
GIGM,GigaMedia Limited Ordinary Shares,Computer Software: Programming Data Processing,110,1.4500000476837158,-22.043008788608663,45,21,A-
GIII,G-III Apparel Group LTD. Common Stock,Apparel,40,34.75,-2.2981980597360563,77,98,B-
GIL,Gildan Activewear Inc. Class A Sub. Vot. Common Stock,Apparel,40,52.5,-27.024417351171557,35,30,E-
GILD,Gilead Sciences Inc. Common Stock,Biotechnology: Biological Products (No Diagnostic Substances),64,129.8300018310547,-15.644788708935453,50,86,C-
GILT,Gilat Satellite Networks Ltd. Ordinary Shares,Radio And Television Broadcasting And Communications Equipment,18,12.010000228881836,-42.3980814908971,35,99,E
GIPR,Generation Income Properties Inc. Common Stock,Real Estate Investment Trusts,45,1.4800000190734863,-92.04301081333344,4,5,A+
GIS,General Mills Inc. Common Stock,Packaged Foods,129,36.220001220703125,-25.409968584511912,31,57,B-
GITS,Global Interactive Technologies Inc. Common Stock,Computer Software: Programming Data Processing,110,2.0799999237060547,-52.40274649481034,73,,A+
GIW,GigCapital8 Corp. Class A Ordinary Shares,,,10.109999656677246,0.0,47,,D
GIX,GigCapital9 Corp. Class A Ordinary Share,Blank Checks,76,9.9399995803833,-0.10050481480938789,46,,D+
GJH,Synthetic Fixed-Income Securities Inc 6.375% (STRATS) Cl A-1,Finance: Consumer Services,112,9.5,-1.5377997464083415,51,,D-
GJP,Synthetic Fixed-Income Securities Inc. on behalf of STRATS (SM) Trust for Dominion Resources Inc. Securities Series 2005-6 Floating Rate Structured Repackaged Asset-Backed Trust Securities (STRATS) Certificates,Finance: Consumer Services,112,24.75,0.0,49,,C+
GJR,Synthetic Fixed-Income Securities Inc. STRATS Trust for Procter&Gamble Securities Series 2006-1,Finance: Consumer Services,112,25.200000762939453,0.0,51,,B+
GJS,Goldman Sachs Group Securities STRATS Trust for Goldman Sachs Group Securities Series 2006-2,Finance: Consumer Services,112,23.719999313354492,0.0,50,,C-
GJT,Synthetic Fixed-Income Securities Inc. Floating Rate Structured Repackaged Asset-Backed Trust Securities Certificates Series 2006-3,Finance: Consumer Services,112,23.709999084472656,0.0,53,,C+
GKOS,Glaukos Corporation Common Stock,Medical/Dental Instruments,117,152.72000122070312,-1.5154485023027409,86,21,B-
GL,Globe Life Inc. Common Stock,Life Insurance,28,179.1300048828125,-0.5717133427842525,80,77,C
GLAD,Gladstone Capital Corporation Common Stock,Textiles,32,19.75,-25.684653005771363,49,56,D+
GLAS,Glass House Brands Inc. Subordinate Voting Shares,Medicinal Chemicals and Botanical Products,135,11.8100004196167,-13.046674922669311,86,5,C+
GLBE,Global-E Online Ltd. Ordinary Shares,Computer Software: Prepackaged Software,120,38.47999954223633,-7.477760516810306,65,99,B
GLBS,Globus Maritime Limited Common Stock,Marine Transportation,11,2.7100000381469727,-14.511041863593888,94,,A
GLDG,GoldMining Inc. Common Shares,Precious Metals,104,0.8799999952316284,-58.878506911520304,22,,E-
GLE,Global Engine Group Holding Limited Class A Ordinary Shares,EDP Services,125,0.4180000126361847,-88.38888823029434,27,,A+
GLIBA,Liberty Capital Corporation Series A GCI Group Common Stock,Cable & Other Pay Television Services,112,22.559999465942383,-43.92244662529195,14,,A
GLIBK,Liberty Capital Corporation Series C GCI Group Common Stock,Cable & Other Pay Television Services,112,22.440000534057617,-43.95604390369662,14,,B-
GLMD,Galmed Pharmaceuticals Ltd. Ordinary Shares,Biotechnology: Pharmaceutical Preparations,68,0.5600000023841858,-75.96566434674126,10,,A-
GLND,Greenland Energy Company Common Stock,Oil & Gas Production,43,2.0899999141693115,-83.92307758331299,3,,E-
GLNG,Golar Lng Ltd,Marine Transportation,11,51.2400016784668,-10.218287938809512,69,48,D-
GLOB,Globant S.A. Common Shares,EDP Services,125,29.959999084472656,-67.88853365004451,9,55,C
GLOO,Gloo Holdings Inc. Class A Common Stock,EDP Services,125,2.950000047683716,-68.94736791911878,7,21,E-
GLPI,Gaming and Leisure Properties Inc. Common Stock,Real Estate Investment Trusts,45,43.18000030517578,-10.371824547481513,40,69,E+
GLRE,Greenlight Capital Re Ltd. Class A Ordinary Shares,Property-Casualty Insurers,46,16.559999465942383,-12.842108073987458,57,5,D+
GLSI,Greenwich LifeSciences Inc. Common Stock,Biotechnology: Pharmaceutical Preparations,68,19.799999237060547,-41.00998049407065,70,5,E-
GLU,Gabelli Global Utility Common Shares of Beneficial Ownership,Finance/Investors Services,80,19.350000381469727,-8.472360383664679,54,,D-
GLUE,Monte Rosa Therapeutics Inc. Common Stock,Biotechnology: Biological Products (No Diagnostic Substances),64,23.040000915527344,-8.968781502621493,96,5,A-
GLW,Corning Incorporated Common Stock,Telecommunications Equipment,74,190.88999938964844,-25.343189969505097,96,88,C
GLXG,Galaxy Payroll Group Limited Class A Ordinary Shares,Diversified Commercial Services,111,1.4600000381469727,-79.11301736833359,11,,A+
GLXY,Galaxy Digital Inc. Class A Common Stock,Investment Bankers/Brokers/Service,84,24.8799991607666,-41.950539415630395,50,21,D-
GM,General Motors Company Common Stock,Auto Manufacturing,138,77.8499984741211,-9.465750637730718,67,85,D-
GMAB,Genmab A/S ADS,Biotechnology: Pharmaceutical Preparations,68,29.0,-17.9400116729304,48,,D+
GME,GameStop Corporation Common Stock,Electronics Distribution,,21.68000030517578,-21.704586901288682,38,91,D-
GMED,Globus Medical Inc. Class A Common Stock,Medical/Dental Instruments,117,78.11000061035156,-19.324518842642433,52,95,E+
GMEX,GMEX ROBOTICS CORPORATION Class A Ordinary Shares,Recreational Games/Products/Toys,103,2.109999895095825,-99.96767175644445,1,,E-
GMHS,Gamehaus Holdings Inc. Class A Ordinary Shares,EDP Services,125,0.925000011920929,-59.60698570612921,25,,B-
GMM,Global Mofy AI Limited Class A Ordinary Shares,Computer Software: Programming Data Processing,110,4.570000171661377,-96.83737012341773,1,,A+
GMTL,Guardian Metal Resources PLC ADS,Metal Mining,71,12.609999656677246,-38.90503861641813,27,,E
GNE,Genie Energy Ltd. Class B Common Stock Stock,Power Generation,59,14.079999923706055,-36.98300729341783,33,,D+
GNK,Genco Shipping & Trading Limited Ordinary Shares New (Marshall Islands),Marine Transportation,11,25.510000228881836,-4.43969386891151,86,91,C
GNL,Global Net Lease Inc. Common Stock,Real Estate Investment Trusts,45,9.069999694824219,-7.108688857634005,59,5,D-
GNLN,Greenlane Holdings Inc. Class A Common Stock,Durable Goods,126,2.549999952316284,-93.54757104559866,6,,A
GNLX,Genelux Corporation Common Stock,Biotechnology: Pharmaceutical Preparations,68,3.0299999713897705,-63.22815466560867,39,,D+
GNPX,Genprex Inc. Common Stock,Biotechnology: Pharmaceutical Preparations,68,0.5600000023841858,-98.66666666099003,3,32,E
GNRC,Generac Holdlings Inc. Common Stock,Metal Fabrications,38,233.94000244140625,-20.84320373637415,83,53,E
GNS,Genius Group Limited Ordinary Shares,Services-Misc. Amusement & Recreation,87,0.19300000369548798,-87.78481022447487,4,,A
GNSS,Genasys Inc. Common Stock,Consumer Electronics/Appliances,119,1.809999942779541,-29.844961383581868,35,31,B-
GNT,GAMCO Natural Resources Gold & Income Trust,Finance/Investors Services,80,8.1899995803833,-9.090382685094244,62,,C+
GNTA,Genenta Science S.p.A. American Depositary Shares,Biotechnology: Biological Products (No Diagnostic Substances),64,1.5,-75.80645086862043,77,,A+
GNTX,Gentex Corporation Common Stock,Auto Parts:O.E.M.,64,24.200000762939453,-15.035921210995784,50,56,D
GNW,Genworth Financial Inc Common Stock,Life Insurance,28,9.199999809265137,-4.266387742555555,56,38,D+
GO,Grocery Outlet Holding Corp. Common Stock,Food Chains,55,9.979999542236328,-46.51661509193195,53,21,C+
GOAI,Eva Live Inc. Common Stock,Computer Software: Programming Data Processing,110,2.569999933242798,-66.27296624881464,7,,B-
GOGO,Gogo Inc. Common Stock,Telecommunications Equipment,74,3.630000114440918,-78.05320487598544,12,44,E
GOLD,Gold.com Inc. Common Stock,Other Specialty Stores,117,39.45000076293945,-37.97088436157566,74,73,D-
GOLF,Acushnet Holdings Corp. Common Stock,Recreational Games/Products/Toys,103,110.69000244140625,-6.614356212462901,78,44,B
GOOD,Gladstone Commercial Corporation Real Estate Investment Trust,Real Estate,87,12.489999771118164,-2.436866960894557,57,,C-
GOOG,Alphabet Inc. Class C Capital Stock,Computer Software: Programming Data Processing,110,355.0299987792969,-10.975423859941147,82,95,D-
GOOGL,Alphabet Inc. Class A Common Stock,Computer Software: Programming Data Processing,110,357.17999267578125,-11.233091523913563,83,95,D-
GOOS,Canada Goose Holdings Inc. Subordinate Voting Shares,Apparel,40,9.65999984741211,-36.614173277619734,22,41,E+
GORO,Gold Resource Corporation Common Stock,Precious Metals,104,1.2799999713897705,-26.43678365665313,80,,B-
GOSS,Gossamer Bio Inc. Common Stock,Biotechnology: Pharmaceutical Preparations,68,0.17000000178813934,-95.51451178102329,3,21,E-
GOTU,Gaotu Techedu Inc. American Depositary Shares,Other Consumer Services,123,1.850000023841858,-53.6340847263143,19,11,C-
GOVX,GeoVax Labs Inc. Common Stock,Biotechnology: Pharmaceutical Preparations,68,1.1799999475479126,-94.45358416589514,8,,A+
GP,GreenPower Motor Company Inc. Common Shares,Construction/Ag Equipment/Trucks,35,1.4800000190734863,-67.11111068725586,67,,A-
GPC,Genuine Parts Company Common Stock,Automotive Aftermarket,129,125.62000274658203,-14.141848419859993,55,38,B+
GPCR,Structure Therapeutics Inc. American Depositary Shares,Biotechnology: Pharmaceutical Preparations,68,53.36000061035156,-43.10694094308556,87,21,B
GPGI,GPGI Inc. Class A Common Stock,Finance: Consumer Services,112,14.59000015258789,-43.863875937771624,27,21,D+
GPI,Group 1 Automotive Inc. Common Stock,Retail-Auto Dealers and Gas Stations,105,299.8800048828125,-38.29268009330386,22,61,E+
GPK,Graphic Packaging Holding Company,Containers/Packaging,48,10.279999732971191,-54.79982220768574,22,42,C-
GPMT,Granite Point Mortgage Trust Inc. Common Stock,Real Estate Investment Trusts,45,1.3799999952316284,-50.46810703902433,22,21,E
GPN,Global Payments Inc. Common Stock,Business Services,92,76.04000091552734,-14.410815786920029,48,37,C
GPOR,Gulfport Energy Corporation Common Shares,Oil & Gas Production,43,152.10000610351562,-31.63737590532405,23,89,D+
GPRE,Green Plains Inc. Common Stock,Major Chemicals,54,16.889999389648438,-7.452058138912676,91,62,D+
GPRK,Geopark Ltd Common Shares,Oil & Gas Production,43,9.890000343322754,-16.044137797036562,83,68,C
GPRO,GoPro Inc. Class A Common Stock,Industrial Machinery/Components,68,0.7630000114440918,-73.50694509981956,22,21,E+
GPUS,Hyperscale Data Inc. Common Stock,Industrial Machinery/Components,68,0.14000000059604645,-89.55223902173657,7,,E-
GRAB,Grab Holdings Limited Class A Ordinary Shares,Business Services,92,3.930000066757202,-39.069764605079015,29,92,C+
GRAF,Graf Global Corp. Class A ordinary shares,,,10.789999961853027,-4.513276285605706,46,,E
GRAL,GRAIL Inc. Common Stock,Medical Specialities,34,72.0,-37.963121217842286,80,21,C+
GRAN,Grande Group Limited Class A Ordinary Shares,Finance: Consumer Services,112,1.3799999952316284,-77.33245670380352,14,,A+
GRBK,Green Brick Partners Inc. Common Stock,Homebuilding,49,73.63999938964844,-8.623895351853417,57,44,C+
GRC,Gorman-Rupp Company (The) Common Stock,Fluid Controls,49,79.5,-13.342051611932092,89,91,E+
GRCE,Grace Therapeutics Inc. Common Stock,Biotechnology: Pharmaceutical Preparations,68,2.450000047683716,-52.24171553550298,19,,E
GRDN,Guardian Pharmacy Services Inc. Class A Common Stock,Retail-Drug Stores and Proprietary Stores,129,40.959999084472656,-5.62212524336273,85,75,C+
GRDX,GridAI Technologies Corp. Common Stock,Biotechnology: Pharmaceutical Preparations,68,4.5,-33.82353126796467,93,,A
GREE,Greenidge Generation Holdings Inc. Class A Common Stock,Finance: Consumer Services,112,1.9800000190734863,-11.999999152289497,82,,A
GRFS,Grifols S.A. American Depositary Shares,Biotechnology: Pharmaceutical Preparations,68,7.269999980926514,-31.39830902758467,26,,D-
GRI,GRI Bio Inc. Common Stock,Biotechnology: Pharmaceutical Preparations,68,1.7400000095367432,-97.2503159875123,5,21,C-
GRML,Greenland Mines Ltd. Common Stock,Biotechnology: Biological Products (No Diagnostic Substances),64,0.24500000476837158,-83.21917819404136,8,,E
GRMN,Garmin Ltd. Common Stock (Switzerland),Industrial Machinery/Components,68,243.11000061035156,-8.722016555375877,49,73,D+
GRND,Grindr Inc. Common Stock,Computer Software: Programming Data Processing,110,15.6899995803833,-28.257892188845123,62,,A-
GRNQ,Greenpro Capital Corp. Common Stock,EDP Services,125,1.3600000143051147,-55.11551065522541,16,,A+
GRNT,Granite Ridge Resources Inc. Common Stock,Oil & Gas Production,43,4.570000171661377,-23.501166481325917,33,28,D-
GRO,Brazil Potash Corp. Common Shares,Mining & Quarrying of Nonmetallic Minerals (No Fuels),67,2.2699999809265137,-41.64524627995011,40,,E-
GROV,Grove Collaborative Holdings Inc. Class A Common Stock,Catalog/Specialty Distribution,68,1.090000033378601,-30.573248601094217,23,21,E
GROW,U.S. Global Investors Inc. Class A Common Stock,Investment Managers,73,3.009999990463257,-15.202120501958161,73,34,B
GROY,Gold Royalty Corp. Common Shares,Precious Metals,104,2.619999885559082,-49.71209469528275,21,,E
GRPN,Groupon Inc. Common Stock,Advertising,97,26.049999237060547,-29.384657988445674,91,21,A-
GRRR,Gorilla Technology Group Inc. Ordinary shares,Computer Software: Prepackaged Software,120,17.950000762939453,-17.584939407529188,78,,B
GRVY,GRAVITY Co. Ltd. American Depository Shares,Business Services,92,63.79999923706055,-12.578793775844465,51,,B
GRWG,GrowGeneration Corp. Common Stock,RETAIL: Building Materials,109,1.5,-31.818183295982895,74,5,B+
GRX,The Gabelli Healthcare & Wellness Trust Common Shares of Beneficial Interest,Finance/Investors Services,80,9.600000381469727,-0.9287843427338349,54,,C
GS,Goldman Sachs Group Inc. (The) Common Stock,Investment Bankers/Brokers/Service,84,1055.1800537109375,-4.6268374623471225,77,74,D+
GSAT,Globalstar Inc. Common Stock,Telecommunications Equipment,74,80.08999633789062,-5.140357635435311,92,5,C
GSBC,Great Southern Bancorp Inc. Common Stock,Major Banks,26,77.63999938964844,-4.337116946317121,74,50,C+
GSBD,Goldman Sachs BDC Inc. Common Stock,Investment Managers,73,8.819999694824219,-13.625135981637992,43,30,E+
GSHD,Goosehead Insurance Inc. Class A Common Stock,Specialty Insurers,105,53.540000915527344,-48.235520876385294,34,93,A-
GSIT,GSI Technology Common Stock,Semiconductors,1,6.579999923706055,-49.267542110749595,72,21,C+
GSIW,Garden Stage Limited Class A Ordinary Shares,Investment Bankers/Brokers/Service,84,28.200000762939453,-91.84971076215622,41,,B+
GSK,GSK plc American Depositary Shares (Each representing two Ordinary Shares),Biotechnology: Pharmaceutical Preparations,68,52.779998779296875,-12.2415133727106,60,44,D
GSL,Global Ship Lease Inc New Class A Common Shares,Marine Transportation,11,40.060001373291016,-3.8045670230003603,76,46,D
GSM,Ferroglobe PLC Ordinary Shares,Metal Mining,71,3.2699999809265137,-40.54457344766613,19,21,E
GSUN,Golden Sun Technology Group Limited Class A Ordinary Shares,Other Consumer Services,123,0.4050000011920929,-87.57668704365422,8,,A+
GT,The Goodyear Tire & Rubber Company Common Stock,Automotive Aftermarket,129,6.809999942779541,-40.98786858500102,27,43,B
GTBP,GT Biopharma Inc. Common Stock,Biotechnology: Pharmaceutical Preparations,68,0.42500001192092896,-81.44104720521365,17,5,B+
GTE,Gran Tierra Energy Inc. Common Stock,Oil & Gas Production,43,6.25,-34.279707154803496,67,,E
GTEC,Greenland Technologies Holding Corporation Class A Ordinary Shares,Industrial Machinery/Components,68,0.5529999732971191,-72.35000133514404,12,,B-
GTEN,Gores Holdings X Inc. Class A ordinary shares,,,10.510000228881836,-0.47348663587153395,47,,D+
GTES,Gates Industrial Corporation plc Ordinary Shares,Industrial Machinery/Components,68,26.34000015258789,-9.23501124362941,56,48,D+
GTIM,Good Times Restaurants Inc. Common Stock,Restaurants,105,1.440000057220459,-29.064035590374328,54,99,B-
GTLB,GitLab Inc. Class A Common Stock,Computer Software: Prepackaged Software,120,32.41999816894531,-36.48119594942537,60,21,C+
GTLS,Chart Industries Inc. Common Stock,Metal Fabrications,38,209.8699951171875,0.0,54,29,D
GTM,ZoomInfo Technologies Inc Common Stock,Computer Software: Prepackaged Software,120,2.9200000762939453,-76.06557277094063,5,88,D
GTN,Gray Media Inc. Common Stock,Broadcasting,95,3.7799999713897705,-37.76209493170599,22,21,E+
GTX,Garrett Motion Inc. Common Stock,Auto Parts:O.E.M.,64,32.29999923706055,-10.847365042315971,96,66,B-
GTY,Getty Realty Corporation Common Stock,Real Estate,87,34.369998931884766,-0.6360254979260738,71,71,C-
GURE,Gulf Resources Inc. (NV) Common Stock,Major Chemicals,54,3.5399999618530273,-56.77655502776776,15,91,D
GUTS,Fractyl Health Inc. Common Stock,Medical/Dental Instruments,117,0.7929999828338623,-66.540083496806,40,62,D+
GV,Visionary Holdings Inc. Common Shares,Other Consumer Services,123,0.17900000512599945,-93.60714256520174,4,,A
GVA,Granite Construction Incorporated Common Stock,Military/Government/Technical,91,122.45999908447266,-23.586109391451092,56,35,E
GVH,Globavend Holdings Limited Ordinary Shares,Integrated Freight & Logistics,141,4.320000171661377,-73.9759031783896,87,,A+
GWAV,Greenwave Technology Solutions Inc. Common Stock,Metal Fabrications,38,2.940000057220459,-90.78369876997536,10,,A
GWH,ESS Tech Inc. Common Stock,Industrial Machinery/Components,68,0.8500000238418579,-90.60773474113223,12,5,B
GWRE,Guidewire Software Inc. Common Stock,Computer Software: Prepackaged Software,120,136.1300048828125,-48.018175368627816,25,53,D+
GWRS,Global Water Resources Inc. Common Stock,Water Supply,79,7.010000228881836,-34.46815202780922,23,,B-
GWW,W.W. Grainger Inc. Common Stock,Office Equipment/Supplies/Services,61,1375.760009765625,0.0,79,82,B-
GXAI,Gaxos.ai Inc. Common Stock,Computer Software: Prepackaged Software,120,1.1200000047683716,-59.42028954208861,28,,A+
GXO,GXO Logistics Inc. Common Stock,Transportation Services,105,50.61000061035156,-22.838842146550455,36,79,D
GYRE,Gyre Therapeutics Inc. Common Stock,Biotechnology: Pharmaceutical Preparations,68,6.519999980926514,-26.493798590217754,30,30,C-
GYRO,Gyrodyne LLC Common Stock,Building operators,80,6.230000019073486,-41.9925497966294,18,,E-
H,Hyatt Hotels Corporation Class A Common Stock,Hotels/Resorts,35,191.13999938964844,-5.418376538507131,76,52,C
HAE,Haemonetics Corporation Common Stock,Medical/Dental Instruments,117,76.19000244140625,-12.586049517884613,72,31,B-
HAFC,Hanmi Financial Corporation Common Stock,Major Banks,26,32.04999923706055,-3.4056692517237974,73,58,C+
HAFN,Hafnia Limited Common Shares,Transportation Services,105,7.269999980926514,-20.199854513844585,75,72,E+
HAIN,Hain Celestial Group Inc. (The) Common Stock,Packaged Foods,129,0.5699999928474426,-73.4883736016751,9,21,E
HAL,Halliburton Company Common Stock,Oilfield Services/Equipment,18,34.38999938964844,-19.645643814810654,71,77,E+
HALO,Halozyme Therapeutics Inc. Common Stock,Biotechnology: Biological Products (No Diagnostic Substances),64,76.19999694824219,-6.583306076587824,66,78,B-
HAO,Haoxi Health Technology Limited Class A Ordinary Shares,Advertising,97,0.35899999737739563,-99.82470703514264,1,,E-
HAPN,Happen Inc. Common Stock,Finance: Consumer Services,112,20.350000381469727,-5.699719863692632,81,76,D+
HAS,Hasbro Inc. Common Stock,Recreational Games/Products/Toys,103,78.95999908447266,-24.338751018009074,38,51,E+
HASI,HA Sustainable Infrastructure Capital Inc. Common Stock,Finance/Investors Services,80,37.81999969482422,-11.704647831580717,69,36,D-
HAYW,Hayward Holdings Inc. Common Stock,Industrial Machinery/Components,68,15.920000076293945,-8.030037160794123,55,53,C
HBAN,Huntington Bancshares Incorporated Common Stock,Major Banks,26,17.8700008392334,-5.475780622116688,54,41,C-
HBB,Hamilton Beach Brands Holding Company Class A Common Stock,Home Furnishings,40,21.399999618530273,-7.077729133809485,71,80,B+
HBCP,Home Bancorp Inc. Common Stock,Banks,27,67.87999725341797,-3.9343422935345096,65,79,C
HBIO,Harvard Bioscience Inc. Common Stock,Biotechnology: Laboratory Analytical Instruments,52,6.139999866485596,-22.27848364095466,69,11,B-
HBM,Hudbay Minerals Inc. Ordinary Shares (Canada),Metal Mining,71,21.639999389648438,-32.08094618846724,76,,E+
HBNB,Hotel101 Global Holdings Corp. Class A Ordinary Shares,Hotels/Resorts,35,5.320000171661377,-46.79999828338624,61,,A-
HBNC,Horizon Bancorp Inc. Common Stock,Major Banks,26,19.579999923706055,-3.6417312117708933,70,33,B
HBT,HBT Financial Inc. Common Stock,Major Banks,26,32.060001373291016,-2.0769708928360275,73,41,B-
HCA,HCA Healthcare Inc. Common Stock,Hospital/Nursing Management,49,406.5899963378906,-25.15348345248277,32,60,D-
HCAI,Huachen AI Parking Management Technology Holding Co. Ltd. Class A Ordinary Shares,Miscellaneous manufacturing industries,123,7.650000095367432,-72.28260873321024,17,,A+
HCAT,Health Catalyst Inc Common Stock,Computer Software: Programming Data Processing,110,2.2899999618530273,-44.00978297264704,83,97,A+
HCC,Warrior Met Coal Inc. Common Stock,Coal Mining,101,80.08999633789062,-27.37577328217553,62,94,E
HCI,HCI Group Inc. Common Stock,Property-Casualty Insurers,46,182.60000610351562,-10.865921329986516,63,70,B-
HCIC,Hennessy Capital Investment Corp. VIII Class A Ordinary Shares,,,9.979999542236328,-0.2000045776367143,46,,D+
HCKT,Hackett Group Inc (The). Common Stock,Professional Services,97,10.079999923706055,-58.81101940724539,13,61,D
HCM,HUTCHMED (China) Limited American Depositary Shares,Biotechnology: Pharmaceutical Preparations,68,11.069999694824219,-42.373762506985,18,,D
HCSG,Healthcare Services Group Inc. Common Stock,Hospital/Nursing Management,49,23.790000915527344,-5.407549596942718,83,86,B-
HCTI,Healthcare Triangle Inc. Common Stock,EDP Services,125,1.7599999904632568,-99.82926876438384,4,,A
HCWB,HCW Biologics Inc. Common Stock,Biotechnology: Pharmaceutical Preparations,68,4.550000190734863,-87.40309987462827,58,62,A+
HCWC,Healthy Choice Wellness Corp. Class A Common Stock,Food Chains,55,0.19499999284744263,-79.03225899486958,12,,A+
HD,Home Depot Inc. (The) Common Stock,RETAIL: Building Materials,109,343.29998779296875,-17.23600544615842,41,43,C
HDB,HDFC Bank Limited Common Stock,Commercial Banks,8,26.510000228881836,-31.998396206475455,27,73,C+
HDL,SUPER HI INTERNATIONAL HOLDING LTD. American Depositary Shares,Restaurants,105,12.329999923706055,-39.73606805748372,20,55,E+
HDRN,Hadron Energy Inc. Common Stock,Electric Utilities: Central,55,1.9450000524520874,-83.40443679063863,2,,E-
HDSN,Hudson Technologies Inc. Common Stock,Industrial Specialties,84,6.449999809265137,-38.218390148361216,33,33,B+
HE,Hawaiian Electric Industries Inc. Common Stock,Electric Utilities: Central,55,13.569999694824219,-20.550352719909316,50,50,D-
HEI,Heico Corporation Common Stock,Aerospace,90,350.9200134277344,-3.939115881588018,61,85,B-
HEI-A,Heico Corporation,,,254.07000732421875,-7.942585679017156,52,80,B
HELE,Helen of Troy Limited Common Stock,Home Furnishings,40,26.34000015258789,-11.788346904934066,75,36,C+
HELP,Cybin Inc. Common Stock,Biotechnology: Pharmaceutical Preparations,68,6.869999885559082,-21.125145172552095,61,,A
HEPS,D-Market Electronic Services & Trading American Depositary Shares,Catalog/Specialty Distribution,68,2.9700000286102295,-9.726441852679057,58,21,B+
HERE,Here Group Limited American Depositary Shares,Other Consumer Services,123,1.8799999952316284,-83.93162371043057,6,96,E
HESM,Hess Midstream LP Class A Representing Limited Partner Interests,Oil & Gas Production,43,38.630001068115234,-5.155901050142242,60,55,D+
HFBL,Home Federal Bancorp Inc. of Louisiana Common Stock,Savings Institutions,22,22.0,-3.930129404028504,84,74,C+
HFFG,HF Foods Group Inc. Common Stock,Food Distributors,13,1.6399999856948853,-55.795149088084294,16,30,E-
HFWA,Heritage Financial Corporation Common Stock,Banks,27,29.420000076293945,-2.679455766483485,67,55,C
HG,Hamilton Insurance Group Ltd. Class B Common Shares,Property-Casualty Insurers,46,34.599998474121094,0.0,83,94,B-
HGBL,Heritage Global Inc. Common Stock,Business Services,92,1.25,-45.88744454703668,25,46,E+
HGTY,Hagerty Inc. Class A Common Stock,Specialty Insurers,105,12.229999542236328,-11.505066481176318,55,40,B-
HGV,Hilton Grand Vacations Inc. Common Stock,Hotels/Resorts,35,50.41999816894531,-7.807644112242363,61,81,C-
HHH,Howard Hughes Holdings Inc. Common Stock,Real Estate Investment Trusts,45,72.05000305175781,-19.810791012411755,46,39,C+
HHS,Harte Hanks Inc. Common Stock,Advertising,97,2.490000009536743,-36.3171367039053,28,21,B+
HIFS,Hingham Institution for Savings Common Stock,Banks,27,290.739990234375,-12.595324811249487,42,,D
HIG,The Hartford Insurance Group Inc. Common Stock,Property-Casualty Insurers,46,138.77999877929688,-2.4352342889226386,51,92,C-
HIHO,Highway Holdings Limited Common Stock,Metal Fabrications,38,0.8399999737739563,-52.54237385165084,19,,A+
HII,Huntington Ingalls Industries Inc. Common Stock,Marine Transportation,11,286.0899963378906,-36.674759811392775,31,47,E
HIMS,Hims & Hers Health Inc. Class A Common Stock,Medical/Nursing Services,32,34.380001068115234,-48.05076925116536,64,40,B+
HIMX,Himax Technologies Inc. American Depositary Shares,Semiconductors,1,15.229999542236328,-35.93199227291415,93,34,B+
HIND,Vyome Holdings Inc. Common Stock,Medical/Dental Instruments,117,2.25,-85.65051048336203,14,,C
HIPO,Hippo Holdings Inc. Common Stock,Property-Casualty Insurers,46,28.760000228881836,-24.015848379635464,42,99,A-
HIT,Health In Tech Inc. Class A Common Stock,Specialty Insurers,105,1.059999942779541,-71.88329050020218,18,36,E+
HITI,High Tide Inc. Common Shares,Other Specialty Stores,117,2.2100000381469727,-44.47236111668552,29,35,A
HIVE,HIVE Digital Technologies Ltd. Common Shares,Finance: Consumer Services,112,3.3499999046325684,-51.86781772598279,78,5,B+
HIW,Highwoods Properties Inc. Common Stock,Real Estate Investment Trusts,45,31.219999313354492,-2.711127563404636,76,44,B+
HKD,AMTD Digital Inc. American Depositary Shares (every five of which represent two Class A Ordinary Shares),Finance: Consumer Services,112,1.5399999618530273,-47.79661230642331,38,,D-
HKIT,Hitek Global Inc. Class A Ordinary Share,Computer Software: Prepackaged Software,120,4.119999885559082,-99.33815262882585,8,,A+
HKPD,Cellyan Biotechnology Co. Ltd Class A Ordinary Shares,Other Pharmaceuticals,139,0.44999998807907104,-74.13793186134069,11,,A+
HL,Hecla Mining Company Common Stock,Mining & Quarrying of Nonmetallic Minerals (No Fuels),67,15.819999694824219,-50.24594981522421,78,40,D+
HLF,Herbalife Ltd. Common Shares,Other Pharmaceuticals,139,13.149999618530273,-34.11823536224527,57,51,C-
HLI,Houlihan Lokey Inc. Class A Common Stock,Investment Managers,73,135.3300018310547,-34.52331180968928,23,49,C-
HLIO,Helios Technologies Inc. Common Stock,Metal Fabrications,38,80.02999877929688,-13.705953575565943,88,87,D
HLIT,Harmonic Inc. Common Stock,Radio And Television Broadcasting And Communications Equipment,18,14.050000190734863,-17.884280014375896,86,66,B+
HLLY,Holley Inc. Common Stock,Auto Parts:O.E.M.,64,2.5199999809265137,-42.59680962259586,26,41,B
HLMN,Hillman Solutions Corp. Common Stock,Industrial Machinery/Components,68,7.730000019073486,-28.026069052060144,31,54,C-
HLN,Haleon plc American Depositary Shares (Each representing two Ordinary Shares),Package Goods/Cosmetics,84,9.760000228881836,-12.250027823511989,46,,C-
HLNE,Hamilton Lane Incorporated Class A Common Stock,Investment Managers,73,81.08999633789062,-48.557746664291855,17,59,D-
HLP,Hongli Group Inc. Ordinary Shares,Industrial Machinery/Components,68,1.1699999570846558,-31.578951404438772,82,,A+
HLT,Hilton Worldwide Holdings Inc. Common Stock,Hotels/Resorts,35,335.4800109863281,-4.208780247558186,65,74,E+
HLX,Helix Energy Solutions Group Inc. Common Stock,Oilfield Services/Equipment,18,9.220000267028809,-12.606634120007666,71,29,D-
HMC,Honda Motor Company Ltd. Common Stock,Auto Manufacturing,138,27.93000030517578,-19.856523592343812,45,,C+
HMH,HMH Holding Inc. Class A Common Stock,Oil and Gas Field Machinery,35,19.799999237060547,-18.384175390532775,52,,C+
HMN,Horace Mann Educators Corporation Common Stock,Property-Casualty Insurers,46,52.529998779296875,-2.9379160827202933,72,,C+
HMR,Heidmar Maritime Holdings Corp. Common Stock,Marine Transportation,11,1.0700000524520874,-34.355824810905176,54,,A
HMY,Harmony Gold Mining Company Limited,Precious Metals,104,15.109999656677246,-40.857590494441375,33,,D
HNGE,Hinge Health Inc. Class A Common Stock,EDP Services,125,88.80000305175781,-1.2455461966126902,96,30,A
HNI,HNI Corporation Common Stock,Office Equipment/Supplies/Services,61,39.95000076293945,-22.54430386300249,43,50,B
HNNA,Hennessy Advisors Inc. Common Stock,Investment Managers,73,10.149999618530273,-17.050806103219895,44,45,C
HNRG,Hallador Energy Company Common Stock,Electric Utilities: Central,55,16.329999923706055,-31.415370474643034,41,,C-
HNST,The Honest Company Inc. Common Stock,Catalog/Specialty Distribution,68,4.010000228881836,-18.989891244518052,75,21,B
HNVR,Hanover Bancorp Inc. Common Stock,Major Banks,26,23.614999771118164,-2.1342702343967956,53,51,C
HODO,House of Doge Inc. Common Stock,Services-Misc. Amusement & Recreation,87,1.3799999952316284,-92.81250031044085,4,,E-
HOFT,Hooker Furnishings Corporation Common Stock,Home Furnishings,40,14.989999771118164,-15.928211804487669,78,52,A-
HOG,Harley-Davidson Inc. Common Stock,Motor Vehicles,126,25.139999389648438,-16.341988285237985,58,34,D
HOLO,MicroCloud Hologram Inc. Ordinary Shares,Computer Software: Programming Data Processing,110,1.4700000286102295,-78.72648247364629,9,,D-
HOMB,Home BancShares Inc. Common Stock,Major Banks,26,28.719999313354492,-4.692782981565502,47,55,C
HON,Honeywell International Inc. Common Stock,Aerospace,90,226.4199981689453,-12.48268221611486,45,41,D-
HOOD,Robinhood Markets Inc. Class A Common Stock,Investment Bankers/Brokers/Service,84,111.97000122070312,-26.55778808219168,73,71,A-
HOPE,Hope Bancorp Inc. Common Stock,Major Banks,26,13.4399995803833,-3.724931635692863,69,56,C-
HOUR,Hour Loop Inc. Common Stock,Catalog/Specialty Distribution,68,2.0799999237060547,-63.50877204723599,55,,A
HOV,Hovnanian Enterprises Inc. Class A Common Stock,Homebuilding,49,127.30000305175781,-18.48104503941821,63,29,B-
HOVNP,Hovnanian Enterprises Inc Dep Shr Srs A Pfd,Homebuilding,49,20.549999237060547,-3.9400893720065167,62,,C-
HOVR,New Horizon Aircraft Ltd. Class A Ordinary Share,Aerospace,90,1.7599999904632568,-54.98721350822322,42,38,E-
HOWL,Werewolf Therapeutics Inc. Common Stock,Biotechnology: Pharmaceutical Preparations,68,0.40299999713897705,-81.59817412742612,6,21,C-
HP,Helmerich & Payne Inc. Common Stock,Oil & Gas Production,43,33.33000183105469,-19.744756054098346,79,21,E+
HPAI,Helport AI Limited Ordinary Shares,Computer Software: Prepackaged Software,120,0.6489999890327454,-87.27450978100552,3,,A+
HPE,Hewlett Packard Enterprise Company Common Stock,Retail: Computer Software & Peripheral Equipment,15,48.540000915527344,-13.300065063431221,96,62,A
HPK,HighPeak Energy Inc. Common Stock,Oil & Gas Production,43,7.010000228881836,-31.508557938372107,61,5,D
HPP,Hudson Pacific Properties Inc. Common Stock,Real Estate,87,15.180000305175781,-29.362492010925056,91,5,A-
HPQ,HP Inc. Common Stock,Computer Manufacturing,15,24.219999313354492,-16.44551844619948,66,53,B
HQ,Horizon Quantum Holdings Ltd. Class A Ordinary Shares,EDP Services,125,22.989999771118164,-40.114612824616934,97,,A+
HQH,abrdn Healthcare Investors Shares of Beneficial Interest,Finance Companies,58,21.59000015258789,-2.2634676167778256,77,,C+
HQI,HireQuest Inc. Common Stock (DE),Professional Services,97,12.40999984741211,-12.482372494150173,73,46,A-
HQL,abrdn Life Sciences Investors Shares of Beneficial Interest,Investment Managers,73,20.280000686645508,-2.6404188145704555,83,,B
HQY,HealthEquity Inc. Common Stock,Business Services,92,94.4000015258789,-10.470410337539915,51,92,B-
HR,Healthcare Realty Trust Incorporated Common Stock,Real Estate Investment Trusts,45,20.690000534057617,-0.04831028267274773,74,21,C
HRB,H&R Block Inc. Common Stock,Other Consumer Services,123,39.59000015258789,-27.220719527622105,46,69,C+
HRI,Herc Holdings Inc. Common Stock,Misc Corporate Leasing Services,12,148.91000366210938,-16.974958151285612,73,42,B
HRL,Hormel Foods Corporation Common Stock,Meat/Poultry/Fish,87,24.729999542236328,-17.67261432732904,56,65,C-
HRMY,Harmony Biosciences Holdings Inc. Common Stock,Biotechnology: Pharmaceutical Preparations,68,36.84000015258789,-9.059487338942972,69,58,B+
HROW,Harrow Inc. Common Stock,Biotechnology: Pharmaceutical Preparations,68,42.47999954223633,-22.481751580924037,58,21,B
HRTG,Heritage Insurance Holdings Inc. Common Stock,Property-Casualty Insurers,46,28.059999465942383,-9.890815620021842,59,83,B
HRTX,Heron Therapeutics Inc. Common Stock,Biotechnology: Pharmaceutical Preparations,68,0.4099999964237213,-81.53153193063739,5,21,E
HRZN,Horizon Technology Finance Corporation Common Stock,Finance: Consumer Services,112,4.650000095367432,-33.8937074894493,33,62,C-
HSAI,Hesai Group American Depositary Share,Industrial Machinery/Components,68,16.15999984741211,-45.771811204226985,16,99,D+
HSBC,HSBC Holdings plc. Common Stock,Savings Institutions,22,99.08999633789062,0.0,81,,D+
HSCS,HeartSciences Inc. Common Stock,Industrial Specialties,84,2.740000009536743,-52.18150086533877,39,13,A+
HSDT,Solana Company Class A Common Stock (DE),Biotechnology: Electromedical & Electrotherapeutic Apparatus,76,1.75,-92.74761682194604,10,5,E
HSHP,Himalaya Shipping Ltd. Common Shares,Marine Transportation,11,15.279999732971191,-1.9164209716702962,93,99,D+
HSIC,Henry Schein Inc. Common Stock,Medical Specialities,34,84.4000015258789,-2.8097592295119433,65,46,C
HSLV,Highlander Silver Corp. Common Shares,,,4.769999980926514,-28.162649445184872,19,62,E+
HST,Host Hotels & Resorts Inc. Common Stock,Real Estate Investment Trusts,45,23.18000030517578,-4.223762617969795,83,84,C-
HSTM,HealthStream Inc. Common Stock,Computer Software: Programming Data Processing,110,28.079999923706055,-3.7426641575172503,74,90,B
HSY,The Hershey Company Common Stock,Specialty Foods,92,173.66000366210938,-25.93740962605654,36,71,E+
HTB,HomeTrust Bancshares Inc. Common Stock,Savings Institutions,22,48.81999969482422,-3.897636952702632,65,79,C
HTCO,High-Trend International Group Class A Ordinary Shares,Marine Transportation,11,3.180000066757202,-91.67974891367965,6,,A-
HTCR,Heartcore Enterprises Inc. Common Stock,EDP Services,125,3.0799999237060547,-85.97607745256917,11,,A
HTFL,Heartflow Inc. Common Stock,Medical/Dental Instruments,117,26.719999313354492,-33.04936252690289,31,21,E+
HTGC,Hercules Capital Inc. Common Stock,Investment Managers,73,16.010000228881836,-10.603331719819431,48,72,D+
HTH,Hilltop Holdings Inc.,Major Banks,26,38.29999923706055,-4.106157851872649,61,54,D+
HTHT,H World Group Limited American Depositary Shares,Hotels/Resorts,35,41.11000061035156,-24.74662035950155,39,96,E+
HTLD,Heartland Express Inc. Common Stock,Trucking Freight/Courier Services,6,14.800000190734863,-8.630220316512238,88,5,C
HTLM,HomesToLife Ltd Ordinary Shares,Other Specialty Stores,117,1.7999999523162842,-53.48837194975147,24,,A
HTO,H2O America Common Stock,Water Supply,79,61.470001220703125,-1.521943249134572,67,44,C-
HTOO,Fusion Fuel Green PLC Class A Ordinary Shares,Industrial Machinery/Components,68,2.5920000076293945,-62.91845361227012,17,,D-
HTT,High Templar Tech Limited American depositary shares each representing one Class A ordinary share,Finance: Consumer Services,112,2.700000047683716,-46.21513828800071,30,40,B
HTZ,Hertz Global Holdings Inc Common Stock,Rental/Leasing Companies,129,2.049999952316284,-74.27854446321147,4,21,E-
HUBB,Hubbell Inc Common Stock,Electrical Products,3,490.94000244140625,-11.729781378817872,53,61,D-
HUBC,Hub Cyber Security Ltd. Ordinary Shares,Computer Communications Equipment,7,1.340000033378601,-99.99791763786577,1,,A+
HUBG,Hub Group Inc. Class A Common Stock,Integrated Freight & Logistics,141,46.20000076293945,-11.48033166773439,73,,C-
HUBS,HubSpot Inc. Common Stock,Computer Software: Prepackaged Software,120,207.47999572753906,-63.009451471448855,16,99,C+
HUDI,Huadi International Group Co. Ltd. Ordinary Shares,Steel/Iron Ore,66,0.859000027179718,-52.277775003586214,15,,E-
HUHU,HUHUTECH International Group Inc. Ordinary Shares,Metal Fabrications,38,6.510000228881836,-44.35897149565234,24,,E-
HUIZ,Huize Holding Limited American Depositary Shares,Specialty Insurers,105,1.3200000524520874,-68.64607979830129,15,,B-
HUM,Humana Inc. Common Stock,Medical Specialities,34,392.2200012207031,-4.201067764868116,92,31,B+
HUMA,Humacyte Inc. Common Stock,Biotechnology: Biological Products (No Diagnostic Substances),64,0.6940000057220459,-74.57875454676454,18,21,E
HUN,Huntsman Corporation Common Stock,Major Chemicals,54,11.130000114440918,-29.955947929743555,43,5,E-
HURA,TuHURA Biosciences Inc. Common Stock,Biotechnology: Pharmaceutical Preparations,68,2.390000104904175,-26.461535233717704,88,,E
HURC,Hurco Companies Inc. Common Stock,Industrial Machinery/Components,68,23.31999969482422,0.0,82,21,A-
HURN,Huron Consulting Group Inc. Common Stock,Professional Services,97,105.8499984741211,-42.96260511384028,20,82,D
HUT,Hut 8 Corp. Common Stock,Finance: Consumer Services,112,102.22000122070312,-23.15441442075966,97,21,C
HUYA,HUYA Inc. American depositary shares each  representing one Class A ordinary share,Computer Software: Programming Data Processing,110,2.450000047683716,-46.735185982852286,28,11,D-
HVII,Hennessy Capital Investment Corp. VII Ordinary Shares,,,10.456999778747559,-4.064218855839263,46,33,D
HVIIU,Hennessy Capital Investment Corp. VII Unit,Blank Checks,76,10.770000457763672,-20.22221883138021,47,,B
HVMC,Highview Merger Corp. Class A Ordinary Share,,,10.170000076293945,-0.2941150346291277,46,,D+
HVT,Haverty Furniture Companies Inc. Common Stock,Other Specialty Stores,117,25.100000381469727,-5.363182262776888,66,48,B
HVT-A,Haverty Furniture Companies Inc.,,,28.600000381469727,-23.071066099227444,79,43,A+
HWBK,Hawthorn Bancshares Inc. Common Stock,Major Banks,26,38.970001220703125,-3.131986914914997,74,38,A-
HWC,Hancock Whitney Corporation Common Stock,Major Banks,26,75.41000366210938,-0.33042557216422797,67,37,C
HWH,HWH International Inc. Common Stock,Other Pharmaceuticals,139,1.2100000381469727,-80.48386975208005,30,,A+
HWKN,Hawkins Inc. Common Stock,Specialty Chemicals,120,133.75999450683594,-27.229399402500576,29,57,E
HWM,Howmet Aerospace Inc. Common Stock,Metal Fabrications,38,270.8500061035156,-4.371007450693531,77,97,D
HXHX,Haoxin Holdings Limited Class A Ordinary Shares,Trucking Freight/Courier Services,6,0.574999988079071,-66.17647223819081,23,,A+
HXL,Hexcel Corporation Common Stock,Major Chemicals,54,99.1500015258789,-2.122410129425556,83,66,C
HY,Hyster-Yale Inc. Class A common stock,Construction/Ag Equipment/Trucks,35,32.68000030517578,-22.231210309904437,36,5,D-
HYFM,Hydrofarm Holdings Group Inc. Common Stock,Consumer Specialties,30,0.8040000200271606,-82.7096773432726,9,5,E-
HYFT,MindWalk Holdings Corp. Common Stock,Biotechnology: Pharmaceutical Preparations,68,1.4299999475479126,-55.31250230502334,35,5,B+
HYLN,Hyliion Holdings Corp. Class A Common Stock,Construction/Ag Equipment/Trucks,35,4.130000114440918,-49.01234666742646,97,21,C+
HYMC,Hycroft Mining Holding Corporation Class A Common Stock,Precious Metals,104,21.3799991607666,-61.643346758229434,97,,D-
HYNE,Hoyne Bancorp Inc. Common Stock,Banks,27,16.59000015258789,-1.0143202504316884,61,,C
HYPD,Hyperion DeFi Inc. Common Stock,Biotechnology: Pharmaceutical Preparations,68,3.0899999141693115,-80.65122190042267,16,,B-
HYPR,Hyperfine Inc. Class A Common Stock,Biotechnology: Electromedical & Electrotherapeutic Apparatus,76,1.090000033378601,-50.454545011205134,42,21,E-
HZO,MarineMax Inc.  (FL) Common Stock,Auto & Home Supply Stores,115,34.36000061035156,-8.95601727024764,77,21,B
IAG,Iamgold Corporation Ordinary Shares,Precious Metals,104,15.319999694824219,-37.647538115145174,67,,D-
IART,Integra LifeSciences Holdings Corporation Common Stock,Medical/Dental Instruments,117,18.790000915527344,0.0,91,55,B+
IAUX,i-80 Gold Corp. Common Shares,Precious Metals,104,1.399999976158142,-32.69230636971937,77,40,E+
IBCP,Independent Bank Corporation Common Stock,Major Banks,26,35.880001068115234,-2.2343315470779834,57,53,C
IBEX,IBEX Limited Common Shares,EDP Services,125,33.09000015258789,-21.21428535098121,51,90,C
IBG,Innovation Beverage Group Limited Ordinary Shares,Beverages (Production/Distribution),97,1.0099999904632568,-97.13475180010424,6,,C
IBIO,iBio Inc. Common Stock,Biotechnology: Pharmaceutical Preparations,68,1.5099999904632568,-50.814331488656904,61,13,D-
IBKR,Interactive Brokers Group Inc. Class A Common Stock,Investment Bankers/Brokers/Service,84,94.08999633789062,-2.819668834474842,84,94,C+
IBM,International Business Machines Corporation Common Stock,Computer Manufacturing,15,287.55999755859375,-12.656808929081741,57,68,B+
IBN,ICICI Bank Limited Common Stock,Commercial Banks,8,29.0,-15.054560147119144,40,59,C
IBO,Impact BioMedical Inc. Common Stock,Biotechnology: Pharmaceutical Preparations,68,0.44200000166893005,-43.333331040846915,18,,E
IBOC,International Bancshares Corporation Common Stock,Major Banks,26,75.41999816894531,-3.0840420653953426,57,,C-
IBP,Installed Building Products Inc. Common Stock,Homebuilding,49,225.1300048828125,-33.9362515535198,34,44,D+
IBRX,ImmunityBio Inc. Common Stock,Biotechnology: Biological Products (No Diagnostic Substances),64,8.220000267028809,-28.83116769450187,97,5,B+
IBTA,Ibotta Inc. Class A Common Stock,Advertising,97,30.860000610351562,-23.06158030227695,49,36,D-
ICCC,ImmuCell Corporation Common Stock,Biotechnology: In Vitro & In Vivo Diagnostic Substances,55,10.890000343322754,-4.973819310007476,91,43,A-
ICCM,IceCure Medical Ltd. Ordinary Shares,Medical/Dental Instruments,117,3.6500000953674316,-89.77591031550752,3,,A+
ICE,Intercontinental Exchange Inc. Common Stock,Investment Bankers/Brokers/Service,84,135.25999450683594,-27.307523472077268,25,87,E+
ICFI,ICF International Inc. Common Stock,Professional Services,97,76.83000183105469,-23.168040323293148,40,47,C+
ICG,Intchains Group Limited American Depositary Shares,Semiconductors,1,0.9200000166893005,-70.41800489639715,10,28,A
ICHR,Ichor Holdings Ordinary Shares,Semiconductors,1,100.30000305175781,-10.669750496780406,99,34,A-
ICL,ICL Group Ltd. Ordinary Shares,Agricultural Chemicals,134,4.849999904632568,-30.318967607924485,26,57,E+
ICLR,ICON plc Ordinary Shares,Biotechnology: Commercial Physical & Biological Resarch,23,167.72000122070312,-17.34673628320048,70,36,A-
ICMB,Investcorp Credit Management BDC Inc. Common Stock,Finance: Consumer Services,112,0.9200000166893005,-70.22653584970648,6,,E-
ICON,Icon Energy Corp. Common stock,Marine Transportation,11,0.9760000109672546,-94.01226959110423,8,,E-
ICU,SeaStar Medical Holding Corporation Common Stock,Medical/Dental Instruments,117,4.949999809265137,-60.08064547140815,69,21,A
ICUI,ICU Medical Inc. Common Stock,Medical/Dental Instruments,117,154.4199981689453,-3.1424416590323245,69,58,B
IDA,IDACORP Inc. Common Stock,Electric Utilities: Central,55,150.64999389648438,-2.523461066492083,64,58,C
IDAI,T Stamp Inc. Class A Common Stock,Computer Software: Prepackaged Software,120,2.3299999237060547,-50.0,23,,A
IDCC,InterDigital Inc. Common Stock,Multi-Sector Companies,97,264.8800048828125,-32.73349115880044,29,51,C
IDN,Intellicheck Inc. Common Stock,Computer Software: Prepackaged Software,120,4.130000114440918,-54.0600642982304,15,94,D-
IDR,Idaho Strategic Resources Inc. Common Stock,Precious Metals,104,30.760000228881836,-41.58754212303043,56,,E
IDT,IDT Corporation Class B Common Stock,Telecommunications Equipment,74,61.099998474121094,-10.107494994091915,67,61,B+
IDXX,IDEXX Laboratories Inc. Common Stock,Biotechnology: In Vitro & In Vivo Diagnostic Substances,55,563.5700073242188,-26.492146305095375,36,85,D+
IDYA,IDEAYA Biosciences Inc. Common Stock,Biotechnology: Pharmaceutical Preparations,68,36.9900016784668,-8.689204613457957,77,21,B
IE,Ivanhoe Electric Inc. Common Stock,Metal Mining,71,9.130000114440918,-54.16666626770653,19,5,E
IEP,Icahn Enterprises L.P. Common Stock,Auto Parts:O.E.M.,64,7.489999771118164,-4.581386938976295,54,21,D
IESC,IES Holdings Inc. Common Stock,Engineering & Construction,30,625.5399780273438,-18.394343940528344,88,90,E
IEX,IDEX Corporation Common Stock,Fluid Controls,49,222.16000366210938,-2.272566482879701,72,58,C-
IFBD,Infobird Co. Ltd Ordinary Shares,Computer Software: Prepackaged Software,120,1.2100000381469727,-10.037173798631848,72,,A+
IFF,International Flavors & Fragrances Inc. Common Stock,Major Chemicals,54,77.52999877929688,-7.5152128285222,62,62,C-
IFRX,InflaRx N.V. Common Stock,Biotechnology: Pharmaceutical Preparations,68,2.049999952316284,-25.182483752513505,95,5,A
IFS,Intercorp Financial Services Inc. Common Shares,Commercial Banks,8,60.68000030517578,0.0,86,,B-
IGC,IGC Pharma Inc. Common Stock,Biotechnology: Pharmaceutical Preparations,68,0.27000001072883606,-42.55318906092438,24,,E
IGI,Western Asset Investment Grade Opportunity Trust Inc. Common Stock,Investment Managers,73,16.09000015258789,-1.2778372343544175,45,,D
IGIC,International General Insurance Holdings Ltd. Ordinary Share,Property-Casualty Insurers,46,28.190000534057617,-0.21238749006152746,70,50,C+
IH,iHuman Inc. American depositary shares each representing five Class A ordinary shares,Other Consumer Services,123,1.4199999570846558,-52.548171571662,19,56,A-
IHG,Intercontinental Hotels Group American Depositary Shares (Each representing one Ordinary Share),Hotels/Resorts,35,165.00999450683594,-5.237472072727634,76,54,C
IHRT,iHeartMedia Inc. Class A Common Stock,Broadcasting,95,4.119999885559082,-34.913113187734034,82,21,E
IHS,IHS Holding Limited Ordinary Shares,Telecommunications Equipment,74,8.279999732971191,-5.154637260723871,63,64,D
IHT,InnSuites Hospitality Trust Shares of Beneficial Interest,Investment Bankers/Brokers/Service,84,1.649999976158142,-49.85346455995131,68,13,A+
III,Information Services Group Inc. Common Stock,Professional Services,97,3.9100000858306885,-34.46405617769997,26,67,C-
IIIN,Insteel Industries Inc. Common Stock,Steel/Iron Ore,66,29.270000457763672,-23.52558394683656,25,34,C-
IIIV,i3 Verticals Inc. Class A Common Stock,Computer Software: Prepackaged Software,120,21.030000686645508,-36.484444883789415,24,99,B-
IIM,Invesco Value Municipal Income Trust Common Stock,Investment Managers,73,12.9399995803833,-0.4615416893592239,58,,D+
IIPR,Innovative Industrial Properties Inc. Common Stock,Real Estate,87,64.44000244140625,0.0,81,42,C-
IKT,Inhibikase Therapeutics Inc. Common Stock,Biotechnology: Biological Products (No Diagnostic Substances),64,2.0399999618530273,-4.672903651825999,65,11,B
ILAG,Intelligent Living Application Group Inc. Ordinary Shares,Office Equipment/Supplies/Services,61,3.809999942779541,-56.35738668316643,31,,E-
ILLR,Triller Group Inc. Common Stock,Investment Managers,73,2.3399999141693115,-84.18918997288795,97,,A+
ILMN,Illumina Inc. Common Stock,Medical Specialities,34,190.1999969482422,-2.1252533545504826,92,70,B+
ILPT,Industrial Logistics Properties Trust Common Shares of Beneficial Interest,Real Estate Investment Trusts,45,9.0,-3.846150319251662,92,21,B+
IMA,ImageneBio Inc. Common Stock,Biotechnology: Biological Products (No Diagnostic Substances),64,5.909999847412109,-66.98324037228463,31,,A
IMAX,Imax Corporation Common Stock,Industrial Machinery/Components,68,38.27000045776367,-14.898822728639228,65,95,E+
IMCC,IM Cannabis Corp. Common Shares,Medicinal Chemicals and Botanical Products,135,0.1550000011920929,-95.49418608680682,3,,A
IMCR,Immunocore Holdings plc American Depositary Shares,Biotechnology: Biological Products (No Diagnostic Substances),64,31.950000762939453,-20.552031227871502,40,53,B+
IMDX,Insight Molecular Diagnostics Inc. Common Stock,Biotechnology: In Vitro & In Vivo Diagnostic Substances,55,5.079999923706055,-40.094337288532834,84,5,B-
IMKTA,Ingles Markets Incorporated Class A Common Stock,Food Chains,55,90.75,-4.531332631157026,68,64,D+
IMMP,Immutep Limited American Depositary Shares,Biotechnology: Pharmaceutical Preparations,68,0.41999998688697815,-86.79245351981164,14,,A
IMMR,Immersion Corporation Common Stock,Computer peripheral equipment,52,6.75,-11.21033654486957,54,42,C+
IMMX,Immix Biopharma Inc. Common Stock,Biotechnology: Pharmaceutical Preparations,68,11.109999656677246,-7.5707218505025935,98,5,B+
IMNM,Immunome Inc. Common Stock,Biotechnology: Pharmaceutical Preparations,68,23.350000381469727,-13.422317478859869,88,,B
IMNN,Imunon Inc. Common Stock,Biotechnology: Pharmaceutical Preparations,68,2.0199999809265137,-76.17435954889602,8,,E+
IMO,Imperial Oil Limited Common Stock,Integrated oil Companies,10,120.51000213623047,-12.448186943492212,74,37,D-
IMOS,ChipMOS TECHNOLOGIES INC. American Depositary Shares,Semiconductors,1,75.79000091552734,0.0,98,47,A-
IMPP,Imperial Petroleum Inc. Common Shares,Marine Transportation,11,4.965000152587891,-21.811020044807673,76,70,C
IMRN,Immuron Limited American Depositary Shares,Biotechnology: Pharmaceutical Preparations,68,1.2300000190734863,-47.6595715323741,65,,A+
IMRX,Immuneering Corporation Class A Common Stock,Biotechnology: Pharmaceutical Preparations,68,5.110000133514404,-44.81641460897191,30,21,B
IMSR,Terrestrial Energy Inc. Common Stock,,,5.889999866485596,-78.26568345544001,17,,D
IMTE,Integrated Media Technology Limited Ordinary Shares,Consumer Electronics/Appliances,119,0.515999972820282,-64.16666997803569,16,,A+
IMTX,Immatics N.V. Ordinary Shares,Biotechnology: Biological Products (No Diagnostic Substances),64,9.680000305175781,-18.449870273778444,58,,E
IMUX,Immunic Inc. Common Stock,Biotechnology: Pharmaceutical Preparations,68,14.770000457763672,-4.153143387317526,90,5,B
IMVT,Immunovant Inc. Common Stock,Biotechnology: Biological Products (No Diagnostic Substances),64,39.709999084472656,-3.35848396931272,94,5,A-
IMXI,International Money Express Inc. Common Stock,Business Services,92,14.5,-9.033874644234297,50,34,E
INAB,IN8bio Inc. Common Stock,Biotechnology: Biological Products (No Diagnostic Substances),64,1.3300000429153442,-48.64864528993955,17,,E
INBK,First Internet Bancorp Common Stock,Major Banks,26,26.40999984741211,-7.625044748306697,64,54,C
INBS,Intelligent Bio Solutions Inc. Common Stock,Medical/Dental Instruments,117,2.1600000858306885,-90.39999961853027,7,13,B
INBX,Inhibrx Biosciences Inc. Common Stock,Biotechnology: Biological Products (No Diagnostic Substances),64,93.01000213623047,-34.42611073207979,96,13,C
INCR,Intercure Ltd. Ordinary Shares,Biotechnology: Pharmaceutical Preparations,68,0.9700000286102295,-43.930634802552206,39,,A
INCY,Incyte Corp. Common Stock,Biotechnology: Commercial Physical & Biological Resarch,23,116.70999908447266,-1.52716639373921,79,92,B
INDB,Independent Bank Corp. Common Stock,Major Banks,26,83.70999908447266,-1.5176481359145177,65,69,C-
INDI,indie Semiconductor Inc. Class A Common Stock,Semiconductors,1,4.440000057220459,-25.999999046325684,78,21,A-
INDO,Indonesia Energy Corporation Limited Ordinary Shares,Oil & Gas Production,43,2.740000009536743,-59.34717948688923,33,,D
INDP,Indaptus Therapeutics Inc. Common Stock,Biotechnology: Pharmaceutical Preparations,68,2.630000114440918,-79.09379864553986,38,5,A+
INDV,Indivior Pharmaceuticals Inc. Common Stock,Biotechnology: Pharmaceutical Preparations,68,40.5,-3.1795404562169782,91,96,B-
INEO,INNEOVA Holdings Limited Class A Ordinary Shares,Motor Vehicles,126,0.699999988079071,-44.00000095367431,54,,A
INFQ,Infleqtion Inc. Common Stock,EDP Services,125,11.170000076293945,-43.78460188970534,24,,B+
INFU,InfuSystems Holdings Inc. Common Stock,Medical/Dental Instruments,117,9.680000305175781,-10.287299912896565,61,41,A
INFY,Infosys Limited American Depositary Shares,EDP Services,125,10.9399995803833,-44.725537261937276,17,77,E
ING,ING Group N.V. Common Stock,Commercial Banks,8,32.38999938964844,-1.72936805417796,77,76,C
INGM,Ingram Micro Holding Corporation Common Stock,Retail: Computer Software & Peripheral Equipment,15,29.059999465942383,-8.154235061553594,78,44,D-
INGN,Inogen Inc Common Stock,Industrial Specialties,84,6.539999961853027,-26.927373170636848,32,21,D
INGR,Ingredion Incorporated Common Stock,Packaged Foods,129,98.75,-25.355272033048305,27,47,D-
INKT,MiNK Therapeutics Inc. Common Stock,Biotechnology: Biological Products (No Diagnostic Substances),64,11.050000190734863,-82.78011453009134,46,5,B+
INLF,INLIF LIMITED Class A Ordinary Shares,Industrial Machinery/Components,68,3.430000066757202,-84.90316826400124,10,,A+
INLX,Intellinetics Inc. Common Stock,Computer Software: Prepackaged Software,120,6.0,-57.14285714285714,16,,B+
INM,InMed Pharmaceuticals Inc. Common Shares,Biotechnology: Pharmaceutical Preparations,68,1.6399999856948853,-48.26498592352675,89,5,A+
INMB,INmune Bio Inc. Common stock,Biotechnology: Biological Products (No Diagnostic Substances),64,1.940000057220459,-38.607594793451426,72,,A+
INMD,InMode Ltd. Ordinary Shares,Biotechnology: Electromedical & Electrotherapeutic Apparatus,76,15.279999732971191,-8.062581459677077,51,53,A-
INN,Summit Hotel Properties Inc. Common Stock,Real Estate Investment Trusts,45,6.460000038146973,-8.62800733668243,82,21,B-
INNV,InnovAge Holding Corp. Common Stock,Medical/Nursing Services,32,11.520000457763672,-4.8720001291515995,95,86,A-
INO,Inovio Pharmaceuticals Inc. Common Stock,Medical/Dental Instruments,117,1.1799999475479126,-58.88501760974649,28,,B+
INOD,Innodata Inc. Common Stock,EDP Services,125,67.80000305175781,-44.1975283524627,84,74,B+
INR,Infinity Natural Resources Inc. Class A Common Stock,Oil & Gas Production,43,12.600000381469727,-34.477375551697875,26,30,E+
INSE,Inspired Entertainment Inc. Common Stock,Computer Software: Prepackaged Software,120,7.230000019073486,-26.374742935234828,33,21,D
INSG,Inseego Corp. Common Stock,Telecommunications Equipment,74,8.760000228881836,-56.82602349131456,21,62,E-
INSM,Insmed Incorporated Common Stock,Biotechnology: Pharmaceutical Preparations,68,115.61000061035156,-45.31479182265766,23,21,E+
INSP,Inspire Medical Systems Inc. Common Stock,Medical/Dental Instruments,117,51.7599983215332,-64.05306177727002,16,73,B
INSW,International Seaways Inc. Common Stock,Marine Transportation,11,88.4800033569336,-1.667037057166787,94,81,D+
INTA,Intapp Inc. Common Stock,Computer Software: Prepackaged Software,120,28.06999969482422,-41.116004252103245,34,21,B
INTC,Intel Corporation Common Stock,Semiconductors,1,109.83999633789062,-22.066131378453036,98,49,B
INTG,Intergroup Corporation (The) Common Stock,Building operators,80,39.650001525878906,-18.949298834910934,93,64,A-
INTJ,Intelligent Group Limited Class A Ordinary Shares,Professional Services,97,3.440000057220459,-89.57575740236224,5,,A+
INTR,Inter & Co. Inc. Class A Common Shares,Commercial Banks,8,5.820000171661377,-42.275506834616316,18,,E+
INTS,Intensity Therapeutics Inc. Common stock,Biotechnology: Biological Products (No Diagnostic Substances),64,4.78000020980835,-85.51515087936863,17,5,A-
INTT,inTest Corporation Common Stock,Electrical Products,3,15.100000381469727,-20.105816474910842,89,69,E
INTU,Intuit Inc. Common Stock,Computer Software: Prepackaged Software,120,274.9599914550781,-65.56200894680217,10,73,E
INTZ,Intrusion Inc. Common Stock,Computer Communications Equipment,7,0.9399999976158142,-59.3073584025831,23,21,A+
INUV,Inuvo Inc.,Advertising,97,1.1699999570846558,-80.10204193344813,7,62,B+
INV,Innventure Inc. Common Stock,Blank Checks,76,5.010000228881836,-31.557375527427812,68,21,E+
INVA,Innoviva Inc. Common Stock,Biotechnology: Pharmaceutical Preparations,68,22.239999771118164,-8.250825160415188,57,93,D
INVE,Identiv Inc. Common Stock,Computer peripheral equipment,52,2.930000066757202,-44.61247470915186,24,21,D
INVH,Invitation Homes Inc. Common Stock,Real Estate,87,29.600000381469727,-5.183550357070976,58,69,C-
INVX,Innovex International Inc. Common Stock,Oil and Gas Field Machinery,35,25.469999313354492,-17.971014688611962,70,31,D-
INVZ,Innoviz Technologies Ltd. Ordinary shares,Auto Parts:O.E.M.,64,0.6349999904632568,-73.31932941472049,14,21,D
IONQ,IonQ Inc. Common Stock,EDP Services,125,42.86000061035156,-47.78900898723942,56,52,C-
IONR,ioneer Ltd American Depositary Shares,Mining & Quarrying of Nonmetallic Minerals (No Fuels),67,4.139999866485596,-45.38258696364941,43,,A-
IONS,Ionis Pharmaceuticals Inc. Common Stock,Biotechnology: Pharmaceutical Preparations,68,58.25,-32.65895953757225,31,21,E-
IOR,Income Opportunity Realty Investors Inc. Common Stock,Real Estate Investment Trusts,45,18.399999618530273,-5.544147582572634,47,48,B
IOSP,Innospec Inc. Common Stock,Major Chemicals,54,81.62000274658203,-6.6035933806311675,51,42,D+
IOT,Samsara Inc. Class A Common Stock,EDP Services,125,36.720001220703125,-18.796991973782685,62,62,B-
IOTR,iOThree Limited Ordinary Shares,Telecommunications Equipment,74,3.299999952316284,-38.086303948354875,58,,A+
IOVA,Iovance Biotherapeutics Inc. Common Stock,Biotechnology: Biological Products (No Diagnostic Substances),64,4.230000019073486,-21.81145770092914,89,21,C+
IP,International Paper Company Common Stock,Paper,120,37.93000030517578,-28.61676597355256,37,62,C+
IPAR,Interparfums Inc. Common Stock,Package Goods/Cosmetics,84,119.27999877929688,-9.609615512699065,76,53,B+
IPDN,Professional Diversity Network Inc. Common Stock,Computer Software: Programming Data Processing,110,0.5600000023841858,-93.78468381622136,6,21,D+
IPGP,IPG Photonics Corporation Common Stock,Semiconductors,1,107.7300033569336,-30.004547596891975,67,58,C-
IPHA,Innate Pharma S.A. ADS,Biotechnology: Biological Products (No Diagnostic Substances),64,1.7929999828338623,-24.66386988997885,57,,A
IPI,Intrepid Potash Inc Common Stock,Mining & Quarrying of Nonmetallic Minerals (No Fuels),67,34.79999923706055,-28.746930531660542,50,61,E+
IPM,Intelligent Protection Management Corp. Common Stock,Computer Software: Programming Data Processing,110,1.7699999809265137,-27.459018876302,40,5,D
IPSC,Century Therapeutics Inc. Common Stock,Biotechnology: Biological Products (No Diagnostic Substances),64,2.25,-23.469389244597505,97,,C
IPST,IP Strategy Holdings Inc. Common Stock,Beverages (Production/Distribution),97,2.450000047683716,-99.38749998807907,2,,B-
IPW,iPower Inc. Common Stock,RETAIL: Building Materials,109,1.5299999713897705,-99.34278352605966,1,13,E-
IPWR,Ideal Power Inc. Common Stock,Semiconductors,1,4.570000171661377,-49.1657365070993,72,21,B+
IPX,IperionX Limited American Depositary Share,Other Metals and Minerals,135,25.030000686645508,-58.35967321162349,17,,E
IQ,iQIYI Inc. American Depositary Shares,Consumer Electronics/Video Chains,140,1.1299999952316284,-59.498207502443144,16,21,D+
IQI,Invesco Quality Municipal Income Trust Common Stock,Finance Companies,58,10.229999542236328,0.0,57,,D+
IQMX,IQM Quantum Computers Oyj American Depositary Shares,Blank Checks,76,12.4399995803833,-10.567938771777163,72,,A-
IQST,iQSTEL Inc. Common Stock,Telecommunications Equipment,74,1.0199999809265137,-89.60581197355339,4,,A+
IQV,IQVIA Holdings Inc. Common Stock,Biotechnology: Commercial Physical & Biological Resarch,23,207.85000610351562,-14.916692531050845,62,78,B
IR,Ingersoll Rand Inc. Common Stock,Industrial Machinery/Components,68,78.8499984741211,-20.120154123257795,36,81,C-
IRD,Opus Genetics Inc. Common Stock,Biotechnology: Pharmaceutical Preparations,68,3.9200000762939453,-31.82608562967052,93,,B+
IRDM,Iridium Communications Inc Common Stock,Telecommunications Equipment,74,50.060001373291016,-10.15793202335592,95,49,B+
IREN,IREN Limited Ordinary Shares,EDP Services,125,41.13999938964844,-46.1588831070176,76,34,E+
IRHO,Iron Horse Acquisitions II Corp. Common Stock,,,10.029999732971191,-0.39721909697362223,47,,D
IRIX,IRIDEX Corporation Common Stock,Biotechnology: Electromedical & Electrotherapeutic Apparatus,76,1.100000023841858,-29.48717537246027,48,21,C-
IRM,Iron Mountain Incorporated (Delaware)Common Stock REIT,Real Estate Investment Trusts,45,121.51000213623047,-8.680291322925338,73,90,D
IRMD,iRadimed Corporation Common Stock,Medical/Dental Instruments,117,97.19999694824219,-7.312109688374912,71,73,C-
IRON,Disc Medicine Inc. Common Stock,Biotechnology: Pharmaceutical Preparations,68,76.58999633789062,-18.61651701076903,64,5,B+
IRS,IRSA Inversiones Y Representaciones S.A. Global Depositary Shares (Each representing ten shares of Common Stock),Homebuilding,49,15.449999809265137,-16.078218700056425,52,33,C
IRT,Independence Realty Trust Inc. Common Stock,Real Estate Investment Trusts,45,16.739999771118164,-3.5748022568330873,52,29,C
IRTC,iRhythm Holdings Inc. Common Stock,Medical/Dental Instruments,117,116.12999725341797,-38.63672536147003,25,33,D+
IRWD,Ironwood Pharmaceuticals Inc. Class A Common Stock,Biotechnology: Pharmaceutical Preparations,68,4.46999979019165,-17.068647478349686,97,79,A-
ISBA,Isabella Bank Corporation Common stock,Major Banks,26,39.119998931884766,-29.929416774334083,39,75,C+
ISOU,IsoEnergy Ltd. Common Shares,,,10.5,-20.57488813984818,57,,A-
ISPC,iSpecimen Inc. Common Stock,Biotechnology: Commercial Physical & Biological Resarch,23,2.5,-96.7948717948718,3,,A-
ISPR,Ispire Technology Inc. Common Stock,Medicinal Chemicals and Botanical Products,135,1.6299999952316284,-55.706522672213524,21,5,E-
ISRG,Intuitive Surgical Inc. Common Stock,Industrial Specialties,84,406.7799987792969,-31.38567672584285,26,73,D
ISSC,Innovative Solutions and Support Inc. Common Stock,EDP Services,125,18.850000381469727,-38.318060501024796,55,88,C-
ISTR,Investar Holding Corporation Common Stock,Major Banks,26,29.549999237060547,-2.1847066117633096,67,53,C+
IT,Gartner Inc. Common Stock,Other Consumer Services,123,133.24000549316406,-65.6403099921105,14,66,D-
ITGR,Integer Holdings Corporation Common Stock,Biotechnology: Electromedical & Electrotherapeutic Apparatus,76,93.68000030517578,-23.068076794178072,44,80,C
ITIC,Investors Title Company Common Stock,Specialty Insurers,105,276.0,-1.9398819089176178,69,87,B
ITOC,iTonic Holdings Ltd Class A Ordinary Shares,Biotechnology: Electromedical & Electrotherapeutic Apparatus,76,0.3269999921321869,-98.94379844379199,15,,A+
ITP,IT Tech Packaging Inc. Common Stock,Containers/Packaging,48,0.18000000715255737,-47.058821982578436,27,34,C
ITRG,Integra Resources Corp. Common Shares,Precious Metals,104,2.2100000381469727,-52.16450015388836,27,,E+
ITRI,Itron Inc. Common Stock,Electrical Products,3,85.0999984741211,-38.52044531148291,23,60,D
ITRN,Ituran Location and Control Ltd. Ordinary Shares,Electronic Components,5,56.0,-14.955418411144727,80,85,D-
ITT,ITT Inc. Common Stock,Fluid Controls,49,195.0,-11.861628870690566,52,45,C-
ITW,Illinois Tool Works Inc. Common Stock,Industrial Machinery/Components,68,268.80999755859375,-9.162829175670428,51,54,D+
IVA,Inventiva S.A. American Depository Shares,Biotechnology: Pharmaceutical Preparations,68,4.300000190734863,-39.86013799467103,32,,A-
IVDA,Iveda Solutions Inc. Common Stock,Computer Software: Prepackaged Software,120,0.30000001192092896,-87.85425067020233,12,5,A+
IVF,INVO Fertility Inc. Common Stock,Medical/Dental Instruments,117,1.1299999952316284,-99.1835259789991,4,21,A+
IVR,INVESCO MORTGAGE CAPITAL INC Common Stock,Real Estate Investment Trusts,45,7.940000057220459,-7.843543657988894,57,40,D+
IVT,InvenTrust Properties Corp. Common Stock,Real Estate Investment Trusts,45,35.36000061035156,-1.7777760823567745,74,50,C+
IVVD,Invivyd Inc. Common Stock,Biotechnology: Biological Products (No Diagnostic Substances),64,0.7829999923706055,-72.81250134524366,10,5,C
IVZ,Invesco Ltd Common Stock,Investment Managers,73,28.979999542236328,-0.7534288183387639,80,75,D-
IX,ORIX Corporation American Depositary Shares,Diversified Financial Services,24,40.29999923706055,-0.14866544198125498,87,,C+
IXHL,Incannex Healthcare Inc. Common Stock,Biotechnology: Pharmaceutical Preparations,68,3.390000104904175,-93.0674846643714,16,13,B-
IZEA,IZEA Worldwide Inc. Common Stock,Advertising,97,3.5799999237060547,-37.19298169296606,43,21,E+
IZM,ICZOOM Group Inc. Class A Ordinary Shares,Consumer Electronics/Video Chains,140,0.30000001192092896,-88.90942623355397,5,,A+
J,Jacobs Solutions Inc. Common Stock,Military/Government/Technical,91,125.83000183105469,-22.85264456998818,36,75,D-
JACK,Jack In The Box Inc. Common Stock,Restaurants,105,14.890000343322754,-40.15272972033347,36,62,A-
JAGU,Jaguar Uranium Corp. Class A Common Shares,,,1.7400000095367432,-56.49999976158142,11,,A-
JAGX,Jaguar Health Inc. Common Stock,Biotechnology: Pharmaceutical Preparations,68,2.309999942779541,-97.5555556161063,1,,D
JAKK,JAKKS Pacific Inc. Common Stock,Recreational Games/Products/Toys,103,22.729999542236328,-4.8953978868971015,66,28,C+
JAN,Janus Living Inc. Class A-1 Common Stock,Real Estate Investment Trusts,45,28.700000762939453,-3.8525949877178944,74,35,C+
JANX,Janux Therapeutics Inc. Common Stock,Biotechnology: Pharmaceutical Preparations,68,16.399999618530273,-52.79217378767247,39,21,B-
JAZZ,Jazz Pharmaceuticals plc Common Stock (Ireland),Biotechnology: Pharmaceutical Preparations,68,243.82000732421875,-1.7844884897406876,90,50,C+
JBDI,JBDI Holdings Limited Ordinary Shares,,,1.3300000429153442,-71.94092600975806,25,,A+
JBGS,JBG SMITH Properties Common Shares,Real Estate Investment Trusts,45,14.539999961853027,-38.053675699267664,33,21,C
JBHT,J.B. Hunt Transport Services Inc. Common Stock,Trucking Freight/Courier Services,6,279.9599914550781,-3.4853709841984437,89,78,C+
JBI,Janus International Group Inc. Common Stock,Building Products,61,5.210000038146973,-51.21722950118192,21,81,C
JBIO,Jade Biosciences Inc. Common Stock,Biotechnology: Pharmaceutical Preparations,68,20.950000762939453,-21.973927503561985,91,,D
JBK,Lehman ABS 3.50 3.50% Adjustable Corp Backed Tr Certs GS Cap I,Finance: Consumer Services,112,25.8799991607666,-6.906475284122915,46,,D+
JBL,Jabil Inc. Common Stock,Electrical Products,3,330.2900085449219,-14.350542135513466,83,89,E+
JBLU,JetBlue Airways Corporation Common Stock,Air Freight/Delivery Services,9,5.760000228881836,-10.83591029615426,72,21,B+
JBS,JBS N.V. Class A Common Shares,Meat/Poultry/Fish,87,11.90999984741211,-30.161094522043598,28,43,E+
JBSS,John B. Sanfilippo & Son Inc. Common Stock,Specialty Foods,92,87.16999816894531,-3.7858723652799187,75,59,C+
JBTM,JBT Marel Corporation Common Stock,Industrial Machinery/Components,68,136.49000549316406,-18.905167372041408,43,64,C+
JCAP,Jefferson Capital Inc. Common Stock,Finance Companies,58,18.850000381469727,-17.184299587690845,46,51,B+
JCI,Johnson Controls International plc Ordinary Share,Industrial Machinery/Components,68,142.80999755859375,-3.6434848597629688,70,83,D-
JCSE,JE Cleantech Holdings Limited Ordinary Shares,Miscellaneous manufacturing industries,123,1.3200000524520874,-27.419353147157967,65,,B-
JCTC,Jewett-Cameron Trading Company Common Shares,RETAIL: Building Materials,109,2.5199999809265137,-35.714287452030426,56,13,B
JD,JD.com Inc. American Depositary Shares,Other Specialty Stores,117,28.200000762939453,-19.255323169371717,38,47,C
JEF,Jefferies Financial Group Inc. Common Stock,Investment Bankers/Brokers/Service,84,52.09000015258789,-24.289657679284126,44,73,E-
JELD,JELD-WEN Holding Inc. Common Stock,Forest Products,76,1.2100000381469727,-82.10059175771481,15,21,E-
JEM,707 Cayman Holdings Limited Ordinary Shares,Clothing/Shoe/Accessory Stores,92,0.5410000085830688,-99.58512267338561,1,,E
JF,J and Friends Holdings Limited American Depositary Shares,Computer Software: Programming Data Processing,110,1.0800000429153442,-11.475408394405296,61,,C+
JFB,JFB Construction Holdings Class A Common Stock,General Bldg Contractors - Nonresidential Bldgs,133,4.829999923706055,-71.22430761028133,26,,A-
JFIN,Jiayin Group Inc. American Depositary Shares,Finance: Consumer Services,112,2.950000047683716,-83.37091270718898,7,33,E-
JFU,9F Inc. American Depositary Shares,Finance: Consumer Services,112,2.359999895095825,-72.02134229172844,29,,D
JG,Aurora Mobile Limited American Depositary Shares,Computer Software: Programming Data Processing,110,4.409999847412109,-63.97058880819537,12,99,E-
JHS,John Hancock Income Securities Trust Common Stock,Finance Companies,58,10.989999771118164,-4.534014052338642,43,,D
JHX,James Hardie Industries plc. Ordinary Shares,Building Materials,38,24.790000915527344,-16.41941657767636,62,,B
JILL,J. Jill Inc. Common Stock,Apparel,40,16.290000915527344,-11.375074700231435,72,39,B+
JJSF,J & J Snack Foods Corp. Common Stock,Specialty Foods,92,76.48999786376953,-33.33237356357878,28,69,D+
JKHY,Jack Henry & Associates Inc. Common Stock,EDP Services,125,150.32000732421875,-21.316447292596475,36,57,C+
JKS,JinkoSolar Holding Company Limited American Depositary Shares (each representing 4 Common Shares),Semiconductors,1,15.770000457763672,-44.11368549323428,17,13,E
JL,J-Long Group Limited Class A Ordinary Shares,Clothing/Shoe/Accessory Stores,92,5.940000057220459,-18.012420275392714,42,,C+
JLHL,Julong Holding Limited Class A Ordinary Shares,Military/Government/Technical,91,11.729999542236328,-73.81696486161377,98,,A+
JLL,Jones Lang LaSalle Incorporated Common Stock,Real Estate,87,324.44000244140625,-9.541069779540157,54,87,C
JMIA,Jumia Technologies AG American Depositary Shares each representing two Ordinary Shares,Catalog/Specialty Distribution,68,7.010000228881836,-51.986301056684184,36,5,C+
JMSB,John Marshall Bancorp Inc. Common Stock,Major Banks,26,21.84000015258789,-3.062585499460768,60,56,C-
JNJ,Johnson & Johnson Common Stock,Biotechnology: Pharmaceutical Preparations,68,256.9800109863281,-3.8392379969212964,79,45,C+
JOB,GEE Group Inc. Common Stock,Diversified Commercial Services,111,0.20999999344348907,-22.2222277411706,39,21,B+
JOBY,Joby Aviation Inc. Common Stock,Aerospace,90,7.71999979019165,-62.138302985379546,16,5,E
JOE,St. Joe Company (The) Common Stock,Homebuilding,49,60.75,-16.139182881348557,53,67,D
JOUT,Johnson Outdoors Inc. Class A Common Stock,Recreational Games/Products/Toys,103,44.25,-17.28971962616822,51,56,D-
JOYY,JOYY Inc. American Depositary Shares,EDP Services,125,70.54000091552734,-1.7001131332006536,76,48,B-
JPM,JP Morgan Chase & Co. Common Stock,Major Banks,26,336.4700012207031,-0.8106833294333926,60,69,C-
JRSH,Jerash Holdings (US) Inc. Common Stock,Apparel,40,4.559999942779541,-6.938778489195019,88,76,A+
JRVR,James River Group Holdings Inc. Common Stock,Property-Casualty Insurers,46,4.559999942779541,-35.78309664056674,21,33,B+
JSPR,Jasper Therapeutics Inc. Common Stock,Biotechnology: Biological Products (No Diagnostic Substances),64,0.5799999833106995,-83.66197208165414,6,5,C+
JTAI,Jet.AI Inc. Common Stock,Transportation Services,105,5.769999980926514,-99.27512563053686,5,5,D-
JUNS,Jupiter Neurosciences Inc. Common Stock,Biotechnology: Pharmaceutical Preparations,68,0.1899999976158142,-93.60269374459494,4,,E-
JVA,Coffee Holding Co. Inc. Common Stock,Packaged Foods,129,3.5299999713897705,-33.37990234501199,27,76,E-
JWEL,Jowell Global Ltd. Ordinary Shares,Other Consumer Services,123,2.005000114440918,-24.339621045828007,31,,E
JXG,JX Luxventure Group Inc. Common Stock,Apparel,40,11.15999984741211,-42.3255833209216,94,,A
JXN,Jackson Financial Inc. Class A Common Stock,Life Insurance,28,116.76000213623047,-2.8108269378689044,68,21,B-
JYD,Jayud Global Logistics Limited Class A Ordinary Shares,Integrated Freight & Logistics,141,0.7540000081062317,-93.55555538121338,2,,E-
JYNT,The Joint Corp. Common Stock,Multi-Sector Companies,97,8.989999771118164,-24.070948857604503,40,43,E-
JZ,Jianzhi Education Technology Group Company Limited American Depositary Shs,Other Consumer Services,123,3.7699999809265137,-2.5839769403022017,98,,E-
JZXN,Jiuzi Holdings Inc. Ordinary Shares,Retail-Auto Dealers and Gas Stations,105,2.1700000762939453,-96.65123460787386,73,,A+
KAI,Kadant Inc Common Stock,Industrial Machinery/Components,68,294.6300048828125,-17.563648764936534,37,81,D+
KALA,KALA BIO Inc. Common Stock,Biotechnology: Pharmaceutical Preparations,68,1.1749999523162842,-99.88028528249451,1,21,E-
KALU,Kaiser Aluminum Corporation Common Stock,Metal Fabrications,38,159.88999938964844,-18.269183970308266,88,95,C-
KAPA,Kairos Pharma Ltd. Common Stock,Biotechnology: Pharmaceutical Preparations,68,0.3529999852180481,-82.08121928469828,8,,E-
KARO,Karooooo Ltd. Ordinary Shares,Computer Software: Prepackaged Software,120,57.72999954223633,-4.420532973825497,65,51,B
KAZR,Skyline Builders Group Holding Limited Class A Ordinary Shares,Engineering & Construction,30,2.809999942779541,-41.580042074683796,65,,B
KB,KB Financial Group Inc,Commercial Banks,8,123.19000244140625,0.0,82,,C+
KBDC,Kayne Anderson BDC Inc. Common Stock,,,13.739999771118164,-7.425983337178954,47,46,D
KBH,KB Home Common Stock,Homebuilding,49,56.31999969482422,-16.03714214577807,49,35,B
KBON,Karbon Capital Partners Corp. Class A Ordinary Shares,Blank Checks,76,10.119999885559082,-0.29556388274559753,45,,D
KBR,KBR Inc. Common Stock,Military/Government/Technical,91,35.470001220703125,-30.146517865238962,28,55,C-
KBSX,FST Corp. Ordinary Shares,Recreational Games/Products/Toys,103,0.8600000143051147,-52.22222016181469,12,,A-
KC,Kingsoft Cloud Holdings Limited American Depositary Shares,Computer Software: Prepackaged Software,120,10.90999984741211,-40.087861636880184,26,21,B
KD,Kyndryl Holdings Inc. Common Stock,EDP Services,125,11.970000267028809,-71.21212183764547,12,50,D
KDK,Kodiak AI Inc. Common Stock,EDP Services,125,4.860000133514404,-55.494504582789325,12,,E-
KDP,Keurig Dr Pepper Inc. Common Stock,Beverages (Production/Distribution),97,31.670000076293945,-6.999679286081628,67,44,C
KE,Kimball Electronics Inc. Common Stock,Electrical Products,3,25.360000610351562,-23.4530643140897,44,65,D
KEEL,Keel Infrastructure Corp. Common Stock,Finance: Consumer Services,112,4.650000095367432,-30.180177148588193,97,,B
KELYA,Kelly Services Inc. Class A Common Stock,Professional Services,97,13.550000190734863,-5.12114075223934,84,21,A-
KELYB,Kelly Services Inc. Class B Common Stock,Professional Services,97,23.950000762939453,-36.31990056800749,95,21,A-
KEN,Kenon Holdings Ltd. Ordinary Shares,Electric Utilities: Central,55,65.73999786376953,-31.191127031813394,61,,E
KEP,Korea Electric Power Corporation Common Stock,Electric Utilities: Central,55,12.390000343322754,-46.73258718227291,28,74,E+
KEQU,Kewaunee Scientific Corporation Common Stock,Medical Specialities,34,36.59000015258789,-38.129860449419596,34,58,E
KEX,Kirby Corporation Common Stock,Marine Transportation,11,143.75,-5.793300052459271,75,91,C-
KEY,KeyCorp Common Stock,Major Banks,26,23.299999237060547,-0.5548487683396108,69,60,C-
KEYS,Keysight Technologies Inc. Common Stock,Industrial Machinery/Components,68,322.04998779296875,-13.738149956615409,87,86,E
KFFB,Kentucky First Federal Bancorp Common Stock,Savings Institutions,22,5.0,-4.761904761904767,78,79,A
KFRC,Kforce Inc. Common Stock,Professional Services,97,54.630001068115234,0.0,93,46,A-
KFY,Korn Ferry Common Stock,Diversified Commercial Services,111,73.13999938964844,-1.3967228876899829,58,60,C-
KG,Kestrel Group Ltd.,Property-Casualty Insurers,46,10.25,-65.48821637476098,20,40,E-
KGC,Kinross Gold Corporation Common Stock,Precious Metals,104,24.139999389648438,-36.424192088242016,39,,E
KGEI,Kolibri Global Energy Inc. Common stock,Oil & Gas Production,43,4.880000114440918,-24.923075162447418,44,40,E+
KGS,Kodiak Gas Services Inc. Common Stock,Natural Gas Distribution,24,67.83999633789062,-11.052839486314758,92,82,C+
KHC,The Kraft Heinz Company Common Stock,Packaged Foods,129,24.850000381469727,-8.371973628178985,54,36,C
KIDS,OrthoPediatrics Corp. Common Stock,Medical/Dental Instruments,117,20.329999923706055,-14.146960888076975,63,5,B
KIDZ,KIDZ AI Inc. Class B Common Stock,Other Consumer Services,123,0.75,-99.95689655172414,1,,A+
KIM,Kimco Realty Corporation (HC) Common Stock,Real Estate Investment Trusts,45,24.8799991607666,-3.975301785840746,68,55,C-
KINS,Kingstone Companies Inc. Common Stock,Property-Casualty Insurers,46,20.209999084472656,-0.2960107150270619,81,54,A-
KITT,Nauticus Robotics Inc. Common stock,Industrial Machinery/Components,68,1.0499999523162842,-98.73188416229897,2,,E-
KKR,KKR & Co. Inc. Common Stock,Investment Managers,73,96.94000244140625,-35.86746485160419,29,99,D
KLAC,KLA Corporation Common Stock,Electronic Components,5,231.52000427246094,-23.264057926655646,94,84,D
KLAR,Klarna Group plc Ordinary Shares,Finance: Consumer Services,112,19.6200008392334,-56.8601560318559,34,,B+
KLC,KinderCare Learning Companies Inc. Common Stock,Other Consumer Services,123,5.039999961853027,-52.09125720015012,69,21,B+
KLIC,Kulicke and Soffa Industries Inc. Common Stock,Semiconductors,1,113.41000366210938,-15.245493063813464,96,59,D
KLRS,Kalaris Therapeutics Inc. Common Stock,Biotechnology: Biological Products (No Diagnostic Substances),64,4.440000057220459,-59.562839323068395,28,,D-
KLTR,Kaltura Inc. Common Stock,Computer Software: Prepackaged Software,120,1.2799999713897705,-35.025383106579525,37,21,C+
KLXE,KLX Energy Services Holdings Inc. Common Stock,Oilfield Services/Equipment,18,2.4600000381469727,-42.3887576314884,65,21,D+
KMB,Kimberly-Clark Corporation Common Stock,Containers/Packaging,48,112.41000366210938,-13.786885648783676,55,57,B-
KMDA,Kamada Ltd. Ordinary Shares,Biotechnology: Pharmaceutical Preparations,68,7.119999885559082,-21.205614536937688,35,69,E+
KMI,Kinder Morgan Inc. Common Stock,Natural Gas Distribution,24,32.119998931884766,-6.3829855836469935,60,82,D
KMPR,Kemper Corporation,Property-Casualty Insurers,46,29.43000030517578,-50.95333919358086,19,40,B+
KMRK,K-Tech Solutions Company Limited Class A Ordinary Shares,Recreational Games/Products/Toys,103,1.0,-79.79797901954954,11,,A
KMT,Kennametal Inc. Common Stock,Industrial Machinery/Components,68,33.599998474121094,-21.92683526544673,69,93,D-
KMTS,Kestra Medical Technologies Ltd. Common Stock,Medical/Dental Instruments,117,25.989999771118164,-7.211711678891019,78,21,A-
KMX,CarMax Inc,Retail-Auto Dealers and Gas Stations,105,53.4900016784668,-20.09262066387355,61,41,C
KN,Knowles Corporation Common Stock,Consumer Electronics/Appliances,119,37.04999923706055,-13.43457967873296,90,85,C-
KNDI,Kandi Technologies Group Inc. Ordinary Shares,Auto Manufacturing,138,0.6899999976158142,-58.181817722057836,18,31,A+
KNF,Knife Riv Holding Co. Common Stock,Mining & Quarrying of Nonmetallic Minerals (No Fuels),67,81.08999633789062,-14.25399534781996,49,33,C-
KNRX,KNOREX LTD. Class A Ordinary Shares,Computer Software: Programming Data Processing,110,0.4099999964237213,-87.57575750460418,2,,E-
KNSA,Kiniksa Pharmaceuticals International plc Class A Ordinary Shares,Biotechnology: Pharmaceutical Preparations,68,63.439998626708984,-5.721507261757164,91,94,A-
KNSL,Kinsale Capital Group Inc. Common Stock,Property-Casualty Insurers,46,340.57000732421875,-30.319762528449377,26,94,B
KNTK,Kinetik Holdings Inc. Class A Common Stock,Natural Gas Distribution,24,48.31999969482422,-5.753853591964897,73,34,C+
KNX,Knight-Swift Transportation Holdings Inc.,Trucking Freight/Courier Services,6,75.19000244140625,-8.80533023111375,86,36,C+
KO,Coca-Cola Company (The) Common Stock,Beverages (Production/Distribution),97,83.48999786376953,-0.7725238062681439,69,66,C+
KOD,Kodiak Sciences Inc Common Stock,Biotechnology: Biological Products (No Diagnostic Substances),64,41.310001373291016,-11.046506040307158,98,21,B+
KODK,Eastman Kodak Company Common New,Industrial Machinery/Components,68,8.229999542236328,-43.280500259023455,41,21,E
KOP,Koppers Holdings Inc. Common Stock,Forest Products,76,47.560001373291016,0.0,88,87,B-
KOPN,Kopin Corporation Common Stock,Semiconductors,1,3.9000000953674316,-38.9671333825493,90,,B-
KORE,KORE Group Holdings Inc. Common Stock,Telecommunications Equipment,74,9.25,-5.515832113964758,96,,A
KOS,Kosmos Energy Ltd. Common Shares (DE),Oil & Gas Production,43,2.0999999046325684,-35.779819055608684,72,5,E
KOSS,Koss Corporation Common Stock,Consumer Electronics/Appliances,119,3.950000047683716,-39.32411814427583,32,21,D+
KPLT,Katapult Holdings Inc. Common Stock,Diversified Commercial Services,111,7.199999809265137,-68.85813344328638,32,31,B
KPRX,Kiora Pharmaceuticals Inc.  Common Stock,Biotechnology: Pharmaceutical Preparations,68,2.509999990463257,-21.069184346815952,42,5,B
KPTI,Karyopharm Therapeutics Inc. Common Stock,Biotechnology: Pharmaceutical Preparations,68,10.34000015258789,-3.092782768007951,90,21,A
KR,Kroger Company (The) Common Stock,Food Chains,55,60.540000915527344,-19.498776315506483,34,68,E
KRC,Kilroy Realty Corporation Common Stock,Real Estate Investment Trusts,45,38.400001525878906,-8.205356834277433,69,41,C+
KREF,KKR Real Estate Finance Trust Inc. Common Stock,Real Estate Investment Trusts,45,7.360000133514404,-16.54675057062739,51,,C-
KRG,Kite Realty Group Trust Common Stock,Real Estate Investment Trusts,45,28.280000686645508,-2.261100308631492,74,58,D
KRKR,36Kr Holdings Inc. American Depositary Shares,Business Services,92,2.7799999713897705,-72.47524884761211,12,31,E
KRMD,KORU Medical Systems Inc. Common Stock (DE),Medical/Dental Instruments,117,4.28000020980835,-34.355824810905176,43,,B
KRMN,Karman Holdings Inc. Common Stock,Military/Government/Technical,91,50.0099983215332,-56.622432193252045,16,99,E
KRNT,Kornit Digital Ltd. Ordinary Shares,Industrial Machinery/Components,68,15.819999694824219,-27.72955625432617,46,21,D
KRNY,Kearny Financial Corp Common Stock,Savings Institutions,22,9.329999923706055,-2.2012582703006878,80,60,B
KRO,Kronos Worldwide Inc Common Stock,Major Chemicals,54,5.889999866485596,-24.721429569593223,47,21,E+
KROS,Keros Therapeutics Inc. Common Stock,Biotechnology: Pharmaceutical Preparations,68,11.800000190734863,-45.97069547485033,25,40,B
KRRO,Korro Bio Inc. Common Stock,Biotechnology: Pharmaceutical Preparations,68,14.5600004196167,-71.65108986256097,51,,A
KRT,Karat Packaging Inc. Common Stock,Plastic Products,18,34.18000030517578,-1.753379115547271,81,54,B+
KRUS,Kura Sushi USA Inc. Class A Common Stock,Restaurants,105,51.650001525878906,-46.10247256706073,27,13,D-
KRYS,Krystal Biotech Inc. Common Stock,Biotechnology: Biological Products (No Diagnostic Substances),64,365.80999755859375,-3.2632544062049074,93,76,B+
KSCP,Knightscope Inc. Class A Common Stock,Telecommunications Equipment,74,1.7300000190734863,-82.85431126946243,6,,E-
KSPI,Joint Stock Company Kaspi.kz American Depository Shares,,,89.66999816894531,-6.218504050727369,66,59,C-
KSS,Kohl's Corporation Common Stock,Department/Specialty Retail Stores,59,16.799999237060547,-30.424481503481925,75,40,B-
KT,KT Corporation Common Stock,Telecommunications Equipment,74,17.950000762939453,-26.85411534935257,30,44,D-
KTB,Kontoor Brands Inc. Common Stock,Garments and Clothing,72,85.66000366210938,-2.8467671078164947,75,78,B+
KTCC,Key Tronic Corporation Common Stock,Electrical Products,3,4.090000152587891,-3.990611905168062,86,21,A
KTF,DWS Municipal Income Trust,Finance Companies,58,9.199999809265137,-0.8620681681899223,53,,D
KTN,Structured Products Corp 8.205% CorTS 8.205% Corporate Backed Trust Securities (CorTS),Finance: Consumer Services,112,25.280000686645508,-1.2499987892806708,48,,D
KTOS,Kratos Defense & Security Solutions Inc. Common Stock,Military/Government/Technical,91,48.189998626708984,-63.13494631525695,16,89,D+
KTTA,Pasithea Therapeutics Corp. Common Stock,Biotechnology: Pharmaceutical Preparations,68,0.492000013589859,-66.53061197182379,14,,E-
KULR,KULR Technology Group Inc. Common Stock,Electrical Products,3,3.2200000286102295,-53.868194558577564,49,32,B
KURA,Kura Oncology Inc. Common Stock,Biotechnology: Pharmaceutical Preparations,68,11.449999809265137,-5.683694518486004,83,21,A-
KUST,Kustom Entertainment Inc. Common Stock,Radio And Television Broadcasting And Communications Equipment,18,0.949999988079071,-97.23435216803637,2,,A+
KVHI,KVH Industries Inc. Common Stock,Radio And Television Broadcasting And Communications Equipment,18,9.210000038146973,-21.214710275934944,81,62,C
KVUE,Kenvue Inc. Common Stock,Specialty Chemicals,120,19.479999542236328,-10.744540808661817,63,72,C
KVYO,Klaviyo Inc. Series A Common Stock,Computer Software: Prepackaged Software,120,16.90999984741211,-52.92316060853346,19,62,B-
KWM,K Wave Media Ltd. Ordinary Shares,Movies/Entertainment,112,0.13699999451637268,-97.1694216901394,2,,E-
KWR,Quaker Houghton Common Stock,Major Chemicals,54,148.1699981689453,-17.621021896224974,62,47,C
KWY,Kingsway Corporation Common Stock,Property-Casualty Insurers,46,9.960000038146973,-38.25170144848532,22,,B-
KXIN,Kaixin Holdings Ordinary Shares,Retail-Auto Dealers and Gas Stations,105,5.197999954223633,-99.35827161058968,5,,A
KYIV,Kyivstar Group Ltd. Common Shares,Telecommunications Equipment,74,15.279999732971191,-5.5040218869728985,81,68,B
KYMR,Kymera Therapeutics Inc. Common Stock,Biotechnology: Biological Products (No Diagnostic Substances),64,119.3499984741211,0.0,94,5,A-
KYNB,Kyntra Bio Inc. Common Stock,Biotechnology: Pharmaceutical Preparations,68,7.605000019073486,-38.8173786616336,40,40,A
KYTX,Kyverna Therapeutics Inc. Common Stock,Biotechnology: Biological Products (No Diagnostic Substances),64,8.484999656677246,-24.57778082953559,85,5,C+
KZIA,Kazia Therapeutics Limited American Depositary Shares,Biotechnology: Pharmaceutical Preparations,68,13.5600004196167,-13.740456811203128,92,,B-
L,Loews Corporation Common Stock,Property-Casualty Insurers,46,114.98999786376953,-1.6759291454621295,60,56,D+
LAB,Standard BioTools Inc. Common Stock,Biotechnology: Laboratory Analytical Instruments,52,0.9200000166893005,-45.238092534936655,25,62,C
LAC,Lithium Americas Corp. Common Shares,Metal Mining,71,3.319999933242798,-66.96517542055851,22,,E
LAD,Lithia Motors Inc. Common Stock,Retail-Auto Dealers and Gas Stations,105,313.739990234375,-11.679428405156544,52,36,C-
LADR,Ladder Capital Corp Class A Common Stock,Real Estate Investment Trusts,45,9.850000381469727,-8.964175680148212,43,69,D+
LAES,SEALSQ Corp Ordinary Shares,Semiconductors,1,2.799999952316284,-63.398693890058055,38,,C+
LAKE,Lakeland Industries Inc. Common Stock,Industrial Specialties,84,11.029999732971191,-36.195015487025664,50,34,A-
LAMR,Lamar Advertising Company Class A Common Stock,Real Estate Investment Trusts,45,155.17999267578125,-4.357477549595535,76,45,C
LAND,Gladstone Land Corporation Common Stock,Real Estate Investment Trusts,45,8.5600004196167,-30.161184315720423,32,32,D-
LANV,Lanvin Group Holdings Limited Ordinary Shares,Apparel,40,1.2999999523162842,-48.207173017703866,18,,B-
LAR,Lithium Argentina AG Common Shares,Metal Mining,71,7.329999923706055,-37.82866880896917,89,,D-
LARK,Landmark Bancorp Inc. Common Stock,Major Banks,26,30.43000030517578,-4.906249046325684,70,64,A
LASE,Laser Photonics Corporation Common Stock,Industrial Machinery/Components,68,1.3300000429153442,-79.56989253218833,26,,A+
LASR,nLIGHT Inc. Common Stock,Semiconductors,1,72.05000305175781,-15.185396539029906,96,62,B
LAUR,Laureate Education Inc. Common Stock,Other Consumer Services,123,40.459999084472656,0.0,81,36,B-
LAW,CS Disco Inc. Common Stock,Computer Software: Prepackaged Software,120,3.859999895095825,-56.67789044668778,27,5,C+
LAZ,Lazard Inc. Common Stock,Investment Managers,73,41.40999984741211,-26.587435742602928,29,67,D
LB,LandBridge Company LLC Class A Shares Representing Limited Liability Company Interests,Oil & Gas Production,43,76.69000244140625,-9.92085475927993,83,91,C+
LBGJ,Li Bang International Corporation Class A Ordinary Shares,Industrial Machinery/Components,68,1.309999942779541,-99.18125003576279,9,,A
LBRDA,Liberty Broadband Corporation Class A Common Stock,Cable & Other Pay Television Services,112,30.670000076293945,-66.17232910159784,10,77,D-
LBRDK,Liberty Broadband Corporation Class C Common Stock,Cable & Other Pay Television Services,112,30.709999084472656,-66.27772991293513,10,11,E+
LBRT,Liberty Energy Inc. Class A common stock,Oilfield Services/Equipment,18,24.489999771118164,-27.612235649734185,85,61,E
LBRX,LB Pharmaceuticals Inc Common Stock,Biotechnology: Pharmaceutical Preparations,68,32.95000076293945,-3.907845193381454,91,,B+
LBTYA,Liberty Global Ltd. Class A Common Shares,Cable & Other Pay Television Services,112,10.609999656677246,-18.572525908579742,36,,E+
LBTYB,Liberty Global Ltd. Class B Common Shares,Cable & Other Pay Television Services,112,11.649999618530273,-35.31371754316977,43,,C+
LBTYK,Liberty Global Ltd. Class C Common Shares,Cable & Other Pay Television Services,112,10.270000457763672,-18.942380458392925,34,,E+
LCCC,Lakeshore Acquisition III Corp. Ordinary Shares,Blank Checks,76,10.4399995803833,0.0,48,,D
LCCCU,Lakeshore Acquisition III Corp. Unit,Blank Checks,76,10.5,-5.490546134361296,45,,B+
LCFY,Locafy Limited Ordinary Share,Computer Software: Programming Data Processing,110,3.0,-59.01639440372981,16,,E
LCID,Lucid Group Inc. Common Stock,Auto Manufacturing,138,5.550000190734863,-82.26836956544258,7,21,D+
LCII,LCI Industries,Auto Parts:O.E.M.,64,101.06999969482422,-34.40364142329442,36,58,B
LCNB,LCNB Corporation Common Stock,Major Banks,26,17.6299991607666,-4.8056224351980426,63,42,A-
LCTX,Lineage Cell Therapeutics Inc. Common Stock,Biotechnology: Biological Products (No Diagnostic Substances),64,1.2799999713897705,-34.693880281762105,30,,A-
LCUT,Lifetime Brands Inc. Common Stock,Industrial Machinery/Components,68,8.279999732971191,-11.632872635012347,92,21,E-
LDI,loanDepot Inc. Class A Common Stock,Finance: Consumer Services,112,1.1200000047683716,-75.43859607845351,14,21,E+
LDOS,Leidos Holdings Inc. Common Stock,EDP Services,125,107.0199966430664,-45.92389242731525,13,55,E
LE,Lands' End Inc. Common Stock,Clothing/Shoe/Accessory Stores,92,11.260000228881836,-41.20104201993702,32,99,C-
LEA,Lear Corporation Common Stock,Auto Parts:O.E.M.,64,136.13999938964844,-7.128724475955983,71,86,D
LECO,Lincoln Electric Holdings Inc. Common Shares,Industrial Machinery/Components,68,250.97000122070312,-15.504688769864472,51,59,D-
LEDS,SemiLEDS Corporation Common Stock,Semiconductors,1,1.6299999952316284,-50.6060600368335,35,21,B-
LEE,Lee Enterprises Incorporated Common Stock,Newspapers/Magazines,47,8.109999656677246,-31.037419227598427,77,21,B+
LEG,Leggett & Platt Incorporated Common Stock,Home Furnishings,40,10.9399995803833,-14.306111152197253,59,37,C+
LEGH,Legacy Housing Corporation Common Stock (TX),Homebuilding,49,26.350000381469727,-6.560284863186972,71,,B
LEGN,Legend Biotech Corporation American Depositary Shares,Biotechnology: Pharmaceutical Preparations,68,27.079999923706055,-38.89891671892652,64,5,D
LEGO,Legato Merger Corp. IV Ordinary Shares,Military/Government/Technical,91,9.960000038146973,0.0,44,,D
LEN,Lennar Corporation Class A Common Stock,Homebuilding,49,84.2699966430664,-39.63003007611835,26,36,D-
LENZ,LENZ Therapeutics Inc. Common Stock,Biotechnology: Biological Products (No Diagnostic Substances),64,5.590000152587891,-88.60346536282049,5,21,E
LESL,Leslie's Inc. Common Stock,Other Specialty Stores,117,6.239999771118164,-51.552797238550156,98,21,A
LEU,Centrus Energy Corp. Class A Common Stock,Mining & Quarrying of Nonmetallic Minerals (No Fuels),67,171.0500030517578,-60.76834792390876,21,38,C-
LEVI,Levi Strauss & Co Class A Common Stock,Apparel,40,24.309999465942383,-2.0942426877223252,61,66,C-
LEXX,Lexaria Bioscience Corp. Common Stock,Biotechnology: Pharmaceutical Preparations,68,0.6470000147819519,-57.712416543756426,21,13,E+
LFCR,Lifecore Biomedical Inc. Common Stock,Biotechnology: Pharmaceutical Preparations,68,4.75,-46.145122853151456,22,5,E+
LFMD,LifeMD Inc. Common Stock,Medical/Nursing Services,32,4.639999866485596,-62.4291520391564,44,40,B-
LFS,LEIFRAS Co. Ltd. American Depositary Shares,Other Consumer Services,123,2.2200000286102295,-80.47493358878721,26,,A+
LFST,LifeStance Health Group Inc. Common Stock,Medical/Nursing Services,32,10.704999923706055,-6.342960298447487,94,89,B+
LFT,Lument Finance Trust Inc. Common Stock,Real Estate Investment Trusts,45,0.9399999976158142,-55.98902484437937,15,,E-
LFUS,Littelfuse Inc. Common Stock,Electrical Products,3,415.1600036621094,-15.11756318108841,86,86,E+
LFVN,Lifevantage Corporation Common Stock (Delaware),Biotechnology: Pharmaceutical Preparations,68,6.239999771118164,-55.84505643643085,54,37,D
LFWD,Lifeward Ltd. Ordinary Shares,Industrial Specialties,84,8.385000228881836,-15.609899976494079,56,21,A+
LGCL,Lucas GC Limited Ordinary Shares,Computer Software: Programming Data Processing,110,1.3200000524520874,-96.97247683796233,7,,A+
LGCY,Legacy Education Inc. Common Stock,Other Consumer Services,123,11.710000038146973,-18.283321001452535,46,65,C-
LGHL,Lion Group Holding Ltd. American Depositary Share,Investment Bankers/Brokers/Service,84,0.2680000066757202,-99.4740973086921,2,,A+
LGIH,LGI Homes Inc. Common Stock,Homebuilding,49,59.38999938964844,-11.975695397757525,81,34,A-
LGL,LGL Group Inc. (The) Common Stock,Industrial Machinery/Components,68,6.900000095367432,-11.082475620472042,50,40,E
LGN,Legence Corp. Class A Common stock,Engineering & Construction,30,73.66000366210938,-27.97496227638402,93,62,D-
LGND,Ligand Pharmaceuticals Incorporated Common Stock,Biotechnology: Pharmaceutical Preparations,68,316.239990234375,-1.974518894771915,94,85,A
LGO,Largo Inc. Common Shares,Mining & Quarrying of Nonmetallic Minerals (No Fuels),67,0.7300000190734863,-71.03174505560546,10,5,A+
LGPS,LogProstyle Inc. Common Shares,Homebuilding,49,0.8309999704360962,-50.557585433675,32,,A+
LGVN,Longeveron Inc. Class A Common Stock,Biotechnology: Pharmaceutical Preparations,68,0.675000011920929,-61.206896079233886,18,11,E
LH,Labcorp Holdings Inc. Common Stock,Medical Specialities,34,276.80999755859375,-4.096620341348201,50,60,C-
LHAI,Linkhome Holdings Inc. Common stock,Real Estate,87,1.149999976158142,-92.62347681268466,9,,A+
LHSW,Lianhe Sowell International Group Ltd Class A Ordinary Shares,Computer Software: Prepackaged Software,120,3.450000047683716,-92.88366320078441,11,,A+
LHX,L3Harris Technologies Inc. Common Stock,Industrial Machinery/Components,68,290.7699890136719,-22.59432686939562,37,77,E+
LI,Li Auto Inc. American Depositary Shares,Auto Manufacturing,138,12.100000381469727,-61.94968342210502,12,11,E
LICN,Lichen International Limited Class A Ordinary Shares,Professional Services,97,1.5199999809265137,-82.38702247079883,5,,E-
LIDR,AEye Inc. Class A Common Stock,Auto Parts:O.E.M.,64,1.340000033378601,-69.78579367153756,22,11,A-
LIEN,Chicago Atlantic BDC Inc. Common Stock,Finance: Consumer Services,112,9.8149995803833,-3.5440471906068693,53,77,C+
LIF,Life360 Inc. Common Stock,EDP Services,125,54.56999969482422,-50.789070254140235,40,,B+
LIFE,Ethos Technologies Inc. Class A Common Stock,Specialty Insurers,105,20.09000015258789,-34.32494262054362,79,,B-
LII,Lennox International Inc. Common Stock,Industrial Machinery/Components,68,552.030029296875,-16.056941015830127,53,54,C
LILA,Liberty Latin America Ltd. Class A Common Stock,Cable & Other Pay Television Services,112,7.289999961853027,-7.954546822879804,86,,A
LILAK,Liberty Latin America Ltd. Class C Common Stock,Cable & Other Pay Television Services,112,7.230000019073486,-8.365017219019165,85,,A-
LIMN,Liminatus Pharma Inc. Class A Common Stock,Biotechnology: Biological Products (No Diagnostic Substances),64,0.11400000005960464,-98.69115959172994,3,,A+
LIN,Linde plc Ordinary Shares,Major Chemicals,54,529.7899780273438,-3.0824740541415707,62,80,C-
LINC,Lincoln Educational Services Corporation Common Stock,Other Consumer Services,123,54.2400016784668,-2.586204415977933,95,81,B+
LIND,Lindblad Expeditions Holdings Inc. Common Stock,Transportation Services,105,26.520000457763672,-10.31450547358106,93,31,A-
LINE,Lineage Inc. Common Stock,Real Estate Investment Trusts,45,43.119998931884766,-3.2467939875910012,70,21,B-
LINK,Interlink Electronics Inc. Common Stock,Computer peripheral equipment,52,4.195000171661377,-56.18035782114761,54,21,E-
LION,Lionsgate Studios Corp Common Shares,Movies/Entertainment,112,13.470000267028809,-17.86585011984314,93,32,B+
LIQT,LiqTech International Inc. Common Stock,Industrial Machinery/Components,68,0.7400000095367432,-75.0,5,,E-
LITB,LightInTheBox Holding Co. Ltd. American Depositary Shares each representing twelve ordinary shares,Catalog/Specialty Distribution,68,3.049999952316284,-20.157067915780324,89,99,B+
LITE,Lumentum Holdings Inc. Common Stock,Telecommunications Equipment,74,802.010009765625,-23.842213315469852,99,79,E+
LITS,Lite Strategy Inc. Common Stock,Biotechnology: Pharmaceutical Preparations,68,1.0099999904632568,-85.2769683555993,14,13,D
LIVE,Live Ventures Incorporated Common Stock,Other Specialty Stores,117,10.760000228881836,-48.98055879074279,16,29,E
LIVN,LivaNova PLC Ordinary Shares,Biotechnology: Electromedical & Electrotherapeutic Apparatus,76,82.55999755859375,-1.749376701246963,87,62,B-
LKFN,Lakeland Financial Corporation Common Stock,Major Banks,26,60.400001525878906,-9.84453297429434,45,66,D
LKFT,Lakefront Biotherapeutics American Depositary Shares,Biotechnology: Pharmaceutical Preparations,68,30.270000457763672,-19.53747656247703,42,76,D+
LKQ,LKQ Corporation Common Stock,Motor Vehicles,126,25.3799991607666,-32.55574564857678,25,35,D-
LLY,Eli Lilly and Company Common Stock,Biotechnology: Pharmaceutical Preparations,68,1188.5799560546875,-3.802332570747946,79,91,B
LLYVA,Liberty Live Holdings Inc. Series A Liberty Live Group Common Stock,Services-Misc. Amusement & Recreation,87,99.62999725341797,-4.303144107837175,64,,C-
LLYVK,Liberty Live Holdings Inc. Series C Liberty Live Group Common Stock,Services-Misc. Amusement & Recreation,87,103.20999908447266,-4.435186032895688,66,,C
LMAT,LeMaitre Vascular Inc. Common Stock,Medical/Dental Instruments,117,102.73999786376953,-12.263521054468873,58,85,C+
LMB,Limbach Holdings Inc. Common Stock,Engineering & Construction,30,75.56999969482422,-49.46164628385776,25,49,D-
LMFA,LM Funding America Inc. Common Stock,Finance: Consumer Services,112,0.13199999928474426,-97.32251513426061,4,,E-
LMND,Lemonade Inc. Common Stock,Property-Casualty Insurers,46,70.51000213623047,-26.98560385310891,77,,B+
LMNR,Limoneira Co Common Stock,Farming/Seeds/Milling,95,13.270000457763672,-18.781696614883536,39,21,B-
LMRI,Lumexa Imaging Holdings Inc. Common Stock,Medical Specialities,34,12.0,-35.24015350604736,34,,B+
LMT,Lockheed Martin Corporation Common Stock,Military/Government/Technical,91,523.219970703125,-22.17448605952841,43,43,E+
LNAI,Lunai Bioworks Inc. Common Stock,Biotechnology: Pharmaceutical Preparations,68,2.940000057220459,-89.19117656339823,9,13,A+
LNC,Lincoln National Corporation Common Stock,Life Insurance,28,39.72999954223633,-11.45983070136609,59,30,C-
LND,Brasilagro Brazilian Agric Real Estate Co Sponsored ADR (Brazil),Farming/Seeds/Milling,95,3.6700000762939453,-16.018302690998386,38,43,D-
LNG,Cheniere Energy Inc. Common Stock,Oil/Gas Transmission,61,258.6400146484375,-12.687600613929117,58,83,C-
LNKS,Linkers Industries Limited Class A Ordinary Shares,Electrical Products,3,1.4199999570846558,-99.57293234373394,4,,A+
LNN,Lindsay Corporation Common Stock,Industrial Machinery/Components,68,113.81999969482422,-19.681544367952974,35,46,D-
LNSR,LENSAR Inc. Common Stock,Medical/Dental Instruments,117,6.010000228881836,-54.87987712779637,19,5,E-
LNT,Alliant Energy Corporation Common Stock,Power Generation,59,76.4000015258789,-2.0889366639980533,64,50,C-
LNTH,Lantheus Holdings Inc. Common Stock,Biotechnology: In Vitro & In Vivo Diagnostic Substances,55,105.63999938964844,-4.777359775665269,87,81,B-
LNZA,LanzaTech Global Inc. Common Stock,Major Chemicals,54,5.730000019073486,-90.15463927154752,3,21,B+
LOAN,Manhattan Bridge Capital Inc,Real Estate Investment Trusts,45,4.239999771118164,-18.140962798284697,35,,E
LOAR,Loar Holdings Inc. Common Stock,Military/Government/Technical,91,73.08999633789062,-10.757026891146616,50,59,C+
LOB,Live Oak Bancshares Inc. Common Stock,Major Banks,26,41.650001525878906,-0.35884620554884616,69,75,C+
LOBO,LOBO TECHNOLOGIES LTD. Class A Ordinary Shares,Motor Vehicles,126,0.7160000205039978,-38.275858525288555,75,,A
LOCL,Local Bounti Corporation Common Stock,Farming/Seeds/Milling,95,1.2999999523162842,-64.38356388082728,14,21,A
LOCO,El Pollo Loco Holdings Inc. Common Stock,Restaurants,105,16.649999618530273,-3.197680930307034,86,80,B
LODE,Comstock Inc. Common Stock,Major Chemicals,54,4.340000152587891,-9.014671489686277,75,,A
LOGI,Logitech International S.A. Ordinary Shares,Computer peripheral equipment,52,101.94999694824219,-19.527985647175473,52,59,C
LOMA,Loma Negra Compania Industrial Argentina Sociedad Anonima ADS,Building Materials,38,11.520000457763672,-12.195117696277546,60,52,D
LONA,LeonaBio Inc. Common Stock,Biotechnology: Biological Products (No Diagnostic Substances),64,9.600000381469727,-17.808218059586356,91,,C
LOOP,Loop Industries Inc. Common Stock,Major Chemicals,54,0.8199999928474426,-60.19417399880975,13,5,E-
LOPE,Grand Canyon Education Inc. Common Stock,Other Consumer Services,123,151.0,-31.534800312578593,28,58,D
LOT,Lotus Technology Inc. American Depositary Shares,Auto Manufacturing,138,1.1449999809265137,-52.88066051559832,17,,D
LOVE,The Lovesac Company Common Stock,Other Specialty Stores,117,16.770000457763672,-19.18072068547628,50,28,B-
LOW,Lowe's Companies Inc. Common Stock,RETAIL: Building Materials,109,211.6300048828125,-26.007916170874566,31,48,D
LPA,Logistic Properties of the Americas Ordinary Shares,Real Estate,87,3.369999885559082,-52.734925224845774,32,,A-
LPCN,Lipocine Inc. Common Stock,Biotechnology: Pharmaceutical Preparations,68,2.4100000858306885,-78.59680251471886,25,5,B+
LPG,Dorian LPG Ltd. Common Stock,Marine Transportation,11,40.04999923706055,-16.0729291438387,85,93,D
LPL,LG Display Co Ltd AMERICAN DEPOSITORY SHARES,Industrial Machinery/Components,68,3.7100000381469727,-35.59027967491628,30,,E
LPLA,LPL Financial Holdings Inc. Common Stock,Investment Bankers/Brokers/Service,84,317.0299987792969,-20.252743902064562,38,49,D
LPRO,Open Lending Corporation Common Stock,Finance: Consumer Services,112,3.119999885559082,-0.636949639391915,93,21,A
LPSN,LivePerson Inc. Common Stock,Computer Software: Prepackaged Software,120,1.840000033378601,-89.86225855619276,6,21,E
LPTH,LightPath Technologies Inc. Class A Common Stock,Semiconductors,1,11.739999771118164,-35.31680430928389,91,5,D-
LPX,Louisiana-Pacific Corporation Common Stock,Forest Products,76,73.16000366210938,-27.767519538048525,33,33,C-
LQDA,Liquidia Corporation Common Stock,Biotechnology: Pharmaceutical Preparations,68,77.93000030517578,-4.321665776492544,98,96,A
LQDT,Liquidity Services Inc. Common Stock,Business Services,92,39.0,-0.30674574427700385,83,45,C+
LRCX,Lam Research Corporation Common Stock,Industrial Machinery/Components,68,350.3299865722656,-19.15399408578853,96,95,D+
LRE,Lead Real Estate Co. Ltd American Depositary Shares,Homebuilding,49,1.274999976158142,-42.567569381685054,28,,B
LRHC,La Rosa Holdings Corp. Common Stock,Real Estate,87,1.0700000524520874,-99.88004483716905,1,,E-
LRMR,Larimar Therapeutics Inc. Common Stock,Biotechnology: Pharmaceutical Preparations,68,4.28000020980835,-28.06722105866828,46,21,D
LRN,Stride Inc. Common Stock,Other Consumer Services,123,91.0,-46.41069353493158,36,57,E
LSAK,Lesaka Technologies Inc. Common Stock,Investment Bankers/Brokers/Service,84,4.849999904632568,-11.00917294735595,48,62,B
LSBK,Lake Shore Bancorp Inc. Common Stock,Savings Institutions,22,17.049999237060547,-4.26726699422516,74,67,C+
LSCC,Lattice Semiconductor Corporation Common Stock,Semiconductors,1,137.44000244140625,-11.483223636528916,93,90,C-
LSE,Leishen Energy Holding Co. Ltd. Class A Ordinary Shares,Oil and Gas Field Machinery,35,4.429999828338623,-24.402735027211865,29,,A+
LSF,Laird Superfood Inc. Common Stock,Packaged Foods,129,4.630000114440918,-38.10160290595274,88,,A
LSH,Lakeside Holding Limited Common Stock,,,0.4350000023841858,-70.20548006722751,9,34,E-
LSPD,Lightspeed Commerce Inc. Subordinate Voting Shares,Computer Software: Prepackaged Software,120,10.300000190734863,-25.52422091427785,43,21,C
LSTA,Lisata Therapeutics Inc. Common Stock,Misc Health and Biotechnology Services,13,3.2699999809265137,-35.11904750641601,53,,B+
LSTR,Landstar System Inc. Common Stock,Trucking Freight/Courier Services,6,209.32000732421875,-7.121616959091249,86,56,C
LTBR,Lightbridge Corporation Common Stock,Professional Services,97,8.420000076293945,-69.62481859717256,13,,E
LTC,LTC Properties Inc. Common Stock,Real Estate Investment Trusts,45,38.86000061035156,-1.746301012386997,57,49,C-
LTH,Life Time Group Holdings Inc. Common Stock,Hotels/Resorts,35,41.88999938964844,-0.14303068462402369,88,91,B+
LTM,LATAM Airlines Group S.A. American Depositary Shares (each representing two thousand (2000) shares of Common Stock),Air Freight/Delivery Services,9,56.45000076293945,-17.332513475477786,67,74,B-
LTRN,Lantern Pharma Inc. Common Stock,Biotechnology: Pharmaceutical Preparations,68,3.5999999046325684,-32.33083104378306,82,,A-
LTRX,Lantronix Inc. Common Stock,Computer Communications Equipment,7,5.599999904632568,-33.72781028358889,70,53,C
LU,Lufax Holding Ltd American Depositary Shares each representing two (2) Ordinary Shares,Finance: Consumer Services,112,1.340000033378601,-69.54545444693447,11,,E-
LUCD,Lucid Diagnostics Inc. Common Stock,Medical/Dental Instruments,117,1.0,-31.972790439642228,31,21,A-
LUCK,Lucky Strike Entertainment Corporation Class A Common Stock,Services-Misc. Amusement & Recreation,87,7.300000190734863,-33.24719990037579,24,43,E
LUCY,Innovative Eyewear Inc. Common Stock,Ophthalmic Goods,115,1.0800000429153442,-51.78571257512181,18,,A+
LUD,Luda Technology Group Limited Ordinary Shares,Steel/Iron Ore,66,4.445000171661377,-77.43654822580761,12,,E-
LULU,lululemon athletica inc. Common Stock,Apparel,40,119.26000213623047,-50.0,14,49,E
LUMN,Lumen Technologies Inc. Common Stock,Telecommunications Equipment,74,6.730000019073486,-43.1107348903081,47,21,E
LUNG,Pulmonx Corporation Common Stock,Medical/Dental Instruments,117,1.5399999618530273,-59.259259960078126,31,21,C
LUNR,Intuitive Machines Inc. Class A Common Stock,Industrial Machinery/Components,68,16.139999389648438,-64.68271527308767,50,21,E-
LUV,Southwest Airlines Company Common Stock,Air Freight/Delivery Services,9,48.43000030517578,-10.854751057032907,79,87,B-
LUXE,LuxExperience B.V. American Depositary Shares each representing one Ordinary Share,Catalog/Specialty Distribution,68,7.909999847412109,-24.738347524720673,41,36,E+
LVLU,Lulu's Fashion Lounge Holdings Inc. Common Stock,Catalog/Specialty Distribution,68,8.640000343322754,-66.97247555917907,84,21,B
LVO,LiveOne Inc. Common Stock,Restaurants,105,5.230000019073486,-32.341526440250234,56,21,C+
LVS,Las Vegas Sands Corp. Common Stock,Hotels/Resorts,35,46.689998626708984,-32.06694275397366,30,75,D-
LVWR,LiveWire Group Inc. Common Stock,Motor Vehicles,126,0.6959999799728394,-88.7922709227467,3,21,B
LW,Lamb Weston Holdings Inc. Common Stock,Packaged Foods,129,46.45000076293945,-28.59037677544848,47,45,C
LWAY,Lifeway Foods Inc. Common Stock,Packaged Foods,129,31.700000762939453,-6.2684770875654605,81,84,D-
LWLG,Lightwave Logic Inc. Common Stock,Containers/Packaging,48,6.829999923706055,-62.513720191526275,96,,E
LX,LexinFintech Holdings Ltd. American Depositary Shares,Finance: Consumer Services,112,1.5950000286102295,-75.88083655118548,10,37,E-
LXEH,Lixiang Education Holding Co. Ltd. American Depositary Shares,Other Consumer Services,123,1.409999966621399,-95.64814845611909,8,,E-
LXEO,Lexeo Therapeutics Inc. Common Stock,Biotechnology: Biological Products (No Diagnostic Substances),64,4.820000171661377,-54.65663104637809,19,21,B
LXFR,Luxfer Holdings PLC Ordinary Shares,Major Chemicals,54,17.059999465942383,-10.587004537950296,81,,C
LXP,LXP Industrial Trust Common Stock (Maryland REIT),Real Estate Investment Trusts,45,55.04999923706055,-2.2202486979381097,71,36,C+
LXRX,Lexicon Pharmaceuticals Inc. Common Stock,Biotechnology: Pharmaceutical Preparations,68,2.2200000286102295,-15.909093166842514,90,21,A
LXU,LSB Industries Inc. Common Stock,Major Chemicals,54,10.90999984741211,-35.36729626877165,54,79,E+
LYB,LyondellBasell Industries NV Ordinary Shares Class A (Netherlands),Major Chemicals,54,56.349998474121094,-30.88191889032359,44,34,E
LYEL,Lyell Immunopharma Inc. Common Stock,Biotechnology: Pharmaceutical Preparations,68,15.010000228881836,-61.113987507162435,26,21,E-
LYFT,Lyft Inc. Class A Common Stock,Business Services,92,15.609999656677246,-36.46723707544219,41,,B-
LYG,Lloyds Banking Group Plc American Depositary Shares,Commercial Banks,8,6.0,-2.75526862547556,75,,C+
LYTS,LSI Industries Inc. Common Stock,Building Products,61,24.15999984741211,-9.85074427165542,76,84,C-
LYV,Live Nation Entertainment Inc. Common Stock,Services-Misc. Amusement & Recreation,87,179.7899932861328,-3.64435563814679,67,,C
LZ,LegalZoom.com Inc. Common Stock,EDP Services,125,7.25,-35.152059015207605,39,53,B
LZB,La-Z-Boy Incorporated Common Stock,Home Furnishings,40,39.18000030517578,-6.3799241727484635,62,61,B
LZM,Lifezone Metals Limited Ordinary Shares,Metal Mining,71,3.5199999809265137,-42.29508137773422,22,,D-
LZMH,LZ Technology Holdings Limited Class B Ordinary Shares,EDP Services,125,1.149999976158142,-99.26937736928093,1,,A
M,Macy's Inc Common Stock,Department/Specialty Retail Stores,59,22.639999389648438,-12.788905284707797,80,69,C+
MA,Mastercard Incorporated Common Stock,Business Services,92,526.739990234375,-11.509551260603978,41,71,C
MAA,Mid-America Apartment Communities Inc. Common Stock,Real Estate Investment Trusts,45,135.25,-8.584318601926732,49,37,D+
MAAS,Maase Inc. Class A Ordinary Shares,Investment Managers,73,15.460000038146973,-27.212805062412237,99,,A
MAC,Macerich Company (The) Common Stock,Real Estate Investment Trusts,45,24.690000534057617,-4.413470356235571,82,21,C-
MAGN,Magnera Corporation Common Stock,Paper,120,12.899999618530273,-15.465272443999755,60,34,B-
MAIA,MAIA Biotechnology Inc. Common Stock,Biotechnology: Pharmaceutical Preparations,68,1.440000057220459,-51.186439527310526,39,,B+
MAIN,Main Street Capital Corporation Common Stock,Finance/Investors Services,80,52.84000015258789,-16.079873978851435,38,70,D-
MAKO,Mako Mining Corp Common Stock,,,7.710000038146973,-11.37930796347668,83,,E+
MAMA,Mama's Creations Inc. Common Stock,Specialty Foods,92,19.049999237060547,-7.748186009814583,90,79,D-
MAMO,Massimo Group Common Stock,Industrial Specialties,84,0.9350000023841858,-82.29166732517756,11,,A
MAN,ManpowerGroup Common Stock,Professional Services,97,38.709999084472656,-11.09667099432119,72,30,A
MANE,Veradermics Incorporated Common Stock,Biotechnology: Pharmaceutical Preparations,68,119.5999984741211,-7.815636341696653,98,,A
MANH,Manhattan Associates Inc. Common Stock,Computer Software: Prepackaged Software,120,154.89999389648438,-32.043523630169915,42,55,B-
MANU,Manchester United Ltd. Class A Ordinary Shares,Services-Misc. Amusement & Recreation,87,22.040000915527344,-6.332340533945735,80,96,B+
MAR,Marriott International Class A Common Stock,Hotels/Resorts,35,376.1099853515625,-6.565812747134647,72,51,D+
MARA,MARA Holdings Inc. Common Stock,EDP Services,125,12.600000381469727,-44.833623917283205,49,21,B-
MAS,Masco Corporation Common Stock,Industrial Specialties,84,77.83999633789062,-5.956264957259439,71,59,C
MASK,3 E Network Technology Group Ltd Class A Ordinary Shares,EDP Services,125,1.850000023841858,-96.54205603020213,7,,A+
MASS,908 Devices Inc. Common Stock,Industrial Machinery/Components,68,8.100000381469727,-11.475401976346788,68,40,C+
MAT,Mattel Inc. Common Stock,Recreational Games/Products/Toys,103,13.329999923706055,-39.84657032719808,21,35,D-
MATH,Metalpha Technology Holding Limited Ordinary Shares,Finance/Investors Services,80,0.9909999966621399,-75.2250000834465,10,,D
MATV,Mativ Holdings Inc. Common Stock,Paper,120,7.809999942779541,-46.953789357656206,29,69,D+
MATW,Matthews International Corporation Class A Common Stock,Metal Fabrications,38,26.65999984741211,-5.963662158803773,53,31,B-
MATX,Matson Inc. Common Stock,Marine Transportation,11,204.77000427246094,-0.611558760520925,90,65,B-
MAX,MediaAlpha Inc. Class A Common Stock,Business Services,92,13.369999885559082,-4.500000817435124,79,99,A-
MAYS,J. W. Mays Inc. Common Stock,Building operators,80,38.0,-30.909090909090907,39,13,E-
MAZE,Maze Therapeutics Inc. Common Stock,Biotechnology: Biological Products (No Diagnostic Substances),64,30.56999969482422,-41.02440390708608,72,21,B+
MB,MasterBeef Group Ordinary Shares,Restaurants,105,4.039999961853027,-73.49081350047415,11,,C+
MBAI,Check-Cap Ltd. Ordinary Share,Medical Electronics,126,1.2200000286102295,-61.392405206548574,28,,A-
MBAV,M3-Brigade Acquisition V Corp. Class A Ordinary shares,,,10.850000381469727,-1.8987344500864922,45,,A+
MBBC,Marathon Bancorp Inc. Common Stock,Banks,27,15.170000076293945,-2.065846995174736,77,74,E
MBC,MasterBrand Inc. Common Stock,Home Furnishings,40,9.079999923706055,-34.298117769809785,30,28,C+
MBI,MBIA Inc. Common Stock,Property-Casualty Insurers,46,6.380000114440918,-21.525214949155558,56,,B
MBIN,Merchants Bancorp Common Stock,Major Banks,26,48.02000045776367,-4.646545123565593,76,61,D
MBIO,Mustang Bio Inc. Common Stock,Biotechnology: Pharmaceutical Preparations,68,0.7039999961853027,-73.7313440802581,13,,E-
MBLY,Mobileye Global Inc. Class A Common Stock,Computer Software: Prepackaged Software,120,9.550000190734863,-42.71145682647166,35,21,B-
MBOT,Microbot Medical Inc. Common Stock,Biotechnology: Biological Products (No Diagnostic Substances),64,1.8899999856948853,-58.000000317891434,20,,E+
MBRX,Moleculin Biotech Inc. Common Stock,Biotechnology: Pharmaceutical Preparations,68,2.2799999713897705,-89.09090902868589,10,,E-
MBUU,Malibu Boats Inc. Class A Common Stock,Marine Transportation,11,26.739999771118164,-32.33805804305068,35,28,C+
MBVI,M3-Brigade Acquisition VI Corp. Class A Ordinary Shares,,,10.1899995803833,0.0,46,,D
MBWM,Mercantile Bank Corporation Common Stock,Major Banks,26,57.02000045776367,-3.1918523249769626,66,87,C
MBX,MBX Biosciences Inc. Common Stock,Biotechnology: Pharmaceutical Preparations,68,61.04999923706055,-7.0917667209544515,98,13,A
MC,Moelis & Company Class A Common Stock,Investment Managers,73,63.75,-16.354717645218088,41,45,D-
MCB,Metropolitan Bank Holding Corp. Common Stock,Major Banks,26,97.52999877929688,-3.022771129315016,71,84,C
MCBS,MetroCity Bankshares Inc. Common Stock,Major Banks,26,35.599998474121094,-3.4968851636504095,76,90,B
MCD,McDonald's Corporation Common Stock,Restaurants,105,274.6000061035156,-18.487427463347352,35,57,D
MCFT,MasterCraft Boat Holdings Inc. Common Stock,Marine Transportation,11,24.149999618530273,-11.796930756903256,66,28,C
MCHB,Mechanics Bancorp Class A Common Stock,Major Banks,26,16.149999618530273,-1.283624596495514,72,,C
MCHP,Microchip Technology Incorporated Common Stock,Semiconductors,1,88.58999633789062,-13.747447057193718,77,99,E+
MCHX,Marchex Inc. Class B Common Stock,Computer Software: Prepackaged Software,120,1.7300000190734863,-18.77934619136974,44,12,B
MCK,McKesson Corporation Common Stock,Other Pharmaceuticals,139,805.9600219726562,-18.965623787423745,44,84,D-
MCO,Moody's Corporation Common Stock,Finance: Consumer Services,112,487.2799987792969,-9.286621984882915,48,49,C
MCRB,Seres Therapeutics Inc. Common Stock,Biotechnology: Pharmaceutical Preparations,68,6.110000133514404,-78.65874847147288,9,,E-
MCRI,Monarch Casino & Resort Inc. Common Stock,Hotels/Resorts,35,123.86000061035156,-7.477399620485048,79,82,C+
MCRP,Micropolis AI Robotics Ordinary Shares,Auto Parts:O.E.M.,64,1.5,-65.90909164799145,16,,E-
MCS,Marcus Corporation (The) Common Stock,Movies/Entertainment,112,21.770000457763672,-12.535150696638219,80,40,A-
MCY,Mercury General Corporation Common Stock,Property-Casualty Insurers,46,109.26000213623047,-1.6738665986118062,79,81,B
MD,Pediatrix Medical Group Inc. Common Stock,Hospital/Nursing Management,49,26.270000457763672,-4.089079798621864,85,87,C+
MDA,MDA Space Ltd. Common Shares,Electronic Components,5,34.0,-30.15612204837017,60,,E-
MDAI,Spectral AI Inc. Class A Common Stock,Medical/Dental Instruments,117,1.7200000286102295,-44.33656710723181,30,31,E-
MDB,MongoDB Inc. Class A Common Stock,Computer Software: Prepackaged Software,120,342.0799865722656,-22.360421735469394,78,62,A-
MDBH,MDB Capital Holdings LLC Class A common,Finance: Consumer Services,112,3.493000030517578,-27.229168922536818,38,,A-
MDCX,Medicus Pharma Ltd. Common Stock,Biotechnology: Pharmaceutical Preparations,68,0.40799999237060547,-87.63636368890768,8,,B
MDGL,Madrigal Pharmaceuticals Inc. Common Stock,Biotechnology: Pharmaceutical Preparations,68,536.7000122070312,-10.96992568519638,70,5,C-
MDIA,Mediaco Holding Inc. Class A Common Stock,Broadcasting,95,1.0199999809265137,-32.00000127156576,74,,C
MDLN,Medline Inc. Class A Common Stock,Medical/Dental Instruments,117,41.040000915527344,-17.9035816411958,40,,D+
MDLZ,Mondelez International Inc. Class A Common Stock,Packaged Foods,129,58.83000183105469,-13.959576332452473,45,,D
MDRR,Medalist Diversified Inc. Common Stock,Real Estate Investment Trusts,45,11.210000038146973,-21.128868494536036,39,,B+
MDT,Medtronic plc. Ordinary Shares,Biotechnology: Electromedical & Electrotherapeutic Apparatus,76,83.87000274658203,-18.419549073387685,35,,C
MDU,MDU Resources Group Inc. Common Stock (Holding Company),Mining & Quarrying of Nonmetallic Minerals (No Fuels),67,20.979999542236328,-7.369004872752782,57,,D
MDV,Modiv Industrial Inc. Class C Common Stock,Real Estate Investment Trusts,45,17.649999618530273,-4.918113134264868,76,,B
MDWD,MediWound Ltd. Ordinary Shares,Medicinal Chemicals and Botanical Products,135,14.289999961853027,-32.24276975598056,21,,E+
MDXG,MiMedx Group Inc Common Stock,Biotechnology: Pharmaceutical Preparations,68,4.110000133514404,-48.36683274098098,21,,B-
MDXH,MDxHealth SA Ordinary Shares,Medical Specialities,34,0.47600001096725464,-90.47999978065491,2,5,E-
MEC,Mayville Engineering Company Inc. Common Stock,Industrial Specialties,84,33.720001220703125,-10.175811405599045,95,5,B+
MED,MEDIFAST INC Common Stock,Packaged Foods,129,10.720000267028809,-29.52005101812727,34,21,C+
MEDP,Medpace Holdings Inc. Common Stock,Biotechnology: Commercial Physical & Biological Resarch,23,538.22998046875,-13.271248783039159,64,91,C+
MEGL,Magic Empire Global Limited Class A Ordinary Shares,Finance: Consumer Services,112,1.1950000524520874,-35.821693888468765,36,,A-
MEI,Methode Electronics Inc. Common Stock,Electrical Products,3,15.800000190734863,-18.640576062499747,96,5,A
MELI,MercadoLibre Inc. Common Stock,Business Services,92,1852.219970703125,-26.234881646773978,33,,D
MENS,Jyong Biotech Ltd. Ordinary Shares,Biotechnology: Pharmaceutical Preparations,68,2.2100000381469727,-96.63212443516382,8,,A-
MEOH,Methanex Corporation Common Stock,Major Chemicals,54,48.65999984741211,-25.714302186816674,58,,D
MERC,Mercer International Inc. Common Stock,Paper,120,0.6399999856948853,-85.32110169503574,4,,E-
MESO,Mesoblast Limited American Depositary Shares,Biotechnology: Biological Products (No Diagnostic Substances),64,15.4399995803833,-26.33587664695376,52,,C+
MET,MetLife Inc. Common Stock,Life Insurance,28,91.6500015258789,-0.021813726918107346,71,,C
META,Meta Platforms Inc. Class A Common Stock,Computer Software: Programming Data Processing,110,669.2100219726562,-15.01222843737995,44,,B+
METC,Ramaco Resources Inc. Class A Common Stock,Coal Mining,101,12.329999923706055,-77.39688341676599,19,,E+
METCB,Ramaco Resources Inc. Class B Common Stock,Coal Mining,101,8.600000381469727,-59.355612485892614,23,21,A-
MFA,MFA Financial Inc.,Real Estate Investment Trusts,45,9.5,-5.104707578022216,55,40,D+
MFC,Manulife Financial Corporation Common Stock,Life Insurance,28,41.290000915527344,-0.4820456853421917,73,76,D
MFG,Mizuho Financial Group Inc. Sponosred ADR (Japan),Major Banks,26,10.479999542236328,0.0,87,82,B-
MFI,mF International Limited Class A Ordinary Shares,EDP Services,125,8.484999656677246,-82.24895440981804,8,,A
MFIC,MidCap Financial Investment Corporation Common Stock,Finance/Investors Services,80,9.869999885559082,-17.102071005443197,32,,E+
MFIN,Medallion Financial Corp. Common Stock,Finance: Consumer Services,112,10.0,-4.9318092699500715,56,,B+
MG,Mistras Group Inc Common Stock,Military/Government/Technical,91,16.270000457763672,-15.612033826154082,83,82,E+
MGA,Magna International Inc. Common Stock,Auto Parts:O.E.M.,64,64.2699966430664,-5.693330588318668,77,33,D+
MGEE,MGE Energy Inc,Electric Utilities: Central,55,81.7699966430664,-5.289964379099699,44,,D
MGIH,Millennium Group International Holdings Limited Ordinary Shares,Publishing,102,1.5099999904632568,-46.07142799362843,42,,A
MGLD,The Marygold Companies Inc. Common Stock,Finance: Consumer Services,112,1.1299999952316284,-13.076920255401326,62,,B
MGM,MGM Resorts International Common Stock,Hotels/Resorts,35,46.880001068115234,-7.5162707867706064,80,,B+
MGN,Megan Holdings Limited Class A Ordinary Shares,Farming/Seeds/Milling,95,0.11599999666213989,-97.60824744447231,3,,A+
MGNI,Magnite Inc. Common Stock,Computer Software: Programming Data Processing,110,20.34000015258789,-23.303168169315015,80,,A-
MGNX,MacroGenics Inc. Common Stock,Biotechnology: Pharmaceutical Preparations,68,4.329999923706055,-10.905353811689944,95,,A
MGPI,MGP Ingredients Inc.,Beverages (Production/Distribution),97,17.059999465942383,-46.317308005673674,21,,C
MGRC,McGrath RentCorp Common Stock,Diversified Commercial Services,111,116.76000213623047,-7.439443740339979,50,50,D+
MGRT,Mega Fortune Company Limited Ordinary Shares,EDP Services,125,84.5999984741211,-40.50632891018013,99,,C
MGRX,Mangoceuticals Inc. Common Stock,Misc Health and Biotechnology Services,13,0.36500000953674316,-86.67883181509717,12,,E-
MGTX,MeiraGTx Holdings plc Ordinary Shares,Biotechnology: Biological Products (No Diagnostic Substances),64,13.390000343322754,-8.663025356808207,89,32,A
MGX,Metagenomi Therapeutics Inc. Common Stock,Biotechnology: Biological Products (No Diagnostic Substances),64,1.2699999809265137,-62.08955172893329,17,,C-
MGY,Magnolia Oil & Gas Corporation Class A Common Stock,Oil & Gas Production,43,25.790000915527344,-19.833949991243117,50,,E
MGYR,Magyar Bancorp Inc. Common Stock,Savings Institutions,22,17.350000381469727,-5.572024711727486,46,,B-
MH,McGraw Hill Inc. Common Stock,Publishing,102,9.819999694824219,-45.414119956857235,17,21,D
MHH,Mastech Digital Inc Common Stock,Professional Services,97,7.710000038146973,-5.745724321445589,65,,A-
MHK,Mohawk Industries Inc. Common Stock,Home Furnishings,40,109.97000122070312,-21.30948034296736,45,,C
MHO,M/I Homes Inc. Common Stock,Homebuilding,49,147.32000732421875,-9.619627408454756,67,,B
MI,NFT Limited Class A Ordinary Share,Other Specialty Stores,117,9.199999809265137,-53.60564879142099,99,,E
MIAX,Miami International Holdings Inc. Common Stock,Investment Bankers/Brokers/Service,84,42.83000183105469,-24.64813209697948,57,,C-
MICC,The Magnum Ice Cream Company N.V. Ordinary Shares,Specialty Foods,92,18.530000686645508,-6.7438354101226565,76,,B+
MIDD,Middleby Corporation (The) Common Stock,Industrial Machinery/Components,68,135.6699981689453,-24.29129437533948,36,,C
MIMI,Mint Incorporation Limited Class A Ordinary Shares,Business Services,92,2.1500000953674316,-97.99999991128611,7,,A+
MIND,MIND Technology Inc. Common Stock (DE),Industrial Machinery/Components,68,5.449999809265137,-61.861442800462974,15,,E
MINE,Mayfair Gold Corp. Common Shares,Oil & Gas Production,43,2.365000009536743,-49.03017074162054,12,,E
MIR,Mirion Technologies Inc. Class A Common Stock,Industrial Machinery/Components,68,17.0,-42.85714285714286,24,,C-
MIRA,MIRA Pharmaceuticals Inc. Common Stock,Biotechnology: Pharmaceutical Preparations,68,0.925000011920929,-54.20791976955074,23,,B
MIRM,Mirum Pharmaceuticals Inc. Common Stock,Biotechnology: Pharmaceutical Preparations,68,122.12999725341797,-5.008952091416486,90,5,A-
MIST,Milestone Pharmaceuticals Inc. Common Shares,Biotechnology: Pharmaceutical Preparations,68,1.2799999713897705,-56.61017116271567,12,5,E+
MITK,Mitek Systems Inc. Common Stock,Computer peripheral equipment,52,19.329999923706055,-4.021844540664221,92,77,A-
MITQ,Moving iMage Technologies Inc. Common Stock,Industrial Machinery/Components,68,0.5899999737739563,-61.18421176463945,30,21,A-
MITT,TPG Mortgage Investment Trust Inc. Common Stock,Real Estate Investment Trusts,45,7.71999979019165,-10.70961477434259,53,,D
MKC,McCormick & Company Incorporated Common Stock,Packaged Foods,129,52.45000076293945,-25.636216938439695,32,,B-
MKDW,MKDWELL Tech Inc. Ordinary Share,Consumer Electronics/Appliances,119,11.699999809265137,-2.5000015894571903,94,,A
MKL,Markel Group Inc. Common Stock,Property-Casualty Insurers,46,1949.75,-11.047489079443107,41,,D+
MKSI,MKS Inc. Common Stock,Industrial Machinery/Components,68,368.5799865722656,-17.135792111617498,97,76,B
MKTW,MarketWise Inc. Class A Common Stock,Computer Software: Prepackaged Software,120,20.15999984741211,0.0,79,,C-
MKTX,MarketAxess Holdings Inc. Common Stock,Investment Bankers/Brokers/Service,84,113.86000061035156,-47.036906017365986,14,,E
MKZR,MacKenzie Realty Capital Inc. Common Stock,Real Estate Investment Trusts,45,1.7200000286102295,-77.36842039219229,6,,E-
MLAB,Mesa Laboratories Inc. Common Stock,Industrial Machinery/Components,68,95.61000061035156,-12.388891215373832,62,89,E
MLCI,Mount Logan Capital Inc. Common Stock,Investment Managers,73,3.359999895095825,-60.42369501934043,18,,B+
MLCO,Melco Resorts & Entertainment Limited American Depositary Shares,Hotels/Resorts,35,5.489999771118164,-45.804543839127476,23,96,D-
MLEC,Moolec Science SA Ordinary Shares,Blank Checks,76,7.329999923706055,-91.5309073769499,29,,A
MLGO,MicroAlgo Inc. Class A Ordinary Shares,EDP Services,125,4.059999942779541,-81.83445246763546,19,,A-
MLI,Mueller Industries Inc. Common Stock,Metal Fabrications,38,56.9900016784668,-18.851312374593565,55,,E
MLKN,MillerKnoll Inc. Common Stock,Office Equipment/Supplies/Services,61,20.15999984741211,-9.980913100055433,72,,A-
MLM,Martin Marietta Materials Inc. Common Stock,Mining & Quarrying of Nonmetallic Minerals (No Fuels),67,577.719970703125,-18.19686375466191,37,,D-
MLP,Maui Land & Pineapple Company Inc. Common Stock,Real Estate,87,16.329999923706055,-18.02208905039221,40,,A-
MLR,Miller Industries Inc. Common Stock,Construction/Ag Equipment/Trucks,35,48.9900016784668,-7.443791052318794,63,,C
MLSS,Milestone Scientific Inc. Common Stock,Industrial Specialties,84,0.3799999952316284,-43.28358421402159,59,,E-
MLTX,MoonLake Immunotherapeutics Class A Ordinary Shares,Biotechnology: Pharmaceutical Preparations,68,20.360000610351562,-67.15599280678205,79,,C+
MLYS,Mineralys Therapeutics Inc. Common Stock,Biotechnology: Pharmaceutical Preparations,68,28.3799991607666,-40.038034940143184,62,,D-
MMA,Mixed Martial Arts Group Limited Ordinary Shares,Other Consumer Services,123,0.5139999985694885,-71.75824265076389,19,,A
MMED,MiniMed Group Inc. Common Stock,Medical/Dental Instruments,117,15.289999961853027,-17.306651427133147,37,,B+
MMI,Marcus & Millichap Inc. Common Stock,Real Estate,87,30.68000030517578,-5.942449851175913,59,,C-
MMLP,Martin Midstream Partners L.P. Limited Partnership,Oil Refining/Marketing,137,2.2300000190734863,-35.556047193270366,22,,E
MMM,3M Company Common Stock,Medical/Dental Instruments,117,157.52000427246094,-8.914079478826897,48,66,D+
MMS,Maximus Inc. Common Stock,Business Services,92,56.630001068115234,-42.18170486604499,20,,E+
MMSI,Merit Medical Systems Inc. Common Stock,Medical/Dental Instruments,117,73.44000244140625,-22.832821420216987,34,83,C
MMYT,MakeMyTrip Limited Ordinary Shares,Transportation Services,105,58.619998931884766,-43.203178517706434,38,,A-
MNDO,MIND C.T.I. Ltd. Ordinary Shares,EDP Services,125,1.059999942779541,-28.378383167648536,34,43,B+
MNDR,Mobile-health Network Solutions Class A Ordinary Shares,Computer Software: Prepackaged Software,120,3.3499999046325684,-90.99462409697043,6,,A
MNDY,monday.com Ltd. Ordinary Shares,Computer Software: Prepackaged Software,120,82.47000122070312,-72.61861265240803,22,,B+
MNKD,MannKind Corporation Common Stock,Biotechnology: Pharmaceutical Preparations,68,4.090000152587891,-34.13848425984354,63,,A-
MNOV,Medicinova Inc Common Stock,Biotechnology: Pharmaceutical Preparations,68,1.3899999856948853,-26.063830360615082,49,,A
MNPR,Monopar Therapeutics Inc. Common Stock,Biotechnology: Pharmaceutical Preparations,68,106.5999984741211,0.0,94,5,A
MNRO,Monro Inc. Common Stock,Automotive Aftermarket,129,16.809999465942383,-27.218900119651845,46,,C
MNSB,MainStreet Bancshares Inc. Common Stock,Major Banks,26,24.15999984741211,-3.7450219911214777,64,71,B
MNSBP,MainStreet Bancshares Inc. Depositary Shares,Major Banks,26,25.385000228881836,-0.4509794945810386,54,,D+
MNSO,MINISO Group Holding Limited American Depositary Shares each representing four Ordinary Shares,Department/Specialty Retail Stores,59,11.789999961853027,-54.66320202260461,15,,E+
MNST,Monster Beverage Corporation,Beverages (Production/Distribution),97,97.38999938964844,-0.2560426070900901,84,89,B-
MNTK,Montauk Renewables Inc. Common Stock,Natural Gas Distribution,24,1.6100000143051147,-35.34136513498848,51,,B-
MNTN,MNTN Inc. Class A Common Stock,Advertising,97,10.5,-66.63488964378763,29,,A
MNTS,Momentus Inc. Class A Common Stock,Military/Government/Technical,91,6.054999828338623,-82.2471212058003,32,,A
MNY,MoneyHero Limited Class A Ordinary Shares,Business Services,92,0.9350000023841858,-57.88288331827107,19,,E-
MO,Altria Group Inc.,Medicinal Chemicals and Botanical Products,135,71.79000091552734,-3.0519946564361744,70,70,C-
MOB,Mobilicom Limited Ordinary Shares,Aerospace,90,5.150000095367432,-49.509802042452534,51,,B-
MOBX,Mobix Labs Inc. Class A Common Stock,Semiconductors,1,1.909999966621399,-84.21487680656254,10,,A
MOD,Modine Manufacturing Company Common Stock,Auto Parts:O.E.M.,64,245.91000366210938,-19.870314469561578,91,94,E-
MODD,Modular Medical Inc. Common Stock,Medical/Dental Instruments,117,3.990000009536743,-82.52299595764066,7,,A-
MOGU,MOGU Inc. American Depositary Shares (each  representing 25 Class A Ordinary Shares),Business Services,92,2.069999933242798,-58.60000133514405,27,21,A-
MOH,Molina Healthcare Inc Common Stock,Medical Specialities,34,233.30999755859375,0.0,81,,A-
MOLN,Molecular Partners AG American Depositary Shares,Biotechnology: Biological Products (No Diagnostic Substances),64,4.02400016784668,-21.48292355421113,44,,C+
MOMO,Hello Group Inc. American Depositary Shares,Computer Software: Prepackaged Software,120,6.059999942779541,-30.393842284535,35,,D
MORN,Morningstar Inc. Common Stock,Investment Managers,73,165.17999267578125,-44.09927380730332,23,,D+
MOS,Mosaic Company (The) Common Stock,Agricultural Chemicals,134,21.510000228881836,-40.45523770944671,21,,D-
MOV,Movado Group Inc. Common Stock,Consumer Specialties,30,38.529998779296875,-2.652862564887437,94,79,A-
MOVE,Corvex Inc. Common Stock,Biotechnology: Electromedical & Electrotherapeutic Apparatus,76,16.790000915527344,-31.357311758095165,97,,B-
MP,MP Materials Corp. Common Stock,Metal Mining,71,52.209999084472656,-47.075521260102185,51,21,D-
MPAA,Motorcar Parts  of America Inc. Common Stock,Auto Parts:O.E.M.,64,14.050000190734863,-20.755778040123385,64,,A-
MPB,Mid Penn Bancorp Common Stock,Major Banks,26,34.630001068115234,-2.9428229486540447,62,64,C+
MPC,Marathon Petroleum Corporation Common Stock,Integrated oil Companies,10,283.739990234375,0.0,87,95,C
MPLT,MapLight Therapeutics Inc. Common Stock,Biotechnology: Pharmaceutical Preparations,68,39.31999969482422,-1.2060290237125626,95,,A-
MPT,Medical Properties Trust Inc. common stock,Real Estate Investment Trusts,45,4.510000228881836,-22.212996350699942,40,,D-
MPTI,M-tron Industries Inc. Common Stock,Industrial Machinery/Components,68,87.83000183105469,-12.82381952252637,90,82,E+
MPU,Mega Matrix Inc. Class A Ordinary Shares,Diversified Commercial Services,111,0.25,-93.71859299492672,3,,A+
MPV,Barings Participation Investors Common Stock,Finance Companies,58,15.949999809265137,-17.717370598401338,34,,D-
MPWR,Monolithic Power Systems Inc. Common Stock,Semiconductors,1,1352.739990234375,-19.828861490058813,81,,E-
MQ,Marqeta Inc. Class A Common Stock,Computer Software: Prepackaged Software,120,15.869999885559082,-41.91068791056518,28,62,C
MRAM,Everspin Technologies Inc. Common Stock,Semiconductors,1,18.420000076293945,-58.14587416768564,95,21,C+
MRBK,Meridian Corporation Common Stock,Major Banks,26,19.809999465942383,-3.1142286513326956,68,78,D+
MRCY,Mercury Systems Inc Common Stock,Electrical Products,3,107.9800033569336,-14.44417705394141,87,67,B+
MRDN,Meridian Holdings Inc. Common Stock,Computer Software: Prepackaged Software,120,14.079999923706055,-36.23188418316455,88,,A
MREO,Mereo BioPharma Group plc American Depositary Shares,Biotechnology: Pharmaceutical Preparations,68,0.33500000834465027,-85.49783477736554,14,5,B+
MRK,Merck & Company Inc. Common Stock (new),Biotechnology: Pharmaceutical Preparations,68,123.54000091552734,-4.646493328578405,74,33,C-
MRKR,Marker Therapeutics Inc. Common Stock,Biotechnology: Pharmaceutical Preparations,68,1.5099999904632568,-31.05023054749396,36,,B+
MRLN,Merlin Inc. Common Stock,EDP Services,125,4.300000190734863,-73.27532535763676,6,,E+
MRM,MEDIROM Healthcare Technologies Inc. American Depositary Share,Other Consumer Services,123,0.9900000095367432,-66.3265309432439,18,,A+
MRNA,Moderna Inc. Common Stock,Biotechnology: Biological Products (No Diagnostic Substances),64,68.2699966430664,-16.540349515794617,94,5,A-
MRNO,Murano Global Investments PLC Ordinary Shares,Hotels/Resorts,35,0.2619999945163727,-97.19786113553945,4,,A+
MRP,Millrose Properties Inc. Class A Common Stock,Real Estate,87,28.3700008392334,-11.587433451553187,44,,C-
MRSH,Marsh Common Stock,Specialty Insurers,105,178.30999755859375,-15.362129141059588,38,71,C
MRT,Marti Technologies Inc. Class A Ordinary Shares,Rental/Leasing Companies,129,1.3200000524520874,-56.578945098161014,11,,E-
MRTN,Marten Transport Ltd. Common Stock,Trucking Freight/Courier Services,6,17.149999618530273,-5.86377710598982,82,33,C-
MRVI,Maravai LifeSciences Holdings Inc. Class A Common Stock,Biotechnology: Pharmaceutical Preparations,68,6.090000152587891,-4.694831301502056,95,,A-
MRVL,Marvell Technology Inc. Common Stock,Semiconductors,1,235.80999755859375,-25.45960577147641,97,89,A-
MRX,Marex Group Limited Ordinary Shares,Investment Bankers/Brokers/Service,84,65.77999877929688,-6.416278385954877,92,97,B-
MS,Morgan Stanley Common Stock,Investment Bankers/Brokers/Service,84,222.27999877929688,-2.118101913849557,82,83,C-
MSA,MSA Safety Incorporated Common Stock,Industrial Specialties,84,170.61000061035156,-15.507768139790546,44,79,C-
MSAI,MultiSensor AI Holdings Inc. Common Stock,Electronic Components,5,5.239999771118164,-93.38383841789471,8,,A
MSB,Mesabi Trust Common Stock,Precious Metals,104,25.100000381469727,-37.970412938265994,26,45,E+
MSBI,Midland States Bancorp Inc. Common Stock,Major Banks,26,30.530000686645508,-2.6777179793292527,88,63,B-
MSC,Studio City International Holdings Limited American depositary shares each representing four  Class A ordinary shares,Hotels/Resorts,35,1.7599999904632568,-65.89147204440427,9,,E-
MSCI,MSCI Inc. Common Stock,Business Services,92,604.7100219726562,-6.0761371913059525,56,,C
MSEX,Middlesex Water Company Common Stock,Water Supply,79,55.0099983215332,-9.390835195401204,48,49,D
MSFT,Microsoft Corporation Common Stock,Computer Software: Prepackaged Software,120,385.1000061035156,-28.507579446145158,30,92,B-
MSGE,Madison Square Garden Entertainment Corp. Class A Common Stock,Services-Misc. Amusement & Recreation,87,74.23999786376953,-8.289066507022724,88,42,C+
MSGM,Motorsport Games Inc. Class A Common Stock,Computer Software: Prepackaged Software,120,4.610000133514404,-13.345864948069119,87,52,C
MSGS,Madison Square Garden Sports Corp. Class A Common Stock (New),Services-Misc. Amusement & Recreation,87,381.8999938964844,-5.242787124236747,88,31,C
MSGY,Masonglory Limited Ordinary Shares,,,0.4749999940395355,-97.68518526587157,8,,A+
MSI,Motorola Solutions Inc. Common Stock,Radio And Television Broadcasting And Communications Equipment,18,422.8800048828125,-12.777594363152778,44,50,D
MSLE,Satellos Bioscience Inc. Common Stock,Biotechnology: Pharmaceutical Preparations,68,9.789999961853027,-24.750193776941664,89,,A+
MSM,MSC Industrial Direct Company Inc. Common Stock,Industrial Machinery/Components,68,123.0199966430664,0.0,84,,B
MSN,Emerson Radio Corporation Common Stock,Consumer Electronics/Appliances,119,0.3700000047683716,-51.31578823536055,28,,B
MSS,Maison Solutions Inc. Class A Common Stock,Food Chains,55,0.6349999904632568,-95.4316546194956,3,,E-
MSTR,Strategy Inc Common Stock Class A,Computer Software: Prepackaged Software,120,94.63999938964844,-79.24106149228483,9,,E-
MT,Arcelor Mittal NY Registry Shares NEW,Steel/Iron Ore,66,66.08000183105469,-7.773900315706783,87,53,B-
MTA,Metalla Royalty & Streaming Ltd. Common Shares,Precious Metals,104,7.139999866485596,-21.104975513753832,66,,D-
MTB,M&T Bank Corporation Common Stock,Major Banks,26,242.33999633789062,0.0,69,,C
MTC,MMTec Inc. Common Shares,Computer Software: Prepackaged Software,120,2.440000057220459,-73.06843328685312,85,,E-
MTCH,Match Group Inc. Common Stock,Computer Software: Programming Data Processing,110,38.849998474121094,-1.1953235614215796,71,,B-
MTD,Mettler-Toledo International Inc. Common Stock,Biotechnology: Laboratory Analytical Instruments,52,1296.1700439453125,-13.934076098885695,41,,C+
MTDR,Matador Resources Company Common Stock,Oil & Gas Production,43,51.34000015258789,-21.025497575278106,52,,E+
MTEK,Maris-Tech Ltd. Ordinary Shares,Telecommunications Equipment,74,1.1299999952316284,-73.03102673508693,13,,C-
MTEN,Mingteng International Corporation Inc. Class A Ordinary Shares,Building Products,61,1.1699999570846558,-99.972535212275,5,,A
MTEX,Mannatech Incorporated Common Stock,Medicinal Chemicals and Botanical Products,135,4.699999809265137,-53.87634933456646,13,,A
MTG,MGIC Investment Corporation Common Stock,Property-Casualty Insurers,46,28.139999389648438,-4.682110655336558,49,,D
MTH,Meritage Homes Corporation Common Stock,Homebuilding,49,75.5,-11.364170310513133,61,39,B-
MTLS,Materialise NV American Depositary Shares,Computer Software: Prepackaged Software,120,6.769999980926514,-8.882905284799826,72,99,B
MTN,Vail Resorts Inc. Common Stock,Services-Misc. Amusement & Recreation,87,150.13999938964844,-5.710085470216519,59,41,B
MTNB,Matinas Biopharma Holdings Inc. Common Stock,Biotechnology: Pharmaceutical Preparations,68,0.7549999952316284,-68.00847335626798,53,,A+
MTR,Mesa Royalty Trust Common Stock,Oil & Gas Production,43,3.1500000953674316,-44.84348091380742,15,,E-
MTRN,Materion Corporation,Industrial Specialties,84,257.6600036621094,-13.359564554746516,96,73,B-
MTRX,Matrix Service Company Common Stock,Engineering & Construction,30,12.489999771118164,-21.049304601412356,44,,D
MTSI,MACOM Technology Solutions Holdings Inc. Common Stock,Semiconductors,1,308.5199890136719,-24.692444217593735,93,93,E
MTUS,Metallus Inc. Common Shares,Steel/Iron Ore,66,19.059999465942383,-11.390054564712637,60,,D-
MTVA,MetaVia Inc. Common Stock,Biotechnology: Pharmaceutical Preparations,68,1.7799999713897705,-89.21212138551654,18,,A+
MTW,Manitowoc Company Inc. (The) Common Stock,Construction/Ag Equipment/Trucks,35,12.779999732971191,-15.643563994947474,48,59,C-
MTX,Minerals Technologies Inc. Common Stock,Major Chemicals,54,72.45999908447266,-12.39255205287878,61,,D+
MTZ,MasTec Inc. Common Stock,Water Sewer Pipeline Comm & Power Line Construction,1,372.8900146484375,-14.769946669746957,89,72,D
MU,Micron Technology Inc. Common Stock,Semiconductors,1,979.2999877929688,-19.291128581568028,99,93,B
MUFG,Mitsubishi UFJ Financial Group Inc. Common Stock,Commercial Banks,8,21.649999618530273,0.0,82,,C+
MUR,Murphy Oil Corporation Common Stock,Oil & Gas Production,43,33.75,-20.348181411496668,58,35,E
MUSA,Murphy USA Inc. Common Stock,Retail-Auto Dealers and Gas Stations,105,590.22998046875,-5.188512570968939,82,79,C
MUX,McEwen Inc. Common Stock,Precious Metals,104,17.8799991607666,-38.45094791618381,49,,B-
MVBF,MVB Financial Corp. Common Stock,Major Banks,26,28.65999984741211,-3.9544245949792445,61,,B-
MVIS,MicroVision Inc. Common Stock,Industrial Machinery/Components,68,0.3799999952316284,-74.6666669845581,7,5,E
MVST,Microvast Holdings Inc. Common Stock,Industrial Machinery/Components,68,1.0700000524520874,-83.28124942956492,7,21,E
MWA,MUELLER WATER PRODUCTS Common Stock,Metal Fabrications,38,24.920000076293945,-17.726946996163818,37,76,D-
MWG,Multi Ways Holdings Limited Class A Ordinary Shares,Miscellaneous manufacturing industries,123,1.2350000143051147,-67.41424731568357,9,,E
MWH,SOLV Energy Inc. Class A Common Stock,Military/Government/Technical,91,28.920000076293945,-38.16549114124861,37,,E-
MWYN,Marwynn Holdings Inc. Common stock,Food Distributors,13,1.0299999713897705,-33.1168833179445,64,13,A
MX,Magnachip Semiconductor Corporation Common Stock,Semiconductors,1,4.019999980926514,-54.98320443957272,78,,B
MXC,Mexco Energy Corporation Common Stock,Oil & Gas Production,43,8.359999656677246,-44.3373485866564,33,,D
MXCT,MaxCyte Inc. Common Stock,Biotechnology: Commercial Physical & Biological Resarch,23,1.3300000429153442,-42.91845122467339,67,21,B+
MXL,MaxLinear Inc. Common Stock,Semiconductors,1,91.30000305175781,-28.688585548497635,99,74,A-
MYE,Myers Industries Inc. Common Stock,Plastic Products,18,30.84000015258789,-12.65930627826114,92,90,A-
MYFW,First Western Financial Inc. Common Stock,Major Banks,26,32.779998779296875,-2.002995421108922,79,,A-
MYGN,Myriad Genetics Inc. Common Stock,Biotechnology: In Vitro & In Vivo Diagnostic Substances,55,5.829999923706055,-28.72860994861818,53,,B+
MYND,Mynd.ai Inc. American Depositary Shares,Other Consumer Services,123,0.40700000524520874,-61.60377101738611,29,,A+
MYO,Myomo Inc. Common Stock,Industrial Specialties,84,1.100000023841858,-49.77168972141607,64,,E
MYPS,PLAYSTUDIOS Inc.  Class A Common Stock,Computer Software: Prepackaged Software,120,0.7540000081062317,-41.09374805004331,70,,A
MYRG,MYR Group Inc. Common Stock,Water Sewer Pipeline Comm & Power Line Construction,1,419.3399963378906,-16.321115827827594,93,82,E+
MYSE,Myseum.AI Inc. Common Stock,Telecommunications Equipment,74,2.309999942779541,-39.37007933143675,73,,A
MYSZ,My Size Inc. Common Stock,Computer Software: Prepackaged Software,120,0.4790000021457672,-66.68984602105412,11,5,A+
MZTI,The Marzetti Company Common Stock,Packaged Foods,129,114.80000305175781,-37.670074783155194,19,,D
NA,Nano Labs Ltd Class A Ordinary Shares,Semiconductors,1,1.9800000190734863,-77.72778467257702,9,,E-
NAAS,NaaS Technology Inc. American Depositary Shares,Other Specialty Stores,117,3.4000000953674316,-22.196792118852706,72,,E
NABL,N-able Inc. Common Stock,Computer Software: Prepackaged Software,120,4.230000019073486,-50.2352938932531,17,52,B+
NAGE,Niagen Bioscience Inc. Common Stock,Medicinal Chemicals and Botanical Products,135,3.390000104904175,-71.24681835561795,11,,E+
NAII,Natural Alternatives International Inc. Common Stock,Medicinal Chemicals and Botanical Products,135,2.2300000190734863,-53.83022661908431,19,,B+
NAK,Northern Dynasty Minerals Ltd. Common Stock,Precious Metals,104,1.7100000381469727,-38.04347666465191,32,5,E+
NAKA,Nakamoto Inc. Common Stock,Medical/Nursing Services,32,3.7899999618530273,-99.36917442762015,3,21,D-
NAMI,Jinxin Technology Holding Company American Depositary Shares,Other Consumer Services,123,3.7300000190734863,-89.7103447749697,3,,A
NAMM,Namib Minerals Ordinary Shares,Precious Metals,104,1.559999942779541,-81.86046658624753,19,,A+
NAMS,NewAmsterdam Pharma Company N.V. Ordinary Shares,Biotechnology: Pharmaceutical Preparations,68,35.2599983215332,-14.933660621161549,64,,B-
NAT,Nordic American Tankers Limited Common Stock,Marine Transportation,11,6.170000076293945,-4.636780890665515,92,,C
NATH,Nathan's Famous Inc. Common Stock,Restaurants,105,100.5199966430664,-9.086463434358826,43,86,D
NATL,NCR Atleos Corporation Common Stock,Office Equipment/Supplies/Services,61,44.93000030517578,-6.648661317108018,67,73,D+
NATR,Nature's Sunshine Products Inc. Common Stock,Biotechnology: Pharmaceutical Preparations,68,21.270000457763672,-23.489204886709658,53,71,D-
NAUT,Nautilus Biotechnology Inc. Common Stock,Biotechnology: Laboratory Analytical Instruments,52,1.8899999856948853,-52.151899673946,80,21,E-
NAVI,Navient Corporation Common Stock,Investment Bankers/Brokers/Service,84,8.239999771118164,-43.635557692351604,23,,C-
NAVN,Navan Inc. Class A Common Stock,Computer Software: Prepackaged Software,120,25.920000076293945,-4.880733664976344,91,12,A
NB,NioCorp Developments Ltd. Common Stock,Metal Mining,71,4.619999885559082,-60.41131229344208,43,,C-
NBBK,NB Bancorp Inc. Common Stock,Banks,27,21.020000457763672,-6.831813787631635,52,,D
NBHC,National Bank Holdings Corporation Common Stock,Major Banks,26,44.33000183105469,-2.0331451247410204,61,,C+
NBIS,Nebius Group N.V. Class A Ordinary Shares,Computer Software: Programming Data Processing,110,219.64999389648438,-23.384145932547305,97,45,B-
NBIX,Neurocrine Biosciences Inc. Common Stock,Biotechnology: Biological Products (No Diagnostic Substances),64,177.11000061035156,-1.9052907135205688,80,,B
NBN,Northeast Bank Common Stock,Major Banks,26,131.88999938964844,-4.086972105077146,73,77,C
NBP,NovaBridge Biosciences American Depositary Shares,Biotechnology: Pharmaceutical Preparations,68,1.899999976158142,-71.03658547665943,15,,B+
NBR,Nabors Industries Ltd.,Oil & Gas Production,43,82.08999633789062,-25.797705526604442,88,,E+
NBRG,Newbridge Acquisition Limited Class A Ordinary Share,Blank Checks,76,9.970000267028809,-0.10019314294756887,45,,D
NBTB,NBT Bancorp Inc. Common Stock,Major Banks,26,50.279998779296875,0.0,67,,C
NBTX,Nanobiotix S.A. American Depositary Shares,Biotechnology: Pharmaceutical Preparations,68,40.06999969482422,-27.23806080102409,98,,B
NC,NACCO Industries Inc. Common Stock,Coal Mining,101,47.33000183105469,-19.141246613907292,52,66,D-
NCDL,Nuveen Churchill Direct Lending Corp. Common Stock,,,12.880000114440918,-14.645169379834034,42,51,D
NCEL,NewcelX Ltd. Ordinary Shares,Biotechnology: Pharmaceutical Preparations,68,4.190000057220459,-84.98207844261906,75,,A
NCEW,New Century Logistics (BVI) Limited Ordinary Shares,Integrated Freight & Logistics,141,16.200000762939453,-21.739129633543975,96,,B+
NCI,Neo-Concept International Group Holdings Limited Class A Ordinary Shares,Apparel,40,11.90999984741211,-87.59375015894571,90,,A
NCLH,Norwegian Cruise Line Holdings Ltd. Ordinary Shares,Marine Transportation,11,19.610000610351562,-27.208610907187815,32,,C+
NCMI,National CineMedia Inc. Common Stock,Advertising,97,3.9000000953674316,-20.961743591864646,48,44,B
NCNA,NuCana plc American Depositary Share,Biotechnology: Pharmaceutical Preparations,68,1.340000033378601,-88.83333305517831,6,,E-
NCNO,nCino Inc. Common Stock,Computer Software: Prepackaged Software,120,16.989999771118164,-48.026918064056815,21,89,A-
NCPL,Netcapital Inc. Common Stock,Finance: Consumer Services,112,0.4749999940395355,-93.1259044207153,17,13,A+
NCRA,Nocera Inc. Common Stock,Farming/Seeds/Milling,95,1.590000033378601,-20.499998331069946,99,,E+
NCSM,NCS Multistage Holdings Inc. Common Stock,Oilfield Services/Equipment,18,45.33000183105469,-46.79577059305292,48,40,B-
NCT,Intercont (Cayman) Limited Class A Ordinary shares,Restaurants,105,2.880000114440918,-97.47921215366222,14,,A+
NCTY,The9 Limited American Depository Shares,Finance: Consumer Services,112,4.340000152587891,-62.029745960526064,14,,E
NDAQ,Nasdaq Inc. Common Stock,Investment Bankers/Brokers/Service,84,88.08000183105469,-12.184739685921542,43,,D-
NDLS,Noodles & Company Class A Common Stock,Restaurants,105,12.529999732971191,-20.69620517904299,94,5,B
NDRA,ENDRA Life Sciences Inc. Common Stock,Biotechnology: Electromedical & Electrotherapeutic Apparatus,76,5.610000133514404,-30.911327431279368,41,,E
NDSN,Nordson Corporation Common Stock,Industrial Machinery/Components,68,286.6000061035156,-5.921746217659718,66,,C-
NE,Noble Corporation plc A Ordinary Shares,Oil & Gas Production,43,39.970001220703125,-25.68871247288831,66,60,E
NECB,NorthEast Community Bancorp Inc. Common Stock,Banks,27,26.280000686645508,-6.357631584205614,64,75,B
NEE,NextEra Energy Inc. Common Stock,EDP Services,125,87.95999908447266,-9.476641173136835,54,90,D
NEGG,Newegg Commerce Inc. Common Shares,Other Specialty Stores,117,14.149999618530273,-88.9530798477004,6,,E-
NEM,Newmont Corporation,Precious Metals,104,95.29000091552734,-27.46813379844101,51,94,E+
NEO,NeoGenomics Inc. Common Stock,Precision Instruments,42,14.109999656677246,-6.926122699889758,91,60,A-
NEOG,Neogen Corporation Common Stock,Biotechnology: In Vitro & In Vivo Diagnostic Substances,55,9.619999885559082,-15.092674754296286,81,,C-
NEON,Neonode Inc. Common Stock,Industrial Machinery/Components,68,0.8899999856948853,-96.96245730761264,6,11,E-
NEOV,NeoVolta Inc. Common Stock,Industrial Machinery/Components,68,2.3499999046325684,-61.22112331976866,14,13,A+
NEPH,Nephros Inc. Common Stock,Medical/Dental Instruments,117,3.630000114440918,-37.30569709228158,39,,B+
NERV,Minerva Neurosciences Inc Common Stock,Biotechnology: Pharmaceutical Preparations,68,4.71999979019165,-41.5117723831034,88,21,A
NESR,National Energy Services Reunited Corp Ordinary Shares,Oilfield Services/Equipment,18,28.6200008392334,-4.376877556248626,97,71,A-
NET,Cloudflare Inc. Class A Common Stock,Computer Software: Prepackaged Software,120,268.3999938964844,-2.6831016040650524,82,,B-
NEU,NewMarket Corp Common Stock,Major Chemicals,54,763.9099731445312,-11.382647670381063,58,,C-
NEUP,Neuphoria Therapeutics Inc. Common Stock,Biotechnology: Pharmaceutical Preparations,68,3.5399999618530273,-82.30000019073486,13,21,E-
NEWP,New Pacific Metals Corp. Common Shares,Precious Metals,104,4.039999961853027,-33.223143231631724,85,11,E
NEWT,NewtekOne Inc. Common Stock,Major Banks,26,14.779999732971191,-2.8909364411168426,79,56,B-
NEXA,Nexa Resources S.A. Common Shares,Metal Mining,71,14.8100004196167,-11.423438828805754,95,95,B-
NEXM,NexMetals Mining Corp. Common Shares,,,2.259999990463257,-72.85285234543746,13,,E+
NEXN,Nexxen International Ltd. Ordinary Shares,Computer Software: Programming Data Processing,110,9.654999732971191,-16.334490772209264,80,,B+
NEXR,Nexera Technologies Ltd Ordinary Shares,Other Specialty Stores,117,0.48399999737739563,-99.5359539949992,1,,A+
NEXT,NextDecade Corporation Common Stock,Oil & Gas Production,43,7.989999771118164,-33.4166685740153,64,,D-
NFBK,Northfield Bancorp Inc. Common Stock (Delaware),Savings Institutions,22,14.539999961853027,-3.00200010764623,69,,C
NFE,New Fortress Energy Inc. Class A Common Stock,Oil/Gas Transmission,61,0.35499998927116394,-92.23194801014401,4,5,E-
NFG,National Fuel Gas Company Common Stock,Oil/Gas Transmission,61,79.0999984741211,-17.000788860337778,34,49,D
NFGC,New Found Gold Corp Common Shares,Precious Metals,104,1.5,-56.89655196038306,19,,E+
NFLX,Netflix Inc. Common Stock,Consumer Electronics/Video Chains,140,73.37000274658203,-42.41741458987506,16,,E
NG,Novagold Resources Inc.,Precious Metals,104,5.96999979019165,-57.95774739168391,20,,E
NGEN,NervGen Pharma Corp. Common stock,,,1.8799999952316284,-68.50921170348524,9,,E-
NGG,National Grid Transco PLC National Grid PLC (NEW) American Depositary Shares,Natural Gas Distribution,24,82.58999633789062,-9.76101904388611,54,,E+
NGNE,Neurogene Inc. Common Stock,Biotechnology: Pharmaceutical Preparations,68,39.630001068115234,-7.492995035105632,94,,A
NGS,Natural Gas Services Group Inc. Common Stock,Oilfield Services/Equipment,18,40.529998779296875,-8.157720828652849,79,,C
NGVC,Natural Grocers by Vitamin Cottage Inc. Common Stock,Food Chains,55,32.88999938964844,-18.38399879136714,61,70,B-
NGVT,Ingevity Corporation Common Stock,Major Chemicals,54,72.06999969482422,-7.448314944373613,70,47,C
NHC,National HealthCare Corporation Common Stock,Hospital/Nursing Management,49,210.3800048828125,-3.6897992439620775,90,61,B+
NHI,National Health Investors Inc. Common Stock,Real Estate Investment Trusts,45,75.33000183105469,-15.299421547007253,42,56,C
NHIC,NewHold Investment Corp III Class A Ordinary Shares,,,10.84000015258789,-5.244750435343171,52,,A-
NHTC,Natural Health Trends Corp. Common Stock,Consumer Specialties,30,1.899999976158142,-55.50667826031804,12,21,E-
NI,NiSource Inc Common Stock,Power Generation,59,46.900001525878906,-4.441728247443577,56,54,D
NIC,Nicolet Bankshares Inc. Common Stock,Major Banks,26,164.0800018310547,-2.807727335339394,69,43,B+
NICE,NICE Ltd American Depositary Shares,Computer Software: Prepackaged Software,120,99.73999786376953,-41.45682883000363,25,,D
NINE,Nine Energy Service Inc. Common Stock,Oilfield Services/Equipment,18,10.930000305175781,-15.987700900177648,80,5,A-
NIO,NIO Inc. American depositary shares each  representing one Class A ordinary share,Auto Manufacturing,138,4.78000020980835,-39.41697983909496,34,,E+
NIPG,NIP Group Inc. American Depositary Shares,Services-Misc. Amusement & Recreation,87,6.639999866485596,-14.718725167920354,99,,E-
NIQ,NIQ Global Intelligence plc Ordinary Shares,Computer Software: Programming Data Processing,110,11.25,-43.00911788023416,25,,B+
NIU,Niu Technologies American Depositary Shares,Auto Manufacturing,138,2.1600000858306885,-61.151077193161505,14,,E
NIVF,NewGenIvf Group Limited Class A Ordinary Shares,Misc Health and Biotechnology Services,13,1.399999976158142,-99.26393270314347,4,,A+
NIXX,Nixxy Inc. Common Stock,EDP Services,125,1.2799999713897705,-42.34234437415392,69,,A
NJR,NewJersey Resources Corporation Common Stock,Oil/Gas Transmission,61,58.369998931884766,0.0,70,45,C
NKE,Nike Inc. Common Stock,Shoe Manufacturing,80,44.369998931884766,-42.46901026645131,24,,C+
NKLR,Terra Innovatum Global N.V. Ordinary shares,Metal Fabrications,38,4.940000057220459,-72.94633080339801,21,,D
NKSH,National Bankshares Inc. Common Stock,Major Banks,26,35.91999816894531,-5.769204596309796,62,,C+
NKTR,Nektar Therapeutics  Common Stock,Biotechnology: Pharmaceutical Preparations,68,70.36000061035156,-29.885399421808213,89,,C+
NKTX,Nkarta Inc. Common Stock,Biotechnology: Pharmaceutical Preparations,68,2.9700000286102295,-19.073570385060933,85,,B
NL,NLI Holdings Inc. Common Stock,Major Chemicals,54,6.059999942779541,-27.665662043716356,53,83,B+
NLOP,Net Lease Office Properties Common Shares of Beneficial Interest,Real Estate Investment Trusts,45,11.199999809265137,-16.23036720170625,48,,D-
NLY,Annaly Capital Management Inc. Common Stock,Real Estate Investment Trusts,45,22.860000610351562,-0.5654596000906342,65,,C+
NMAD,Nomad Power Solutions Inc. Common Stock,Biotechnology: Pharmaceutical Preparations,68,6.260000228881836,-22.139300266376416,95,,A-
NMAX,Newsmax Inc. Class B Common Stock,Broadcasting,95,8.229999542236328,-47.311142109257744,45,,A-
NMFC,New Mountain Finance Corporation Common Stock,Finance/Investors Services,80,7.070000171661377,-24.870502158643603,28,31,E+
NMG,Nouveau Monde Graphite Inc. Common Shares,Other Metals and Minerals,135,1.600000023841858,-68.44181519391236,16,,E+
NMIH,NMI Holdings Inc. Common Stock,Property-Casualty Insurers,46,41.15999984741211,-1.5546555956205688,53,82,C
NMR,Nomura Holdings Inc ADR American Depositary Shares,Investment Bankers/Brokers/Service,84,9.65999984741211,0.0,76,,C+
NMRA,Neumora Therapeutics Inc. Common Stock,Biotechnology: Biological Products (No Diagnostic Substances),64,1.6799999475479126,-53.20334296061824,41,,A
NMRK,Newmark Group Inc. Class A Common Stock,Real Estate,87,15.199999809265137,-21.76261111690343,43,,C-
NMTC,NeuroOne Medical Technologies Corporation Common Stock,Medical/Dental Instruments,117,2.880000114440918,-54.716980283308736,12,,B+
NN,NextNav Inc. Common Stock,Industrial Machinery/Components,68,16.0,-32.17465071425718,54,,E+
NNBR,NN Inc. Common Stock,Industrial Machinery/Components,68,3.4800000190734863,-12.781954617650992,96,36,A+
NNDM,Nano Dimension Ltd. American Depositary Shares,Electrical Products,3,1.5,-29.906545492100932,32,,E-
NNE,Nano Nuclear Energy Inc. Common Stock,Electric Utilities: Central,55,18.860000610351562,-66.69609702520307,15,,E
NNI,Nelnet Inc. Common Stock,Finance: Consumer Services,112,133.50999450683594,-7.198032575733149,48,41,C-
NNN,NNN REIT Inc. Common Stock,Real Estate Investment Trusts,45,46.77000045776367,-1.5989866211910009,62,46,C
NNNN,Anbio Biotechnology Class A Ordinary Shares,Biotechnology: In Vitro & In Vivo Diagnostic Substances,55,9.390000343322754,-81.97696618362298,4,,E-
NNOX,NANO-X IMAGING LTD Ordinary Shares,Medical Electronics,126,1.0499999523162842,-80.80438770401679,5,,A-
NNVC,NanoViricides Inc. Common Stock,Biotechnology: Pharmaceutical Preparations,68,1.5099999904632568,-25.61576296823853,75,,A+
NOA,North American Construction Group Ltd. Common Shares (no par),Oilfield Services/Equipment,18,13.670000076293945,-18.006626494928312,37,,E+
NOAH,Noah Holdings Limited American Depositary Shares,Investment Managers,73,8.880000114440918,-18.22539807721526,37,,C-
NOC,Northrop Grumman Corporation Common Stock,Industrial Machinery/Components,68,539.6300048828125,-29.428272534818124,32,,D-
NODK,NI Holdings Inc. Common Stock,Property-Casualty Insurers,46,15.75,-3.551744803526158,70,,B+
NOEM,CO2 Energy Transition Corp. Common Stock,,,10.463000297546387,0.0,47,,D
NOG,Northern Oil and Gas Inc. Common Stock,Oil & Gas Production,43,18.520000457763672,-37.5528720569539,20,,E
NOK,Nokia Corporation Sponsored American Depositary Shares,Radio And Television Broadcasting And Communications Equipment,18,12.4399995803833,-26.172110986633502,94,,C-
NOMA,NOMADAR Corp. Class A Common Stock,Services-Misc. Amusement & Recreation,87,3.1050000190734863,-72.99999983414361,13,,C+
NOMD,Nomad Foods Limited Ordinary Shares,Packaged Foods,129,11.529999732971191,-32.92732166442982,45,49,B
NOV,NOV Inc. Common Stock,Oil and Gas Field Machinery,35,18.889999389648438,-11.557855359703096,69,,E+
NOVT,Novanta Inc. Common Stock,Industrial Machinery/Components,68,156.64999389648438,-7.082272199280382,80,82,D
NOW,ServiceNow Inc. Common Stock,Computer Software: Prepackaged Software,120,107.70999908447266,-45.938483418637944,27,93,B-
NP,Neptune Insurance Holdings Inc. Class A Common Stock,Specialty Insurers,105,31.920000076293945,-6.283033501798984,74,,A
NPB,Northpointe Bancshares Inc. Common Stock,Major Banks,26,18.700000762939453,-3.1589783525307835,56,,C
NPCE,Neuropace Inc. Common Stock,Medical/Dental Instruments,117,17.110000610351562,-11.301193373303608,81,,C+
NPK,National Presto Industries Inc. Common Stock,Ordnance And Accessories,15,124.69000244140625,-14.9105990485904,48,,D-
NPKI,NPK International Inc. Common Stock,Oil and Gas Field Machinery,35,14.350000381469727,-12.232415616740289,72,,D
NPO,Enpro Inc. Common Stock,Metal Fabrications,38,330.9200134277344,-14.634330288135855,85,85,D
NPT,Texxon Holding Limited Ordinary shares,Specialty Chemicals,120,2.700000047683716,-86.82926806007943,6,,A+
NPWR,NET Power Inc. Class A Common Stock,Industrial Machinery/Components,68,1.559999942779541,-67.83505209372318,18,,E
NRC,NRC Health Common Stock,Biotechnology: Commercial Physical & Biological Resarch,23,21.649999618530273,-4.918756331651819,84,76,A-
NRDS,NerdWallet Inc. Class A Common Stock,EDP Services,125,9.470000267028809,-40.55241628619473,27,,D-
NRDY,Nerdy Inc. Class A Common Stock,Other Consumer Services,123,0.9259999990463257,-45.8479544801778,30,5,E+
NREF,NexPoint Real Estate Finance Inc. Common Stock,Real Estate Investment Trusts,45,16.190000534057617,0.0,76,52,C
NRG,NRG Energy Inc. Common Stock,Electric Utilities: Central,55,140.4199981689453,-23.463551525611603,33,49,D
NRGV,Energy Vault Holdings Inc. Common Stock,Industrial Machinery/Components,68,3.440000057220459,-46.99537475287491,90,,E+
NRIM,Northrim BanCorp Inc Common Stock,Savings Institutions,22,27.219999313354492,-7.346051011381061,63,64,B
NRIX,Nurix Therapeutics Inc. Common stock,Biotechnology: Pharmaceutical Preparations,68,23.059999465942383,-6.601867285773433,91,5,A
NRP,Natural Resource Partners LP Limited Partnership,Coal Mining,101,99.0199966430664,-20.476026878752673,35,,E
NRSN,NeuroSense Therapeutics Ltd. Ordinary Shares,Biotechnology: Pharmaceutical Preparations,68,0.7289999723434448,-65.4502365598299,21,5,E-
NRT,North European Oil Royality Trust Common Stock,Oil & Gas Production,43,7.309999942779541,-23.090563930652884,71,,E-
NRXP,NRX Pharmaceuticals Inc. Common Stock,Biotechnology: Pharmaceutical Preparations,68,4.190000057220459,-9.307355822295381,90,32,D+
NRXS,Neuraxis Inc. Common Stock,Biotechnology: Electromedical & Electrotherapeutic Apparatus,76,7.139999866485596,-18.95573749818006,93,,C+
NSA,National Storage Affiliates Trust Common Shares of Beneficial Interest,Real Estate Investment Trusts,45,44.7599983215332,-2.780196717073591,83,68,C-
NSC,Norfolk Southern Corporation Common Stock,Railroads,28,327.4700012207031,0.0,66,68,D
NSIT,Insight Enterprises Inc. Common Stock,Catalog/Specialty Distribution,68,119.80999755859375,-18.307654052276902,82,84,B+
NSLR,Neostellar Capital Corp. Common Stock,Finance: Consumer Services,112,11.399999618530273,-23.541249260918384,61,,D+
NSP,Insperity Inc. Common Stock,Professional Services,97,45.5099983215332,-20.228762937897958,79,30,B+
NSPR,InspireMD Inc. Common Stock,Medical/Dental Instruments,117,0.7200000286102295,-74.19354700879535,6,21,E
NSRX,Nasus Pharma Ltd. Ordinary Shares,Biotechnology: Pharmaceutical Preparations,68,2.930000066757202,-67.97814001190268,20,,B+
NSSC,NAPCO Security Technologies Inc. Common Stock,Telecommunications Equipment,74,36.06999969482422,-23.04199952208159,36,,D-
NSTS,NSTS Bancorp Inc. Common Stock,Savings Institutions,22,13.779999732971191,-0.43352903869354753,65,,A-
NSYS,Nortech Systems Incorporated Common Stock,Industrial Machinery/Components,68,13.880000114440918,-21.404302183644198,83,21,C+
NTAP,NetApp Inc. Common Stock,Electronic Components,5,168.8699951171875,-6.459639981151732,91,82,A-
NTB,Bank of N.T. Butterfield & Son Limited (The) Voting Ordinary Shares,Commercial Banks,8,60.41999816894531,-0.4448846002195306,75,87,C
NTCL,NETCLASS TECHNOLOGY INC Class A Ordinary Shares,Computer Software: Prepackaged Software,120,4.590000152587891,-0.6493448855910744,99,,C+
NTCT,NetScout Systems Inc. Common Stock,EDP Services,125,43.68000030517578,-2.5869755652647153,89,55,B-
NTES,NetEase Inc. American Depositary Shares,Computer Software: Prepackaged Software,120,128.02999877929688,-18.035499044187375,46,,C+
NTGR,NETGEAR Inc. Common Stock,Telecommunications Equipment,74,22.979999542236328,-36.18439152079942,30,67,D
NTHI,NeOnc Technologies Holdings Inc. Common Stock,Biotechnology: Pharmaceutical Preparations,68,4.489999771118164,-62.861871675352546,16,,A-
NTIC,Northern Technologies International Corporation Common Stock,Industrial Specialties,84,8.149999618530273,-17.50298338628872,43,74,E+
NTIP,Network-1 Technologies Inc. Common Stock,Multi-Sector Companies,97,1.440000057220459,-19.15854075750445,55,,C-
NTLA,Intellia Therapeutics Inc. Common Stock,Biotechnology: In Vitro & In Vivo Diagnostic Substances,55,14.21500015258789,-49.19585280503638,54,,D
NTNX,Nutanix Inc. Class A Common Stock,Computer Software: Prepackaged Software,120,54.790000915527344,-32.45808794325281,59,79,B+
NTR,Nutrien Ltd. Common Shares,Agricultural Chemicals,134,65.43000030517578,-20.77514169366529,47,,D-
NTRA,Natera Inc. Common Stock,Medical Specialities,34,269.95001220703125,-4.880188929409335,85,,B+
NTRB,Nutriband Inc. Common Stock,Industrial Specialties,84,2.9600000381469727,-66.4018172853191,12,,E+
NTRP,NextTrip Inc. Common Stock,Miscellaneous manufacturing industries,123,2.1050000190734863,-55.49682852885455,13,5,D
NTRS,Northern Trust Corporation Common Stock,Major Banks,26,183.5500030517578,0.0,80,,C-
NTSK,Netskope Inc. Class A Common Stock,Computer Software: Prepackaged Software,120,12.319999694824219,-52.22954921491787,37,21,B+
NTST,NetSTREIT Corp. Common Stock,Real Estate Investment Trusts,45,21.5,-2.094713586750141,70,,B+
NTWK,NetSol Technologies Inc. Common  Stock,Computer Software: Prepackaged Software,120,4.349999904632568,-16.666665144198035,74,,B+
NTZ,Natuzzi S.p.A.,Home Furnishings,40,1.559999942779541,-61.000001430511475,9,28,E+
NU,Nu Holdings Ltd. Class A Ordinary Shares,Finance: Consumer Services,112,13.760000228881836,-26.65245170041247,34,98,D-
NUAI,New Era Energy & Digital Inc. Common Stock,Oil & Gas Production,43,4.429999828338623,-45.037225834917564,98,,D+
NUCL,Eagle Nuclear Energy Corp. Common stock,Other Metals and Minerals,135,6.800000190734863,-48.52384427631894,23,,A-
NUE,Nucor Corporation Common Stock,Steel/Iron Ore,66,227.3699951171875,-14.425234382851649,86,75,E+
NUS,Nu Skin Enterprises Inc. Common Stock,Other Pharmaceuticals,139,5.230000019073486,-58.32824219357305,12,,D
NUTX,Nutex Health Inc. Common Stock,Business Services,92,183.91000366210938,-6.421409044712689,90,67,A-
NUVB,Nuvation Bio Inc. Class A Common Stock,Biotechnology: Pharmaceutical Preparations,68,5.809999942779541,-39.09853285103138,86,62,E+
NUVL,Nuvalent Inc. Class A Common Stock,Biotechnology: Pharmaceutical Preparations,68,123.9000015258789,0.0,80,5,A+
NUWE,Nuwellis Inc. Common Stock,Biotechnology: Electromedical & Electrotherapeutic Apparatus,76,3.0399999618530273,-99.45544111744684,1,,E-
NVA,Nova Minerals Corp Common Stock,Precious Metals,104,4.409999847412109,-69.3067940002416,45,,E
NVAX,Novavax Inc. Common Stock,Biotechnology: Biological Products (No Diagnostic Substances),64,9.329999923706055,-16.62198146939996,65,,C+
NVCR,NovoCure Limited Ordinary Shares,Medical/Dental Instruments,117,16.299999237060547,-11.700974834982302,74,5,C+
NVCT,Nuvectis Pharma Inc. Common Stock,Biotechnology: Pharmaceutical Preparations,68,18.350000381469727,-35.68173873175158,97,,D
NVDA,NVIDIA Corporation Common Stock,Semiconductors,1,210.9600067138672,-10.407283245564647,67,,C-
NVEC,NVE Corporation Common Stock,Semiconductors,1,90.77999877929688,-22.35716712198118,79,59,B-
NVGS,Navigator Holdings Ltd. Ordinary Shares (Marshall Islands),Marine Transportation,11,20.670000076293945,-14.653286035368573,71,,E
NVMI,Nova Ltd. Ordinary Shares,Electronic Components,5,475.8999938964844,-21.423268436768428,78,85,E
NVNI,Nvni Group Limited Ordinary Shares,Computer Software: Prepackaged Software,120,1.100000023841858,-92.4657534582124,11,,E-
NVNO,enVVeno Medical Corporation Common Stock,Medical/Dental Instruments,117,11.359999656677246,-93.81768726167225,15,5,E
NVO,Novo Nordisk A/S Common Stock,Biotechnology: Pharmaceutical Preparations,68,49.47999954223633,-27.653154849055284,49,,B-
NVR,NVR Inc. Common Stock,Homebuilding,49,6479.39013671875,-24.1555643600755,32,,C
NVRI,Enviri Corporation Common Stock,Environmental Services,80,23.280000686645508,0.0,91,31,B
NVS,Novartis AG Common Stock,Biotechnology: Pharmaceutical Preparations,68,154.0500030517578,-5.8600456460058625,61,65,D+
NVST,Envista Holdings Corporation Common Stock,Medical/Dental Instruments,117,25.90999984741211,-14.375414238489803,61,,D-
NVT,nVent Electric plc Ordinary Shares,Industrial Machinery/Components,68,160.72000122070312,-12.813277414789914,90,94,D+
NVTS,Navitas Semiconductor Corporation Common Stock,Semiconductors,1,13.470000267028809,-57.628185344123125,91,,C-
NVVE,Nuvve Holding Corp. Common Stock,Electrical Products,3,13.670000076293945,-68.64678771856423,99,,A+
NVX,NOVONIX Limited American Depository Shares,Industrial Machinery/Components,68,0.47200000286102295,-83.94557844644186,8,,E
NWAX,New America Acquisition I Corp. Class A Common Stock,Blank Checks,76,10.140000343322754,-0.7827780980020682,44,,D
NWBI,Northwest Bancshares Inc. Common Stock,Major Banks,26,15.039999961853027,-2.019546657411986,70,,C
NWE,NorthWestern Energy Group Inc. Common Stock,Power Generation,59,72.70999908447266,-0.9670377311082112,68,,C
NWFL,Norwood Financial Corp. Common Stock,Major Banks,26,31.079999923706055,-4.662572458773773,63,67,A-
NWG,NatWest Group plc American Depositary Shares (each representing two (2) Ordinary Shares),Commercial Banks,8,17.760000228881836,-3.320634635186104,69,89,C
NWGL,CL Workshop Group Limited American Depositary Shares,,,0.2939999997615814,-83.20000001362392,3,,A+
NWL,Newell Brands Inc. Common Stock,Plastic Products,18,5.170000076293945,-15.798042529060464,71,,B
NWN,Northwest Natural Holding Company Common Stock,Oil/Gas Transmission,61,50.400001525878906,-8.83129156897401,55,,D
NWPX,NWPX Infrastructure Inc. Common Stock,Steel/Iron Ore,66,133.88999938964844,-10.704283573711326,97,88,B-
NWS,News Corporation Class B Common Stock,Newspapers/Magazines,47,30.93000030517578,-11.458591093173997,48,53,D-
NWSA,News Corporation Class A Common Stock,Newspapers/Magazines,47,27.3700008392334,-11.426437515566212,50,80,D-
NWTG,Newton Golf Company Inc. Common Stock,Recreational Games/Products/Toys,103,0.7860000133514404,-61.0891078825196,9,,B
NX,Quanex Building Products Corporation Common Stock,Metal Fabrications,38,17.399999618530273,-22.11293738528394,42,,D
NXB,NextBoat Inc. Common Stcok,Marine Transportation,11,2.0799999237060547,-45.26315921561541,14,,D
NXDR,Nextdoor Holdings Inc. Class A Common Stock,Computer Software: Programming Data Processing,110,2.390000104904175,-13.718407171080049,86,,A-
NXDT,NexPoint Diversified Real Estate Trust Common Stock,Real Estate Investment Trusts,45,5.199999809265137,-4.936014465862604,84,,B+
NXE,Nexgen Energy Ltd. Common Shares,Other Metals and Minerals,135,9.670000076293945,-30.531609028062,49,,E+
NXGL,NexGel Inc Common Stock,Medical/Dental Instruments,117,0.5180000066757202,-81.36690604292478,8,,B+
NXL,Nexalin Technology Inc. Common Stock,Biotechnology: Electromedical & Electrotherapeutic Apparatus,76,0.460999995470047,-75.2150541976058,23,13,B
NXPI,NXP Semiconductors N.V. Common Stock,Semiconductors,1,292.260009765625,-11.849168254391373,82,,D
NXPL,NextPlat Corp Common Stock,Telecommunications Equipment,74,7.03000020980835,-28.265305377701246,66,,A
NXRT,NexPoint Residential Trust Inc. Common Stock,Real Estate Investment Trusts,45,27.309999465942383,-15.458760778660308,42,,B-
NXST,Nexstar Media Group Inc. Common Stock,Broadcasting,95,174.0500030517578,-30.72605561839944,37,,C
NXT,Nextpower Inc. Class A Common Stock,Industrial Machinery/Components,68,111.5,-28.708437115542406,78,40,E-
NXTC,NextCure Inc. Common Stock,Biotechnology: Pharmaceutical Preparations,68,1.9700000286102295,-86.19481453808615,3,5,E-
NXTS,Nexentis Technologies Inc. Common Stock,Agricultural Chemicals,134,3.640000104904175,-95.57823114869007,6,,A+
NXTT,Next Technology Holding Inc. Ordinary Shares,EDP Services,125,1.0299999713897705,-99.82241379803625,4,,E-
NXXT,NextNRG Inc. Common Stock,Retail-Auto Dealers and Gas Stations,105,0.3160000145435333,-88.7943254601373,7,,A
NYAX,Nayax Ltd. Ordinary Shares,Computer Software: Prepackaged Software,120,65.66000366210938,-13.388727375488196,78,,E
NYC,American Strategic Investment Co. Class A Common Stock,Real Estate Investment Trusts,45,8.25,-48.24341143551262,31,,D+
NYT,New York Times Company (The) Common Stock,Newspapers/Magazines,47,74.95999908447266,-12.421850564025473,62,,D+
NYXH,Nyxoah SA Ordinary Shares,Medical/Dental Instruments,117,1.7100000381469727,-79.34782496021462,6,,E-
O,Realty Income Corporation Common Stock,Real Estate Investment Trusts,45,63.310001373291016,-4.6417484611182225,57,84,D+
OABI,OmniAb Inc. Common Stock,Biotechnology: Commercial Physical & Biological Resarch,23,2.2899999618530273,-15.808825817436055,81,5,A-
OBA,Oxley Bridge Acquisition Limited Class A Ordinary Shares,Blank Checks,76,10.25,0.0,47,,D
OBAI,Our Bond Inc. Common Stock,Telecommunications Equipment,74,0.6600000262260437,-97.99999992052713,3,,A+
OBDC,Blue Owl Capital Corporation Common Stock,Diversified Financial Services,24,10.960000038146973,-17.998885901834782,41,,D
OBE,Obsidian Energy Ltd. Common Shares,Oil & Gas Production,43,8.479999542236328,-41.3554666675988,71,,E+
OBIO,Orchestra BioMed Holdings Inc. Ordinary Shares,Medicinal Chemicals and Botanical Products,135,3.990000009536743,-25.420559239976814,59,,A+
OBK,Origin Bancorp Inc. Common Stock,Major Banks,26,51.2400016784668,-1.499420938933238,79,83,C
OBT,Orange County Bancorp Inc. Common Stock,Major Banks,26,37.02000045776367,-1.7515919375442501,77,61,C+
OC,Owens Corning Inc Common Stock New,Industrial Machinery/Components,68,143.35000610351562,-9.820080492604678,68,44,A-
OCC,Optical Cable Corporation Common Stock,Telecommunications Equipment,74,15.8100004196167,-41.27042951408026,97,,A+
OCFC,OceanFirst Financial Corp. Common Stock,Major Banks,26,19.110000610351562,-4.310502084241841,53,42,C+
OCG,Oriental Culture Holding LTD Ordinary Shares,Other Consumer Services,123,1.6299999952316284,-99.9752652423822,5,,A+
OCGN,Ocugen Inc. Common Stock,Biotechnology: Biological Products (No Diagnostic Substances),64,1.4700000286102295,-40.72580575384782,35,,A-
OCS,Oculis Holding AG Ordinary shares,Biotechnology: Pharmaceutical Preparations,68,13.630000114440918,-58.2542129327695,13,,E-
OCSL,Oaktree Specialty Lending Corporation Common Stock,Finance: Consumer Services,112,12.119999885559082,-6.497947533309823,49,,D+
OCUL,Ocular Therapeutix Inc. Common Stock,Biotechnology: Pharmaceutical Preparations,68,10.199999809265137,-36.68529222332199,42,21,B+
ODC,Oil-Dri Corporation Of America Common Stock,Miscellaneous manufacturing industries,123,104.41000366210938,0.0,93,37,A-
ODD,ODDITY Tech Ltd. Class A Ordinary Shares,Package Goods/Cosmetics,84,17.079999923706055,-76.93138882697647,16,,A-
ODFL,Old Dominion Freight Line Inc. Common Stock,Trucking Freight/Courier Services,6,227.6300048828125,-8.483090583027098,80,,D+
ODV,Osisko Development Corp. Common Shares,Precious Metals,104,2.440000057220459,-48.95397593887786,23,,E-
ODYS,Odysight.ai Inc. Common Stock,Electronic Components,5,4.460000038146973,-38.904110662797095,30,,A
OEC,Orion S.A. Common Shares,Major Chemicals,54,5.690000057220459,-50.05864746466169,24,21,E-
OESX,Orion Energy Systems Inc. Common Stock,Building Products,61,10.350000381469727,-43.93282288851537,65,,C-
OFAL,OFA Group Class A Ordinary Shares,Military/Government/Technical,91,0.1720000058412552,-94.81927682832045,3,,E
OFG,OFG Bancorp Common Stock,Major Banks,26,49.349998474121094,-1.5952203936524079,67,70,C
OFIX,Orthofix Medical Inc. Common Stock (DE),Medical/Dental Instruments,117,11.630000114440918,-28.342572751308758,32,47,B-
OFLX,Omega Flex Inc. Common Stock,Industrial Specialties,84,29.829999923706055,-18.835981279795234,37,,C-
OFRM,Once Upon a Farm PBC Common Stock,Packaged Foods,129,18.40999984741211,-28.973766229848017,41,,A-
OFS,OFS Capital Corporation Common Stock,Finance/Investors Services,80,3.7200000286102295,-50.249634878977254,24,,C-
OGC,OceanaGold Corporation Common Shares,,,24.799999237060547,-41.500264146220125,48,,D-
OGE,OGE Energy Corp Common Stock,Electric Utilities: Central,55,48.650001525878906,-1.5807513145017271,55,,D+
OGEN,Oragenics Inc. Common Stock,Biotechnology: Pharmaceutical Preparations,68,0.5899999737739563,-59.5890439480548,16,,D
OGI,Organigram Global Inc. Common Shares,Biotechnology: Pharmaceutical Preparations,68,0.9670000076293945,-54.170613473633445,13,,E
OGN,Organon & Co. Common Stock,Biotechnology: Pharmaceutical Preparations,68,13.520000457763672,-0.29498496028924626,91,43,A-
OGS,ONE Gas Inc. Common Stock,Oil/Gas Transmission,61,79.16999816894531,-11.927385247467615,42,,D+
OHI,Omega Healthcare Investors Inc. Common Stock,Real Estate Investment Trusts,45,48.29999923706055,-2.660217096409523,68,,D+
OI,O-I Glass Inc. Common Stock,Containers/Packaging,48,9.680000305175781,-41.79193750043727,22,,C-
OIA,Invesco Municipal Income Opportunities Trust Common Stock,Finance Companies,58,6.150000095367432,-2.0599220077895053,52,,D+
OII,Oceaneering International Inc. Common Stock,Oilfield Services/Equipment,18,42.099998474121094,0.0,89,80,B-
OIO,OIO Group Ordinary Shares,Environmental Services,80,2.190000057220459,-83.10185146007464,3,,B
OIS,Oil States International Inc. Common Stock,Oil and Gas Field Machinery,35,8.329999923706055,-42.11258009058116,55,,D-
OKE,ONEOK Inc. Common Stock,Oil & Gas Production,43,89.91999816894531,-5.585888087097501,68,,D-
OKLO,Oklo Inc. Class A common stock,Electric Utilities: Central,55,48.849998474121094,-71.94785882316654,21,,E+
OKTA,Okta Inc. Class A Common Stock,Computer Software: Prepackaged Software,120,138.6300048828125,-6.859709558108163,92,85,A-
OKUR,OnKure Therapeutics Inc. Class A Common Stock,Biotechnology: Pharmaceutical Preparations,68,4.28000020980835,-18.78557447250907,81,,A
OKYO,OKYO Pharma Limited Ordinary Shares,Biotechnology: Biological Products (No Diagnostic Substances),64,1.690000057220459,-48.318040762140356,29,,E
OLB,The OLB Group Inc. Common Stock,Business Services,92,0.33000001311302185,-81.46067312263114,9,,B+
OLED,Universal Display Corporation Common Stock,Electrical Products,3,81.04000091552734,-47.68037852698106,17,,D+
OLLI,Ollie's Bargain Outlet Holdings Inc. Common Stock,Department/Specialty Retail Stores,59,64.9000015258789,-53.906249915334314,12,75,E-
OLMA,Olema Pharmaceuticals Inc. Common Stock,Biotechnology: Pharmaceutical Preparations,68,11.90999984741211,-66.7597007011888,56,5,D+
OLN,Olin Corporation Common Stock,Major Chemicals,54,20.68000030517578,-30.900069015320454,28,,E-
OLOX,Olenox Industries Inc. Common Stock,RETAIL: Building Materials,109,5.5,-98.69988656181299,8,,A+
OLP,One Liberty Properties Inc. Common Stock,Real Estate Investment Trusts,45,24.600000381469727,-2.6898745518428746,65,85,C+
OM,Outset Medical Inc. Common Stock,Biotechnology: Electromedical & Electrotherapeutic Apparatus,76,4.429999828338623,-78.50558128506987,18,21,D
OMAB,Grupo Aeroportuario del Centro Norte S.A.B. de C.V. ADS,Aerospace,90,108.04000091552734,-17.63134209022884,45,89,C
OMC,Omnicom Group Inc. Common Stock,Advertising,97,81.93000030517578,-2.5266821674241546,59,,E
OMCL,Omnicell Inc. Common Stock ($0.001 par value),Computer Manufacturing,15,44.91999816894531,-12.590000578996674,79,81,B-
OMDA,Omada Health Inc. Common Stock,Medical/Nursing Services,32,23.280000686645508,-13.069454481923737,89,21,A-
OMER,Omeros Corporation Common Stock,Biotechnology: Pharmaceutical Preparations,68,10.279999732971191,-40.16298282675723,90,62,E-
OMEX,Odyssey Marine Exploration Inc. Common Stock,Marine Transportation,11,0.7070000171661377,-82.8398049319315,8,31,A-
OMF,OneMain Holdings Inc. Common Stock,Finance: Consumer Services,112,59.25,-13.80792814486098,51,,C-
OMH,Ohmyhome Limited Class A Ordinary Shares,Real Estate,87,0.40799999237060547,-78.29787269119981,5,,B+
OMSE,OMS Energy Technologies Inc. Ordinary Shares,Oil and Gas Field Machinery,35,4.449999809265137,-42.20779325331139,37,,D+
ON,ON Semiconductor Corporation Common Stock,Semiconductors,1,95.95999908447266,-28.35062769190666,91,28,D-
ONB,Old National Bancorp Common Stock,Major Banks,26,26.209999084472656,-0.9073787203933703,65,71,C
ONC,BeOne Medicines Ltd. American Depositary Shares,Biotechnology: Pharmaceutical Preparations,68,298.70001220703125,-20.86788056241211,40,,C-
ONCO,Onconetix Inc. Common Stock,Biotechnology: Pharmaceutical Preparations,68,0.9399999976158142,-99.61076604653589,1,,E
ONCY,Oncolytics Biotech Inc. Common Stock,Biotechnology: Pharmaceutical Preparations,68,0.8899999856948853,-37.323942775173876,24,,C
ONDS,Ondas Inc. Common Stock,Radio And Television Broadcasting And Communications Equipment,18,7.260000228881836,-48.17987073322646,82,5,D-
ONEG,OneConstruction Group Limited Ordinary Shares,Homebuilding,49,1.1399999856948853,-91.22401843124317,3,,A-
ONEW,OneWater Marine Inc. Class A Common Stock,Auto & Home Supply Stores,115,11.119999885559082,-36.31156661715862,33,,B
ONFO,Onfolio Holdings Inc. Common Stock,EDP Services,125,0.20000000298023224,-86.66666646798453,3,,E-
ONIT,Onity Group Inc. Common Stock,Finance: Consumer Services,112,38.72999954223633,-27.403935051613182,37,,D+
ONL,Orion Properties Inc. Common Stock,Real Estate Investment Trusts,45,2.75,-7.713964509076032,72,21,A
ONMD,OneMedNet Corp Class A Common Stock,Biotechnology: Commercial Physical & Biological Resarch,23,0.7620000243186951,-75.73248411270517,25,,A-
ONON,On Holding AG Class A Ordinary Shares,Shoe Manufacturing,80,38.540000915527344,-28.945428239491243,36,,C
ONT,Onterris Inc. Common Stock,Professional Services,97,20.950000762939453,-32.54989979664569,29,,A-
ONTO,Onto Innovation Inc. Common Stock,Industrial Machinery/Components,68,321.44000244140625,-15.064079251353713,95,59,B
OOMA,Ooma Inc. Common Stock,EDP Services,125,20.18000030517578,-0.09901216340727492,91,96,B-
OPAD,Offerpad Solutions Inc. Class A Common Stock,Real Estate,87,4.980000019073486,-20.064205396036215,99,,D+
OPAL,OPAL Fuels Inc. Class A Common Stock,Natural Gas Distribution,24,2.069999933242798,-25.53956998035619,28,,A-
OPBK,OP Bancorp Common Stock,Major Banks,26,14.859999656677246,-3.4437990566742127,57,,B+
OPCH,Option Care Health Inc. Common Stock,Medical/Nursing Services,32,21.56999969482422,-41.049468147382214,19,,D
OPEN,Opendoor Technologies Inc Common Stock,Real Estate,87,4.764999866485596,-54.70532643400156,95,,B+
OPFI,OppFi Inc. Class A Common Stock,Finance: Consumer Services,112,9.4399995803833,-29.288394676854434,41,98,C+
OPHC,OptimumBank Holdings Inc. Common Stock,Major Banks,26,5.96999979019165,-0.16722790718962655,78,41,B-
OPK,OPKO Health Inc. Common Stock,Biotechnology: Pharmaceutical Preparations,68,1.350000023841858,-14.556962837108578,49,,C-
OPLN,OPENLANE Inc. Common Stock,Retail-Auto Dealers and Gas Stations,105,39.88999938964844,-7.016321746316767,85,74,A
OPRA,Opera Limited American Depositary Shares,Computer Software: Prepackaged Software,120,19.200000762939453,-4.667331050260525,73,,B-
OPRT,Oportun Financial Corporation Common Stock,Finance: Consumer Services,112,6.010000228881836,-15.352108315375268,60,46,B
OPRX,OptimizeRx Corporation Common Stock,Business Services,92,6.409999847412109,-70.43358045580001,16,,B
OPTT,Ocean Power Technologies Inc. Common Stock,Electric Utilities: Central,55,0.2199999988079071,-73.80952313373416,8,,E-
OPTU,Optimum Communications Inc. Class A common stock,Cable & Other Pay Television Services,112,1.0700000524520874,-63.72881236757162,13,,A-
OPTX,Syntec Optics Holdings Inc. Class A Common Stock,Electronic Components,5,9.09000015258789,-35.57760188685584,99,,C+
OPXS,Optex Systems Holdings Inc. Common Stock,Electronic Components,5,12.619999885559082,-27.136258037404293,42,49,B+
OPY,Oppenheimer Holdings Inc. Class A Common Stock (DE),Investment Bankers/Brokers/Service,84,115.12000274658203,-0.6129664795380352,87,,B+
OR,OR Royalties Inc. Common Shares,Precious Metals,104,29.280000686645508,-38.433932218564536,25,97,E
ORA,Ormat Technologies Inc. Common Stock,Electric Utilities: Central,55,109.7699966430664,-24.348730512970807,49,,D-
ORBS,Eightco Holdings Inc. Common Stock,,,0.6830000281333923,-98.48491570454443,9,,D-
ORC,Orchid Island Capital Inc. Common Stock,Real Estate Investment Trusts,45,6.809999942779541,-10.644525934263537,50,,D
ORCL,Oracle Corporation Common Stock,Computer Software: Prepackaged Software,120,140.63999938964844,-56.67682885271176,22,,E
ORGO,Organogenesis Holdings Inc. Class A Common Stock,Biotechnology: Pharmaceutical Preparations,68,2.4000000953674316,-63.302750621310075,20,33,D
ORI,Old Republic International Corporation Common Stock,Property-Casualty Insurers,46,41.43000030517578,-4.459849234720004,51,55,C-
ORIC,Oric Pharmaceuticals Inc. Common Stock,Biotechnology: Pharmaceutical Preparations,68,10.850000381469727,-24.705062481882834,47,,B-
ORIO,Orion Digital Corp. Common Shares,Finance: Consumer Services,112,0.7400000095367432,-63.72548905027593,12,,E+
ORIQ,Origin Investment Corp I Ordinary Shares,,,10.319999694824219,0.0,47,,D+
ORKA,Oruka Therapeutics Inc. Common Stock,Biotechnology: In Vitro & In Vivo Diagnostic Substances,55,86.79000091552734,-8.80529306992508,98,11,B-
ORKT,Orangekloud Technology Inc. Class A Ordinary Shares,Computer Software: Prepackaged Software,120,1.0800000429153442,-66.2499991618097,31,,B+
ORLA,Orla Mining Ltd. Common Shares,Precious Metals,104,9.760000228881836,-54.96674771456542,18,98,E
ORLY,O'Reilly Automotive Inc. Common Stock,Auto & Home Supply Stores,115,86.27999877929688,-19.97774158458039,34,,E+
ORMP,Oramed Pharmaceuticals Inc. Common Stock,Biotechnology: Pharmaceutical Preparations,68,4.039999961853027,-19.20000076293945,87,,E-
ORN,Orion Group Holdings Inc. Common,Military/Government/Technical,91,13.729999542236328,-19.894982315294307,83,44,C-
ORRF,Orrstown Financial Services Inc. Common Stock,Major Banks,26,40.2599983215332,-3.4995274603333626,63,74,C
OSBC,Old Second Bancorp Inc. Common Stock,Major Banks,26,22.889999389648438,-3.0906072127330764,68,,C-
OSCR,Oscar Health Inc. Class A Common Stock,Medical Specialities,34,30.540000915527344,-5.096331181154968,94,30,A-
OSG,Octave Specialty Group Inc. Common Stock,Property-Casualty Insurers,46,6.019999980926514,-40.2777775149707,54,31,A-
OSIS,OSI Systems Inc. Common Stock (DE),Semiconductors,1,216.50999450683594,-30.085895237826822,24,64,E+
OSK,Oshkosh Corporation (Holding Company)Common Stock,Auto Manufacturing,138,146.33999633789062,-17.392395634290892,51,,D-
OSPN,OneSpan Inc. Common Stock,EDP Services,125,15.170000076293945,-9.904517546840664,69,,B
OSRH,OSR Health Inc. Common Stock,Medical/Dental Instruments,117,0.328000009059906,-72.89256208931909,9,,A
OSS,One Stop Systems Inc. Common Stock,Computer Manufacturing,15,13.729999542236328,-31.177949788642835,96,74,B-
OSTX,OS Therapies Incorporated Common Stock,Biotechnology: Pharmaceutical Preparations,68,1.6799999475479126,-32.80000209808349,56,,E+
OSUR,OraSure Technologies Inc. Common Stock,Medical/Dental Instruments,117,4.300000190734863,-4.444440205891931,87,,B
OSW,OneSpaWorld Holdings Limited Common Shares,Hotels/Resorts,35,26.309999465942383,-8.263601164626532,67,93,C
OTEX,Open Text Corporation Common Shares,EDP Services,125,23.010000228881836,-40.22517776566148,31,84,C-
OTF,Blue Owl Technology Finance Corp. Common Stock,,,10.329999923706055,-25.428880029801494,27,,D-
OTIS,Otis Worldwide Corporation Common Stock,Consumer Electronics/Appliances,119,73.08999633789062,-26.216612524484894,27,,D-
OTLK,Outlook Therapeutics Inc. Common Stock,Biotechnology: Biological Products (No Diagnostic Substances),64,1.5700000524520874,-47.1380458812067,99,,A+
OTLY,Oatly Group AB American Depositary Shares,Packaged Foods,129,9.850000381469727,-46.87162947645649,24,,E
OTTR,Otter Tail Corporation Common Stock,Electric Utilities: Central,55,88.95999908447266,-2.6589345895662864,56,69,D+
OUST,Ouster Inc. Common Stock,Industrial Machinery/Components,68,43.279998779296875,-30.774154730636425,94,32,B+
OUT,OUTFRONT Media Inc. Common Stock,Real Estate Investment Trusts,45,33.040000915527344,-2.2774339736405635,89,91,B
OVBC,Ohio Valley Banc Corp. Common Stock,Major Banks,26,42.70000076293945,-14.821464486067148,56,,B
OVID,Ovid Therapeutics Inc. Common Stock,Biotechnology: Pharmaceutical Preparations,68,2.5199999809265137,-14.864866606417648,96,,B
OVLY,Oak Valley Bancorp (CA) Common Stock,Major Banks,26,33.61000061035156,-4.163099792350811,61,46,C
OVV,Ovintiv Inc. (DE),Oil & Gas Production,43,55.529998779296875,-11.506828029749371,77,,D-
OWL,Blue Owl Capital Inc. Class A Common Stock,Investment Managers,73,9.359999656677246,-51.79162379014532,25,,C
OWLS,OBOOK Holdings Inc. Class A Common Shares,Computer Software: Prepackaged Software,120,5.699999809265137,-89.73897409981899,13,,D-
OWLT,Owlet Inc. Class A Common Stock,Industrial Machinery/Components,68,6.090000152587891,-63.13559331818384,25,,B-
OXBR,Oxbridge Re Holdings Limited Ordinary Shares,Property-Casualty Insurers,46,1.7000000476837158,-38.18181644786488,88,,E
OXLC,Oxford Lane Capital Corp. Common Stock,Investment Managers,73,9.130000114440918,-38.90670462213408,23,,E+
OXM,Oxford Industries Inc. Common Stock,Garments and Clothing,72,36.75,-25.086431626556895,34,,E+
OXSQ,Oxford Square Capital Corp. Common Stock,Blank Checks,76,1.4900000095367432,-23.459360274921114,33,,E
OXY,Occidental Petroleum Corporation Common Stock,Oil & Gas Production,43,52.88999938964844,-19.78518196158866,58,73,D
OZK,Bank OZK Common Stock,Major Banks,26,50.66999816894531,-4.12488243730651,52,,D-
P,Everpure Inc. Class A common stock,Electronic Components,5,79.33000183105469,-19.625122306077714,72,97,B-
PAAS,Pan American Silver Corp. Common Stock,Precious Metals,104,43.66999816894531,-36.05824194164232,44,84,E
PAC,Grupo Aeroportuario Del Pacifico S.A. B. de C.V. Grupo Aeroportuario Del Pacifico S.A. de C.V. (each representing 10 Series B shares),Aerospace,90,235.63999938964844,-21.56053509633187,40,,D
PACB,Pacific Biosciences of California Inc. Common Stock,Biotechnology: Laboratory Analytical Instruments,52,1.559999942779541,-41.57303752047542,51,,B
PACH,Pioneer Acquisition I Corp Class A Ordinary Shares,,,10.260000228881836,0.0,47,,D+
PACK,Ranpak Holdings Corp Class A Common Stock,Containers/Packaging,48,6.840000152587891,-10.471200626678879,90,,B+
PACS,PACS Group Inc. Common Stock,Hospital/Nursing Management,49,43.220001220703125,-3.9555528428819486,95,,B+
PAG,Penske Automotive Group Inc. Common Stock,Retail-Auto Dealers and Gas Stations,105,194.27000427246094,0.0,71,,B-
PAGS,PagSeguro Digital Ltd. Class A Common Shares,EDP Services,125,9.25,-21.066101384840653,40,,D-
PAHC,Phibro Animal Health Corporation Class A Common Stock,Biotechnology: Pharmaceutical Preparations,68,32.06999969482422,-45.9457780786306,21,88,E
PAL,Proficient Auto Logistics Inc. Common Stock,Transportation Services,105,6.96999979019165,-33.87096949318905,37,,C+
PALI,Palisade Bio Inc. Common Stock,Biotechnology: Biological Products (No Diagnostic Substances),64,1.9600000381469727,-29.99999744551518,81,,B+
PAM,Pampa Energia S.A.,Electric Utilities: Central,55,83.0,-10.04659908997948,59,,D+
PAMT,PAMT CORP Common Stock,Trucking Freight/Courier Services,6,14.100000381469727,-11.153116048223588,78,,B
PANL,Pangaea Logistics Solutions Ltd. Common Shares,Marine Transportation,11,6.949999809265137,-25.174227359735358,64,,D-
PANW,Palo Alto Networks Inc. Common Stock,Computer peripheral equipment,52,325.9100036621094,-8.844011754299396,93,90,B+
PAPL,Pineapple Financial Inc. Common Stock,Finance: Consumer Services,112,0.9480000138282776,-86.62905509977666,37,,A
PAR,PAR Technology Corporation Common Stock,Office Equipment/Supplies/Services,61,16.8799991607666,-76.30212218834119,23,,B
PARK,Park Dental Partners Inc. Common Stock,Misc Health and Biotechnology Services,13,20.93000030517578,-2.87702530781776,90,,B+
PARR,Par Pacific Holdings Inc.  Common Stock,Oil & Gas Production,43,65.77999877929688,-4.942194103712582,90,,C
PASG,Passage Bio Inc. Common Stock,Biotechnology: Biological Products (No Diagnostic Substances),64,4.570000171661377,-76.97732955245915,7,,E-
PASW,Ping An Biomedical Co. Ltd. Class A Ordinary Shares,Apparel,40,0.15700000524520874,-95.2424240147334,10,,C-
PATH,UiPath Inc. Class A Common Stock,Computer Software: Prepackaged Software,120,11.680000305175781,-39.45049377486524,36,99,B
PATK,Patrick Industries Inc. Common Stock,Auto Parts:O.E.M.,64,82.69999694824219,-42.7674429704772,21,71,E-
PAVM,PAVmed Inc. Common Stock,Medical/Dental Instruments,117,5.599999904632568,-69.04367132450547,9,,B
PAVS,Paranovus Entertainment Technology Ltd. Class A Ordinary Shares,Medicinal Chemicals and Botanical Products,135,5.75,-99.99579678362574,1,,D-
PAX,Patria Investments Limited Class A Common Shares,Investment Managers,73,11.050000190734863,-35.575453477494825,25,,E+
PAY,Paymentus Holdings Inc. Class A Common Stock,Business Services,92,28.229999542236328,-27.485231644133535,43,91,A
PAYC,Paycom Software Inc. Common Stock,Computer Software: Prepackaged Software,120,139.0800018310547,-41.210738938637014,35,,C+
PAYO,Payoneer Global Inc. Common Stock,Business Services,92,7.099999904632568,-4.3126707327637455,81,,A
PAYP,PayPay Corporation American Depository Shares,Business Services,92,15.5,-36.8892494419879,24,,E+
PAYS,Paysign Inc. Common Stock,EDP Services,125,9.0600004196167,0.0,90,83,B+
PAYX,Paychex Inc. Common Stock,Diversified Commercial Services,111,107.54000091552734,-24.91414563695553,47,,C+
PB,Prosperity Bancshares Inc. Common Stock,Major Banks,26,71.98999786376953,-3.6408344513774837,52,,D-
PBA,Pembina Pipeline Corp. Ordinary Shares (Canada),Oil & Gas Production,43,47.54999923706055,-3.041597626130854,71,,D+
PBF,PBF Energy Inc. Class A Common Stock,Integrated oil Companies,10,53.18000030517578,-0.2438586846114088,92,62,B+
PBFS,Pioneer Bancorp Inc. Common Stock,Banks,27,16.860000610351562,-2.486988330865947,76,,C
PBH,Prestige Consumer Healthcare Inc. Common Stock,Biotechnology: Pharmaceutical Preparations,68,48.900001525878906,-36.9357738605769,22,,D-
PBHC,Pathfinder Bancorp Inc. Common Stock (MD),Major Banks,26,16.0,-5.157088298478907,63,,B
PBI,Pitney Bowes Inc. Common Stock,Office Equipment/Supplies/Services,61,18.329999923706055,0.0,92,83,B
PBK,PowerBank Corporation Common Stock,Power Generation,59,0.671999990940094,-72.90322638016957,18,,E
PBM,Psyence Biomedical Ltd. Common Shares,Biotechnology: Pharmaceutical Preparations,68,2.9700000286102295,-99.33885216754416,9,,A
PBR,Petroleo Brasileiro S.A. Petrobras ADS,Oil & Gas Production,43,17.31999969482422,-20.774751968183804,71,41,D-
PBT,Permian Basin Royalty Trust Common Stock,Oil & Gas Production,43,26.200000762939453,-15.369307002612976,89,,C+
PBYI,Puma Biotechnology Inc Common Stock,Biotechnology: Pharmaceutical Preparations,68,8.0,-3.1477024416140087,86,35,B
PCAR,PACCAR Inc. Common Stock,Motor Vehicles,126,124.56999969482422,-3.4932515301161704,63,54,C-
PCB,PCB Bancorp Common Stock,Major Banks,26,28.809999465942383,-0.9625324344338271,80,90,B-
PCG,Pacific Gas & Electric Co. Common Stock,Power Generation,59,17.170000076293945,-9.631923272676534,53,,D+
PCLA,PicoCELA Inc. American Depositary Shares,Building Products,61,4.760000228881836,-95.31956698946183,48,,A+
PCOR,Procore Technologies Inc. Common Stock,Computer Software: Prepackaged Software,120,43.33000183105469,-45.56532328936943,17,21,D+
PCRX,Pacira BioSciences Inc. Common Stock,Biotechnology: Pharmaceutical Preparations,68,25.479999542236328,-6.392357880275545,53,52,C
PCSA,Processa Pharmaceuticals Inc. Common Stock,Biotechnology: Pharmaceutical Preparations,68,2.1600000858306885,-81.96242156974708,10,,A-
PCSC,Perceptive Capital Solutions Corp Class A Ordinary Shares,,,10.800000190734863,-23.943659607036484,40,,C
PCT,PureCycle Technologies Inc. Common stock,Major Chemicals,54,7.300000190734863,-56.855791029441825,32,,E-
PCTTU,PureCycle Technologies Inc. Unit,Major Chemicals,54,11.0,-53.878407446288946,69,,A-
PCTY,Paylocity Holding Corporation Common Stock,Computer Software: Prepackaged Software,120,118.5,-37.749527411192865,36,81,B-
PCVX,Vaxcyte Inc. Common Stock,Biotechnology: Pharmaceutical Preparations,68,58.209999084472656,-7.661804823776597,74,,B
PCYO,Pure Cycle Corporation Common Stock,Water Supply,79,10.760000228881836,-9.882741984682585,39,75,C+
PD,PagerDuty Inc. Common Stock,Computer Software: Prepackaged Software,120,10.329999923706055,-39.83692558063324,59,97,B+
PDC,Perpetuals.com Ltd American Depositary Shares,EDP Services,125,3.8299999237060547,-61.07723715127407,41,,C
PDCC,Pearl Diver Credit Company Inc. Common Stock,,,9.479999542236328,-37.89481510267145,22,,E+
PDD,PDD Holdings Inc. American Depositary Shares,EDP Services,125,85.12999725341797,-38.36965594431055,21,68,E
PDEX,Pro-Dex Inc. Common Stock,Medical/Dental Instruments,117,62.88999938964844,-6.82963053385417,87,77,C+
PDFS,PDF Solutions Inc. Common Stock,Computer Software: Prepackaged Software,120,55.52000045776367,-21.570843707129118,94,93,E+
PDLB,Ponce Financial Group Inc. Common Stock,Savings Institutions,22,19.899999618530273,-2.7845613773536115,75,91,B-
PDM,Piedmont Realty Trust Inc. Class A Common Stock,Building operators,80,9.329999923706055,-3.01455265387639,75,21,C+
PDS,Precision Drilling Corporation Common Stock,Oil & Gas Production,43,80.33999633789062,-21.204396764137,67,70,E+
PDSB,PDS Biotechnology Corporation Common Stock,Biotechnology: Pharmaceutical Preparations,68,0.7739999890327454,-45.874124655741475,19,5,E+
PDYN,Palladyne AI Corp. Common Stock,Computer Software: Prepackaged Software,120,5.28000020980835,-58.35962079864356,19,5,C+
PEB,Pebblebrook Hotel Trust Common Shares of Beneficial Interest,Real Estate Investment Trusts,45,18.18000030517578,-6.33693741321858,89,5,C+
PEBK,Peoples Bancorp of North Carolina Inc. Common Stock,Major Banks,26,41.599998474121094,-6.242958134878651,71,5,D+
PEBO,Peoples Bancorp Inc. Common Stock,Major Banks,26,38.290000915527344,-2.2216520308343646,73,54,C+
PECO,Phillips Edison & Company Inc. Common Stock,Real Estate Investment Trusts,45,41.869998931884766,-1.110064286748469,69,70,C-
PED,Pedevco Corp. Common Stock,Oil & Gas Production,43,11.399999618530273,-37.293732523839765,29,,A
PEG,Public Service Enterprise Group Incorporated Common Stock,Power Generation,59,80.55000305175781,-7.685133807744171,45,51,D+
PEGA,Pegasystems Inc. Common Stock,EDP Services,125,31.239999771118164,-53.01757620221026,14,54,E+
PEN,Penumbra Inc. Common Stock,Medical/Dental Instruments,117,318.1000061035156,-11.491371311726873,59,60,D
PENG,Penguin Solutions Inc. Common Stock,Semiconductors,1,78.3499984741211,-3.735103745330637,99,53,A
PENN,PENN Entertainment Inc. Common Stock,Hotels/Resorts,35,20.360000610351562,-7.706250665215952,77,21,B+
PEP,PepsiCo Inc. Common Stock,Beverages (Production/Distribution),97,137.3800048828125,-17.845225377915654,40,72,E+
PEPG,PepGen Inc. Common Stock,Biotechnology: Pharmaceutical Preparations,68,2.3399999141693115,-67.36401828075267,63,21,A
PERF,Perfect Corp. Class A Ordinary Share,Computer Software: Prepackaged Software,120,1.9199999570846558,-26.717555688940543,50,69,A+
PERI,Perion Network Ltd. Ordinary Shares,EDP Services,125,9.359999656677246,-18.110241410590245,38,21,D
PESI,Perma-Fix Environmental Services Inc. Common Stock,Environmental Services,80,13.869999885559082,-11.992387791080938,69,,A-
PETS,PetMed Express Inc. Common Stock,Retail-Drug Stores and Proprietary Stores,129,1.9600000381469727,-50.7537681217588,19,12,A+
PETZ,TDH Holdings Inc. Common Shares,Steel/Iron Ore,66,1.0800000429153442,-36.47058749281413,45,,A+
PEW,GrabAGun Digital Holdings Inc. Common Stock,Other Specialty Stores,117,2.9600000381469727,-82.83062600090167,20,21,A+
PFAI,Pinnacle Food Group Limited Class A Common Shares,Farming/Seeds/Milling,95,3.5399999618530273,-22.53829696102404,86,,C
PFE,Pfizer Inc. Common Stock,Biotechnology: Pharmaceutical Preparations,68,24.170000076293945,-13.944065453367028,38,38,E+
PFG,Principal Financial Group Inc Common Stock,Accident &Health Insurance,21,112.2300033569336,-0.575827349663316,79,,C-
PFGC,Performance Food Group Company Common Stock,Food Distributors,13,113.36000061035156,-1.8528133243709388,76,,B-
PFIS,Peoples Financial Services Corp. Common Stock,Major Banks,26,66.5199966430664,-2.2196121759890386,79,,C+
PFLT,PennantPark Floating Rate Capital Ltd. Common Stock,Finance: Consumer Services,112,7.179999828338623,-24.88104480422043,28,,E
PFS,Provident Financial Services Inc Common Stock,Savings Institutions,22,23.530000686645508,-1.8356221915444393,68,55,D+
PFSA,Profusa Inc. Common Stock,Medical/Dental Instruments,117,2.119999885559082,-98.86933339436848,21,,E-
PFSI,PennyMac Financial Services Inc. Common Stock,Finance: Consumer Services,112,82.3499984741211,-48.005026572701915,23,,D-
PFX,PhenixFIN Corporation Common Stock,Finance: Consumer Services,112,42.81999969482422,-14.805880083629086,40,,B
PG,Procter & Gamble Company (The) Common Stock,Package Goods/Cosmetics,84,147.0399932861328,-11.395204585919982,45,50,D
PGC,Peapack-Gladstone Financial Corporation Common Stock,Commercial Banks,8,46.220001220703125,-4.365819429776585,87,86,D
PGEN,Precigen Inc. Common Stock,Biotechnology: Pharmaceutical Preparations,68,5.320000171661377,-10.135133393582352,91,,B+
PGNY,Progyny Inc. Common Stock,Misc Health and Biotechnology Services,13,30.649999618530273,-1.3517865478573254,89,89,B
PGR,Progressive Corporation (The) Common Stock,Property-Casualty Insurers,46,230.72000122070312,-2.758405623992366,56,69,B-
PGY,Pagaya Technologies Ltd. Class A Ordinary Shares,Finance: Consumer Services,112,17.989999771118164,-58.936317719255186,48,97,B+
PH,Parker-Hannifin Corporation Common Stock,Metal Fabrications,38,961.27001953125,-5.823662230556536,63,,D
PHAR,Pharming Group N.V. ADS each representing 10 ordinary shares,Biotechnology: Pharmaceutical Preparations,68,13.859999656677246,-34.56090907944764,38,,E+
PHAT,Phathom Pharmaceuticals Inc. Common Stock,Biotechnology: Pharmaceutical Preparations,68,12.609999656677246,-30.25442638335788,50,5,B
PHG,Koninklijke Philips N.V. NY Registry Shares,Medical Electronics,126,27.399999618530273,-13.498421558214414,50,,D+
PHGE,BiomX Inc. COmmon Stock,Biotechnology: Biological Products (No Diagnostic Substances),64,0.23199999332427979,-98.12145760195781,1,,A
PHI,PLDT Inc. Sponsored ADR,Telecommunications Equipment,74,18.520000457763672,-21.494295371931337,34,,C-
PHIN,PHINIA Inc. Common Stock,Auto Parts:O.E.M.,64,78.13999938964844,-8.24331137926475,78,65,D+
PHIO,Phio Pharmaceuticals Corp. Common Stock,Biotechnology: Pharmaceutical Preparations,68,1.0199999809265137,-62.77372345341827,15,,E+
PHM,PulteGroup Inc. Common Stock,Homebuilding,49,124.75,-12.120350898766407,50,51,B-
PHOE,Phoenix Asia Holdings Limited Ordinary Shares,Engineering & Construction,30,21.600000381469727,-83.77403757981293,92,,A+
PHR,Phreesia Inc. Common Stock,Business Services,92,10.720000267028809,-67.06605063503869,25,,B+
PHUN,Phunware Inc. Common Stock,EDP Services,125,2.109999895095825,-39.541550448995466,36,5,B-
PHVS,Pharvaris N.V. Ordinary Shares,Biotechnology: Pharmaceutical Preparations,68,35.06999969482422,-2.474970557028555,88,,B
PI,Impinj Inc. Common Stock,Industrial Machinery/Components,68,144.02999877929688,-40.461329999203976,56,,C+
PICS,PicS N.V. Class A Common Shares,Finance: Consumer Services,112,11.850000381469727,-37.631576939633014,22,94,C-
PII,Polaris Inc. Common Stock,Industrial Specialties,84,67.4000015258789,-7.111350890754975,70,42,C+
PIII,P3 Health Partners Inc. Class A Common Stock,Medical/Nursing Services,32,9.800000190734863,-40.49787128534573,97,,A+
PIM,Putnam Master Intermediate Income Trust Common Stock,Finance Companies,58,3.190000057220459,-2.5393626153581095,44,,D
PINE,Alpine Income Property Trust Inc. Common Stock,Real Estate Investment Trusts,45,20.56999969482422,-3.245533991670646,80,,C+
PINS,Pinterest Inc. Class A Common Stock,Computer Software: Programming Data Processing,110,22.520000457763672,-42.507016822844946,36,78,C+
PIPR,Piper Sandler Companies Common Stock,Investment Bankers/Brokers/Service,84,72.0999984741211,-22.06312593444053,31,59,E
PJT,PJT Partners Inc. Class A Common Stock,Investment Managers,73,156.9199981689453,-17.753079668171846,38,,D+
PK,Park Hotels & Resorts Inc. Common Stock,Hotels/Resorts,35,14.170000076293945,-2.4487537143089377,82,62,B
PKBK,Parke Bancorp Inc. Common Stock,Major Banks,26,32.75,-2.703505203616552,82,,C+
PKE,Park Aerospace Corp. Common Stock,Military/Government/Technical,91,33.650001525878906,-11.980115279095049,88,55,B-
PKG,Packaging Corporation of America Common Stock,Containers/Packaging,48,228.77000427246094,-5.957429325391428,61,41,C-
PKOH,Park-Ohio Holdings Corp. Common Stock,Industrial Specialties,84,36.2400016784668,-7.219661023239277,92,70,B
PKX,POSCO HOLDINGS INC. American Depositary Shares (Each representing 1/4th of a share of Common Stock),Steel/Iron Ore,66,52.279998779296875,-43.00043819940967,36,,E-
PL,Planet Labs PBC Class A Common Stock,Radio And Television Broadcasting And Communications Equipment,18,26.049999237060547,-49.31906913671028,91,,E
PLAB,Photronics Inc. Common Stock,Semiconductors,1,29.899999618530273,-45.596797458867414,43,83,E-
PLAG,Planet Green Holdings Corp. Common Stock,Packaged Foods,129,1.7899999618530273,-55.802472159186834,73,,A
PLAY,Dave & Buster's Entertainment Inc. Common Stock,Restaurants,105,10.449999809265137,-69.42656607383726,13,30,E
PLBC,Plumas Bancorp,Finance Companies,58,58.2400016784668,-2.592405441255008,77,,B
PLBL,Polibeli Group Ltd Class A Ordinary Shares,Consumer Electronics/Appliances,119,8.119999885559082,-30.89361799524185,29,,A
PLBY,Playboy Inc. Common Stock,Other Specialty Stores,117,1.159999966621399,-57.19557378993335,17,21,E
PLCE,Children's Place Inc. (The) Common Stock,Clothing/Shoe/Accessory Stores,92,2.990000009536743,-67.39367519454645,15,11,E
PLD,Prologis Inc. Common Stock,Real Estate Investment Trusts,45,140.8699951171875,-4.603750438642351,66,78,D-
PLG,Platinum Group Metals Ltd. Ordinary Shares (Canada),Precious Metals,104,1.3300000429153442,-61.78160817167344,15,,E+
PLGO,Pelagos Insurance Capital Limited Common Shares,Property-Casualty Insurers,46,25.06999969482422,-1.9170570475600668,82,,B
PLMR,Palomar Holdings Inc. Common stock,Property-Casualty Insurers,46,136.07000732421875,-6.345919463122495,50,,B
PLNT,Planet Fitness Inc. Common Stock,Hotels/Resorts,35,51.33000183105469,-54.79524398809774,12,80,E+
PLOW,Douglas Dynamics Inc. Common Stock,Construction/Ag Equipment/Trucks,35,43.0099983215332,-20.645760671386714,70,77,D-
PLPC,Preformed Line Products Company Common Stock,Water Sewer Pipeline Comm & Power Line Construction,1,346.3900146484375,-15.586691971181176,88,45,D-
PLRX,Pliant Therapeutics Inc. Common Stock,Biotechnology: Pharmaceutical Preparations,68,1.1200000047683716,-40.10695176938778,24,,D
PLRZ,Polyrizon Ltd. Ordinary Shares,Biotechnology: Pharmaceutical Preparations,68,14.649999618530273,-14.676764394677866,95,,A
PLSE,Pulse Biosciences Inc Common Stock (DE),Medical/Dental Instruments,117,26.290000915527344,-10.088915453770575,87,11,B
PLSM,Pulsenmore Ltd. Ordinary Shares,Medical/Dental Instruments,117,3.859999895095825,-47.55435020280804,22,,A+
PLTK,Playtika Holding Corp. Common Stock,EDP Services,125,3.8299999237060547,-17.33539800357804,55,,B+
PLTR,Palantir Technologies Inc. Class A Common Stock,Computer Software: Prepackaged Software,120,126.79000091552734,-38.802005310453545,27,,D+
PLUG,Plug Power Inc. Common Stock,Industrial Machinery/Components,68,2.2300000190734863,-46.13526350264085,31,,E+
PLUR,Pluri Inc. Common Stock,Biotechnology: Biological Products (No Diagnostic Substances),64,1.7200000286102295,-69.7183084402782,7,,E-
PLUS,ePlus inc. Common Stock,Retail: Computer Software & Peripheral Equipment,15,89.62999725341797,-3.082417518051628,65,,D+
PLUT,Plutus Financial Group Limited Ordinary Shares,Investment Bankers/Brokers/Service,84,2.999000072479248,-24.075948448712936,41,,D
PLX,Protalix BioTherapeutics Inc. (DE) Common Stock,Biotechnology: Biological Products (No Diagnostic Substances),64,2.440000057220459,-22.539683068300185,72,,B+
PLXS,Plexus Corp. Common Stock,Electrical Products,3,267.2699890136719,-12.030155167346457,90,72,E+
PLYX,Polaryx Therapeutics Inc. Common Stock,Biotechnology: Pharmaceutical Preparations,68,2.3299999237060547,-93.34285736083984,2,,D
PM,Philip Morris International Inc Common Stock,Medicinal Chemicals and Botanical Products,135,181.6199951171875,-4.55242198074457,64,,D+
PMAX,Powell Max Limited Class A Ordinary Shares,Other Consumer Services,123,1.6299999952316284,-95.653333346049,2,,A
PMCB,PharmaCyte  Biotech Inc. Common Stock,Biotechnology: Biological Products (No Diagnostic Substances),64,0.6965000033378601,-42.90983713080053,27,38,A-
PMEC,Primech Holdings Ltd. Ordinary Shares,Diversified Commercial Services,111,0.6200000047683716,-72.07207221720147,13,,E-
PMI,Picard Medical Inc. Common Stock,Medical/Dental Instruments,117,0.15399999916553497,-98.83333332279716,1,,A+
PMM,Putnam Managed Municipal Income Trust Common Stock,Investment Managers,73,6.53000020980835,-0.30534321136057585,57,,C-
PMN,ProMIS Neurosciences Inc. Common Shares (ON),Biotechnology: Pharmaceutical Preparations,68,14.25,-49.10714285714286,79,,A
PMO,Putnam Municipal Opportunities Trust Common Stock,Finance Companies,58,10.630000114440918,-1.4828530859849254,52,,D+
PMT,PennyMac Mortgage Investment Trust Common Shares of Beneficial Interest,Real Estate Investment Trusts,45,10.279999732971191,-19.929431214189886,35,54,D+
PMTS,CPI Card Group Inc. Common Stock,Publishing,102,19.540000915527344,-15.043474280315895,67,88,B+
PMVP,PMV Pharmaceuticals Inc. Common Stock,Biotechnology: Pharmaceutical Preparations,68,1.2400000095367432,-31.111108756359652,38,,C+
PN,PN Smart Energy Limited Class A Ordinary Shares,Retail: Computer Software & Peripheral Equipment,15,3.740000009536743,-95.43902437861372,9,,A+
PNBK,Patriot National Bancorp Inc. Common Stock,Major Banks,26,1.1799999475479126,-38.54166802484546,29,,E-
PNC,PNC Financial Services Group Inc. (The) Common Stock,Major Banks,26,251.91000366210938,-0.8267355183419922,73,60,C+
PNFP,Pinnacle Financial Partners Inc. Common stock,Major Banks,26,100.47000122070312,-14.696249610689371,50,88,C
PNNT,PennantPark Investment Corporation Common Stock,Finance: Consumer Services,112,3.440000057220459,-45.50860477552957,17,49,E
PNR,Pentair plc. Ordinary Share,Industrial Machinery/Components,68,76.19000244140625,-31.799245189623882,22,,D+
PNRG,PrimeEnergy Resources Corporation Common Stock,Oil & Gas Production,43,177.19000244140625,-34.997613697544026,39,,E+
PNTG,The Pennant Group Inc. Common Stock,Medical/Nursing Services,32,40.5,0.0,86,69,B+
PNW,Pinnacle West Capital Corporation Common Stock,Electric Utilities: Central,55,108.12000274658203,-1.142909361441946,66,81,C-
POAS,Phaos Technology Holdings (Cayman) Limited Class A Ordinary Shares,Industrial Machinery/Components,68,0.28200000524520874,-95.72727258606062,1,,E
POCI,Precision Optics Corporation Inc. Common stock,Biotechnology: Electromedical & Electrotherapeutic Apparatus,76,4.980000019073486,-16.442953234916068,68,,B+
PODC,PodcastOne Inc. Common Stock,Computer Software: Programming Data Processing,110,4.119999885559082,-17.269078920092152,95,,B+
PODD,Insulet Corporation Common Stock,Medical/Dental Instruments,117,161.27999877929688,-54.28830694652444,14,,D+
POET,POET Technologies Inc. Common Shares,Semiconductors,1,8.3100004196167,-59.601358566341425,76,5,D+
POLA,Polar Power Inc. Common Stock,Industrial Machinery/Components,68,1.7200000286102295,-67.36242818149236,26,21,B
POM,POMDOCTOR LIMITED American Depositary Shares,Other Specialty Stores,117,1.5299999713897705,-98.60426935499463,2,,A+
PONY,Pony AI Inc. American Depositary Shares,EDP Services,125,6.590000152587891,-72.61014007121561,10,21,E
POOL,Pool Corporation Common Stock,Industrial Specialties,84,210.44000244140625,-35.756459362550586,28,,B-
POR,Portland General Electric Co Common Stock,Electric Utilities: Central,55,52.779998779296875,-1.6149459815711698,63,54,C
POST,Post Holdings Inc. Common Stock,Packaged Foods,129,86.27999877929688,-24.718612407455065,27,,E+
POWI,Power Integrations Inc. Common Stock,Semiconductors,1,72.06999969482422,-17.49284378502174,89,42,D
POWL,Powell Industries Inc. Common Stock,Electrical Products,3,232.19000244140625,-27.877680639185353,95,82,E-
POWW,Outdoor Holding Company Common Stock,Ordnance And Accessories,15,2.4800000190734863,0.0,88,,A-
PPBT,Purple Biotech Ltd. American Depositary Shares,Biotechnology: Pharmaceutical Preparations,68,1.5549999475479126,-94.39639658541293,3,,E-
PPC,Pilgrim's Pride Corporation Common Stock,Meat/Poultry/Fish,87,28.25,-41.38380751554713,20,46,D+
PPCB,Propanc Biopharma Inc. Common Stock,Biotechnology: Pharmaceutical Preparations,68,1.6100000143051147,-99.38076922526726,4,13,A+
PPG,PPG Industries Inc. Common Stock,Paints/Coatings,43,116.76000213623047,-10.15759673636082,58,57,C-
PPHC,Public Policy Holding Company Inc. Common Stock,,,8.34000015258789,-42.915808702457845,17,,D
PPIH,Perma-Pipe International Holdings Inc. Common Stock,Pollution Control Equipment,74,25.079999923706055,-28.931710759262018,30,,E
PPL,PPL Corporation Common Stock,Electric Utilities: Central,55,35.779998779296875,-9.400837921643678,42,,D
PPLI,People Incorporated Common Stock,Computer Software: Programming Data Processing,110,46.5,-2.3519507706978415,71,,C-
PPSI,Pioneer Power Solutions Inc. Common Stock,Electrical Products,3,3.6500000953674316,-39.967102941301036,67,,C+
PPT,Putnam Premier Income Trust Common Stock,Finance Companies,58,3.440000057220459,-2.8892920621297224,43,,D+
PPTA,Perpetua Resources Corp. Common Shares,Precious Metals,104,19.440000534057617,-47.770016398483136,28,,E-
PR,Permian Resources Corporation Class A Common Stock,Oil & Gas Production,43,19.149999618530273,-14.238456897587792,76,,D-
PRAA,PRA Group Inc. Common Stock,Finance: Consumer Services,112,18.489999771118164,-16.82411087779052,59,,D+
PRAX,Praxis Precision Medicines Inc. Common Stock,Biotechnology: Pharmaceutical Preparations,68,324.989990234375,-8.999527961528697,98,5,C
PRCH,Porch Group Inc. Common Stock,Computer Software: Prepackaged Software,120,14.850000381469727,-22.006304267772503,90,5,A
PRCT,PROCEPT BioRobotics Corporation Common Stock,Medical/Dental Instruments,117,20.889999389648438,-65.21811702965041,16,,E
PRDO,Perdoceo Education Corporation Common Stock,Other Consumer Services,123,35.709999084472656,-5.464570327699314,56,79,C-
PRE,Prenetics Global Limited Class A Ordinary Share,Blank Checks,76,17.860000610351562,-19.3679416797361,80,,D
PRFX,PRF Technologies Ltd. Ordinary Shares,Biotechnology: Pharmaceutical Preparations,68,1.350000023841858,-88.60759510225078,5,,A+
PRG,PROG Holdings Inc. Common Stock,Diversified Commercial Services,111,44.2400016784668,-5.084743404526826,88,63,A-
PRGO,Perrigo Company plc Ordinary Shares,Biotechnology: Pharmaceutical Preparations,68,10.220000267028809,-61.82390682742896,19,42,B-
PRGS,Progress Software Corporation Common Stock (DE),Computer Software: Prepackaged Software,120,37.86000061035156,-25.501769307945455,50,88,A
PRHI,Presurance Holdings Inc. Common Stock,Property-Casualty Insurers,46,4.954999923706055,-65.13019063754906,27,,A-
PRI,Primerica Inc. Common Stock,Life Insurance,28,304.55999755859375,-0.5356024111875746,66,,C
PRIM,Primoris Services Corporation Common Stock,Water Sewer Pipeline Comm & Power Line Construction,1,86.5999984741211,-57.2879432771427,16,46,E-
PRK,Park National Corporation Common Stock,Major Banks,26,184.4600067138672,-1.4373429176305796,61,86,C+
PRKS,United Parks & Resorts Inc. Common Stock,Biotechnology: Electromedical & Electrotherapeutic Apparatus,76,46.869998931884766,-15.105959592260609,62,,B-
PRLB,Proto Labs Inc. Common stock,Metal Fabrications,38,74.4000015258789,-8.91282903048124,86,77,C-
PRLD,Prelude Therapeutics Incorporated Common Stock,Biotechnology: Pharmaceutical Preparations,68,4.804999828338623,-12.952901359754721,97,5,A-
PRM,Perimeter Solutions SA Common Stock,Major Chemicals,54,34.31999969482422,-9.158282679375596,89,70,D-
PRMB,Primo Brands Corporation Class A Common Stock,Beverages (Production/Distribution),97,23.989999771118164,-19.739605660823077,64,,C+
PRME,Prime Medicine Inc. Common Stock,Biotechnology: Biological Products (No Diagnostic Substances),64,3.7799999713897705,-43.32833690925453,34,,A-
PROF,Profound Medical Corp. Common Stock,Medical/Dental Instruments,117,7.039999961853027,-18.612713614787445,54,,B
PROK,ProKidney Corp. Class A Ordinary Shares,Biotechnology: Biological Products (No Diagnostic Substances),64,1.7599999904632568,-66.0231650813058,18,,A
PROP,Prairie Operating Co. Common Stock,Finance: Consumer Services,112,0.7289999723434448,-82.64285701310553,6,,E-
PROV,Provident Financial Holdings Inc. Common Stock,Savings Institutions,22,17.25,0.0,55,,D
PRPL,Purple Innovation Inc. Common Stock,Home Furnishings,40,0.328000009059906,-73.75999927520752,8,,E-
PRPO,Precipio Inc.  Common Stock,Biotechnology: Laboratory Analytical Instruments,52,23.799999237060547,-26.475131225236726,58,,E-
PRQR,ProQR Therapeutics N.V. Ordinary Shares,Biotechnology: Pharmaceutical Preparations,68,1.7300000190734863,-43.27868701244866,24,,E-
PRSO,Peraso Inc. Common Stock,Semiconductors,1,0.8100000023841858,-65.08620578915267,20,,A
PRSU,Pursuit Attractions and Hospitality Inc. Common Stock,Business Services,92,53.84000015258789,-3.80561197366448,88,34,B
PRTA,Prothena Corporation plc Ordinary Shares,Biotechnology: Pharmaceutical Preparations,68,9.239999771118164,-19.721984471100185,46,,B
PRTH,Priority Technology Holdings Inc. Common Stock,Business Services,92,7.110000133514404,-15.658364458788142,71,,A
PRTS,CarParts.com Inc. Common Stock,Auto & Home Supply Stores,115,5.869999885559082,-48.50877121067955,27,,E+
PRU,Prudential Financial Inc. Common Stock,Life Insurance,28,115.37000274658203,-0.16114289909590074,64,,C
PRVA,Privia Health Group Inc. Common Stock,Medical/Nursing Services,32,27.489999771118164,-1.008284775044821,71,,B+
PRZO,ParaZero Technologies Ltd. Ordinary Shares,Military/Government/Technical,91,0.527999997138977,-73.8613860334395,9,,A+
PSA,Public Storage Common Stock,Real Estate Investment Trusts,45,320.55999755859375,-2.7545251445057817,64,,D+
PSBD,Palmer Square Capital BDC Inc. Common Stock,,,10.359999656677246,-16.109828680442163,39,,C-
PSEC,Prospect Capital Corporation Common Stock,Finance: Consumer Services,112,2.259999990463257,-20.918407059933596,33,55,E+
PSFE,Paysafe Limited Common Shares,Business Services,92,8.069999694824219,-45.0272511780606,31,,B+
PSHG,Performance Shipping Inc. Common Shares,Marine Transportation,11,1.6699999570846558,-34.50980437988963,30,,D-
PSIG,PS International Group Ltd. Ordinary Shares,Integrated Freight & Logistics,141,1.2599999904632568,-89.36708903036354,3,,E-
PSIX,Power Solutions International Inc. Common Stock,Industrial Machinery/Components,68,34.52000045776367,-70.18483259481918,8,,E-
PSKY,Paramount Skydance Corporation Class B Common Stock,Broadcasting,95,9.40999984741211,-51.644923356485585,20,,E
PSMT,PriceSmart Inc. Common Stock,Department/Specialty Retail Stores,59,196.3000030517578,-0.8084845346501002,88,67,B-
PSN,Parsons Corporation Common Stock,EDP Services,125,55.619998931884766,-37.70859182261184,26,,C+
PSNL,Personalis Inc. Common Stock,Medical Specialities,34,14.069999694824219,-3.959043950912,95,5,A
PSNY,Polestar Automotive Holding UK PLC Class A ADS,Auto Manufacturing,138,18.700000762939453,-54.50121299952349,23,,E+
PSNYW,Polestar Automotive Holding UK PLC Class C-1 ADS (ADW),Auto Manufacturing,138,2.259999990463257,-75.6989253321222,8,,E+
PSO,Pearson Plc Common Stock,Books,4,16.90999984741211,0.0,74,,C+
PSQH,PSQ Holdings Inc. Class A Common Stock,Advertising,97,0.40799999237060547,-85.58303875018113,7,,E-
PSTL,Postal Realty Trust Inc. Class A Common Stock,Real Estate Investment Trusts,45,24.149999618530273,-3.322657881969482,87,97,C+
PSTV,PLUS THERAPEUTICS Inc. Common Stock,Medical/Dental Instruments,117,4.0,-82.02247191011236,12,,B+
PSX,Phillips 66 Common Stock,Integrated oil Companies,10,188.36000061035156,-0.7691532280754032,81,96,C
PTC,PTC Inc. Common Stock,Computer Software: Prepackaged Software,120,124.73999786376953,-42.39135520851611,20,93,D-
PTCT,PTC Therapeutics Inc. Common Stock,Biotechnology: Pharmaceutical Preparations,68,84.8499984741211,-5.248469477907469,80,5,B+
PTEN,Patterson-UTI Energy Inc. Common Stock,Oil & Gas Production,43,9.390000343322754,-26.268338694521887,79,11,E
PTGX,Protagonist Therapeutics Inc. Common Stock,Biotechnology: Pharmaceutical Preparations,68,131.4199981689453,-6.695071015928722,93,31,B
PTHS,Pelthos Therapeutics Inc. Common Stock,Biotechnology: Biological Products (No Diagnostic Substances),64,26.549999237060547,-29.04863565949003,68,21,B
PTLE,PTL LTD Class A Ordinary Shares,Oil Refining/Marketing,137,10.069999694824219,-55.36347547336447,34,,A+
PTLO,Portillo's Inc. Class A Common Stock,Restaurants,105,4.590000152587891,-60.32843324411492,20,31,D+
PTN,Palatin Technologies Inc. Common Stock,Biotechnology: Pharmaceutical Preparations,68,10.0,-64.28571428571428,32,,E-
PTON,Peloton Interactive Inc. Class A Common Stock,Recreational Games/Products/Toys,103,5.860000133514404,-34.88888740539551,46,36,B
PTRN,Pattern Group Inc. Series A Common Stock,Catalog/Specialty Distribution,68,28.950000762939453,-1.5306083722096187,96,50,A
PUBM,PubMatic Inc. Class A Common Stock,Computer Software: Programming Data Processing,110,13.550000190734863,-2.0245823175403133,87,29,A-
PUK,Prudential Public Limited Company Common Stock,Life Insurance,28,28.1299991607666,-15.196245184290724,42,,E+
PULM,Pulmatrix Inc. Common Stock,Biotechnology: Pharmaceutical Preparations,68,1.7200000286102295,-73.74045834314306,25,,D-
PUMP,ProPetro Holding Corp. Common Stock,Oilfield Services/Equipment,18,12.869999885559082,-29.285717878835584,88,,E
PURR,Hyperliquid Strategies Inc Common Stock,Finance: Consumer Services,112,7.550000190734863,-31.175934303055787,93,,B
PUSA,Aureus Greenway Holdings Inc. Common Stock,Hotels/Resorts,35,3.7300000190734863,-52.27127329797966,96,,A+
PVH,PVH Corp. Common Stock,Garments and Clothing,72,79.37000274658203,-19.642709553611336,44,,E
PVLA,Palvella Therapeutics Inc. Common Stock,Biotechnology: Pharmaceutical Preparations,68,144.75999450683594,-6.509947086964651,97,13,A-
PW,Power REIT (MD) Common Stock,Real Estate Investment Trusts,45,9.300000190734863,-43.636362480394766,47,,A-
PWP,Perella Weinberg Partners Class A Common Stock,Finance: Consumer Services,112,14.90999984741211,-38.29080376646205,20,51,D-
PWR,Quanta Services Inc. Common Stock,Engineering & Construction,30,658.5599975585938,-16.119835126106175,85,84,E
PXED,Phoenix Education Partners Inc. Common Stock,Other Consumer Services,123,33.63999938964844,-10.536360375217713,49,33,B
PXLW,Pixelworks Inc.  Common Stock,Semiconductors,1,6.099999904632568,-59.94747151688449,34,,B
PXS,Pyxis Tankers Inc. Common Stock,Marine Transportation,11,4.170000076293945,-13.664593329966191,75,,D+
PYPD,PolyPid Ltd. Ordinary Shares,Biotechnology: Pharmaceutical Preparations,68,5.230000019073486,-6.272399810358953,80,5,A
PYPL,PayPal Holdings Inc. Common Stock,Diversified Commercial Services,111,46.31999969482422,-40.2695617577543,24,57,C
PYT,PPlus Tr GSC-2 Tr Ctf Fltg Rate,Finance: Consumer Services,112,23.719999313354492,0.0,52,,C+
PYXS,Pyxis Oncology Inc. Common Stock,Biotechnology: Pharmaceutical Preparations,68,2.6700000762939453,-50.0,92,5,A+
PZG,Paramount Gold Nevada Corp. Common Stock,Metal Mining,71,1.1699999570846558,-56.179778140356575,44,11,E
PZZA,Papa John's International Inc. Common Stock,Restaurants,105,33.4900016784668,-37.10887463593442,29,,C+
Q,Qnity Electronics Inc. Common Stock,Semiconductors,1,143.8000030517578,-18.127987046535576,83,,C
QBTS,D-Wave Quantum Inc. Common Shares,EDP Services,125,20.09000015258789,-55.13621996373056,54,21,B
QCLS,Q/C Technologies Inc. Common Stock,Biotechnology: In Vitro & In Vivo Diagnostic Substances,55,3.609999895095825,-76.55844165897226,22,,B
QCOM,QUALCOMM Incorporated Common Stock,Radio And Television Broadcasting And Communications Equipment,18,189.16000366210938,-24.36512793229658,78,74,C+
QCRH,QCR Holdings Inc. Common Stock,Major Banks,26,96.5,-2.3773378962027247,68,,C
QDEL,QuidelOrtho Corporation Common Stock,Biotechnology: In Vitro & In Vivo Diagnostic Substances,55,18.270000457763672,-48.36065600283784,30,,B
QFIN,Qfin Holdings Inc. American Depositary Shares,Finance: Consumer Services,112,13.199999809265137,-66.65748301486127,19,,D-
QGEN,Qiagen N.V. Common Shares,Biotechnology: Biological Products (No Diagnostic Substances),64,41.5099983215332,-24.74946910520057,37,38,A-
QH,Quhuo Limited American Depository Shares,,,6.340000152587891,-95.9043927470285,99,,A
QLYS,Qualys Inc. Common Stock,Computer Software: Prepackaged Software,120,152.69000244140625,-4.2035240441046895,87,,A-
QMCO,Quantum Corporation Common Stock,Electronic Components,5,10.020000457763672,-37.178679764352154,81,,B-
QNC,Quantum eMotion Corp. Common Shares,,,2.75,-27.440632515060635,30,,A
QNCX,Quince Therapeutics Inc. Common Stock,Biotechnology: Biological Products (No Diagnostic Substances),64,17.540000915527344,-98.00681807778099,4,,C+
QNRX,Quoin Pharmaceuticals Ltd. American Depositary Shares,Medical/Dental Instruments,117,4.449999809265137,-80.04484322192421,12,,A+
QNST,QuinStreet Inc. Common Stock,Business Services,92,16.790000915527344,-1.927569553325037,72,,B+
QNTM,Quantum Biopharma Ltd. Class B Subordinate Voting Shares,Biotechnology: Pharmaceutical Preparations,68,3.309999942779541,-88.66826413377377,11,,D-
QRHC,Quest Resource Holding Corporation Common Stock,Environmental Services,80,1.2799999713897705,-46.88796988367845,30,,B
QRVO,Qorvo Inc. Common Stock,Semiconductors,1,85.80999755859375,-20.715148390414917,48,,D-
QS,QuantumScape Corporation Class A Common Stock,Industrial Machinery/Components,68,6.579999923706055,-64.31670426715458,23,,C-
QSI,Quantum-Si Incorporated Class A Common Stock,Industrial Machinery/Components,68,0.8830000162124634,-66.42585635779827,24,,C+
QSR,Restaurant Brands International Inc. Common Shares,Restaurants,105,75.26000213623047,-7.007384842619246,56,83,D+
QTEX,QTREX Quantum Ltd. Ordinary Shares,Medical/Dental Instruments,117,1.6100000143051147,-47.727270967985646,97,,A+
QTI,QT Imaging Holdings Inc. Common Stock,Biotechnology: Electromedical & Electrotherapeutic Apparatus,76,3.6700000762939453,-90.76729540554982,6,,E-
QTRX,Quanterix Corporation Common Stock,Biotechnology: Laboratory Analytical Instruments,52,3.880000114440918,-51.861043269952646,28,31,A-
QTTB,Q32 Bio Inc. Common Stock,Biotechnology: Pharmaceutical Preparations,68,11.210000038146973,-20.72135950519547,99,,A
QTWO,Q2 Holdings Inc. Common Stock,Computer Software: Prepackaged Software,120,51.83000183105469,-44.02202842528433,29,,A-
QUAD,Quad Graphics Inc Class A Common Stock,Publishing,102,8.3100004196167,-2.920560604495792,82,,B+
QUBT,Quantum Computing Inc. Common Stock,Computer Software: Prepackaged Software,120,8.65999984741211,-64.82534706655291,26,,B+
QUCY,Quantum Cyber N.V. Ordinary Shares,Biotechnology: Pharmaceutical Preparations,68,1.3600000143051147,-61.797751793128754,92,,A+
QUIK,QuickLogic Corporation Common Stock,Semiconductors,1,15.649999618530273,-34.07750728974354,95,5,D+
QURE,uniQure N.V. Ordinary Shares,Biotechnology: Pharmaceutical Preparations,68,42.630001068115234,-39.609005128630805,96,,A
QXL,Quantum X Labs Inc. Common Stock,Computer Software: Prepackaged Software,120,5.090000152587891,-25.69342739485897,96,,A+
QXO,QXO Inc. Common Stock,RETAIL: Building Materials,109,14.989999771118164,-44.62504639782375,17,38,E-
R,Ryder System Inc. Common Stock,Rental/Leasing Companies,129,268.9100036621094,-4.077189421806516,84,75,D+
RACE,Ferrari N.V. Common Shares,Auto Manufacturing,138,376.6400146484375,-26.400691378156104,38,,C
RADX,Radiopharm Theranostics Limited American Depositary Shares,Biotechnology: Pharmaceutical Preparations,68,4.369999885559082,-58.88993566780483,31,,D-
RAIL,FreightCar America Inc. Common Stock,Railroads,28,7.989999771118164,-46.013515755762725,24,,B+
RAIN,Rain Enhancement Technologies Holdco Inc. Class A Common Stock,Industrial Machinery/Components,68,1.8899999856948853,-76.75276803086668,13,,E-
RAL,Ralliant Corporation Common Stock,Industrial Machinery/Components,68,69.25,-5.948658721720445,88,,B+
RAMP,LiveRamp Holdings Inc. Common Stock,EDP Services,125,37.880001068115234,0.0,81,,B+
RAND,Rand Capital Corporation Common Stock,Finance: Consumer Services,112,10.199999809265137,-40.44780040258728,27,,C+
RANI,Rani Therapeutics Holdings Inc. Class A Common Stock,Biotechnology: Pharmaceutical Preparations,68,0.6869999766349792,-75.89473685531405,36,,E
RAPP,Rapport Therapeutics Inc. Common Stock,Biotechnology: Pharmaceutical Preparations,68,41.75,-0.7134345838373912,92,5,A-
RARE,Ultragenyx Pharmaceutical Inc. Common Stock,Biotechnology: Pharmaceutical Preparations,68,33.81999969482422,-7.443900253290048,75,,A
RAVE,Rave Restaurant Group Inc. Common Stock,Food Distributors,13,3.2899999618530273,-9.61538826824736,74,44,B
RAY,Raytech Holding Limited Ordinary Shares,Consumer Electronics/Appliances,119,2.990000009536743,-94.02955291490697,16,,A
RAYA,Erayak Power Solution Group Inc. Class A Ordinary Shares,Metal Fabrications,38,2.9100000858306885,-99.95705430806035,3,,A
RBA,RB Global Inc. Common Stock,Business Services,92,108.12999725341797,-8.97296879998628,51,,D+
RBB,RBB Bancorp Common Stock,Major Banks,26,26.850000381469727,-3.8323771199869183,81,,B+
RBBN,Ribbon Communications Inc. Common Stock,EDP Services,125,2.319999933242798,-45.41176627664005,24,,D+
RBC,RBC Bearings Incorporated Common Stock,Metal Fabrications,38,595.489990234375,-8.229441539949434,78,76,D-
RBCAA,Republic Bancorp Inc. Class A Common Stock,Major Banks,26,88.1500015258789,-5.02100652440255,74,65,C-
RBKB,Rhinebeck Bancorp Inc. Common Stock,Banks,27,16.969999313354492,-3.524734700711085,79,,B+
RBLX,Roblox Corporation Class A Common Stock,Computer Software: Prepackaged Software,120,55.349998474121094,-60.899972146996596,19,5,C
RBNE,Robin Energy Ltd. Common Stock,Marine Transportation,11,6.449999809265137,-61.377248415587275,95,,E-
RBRK,Rubrik Inc. Class A Common Stock,Computer Software: Prepackaged Software,120,84.37999725341797,-14.335028169118813,82,,B
RC,Ready Capital Corporation Common Stock,Real Estate Investment Trusts,45,1.649999976158142,-62.28411576636539,21,,D+
RCAT,Red Cat Holdings Inc. Common Stock,Computer Software: Prepackaged Software,120,8.829999923706055,-49.1359469282459,27,,C
RCEL,Avita Medical Inc. Common Stock,Medical/Dental Instruments,117,4.059999942779541,-39.9408312823223,32,,B+
RCI,Rogers Communication Inc. Common Stock,Cable & Other Pay Television Services,112,32.93000030517578,-18.112489720664847,42,,D-
RCKT,Rocket Pharmaceuticals Inc. Common Stock,Biotechnology: Pharmaceutical Preparations,68,3.9100000858306885,-26.226416129835016,62,5,A-
RCKY,Rocky Brands Inc. Common Stock,Shoe Manufacturing,80,40.15999984741211,-15.233135181439462,77,,D-
RCL,Royal Caribbean Cruises Ltd. Common Stock,Marine Transportation,11,285.3699951171875,-20.662265747612953,40,95,C
RCMT,RCM Technologies Inc. Common Stock,Professional Services,97,27.979999542236328,-11.901765300392098,62,,C-
RCON,Recon Technology Ltd. Class A Ordinary Shares,Oilfield Services/Equipment,18,0.41999998688697815,-90.66666695806715,4,,E-
RCT,RedCloud Holdings plc Ordinary Shares,Computer Software: Programming Data Processing,110,0.23999999463558197,-91.63763051548591,3,,A+
RCUS,Arcus Biosciences Inc. Common Stock,Biotechnology: Pharmaceutical Preparations,68,28.920000076293945,-6.949806475915032,93,5,A-
RDCM,Radcom Ltd. Ordinary Shares,Computer peripheral equipment,52,14.4399995803833,-10.5328368869422,60,,E+
RDDT,Reddit Inc. Class A Common Stock,EDP Services,125,195.33999633789062,-27.8416007891214,68,98,B+
RDGT,Ridgetech Inc. Ordinary Shares,Retail-Drug Stores and Proprietary Stores,129,1.5099999904632568,-99.80144641808504,2,,A+
RDHL,Redhill Biopharma Ltd. American Depositary Shares,Biotechnology: Pharmaceutical Preparations,68,0.6949999928474426,-72.42063499572265,12,,E-
RDI,Reading International Inc Class A Common Stock,Movies/Entertainment,112,1.2200000286102295,-23.270440062957498,46,,B-
RDIB,Reading International Inc Class B Common Stock,Movies/Entertainment,112,8.510000228881836,-39.64539008051581,25,,D+
RDN,Radian Group Inc. Common Stock,Property-Casualty Insurers,46,37.84000015258789,-0.9164663176403298,59,87,C
RDNT,RadNet Inc. Common Stock,Medical Specialities,34,65.5999984741211,-22.348489740279998,49,,B
RDNW,RideNow Group Inc. Class B Common Stock,EDP Services,125,5.880000114440918,-28.81355990910306,80,21,B-
RDVT,Red Violet Inc. Common Stock,Computer Software: Prepackaged Software,120,67.58999633789062,-1.6300433146638427,88,,A-
RDW,Redwire Corporation Common Stock,Military/Government/Technical,91,10.180000305175781,-60.694978937789436,40,21,C
RDWR,Radware Ltd. Ordinary Shares,Business Services,92,31.450000762939453,-2.1164029958610553,70,67,C
RDY,Dr. Reddy's Laboratories Ltd Common Stock,Biotechnology: Pharmaceutical Preparations,68,13.1899995803833,-14.239275147997787,39,36,D-
RDZN,Roadzen Inc. Ordinary Shares,Specialty Insurers,105,1.1799999475479126,-51.037348318550556,38,5,B+
REAL,The RealReal Inc. Common Stock,Other Specialty Stores,117,10.600000381469727,-37.278102835888895,67,21,D-
REAX,The Real Brokerage Inc. Common Shares,Real Estate,87,2.049999952316284,-61.895912477516426,14,,B+
REBN,Reborn Coffee Inc. Common Stock,Restaurants,105,1.4600000381469727,-53.94321757071179,13,,E
RECT,Rectitude Holdings Ltd Ordinary Shares,Industrial Machinery/Components,68,1.2400000095367432,-75.19999980926514,16,,A
REED,Reed's Inc. Common Stock,Beverages (Production/Distribution),97,1.0800000429153442,-90.99999964237213,3,,E-
REFI,Chicago Atlantic Real Estate Finance Inc. Common Stock,Real Estate Investment Trusts,45,10.819999694824219,-12.06184260549994,40,,D+
REFR,Research Frontiers Incorporated Common Stock,Multi-Sector Companies,97,0.550000011920929,-76.69491371318063,7,,E-
REG,Regency Centers Corporation Common Stock,Real Estate Investment Trusts,45,79.62000274658203,-2.6769280984799027,60,56,D+
REGN,Regeneron Pharmaceuticals Inc. Common Stock,Biotechnology: Pharmaceutical Preparations,68,664.52001953125,-17.969015294046997,42,66,D-
REI,Ring Energy Inc. Common Stock,Oil & Gas Production,43,1.1299999952316284,-42.92929371988611,56,21,D-
REKR,Rekor Systems Inc. Common Stock,Telecommunications Equipment,74,0.6949999928474426,-78.281250547152,14,,E+
RELL,Richardson Electronics Ltd. Common Stock,Electronic Components,5,17.219999313354492,-9.416101493822183,88,41,C
RELX,RELX PLC PLC American Depositary Shares (Each representing One Ordinary Share),Business Services,92,32.439998626708984,-38.63722920382501,25,,D
RELY,Remitly Global Inc. Common Stock,Business Services,92,23.770000457763672,-2.1004951172112096,87,97,B
RENT,Rent the Runway Inc. Class A Common Stock,Other Specialty Stores,117,3.3499999046325684,-64.32375098884037,12,,B-
RENX,RenX Enterprises Corp. Common Stock,Real Estate,87,2.059999942779541,-94.66321237250659,7,,E+
REPL,Replimune Group Inc. Common Stock,Biotechnology: Biological Products (No Diagnostic Substances),64,10.989999771118164,-12.984959053544321,92,5,A-
REPX,Riley Exploration Permian Inc. Common Stock,Oil & Gas Production,43,33.130001068115234,-19.606887153273078,62,33,D
RERE,ATRenew Inc. American Depositary Shares (every three of which representing two Class A ordinary shares),Other Specialty Stores,117,3.950000047683716,-36.25496734122957,33,80,E+
RES,RPC Inc. Common Stock,Oilfield Services/Equipment,18,5.650000095367432,-28.95709728785385,45,60,E
RETO,ReTo Eco-Solutions Inc. Class A Shares,Industrial Machinery/Components,68,2.809999942779541,-95.05281693569798,7,,A
REVB,Revelation Biosciences Inc. Common Stock,Biotechnology: Pharmaceutical Preparations,68,1.0,-91.90938488853622,7,21,E+
REX,REX American Resources Corporation,Major Chemicals,54,47.099998474121094,-7.935890120016076,83,,C-
REXR,Rexford Industrial Realty Inc. Common Stock,Real Estate Investment Trusts,45,34.119998931884766,-19.99568330059881,38,,D+
REYN,Reynolds Consumer Products Inc. Common Stock,Containers/Packaging,48,26.270000457763672,-3.348049437802325,68,54,B-
REZI,Resideo Technologies Inc. Common Stock,Wholesale Distributors,,33.939998626708984,-23.730340164698916,44,,D+
RF,Regions Financial Corporation Common Stock,Major Banks,26,31.020000457763672,0.0,68,,C
RFIL,RF Industries Ltd. Common Stock,Electrical Products,3,17.43000030517578,-18.930231138717303,96,65,C-
RFL,Rafael Holdings Inc. Class B Common Stock,Real Estate,87,2.2300000190734863,-41.005290054179675,91,,A
RGA,Reinsurance Group of America Incorporated Common Stock,Life Insurance,28,231.16000366210938,0.0,66,92,C+
RGC,Regencell Bioscience Holdings Limited Ordinary Shares,Medicinal Chemicals and Botanical Products,135,5.880000114440918,-88.88048412316249,3,,E+
RGCO,RGC Resources Inc. Common Stock,Oil & Gas Production,43,24.1200008392334,-3.6356365259615386,57,41,E+
RGEN,Repligen Corporation Common Stock,Biotechnology: Biological Products (No Diagnostic Substances),64,144.24000549316406,-16.266103510504838,55,,B-
RGLD,Royal Gold Inc. Common Stock,Precious Metals,104,196.8300018310547,-35.043352099050104,33,,E+
RGNT,Regentis Biomaterials Ltd. Ordinary Shares,Biotechnology: Pharmaceutical Preparations,68,3.7899999618530273,-59.680849833421505,24,,A+
RGNX,REGENXBIO Inc. Common Stock,Biotechnology: Biological Products (No Diagnostic Substances),64,13.949999809265137,-12.70337791691264,83,21,A
RGP,Resources Connection Inc. Common Stock,Business Services,92,4.71999979019165,-13.16382663674739,61,28,A-
RGR,Sturm Ruger & Company Inc. Common Stock,Ordnance And Accessories,15,38.689998626708984,-17.399116717475337,42,,D-
RGS,Regis Corporation Common Stock,Other Consumer Services,123,27.6299991607666,-10.263077820069688,57,,B
RGTI,Rigetti Computing Inc. Common Stock,EDP Services,125,16.540000915527344,-70.64252596604297,34,,C+
RH,RH Common Stock,Other Specialty Stores,117,165.35000610351562,-34.12350354441609,48,,B
RHI,Robert Half Inc. Common Stock,Professional Services,97,32.400001525878906,-17.83313098284294,65,36,C+
RHLD,Resolute Holdings Management Common Stock,Finance: Consumer Services,112,141.97000122070312,-37.28409052303601,90,,B-
RHP,Ryman Hospitality Properties Inc. (REIT),Real Estate Investment Trusts,45,125.70999908447266,-3.9852024595360636,82,84,B-
RICK,RCI Hospitality Holdings Inc. Common Stock,Restaurants,105,26.719999313354492,-33.86217719926003,42,,C+
RIG,Transocean Ltd (Switzerland) Common Stock,Oil & Gas Production,43,5.199999809265137,-31.39841871234842,74,,E
RIGL,Rigel Pharmaceuticals Inc. Common Stock,Biotechnology: Pharmaceutical Preparations,68,42.54999923706055,-16.50313971448757,87,,A-
RILY,BRC Group Holdings Inc. Common Stock,Investment Managers,73,7.179999828338623,-32.77153910886103,70,,C
RIME,Algorhythm Holdings Inc. Common Stock,Diversified Electronic Products,,0.5099999904632568,-85.34482794057459,5,,D-
RIO,Rio Tinto Plc Common Stock,Metal Mining,71,90.54000091552734,-19.189574994925195,70,,E+
RIOT,Riot Platforms Inc. Common Stock,Finance: Consumer Services,112,20.96500015258789,-26.925758932278356,80,5,D
RITM,Rithm Capital Corp. Common Stock,Real Estate Investment Trusts,45,9.180000305175781,-19.735567323943283,33,,D
RITR,Reitar Logtech Holdings Limited Ordinary shares,Real Estate,87,0.26600000262260437,-96.32088517398522,4,,D+
RIVN,Rivian Automotive Inc. Class A Common Stock,Auto Manufacturing,138,17.479999542236328,-22.1380893176076,66,,A-
RJET,Republic Airways Holdings Inc. Common Stock,Air Freight/Delivery Services,9,18.770000457763672,-25.95660680350871,47,,A-
RJF,Raymond James Financial Inc. Common Stock,Investment Bankers/Brokers/Service,84,168.1199951171875,-3.4087481093413308,56,,C-
RKDA,Arcadia Biosciences Inc. Common Stock,Farming/Seeds/Milling,95,0.6850000023841858,-87.5,4,31,A+
RKLB,Rocket Lab Corporation Common Stock,Military/Government/Technical,91,81.04000091552734,-46.0560452504415,82,5,E+
RKT,Rocket Companies Inc. Class A Common Stock,Finance: Consumer Services,112,14.390000343322754,-38.60921495110669,33,,B
RKTO,Rocket One Inc. Common Stock,Biotechnology: Pharmaceutical Preparations,68,0.8980000019073486,-59.54954998493774,56,,A+
RL,Ralph Lauren Corporation Common Stock,Garments and Clothing,72,394.8999938964844,-4.4380769726413245,65,,C+
RLAY,Relay Therapeutics Inc. Common Stock,Biotechnology: Biological Products (No Diagnostic Substances),64,20.0049991607666,-3.590365490281433,98,5,A-
RLGT,Radiant Logistics Inc. Common Stock,Integrated Freight & Logistics,141,9.390000343322754,-2.2892749345899466,83,,B-
RLI,RLI Corp. Common Stock (DE),Property-Casualty Insurers,46,60.650001525878906,-7.002146099731343,49,,B-
RLJ,RLJ Lodging Trust Common Shares of Beneficial Interest $0.01 par value,Real Estate Investment Trusts,45,11.470000267028809,-3.431610866350221,90,35,B
RLMD,Relmada Therapeutics Inc. Common Stock,Biotechnology: Pharmaceutical Preparations,68,6.409999847412109,-18.447840476740083,99,,B
RLYB,Rallybio Corporation Common Stock,Biotechnology: Pharmaceutical Preparations,68,15.729999542236328,-6.757565146919542,98,5,A
RM,Regional Management Corp. Common Stock,Finance: Consumer Services,112,43.5,-1.999539529675709,73,59,B+
RMAX,RE/MAX Holdings Inc. Class A Common Stock,Real Estate,87,10.579999923706055,-8.39827057151843,88,33,A
RMBI,Richmond Mutual Bancorporation Inc. Common Stock,Major Banks,26,15.100000381469727,-6.732551677777554,60,68,A-
RMBS,Rambus Inc. Common Stock,Semiconductors,1,112.0999984741211,-34.3138426880217,75,77,E-
RMCF,Rocky Mountain Chocolate Factory Inc. Common Stock,Specialty Foods,92,1.1299999952316284,-61.16838618892828,11,79,E-
RMCO,Royalty Management Holding Corporation Class A Common Stock,Multi-Sector Companies,97,2.3499999046325684,-48.00256510326408,41,,A
RMD,ResMed Inc. Common Stock,Medical/Dental Instruments,117,203.8699951171875,-30.059115247931423,26,,D
RMIX,Suncrete Inc. Class A Common Stock,Building Materials,38,20.3700008392334,-17.995166207310987,94,,A-
RMNI,Rimini Street Inc. (DE) Common Stock,Business Services,92,4.71999979019165,-9.923664191602644,76,,B+
RMR,The RMR Group Inc. Class A Common Stock,Professional Services,97,20.489999771118164,-4.117927157492818,82,,C+
RMSG,Real Messenger Corporation Ordinary Shares,Computer Software: Programming Data Processing,110,0.414000004529953,-92.0537427735375,9,,A+
RMT,Royce Micro-Cap Trust Inc. Common Stock,Investment Managers,73,14.09000015258789,-4.019074525358645,81,,D+
RMTI,Rockwell Medical Inc. Common Stock,Biotechnology: Pharmaceutical Preparations,68,5.610000133514404,-69.34426028743641,10,,E-
RNA,Atrium Therapeutics Inc. Common Stock,Biotechnology: Pharmaceutical Preparations,68,12.460000038146973,-24.667476732423676,30,,C-
RNAC,Cartesian Therapeutics Inc. Common Stock,Biotechnology: Pharmaceutical Preparations,68,9.460000038146973,-30.948903869697176,69,,A+
RNAZ,TransCode Therapeutics Inc. Common Stock,Biotechnology: Pharmaceutical Preparations,68,8.829999923706055,-42.022323118143156,42,,E-
RNG,RingCentral Inc. Class A Common Stock,EDP Services,125,41.77000045776367,-14.798567245548789,81,93,C+
RNGR,Ranger Energy Services Inc. Class A Common Stock,Oilfield Services/Equipment,18,16.09000015258789,-12.364947200565135,63,80,D
RNR,RenaissanceRe Holdings Ltd. Common Stock,Property-Casualty Insurers,46,314.989990234375,-3.463182449545077,63,,C-
RNST,Renasant Corporation Common Stock,Major Banks,26,42.52000045776367,-2.6110842730935335,63,86,D+
RNTX,Rein Therapeutics Inc. Common Stock,Biotechnology: Pharmaceutical Preparations,68,0.9800000190734863,-47.87233927876985,16,,E
RNW,ReNew Energy Global plc Class A Ordinary Shares,Electric Utilities: Central,55,6.269999980926514,-23.443219753705158,56,38,B-
RNXT,RenovoRx Inc. Common Stock,Biotechnology: Pharmaceutical Preparations,68,0.9300000071525574,-33.571426929259765,28,,C+
ROAD,Construction Partners Inc. Class A Common Stock,Military/Government/Technical,91,94.88999938964844,-32.45301660338345,26,,E-
ROC,Rank One Computing Corporation Common stock,Computer Software: Prepackaged Software,120,5.039999961853027,-31.053351555340413,30,,A
ROCK,Gibraltar Industries Inc. Common Stock,Steel/Iron Ore,66,42.220001220703125,-43.389648452485076,27,,C
ROG,Rogers Corporation Common Stock,Major Chemicals,54,137.52000427246094,-17.697045133469892,87,79,D+
ROIV,Roivant Sciences Ltd. Common Shares,Biotechnology: Pharmaceutical Preparations,68,35.970001220703125,-2.2819889194499954,95,5,B
ROK,Rockwell Automation Inc. Common Stock,Industrial Machinery/Components,68,472.1199951171875,-4.6376327215413955,77,87,C-
ROKU,Roku Inc. Class A Common Stock,Cable & Other Pay Television Services,112,140.69000244140625,-2.067382114014571,85,99,B-
ROL,Rollins Inc. Common Stock,Diversified Commercial Services,111,44.470001220703125,-31.77278195219413,22,,E+
ROLR,High Roller Technologies Inc. Common Stock,Services-Misc. Amusement & Recreation,87,6.269999980926514,-73.60000008030941,95,,A
ROMA,Roma Green Finance Limited Class A Ordinary Shares,Professional Services,97,8.470000267028809,-18.08510500931724,98,,C+
ROOT,Root Inc. Class A Common Stock,Property-Casualty Insurers,46,64.36000061035156,-50.98995048678927,42,95,A-
ROP,Roper Technologies Inc. Common Stock,Computer Software: Programming Data Processing,110,355.8999938964844,-36.3241169779772,27,77,C-
ROST,Ross Stores Inc. Common Stock,Clothing/Shoe/Accessory Stores,92,222.8800048828125,-7.183608732452362,78,,D
RPAY,Repay Holdings Corporation Class A Common Stock,Business Services,92,4.079999923706055,-31.54362587932852,61,,A
RPC,Ridgepost Capital Inc. Class A Common Stock,Investment Managers,73,8.0,-36.557680793156045,34,,C-
RPD,Rapid7 Inc. Common Stock,Computer Software: Prepackaged Software,120,11.170000076293945,-53.670676924420576,76,,A
RPGL,Republic Power Group Limited Class A Ordinary Shares,Computer Software: Prepackaged Software,120,2.130000114440918,-99.9465361417058,1,,A+
RPID,Rapid Micro Biosystems Inc. Class A Common Stock,Biotechnology: Laboratory Analytical Instruments,52,2.049999952316284,-56.19658060876416,19,,A-
RPM,RPM International Inc. Common Stock,Paints/Coatings,43,105.0999984741211,-16.81879887451472,39,,D+
RPRX,Royalty Pharma plc Class A Ordinary Shares,Biotechnology: Pharmaceutical Preparations,68,56.43000030517578,-3.3236228579905935,84,83,C+
RPT,Rithm Property Trust Inc. Common stock,Real Estate Investment Trusts,45,14.1899995803833,-14.857368443519881,47,,E-
RR,Richtech Robotics Inc. Class B Common Stock,Industrial Machinery/Components,68,1.7200000286102295,-75.6373931650053,16,,E+
RRBI,Red River Bancshares Inc. Common Stock,Hotels/Resorts,35,95.7750015258789,-1.5673190935746373,78,88,C+
RRC,Range Resources Corporation Common Stock,Oil & Gas Production,43,35.4900016784668,-25.322889417408014,34,76,D-
RRGB,Red Robin Gourmet Burgers Inc. Common Stock,Restaurants,105,6.989999771118164,-12.51564491421825,90,27,A
RRR,Red Rock Resorts Inc. Class A Common Stock,Hotels/Resorts,35,64.20999908447266,-4.534646082199412,64,90,B-
RRX,Regal Rexnord Corporation Common Stock,Metal Fabrications,38,214.89999389648438,-9.777911879677282,78,72,D+
RS,Reliance Inc. Common Stock,Metal Fabrications,38,379.2200012207031,-8.274675776100782,75,,E+
RSG,Republic Services Inc. Common Stock,Environmental Services,80,219.1999969482422,-9.871067644078868,44,,C-
RSI,Rush Street Interactive Inc. Class A Common Stock,Services-Misc. Amusement & Recreation,87,33.400001525878906,0.0,93,78,A-
RSKD,Riskified Ltd. Class A Ordinary Shares,Business Services,92,5.130000114440918,-8.556149868980278,64,,B
RSSS,Research Solutions Inc Common Stock,EDP Services,125,2.309999942779541,-41.66666867355704,25,,E
RSVR,Reservoir Media Inc. Common Stock,Services-Misc. Amusement & Recreation,87,10.199999809265137,-2.764537351578178,71,,D
RTB,RTB Digital Inc. Common Stock,Professional Services,97,16.90999984741211,-31.95171192020728,96,,A+
RTO,Rentokil Initial plc American Depositary Shares (each representing five (5) Ordinary Shares),Other Consumer Services,123,29.639999389648438,-14.13673523581227,48,,D-
RTX,RTX Corporation Common Stock,Aerospace,90,195.92999267578125,-7.265209883175039,60,,D+
RUBI,Rubico Inc. Common Stock,Marine Transportation,11,4.75,-99.99804186795491,1,,E-
RUM,RUM Group Inc. Class A Common Stock,Computer Software: Programming Data Processing,110,6.130000114440918,-38.82235694219668,38,,C-
RUN,Sunrun Inc. Common Stock,Industrial Machinery/Components,68,12.470000267028809,-41.75618703455481,31,,B-
RUSHA,Rush Enterprises Inc. Common Stock Cl A,Retail-Auto Dealers and Gas Stations,105,75.4800033569336,-0.6845650277046422,78,,C
RUSHB,Rush Enterprises Inc. Class B,Retail-Auto Dealers and Gas Stations,105,75.80000305175781,-3.114852190356865,76,45,C-
RVLV,Revolve Group Inc. Class A Common Stock,Catalog/Specialty Distribution,68,23.93000030517578,-23.910970668799504,42,74,C-
RVMD,Revolution Medicines Inc. Common Stock,Biotechnology: Biological Products (No Diagnostic Substances),64,186.8800048828125,-2.9799555497251773,98,5,B+
RVP,Retractable Technologies Inc. Common Stock,Medical/Dental Instruments,117,0.6899999976158142,-34.905657088387166,35,,D-
RVSB,Riverview Bancorp Inc Common Stock,Savings Institutions,22,5.28000020980835,-12.82706100173716,41,47,E-
RVSN,Rail Vision Ltd. Ordinary Share,Railroads,28,4.980000019073486,-99.31348223718409,3,,E-
RVTY,Revvity Inc. Common Stock,Biotechnology: Laboratory Analytical Instruments,52,112.29000091552734,-4.5623230856909665,69,,B
RWAY,Runway Growth Finance Corp. Common Stock,Finance: Consumer Services,112,5.329999923706055,-44.61899304827857,17,52,E
RWT,Redwood Trust Inc. Common Stock,Real Estate Investment Trusts,45,5.099999904632568,-18.10457141496382,38,,A
RXO,RXO Inc. Common Stock,Transportation Services,105,26.25,-9.855771828710402,92,5,B
RXRX,Recursion Pharmaceuticals Inc. Class A Common Stock,Biotechnology: Biological Products (No Diagnostic Substances),64,3.559999942779541,-47.56995636553732,27,5,B+
RXST,RxSight Inc. Common Stock,Ophthalmic Goods,115,4.949999809265137,-62.18487584748789,14,,C-
RXT,Rackspace Technology Inc. Common Stock,Computer Software: Programming Data Processing,110,5.340000152587891,-29.083665288187266,99,5,A
RY,Royal Bank Of Canada Common Stock,Commercial Banks,8,211.08999633789062,0.0,83,66,C-
RYAAY,Ryanair Holdings plc American Depositary Shares,Air Freight/Delivery Services,9,64.62999725341797,-11.869334728245896,49,,C
RYAM,Rayonier Advanced Materials Inc. Common Stock,Paper,120,7.309999942779541,-37.787234529535816,52,5,E-
RYAN,Ryan Specialty Holdings Inc. Class A Common Stock,Specialty Insurers,105,40.40999984741211,-39.12808304734961,31,,B+
RYDE,Ryde Group Ltd. Class A Ordinary Shares,Business Services,92,0.6850000023841858,-54.02684577182254,80,,D
RYET,Ruanyun Edai Technology Inc. Ordinary shares,Computer Software: Prepackaged Software,120,1.0700000524520874,-94.70820925426344,19,,A+
RYM,RYTHM Inc. Common Stock,Farming/Seeds/Milling,95,21.459999084472656,-55.523317959642156,25,,E
RYN,Rayonier Inc. REIT Common Stock,Real Estate Investment Trusts,45,21.270000457763672,-13.00688230987993,42,,D
RYOJ,rYojbaba Co. Ltd. Common Shares,Professional Services,97,4.199999809265137,-53.94736993455933,94,,A+
RYTM,Rhythm Pharmaceuticals Inc. Common Stock,Biotechnology: Pharmaceutical Preparations,68,108.4000015258789,-7.8388037794626335,68,5,A-
RYZ,Ryerson Holding Corporation Common Stock,Metal Fabrications,38,26.350000381469727,-13.350869734673443,59,,D-
RZLT,Rezolute Inc. Common Stock (NV),Biotechnology: Pharmaceutical Preparations,68,4.75,-56.58135116826416,72,,A-
RZLV,Rezolve AI PLC Ordinary Shares,Computer Software: Programming Data Processing,110,2.5999999046325684,-66.3212438433496,29,,B-
S,SentinelOne Inc. Class A Common Stock,Computer Software: Prepackaged Software,120,17.8799991607666,-9.605669665935324,70,,C-
SA,Seabridge Gold Inc. Common Shares New,Precious Metals,104,25.979999542236328,-33.97712693858851,50,,E
SABR,Sabre Corporation Common Stock,Computer Software: Programming Data Processing,110,1.850000023841858,-43.93939240685943,56,,B+
SABS,SAB Biotherapeutics Inc. Common Stock,Biotechnology: Biological Products (No Diagnostic Substances),64,3.819999933242798,-16.775603349619907,72,,B+
SACH,Sachem Capital Corp. Common Shares,Real Estate Investment Trusts,45,0.8650000095367432,-36.710286787517695,26,,A
SAFE,Safehold Inc. New Common Stock,Real Estate Investment Trusts,45,16.110000610351562,-1.708351371103256,60,,B-
SAFT,Safety Insurance Group Inc. Common Stock,Property-Casualty Insurers,46,75.55000305175781,-3.6779543929608804,51,35,B-
SAFX,XCF Global Inc. Class A Common Stock,Major Chemicals,54,0.5540000200271606,-71.58974325743105,63,,A-
SAGT,SAGTEC GLOBAL LIMITED Class A Ordinary shares,Computer Software: Prepackaged Software,120,0.9309999942779541,-65.26119510868284,8,,A+
SAH,Sonic Automotive Inc. Common Stock,Retail-Auto Dealers and Gas Stations,105,94.54000091552734,-0.8078865415908076,82,66,B+
SAIA,Saia Inc. Common Stock,Trucking Freight/Courier Services,6,420.82000732421875,-13.614157188889731,71,,D-
SAIC,Science Applications International Corporation Common Stock,EDP Services,125,112.62000274658203,-5.281444386958222,60,,B-
SAIH,SAIHEAT Limited Class A Ordinary Shares,EDP Services,125,12.5,-14.792093149342012,80,,A-
SAIL,SailPoint Inc. Common Stock,Computer Software: Prepackaged Software,120,13.710000038146973,-41.980530998452245,30,,E
SAM,Boston Beer Company Inc. (The) Common Stock,Beverages (Production/Distribution),97,176.7899932861328,-32.01691921367094,22,,C-
SAMG,Silvercrest Asset Management Group Inc. Class A Common Stock,Investment Managers,73,10.710000038146973,-33.029400097466,21,,A-
SAN,Banco Santander S.A. Sponsored ADR (Spain),Commercial Banks,8,13.869999885559082,-3.4794711480997775,79,87,C-
SANA,Sana Biotechnology Inc. Common Stock,Biotechnology: Biological Products (No Diagnostic Substances),64,3.8499999046325684,-34.966218665274816,49,,A-
SANG,Sangoma Technologies Corporation Common Shares,Computer Software: Programming Data Processing,110,4.050000190734863,-34.677414268906325,30,,E-
SANM,Sanmina Corporation Common Stock,Electrical Products,3,208.7899932861328,-26.149549948840523,91,95,E-
SAP,SAP  SE ADS,Computer Software: Prepackaged Software,120,157.86000061035156,-47.95884541067566,19,,D
SAR,Saratoga Investment Corp New,Investment Managers,73,18.170000076293945,-21.39274831908875,28,,E-
SARO,StandardAero Inc. Common Stock,Aerospace,90,27.93000030517578,-15.670286214026863,43,,C-
SATL,Satellogic Inc. Class A Common Stock,Radio And Television Broadcasting And Communications Equipment,18,4.539999961853027,-57.728118634956374,64,,E-
SB,Safe Bulkers Inc Common Stock ($0.001 par value),Marine Transportation,11,6.900000095367432,-4.969789396591762,85,74,C+
SBAC,SBA Communications Corporation Class A Common Stock,Real Estate Investment Trusts,45,190.02999877929688,-18.733403760260202,36,58,D-
SBC,SBC Medical Group Holdings Incorporated Common Stock,Medical/Nursing Services,32,2.9700000286102295,-47.43362869948618,16,,D+
SBCF,Seacoast Banking Corporation of Florida Common Stock,Major Banks,26,32.91999816894531,-5.026838580908521,52,67,B-
SBET,Sharplink Inc. Common Stock,Computer Software: Prepackaged Software,120,5.510000228881836,-85.25949686614157,11,,B-
SBEV,Splash Beverage Group Inc. (NV) Common Stock,Beverages (Production/Distribution),97,0.1459999978542328,-96.06469012525523,3,,A+
SBFG,SB Financial Group Inc. Common Stock,Major Banks,26,26.270000457763672,0.0,78,,A+
SBFM,Sunshine Biopharma Inc. Common Stock,Biotechnology: Pharmaceutical Preparations,68,2.0899999141693115,-90.50000039013949,2,,A+
SBGI,Sinclair Inc. Class A Common Stock,Broadcasting,95,14.239999771118164,-14.090205122947308,49,41,C+
SBH,Sally Beauty Holdings Inc. (Name to be changed from Sally Holdings Inc.) Common Stock,Other Specialty Stores,117,15.289999961853027,-10.058823753805724,62,56,B-
SBLK,Star Bulk Carriers Corp. Common Shares,Marine Transportation,11,26.350000381469727,-4.840931312869012,81,,D
SBR,Sabine Royalty Trust Common Stock,Oil & Gas Production,43,72.80999755859375,-7.4389905974945325,54,,D-
SBRA,Sabra Health Care REIT Inc. Common Stock,Real Estate Investment Trusts,45,19.6200008392334,-6.8376004901505745,52,,C-
SBS,Companhia de saneamento Basico Do Estado De Sao Paulo - Sabesp American Depositary Shares (Each repstg 250 Common Shares),Water Supply,79,6.059999942779541,-14.430949843220088,68,,C-
SBSI,Southside Bancshares Inc. Common Stock,Major Banks,26,34.349998474121094,-3.538337867548913,62,,C-
SBSW,D/B/A Sibanye-Stillwater Limited ADS,Precious Metals,104,8.550000190734863,-58.34217339380168,20,,E
SBUX,Starbucks Corporation Common Stock,Restaurants,105,106.01000213623047,-0.7582826819957367,69,,C+
SBXD,SilverBox Corp IV Class A Ordinary Shares,,,10.890000343322754,-0.3659648740731103,47,,D
SBXE,SilverBox Corp V Class A Ordinary Shares,,,10.170000076293945,-0.0982340725152242,48,,D+
SCAG,Scage Future American Depositary Shares,Construction/Ag Equipment/Trucks,35,0.4300000071525574,-94.36435123587066,3,,A+
SCCO,Southern Copper Corporation Common Stock,Metal Mining,71,175.8300018310547,-18.428503541960893,77,95,D-
SCHL,Scholastic Corporation Common Stock,Books,4,45.529998779296875,-3.823408042790366,88,43,C
SCHW,Charles Schwab Corporation (The) Common Stock,Investment Bankers/Brokers/Service,84,103.12000274658203,-3.143822070316571,55,92,C-
SCI,Service Corporation International Common Stock,Other Consumer Services,123,77.47000122070312,-11.279741801075371,38,,C-
SCKT,Socket Mobile Inc. Common Stock,Computer Manufacturing,15,0.5400000214576721,-59.39849593733858,11,,B+
SCL,Stepan Company Common Stock,Package Goods/Cosmetics,84,56.56999969482422,-14.559211654366145,60,,C
SCLX,Scilex Holding Company Common Stock,Biotechnology: Biological Products (No Diagnostic Substances),64,9.479999542236328,-49.25040388315968,93,,A
SCM,Stellus Capital Investment Corporation Common Stock,Finance/Investors Services,80,8.319999694824219,-38.0102430533104,23,,E+
SCNI,Scinai Immunotherapeutics Ltd. American Depositary Shares,Biotechnology: Biological Products (No Diagnostic Substances),64,0.25099998712539673,-89.18103472638641,4,,A
SCNX,Scienture Holdings Inc. Common Stock,Other Pharmaceuticals,139,0.3700000047683716,-85.76923006385033,18,,A+
SCOR,comScore Inc. Common Stock,Business Services,92,7.449999809265137,-17.130144616916766,55,,B-
SCPQ,Social Commerce Partners Corporation Class A Ordinary Shares,,,10.0,0.0,45,,D+
SCPQU,Social Commerce Partners Corporation Unit,,,10.25,-1.06177278303623,48,,D+
SCSC,ScanSource Inc. Common Stock,Retail: Computer Software & Peripheral Equipment,15,53.08000183105469,-0.7108066964564119,81,,B-
SCWO,374Water Inc. Common Stock,Metal Fabrications,38,2.0399999618530273,-70.85714340209961,20,,E
SCYX,SCYNEXIS Inc. Common Stock,Biotechnology: Pharmaceutical Preparations,68,4.380000114440918,-53.60169164050881,16,,C
SCZM,Santacruz Silver Mining Ltd. Common Shares,,,6.510000228881836,-59.71534473792486,50,,D-
SD,SandRidge Energy Inc. Common Stock,Oil & Gas Production,43,13.430000305175781,-23.601710468738357,52,56,D-
SDA,SunCar Technology Group Inc. Class A Ordinary Shares,Automotive Aftermarket,129,0.9160000085830688,-67.85964774615799,7,,B+
SDEV,Stablecoin Development Corporation Common Stock,Biotechnology: Pharmaceutical Preparations,68,1.3300000429153442,-98.61169102239299,9,,A+
SDGR,Schrodinger Inc. Common Stock,Biotechnology: Pharmaceutical Preparations,68,16.489999771118164,-28.39774520423579,54,,B
SDHC,Smith Douglas Homes Corp. Class A Common Stock,Homebuilding,49,15.430000305175781,-31.69543957082207,35,,B+
SDOT,Sadot Group Inc. Common Stock,Restaurants,105,23.469999313354492,-93.44413427001271,7,32,A+
SDRL,Seadrill Limited Common Shares,Oil & Gas Production,43,40.4900016784668,-26.11313459456416,58,,D
SDST,Stardust Power Inc. Common Stock,Major Chemicals,54,1.7200000286102295,-75.74047966723359,11,13,B+
SE,Sea Limited American Depositary Shares each representing one Class A Ordinary Share,Other Consumer Services,123,111.13999938964844,-43.44020387295245,37,86,B+
SEAT,Vivid Seats Inc. Class A Common Stock,Services-Misc. Amusement & Recreation,87,6.980000019073486,-81.43616940868334,21,,D+
SEB,Seaboard Corporation Common Stock,Farming/Seeds/Milling,95,4665.5,-21.66781713037732,57,,D-
SEDG,SolarEdge Technologies Inc. Common Stock,Semiconductors,1,55.18000030517578,-29.71596127404569,91,5,B-
SEED,Origin Agritech Limited Common Stock,Farming/Seeds/Milling,95,1.0099999904632568,-49.50000047683716,28,,D
SEER,Seer Inc. Class A Common Stock,Biotechnology: Laboratory Analytical Instruments,52,2.1700000762939453,-8.43881092500377,63,5,A+
SEG,Seaport Entertainment Group Inc. Common Stock,Services-Misc. Amusement & Recreation,87,25.600000381469727,-5.743738861217351,68,,B
SEGG,Sports Entertainment Gaming Global Corporation Common Stock,Computer Software: Prepackaged Software,120,0.7860000133514404,-93.60975608810554,35,,A-
SEI,Solaris Energy Infrastructure Inc. Class A Common Stock,Oil and Gas Field Machinery,35,71.56999969482422,-13.646233027749432,89,98,D-
SEIC,SEI Investments Company Common Stock,Investment Bankers/Brokers/Service,84,95.44999694824219,-0.5107415892170009,65,85,C
SELF,Global Self Storage Inc. Common Stock,Real Estate Investment Trusts,45,5.090000152587891,-7.805358091990944,47,37,D
SENEA,Seneca Foods Corp. Class A Common Stock,Packaged Foods,129,176.69000244140625,-3.962383658780355,85,,B+
SENEB,Seneca Foods Corp. Class B Common Stock,Packaged Foods,129,181.47999572753906,0.0,88,,D
SENS,Senseonics Holdings Inc. Common Stock,Medical/Dental Instruments,117,5.380000114440918,-53.93835638808273,18,,C-
SEPN,Septerna Inc. Common Stock,Biotechnology: Pharmaceutical Preparations,68,35.93000030517578,-5.047568286760384,94,13,B+
SER,Serina Therapeutics Inc. Common Stock,Biotechnology: Pharmaceutical Preparations,68,2.140000104904175,-64.12405615822583,21,,A
SERA,Sera Prognostics Inc. Class A Common Stock,Medical Specialities,34,1.9700000286102295,-47.46666590372721,21,21,A-
SERV,Serve Robotics Inc. Common Stock,Industrial Specialties,84,5.920000076293945,-66.51583725051815,11,,E-
SES,SES AI Corporation Class A Common Stock,Industrial Machinery/Components,68,0.7710000276565552,-78.220337967095,13,21,E
SEV,Aptera Motors Corp. Class B Common Stock,Auto Manufacturing,138,1.809999942779541,-83.30258378873334,6,,E-
SEVN,Seven Hills Realty Trust Common Stock,Real Estate Investment Trusts,45,8.399999618530273,-16.678187062149686,39,54,A-
SEZL,Sezzle Inc. Common Stock,Finance: Consumer Services,112,179.3800048828125,-2.1065272291184045,96,95,A-
SF,Stifel Financial Corporation Common Stock,Investment Bankers/Brokers/Service,84,75.19999694824219,-14.523181627791415,42,,D-
SFBC,Sound Financial Bancorp Inc. Common Stock,Savings Institutions,22,44.13999938964844,-8.010312416549892,42,64,E
SFBS,ServisFirst Bancshares Inc. Common Stock,Major Banks,26,85.3499984741211,-3.928408383196924,57,,C+
SFD,Smithfield Foods Inc. Common Stock,Meat/Poultry/Fish,87,24.670000076293945,-15.579933218116238,46,,D-
SFHG,Samfine Creation Holdings Group Limited Class A Ordinary Share,Publishing,102,2.4800000190734863,-48.601033842295664,24,,B
SFIX,Stitch Fix Inc. Class A Common Stock,Catalog/Specialty Distribution,68,3.559999942779541,-38.936535345329894,36,,B+
SFL,SFL Corporation Ltd,Marine Transportation,11,11.109999656677246,-11.591715498095756,77,,D-
SFM,Sprouts Farmers Market Inc. Common Stock,Food Chains,55,80.86000061035156,-52.325923990700964,33,,C-
SFNC,Simmons First National Corporation Class A Common Stock,Major Banks,26,22.860000610351562,-1.550382057056665,67,82,C
SFST,Southern First Bancshares Inc. Common Stock,Major Banks,26,60.7400016784668,-2.8004479964720885,73,,C-
SFWL,Shengfeng Development Limited Class A Ordinary Shares,Trucking Freight/Courier Services,6,0.7099999785423279,-43.20000171661377,18,,A+
SG,Sweetgreen Inc. Class A Common Stock,Restaurants,105,8.359999656677246,-48.58548869004448,67,,C+
SGA,Saga Communications Inc. Class A Common Stock (FL),Broadcasting,95,9.010000228881836,-28.615176725921366,23,,E
SGC,Superior Group of Companies Inc. Common Stock,Apparel,40,13.039999961853027,-6.051874248285804,79,,E
SGHC,Super Group (SGHC) Limited Ordinary Shares,Services-Misc. Amusement & Recreation,87,14.890000343322754,-3.997420221855019,81,46,B
SGHT,Sight Sciences Inc. Common Stock,Medical/Dental Instruments,117,5.320000171661377,-41.21546895537257,83,,B
SGI,Somnigroup International Inc. Common Stock,Home Furnishings,40,73.55000305175781,-24.597093869807317,35,,C-
SGLY,Singularity Future Technology Ltd. Common Stock,Integrated Freight & Logistics,141,0.30000001192092896,-78.41726510731195,9,,E+
SGML,Sigma Lithium Corporation Common Shares,Metal Mining,71,11.90999984741211,-49.640591799078194,76,,E
SGMT,Sagimet Biosciences Inc. Series A Common Stock,Biotechnology: Pharmaceutical Preparations,68,7.369999885559082,-28.02734325887285,64,5,A
SGP,SpyGlass Pharma Inc. Common Stock,Medical/Dental Instruments,117,22.520000457763672,-24.123988456170952,36,,A+
SGRP,SPAR Group Inc. Common Stock,Business Services,92,0.8700000047683716,-33.587782994675806,67,,B+
SGRY,Surgery Partners Inc. Common Stock,Hospital/Nursing Management,49,16.399999618530273,-31.20805573170261,48,,B
SGU,Star Group L.P. Common Stock,Other Specialty Stores,117,12.859999656677246,-4.3866182970609735,58,,D+
SHAK,Shake Shack Inc. Class A Common Stock,Restaurants,105,58.599998474121094,-58.741111752608866,12,,E
SHAZ,SharonAI Holdings Inc. Class A Common Stock,EDP Services,125,74.62000274658203,-19.50377000740883,97,,B+
SHBI,Shore Bancshares Inc Common Stock,Major Banks,26,22.639999389648438,-3.24786427893784,78,,C+
SHC,Sotera Health Company Common Stock,Misc Health and Biotechnology Services,13,18.420000076293945,-4.8062030327729826,73,,B-
SHEL,Shell PLC American Depositary Shares (each representing two (2) Ordinary Shares),Oil & Gas Production,43,82.2300033569336,-11.868648110871948,53,,D-
SHEN,Shenandoah Telecommunications Co Common Stock,Telecommunications Equipment,74,12.710000038146973,-25.672516054911565,35,5,E
SHFS,SHF Holdings Inc. Class A Common Stock,Finance: Consumer Services,112,0.2070000022649765,-97.20647764470239,2,,A+
SHG,Shinhan Financial Group Co Ltd American Depositary Shares,Major Banks,26,73.27999877929688,0.0,79,,C-
SHIM,Shimmick Corporation Common Stock,Military/Government/Technical,91,3.7699999809265137,-43.47826180204123,78,,C
SHIP,Seanergy Maritime Holdings Corp. Common Stock,Marine Transportation,11,14.960000038146973,-9.026816932578097,91,,C-
SHLS,Shoals Technologies Group Inc. Class A Common Stock,Semiconductors,1,10.020000457763672,-21.53484652640012,84,,C+
SHMD,SCHMID Group N.V. Class A Ordinary Shares,Industrial Machinery/Components,68,4.449999809265137,-57.293668170030784,51,,E+
SHO,Sunstone Hotel Investors Inc. Sunstone Hotel Investors Inc. Common Shares,Hotels/Resorts,35,11.220000267028809,-5.14028969848942,75,,C
SHOE,Shoe Station Group Inc. Common Stock,Clothing/Shoe/Accessory Stores,92,15.359999656677246,-38.45712158134222,26,,D
SHOO,Steven Madden Ltd. Common Stock,Shoe Manufacturing,80,42.0099983215332,-8.97075420902027,74,,B-
SHOP,Shopify Inc. Class A Subordinate Voting Shares,Computer Software: Prepackaged Software,120,122.54000091552734,-31.54572109053506,38,,C
SHPH,Shuttle Pharmaceuticals Holdings Inc. Common Stock,Biotechnology: Pharmaceutical Preparations,68,2.9200000762939453,-93.86554586155822,2,,A+
SHW,Sherwin-Williams Company (The) Common Stock,RETAIL: Building Materials,109,333.989990234375,-10.353467941214035,43,,C+
SI,Shoulder Innovations Inc. Common Stock,Medical/Dental Instruments,117,20.15999984741211,-11.540153411417176,85,21,A
SIBN,SI-BONE Inc. Common Stock,Medical/Dental Instruments,117,17.559999465942383,-17.943926266535215,58,,B-
SID,Companhia Siderurgica Nacional S.A. Common Stock,Steel/Iron Ore,66,1.0099999904632568,-52.35848844412075,15,,E-
SIDU,Sidus Space Inc. Class A Common Stock,Telecommunications Equipment,74,2.1600000858306885,-65.16128786644744,39,,E+
SIEB,Siebert Financial Corp. Common Stock,Investment Bankers/Brokers/Service,84,1.690000057220459,-60.32863928591736,15,,E-
SIF,SIFCO Industries Inc. Common Stock,Aerospace,90,22.020000457763672,-14.352387234963103,98,60,B+
SIFY,Sify Technologies Limited American Depositary Shares,Computer Software: Programming Data Processing,110,15.770000457763672,-9.106627602115436,90,45,D-
SIG,Signet Jewelers Limited Common Shares,Consumer Specialties,30,84.31999969482422,-20.142340685393446,37,,C-
SIGA,SIGA Technologies Inc. Common Stock,Biotechnology: Pharmaceutical Preparations,68,3.5899999141693115,-57.19133887127554,15,5,E
SIGI,Selective Insurance Group Inc. Common Stock,Property-Casualty Insurers,46,95.93000030517578,-4.213680635454276,66,,B-
SII,Sprott Inc. Common Shares,Finance: Consumer Services,112,107.95999908447266,-34.918749464192224,54,,E
SILC,Silicom Ltd Ordinary Shares,Computer Communications Equipment,7,44.16999816894531,-13.358182492035942,97,5,B+
SILO,Silo Pharma Inc. Common Stock,Apparel,40,5.699999809265137,-53.37423614395122,23,,E-
SIM,Grupo Simec S.A.B. de C.V. American Depositary Shares,Steel/Iron Ore,66,29.84000015258789,-13.129544459604524,50,,B+
SIMO,Silicon Motion Technology Corporation American Depositary Shares,Semiconductors,1,326.3500061035156,-3.131489458029002,98,87,A-
SINT,SiNtx Technologies Inc. Common Stock,Medical/Dental Instruments,117,1.7200000286102295,-68.78402981556182,10,,C-
SION,Sionna Therapeutics Inc. Common Stock,Biotechnology: Pharmaceutical Preparations,68,45.290000915527344,-1.4363434960907084,86,13,B-
SIRI,SiriusXM Holdings Inc. Common Stock,Broadcasting,95,30.420000076293945,-1.0731704835969302,83,,B-
SITC,SITE Centers Corp. Common Stock,Real Estate Investment Trusts,45,4.289999961853027,-40.168869261987695,19,54,E
SITE,SiteOne Landscape Supply Inc. Common Stock,Professional and commerical equipment,,106.94999694824219,-34.48698502404767,25,,E+
SITM,SiTime Corporation Common Stock,Semiconductors,1,628.9400024414062,-30.23250476240513,95,,D
SJ,Scienjoy Holding Corporation Class A Ordinary Shares,EDP Services,125,1.059999942779541,-33.333338331626294,71,,B+
SJM,The J.M. Smucker Company Common Stock,Packaged Foods,129,111.5999984741211,-4.6561336484774,66,64,B
SJT,San Juan Basin Royalty Trust Common Stock,Oil & Gas Production,43,2.7200000286102295,-57.959812723121296,9,,E-
SKE,Skeena Resources Limited Common Shares,Precious Metals,104,27.239999771118164,-28.541446656931114,72,,E
SKIL,Skillsoft Corp. Class A Common Stock,Computer Software: Prepackaged Software,120,7.119999885559082,-60.24567310876956,50,,C-
SKIN,SkinHealth Systems Inc. Class A Common Stock,Medical/Dental Instruments,117,0.9100000262260437,-65.39924005214385,18,,A+
SKK,SKK Holdings Limited Class A Ordinary Shares,Water Sewer Pipeline Comm & Power Line Construction,1,4.730000019073486,-61.19770154311395,86,,A
SKM,SK Telecom Co. Ltd. Common Stock,Telecommunications Equipment,74,33.22999954223633,-27.760870560355812,79,,D-
SKT,Tanger Inc. Common Stock,Real Estate Investment Trusts,45,39.630001068115234,-3.5766361571313743,69,,C-
SKWD,Skyward Specialty Insurance Group Inc. Common Stock,Property-Casualty Insurers,46,59.34000015258789,-4.919083003252911,75,,A-
SKY,Champion Homes Inc. Common Stock,Homebuilding,49,81.2300033569336,-16.65298161297113,56,,B
SKYA,SkyAI Inc. Common Stock,Medical/Dental Instruments,117,1.159999966621399,-92.7635688276184,7,,D-
SKYE,Skye Bioscience Inc. Common Stock,Biotechnology: Pharmaceutical Preparations,68,0.6899999976158142,-85.47368426071971,13,,E+
SKYH,Sky Harbour Group Corporation Class A Common Stock,Real Estate,87,9.880000114440918,-9.936190757113938,41,,D+
SKYQ,Sky Quarry Inc. Common Stock,Environmental Services,80,3.180000066757202,-74.74185839383371,11,,A+
SKYT,SkyWater Technology Inc. Common Stock,Semiconductors,1,32.540000915527344,-18.466547131201406,92,5,C-
SKYW,SkyWest Inc. Common Stock,Air Freight/Delivery Services,9,99.72000122070312,-19.398641903653548,46,66,C+
SKYX,SKYX Platforms Corp. Common Stock,Building Products,61,1.2699999809265137,-59.42492222070217,48,5,E+
SLAB,Silicon Laboratories Inc. Common Stock,Semiconductors,1,218.6300048828125,-0.7760694760364117,83,74,D
SLAI,SOLAI Limited American Depositary Shares (each representing seven hundred (700) Class A Ordinary Shares),EDP Services,125,3.4600000381469727,-44.63999938964843,98,,E
SLB,SLB Limited Common Shares,Oilfield Services/Equipment,18,47.7599983215332,-17.669367861703968,64,,E
SLBT,SL Science Holding Limited Ordinary Shares,Biotechnology: Biological Products (No Diagnostic Substances),64,4.730000019073486,-63.081486749346226,10,,A+
SLDB,Solid Biosciences Inc. Common Stock,Biotechnology: Biological Products (No Diagnostic Substances),64,10.420000076293945,-6.5470813202821665,91,,A
SLDE,Slide Insurance Holdings Inc. Common Stock,Property-Casualty Insurers,46,21.239999771118164,-0.047059900620405326,70,,B+
SLDP,Solid Power Inc. Class A Common Stock,Industrial Machinery/Components,68,2.319999933242798,-72.73795686433687,15,,E+
SLE,Super League Enterprise Inc. Common Stock,Services-Misc. Amusement & Recreation,87,2.9149999618530273,-97.14551519442591,6,,A+
SLF,Sun Life Financial Inc. Common Stock,Life Insurance,28,79.91000366210938,-0.4732809180283404,78,,C-
SLG,SL Green Realty Corp Common Stock,Real Estate Investment Trusts,45,48.68000030517578,-22.542112044094985,54,,B-
SLGB,Smart Logistics Global Limited Class A Ordinary Shares,Integrated Freight & Logistics,141,0.628000020980835,-88.106060681319,6,,A+
SLGL,Sol-Gel Technologies Ltd. Ordinary Shares,Biotechnology: Pharmaceutical Preparations,68,73.94999694824219,-24.517713558408126,98,,C-
SLGN,Silgan Holdings Inc. Common Stock,Containers/Packaging,48,44.97999954223633,-18.09211607137089,49,43,B-
SLI,Standard Lithium Ltd. Common Shares,Major Chemicals,54,2.4600000381469727,-56.46017705089979,18,,E-
SLM,SLM Corporation Common Stock,Finance: Consumer Services,112,24.959999084472656,-24.368648732997546,43,57,C
SLMT,Brera Holdings PLC Class B Ordinary Shares,Services-Misc. Amusement & Recreation,87,4.889999866485596,-98.39144741234026,4,,C+
SLN,Silence Therapeutics Plc American Depository Share,Biotechnology: Pharmaceutical Preparations,68,9.09000015258789,-17.213109912967226,90,11,A
SLND,Southland Holdings Inc. Common Stock,Military/Government/Technical,91,0.6759999990463257,-85.9459457985838,5,,A
SLNG,Stabilis Solutions Inc. Common Stock,Oil/Gas Transmission,61,3.9700000286102295,-32.25256078229284,37,,A-
SLNH,Soluna Holdings Inc. Common Stock,EDP Services,125,1.2599999904632568,-71.49321337750443,77,,C+
SLP,Simulations Plus Inc. Common Stock,EDP Services,125,18.239999771118164,-12.476009416664336,69,51,B+
SLQT,SelectQuote Inc. Common Stock,Specialty Insurers,105,0.7699999809265137,-71.3754660019545,17,,E-
SLRC,SLR Investment Corp. Common Stock,Finance/Investors Services,80,12.970000267028809,-17.614066396853346,33,57,C-
SLS,SELLAS Life Sciences Group Inc. Common Stock,Biotechnology: Pharmaceutical Preparations,68,12.760000228881836,-17.41100073522427,99,5,A
SLSN,Solesence Inc. Common Stock,Package Goods/Cosmetics,84,0.6800000071525574,-84.82142847639565,6,,E-
SLSR,Solaris Resources Inc. Common Shares,,,7.949999809265137,-28.571431019572092,57,,D
SLVM,Sylvamo Corporation Common Stock,Paper,120,39.18000030517578,-26.80833433337505,32,29,D-
SLXN,Silexion Therapeutics Corp Ordinary Shares,Biotechnology: Biological Products (No Diagnostic Substances),64,2.5899999141693115,-98.26639891567609,2,,A+
SM,SM Energy Company Common Stock,Oil & Gas Production,43,27.809999465942383,-19.55974717160257,65,,D-
SMA,SmartStop Self Storage REIT Inc. Common Stock,Real Estate Investment Trusts,45,32.9900016784668,-11.845140516595142,47,,C+
SMBC,Southern Missouri Bancorp Inc. Common Stock,Banks,27,74.41999816894531,-4.319877427467778,76,,B-
SMBK,SmartFinancial Inc. Common Stock,Major Banks,26,46.4900016784668,-3.467604182384665,73,,B
SMC,Summit Midstream Corporation Common Stock,Natural Gas Distribution,24,30.40999984741211,-6.80355852906307,70,,C+
SMCI,Super Micro Computer Inc. Common Stock,Computer Manufacturing,15,28.309999465942383,-53.368473245154405,32,,B-
SMFG,Sumitomo Mitsui Financial Group Inc Unsponsored American Depositary Shares (Japan),Commercial Banks,8,25.739999771118164,0.0,85,,B-
SMG,Scotts Miracle-Gro Company (The) Common Stock,Agricultural Chemicals,134,65.4800033569336,-6.336718742838232,56,33,D+
SMHI,SEACOR Marine Holdings Inc. Common Stock,Marine Transportation,11,7.800000190734863,-3.9408829967266135,70,5,B
SMID,Smith-Midland Corporation Common Stock,Building Materials,38,29.969999313354492,-30.68918096670812,36,,E
SMJF,SMJ International Holdings Inc. Class A Ordinary Shares,RETAIL: Building Materials,109,5.409999847412109,-2.522528621827247,80,,B+
SMMT,Summit Therapeutics Inc. Common Stock,Biotechnology: Pharmaceutical Preparations,68,15.25,-47.98772115031078,19,,E+
SMP,Standard Motor Products Inc. Common Stock,Auto Parts:O.E.M.,64,37.470001220703125,-15.652111338633222,48,,C
SMPL,The Simply Good Foods Company Common Stock,Packaged Foods,129,12.770000457763672,-62.4963267433363,20,,D+
SMR,NuScale Power Corporation Class A Common Stock,Metal Fabrications,38,9.039999961853027,-83.08066646037933,11,,D
SMRT,SmartRent Inc. Class A Common Stock,EDP Services,125,1.0299999713897705,-51.41509306647245,21,,A
SMSI,Smith Micro Software Inc. Common Stock,Computer Software: Prepackaged Software,120,2.680000066757202,-52.56637130051382,20,,A+
SMTC,Semtech Corporation Common Stock,Semiconductors,1,136.1300048828125,-22.091221764187818,95,48,E+
SMTI,Sanara MedTech Inc. Common Stock,Industrial Specialties,84,23.81999969482422,-33.37063022426791,55,,B
SMTK,SmartKem Inc. Common Stock,Semiconductors,1,0.2160000056028366,-92.36749076233289,5,,A+
SMWB,Similarweb Ltd. Ordinary Shares,Computer Software: Programming Data Processing,110,6.659999847412109,-35.96153757981292,89,,A
SMX,SMX (Security Matters) Public Limited Company Ordinary Shares,Industrial Machinery/Components,68,15.649999618530273,-99.57974389963073,7,,E
SMXT,Solarmax Technology Inc. Common Stock,Engineering & Construction,30,0.3790000081062317,-77.168673751385,10,,A+
SN,SharkNinja Inc. Ordinary Shares,Consumer Electronics/Appliances,119,152.64999389648438,0.0,85,89,B+
SNA,Snap-On Incorporated Common Stock,Industrial Machinery/Components,68,401.94000244140625,-2.8238462389788666,66,,C-
SNAL,Snail Inc. Class A Common Stock,Computer Software: Prepackaged Software,120,4.940000057220459,0.0,99,,A
SNAP,Snap Inc. Class A Common Stock,Computer Software: Programming Data Processing,110,4.679999828338623,-54.782612020792484,17,,E
SND,Smart Sand Inc. Common Stock,Mining & Quarrying of Nonmetallic Minerals (No Fuels),67,4.800000190734863,-17.52577235122906,91,41,A-
SNDA,Sonida Senior Living Inc. Common Stock,Hospital/Nursing Management,49,40.470001220703125,-4.122240941743128,83,21,B
SNDK,Sandisk Corporation Common Stock,Electronic Components,5,1915.9200439453125,-17.947749723969487,99,62,B
SNDL,SNDL Inc. Common Shares,Medicinal Chemicals and Botanical Products,135,1.309999942779541,-53.463590900490445,25,,E+
SNDR,Schneider National Inc. Common Stock,Trucking Freight/Courier Services,6,36.400001525878906,-5.841678146129281,85,41,C+
SNDX,Syndax Pharmaceuticals Inc. Common Stock,Biotechnology: Pharmaceutical Preparations,68,23.610000610351562,-6.123256586628556,84,21,B+
SNES,SenesTech Inc. Common Stock,Agricultural Chemicals,134,1.399999976158142,-77.23577309839864,12,,B-
SNEX,StoneX Group Inc. Common Stock,Investment Bankers/Brokers/Service,84,117.72000122070312,-15.315440707456373,90,86,D-
SNFCA,Security National Financial Corporation Class A Common Stock,Finance: Consumer Services,112,9.60200023651123,0.0,59,,B
SNGX,Soligenix Inc. Common Stock,Biotechnology: Pharmaceutical Preparations,68,0.36000001430511475,-92.7419352512826,3,,A+
SNN,Smith & Nephew SNATS Inc. Common Stock,Industrial Specialties,84,30.700000762939453,-18.80067503484949,36,,D-
SNOA,Sonoma Pharmaceuticals Inc. Common Stock,Biotechnology: Pharmaceutical Preparations,68,1.2599999904632568,-76.44859788927805,6,,E
SNOW,Snowflake Inc. Common Stock,Computer Software: Prepackaged Software,120,261.45001220703125,-6.678323533163411,87,91,A-
SNPS,Synopsys Inc. Common Stock,Computer Software: Prepackaged Software,120,445.5,-30.967689338561787,39,81,D-
SNT,Senstar Technologies Corporation Common Shares,Telecommunications Equipment,74,1.809999942779541,-65.84905891241905,8,,E-
SNTG,Sentage Holdings Inc. Class A Ordinary Shares,Finance: Consumer Services,112,2.0199999809265137,-70.33773865052282,35,,A+
SNTI,Senti Biosciences Holdings Inc. Common Stock,Biotechnology: Biological Products (No Diagnostic Substances),64,1.0299999713897705,-56.903768779078455,29,,B+
SNWV,SANUWAVE Health Inc. Common Stock,Medical/Dental Instruments,117,11.680000305175781,-74.04444376627603,8,,A-
SNX,TD SYNNEX Corporation Common Stock,Retail: Computer Software & Peripheral Equipment,15,251.52000427246094,-13.310818372561407,88,92,D
SNY,Sanofi ADS,Biotechnology: Pharmaceutical Preparations,68,43.5,-12.278880085012823,38,36,D-
SNYR,Synergy CHC Corp. Common Stock,Other Pharmaceuticals,139,0.20600000023841858,-94.81108315481467,2,13,A+
SO,Southern Company (The) Common Stock,Electric Utilities: Central,55,95.61000061035156,-2.732688237307579,50,,D+
SOAR,Volato Group Inc. Class A Common Stock,Transportation Services,105,0.15000000596046448,-95.79850735952499,4,,A+
SOBO,South Bow Corporation Common Shares,Natural Gas Distribution,24,36.119998931884766,-4.058521960883499,77,,C
SOBR,SOBR Safe Inc. Common Stock,Newspapers/Magazines,47,0.4339999854564667,-90.82452465737032,6,,A
SOC,Sable Offshore Corp. Common Stock,Oil & Gas Production,43,3.9200000762939453,-87.63016721290025,4,,E-
SOFI,SoFi Technologies Inc. Common Stock,Finance: Consumer Services,112,18.780000686645508,-41.69512194833093,35,,C+
SOGP,Sound Group Inc. American Depositary Shares,Computer Software: Programming Data Processing,110,10.100000381469727,-67.93692607722008,38,,E-
SOHU,Sohu.com Limited American Depositary Shares,EDP Services,125,12.84000015258789,-25.4355362103285,28,32,E+
SOLS,Solstice Advanced Materials Inc. Common Stock,Aerospace,90,61.29999923706055,-30.81264075307464,50,,E-
SOLV,Solventum Corporation Common Stock,Medical/Dental Instruments,117,76.69999694824219,-10.958907021469832,54,,D+
SON,Sonoco Products Company Common Stock,Containers/Packaging,48,55.88999938964844,-2.6645747615581583,68,,D
SONM,DNA X Inc. Common Stock,Telecommunications Equipment,74,4.050000190734863,-75.98719093085425,33,,B+
SONO,Sonos Inc. Common Stock,Consumer Electronics/Appliances,119,14.5,-24.32150252882973,52,36,D
SONY,Sony Group Corporation American Depositary Shares,Consumer Electronics/Appliances,119,20.850000381469727,-31.09715722483928,29,,D+
SOPH,SOPHiA GENETICS SA Ordinary Shares,Biotechnology: Biological Products (No Diagnostic Substances),64,5.650000095367432,-5.518393355409779,78,,A-
SOR,Source Capital Inc. Cmn Shs of BI,Investment Managers,73,45.95000076293945,-4.948652380458629,50,,C-
SORA,AsiaStrategy Ordinary Shares,Other Specialty Stores,117,1.899999976158142,-75.29258827021525,15,,A+
SOS,SOS Limited Class A Ordinary Shares,Finance: Consumer Services,112,1.0199999809265137,-88.07017592781075,14,,B
SOTK,Sono-Tek Corporation Common Stock,Industrial Machinery/Components,68,5.539999961853027,-9.477123113590869,83,,A-
SOUN,SoundHound AI Inc Class A Common Stock,Computer Software: Prepackaged Software,120,6.639999866485596,-68.97196268762539,17,,D-
SOWG,Sow Good Inc. Common Stock,Packaged Foods,129,3.9100000858306885,-83.18279532976047,9,,E-
SPAI,Safe Pro Group Inc. Common Stock,Industrial Specialties,84,3.819999933242798,-57.31843559048691,38,,D
SPB,Spectrum Brands Holdings Inc. Common Stock,Industrial Machinery/Components,68,83.30999755859375,-4.777689344197322,80,98,C-
SPCB,SuperCom Ltd. Ordinary Shares (Israel),Semiconductors,1,12.149999618530273,-7.8148760454962,80,,A
SPCE,Virgin Galactic Holdings Inc. Common Stock,Transportation Services,105,2.569999933242798,-65.82446888615341,25,5,A-
SPFI,South Plains Financial Inc. Common Stock,Major Banks,26,42.459999084472656,-4.379389287991753,53,57,C-
SPG,Simon Property Group Inc. Common Stock,Real Estate Investment Trusts,45,218.77000427246094,-3.8627146161176684,73,,C-
SPGI,S&P Global Inc. Common Stock,Finance: Consumer Services,112,430.5,-18.664322685284752,40,80,B-
SPH,Suburban Propane Partners L.P. Common Stock,Other Specialty Stores,117,17.829999923706055,-12.769082887266647,41,,E-
SPHL,Springview Holdings Ltd Class A Ordinary Shares,Homebuilding,49,3.180000066757202,-81.73463472356153,59,,A+
SPHR,Sphere Entertainment Co. Class A Common Stock,Services-Misc. Amusement & Recreation,87,148.1999969482422,-14.350113856687841,95,96,C+
SPIR,Spire Global Inc. Class A Common Stock,Telecommunications Equipment,74,14.699999809265137,-42.307692019781925,58,,D+
SPMC,Sound Point Meridian Capital Inc. Common Stock,,,10.300000190734863,-32.901320206585495,28,,E+
SPNT,SiriusPoint Ltd. Common Shares,Property-Casualty Insurers,46,24.649999618530273,0.0,71,93,B-
SPOK,Spok Holdings Inc. Common Stock,Telecommunications Equipment,74,10.420000076293945,-38.805758827023595,25,,D+
SPOT,Spotify Technology S.A. Ordinary Shares,Broadcasting,95,479.7699890136719,-35.0371724937926,26,97,C
SPPL,SIMPPLE LTD. Ordinary Shares,Diversified Commercial Services,111,3.640000104904175,-45.01510320499402,82,,B+
SPRB,Spruce Biosciences Inc. Common Stock,Biotechnology: Pharmaceutical Preparations,68,50.06999969482422,-92.82150542009688,9,5,B-
SPRC,SciSparc Ltd. Ordinary Shares,Biotechnology: Pharmaceutical Preparations,68,4.699999809265137,-93.62366046989246,19,,A+
SPRO,Spero Therapeutics Inc. Common Stock,Biotechnology: Pharmaceutical Preparations,68,2.0999999046325684,-29.530204993573093,23,,E
SPRU,Spruce Power Holding Corporation Class A Common Stock,Auto Parts:O.E.M.,64,2.4000000953674316,-62.84829595673094,22,,E
SPRY,ARS Pharmaceuticals Inc. Common Stock,Biotechnology: Pharmaceutical Preparations,68,7.940000057220459,-56.73024581929458,21,,E+
SPSC,SPS Commerce Inc. Common Stock,Computer Software: Prepackaged Software,120,60.849998474121094,-57.298246684827305,23,,B
SPT,Sprout Social Inc Class A Common Stock,Computer Software: Prepackaged Software,120,8.279999732971191,-58.0759507191332,43,21,A-
SPWH,Sportsman's Warehouse Holdings Inc. Common Stock,Other Specialty Stores,117,1.2200000286102295,-67.5531906461543,15,,D-
SPWR,SunPower Inc. Common Stock,Semiconductors,1,0.640999972820282,-69.62085285832818,7,,E-
SPXC,SPX Technologies Inc. Common Stock,Industrial Machinery/Components,68,219.8699951171875,-10.770670082581123,60,,E-
SQFT,Presidio Property Trust Inc. Class A Common Stock,Real Estate Investment Trusts,45,2.2699999809265137,-83.30882413783286,13,,A
SQM,Sociedad Quimica y Minera S.A. Common Stock,Mining & Quarrying of Nonmetallic Minerals (No Fuels),67,73.19000244140625,-22.65665796713031,78,,D-
SQNS,Sequans Communications S.A. American Depositary Shares (each representing one hundred (100) Ordinary Shares),Semiconductors,1,3.190000057220459,-94.0816327144465,19,,B
SR,Spire Inc. Common Stock,Oil/Gas Transmission,61,80.7300033569336,-14.309850253804225,40,,D+
SRAD,Sportradar Group AG Class A Ordinary Shares,Computer Software: Programming Data Processing,110,15.449999809265137,-51.39981326103449,22,,C
SRBK,SR Bancorp Inc. Common stock,Banks,27,18.93000030517578,-5.820895791487512,69,,C
SRCE,1st Source Corporation Common Stock,Major Banks,26,81.44000244140625,-2.2446227007416386,74,,C
SRE,DBA Sempra Common Stock,Natural Gas Distribution,24,94.19999694824219,-4.889013783063289,54,54,D
SRFM,Surf Air Mobility Inc. Common Stock,Transportation Services,105,0.9290000200271606,-89.44318181941333,7,,A
SRG,Seritage Growth Properties Class A Common Stock,Real Estate,87,2.609999895095825,-41.74107401821837,28,,E
SRI,Stoneridge Inc. Common Stock,Auto Parts:O.E.M.,64,7.159999847412109,-21.91930438559143,65,,A-
SRL,Scully Royalty Ltd.,Commercial Banks,8,5.070000171661377,-50.0,20,,E-
SRPT,Sarepta Therapeutics Inc. Common Stock (DE),Biotechnology: Pharmaceutical Preparations,68,18.950000762939453,-22.4948868236304,29,60,B+
SRRK,Scholar Rock Holding Corporation Common Stock,Biotechnology: Biological Products (No Diagnostic Substances),64,56.709999084472656,-2.122885004124464,80,,B+
SRTA,Strata Critical Medical Inc. Class A Common Stock,Transportation Services,105,5.110000133514404,-21.020088110960522,62,99,C-
SRTS,Sensus Healthcare Inc. Common Stock,Medical/Dental Instruments,117,3.049999952316284,-46.01770087018138,18,,E
SRXH,SRX Global Inc. Common Stock,Beverages (Production/Distribution),97,2.200000047683716,-13.04347539279933,99,13,D-
SRZN,Surrozen Inc. Common Stock,Biotechnology: Biological Products (No Diagnostic Substances),64,23.190000534057617,-32.05391207642807,87,,C+
SSB,SouthState Bank Corporation Common Stock,Major Banks,26,99.68000030517578,-6.976344973485748,48,85,D+
SSBI,Summit State Bank Common Stock,Major Banks,26,13.4399995803833,-4.000002997262142,57,,D+
SSD,Simpson Manufacturing Company Inc. Common Stock,Industrial Machinery/Components,68,188.8000030517578,-9.988164719690673,60,67,C-
SSII,SS Innovations International Inc. Common Stock,Medical/Dental Instruments,117,3.7899999618530273,-62.02404673654163,19,,B
SSL,Sasol Ltd. American Depositary Shares,Oil & Gas Production,43,10.470000267028809,-26.73197834164912,86,,E
SSM,Sono Group N.V. Ordinary Shares,Auto Manufacturing,138,4.150000095367432,-71.31997222678994,11,,E-
SSNC,SS&C Technologies Holdings Inc. Common Stock,Computer Software: Prepackaged Software,120,66.62000274658203,-25.252782834675692,28,55,D
SSP,E.W. Scripps Company (The) Class A Common Stock,Broadcasting,95,3.0199999809265137,-41.472866855972256,44,,D
SSRM,SSR Mining Inc. Common Stock,Precious Metals,104,28.579999923706055,-20.03357979435858,80,92,C-
SST,System1 Inc. Class A Common Stock,Computer Software: Programming Data Processing,110,2.6600000858306885,-70.17937149014178,17,,A
SSTI,SoundThinking Inc. Common Stock,Computer Software: Prepackaged Software,120,8.649999618530273,-37.635186085788476,41,5,C+
SSTK,Shutterstock Inc. Common Stock,EDP Services,125,8.489999771118164,-65.7031236997683,8,,E-
SSYS,Stratasys Ltd. Ordinary Shares (Israel),Computer peripheral equipment,52,8.550000190734863,-31.27009261143865,30,21,C
ST,Sensata Technologies Holding plc Ordinary Shares,Industrial Machinery/Components,68,45.31999969482422,-15.368813556472583,81,79,D+
STAA,STAAR Surgical Company Common Stock,Ophthalmic Goods,115,27.760000228881836,-16.736652364031045,73,83,B-
STAG,Stag Industrial Inc. Common Stock,Real Estate Investment Trusts,45,38.97999954223633,-1.3033795162825101,55,,C-
STAK,STAK Inc. Class A Ordinary Shares,Oil and Gas Field Machinery,35,3.369999885559082,-58.49753777026009,99,,A+
STBA,S&T Bancorp Inc. Common Stock,Major Banks,26,48.75,-2.343746417989967,72,,C-
STC,Stewart Information Services Corporation Common Stock,Specialty Insurers,105,68.45999908447266,-9.184582168308308,51,77,B+
STE,STERIS plc (Ireland) Ordinary Shares,Industrial Specialties,84,216.0,-19.153656287490406,35,,C-
STEM,Stem Inc. Class A Common Stock,Industrial Machinery/Components,68,6.960000038146973,-76.63645577627615,12,,E
STEP,StepStone Group Inc. Class A Common Stock,Investment Managers,73,42.959999084472656,-42.25639118762968,23,,D
STEX,Streamex Corp. Common Stock,Biotechnology: Electromedical & Electrotherapeutic Apparatus,76,0.9179999828338623,-86.88571453094482,7,,E
STFS,Star Fashion Culture Holdings Limited Class A Ordinary Shares,Advertising,97,18.290000915527344,-80.78781354849082,98,,A+
STG,Sunlands Technology Group American Depositary Shares representing Class A ordinary shares,Other Consumer Services,123,3.9700000286102295,-71.54121804379176,23,,A+
STGW,Stagwell Inc. Class A Common Stock,Advertising,97,7.809999942779541,0.0,86,,B+
STHO,Star Holdings Shares of Beneficial Interest,Real Estate,87,9.0600004196167,-1.8418107372781045,61,,D+
STI,Solidion Technology Inc. Common Stock,Industrial Machinery/Components,68,8.229999542236328,-76.95968851908587,83,,A+
STIM,Neuronetics Inc. Common Stock,Medical/Dental Instruments,117,1.7599999904632568,-62.231758624613306,35,,B
STKE,Sol Strategies Inc. Common Shares,,,1.3899999856948853,-88.89066515048304,24,,A+
STKH,Steakholder Foods Ltd. American Depositary Shares,Packaged Foods,129,0.6069999933242798,-97.47083336114883,3,,E-
STKS,The ONE Group Hospitality Inc. Common Stock,Restaurants,105,2.005000114440918,-57.521182127859646,33,,C+
STLA,Stellantis N.V. Common Shares,Auto Manufacturing,138,5.5,-54.6204616177165,12,,E
STLD,Steel Dynamics Inc.,Steel/Iron Ore,66,228.4199981689453,-19.03450522115062,85,69,E
STM,STMicroelectronics N.V. Common Stock,Semiconductors,1,71.45999908447266,-10.47356632712898,96,35,C+
STN,Stantec Inc Common Stock,Military/Government/Technical,91,69.25,-38.81473199675439,18,,E+
STNE,StoneCo Ltd. Class A Common Shares,EDP Services,125,11.210000038146973,-30.26973358251738,32,87,D
STNG,Scorpio Tankers Inc. Common Shares,Marine Transportation,11,79.31999969482422,-7.871885536967705,84,,D
STOK,Stoke Therapeutics Inc. Common Stock,Biotechnology: Pharmaceutical Preparations,68,31.3799991607666,-18.174705581951734,78,,B
STRA,Strategic Education Inc. Common Stock,Other Consumer Services,123,84.18000030517578,-0.9992634371134179,52,74,C-
STRL,Sterling Infrastructure Inc. Common Stock,Military/Government/Technical,91,682.2899780273438,-31.341197422635204,96,97,E-
STRO,Sutro Biopharma Inc. Common Stock,Biotechnology: Biological Products (No Diagnostic Substances),64,29.729999542236328,-27.32828244164124,97,5,B
STRR,Star Equity Holdings Inc. Common Stock,Professional Services,97,11.25,-4.741747669090046,63,,C+
STRS,Stratus Properties Inc. Common Stock,Homebuilding,49,26.049999237060547,-19.449600760202866,55,,E-
STRT,STRATTEC SECURITY CORPORATION Common Stock,Auto Parts:O.E.M.,64,78.27999877929688,-13.892865882785788,52,,C-
STRW,Strawberry Fields REIT Inc. Common Stock,Real Estate Investment Trusts,45,13.649999618530273,-0.9433970751818621,67,65,C+
STRZ,Starz Entertainment Corp. Common Shares,Movies/Entertainment,112,27.850000381469727,-7.811978730631353,95,,A
STT,State Street Corporation Common Stock,Major Banks,26,180.22000122070312,0.0,87,,C
STTK,Shattuck Labs Inc. Common Stock,Biotechnology: Pharmaceutical Preparations,68,6.639999866485596,-15.73604352724428,98,,A
STUB,StubHub Holdings Inc. Class A Common Stock,Services-Misc. Amusement & Recreation,87,11.100000381469727,-49.54545281150124,62,,A
STVN,Stevanato Group S.p.A. Ordinary Shares,Medical/Dental Instruments,117,19.59000015258789,-29.65773111092863,55,,C+
STWD,STARWOOD PROPERTY TRUST INC. Starwood Property Trust Inc.,Real Estate Investment Trusts,45,16.639999389648438,-11.662136442966364,38,,D
STX,Seagate Technology Holdings PLC Ordinary Shares (Ireland),Electronic Components,5,910.3400268554688,-16.731645524392057,99,80,C+
STXS,Stereotaxis Inc. Common Stock,Biotechnology: Electromedical & Electrotherapeutic Apparatus,76,1.7000000476837158,-52.38095015482182,19,,D
STZ,Constellation Brands Inc. Common Stock,Beverages (Production/Distribution),97,134.05999755859375,-21.802616347427474,31,,E+
SU,Suncor Energy  Inc. Common Stock,Integrated oil Companies,10,59.25,-14.465612735984546,75,,E+
SUGP,SU Group Holdings Limited Class A Ordinary Shares,Diversified Commercial Services,111,0.6169999837875366,-96.01935494330621,1,,A+
SUI,Sun Communities Inc. Common Stock,Real Estate Investment Trusts,45,118.87999725341797,-11.748836473809089,39,,D+
SUIG,Sui Group Holdings Limited Common Stock,Finance Companies,58,1.25,-83.22147608050344,20,,D+
SUNB,Sunbelt Rentals Holdings Inc. Common Stock,Diversified Commercial Services,111,74.83999633789062,-12.13469166749148,53,38,B+
SUNE,SUNation Energy Inc. Common Stock,Telecommunications Equipment,74,3.8299999237060547,-34.863948143473486,98,,A+
SUNS,Sunrise Realty Trust Inc. Common Stock,Real Estate Investment Trusts,45,8.039999961853027,-21.551640631361014,38,,E+
SUPN,Supernus Pharmaceuticals Inc. Common Stock,Biotechnology: Pharmaceutical Preparations,68,48.459999084472656,-14.982457746539202,53,,B
SUPV,Grupo Supervielle S.A. American Depositary Shares each Representing five Class B shares,Commercial Banks,8,9.869999885559082,-23.250387643406178,68,11,B-
SUPX,SuperX AI Technology Limited Ordinary Shares,,,7.860000133514404,-89.5199998219808,17,,D
SURG,SurgePays Inc. Common Stock,Advertising,97,0.33500000834465027,-89.62848277503281,4,,A+
SUZ,Suzano S.A. American Depositary Shares (each representing One Ordinary Share),Paper,120,8.069999694824219,-29.573072736748518,30,,D-
SVC,Service Properties Trust Common Shares of Beneficial Interest,Real Estate Investment Trusts,45,8.829999923706055,0.0,99,,B+
SVCC,Stellar V Capital Corp. Class A Ordinary Shares,,,10.569999694824219,-0.28302533552690967,47,,D+
SVCCU,Stellar V Capital Corp. Unit,Blank Checks,76,10.819999694824219,-5.749127819943622,49,,B-
SVCO,Silvaco Group Inc. Common Stock,Computer Software: Prepackaged Software,120,10.859999656677246,-21.247282909941813,94,5,C-
SVM,Silvercorp Metals Inc. Common Shares,Precious Metals,104,9.520000457763672,-39.33779778046498,74,,E
SVRA,Savara Inc. Common Stock,Biotechnology: Pharmaceutical Preparations,68,6.03000020980835,-13.112389624051001,87,,C
SVRE,SaverOne 2014 Ltd. American Depositary Shares,EDP Services,125,2.5999999046325684,-92.68018054300367,6,,E-
SVRN,OceanPal Inc. Common Stock,Marine Transportation,11,8.295000076293945,-99.11755318337299,7,,B+
SVV,Savers Value Village Inc. Common Stock,Other Specialty Stores,117,9.770000457763672,-28.73814419708657,46,,B-
SW,Smurfit WestRock plc Ordinary Shares,Containers/Packaging,48,44.22999954223633,-13.70514123932165,54,,C+
SWAG,Stran & Company Inc. Common Stock,Advertising,97,2.0799999237060547,-37.9104482710667,73,,B
SWBI,Smith & Wesson Brands Inc. Common Stock,Ordnance And Accessories,15,15.600000381469727,-5.602782994244104,87,,A-
SWIM,Latham Group Inc. Common Stock,Plastic Products,18,6.150000095367432,-25.454544298576586,40,34,C-
SWK,Stanley Black & Decker Inc. Common Stock,Industrial Machinery/Components,68,88.22000122070312,-6.268594723445398,72,,C+
SWKS,Skyworks Solutions Inc. Common Stock,Semiconductors,1,60.380001068115234,-27.619273083857678,40,,E
SWMR,Swarmer Inc Common Stock,Computer Software: Prepackaged Software,120,42.0,-46.51044091236758,71,,B+
SWVL,Swvl Holdings Corp Class A Common Shares,Business Services,92,1.440000057220459,-69.93736808583625,17,,E+
SWX,Southwest Gas Holdings Inc. Common Stock (DE),Oil & Gas Production,43,91.18000030517578,-2.3481428273656846,60,,C
SXC,SunCoke Energy Inc. Common Stock,Steel/Iron Ore,66,8.220000267028809,-14.375000620881695,67,,C-
SXI,Standex International Corporation Common Stock,Industrial Machinery/Components,68,315.5799865722656,-11.767837748571242,85,84,C+
SXT,Sensient Technologies Corporation Common Stock,Major Chemicals,54,115.83999633789062,-6.948350609937903,73,,E+
SXTC,China SXT Pharmaceuticals Inc. Class A Ordinary Shares,Biotechnology: Pharmaceutical Preparations,68,2.549999952316284,-99.15000001589456,8,,A+
SXTP,60 Degrees Pharmaceuticals Inc. Common Stock,Biotechnology: Pharmaceutical Preparations,68,1.559999942779541,-85.0574712118689,12,,E
SY,So-Young International Inc. American Depository Shares,EDP Services,125,1.7100000381469727,-70.8688233137145,10,5,E
SYBT,Stock Yards Bancorp Inc. Common Stock,Major Banks,26,76.26000213623047,-6.326005766138875,55,,C
SYF,Synchrony Financial Common Stock,Finance: Consumer Services,112,72.44000244140625,-17.45221414863556,42,70,E+
SYK,Stryker Corporation Common Stock,Medical/Dental Instruments,117,329.7799987792969,-17.444152804963263,35,,C
SYM,Symbotic Inc. Class A Common Stock,Industrial Machinery/Components,68,43.63999938964844,-50.01145720032167,21,88,E
SYNA,Synaptics Incorporated Common Stock $0.001 Par Value,Semiconductors,1,126.76000213623047,-14.101785020764856,93,78,D+
SYNX,Silynxcom Ltd. Ordinary Shares,Consumer Electronics/Appliances,119,1.0299999713897705,-46.90721953557537,28,,B+
SYPR,Sypris Solutions Inc. Common Stock,Industrial Machinery/Components,68,2.0999999046325684,-49.76076576856627,24,,C+
SYRE,Spyre Therapeutics Inc. Common Stock,Biotechnology: Pharmaceutical Preparations,68,97.73999786376953,-2.5717721679656247,99,5,B
SYY,Sysco Corporation Common Stock,Food Distributors,13,83.83000183105469,-6.733440652710055,62,,C
T,AT&T Inc.,Telecommunications Equipment,74,21.1299991607666,-25.645923149053672,26,61,E
TAC,TransAlta Corporation Ordinary Shares,Electric Utilities: Central,55,14.220000267028809,-19.50040830834876,59,,D+
TACT,TransAct Technologies Incorporated Common Stock,Computer peripheral equipment,52,5.190000057220459,-11.130138328496376,84,,A
TAK,Takeda Pharmaceutical Company Limited American Depositary Shares (each representing 1/2 of a share of Common Stock),Biotechnology: Pharmaceutical Preparations,68,16.559999465942383,-11.91489288309352,46,,D+
TAL,TAL Education Group American Depositary Shares,Other Consumer Services,123,10.3100004196167,-20.139422606705892,37,93,D
TALK,Talkspace Inc. Common Stock,Medical/Nursing Services,32,5.230000019073486,-0.190834971020315,86,,D+
TALO,Talos Energy Inc. Common Stock,Oil & Gas Production,43,13.5,-18.625678867796026,71,21,E+
TANH,Tantech Holdings Ltd. Class A Common Shares,Major Chemicals,54,0.45500001311302185,-80.72033757041557,16,,A
TAOP,Taoping Inc. Ordinary Shares,Computer Software: Prepackaged Software,120,1.4199999570846558,-71.19675443146646,26,,A+
TAOX,Tao Synergies Inc. Common Stock,Biotechnology: Pharmaceutical Preparations,68,3.7899999618530273,-63.4874766852817,15,,E
TAP,Molson Coors Beverage Company Class B Common Stock,Beverages (Production/Distribution),97,39.16999816894531,-26.356924117189696,29,,D-
TARA,Protara Therapeutics Inc.  Common Stock,Biotechnology: Biological Products (No Diagnostic Substances),64,4.320000171661377,-42.85714015398434,35,,D
TARS,Tarsus Pharmaceuticals Inc. Common Stock,Biotechnology: Biological Products (No Diagnostic Substances),64,58.13999938964844,-29.53581640483447,35,,E
TASK,TaskUs Inc. Class A Common Stock,EDP Services,125,5.409999847412109,-54.41437481442255,15,,E+
TATT,TAT Technologies Ltd. Ordinary Shares,Aerospace,90,43.279998779296875,-29.17689683026189,52,,A
TAYD,Taylor Devices Inc. Common Stock,Industrial Machinery/Components,68,56.279998779296875,-37.4319058491122,58,,A
TBBB,BBB Foods Inc. Class A Common Shares,Food Chains,55,42.58000183105469,0.0,84,5,A-
TBBK,The Bancorp Inc Common Stock,Major Banks,26,66.5,-17.22678238580313,50,88,B
TBCH,Turtle Beach Corporation Common Stock,Telecommunications Equipment,74,12.84000015258789,-24.86834383881754,50,,B-
TBI,TrueBlue Inc. Common Stock,Professional Services,97,8.15999984741211,-0.12240182115607068,94,,A-
TBLA,Taboola.com Ltd. Ordinary Shares,Computer Software: Programming Data Processing,110,5.519999980926514,-1.07526780644992,90,,A
TBLD,Thornburg Income Builder Opportunities Trust Common Stock,Investment Managers,73,21.850000381469727,-3.8697168150519046,58,,D+
TBN,Tamboran Resources Corporation Common stock,Oil & Gas Production,43,31.729999542236328,-36.52730850796504,66,5,E
TBPH,Theravance Biopharma Inc. Ordinary Shares,Biotechnology: Pharmaceutical Preparations,68,16.93000030517578,-18.37029656696555,61,96,E+
TC,Token Cat Limited American Depositary Shares,Business Services,92,2.2100000381469727,-88.2571728268691,2,,A+
TCBI,Texas Capital Bancshares Inc. Common Stock,Major Banks,26,102.36000061035156,-3.221194529039595,58,,D
TCBK,TriCo Bancshares Common Stock,Major Banks,26,53.63999938964844,-2.4017462096303843,66,,C
TCBS,Texas Community Bancshares Inc. Common Stock,Banks,27,17.75,-3.95021407099011,52,,C-
TCBX,Third Coast Bancshares Inc. Common Stock,Banks,27,39.849998474121094,-8.306490304647385,48,71,C-
TCI,Transcontinental Realty Investors Inc. Common Stock,Real Estate Investment Trusts,45,44.970001220703125,-23.663212803965685,44,,A-
TCMD,Tactile Systems Technology Inc. Common Stock,Medical/Dental Instruments,117,29.829999923706055,-9.74281206561649,92,78,A-
TCOM,Trip.com Group Limited American Depositary Shares,Business Services,92,42.79999923706055,-45.795339750102535,17,72,E-
TCPC,BlackRock TCP Capital Corp. Common Stock,Finance/Investors Services,80,3.259999990463257,-50.47349153015824,18,,E
TCRT,Alaunos Therapeutics Inc. Common Stock,Biotechnology: Pharmaceutical Preparations,68,2.049999952316284,-58.91783474256718,14,,B-
TCRX,TScan Therapeutics Inc. Common Stock,Biotechnology: Biological Products (No Diagnostic Substances),64,1.090000033378601,-56.74603009410154,25,5,B+
TCX,Tucows Inc. Class A Common Stock,EDP Services,125,10.890000343322754,-56.26505819213528,11,,E+
TD,Toronto Dominion Bank (The) Common Stock,Commercial Banks,8,120.52999877929688,-0.7513706903424344,84,,D+
TDAY,USA TODAY Co. Inc. Common Stock,Newspapers/Magazines,47,8.510000228881836,-3.9503322952347597,92,99,C+
TDC,Teradata Corporation Common Stock,Computer Software: Prepackaged Software,120,33.7400016784668,-10.929248344539255,82,,A-
TDG,Transdigm Group Incorporated Common Stock,Military/Government/Technical,91,1291.3499755859375,-14.849511976419038,43,82,C-
TDIC,Dreamland Limited Class A Ordinary Shares,Other Consumer Services,123,3.680000066757202,-99.5950481357076,1,,A+
TDOC,Teladoc Health Inc. Common Stock,Medical/Nursing Services,32,9.279999732971191,-2.5210158955061512,84,,A-
TDS,Telephone and Data Systems Inc. Common Shares,Telecommunications Equipment,74,34.13999938964844,-28.12384651636296,24,,E
TDTH,Trident Digital Tech Holdings Ltd American Depository Shares,Business Services,92,2.1700000762939453,-96.77083307315432,4,,A+
TDUP,ThredUp Inc. Class A Common Stock,Catalog/Specialty Distribution,68,6.599999904632568,-45.36423885499713,76,5,B+
TDW,Tidewater Inc. Common Stock,Marine Transportation,11,73.37000274658203,-19.479806260942865,67,,D-
TDY,Teledyne Technologies Incorporated Common Stock,Industrial Machinery/Components,68,634.5999755859375,-7.840667039004834,57,,D+
TE,T1 Energy Inc. Common Stock,Industrial Machinery/Components,68,6.849999904632568,-43.10631290418782,97,,B-
TEAD,Teads Holding Co. Common Stock,Computer Software: Programming Data Processing,110,0.824999988079071,-73.47266829879906,33,21,E-
TEAM,Atlassian Corporation Class A Common Stock,Computer Software: Prepackaged Software,120,88.86000061035156,-56.22660068455588,34,,B-
TECH,Bio-Techne Corp Common Stock,Biotechnology: Biological Products (No Diagnostic Substances),64,71.30000305175781,0.0,76,65,A
TECK,Teck Resources Ltd Ordinary Shares,Mining & Quarrying of Nonmetallic Minerals (No Fuels),67,59.81999969482422,-15.10455301656769,77,,D-
TECX,Tectonic Therapeutic Inc. Common Stock,Biotechnology: Biological Products (No Diagnostic Substances),64,34.369998931884766,-9.385714064455808,89,5,B
TEL,TE Connectivity plc Ordinary Shares,Electronic Components,5,200.36000061035156,-18.975561222330096,37,94,D-
TELA,TELA Bio Inc. Common Stock,Medical/Dental Instruments,117,0.847000002861023,-60.234743786230105,33,,B-
TELO,Telomir Pharmaceuticals Inc. Common Stock,Biotechnology: Pharmaceutical Preparations,68,1.2300000190734863,-46.28820787934895,33,,B+
TEM,Tempus AI Inc. Class A Common Stock,Computer Software: Programming Data Processing,110,58.22999954223633,-43.602906012361906,47,,B+
TEN,Tsakos Energy Navigation Ltd Common Shares,Marine Transportation,11,39.65999984741211,-10.816283429854522,88,,D
TENB,Tenable Holdings Inc. Common Stock,Computer Software: Prepackaged Software,120,39.779998779296875,-3.843365225137685,94,92,A
TENX,Tenax Therapeutics Inc. Common Stock,Biotechnology: Pharmaceutical Preparations,68,17.549999237060547,-4.203059337283799,94,,A
TEO,Telecom Argentina SA,Telecommunications Equipment,74,13.550000190734863,-15.206504512586472,84,90,B-
TER,Teradyne Inc. Common Stock,Electrical Products,3,359.6000061035156,-25.67790822890379,95,89,D-
TEVA,Teva Pharmaceutical Industries Limited American Depositary Shares,Biotechnology: Pharmaceutical Preparations,68,32.95000076293945,-9.328561847589933,82,94,D+
TEX,Terex Corporation Common Stock,Construction/Ag Equipment/Trucks,35,67.47000122070312,-9.533387551340876,68,89,D+
TFC,Truist Financial Corporation Common Stock,Major Banks,26,51.66999816894531,-5.496148395476419,58,82,C-
TFII,TFI International Inc. Common Shares,Trucking Freight/Courier Services,6,147.63999938964844,-9.327653068128505,85,,C
TFIN,Triumph Financial Inc. Common Stock,Major Banks,26,78.44000244140625,-1.0969551682872725,79,,C+
TFPM,Triple Flag Precious Metals Corp. Common Shares,Precious Metals,104,28.100000381469727,-31.839769599111712,33,,C-
TFSL,TFS Financial Corporation Common Stock,Savings Institutions,22,17.670000076293945,-1.1191983970160413,80,67,C+
TFX,Teleflex Incorporated Common Stock,Medical/Dental Instruments,117,135.72999572753906,-1.9661541248998993,61,,C+
TG,Tredegar Corporation Common Stock,Metal Fabrications,38,7.389999866485596,-28.599037738043087,32,,D-
TGB,Trekor Metals Limited Common Shares,Precious Metals,104,7.300000190734863,-17.79279170432231,86,95,C+
TGE,The Generation Essentials Group Class A Ordinary Shares,Newspapers/Magazines,47,1.0499999523162842,-83.84615457974948,17,,A+
TGEN,Tecogen Inc. Common Stock,Industrial Machinery/Components,68,4.119999885559082,-65.86578301799135,33,,B
TGHL,The GrowHub Limited Class A Ordinary Shares,EDP Services,125,0.6269999742507935,-82.63157915592821,67,,A+
TGL,Treasure Global Inc. Common Stock,Business Services,92,3.7899999618530273,-87.36666679382324,11,,E-
TGLS,Tecnoglass Inc. Common Stock,Electronic Components,5,43.900001525878906,-46.789500793895186,25,,D+
TGS,Transportadora de Gas del Sur SA TGS Common Stock,Natural Gas Distribution,24,30.690000534057617,-13.108718008978581,60,,C+
TGT,Target Corporation Common Stock,Department/Specialty Retail Stores,59,135.13999938964844,-4.291783066266697,79,,C-
TGTX,TG Therapeutics Inc. Common Stock,Biotechnology: Pharmaceutical Preparations,68,57.119998931884766,-3.2847991809962673,91,76,A
TH,Target Hospitality Corp. Common Stock,Hotels/Resorts,35,17.959999084472656,-12.475639942407735,94,5,E+
THC,Tenet Healthcare Corporation Common Stock,Hospital/Nursing Management,49,204.25,-16.56454352379414,51,84,C+
THCH,TH International Limited Ordinary shares,Restaurants,105,1.7999999523162842,-40.3973521958746,20,,E
THFF,First Financial Corporation Common Stock,Major Banks,26,75.22000122070312,-3.7861333754391047,77,,B-
THG,Hanover Insurance Group Inc,Property-Casualty Insurers,46,213.99000549316406,-3.438470780290037,73,,C+
THH,TryHard Holdings Limited Ordinary Shares,Services-Misc. Amusement & Recreation,87,0.2800000011920929,-99.49137147125772,4,,A-
THM,International Tower Hill Mines Ltd. Ordinary Shares (Canada),Metal Mining,71,2.1600000858306885,-40.16620086983818,72,,A-
THO,Thor Industries Inc. Common Stock,Homebuilding,49,72.86000061035156,-38.62048996756495,24,48,D-
THRM,Gentherm Inc Common Stock,Auto Parts:O.E.M.,64,35.83000183105469,-8.245832186726165,61,,D+
THRY,Thryv Holdings Inc. Common Stock,Advertising,97,4.090000152587891,-70.4693137910667,26,,A-
TIC,TIC Solutions Inc. Common Stock,Business Services,92,7.53000020980835,-48.033124025182275,24,,D
TIGO,Millicom International Cellular S.A. Common Stock,Telecommunications Equipment,74,96.95999908447266,0.0,94,73,C+
TIGR,UP Fintech Holding Ltd American Depositary Share representing fifteen Class A Ordinary Shares,Investment Bankers/Brokers/Service,84,4.610000133514404,-64.511160779508,10,,E-
TII,Titan Mining Corporation Common Shares,,,2.2699999809265137,-55.83657509939597,74,,E-
TIL,Instil Bio Inc. Common Stock,Biotechnology: Biological Products (No Diagnostic Substances),64,7.699999809265137,-76.11662714519028,19,,D-
TILE,Interface Inc. Common Stock,Home Furnishings,40,33.2599983215332,-7.456873699444511,78,92,C+
TIMB,TIM S.A. American Depositary Shares (Each representing 5 Common Shares),Telecommunications Equipment,74,22.280000686645508,-19.724416280475378,43,,D-
TIPT,Tiptree Inc. Common Stock,Property-Casualty Insurers,46,18.360000610351562,-27.215338276164125,46,49,C+
TISI,Team Inc. Common Stock,Other Consumer Services,123,16.600000381469727,-15.392458351605608,51,,B+
TITN,Titan Machinery Inc. Common Stock,Other Specialty Stores,117,18.270000457763672,-24.285117724043715,45,,E
TJGC,TJGC Group Limited Ordinary Shares,Advertising,97,4.670000076293945,-48.2834970720719,77,,A
TJX,TJX Companies Inc. (The) Common Stock,Clothing/Shoe/Accessory Stores,92,151.33999633789062,-10.13598180216615,48,,D-
TK,Teekay Corporation Ltd. Common Stock,Marine Transportation,11,10.989999771118164,-16.038165099647696,74,,E+
TKC,Turkcell Iletisim Hizmetleri AS Common Stock,Telecommunications Equipment,74,5.739999771118164,-19.720283992203345,37,,E+
TKLF,Tokyo Lifestyle Co. Ltd. American Depositary Shares,Other Specialty Stores,117,2.2799999713897705,-45.58472696293314,24,,A
TKNO,Alpha Teknova Inc. Common Stock,Biotechnology: In Vitro & In Vivo Diagnostic Substances,55,5.360000133514404,-15.855569390736846,86,5,A-
TKO,TKO Group Holdings Inc. Class A Common Stock,Services-Misc. Amusement & Recreation,87,184.39999389648438,-17.378989875731143,40,,D-
TKR,Timken Company (The) Common Stock,Metal Fabrications,38,137.30999755859375,-5.511980017833418,89,66,B-
TLF,Tandy Leather Factory Inc. Common Stock,Apparel,40,2.390000104904175,-11.658394507944625,52,,B
TLIH,Ten-League International Holdings Limited Ordinary Shares,,,5.0,-92.42424242424242,68,,A+
TLK,PT Telekomunikasi Indonesia Tbk,Telecommunications Equipment,74,13.90999984741211,-35.676528219663695,24,,E
TLN,Talen Energy Corporation Common Stock,Electric Utilities: Central,55,385.79998779296875,-13.46671654362277,66,,C-
TLNC,Talon Capital Corp. Class A Ordinary Shares,,,10.369999885559082,-0.09634131764529874,49,,C-
TLPH,Talphera Inc. Common Stock,Biotechnology: Pharmaceutical Preparations,68,1.4600000381469727,0.0,93,21,A+
TLRY,Tilray Brands Inc. Common Stock,Medicinal Chemicals and Botanical Products,135,4.420000076293945,-78.95238058907645,10,27,E
TLS,Telos Corporation Common Stock,EDP Services,125,4.880000114440918,-37.11340244194692,61,84,B+
TLSA,Tiziana Life Sciences Ltd. Common Shares,Biotechnology: Pharmaceutical Preparations,68,1.2300000190734863,-50.79999923706055,26,,E
TLSI,TriSalus Life Sciences Inc. Common Stock,Medical Specialities,34,4.139999866485596,-44.800001780192055,29,62,B+
TLX,Telix Pharmaceuticals Limited American Depositary Shares,Biotechnology: Pharmaceutical Preparations,68,11.140000343322754,-32.484846404104516,60,,B
TLYS,Tilly's Inc. Common Stock,Clothing/Shoe/Accessory Stores,92,4.119999885559082,-24.403669178942376,94,32,B+
TM,Toyota Motor Corporation Common Stock,Auto Manufacturing,138,176.4499969482422,-28.933907237695735,31,,E+
TMC,TMC the metals company Inc. Common Stock,Metal Mining,71,4.210000038146973,-60.61739753598738,18,,E+
TMCI,Treace Medical Concepts Inc. Common Stock,Medical/Dental Instruments,117,4.320000171661377,-43.89610027699905,93,21,A-
TMCR,The Metals Royalty Company Inc. Common Stock,Precious Metals,104,6.110000133514404,-61.08280122456643,7,,E-
TMDE,TMD Energy Limited Ordinary Shares,Oil Refining/Marketing,137,0.8109999895095825,-79.92574264437367,18,,A+
TMDX,TransMedics Group Inc. Common Stock,Biotechnology: Electromedical & Electrotherapeutic Apparatus,76,71.2300033569336,-52.64592193590436,12,72,E-
TME,Tencent Music Entertainment Group American Depositary Shares each representing two Class A Ordinary Shares,Broadcasting,95,8.880000114440918,-65.40924602981192,15,,D
TMHC,Taylor Morrison Home Corporation Common Stock,Homebuilding,49,71.8499984741211,-0.18061249895728881,67,,B+
TMO,Thermo Fisher Scientific Inc Common Stock,Industrial Machinery/Components,68,527.0499877929688,-17.413425369223813,50,,C+
TMP,Tompkins Financial Corporation Common Stock,Major Banks,26,91.4800033569336,-4.628852060851263,76,,C
TMQ,Trilogy Metals Inc. Common Stock,Precious Metals,104,3.2300000190734863,-69.5283028034605,39,,E+
TMS,Teamshares Inc. Common Stock,,,7.619999885559082,-39.04000091552734,19,,E
TMUS,T-Mobile US Inc. Common Stock,Telecommunications Equipment,74,187.61000061035156,-26.201586707940262,33,,D
TNC,Tennant Company Common Stock,Industrial Machinery/Components,68,85.55000305175781,-6.1437173673893675,59,31,C
TNDM,Tandem Diabetes Care Inc. Common Stock,Medical/Dental Instruments,117,15.40999984741211,-45.470630847118585,28,,D-
TNET,TriNet Group Inc. Common Stock,Business Services,92,55.540000915527344,-21.551535646029564,63,,B+
TNGX,Tango Therapeutics Inc.,Biotechnology: Pharmaceutical Preparations,68,31.059999465942383,-5.59271116899247,98,5,B
TNK,Teekay Tankers Ltd.,Marine Transportation,11,72.44999694824219,-11.306471320156186,78,,D-
TNL,Travel   Leisure Co. Common  Stock,Hotels/Resorts,35,74.25,-4.927253752342242,62,51,D+
TNMG,TNL Mediagene Ordinary Shares,Advertising,97,0.4309999942779541,-96.05311363308866,2,,A+
TNON,Tenon Medical Inc. Common Stock,Medical/Dental Instruments,117,0.22599999606609344,-86.46706575605995,3,,A+
TNXP,Tonix Pharmaceuticals Holding Corp. Common Stock,Biotechnology: Pharmaceutical Preparations,68,12.529999732971191,-79.64918012818424,18,,B-
TNYA,Tenaya Therapeutics Inc. Common Stock,Biotechnology: Biological Products (No Diagnostic Substances),64,0.8700000047683716,-58.57142646296485,51,,B
TOI,The Oncology Institute Inc. Common Stock,Medical/Nursing Services,32,5.889999866485596,0.0,94,,A-
TOL,Toll Brothers Inc. Common Stock,Homebuilding,49,149.49000549316406,-9.685278684302157,62,,C+
TOMZ,TOMI Environmental Solutions Inc. Common Stock,Major Chemicals,54,0.8100000023841858,-25.68807545138486,59,,B+
TONX,TON Strategy Company Common Stock,Other Consumer Services,123,3.2100000381469727,-85.7015593360422,45,,A
TOON,Kartoon Studios Inc. Common Stock,Movies/Entertainment,112,0.5979999899864197,-52.160000801086426,30,,B
TOP,TOP Financial Group Limited Class A Ordinary Shares,Investment Bankers/Brokers/Service,84,2.109999895095825,0.0,96,,A+
TOPP,Toppoint Holdings Inc. Common Stock,Trucking Freight/Courier Services,6,0.8489999771118164,-69.12727355957031,29,,A
TOPS,TOP Ships Inc. Common Stock,Marine Transportation,11,0.7599999904632568,-88.27160511996539,2,60,A
TORO,Toro Corp. Common Stock,Marine Transportation,11,4.940000057220459,-27.138639354258377,95,,A
TOST,Toast Inc. Class A Common Stock,EDP Services,125,29.31999969482422,-40.52738306579254,33,86,C
TOUR,Tuniu Corporation American Depositary Shares,Transportation Services,105,4.989999771118164,-37.17118218793048,22,,E
TOVX,Theriva Biologics Inc. Common Stock,Biotechnology: Pharmaceutical Preparations,68,0.23999999463558197,-71.42857117515031,22,,A+
TOWN,TowneBank Common Stock,Major Banks,26,35.79999923706055,-2.4257275087509855,52,,C
TOYO,TOYO Co. Ltd Ordinary Shares,Miscellaneous manufacturing industries,123,6.050000190734863,-64.3908165259693,37,,E-
TPB,Turning Point Brands Inc. Common Stock,Tobacco,,87.6500015258789,-38.57850990643756,50,,B
TPC,Tutor Perini Corporation Common Stock,General Bldg Contractors - Nonresidential Bldgs,133,75.88999938964844,-21.951299507339385,65,,E+
TPCS,TechPrecision Corporation Common stock,Metal Fabrications,38,4.800000190734863,-17.667234072902595,73,5,A
TPET,Trio Petroleum Corp. Common Stock,Oil & Gas Production,43,0.3109999895095825,-84.05128297924915,6,,E-
TPG,TPG Inc. Class A Common Stock,Investment Managers,73,42.66999816894531,-37.12449005655246,32,,C-
TPL,Texas Pacific Land Corporation Common Stock,Oil & Gas Production,43,397.82000732421875,-26.188276272796628,69,,D+
TPR,Tapestry Inc. Common Stock,Apparel,40,140.72999572753906,-11.826121506759302,63,,D-
TPST,Tempest Therapeutics Inc. Common Stock,Biotechnology: Pharmaceutical Preparations,68,0.9729999899864197,-91.77514796059609,5,5,E
TPVG,TriplePoint Venture Growth BDC Corp. Common Stock,Other Consumer Services,123,4.71999979019165,-25.072899935712258,32,,E+
TR,Tootsie Roll Industries Inc. Common Stock,Specialty Foods,92,38.15999984741211,-14.633795626953471,41,,B+
TRAK,ReposiTrak Inc. Common Stock,EDP Services,125,8.90999984741211,-53.90697438068188,27,,B+
TRAW,Traws Pharma Inc. Common Stock,Biotechnology: Pharmaceutical Preparations,68,0.7599999904632568,-75.71885103272565,8,,A
TRAX,First Tracks Biotherapeutics Inc. Ordinary Shares,Biotechnology: Pharmaceutical Preparations,68,36.2400016784668,0.0,93,,A
TRC,Tejon Ranch Co Common Stock,Real Estate,87,18.309999465942383,-10.59570373436146,51,,D
TRDA,Entrada Therapeutics Inc. Common Stock,Biotechnology: Pharmaceutical Preparations,68,6.920000076293945,-56.83094335698342,20,,D
TREE,LendingTree Inc. Common Stock,Finance: Consumer Services,112,45.29999923706055,-40.79205597667964,43,,B+
TREX,Trex Company Inc. Common Stock,Forest Products,76,47.15999984741211,-31.1432306638175,55,,B
TRGP,Targa Resources Inc. Common Stock,Natural Gas Distribution,24,273.3500061035156,-1.623112173687269,86,97,D
TRI,Thomson Reuters Corporation Common Shares,Publishing,102,89.6500015258789,-56.51822939504984,23,74,D+
TRIB,Trinity Biotech plc American Depositary Shares,Biotechnology: In Vitro & In Vivo Diagnostic Substances,55,0.38999998569488525,-79.58115222458582,9,,E-
TRIN,Trinity Capital Inc. Common Stock,Finance: Consumer Services,112,17.600000381469727,-1.6759734271166393,77,61,C
TRIP,TripAdvisor Inc. Common Stock,Computer Software: Programming Data Processing,110,13.979999542236328,-26.959247711380876,47,,B+
TRLV,Trulieve Cannabis Corp. Subordinate Voting Shares,Medicinal Chemicals and Botanical Products,135,8.619999885559082,-33.692308572622444,81,62,E-
TRMB,Trimble Inc. Common Stock,Industrial Machinery/Components,68,52.81999969482422,-38.033785759543214,18,79,D
TRMD,TORM plc Class A Common Stock,Marine Transportation,11,29.479999542236328,-13.489340489861812,83,,E
TRMK,Trustmark Corporation Common Stock,Major Banks,26,46.27000045776367,-1.7413457043260472,62,,D+
TRN,Trinity Industries Inc. Common Stock,Railroads,28,35.689998626708984,-2.5927968852746397,71,,D+
TRNO,Terreno Realty Corporation Common Stock,Real Estate,87,69.4000015258789,0.0,67,,B-
TRNR,Interactive Strength Inc. Common Stock,Consumer Electronics/Appliances,119,2.5799999237060547,-99.5286810725908,1,,E-
TRNS,Transcat Inc. Common Stock,Electrical Products,3,88.41000366210938,-5.180174080137934,69,,C+
TRON,Tron Inc. Common Stock,Recreational Games/Products/Toys,103,1.409999966621399,-87.18181848526001,11,,A-
TROO,TROOPS Inc. Ordinary Shares,Diversified Financial Services,24,2.069999933242798,-58.764941412195995,83,,C+
TROW,T. Rowe Price Group Inc. Common Stock,Investment Bankers/Brokers/Service,84,118.55000305175781,-1.3398806269005248,74,71,B-
TROX,Tronox Holdings plc Ordinary Shares (UK),Major Chemicals,54,6.139999866485596,-41.078190464162354,57,,E
TRP,TC Energy Corporation Common Stock,Natural Gas Distribution,24,67.33000183105469,-4.184219166374248,74,,D
TRS,TriMas Corporation Common Stock,Industrial Specialties,84,41.40999984741211,-8.039082900328898,67,,C+
TRSG,Tungray Technologies Inc Class A Ordinary Shares,Industrial Machinery/Components,68,1.4600000381469727,-19.78021999615255,59,,A
TRST,TrustCo Bank Corp NY Common Stock,Major Banks,26,54.47999954223633,-2.260498920503673,83,,C
TRT,Trio-Tech International Common Stock,Industrial Machinery/Components,68,10.369999885559082,-48.27930034834561,97,,A-
TRTX,TPG RE Finance Trust Inc. Common Stock,Real Estate Investment Trusts,45,8.520000457763672,-2.9461503957115776,58,,C
TRU,TransUnion Common Stock,Finance: Consumer Services,112,75.0199966430664,-23.919142306801035,40,,C+
TRUG,TruGolf Holdings Inc. Class A Common Stock,Recreational Games/Products/Toys,103,1.2899999618530273,-98.38548193089181,2,13,A
TRUP,Trupanion Inc. Common Stock,Medical Specialities,34,25.829999923706055,-49.511336980559726,21,,C+
TRV,The Travelers Companies Inc. Common Stock,Property-Casualty Insurers,46,338.9200134277344,-1.3993533892462717,71,,B-
TRVG,trivago N.V. American Depositary Shares,EDP Services,125,5.320000171661377,-2.7422234786780075,94,,A-
TRVI,Trevi Therapeutics Inc. Common Stock,Biotechnology: Pharmaceutical Preparations,68,17.84000015258789,-8.51281973031851,94,5,A-
TRX,TRX Gold Corporation Common Stock,Precious Metals,104,0.7900000214576721,-63.76146801532834,60,,E
TS,Tenaris S.A. American Depositary Shares,Steel/Iron Ore,66,55.56999969482422,-13.198996237619065,77,51,D-
TSAT,Telesat Corporation Class A Common Shares and Class B Variable Voting Shares,Metal Fabrications,38,41.349998474121094,-29.3283205258558,75,21,D-
TSBK,Timberland Bancorp Inc. Common Stock,Banks,27,43.060001373291016,-5.154185184892657,70,93,B
TSCO,Tractor Supply Company Common Stock,RETAIL: Building Materials,109,30.43000030517578,-50.60046714112345,13,44,E+
TSEM,Tower Semiconductor Ltd. Ordinary Shares,Semiconductors,1,222.75,-29.698596904168262,97,,D+
TSHA,Taysha Gene Therapies Inc. Common Stock,Biotechnology: Biological Products (No Diagnostic Substances),64,6.340000152587891,-9.169052503391661,89,,C-
TSLA,Tesla Inc. Common Stock,Auto Manufacturing,138,407.760009765625,-16.76328780490479,62,,C-
TSLX,Sixth Street Specialty Lending Inc. Common Stock,Investment Managers,73,17.190000534057617,-24.71023395728459,31,,E+
TSM,Taiwan Semiconductor Manufacturing Company Ltd.,Semiconductors,1,434.1099853515625,-9.100241075891425,86,97,C-
TSN,Tyson Foods Inc. Common Stock,Meat/Poultry/Fish,87,57.83000183105469,-15.174669324862622,44,,D-
TSQ,Townsquare Media Inc. Class A Common Stock,Broadcasting,95,6.800000190734863,-15.641569986108095,66,62,B-
TSSI,TSS Inc. Common Stock,Professional Services,97,11.4399995803833,-60.90225737903052,26,,C-
TT,Trane Technologies plc,Auto Parts:O.E.M.,64,479.70001220703125,-4.719338110537208,62,55,D+
TTAM,Titan America SA Common Shares,Mining & Quarrying of Nonmetallic Minerals (No Fuels),67,17.350000381469727,-10.196683977599907,63,75,C+
TTAN,ServiceTitan Inc. Class A Common Stock,Computer Software: Prepackaged Software,120,77.69000244140625,-35.052666228411255,41,,A
TTC,Toro Company (The) Common Stock,Tools/Hardware,,93.33000183105469,-7.488899832597562,59,48,D+
TTD,The Trade Desk Inc. Class A Common Stock,Computer Software: Programming Data Processing,110,19.530000686645508,-78.24197836247325,12,,D
TTE,TotalEnergies SE Ordinary Shares,Oil & Gas Production,43,78.5,-16.132477265259794,63,68,E+
TTEC,TTEC Holdings Inc. Common Stock,Professional Services,97,2.109999895095825,-61.28440423963368,15,52,E
TTEK,Tetra Tech Inc. Common Stock,Military/Government/Technical,91,30.989999771118164,-26.959101158751054,37,,D+
TTGT,TechTarget Inc. Common Stock,Telecommunications Equipment,74,3.7899999618530273,-56.43678109260606,23,,D-
TTI,Tetra Technologies Inc. Common Stock,Oil & Gas Production,43,9.449999809265137,-23.29545419359713,88,57,C-
TTMI,TTM Technologies Inc. Common Stock,Electrical Products,3,146.44000244140625,-33.87817689336926,96,85,E-
TTRX,Turn Therapeutics Inc. Common Stock,Biotechnology: Pharmaceutical Preparations,68,9.4399995803833,-2.7806432204216303,95,,A
TTWO,Take-Two Interactive Software Inc. Common Stock,Services-Misc. Amusement & Recreation,87,243.1999969482422,-7.278207699402383,54,,B-
TU,Telus Corporation Ordinary Shares,Telecommunications Equipment,74,10.420000076293945,-34.295470080798054,23,35,E
TULP,Bloomia Holdings Inc. Common Stock,Farming/Seeds/Milling,95,3.5,-39.96569389704047,26,,E
TURB,Turbo Energy S.A. American Depositary Shares,Industrial Machinery/Components,68,1.5,-87.90322543431022,20,,A
TUSK,Mammoth Energy Services Inc. Common Stock,Oilfield Services/Equipment,18,2.799999952316284,-27.083332945282258,71,99,A-
TUYA,Tuya Inc. American Depositary Shares each representing one Class A Ordinary Share,Computer Software: Prepackaged Software,120,1.840000033378601,-32.81914026823179,21,52,B+
TV,Grupo Televisa S.A.B. Common Stock,Broadcasting,95,2.7699999809265137,-19.476746079920403,51,,D-
TVA,Texas Ventures Acquisition III Corp Class A Ordinary Share,,,10.5600004196167,-9.356216606048996,44,,C-
TVACU,Texas Ventures Acquisition III Corp Unit,Blank Checks,76,10.930000305175781,-12.55999755859375,44,,C+
TVC,Tennessee Valley Authority Common Stock,Electric Utilities: Central,55,23.889999389648438,-1.9482298139150034,44,,D-
TVE,Tennessee Valley Authority,Electric Utilities: Central,55,23.489999771118164,-4.3069738710510785,42,,D
TVGN,Tevogen Bio Holdings Inc. Common Stock,Biotechnology: Biological Products (No Diagnostic Substances),64,5.059999942779541,-91.9682540590801,7,,E-
TVRD,Tvardi Therapeutics Inc. Common Stock,Biotechnology: Pharmaceutical Preparations,68,3.2799999713897705,-92.36854349389529,15,,A+
TVTX,Travere Therapeutics Inc. Common Stock,Biotechnology: Pharmaceutical Preparations,68,56.59000015258789,-4.133489204076934,96,96,B
TW,Tradeweb Markets Inc. Class A Common Stock,Investment Bankers/Brokers/Service,84,97.86000061035156,-32.71817864611626,26,,D
TWAV,TaoWeave Inc. Common Stock,Computer Software: Programming Data Processing,110,1.3600000143051147,-74.43609078154594,12,62,A+
TWFG,TWFG Inc. Class A Common Stock,Specialty Insurers,105,25.950000762939453,-23.292937161125682,57,,B
TWG,Top Wealth Group Holding Limited Class A Ordinary Shares,Packaged Foods,129,2.2699999809265137,-89.68650632748387,8,,D+
TWI,Titan International Inc. (DE) Common Stock,Steel/Iron Ore,66,7.340000152587891,-35.61403159472923,29,,D-
TWIN,Twin Disc Incorporated Common Stock,Industrial Machinery/Components,68,22.6200008392334,-6.490283836967192,90,80,A
TWLO,Twilio Inc. Class A Common Stock,Computer Software: Prepackaged Software,120,214.55999755859375,-9.33062960108364,93,96,B
TWLV,Twelve Seas Investment Company III Class A Ordinary Shares,Blank Checks,76,9.989999771118164,-3.7572286996430337,46,,D
TWO,Two Harbors Investment Corp,Real Estate Investment Trusts,45,12.079999923706055,-9.170329036393465,74,,C+
TWST,Twist Bioscience Corporation Common Stock,Biotechnology: Biological Products (No Diagnostic Substances),64,90.63999938964844,-11.897354384273061,97,5,A-
TX,Ternium S.A. Ternium S.A. American Depositary Shares (each representing ten shares USD1.00 par value),Steel/Iron Ore,66,44.29999923706055,-13.54411048804226,71,,B
TXG,10x Genomics Inc. Class A Common Stock,Biotechnology: Laboratory Analytical Instruments,52,42.72999954223633,-0.8584662296610701,98,96,A-
TXMD,TherapeuticsMD Inc. Common Stock,Biotechnology: Pharmaceutical Preparations,68,2.0,-27.797833437853058,78,34,C
TXN,Texas Instruments Incorporated Common Stock,Semiconductors,1,311.4599914550781,-6.265802155021549,90,65,D
TXNM,TXNM Energy Inc. Common Stock,Electric Utilities: Central,55,56.869998931884766,-4.388030649694641,43,65,D-
TXRH,Texas Roadhouse Inc. Common Stock,Restaurants,105,189.5,-3.6064888702193376,60,,B-
TXT,Textron Inc. Common Stock,Aerospace,90,90.91000366210938,-9.745681512074068,50,,D
TY,Tri Continental Corporation Common Stock,Finance Companies,58,35.5,0.0,61,,C-
TYG,Tortoise Energy Infrastructure Corporation Common Stock,Investment Managers,73,43.369998931884766,-11.767901438069007,50,,E+
TYGO,Tigo Energy Inc. Common Stock,Semiconductors,1,2.059999942779541,-60.07751930820906,39,21,E-
TYL,Tyler Technologies Inc. Common Stock,Computer Software: Prepackaged Software,120,309.4800109863281,-49.41153294657249,20,81,C-
TYRA,Tyra Biosciences Inc. Common Stock,Biotechnology: Pharmaceutical Preparations,68,32.75,-17.318860148057635,92,5,C-
TZOO,Travelzoo Common Stock,Advertising,97,10.920000076293945,-20.291969136314236,84,,A
U,Unity Software Inc. Common Stock,Computer Software: Prepackaged Software,120,30.889999389648438,-37.55811880449072,57,21,B-
UA,Under Armour Inc. Class C Common Stock,Apparel,40,6.610000133514404,-16.116750792923295,65,,B
UAA,Under Armour Inc. Class A Common Stock,Apparel,40,6.789999961853027,-16.584770571626972,64,,B-
UAL,United Airlines Holdings Inc. Common Stock,Air Freight/Delivery Services,9,126.0,-7.427816152388345,80,66,B+
UAMY,United States Antimony Corporation Common Stock,Metal Fabrications,38,6.460000038146973,-63.022322312235055,68,,E+
UAVS,AgEagle Aerial Systems Inc. Common Stock,Aerospace,90,0.7900000214576721,-73.48993233552758,15,,B+
UBCP,United Bancorp Inc. Common Stock,Major Banks,26,15.850000381469727,-5.694081433219955,62,46,B+
UBER,Uber Technologies Inc. Common Stock,Business Services,92,74.54000091552734,-25.534463484734005,32,43,B-
UBS,UBS Group AG Registered Ordinary Shares,Major Banks,26,52.08000183105469,-0.13422759880358237,79,,C+
UBSI,United Bankshares Inc. Common Stock,Major Banks,26,46.11000061035156,-1.768210568044526,66,,C-
UBXG,U-BX Technology Ltd. Class A Ordinary Shares,Computer Software: Programming Data Processing,110,5.25,-94.61538461538461,2,,A+
UCAR,U Power Limited Class A Ordinary Shares,Auto Parts:O.E.M.,64,1.2100000381469727,-96.98254343094837,4,,A
UCB,United Community Banks Inc. Common Stock,Major Banks,26,35.54999923706055,-1.386962581363893,58,,C
UCL,uCloudlink Group Inc. American Depositary Shares,Telecommunications Equipment,74,0.9350000023841858,-76.50753774112175,11,,E-
UCTT,Ultra Clean Holdings Inc. Common Stock,Semiconductors,1,106.2699966430664,-25.47163239190915,98,41,B
UDR,UDR Inc. Common Stock,Real Estate Investment Trusts,45,39.72999954223633,-3.6614987264147136,61,,D
UE,Urban Edge Properties Common Shares of Beneficial Interest,Real Estate,87,22.760000228881836,-4.006743535527846,68,92,C-
UEC,Uranium Energy Corp. Common Stock,Other Metals and Minerals,135,10.529999732971191,-47.715987824789096,40,,E
UEIC,Universal Electronics Inc. Common Stock,Consumer Electronics/Appliances,119,4.659999847412109,-33.333333333333336,47,29,C
UFCS,United Fire Group Inc. Common Stock,Property-Casualty Insurers,46,51.68000030517578,-4.172074888314182,89,82,B+
UFG,Uni-Fuels Holdings Limited Class A Ordinary Shares,Oil Refining/Marketing,137,0.7329999804496765,-92.40414498004597,15,,B+
UFI,Unifi Inc. New Common Stock,Textiles,32,5.730000019073486,0.0,85,,A
UFPI,UFP Industries Inc. Common Stock,Forest Products,76,84.81999969482422,-26.052807911236187,32,44,D
UFPT,UFP Technologies Inc. Common Stock,Medical/Dental Instruments,117,236.91000366210938,-13.01585533708054,57,,C
UG,United-Guardian Inc. Common Stock,Package Goods/Cosmetics,84,7.170000076293945,-20.325860806233464,53,,D+
UGI,UGI Corporation Common Stock,Natural Gas Distribution,24,35.84000015258789,-9.925072429601222,46,37,D
UGP,Ultrapar Participacoes S.A. (New) American Depositary Shares (Each representing one Common Share),Oil/Gas Transmission,61,6.0,-1.8003294780802759,85,93,B
UHAL,U-Haul Holding Company Common Stock,Rental/Leasing Companies,129,67.3499984741211,-0.34034233604873787,76,27,B+
UHS,Universal Health Services Inc. Common Stock,Hospital/Nursing Management,49,155.57000732421875,-36.086464826804544,23,74,D-
UHT,Universal Health Realty Income Trust Common Stock,Real Estate Investment Trusts,45,43.060001373291016,-6.023566870178243,59,,E+
UI,Ubiquiti Inc. Common Stock,Radio And Television Broadcasting And Communications Equipment,18,550.989990234375,-49.12880008835974,30,,E
UIS,Unisys Corporation New Common Stock,EDP Services,125,4.059999942779541,-15.062766431503494,87,,A-
UK,Ucommune International Ltd Class A Ordinary Shares,Business Services,92,2.1600000858306885,-83.38461472437932,4,,E-
UL,Unilever PLC American Depositary Shares (each representing One Ordinary Share),Package Goods/Cosmetics,84,61.720001220703125,-15.82276439446707,44,,C-
ULBI,Ultralife Corporation Common Stock,Industrial Machinery/Components,68,5.849999904632568,-35.92552211056793,27,,B
ULCC,Frontier Group Holdings Inc. Common Stock,Air Freight/Delivery Services,9,6.940000057220459,-13.89578541051122,92,,B+
ULH,Universal Logistics Holdings Inc. Common Stock,Trucking Freight/Courier Services,6,14.260000228881836,-51.510290937722544,16,,E+
ULS,UL Solutions Inc. Class A Common Stock,Precision Instruments,42,87.2699966430664,-16.677213145192994,60,,E+
ULTA,Ulta Beauty Inc. Common Stock,Other Specialty Stores,117,469.20001220703125,-33.61817614879584,29,,E+
UMAC,Unusual Machines Inc. Common Stock,Radio And Television Broadcasting And Communications Equipment,18,18.809999465942383,-43.71633603672337,90,,A-
UMBF,UMB Financial Corporation Common Stock,Major Banks,26,144.58999633789062,-0.9725349101898817,74,,C+
UMC,United Microelectronics Corporation (NEW) Common Stock,Semiconductors,1,24.34000015258789,-11.573643878179606,98,83,B+
UMH,UMH Properties Inc. Common Stock,Real Estate Investment Trusts,45,15.279999732971191,-5.642323945959582,47,35,C
UNB,Union Bankshares Inc. Common Stock,Major Banks,26,24.850000381469727,-8.757619460044397,47,,E-
UNCY,Unicycive Therapeutics Inc. Common Stock,Biotechnology: Pharmaceutical Preparations,68,5.210000038146973,-39.135516556665465,33,,E-
UNF,Unifirst Corporation Common Stock,Other Consumer Services,123,271.7799987792969,-1.4039525495657457,82,44,D
UNFI,United Natural Foods Inc. Common Stock,Food Distributors,13,48.869998931884766,-11.977668355636695,83,62,E
UNH,UnitedHealth Group Incorporated Common Stock (DE),Medical Specialities,34,424.6199951171875,-1.6354701812405392,81,43,B-
UNIT,Uniti Group Inc. Common Stock,Real Estate Investment Trusts,45,10.829999923706055,-15.058824127795646,82,5,E+
UNM,Unum Group Common Stock,Accident &Health Insurance,21,87.5,-5.640033611130601,63,,D-
UNP,Union Pacific Corporation Common Stock,Railroads,28,286.9599914550781,0.0,72,,C
UNTY,Unity Bancorp Inc. Common Stock,Major Banks,26,56.66999816894531,-4.820293420307231,55,,C+
UONE,Urban One Inc. Class A Common Stock,Broadcasting,95,4.789999961853027,-74.10810831430797,11,,A
UONEK,Urban One Inc. Class D Common Stock,Broadcasting,95,4.25,-61.00917294735595,17,5,A-
UP,Wheels Up Experience Inc. Class A Common Stock,Transportation Services,105,7.739999771118164,-88.27272761951794,9,,A-
UPB,Upstream Bio Inc. Common Stock,Biotechnology: Pharmaceutical Preparations,68,7.53000020980835,-76.90183876607878,11,21,C
UPBD,Upbound Group Inc. Common Stock,Diversified Commercial Services,111,21.15999984741211,-16.111586318621196,58,88,B+
UPC,Universe Pharmaceuticals Inc. Class A Ordinary Shares,Biotechnology: Pharmaceutical Preparations,68,5.269999980926514,-56.7323493523471,86,,A+
UPLD,Upland Software Inc. Common Stock,Computer Software: Prepackaged Software,120,4.96999979019165,-83.20946038465937,8,37,E
UPS,United Parcel Service Inc. Common Stock,Trucking Freight/Courier Services,6,112.47000122070312,-3.3660153919077507,68,,D+
UPST,Upstart Holdings Inc. Common stock,Finance: Consumer Services,112,32.7400016784668,-61.08403334443629,25,,C
UPWK,Upwork Inc. Common Stock,EDP Services,125,8.819999694824219,-60.10855064972349,15,,D-
UPXI,Upexi Inc. Common Stock,Medicinal Chemicals and Botanical Products,135,0.8299999833106995,-90.29807184450304,7,,E+
URBN,Urban Outfitters Inc. Common Stock,Clothing/Shoe/Accessory Stores,92,68.83000183105469,-16.771457834355232,39,,C-
URG,Ur Energy Inc Common Shares (Canada),Precious Metals,104,1.3200000524520874,-37.14285179060308,31,5,D+
URGN,UroGen Pharma Ltd. Ordinary Shares,Biotechnology: Pharmaceutical Preparations,68,38.560001373291016,-4.151126492537061,96,5,A-
URI,United Rentals Inc. Common Stock,Diversified Commercial Services,111,1095.550048828125,-3.85779506636732,80,75,B-
UROY,Uranium Royalty Corp. Common Stock,Investment Bankers/Brokers/Service,84,2.75,-49.633699985590084,24,64,E
USAR,USA Rare Earth Inc. Class A Common Stock,Metal Mining,71,18.479999542236328,-52.223372811702085,67,,D
USAS,Americas Gold and Silver Corporation Common Shares no par value,Metal Mining,71,4.300000190734863,-57.12861111451822,51,,E
USAU,U.S. Gold Corp. Common Stock,Metal Mining,71,14.989999771118164,-33.67256850398631,39,,C-
USB,U.S. Bancorp Common Stock,Major Banks,26,62.40999984741211,-0.7632366781598954,73,,C
USBC,USBC Inc. Common Stock,Industrial Machinery/Components,68,0.3199999928474426,-90.47619039171677,11,,A
USCB,USCB Financial Holdings Inc. Class A Common Stock,Major Banks,26,20.15999984741211,-3.0303080344970423,58,,B
USEA,United Maritime Corporation Common Stock,Marine Transportation,11,2.6700000762939453,-0.37313396321504433,91,,B+
USFD,US Foods Holding Corp. Common Stock,Food Distributors,13,100.9800033569336,-3.1738398020293213,73,47,C
USGO,U.S. GoldMining Inc. Common stock,Precious Metals,104,7.800000190734863,-50.72646728788639,18,,E
USIO,Usio Inc. Common Stock,Investment Bankers/Brokers/Service,84,2.2899999618530273,-10.196078248044149,93,21,A+
USLM,United States Lime & Minerals Inc. Common Stock,Mining & Quarrying of Nonmetallic Minerals (No Fuels),67,101.08000183105469,-27.47934418103203,24,,D+
USNA,USANA Health Sciences Inc. Common Stock,Medicinal Chemicals and Botanical Products,135,21.979999542236328,-37.96218077078203,44,34,B+
USPH,U.S. Physical Therapy Inc. Common Stock,Medical/Nursing Services,32,72.54000091552734,-20.59523572900922,35,,C+
UTHR,United Therapeutics Corporation Common Stock,Biotechnology: Pharmaceutical Preparations,68,547.0599975585938,-8.328308096005077,71,82,D-
UTI,Universal Technical Institute Inc Common Stock,Other Consumer Services,123,48.45000076293945,-5.371093669964466,89,46,B+
UTL,UNITIL Corporation Common Stock,Power Generation,59,53.060001373291016,-2.7430108273467924,52,,C
UTMD,Utah Medical Products Inc. Common Stock,Medical/Dental Instruments,117,67.95999908447266,-8.124918260172143,61,43,A-
UTSI,UTStarcom Holdings Corp. Ordinary Shares,Telecommunications Equipment,74,2.490000009536743,-24.316108255080348,47,,E-
UTZ,Utz Brands Inc Class A Common Stock,Packaged Foods,129,7.829999923706055,-44.41415524931761,27,40,B
UUU,Universal Safety Products Inc. Common Stock,Electronic Components,5,4.239999771118164,-43.31551122584953,34,,E
UUUU,Energy Fuels Inc Ordinary Shares (Canada),Mining & Quarrying of Nonmetallic Minerals (No Fuels),67,13.579999923706055,-51.01010007181457,56,,E+
UVE,UNIVERSAL INSURANCE HOLDINGS INC Common Stock,Property-Casualty Insurers,46,42.150001525878906,-1.9995276196598577,84,88,B
UVSP,Univest Financial Corporation Common Stock,Major Banks,26,43.45000076293945,-3.76522858358056,79,66,C+
UVV,Universal Corporation Common Stock,Farming/Seeds/Milling,95,51.619998931884766,-10.773237074081132,42,29,E+
UWMC,UWM Holdings Corporation Class A Common Stock,Finance: Consumer Services,112,2.0799999237060547,-66.46062840861376,9,,E
UXIN,Uxin Limited ADS,Business Services,92,1.8200000524520874,-64.59143774848992,10,11,A
UZX,Linkage Global Inc. Class A Ordinary Shares,Catalog/Specialty Distribution,68,0.27000001072883606,-90.25270712678756,2,,A+
V,Visa Inc.,Business Services,92,348.9700012207031,-3.6340550312499054,51,,C+
VABK,Virginia National Bankshares Corporation Common Stock,Major Banks,26,44.650001525878906,-2.361683855605412,67,,C
VAC,Marriott Vacations Worldwide Corporation Common Stock,Real Estate,87,98.30999755859375,-4.590453527665694,87,73,B
VAL,Valaris Limited Common Shares,Oil & Gas Production,43,77.56999969482422,-31.608181143435175,74,38,E
VALE,VALE S.A.  American Depositary Shares Each Representing one common share,Metal Mining,71,14.460000038146973,-18.855217251508428,64,71,E+
VALN,Valneva SE American Depositary Shares,Biotechnology: Biological Products (No Diagnostic Substances),64,5.050000190734863,-58.60655516650333,17,,E+
VALU,Value Line Inc. Common Stock,Investment Managers,73,39.93000030517578,-2.01226918975268,59,36,A-
VANI,Vivani Medical Inc. Common Stock (DE),Biotechnology: Electromedical & Electrotherapeutic Apparatus,76,1.3600000143051147,-27.272726693197423,65,,A+
VATE,INNOVATE Corp. Common Stock,Metal Fabrications,38,9.930000305175781,-50.49850164734644,92,31,E
VBIO,Valion Bio Inc. Common Stock,Biotechnology: Electromedical & Electrotherapeutic Apparatus,76,0.5090000033378601,-88.37899566121744,5,,E-
VBNK,VersaBank Common Shares,Commercial Banks,8,21.760000228881836,-8.187909622224687,89,86,A
VC,Visteon Corporation Common Stock,Auto Parts:O.E.M.,64,106.58000183105469,-16.406781259432147,49,51,E
VCEL,Vericel Corporation Common Stock,Biotechnology: Biological Products (No Diagnostic Substances),64,47.0,-2.711656667464457,79,44,A-
VCIG,VCI Global Limited Ordinary Share,Diversified Commercial Services,111,2.240000009536743,-99.90353143800445,23,,A+
VCTR,Victory Capital Holdings Inc. Class A Common Stock,Investment Managers,73,92.23999786376953,0.0,85,70,C+
VCYT,Veracyte Inc. Common Stock,Medical Specialities,34,56.970001220703125,-5.819144255399678,93,87,A-
VECO,Veeco Instruments Inc. Common Stock,Industrial Machinery/Components,68,57.400001525878906,-30.87668485906063,94,44,C
VEEA,Veea Inc. Common Stock,Blank Checks,76,0.21299999952316284,-88.42391327938984,3,,E
VEEE,Twin Vee PowerCats Co. Common Stock,Marine Transportation,11,4.820000171661377,-95.41301856902243,2,,B+
VEEV,Veeva Systems Inc. Class A Common Stock,Computer Software: Prepackaged Software,120,190.1199951171875,-37.913919940140815,33,,B
VEL,Velocity Financial Inc. Common Stock,Finance: Consumer Services,112,17.270000457763672,-16.811174049327747,36,,D+
VELO,Velo3D Inc. Common stock,Industrial Machinery/Components,68,13.239999771118164,-56.74616299536852,89,,B
VENU,Venu Holding Corporation Common Stock,Services-Misc. Amusement & Recreation,87,2.6600000858306885,-85.30386723884314,7,,E-
VEON,VEON Ltd. ADS,Telecommunications Equipment,74,53.29999923706055,-15.019135523443117,53,69,C+
VERA,Vera Therapeutics Inc. Class A Common Stock,Biotechnology: Pharmaceutical Preparations,68,42.0,-24.55541336189754,71,,B+
VERI,Veritone Inc. Common Stock,EDP Services,125,1.1799999475479126,-85.93563886457973,9,,E+
VERU,Veru Inc. Common Stock,Biotechnology: Pharmaceutical Preparations,68,2.7799999713897705,-54.426229264716305,35,13,A+
VERX,Vertex Inc. Class A Common Stock,Computer Software: Prepackaged Software,120,12.380000114440918,-65.81054839145348,19,,B-
VET,Vermilion Energy Inc. Common (Canada),Oil & Gas Production,43,9.399999618530273,-34.24068770775756,48,5,E
VFC,V.F. Corporation Common Stock,Garments and Clothing,72,16.770000457763672,-21.76703807031215,52,,D
VFF,Village Farms International Inc. Common Shares,,,2.0399999618530273,-51.196171157168614,26,,E
VFS,VinFast Auto Ltd. Ordinary Shares,Auto Manufacturing,138,3.049999952316284,-35.92437383069718,26,,D-
VG,Venture Global Inc. Class A common stock,Oil/Gas Transmission,61,12.239999771118164,-31.08003221492195,55,,D
VGAS,Verde Clean Fuels Inc. Class A Common Stock,Major Chemicals,54,1.0700000524520874,-70.27777553340529,9,,E-
VGNT,Versigent PLC Ordinary Shares,,,41.29999923706055,-17.679886895780673,84,,D+
VGZ,Vista Gold Corp Common Stock,Precious Metals,104,1.7200000286102295,-43.60655555735347,46,5,A
VHC,VirnetX Holding Corp Common Stock,Multi-Sector Companies,97,10.279999732971191,-58.615138205221804,14,,E-
VHCP,Vine Hill Capital Investment Corp. II Class A Ordinary Shares,,,10.0,-0.3984059960658093,45,,D
VHI,Valhi Inc. Common Stock,Major Chemicals,54,13.579999923706055,-24.906254518783744,37,,B-
VHUB,VenHub Global Inc. Common Stock,Industrial Machinery/Components,68,1.0199999809265137,-87.37623774062277,22,,B
VIA,Via Transportation Inc. Class A Common Stock,Computer Software: Prepackaged Software,120,17.93000030517578,-66.7531982130269,19,,A
VIAV,Viavi Solutions Inc. Common Stock,Semiconductors,1,43.08000183105469,-22.139887212374042,97,83,E-
VICI,VICI Properties Inc. Common Stock,Real Estate Investment Trusts,45,26.010000228881836,-18.379334870332386,34,,D-
VICR,Vicor Corporation Common Stock,Industrial Machinery/Components,68,272.04998779296875,-28.366425649744052,98,95,D
VIK,Viking Holdings Ltd Ordinary Shares,Marine Transportation,11,99.13999938964844,-5.535967344009595,87,50,B-
VINP,Vinci Compass Investments Ltd. Class A Common Shares,Investment Managers,73,10.005000114440918,-22.75616327005442,39,,E+
VIOT,Viomi Technology Co. Ltd American Depositary Shares,Consumer Electronics/Appliances,119,0.7900000214576721,-77.79894123704813,11,,D-
VIPS,Vipshop Holdings Limited American Depositary Shares each representing two ordinary shares,Catalog/Specialty Distribution,68,13.9399995803833,-29.792610532643728,30,,D+
VIR,Vir Biotechnology Inc. Common Stock,Biotechnology: Biological Products (No Diagnostic Substances),64,9.960000038146973,-10.189360675321801,85,5,C+
VIRC,Virco Manufacturing Corporation Common Stock,Industrial Specialties,84,6.360000133514404,-26.790224167180977,44,28,E-
VIRT,Virtu Financial Inc. Class A Common Stock,Investment Bankers/Brokers/Service,84,65.80000305175781,-1.526484058253319,92,87,B
VISN,Vistance Networks Inc. Common Stock,Radio And Television Broadcasting And Communications Equipment,18,12.489999771118164,-3.027952949204482,94,48,C
VIST,Vista Energy S.A.B. de C.V. American Depositary Shares each representing one series A share with no par value,Oil & Gas Production,43,64.80999755859375,-18.220823269913243,82,88,D
VITL,Vital Farms Inc. Common Stock,Packaged Foods,129,12.949999809265137,-75.29097529675994,13,,E+
VIV,Telefonica Brasil S.A. American Depositary Shares (Each representing One Common Share),Telecommunications Equipment,74,13.9399995803833,-14.930903087399994,56,,D
VIVK,Vivakor Inc. Common Stock,,,0.2624000012874603,-99.88099929648305,1,,E-
VIVO,VivoPower PLC Class A Ordinary Shares,Power Generation,59,5.230000019073486,-23.871905295557838,92,,A
VIVS,VivoSim Labs Inc. Common Stock,Biotechnology: Biological Products (No Diagnostic Substances),64,0.8799999952316284,-81.58995906682374,7,,A
VKI,Invesco Advantage Municipal Income Trust II Common Shares of Beneficial Interest (DE),Finance Companies,58,9.399999618530273,-1.4675088457291818,59,,C-
VKTX,Viking Therapeutics Inc. Common Stock,Biotechnology: Pharmaceutical Preparations,68,38.86000061035156,-7.761690896890261,69,21,A-
VLGEA,Village Super Market Inc. Class A Common Stock,Food Chains,55,43.04999923706055,-8.19624349144068,65,56,D-
VLN,Valens Semiconductor Ltd. Ordinary Shares,Semiconductors,1,2.0799999237060547,-41.07648893585818,77,,B+
VLO,Valero Energy Corporation Common Stock,Integrated oil Companies,10,280.69000244140625,-0.7741807139438839,89,80,C+
VLRS,Controladora Vuela Compania de Aviacion S.A.B. de C.V. American Depositary Shares each representing ten (10) Ordinary Participation Certificates,Air Freight/Delivery Services,9,8.34000015258789,-21.542802795853678,74,,D+
VLTO,Veralto Corp Common Stock,Electrical Products,3,92.69999694824219,-15.085062230949365,39,,C
VLY,Valley National Bancorp Common Stock,Major Banks,26,14.640000343322754,-1.5467353329282174,78,,C
VMAR,Vision Marine Technologies Inc. Common Shares,Marine Transportation,11,1.2699999809265137,-99.9526119410102,1,,E-
VMC,Vulcan Materials Company (Holding Company) Common Stock,Mining & Quarrying of Nonmetallic Minerals (No Fuels),67,295.25,-10.283174886731338,48,,C-
VMD,Viemed Healthcare Inc. Common Shares,Misc Health and Biotechnology Services,13,12.3100004196167,0.0,90,59,B
VMET,Versamet Royalties Corporation Common Stock,,,9.630000114440918,-28.824831452334642,31,,E-
VMI,Valmont Industries Inc. Common Stock,Metal Fabrications,38,546.8300170898438,-6.168700561054696,83,90,C
VNCE,Vince Holding Corp. Common Stock,Clothing/Shoe/Accessory Stores,92,6.300000190734863,-19.94917049115924,97,,A
VNDA,Vanda Pharmaceuticals Inc. Common Stock,Biotechnology: Pharmaceutical Preparations,68,6.239999771118164,-34.72803873194441,40,21,D
VNET,VNET Group Inc. American Depositary Shares,Computer Software: Programming Data Processing,110,8.010000228881836,-42.908051451648,36,21,C
VNO,Vornado Realty Trust Common Stock,Real Estate Investment Trusts,45,38.349998474121094,-8.777881996773862,71,34,B-
VNOM,Viper Energy Inc. Class A Common Stock,Oil & Gas Production,43,42.029998779296875,-16.33087371374208,57,38,E+
VNRX,VolitionRX Limited Common Stock,Biotechnology: In Vitro & In Vivo Diagnostic Substances,55,1.350000023841858,-91.34615390493555,3,,E-
VNT,Vontier Corporation Common Stock,Industrial Machinery/Components,68,29.420000076293945,-32.503634188414175,22,69,E+
VNTG,Vantage Corp Class A Ordinary Shares,Integrated Freight & Logistics,141,0.699999988079071,-90.84967347251451,11,,A+
VOD,Vodafone Group Plc American Depositary Shares,Telecommunications Equipment,74,14.720000267028809,-8.118412714022238,64,,B+
VOR,Vor Biopharma Inc. Common Stock,Biotechnology: Biological Products (No Diagnostic Substances),64,19.139999389648438,-61.720001220703125,39,32,A
VOXR,Vox Royalty Corp. Common Stock,Precious Metals,104,4.559999942779541,-28.63522725466443,49,96,E+
VOYA,Voya Financial Inc. Common Stock,Life Insurance,28,97.55999755859375,0.0,82,,B-
VOYG,Voyager Technologies Inc. Class A Common Stock,Military/Government/Technical,91,31.15999984741211,-39.810702005239776,40,21,C-
VPG,Vishay Precision Group Inc. Common Stock,Electrical Products,3,112.69999694824219,-24.82156347466772,98,74,B
VRA,Vera Bradley Inc. Common Stock,Apparel,40,4.03000020980835,-5.399061190516807,84,21,A+
VRAX,Virax Biolabs Group Limited Ordinary Shares,Biotechnology: In Vitro & In Vivo Diagnostic Substances,55,4.079999923706055,-85.29729757223043,15,,A+
VRCA,Verrica Pharmaceuticals Inc. Common Stock,Biotechnology: Pharmaceutical Preparations,68,6.260000228881836,-31.208791577316475,45,,B+
VRDN,Viridian Therapeutics Inc. Common Stock,Medical Specialities,34,19.739999771118164,-41.56305362800534,53,,A-
VREX,Varex Imaging Corporation Common Stock,Industrial Machinery/Components,68,11.050000190734863,-23.0501361077907,49,,D+
VRM,Vroom Inc. Common Stock,Retail-Auto Dealers and Gas Stations,105,7.329999923706055,-75.50133721585877,5,,A+
VRME,VerifyMe Inc. Common Stock,EDP Services,125,0.6600000262260437,-53.84615031925166,20,,E
VRNS,Varonis Systems Inc. Common Stock,Computer Software: Prepackaged Software,120,44.529998779296875,-29.663563712884354,84,,A
VRRM,Verra Mobility Corporation Class A Common Stock,Transportation Services,105,4.119999885559082,-83.86844268649074,2,,E+
VRSK,Verisk Analytics Inc. Common Stock,Diversified Commercial Services,111,185.38999938964844,-38.788579327150515,31,,D+
VRSN,VeriSign Inc. Common Stock,EDP Services,125,270.1099853515625,-12.867746660786295,46,,D-
VRT,Vertiv Holdings LLC Class A Common Stock,Industrial Machinery/Components,68,318.8599853515625,-15.231020612149859,93,95,E+
VRTS,Virtus Investment Partners Inc. Common Stock,Investment Managers,73,160.2100067138672,-20.689229818155564,48,,B
VRTX,Vertex Pharmaceuticals Incorporated Common Stock,Biotechnology: Pharmaceutical Preparations,68,485.3900146484375,-8.346080924045406,55,,B-
VRXA,Veraxa Biotech AG Ordinary Shares,Biotechnology: Pharmaceutical Preparations,68,2.200000047683716,-91.12545394741905,2,,A+
VS,Versus Systems Inc. Common Stock,EDP Services,125,1.4900000095367432,-46.40287680320133,48,,A
VSA,VisionSys AI Inc. American Depositary Shares,Other Consumer Services,123,3.319999933242798,-99.83441396841681,2,11,A
VSAT,ViaSat Inc. Common Stock,Radio And Television Broadcasting And Communications Equipment,18,73.55999755859375,-18.09375397143085,97,41,D-
VSEC,VSE Corporation Common Stock,Military/Government/Technical,91,211.3000030517578,-11.222214222735506,71,,C-
VSEE,VSee Health Inc. Common Stock,Medical/Nursing Services,32,0.11100000143051147,-92.34482773929373,4,,B
VSH,Vishay Intertechnology Inc. Common Stock,Electrical Products,3,44.66999816894531,-31.171036797074446,97,99,D-
VSME,VS Media Holdings Limited Class A Ordinary Shares,Publishing,102,1.5499999523162842,-97.39932887248428,30,,A+
VSNT,Versant Media Group Inc. Class A Common Stock,Broadcasting,95,35.38999938964844,-23.860087614513215,33,,D-
VST,Vistra Corp. Common Stock,Electric Utilities: Central,55,158.86000061035156,-26.79809806730592,37,,C-
VSTD,Vestand Inc. Class A Common Stock,Restaurants,105,0.21799999475479126,-90.66381194032898,8,,B+
VSTM,Verastem Inc. Common Stock,Biotechnology: Pharmaceutical Preparations,68,5.53000020980835,-48.65366782949402,32,,A-
VSTS,Vestis Corporation Common Stock,Consumer Specialties,30,14.529999732971191,-2.0229277968862758,96,43,A-
VSXY,Victorias Secret & Co. Common Stock,Clothing/Shoe/Accessory Stores,92,78.36000061035156,-11.457626428981282,96,50,B+
VTAK,Catheter Precision Inc. Common Stock,Medical/Dental Instruments,117,0.7900000214576721,-82.67543790853364,7,,A+
VTEX,VTEX Class A Common Shares,Computer Software: Prepackaged Software,120,4.059999942779541,-39.9408312823223,36,,A-
VTGN,Vistagen Therapeutics Inc. Common Stock,Biotechnology: Pharmaceutical Preparations,68,0.25999999046325684,-94.6938778489195,4,,E-
VTIX,Virtuix Holdings Inc. Class A Common Stock,Computer peripheral equipment,52,2.930000066757202,-87.98687929446712,3,,A-
VTMX,Corporacion Inmobiliaria Vesta S.A.B de C.V. American Depositary Shares each representing ten (10) Common Shares,Real Estate,87,34.189998626708984,-6.563196459813126,63,89,D-
VTN,Invesco Trust for Investment Grade New York Municipals Common Stock,Finance Companies,58,11.3100004196167,-3.408698482282657,53,,D+
VTOL,Bristow Group Inc. Common Stock,Transportation Services,105,43.630001068115234,-12.500815713975221,55,,D-
VTR,Ventas Inc. Common Stock,Real Estate Investment Trusts,45,90.66000366210938,-3.624955930453211,75,,C
VTRS,Viatris Inc. Common Stock,Biotechnology: Pharmaceutical Preparations,68,16.270000457763672,-5.753384277075679,87,62,C
VTS,Vitesse Energy Inc. Common Stock,Oil & Gas Production,43,15.470000267028809,-36.429082961772416,25,28,E+
VTSI,VirTra Inc. Common Stock,Miscellaneous manufacturing industries,123,3.0999999046325684,-57.53424899129347,15,5,E
VTVT,vTv Therapeutics Inc. Class A Common Stock,Biotechnology: Pharmaceutical Preparations,68,33.4900016784668,-21.596625169535898,73,62,C
VUZI,Vuzix Corporation Common Stock,Radio And Television Broadcasting And Communications Equipment,18,2.5,-51.361866440877144,32,,B
VVOS,Vivos Therapeutics Inc. Common Stock,Medical/Dental Instruments,117,0.4320000112056732,-93.78417233005146,3,,A+
VVV,Valvoline Inc. Common Stock,Major Chemicals,54,38.63999938964844,-4.991391371261322,61,,C+
VVX,V2X Inc. Common Stock,Diversified Commercial Services,111,74.98999786376953,-17.42098901017656,77,,E+
VWAV,VisionWave Holdings Inc. Common Stock,Computer Software: Prepackaged Software,120,4.21999979019165,-70.23977645013642,16,,E-
VYGR,Voyager Therapeutics Inc. Common Stock,Biotechnology: Biological Products (No Diagnostic Substances),64,3.440000057220459,-35.45966029154164,28,,C-
VYNE,VYNE Therapeutics Inc. Common Stock,Biotechnology: Pharmaceutical Preparations,68,0.6380000114440918,-56.30137022093237,52,21,E-
VYX,NCR Voyix Corporation Common Stock,Office Equipment/Supplies/Services,61,8.0600004196167,-44.907721417849686,34,47,B
VZ,Verizon Communications Inc. Common Stock,Telecommunications Equipment,74,42.119998931884766,-15.371084386292132,47,,E
VZLA,Vizsla Silver Corp. Common Shares,Precious Metals,104,3.130000114440918,-54.37317706235368,27,,E+
W,Wayfair Inc. Class A Common Stock,Catalog/Specialty Distribution,68,89.2300033569336,-25.04829813558238,68,21,B
WAB,Westinghouse Air Brake Technologies Corporation Common Stock,Railroads,28,261.2099914550781,-7.51992205133436,63,68,D-
WABC,Westamerica Bancorporation Common Stock,Major Banks,26,58.349998474121094,-2.8794995076704133,67,68,C-
WAFD,WaFd Inc. Common Stock,Major Banks,26,38.099998474121094,-2.407793082382803,73,86,C+
WAFDP,WaFd Inc. Depositary Shares,Major Banks,26,16.30500030517578,-1.4176526708864157,50,,E+
WAFU,Wah Fu Education Group Limited Ordinary Shares,Other Consumer Services,123,1.559999942779541,-24.637681493269746,39,,A
WAI,Top KingWin Ltd Class A Ordinary Shares,Business Services,92,1.9500000476837158,-84.24242385710129,15,,E-
WAL,Western Alliance Bancorporation Common Stock (DE),Major Banks,26,80.69000244140625,-15.153896577475923,43,,D
WALD,Waldencast plc Class A Ordinary Share,Package Goods/Cosmetics,84,1.7300000190734863,-43.831166820555026,69,,B+
WASH,Washington Trust Bancorp Inc. Common Stock,Major Banks,26,35.849998474121094,-1.88834817766258,68,,C-
WAT,Waters Corporation Common Stock,Biotechnology: Laboratory Analytical Instruments,52,376.42999267578125,-8.7530942747844,61,,B-
WATT,Energous Corporation Common Stock,Radio And Television Broadcasting And Communications Equipment,18,17.989999771118164,-49.080105183280374,95,,E
WAVE,Eco Wave Power Global AB (publ) American Depositary Shares,Electric Utilities: Central,55,8.920000076293945,-10.080645083760864,83,,A+
WAY,Waystar Holding Corp. Common Stock,EDP Services,125,22.43000030517578,-45.145510785079445,22,,A-
WB,Weibo Corporation American Depositary Share,Computer Software: Programming Data Processing,110,7.71999979019165,-35.590121322811555,26,57,E+
WBD,Warner Bros. Discovery Inc. Series A Common Stock,Services-Misc. Amusement & Recreation,87,26.59000015258789,-11.307536495697901,80,5,D
WBI,WaterBridge Infrastructure LLC Class A Shares Representing Limited Liability Company Interests,Oilfield Services/Equipment,18,33.709999084472656,-2.4030162393005705,86,,A
WBS,Webster Financial Corporation Common Stock,Major Banks,26,76.51000213623047,-1.4046344836644908,70,,D+
WBTN,WEBTOON Entertainment Inc. Common stock,Publishing,102,11.539999961853027,-45.84701900018232,39,,C-
WBUY,WEBUY GLOBAL LTD. Class A Ordinary Shares,Other Specialty Stores,117,0.7889999747276306,-91.46103902303288,7,,A
WBX,Wallbox N.V. Class A Ordinary Shares,Industrial Specialties,84,5.369999885559082,-25.312936817485376,85,,E-
WCC,WESCO International Inc. Common Stock,Telecommunications Equipment,74,335.0199890136719,-10.416702708013514,82,83,C-
WCN,Waste Connections Inc. Common Shares,Environmental Services,80,171.07000732421875,-10.287627083760775,45,,C+
WCT,Wellchange Holdings Company Limited Class A Ordinary shares,Computer Software: Prepackaged Software,120,1.0299999713897705,-94.97560989565966,2,,A+
WD,Walker & Dunlop Inc Common Stock,Finance: Consumer Services,112,50.22999954223633,-40.344859674544395,31,,C
WDAY,Workday Inc. Class A Common Stock,EDP Services,125,138.9499969482422,-43.901653042652654,28,,B-
WDC,Western Digital Corporation Common Stock,Electronic Components,5,582.5900268554688,-21.928890274616087,99,72,C-
WDFC,WD-40 Company Common Stock,Major Chemicals,54,264.9100036621094,0.0,76,44,A
WDS,Woodside Energy Group Limited American Depositary Shares each representing one Ordinary Share,Oil & Gas Production,43,20.18000030517578,-18.563358571449797,65,,D+
WEAV,Weave Communications Inc. Common Stock,Computer Software: Prepackaged Software,120,6.929999828338623,-17.59809804906127,62,76,A-
WEC,WEC Energy Group Inc. Common Stock,Power Generation,59,114.95999908447266,-3.273032763644046,51,,D
WELL,Welltower Inc. Common Stock,Real Estate Investment Trusts,45,231.58999633789062,-2.525358850322579,78,,C
WEN,Wendy's Company (The) Common Stock,Restaurants,105,7.550000190734863,-28.69749694790934,37,46,A
WERN,Werner Enterprises Inc. Common Stock,Trucking Freight/Courier Services,6,43.849998474121094,-2.0768207470468925,87,43,B
WEST,Westrock Coffee Company Common Stock,Beverages (Production/Distribution),97,7.429999828338623,-23.638230443010656,90,,C
WETH,Wetouch Technology Inc. Common Stock,Computer peripheral equipment,52,1.340000033378601,-62.03965880342375,50,,E
WETO,Wetour Robotics Limited Ordinary Shares,Other Transportation,,0.6399999856948853,-73.10924559156055,26,,D+
WEX,WEX Inc. common stock,Business Services,92,157.5,-14.832636003977695,45,88,C-
WEYS,Weyco Group Inc. Common Stock,Apparel,40,37.91999816894531,-4.938584233757459,74,42,C
WF,Woori Financial Group Inc. American Depositary Shares (each representing three (3) shares of Common Stock),Commercial Banks,8,64.08999633789062,-24.126914393624364,53,,D-
WFC,Wells Fargo & Company Common Stock,Major Banks,26,87.16000366210938,-8.61174151672257,49,88,D+
WFCF,Where Food Comes From Inc. Common Stock,Computer Software: Prepackaged Software,120,12.420000076293945,-31.49475647428114,49,,A-
WFF,WF Holding Limited Ordinary Shares,Miscellaneous manufacturing industries,123,1.9700000286102295,-71.8571424484253,54,,A-
WFG,West Fraser Timber Co. Ltd Common stock,Forest Products,76,67.2699966430664,-12.872726403155443,46,,C+
WFRD,Weatherford International plc Ordinary Shares,Oil and Gas Field Machinery,35,84.36000061035156,-24.28648178360484,57,88,E
WGO,Winnebago Industries Inc. Common Stock,Homebuilding,49,29.3700008392334,-39.725871092298334,31,42,D+
WGRX,Wellgistics Health Inc. Common Stock,Other Pharmaceuticals,139,3.069999933242798,-96.45086712919908,4,,A+
WGS,GeneDx Holdings Corp. Class A Common Stock,Retail: Computer Software & Peripheral Equipment,15,65.63999938964844,-60.8154495843286,22,37,B
WH,Wyndham Hotels & Resorts Inc. Common Stock,Hotels/Resorts,35,78.54000091552734,-12.816115205009348,39,,D-
WHD,Cactus Inc. Class A Common Stock,Oil and Gas Field Machinery,35,53.790000915527344,-14.057919420100017,65,,E+
WHF,WhiteHorse Finance Inc. Common Stock,Finance Companies,58,6.429999828338623,-17.01206593179766,36,,E
WHG,Westwood Holdings Group Inc Common Stock,Investment Managers,73,19.489999771118164,-4.178959562896467,70,,A
WHLR,Wheeler Real Estate Investment Trust Inc. Common Stock,Real Estate Investment Trusts,45,0.4099999964237213,-99.98114422301153,1,5,A-
WHR,Whirlpool Corporation Common Stock,Consumer Electronics/Appliances,119,40.720001220703125,-61.11099695853828,12,,E
WHWK,Whitehawk Therapeutics Inc. Common Stock,Biotechnology: Pharmaceutical Preparations,68,3.9700000286102295,-22.15686072848565,88,21,A-
WILC,G. Willi-Food International  Ltd. Ordinary Shares,Food Distributors,13,31.549999237060547,-14.49865058966533,82,,C
WIMI,WiMi Hologram Cloud Inc. Class B Ordinary Shares,Computer Software: Prepackaged Software,120,1.4900000095367432,-70.9551661540435,12,,D-
WINA,Winmark Corporation Common Stock,Other Specialty Stores,117,385.44000244140625,-23.26344021606126,33,,D-
WING,Wingstop Inc. Common Stock,Restaurants,105,153.2899932861328,-59.130424629700805,16,,D+
WIT,Wipro Limited Common Stock,EDP Services,125,1.8700000047683716,-38.88888759031273,19,,E
WIX,Wix.com Ltd. Ordinary Shares,Computer Software: Programming Data Processing,110,50.13999938964844,-72.78549832028267,10,42,E
WK,Workiva Inc. Class A Common Stock,Computer Software: Prepackaged Software,120,52.16999816894531,-44.08959432649722,20,90,C+
WKC,World Kinect Corporation Common Stock,Oil Refining/Marketing,137,35.31999969482422,0.0,85,,B+
WKEY,WISeKey International Holding Ltd American Depositary Shares,EDP Services,125,6.869999885559082,-61.40449337067737,45,,C-
WKHS,Workhorse Group Inc. Common Stock,Auto Manufacturing,138,2.6500000953674316,-95.0037706455023,12,21,B
WKSP,Worksport Ltd. Common Stock,Auto Parts:O.E.M.,64,0.8550000190734863,-80.02336501960659,10,5,A+
WLDN,Willdan Group Inc. Common Stock,Military/Government/Technical,91,72.08000183105469,-46.58366642437751,25,93,E+
WLDS,Wearable Devices Ltd. Ordinary Share,Computer Communications Equipment,7,1.590000033378601,-98.12455761232344,2,,E-
WLFC,Willis Lease Finance Corporation Common Stock,Industrial Specialties,84,221.00999450683594,-7.877957928712432,85,73,C-
WLK,Westlake Corporation Common Stock,Major Chemicals,54,75.48999786376953,-38.452536741091635,26,,E
WLTH,Wealthfront Corporation Common Stock,Finance: Consumer Services,112,9.350000381469727,-32.97490674329787,22,30,E
WLY,John Wiley & Sons Inc. Common Stock,Books,4,50.310001373291016,-3.990255223457928,83,,A-
WLYB,John Wiley & Sons Inc. Common Stock,Books,4,50.66230010986328,-4.935409450470319,82,,A
WM,Waste Management Inc. Common Stock,Environmental Services,80,233.3300018310547,-4.558458082127148,51,82,C
WMB,Williams Companies Inc. (The) Common Stock,Natural Gas Distribution,24,75.0199966430664,-4.818664600875689,68,83,D+
WMG,Warner Music Group Corp. Class A Common Stock,Services-Misc. Amusement & Recreation,87,28.989999771118164,-16.116902143636814,43,79,C
WMK,Weis Markets Inc. Common Stock,Food Chains,55,79.7699966430664,-3.4612134883415635,64,67,C
WMS,Advanced Drainage Systems Inc. Common Stock,Containers/Packaging,48,150.47000122070312,-13.989603953832875,56,70,B-
WMT,Walmart Inc. Common Stock,Department/Specialty Retail Stores,59,113.9000015258789,-15.126673535016932,46,76,E+
WNC,Wabash National Corporation Common Stock,Construction/Ag Equipment/Trucks,35,12.899999618530273,-7.6273349712794865,83,5,A-
WNEB,Western New England Bancorp Inc. Common Stock,Savings Institutions,22,13.9399995803833,-4.976145140519062,66,,B
WNW,Meiwu Technology Company Limited Ordinary Shares,Catalog/Specialty Distribution,68,3.890000104904175,-98.61269608074947,7,,A+
WOK,WORK Medical Technology Group LTD Class A Ordinary Shares,Medical/Dental Instruments,117,2.299999952316284,-99.99974780702277,1,,A
WOLF,Wolfspeed Inc. Common Stock New,Semiconductors,1,35.290000915527344,-51.98639331220769,88,,C-
WOOF,Petco Health and Wellness Company Inc. Class A Common Stock,Other Specialty Stores,117,2.559999942779541,-41.284406780142966,27,,E+
WOR,Worthington Enterprises Inc. Common Shares,Steel/Iron Ore,66,54.27000045776367,-18.375384683881336,41,,E
WPC,W. P. Carey Inc. REIT,Real Estate Investment Trusts,45,71.66000366210938,-5.373030514780252,57,61,D-
WPM,Wheaton Precious Metals Corp Common Shares (Canada),Precious Metals,104,110.05000305175781,-33.38824712480722,37,,E+
WPP,WPP plc American Depositary Shares,Advertising,97,18.489999771118164,-33.905486082911004,34,,E+
WPRT,Westport Fuel Systems Inc Common Shares,Industrial Machinery/Components,68,2.0799999237060547,-48.258708120026796,38,5,A+
WRAP,Wrap Technologies Inc. Common Stock,Ordnance And Accessories,15,2.4600000381469727,-20.645157618527488,81,,A+
WRB,W.R. Berkley Corporation Common Stock,Property-Casualty Insurers,46,72.19000244140625,-5.559180865761338,52,,C-
WRBY,Warby Parker Inc. Class A Common Stock,Ophthalmic Goods,115,29.049999237060547,-4.2518157845734645,77,,A-
WRD,WeRide Inc. American Depositary Shares,EDP Services,125,5.570000171661377,-55.00807657373016,14,,E
WRLD,World Acceptance Corporation Common Stock,Finance: Consumer Services,112,199.77999877929688,-10.744762924994566,75,31,C
WRN,Western Copper and Gold Corporation Common Stock,Metal Mining,71,2.2100000381469727,-45.43210039340829,46,,E+
WS,Worthington Steel Inc. Common Shares,Steel/Iron Ore,66,33.04999923706055,-31.53580011289191,44,30,D-
WSBC,WesBanco Inc. Common Stock,Major Banks,26,38.97999954223633,-2.9140770589720866,65,85,B+
WSBF,Waterstone Financial Inc. Common Stock (MD),Savings Institutions,22,19.760000228881836,-4.599995985069616,74,37,C+
WSBK,Winchester Bancorp Inc. Common Stock,,,13.114999771118164,-1.1307996104206408,70,,C+
WSC,WillScot Holdings Corporation Class A Common Stock,Misc Corporate Leasing Services,12,26.239999771118164,-16.04755734960246,75,45,C+
WSFS,WSFS Financial Corporation Common Stock,Major Banks,26,77.61000061035156,-1.0959610003480669,78,91,C-
WSHP,WeShop Holdings Limited Class A Ordinary Shares,Other Specialty Stores,117,5.679999828338623,-97.16000008583069,10,,A+
WSM,Williams-Sonoma Inc. Common Stock (DE),Home Furnishings,40,221.75,-7.669566685838891,70,,B-
WSO,Watsco Inc. Common Stock,Industrial Machinery/Components,68,383.8599853515625,-19.73215300477542,41,,D+
WSO-B,Watsco Inc.,,,385.0,-15.080396994405232,49,,A
WSR,Whitestone REIT Common Shares,Real Estate Investment Trusts,45,18.989999771118164,-0.05263278358861312,81,,C+
WST,West Pharmaceutical Services Inc. Common Stock,Medical/Dental Instruments,117,353.7099914550781,-3.2892216056515378,84,70,B-
WT,WisdomTree Inc. Common Stock,Investment Bankers/Brokers/Service,84,19.219999313354492,-3.2225643369994894,83,,B-
WTBA,West Bancorporation Common Stock,Major Banks,26,26.31999969482422,-3.976651436175771,71,64,B+
WTF,Waton Financial Limited Ordinary Shares,Investment Bankers/Brokers/Service,84,3.049999952316284,-57.04225361571854,22,,D+
WTFC,Wintrust Financial Corporation Common Stock,Major Banks,26,161.52000427246094,-0.7801394840281417,66,,C-
WTI,W&T Offshore Inc. Common Stock,Oil & Gas Production,43,3.369999885559082,-31.211018225366637,91,,B-
WTM,White Mountains Insurance Group Ltd. Common Stock,Property-Casualty Insurers,46,2181.18994140625,-5.959273088447814,53,5,C-
WTRG,Essential Utilities Inc. Common Stock,Water Supply,79,38.58000183105469,-6.5174867991457,43,,D+
WTS,Watts Water Technologies Inc. Class A Common Stock,Metal Fabrications,38,352.3599853515625,-9.985956223395053,75,91,E+
WTTR,Select Water Solutions Inc. Class A common stock,Oilfield Services/Equipment,18,19.25,-3.942120156867046,92,72,C
WTW,Willis Towers Watson Public Limited Company Ordinary Shares,Specialty Insurers,105,289.6499938964844,-16.418308828955574,37,58,C-
WU,Western Union Company (The) Common Stock,Business Services,92,7.840000152587891,-19.26586944418829,37,,E+
WULF,TeraWulf Inc. Common Stock,EDP Services,125,21.969999313354492,-24.18909710010606,96,,C-
WVE,Wave Life Sciences Ltd. Ordinary Shares,Biotechnology: Pharmaceutical Preparations,68,6.25,-70.67104572203888,21,5,D+
WVVI,Willamette Valley Vineyards Inc. Common Stock,Beverages (Production/Distribution),97,2.930000066757202,-45.43761398139855,34,,A-
WW,WW International Inc.  Common Stock,Other Consumer Services,123,15.399999618530273,-65.69391885070623,26,,B+
WWD,Woodward Inc. Common Stock,Industrial Machinery/Components,68,406.3999938964844,-6.882964067656672,80,78,C-
WWR,Westwater Resources Inc. Common Stock,Metal Mining,71,0.4699999988079071,-86.49425298184224,14,,E
WWW,Wolverine World Wide Inc. Common Stock,Shoe Manufacturing,80,17.709999084472656,-44.15772291558086,37,,C-
WXM,WF International Limited Ordinary Shares,Engineering & Construction,30,3.0,-92.3076923076923,5,,E-
WY,Weyerhaeuser Company Common Stock,Real Estate Investment Trusts,45,23.450000762939453,-11.97055564239088,40,68,D-
WYFI,WhiteFiber Inc. Ordinary Shares,Finance: Consumer Services,112,38.5,-14.004914884195351,97,,A-
WYHG,Wing Yip Food Holdings Group Limited American Depositary Shares,Specialty Foods,92,4.170000076293945,-36.72230683247575,91,,E+
WYNN,Wynn Resorts Limited Common stock,Hotels/Resorts,35,99.7699966430664,-24.67483357047675,33,73,D
WYY,WidePoint Corporation Common Stock,EDP Services,125,13.149999618530273,-34.90099444621645,98,31,A+
XAIR,Beyond Air Inc. Common Stock,Medical/Dental Instruments,117,0.4169999957084656,-89.30769267919266,5,,C
XBIO,Xenetic Biosciences Inc. Common Stock,Biotechnology: Pharmaceutical Preparations,68,2.734999895095825,-73.60038623811094,28,,B-
XBIT,XBiotech Inc. Common Stock,Biotechnology: Pharmaceutical Preparations,68,2.2899999618530273,-34.57142966134208,32,,C-
XBP,XBP Global Holdings Inc. Common Stock,EDP Services,125,2.7200000286102295,-83.31288247900103,10,,C+
XCH,XCHG Limited American Depositary Share,Electrical Products,3,0.7900000214576721,-59.89847665053125,15,,A+
XCUR,Exicure Inc. Common Stock,Biotechnology: Pharmaceutical Preparations,68,1.75,-80.24830623236954,5,,E-
XEL,Xcel Energy Inc. Common Stock,Power Generation,59,80.05999755859375,-3.1581057327306095,52,50,D
XELB,Xcel Brands Inc. Common Stock,Multi-Sector Companies,97,1.6200000047683716,-33.33333496857731,60,,A+
XENE,Xenon Pharmaceuticals Inc. Common Shares,Biotechnology: Pharmaceutical Preparations,68,68.91999816894531,-2.874860402829027,90,,A
XERS,Xeris Biopharma Holdings Inc. Common Stock,Biotechnology: Pharmaceutical Preparations,68,8.34000015258789,-15.75757097022975,79,52,A-
XFLH,XFLH Capital Corporation Ordinary Shares,Blank Checks,76,9.970000267028809,-2.541537505784508,45,,D+
XFLT,XAI Floating Rate & Alternative Income Trust Common Shares of Beneficial Interest,Investment Managers,73,18.030000686645508,-27.246865363901783,32,,D+
XFOR,X4 Pharmaceuticals Inc. Common Stock,Biotechnology: Biological Products (No Diagnostic Substances),64,4.409999847412109,-5.56745663028273,86,,A-
XGN,Exagen Inc. Common Stock,Medical Specialities,34,4.449999809265137,-62.79264385391592,36,21,A-
XHG,XChange TEC.INC American Depositary Shares,Real Estate,87,0.8529999852180481,-47.34568007979664,28,,A+
XHLD,TEN Holdings Inc. Common Stock,Business Services,92,2.0399999618530273,-69.57494429432509,50,,A+
XHR,Xenia Hotels & Resorts Inc. Common Stock,Hotels/Resorts,35,20.170000076293945,-2.4131925090934314,87,89,B-
XLO,Xilio Therapeutics Inc. Common Stock,Biotechnology: Pharmaceutical Preparations,68,9.100000381469727,-24.681339611702523,37,,A-
XMAX,XMAX Inc. Common Stock,Home Furnishings,40,8.600000381469727,-6.010920874211911,95,,C+
XMTR,Xometry Inc. Class A Common Stock,Business Services,92,96.06999969482422,-0.4662214710867474,96,93,B
XNCR,Xencor Inc. Common Stock,Biotechnology: Pharmaceutical Preparations,68,15.850000381469727,-12.624030238311335,81,21,B+
XNDU,Xanadu Quantum Technologies Limited Class B Subordinate Voting Shares,Computer Manufacturing,15,11.170000076293945,-69.0753034147139,86,,E+
XNET,Xunlei Limited American Depositary Shares,Computer Software: Prepackaged Software,120,5.730000019073486,-46.846009638126596,31,,D
XOM,ExxonMobil Holdings Corporation Common Stock,Integrated oil Companies,10,138.8800048828125,-18.456492909949716,58,,E+
XOMA,XOMA Royalty Corporation Common Stock,Biotechnology: Pharmaceutical Preparations,68,44.220001220703125,-1.7333306206597232,83,97,B+
XOS,Xos Inc. Common Stock,Auto Parts:O.E.M.,64,2.4700000286102295,-66.89008021474802,58,,A+
XP,XP Inc. Class A Common Stock,Investment Bankers/Brokers/Service,84,16.920000076293945,-25.319519405704895,37,,D-
XPEL,XPEL Inc. Common Stock,Industrial Specialties,84,44.4900016784668,-19.035484875784224,52,61,E+
XPER,Xperi Inc. Common Stock,Computer Software: Prepackaged Software,120,7.789999961853027,-9.837966987196145,73,64,B
XPEV,XPeng Inc. American depositary shares each representing two Class A ordinary shares,Auto Manufacturing,138,13.029999732971191,-53.58033532371655,16,32,E+
XPL,Solitario Resources Corp. Common Stock,Precious Metals,104,0.7699999809265137,-18.947369411711556,51,,C
XPO,XPO Inc. Common Stock,Transportation Services,105,207.8800048828125,-8.972277738965051,80,,D-
XPOF,Xponential Fitness Inc. Class A Common Stock,Services-Misc. Amusement & Recreation,87,6.849999904632568,-37.783835038773226,27,,C+
XPON,Expion360 Inc. Common Stock,Industrial Machinery/Components,68,0.3610000014305115,-82.12871263172332,6,5,E
XPRO,Expro Group Holdings N.V. Common Stock,Oilfield Services/Equipment,18,15.460000038146973,-15.932569052453227,66,45,C
XRAY,DENTSPLY SIRONA Inc. Common Stock,Medical/Dental Instruments,117,12.260000228881836,-25.220539210764713,40,21,B
XRN,Chiron Real Estate Inc. Common Stock,Real Estate Investment Trusts,45,36.31999969482422,-4.671912993660399,58,12,D
XRTX,XORTX Therapeutics Inc. Common Shares,Biotechnology: Pharmaceutical Preparations,68,2.174999952316284,-60.45454632152211,18,,A
XRX,Xerox Holdings Corporation Common Stock,Computer peripheral equipment,52,2.819999933242798,-55.66673788212717,84,21,B+
XSLL,Xsolla SPAC 1 Class A Ordinary Shares,Blank Checks,76,9.949999809265137,0.0,46,,D+
XTIA,XTI Aerospace Inc. Common Stock,EDP Services,125,1.409999966621399,-53.92156885661148,20,,E+
XTLB,XTL Biopharmaceuticals Ltd. American Depositary Shares,Biotechnology: Pharmaceutical Preparations,68,2.9100000858306885,-64.51219324977673,31,21,A+
XTNT,Xtant Medical Holdings Inc. Common Stock,Biotechnology: Biological Products (No Diagnostic Substances),64,0.41999998688697815,-54.34782834044021,19,40,E+
XWEL,XWELL Inc. Common Stock,Other Consumer Services,123,0.949999988079071,-44.11764932751237,59,,E-
XXI,Twenty One Capital Inc. Class A Common Stock,Finance: Consumer Services,112,5.269999980926514,-86.08397113925076,9,,E
XXII,22nd Century Group Inc. Common Stock,Medicinal Chemicals and Botanical Products,135,4.230000019073486,-99.79264705788854,1,,E-
XYF,X Financial American Depositary Shares each representing six Class A Ordinary Shares,Finance: Consumer Services,112,4.679999828338623,-75.05680326830621,19,,D+
XYL,Xylem Inc. Common Stock New,Fluid Controls,49,121.22000122070312,-19.93904532015316,33,,C-
XYZ,Block Inc. Class A Common Stock,Computer Software: Prepackaged Software,120,77.30000305175781,-4.6973215755438,62,,B
XZO,Exzeo Group Inc. Common Stock,Property-Casualty Insurers,46,17.040000915527344,-29.731954987516108,34,,B
YAAS,Youxin Technology Ltd Class A Ordinary shares,Computer Software: Prepackaged Software,120,0.9929999709129333,-97.8599139261685,13,,A+
YALA,Yalla Group Limited American Depositary Shares each representing one Class A Ordinary Share,Computer Software: Programming Data Processing,110,5.380000114440918,-40.748896920199094,22,,D-
YB,Yuanbao Inc. American Depositary Shares,Specialty Insurers,105,14.420000076293945,-48.204022998349295,20,,B
YCBD,cbdMD Inc. Common Stock,Package Goods/Cosmetics,84,0.7870000004768372,-65.33039616345641,32,,A
YDDL,One and One Green Technologies. Inc Class A Ordinary Shares,Industrial Specialties,84,1.9600000381469727,-87.22294642339807,3,,E-
YDES,YD Bio Limited Ordinary Shares,Medical Specialities,34,2.2300000190734863,-90.35049779239463,3,,A+
YDKG,Yueda Digital Holding Class A Ordinary Share,Advertising,97,0.9800000190734863,-99.82342341998675,11,,A
YELP,Yelp Inc. Common Stock,Other Consumer Services,123,25.809999465942383,-26.80090557412116,31,,C+
YETI,YETI Holdings Inc. Common Stock,Recreational Games/Products/Toys,103,48.90999984741211,-4.491308881428835,81,,B-
YEXT,Yext Inc. Common Stock,EDP Services,125,5.090000152587891,-44.432311819023425,40,87,B+
YHC,LQR House Inc. Common Stock,Beverages (Production/Distribution),97,0.024000000208616257,-99.77632804070359,1,,E-
YHGJ,Yunhong Green CTI Ltd. Common Stock,Specialty Chemicals,120,3.049999952316284,-67.2746775516519,20,,A-
YHNA,YHN Acquisition I Limited Ordinary Shares,,,10.859999656677246,-1.1828946055354783,47,,D+
YHNAU,YHN Acquisition I Limited Unit,,,10.890000343322754,-5.304344840671704,49,,C
YI,111 Inc. American Depositary Shares,Retail-Drug Stores and Proprietary Stores,129,4.199999809265137,-49.88067121828023,27,,A-
YIBO,Planet Image International Limited Class A Ordinary Shares,Industrial Machinery/Components,68,1.0800000429153442,-31.645568760708553,47,,E-
YJ,Yunji Inc. American Depository Shares,Other Specialty Stores,117,1.4500000476837158,-36.956518358904766,30,,C-
YMAT,J-Star Holding Co. Ltd. Class A Ordinary Shares,Recreational Games/Products/Toys,103,2.367500066757202,-91.75087106682459,29,,A+
YMM,Full Truck Alliance Co. Ltd. American Depositary Shares (each representing 20 Class A Ordinary Shares),Computer Software: Prepackaged Software,120,8.569999694824219,-37.54628362241029,28,,C
YMT,Yimutian Inc. American Depositary Shares,EDP Services,125,0.5,-98.80952380952381,1,,E-
YOOV,Concorde International Group Ltd Class A Ordinary Shares,Diversified Commercial Services,111,0.6000000238418579,-90.16393388160226,3,,A+
YORW,York Water Company (The) Common Stock,Water Supply,79,30.600000381469727,-8.53704659366451,41,,D
YOU,Clear Secure Inc. Class A Common Stock,Computer Software: Prepackaged Software,120,55.220001220703125,-11.19921914946257,88,78,C
YOUL,Youlife Group Inc. American Depositary Shares,Other Consumer Services,123,0.5709999799728394,-88.58000040054321,6,,A+
YPF,YPF Sociedad Anonima Common Stock,Integrated oil Companies,10,47.58000183105469,-15.563437232556543,86,,C
YQ,17 Education & Technology Group Inc. American Depositary Shares,Other Consumer Services,123,2.4000000953674316,-61.47672410883307,45,,B-
YRD,Yiren Digital Ltd. American Depositary Shares each representing two ordinary shares,Finance: Consumer Services,112,1.2599999904632568,-80.90909077773081,6,,A+
YSG,Yatsen Holding Limited American Depositary Shares each representing twenty (20) Class A Ordinary Shares,Package Goods/Cosmetics,84,3.619999885559082,-66.9708040788372,25,,B
YSS,York Space Systems Inc. Common Stock,Military/Government/Technical,91,19.889999389648438,-54.223247317837675,11,,E
YSXT,YSX Tech. Co. Ltd Class A Ordinary Shares,Automotive Aftermarket,129,1.0099999904632568,-81.73598639884572,13,,D+
YTRA,Yatra Online Inc. Ordinary Shares,Transportation Services,105,0.9200000166893005,-51.832459017437074,20,,B
YUM,Yum! Brands Inc.,Restaurants,105,163.5399932861328,-2.358356963092023,55,76,C-
YUMC,Yum China Holdings Inc. Common Stock,Restaurants,105,43.02000045776367,-24.85753165746617,34,,D
YXT,YXT.COM GROUP HOLDING LIMITED American Depository Shares,Computer Software: Prepackaged Software,120,0.335999995470047,-69.72973052794143,9,,A
YYAI,AiRWA Inc. Common Stock,Recreational Games/Products/Toys,103,8.109999656677246,-99.91724490146248,1,,D-
YYGH,YY Group Holding Limited Class A Ordinary Shares,Professional Services,97,1.4299999475479126,-99.97187807379454,1,,A
Z,Zillow Group Inc. Class C Capital Stock,Business Services,92,32.189998626708984,-64.36005454442709,12,88,E+
ZBAO,Zhibao Technology Inc. Class A Ordinary Shares,Specialty Insurers,105,0.42399999499320984,-66.61417312117709,8,,A+
ZBH,Zimmer Biomet Holdings Inc. Common Stock,Industrial Specialties,84,91.33999633789062,-14.306097628974623,41,73,D-
ZBIO,Zenas BioPharma Inc. Common Stock,Biotechnology: Pharmaceutical Preparations,68,28.739999771118164,-33.425987977473405,93,,A
ZBRA,Zebra Technologies Corporation Class A Common Stock,Industrial Machinery/Components,68,272.5199890136719,-20.1663930431076,53,46,B-
ZCMD,Zhongchao Inc. Class A Ordinary Shares,Other Consumer Services,123,2.0299999713897705,-99.78172043318389,1,,A+
ZD,Ziff Davis Inc. Common Stock,Telecommunications Equipment,74,52.18000030517578,-2.975080904496097,83,,B
ZDAI,DirectBooking Technology Co. Ltd. Class A Ordinary Shares,General Bldg Contractors - Nonresidential Bldgs,133,1.9500000476837158,-83.39577677557885,5,,A+
ZDGE,Zedge Inc. Class B Common Stock,Computer Software: Prepackaged Software,120,3.0999999046325684,-33.18879019396322,38,,A
ZENA,ZenaTech Inc. Common Stock,Computer Software: Prepackaged Software,120,1.3899999856948853,-79.22272086986501,8,,B-
ZEO,Zeo Energy Corporation Class A Common Stock,Industrial Machinery/Components,68,0.6439999938011169,-76.41025680213441,17,12,D
ZEPP,Zepp Health Corporation American depositary shares each representing sixteen Class A ordinary shares,Computer Manufacturing,15,5.340000152587891,-91.28447835369447,6,,E-
ZETA,Zeta Global Holdings Corp. Class A Common Stock,Computer Software: Prepackaged Software,120,21.489999771118164,-14.89109001537361,75,21,B+
ZG,Zillow Group Inc. Class A Common Stock,Business Services,92,32.0,-63.116644522721856,12,97,E+
ZGN,Ermenegildo Zegna N.V. Ordinary Shares,Apparel,40,13.4399995803833,-8.972665693924753,79,,C
ZH,Zhihu Inc. American Depositary Shares each representing three (3) Class A Ordinary Shares,Business Services,92,3.259999990463257,-39.85239954660001,29,,C-
ZIM,ZIM Integrated Shipping Services Ltd. Ordinary Shares,Marine Transportation,11,23.969999313354492,-16.042031685103474,77,,E
ZION,Zions Bancorporation N.A. Common Stock,Major Banks,26,70.66000366210938,-0.05656759244571097,72,,C
ZIP,ZipRecruiter Inc. Class A Common Stock,Computer Software: Programming Data Processing,110,3.869999885559082,-29.508195866994214,79,,A-
ZJK,ZJK Industrial Co. Ltd. Class A Ordinary Shares,Metal Fabrications,38,1.899999976158142,-54.54545324913773,22,,A-
ZJYL,JIN MEDICAL INTERNATIONAL LTD. Class A Ordinary Shares,Industrial Specialties,84,1.8700000047683716,-88.99999997195076,9,,A+
ZKH,ZKH Group Limited American Depositary Shares each representing thirty-five (35) Class A Ordinary Shares,RETAIL: Building Materials,109,2.7699999809265137,-26.912928527519288,30,21,E+
ZKIN,ZK International Group Co. Ltd Ordinary Share,Metal Fabrications,38,1.4500000476837158,-53.07443081034774,30,,B-
ZLAB,Zai Lab Limited American Depositary Shares,Biotechnology: Pharmaceutical Preparations,68,20.489999771118164,-49.41989479119122,27,,D+
ZM,Zoom Communications Inc. Class A Common Stock,Computer Software: Programming Data Processing,110,89.76000213623047,-19.771179531836935,58,,C-
ZNB,Zeta Network Group Class A Ordinary Shares,Engineering & Construction,30,0.44999998807907104,-99.9821782182939,1,,E-
ZNTL,Zentalis Pharmaceuticals Inc. Common Stock,Biotechnology: Pharmaceutical Preparations,68,4.880000114440918,-26.17246572056694,97,,A
ZONE,CleanCore Solutions Inc. Class B Common Stock,Industrial Machinery/Components,68,0.7160000205039978,-89.56268211999016,85,,B+
ZOOZ,ZOOZ Strategy Ltd. Ordinary Shares,Industrial Machinery/Components,68,5.289999961853027,-92.77322379453999,9,,E
ZS,Zscaler Inc. Common Stock,EDP Services,125,139.27000427246094,-58.583873428324715,21,,D-
ZSQR,Z Squared Inc. Common Stock,Finance: Consumer Services,112,8.5600004196167,-54.46808102660812,16,,D-
ZSTK,ZeroStack Corp. Common Stock,Biotechnology: Pharmaceutical Preparations,68,2.240000009536743,-93.31542786709917,4,,E-
ZTEK,Zentek Ltd. Common Stock,Major Chemicals,54,0.47999998927116394,-55.96330508510723,15,,A
ZTG,Zenta Group Company Limited Class A Ordinary Shares,Professional Services,97,2.809999942779541,-32.61391147798476,86,,D+
ZTO,ZTO Express (Cayman) Inc. American Depositary Shares each representing one Class A ordinary share.,Trucking Freight/Courier Services,6,23.829999923706055,-7.921171961119267,64,,D
ZTS,Zoetis Inc. Class A Common Stock,Biotechnology: Pharmaceutical Preparations,68,75.55999755859375,-51.67897014018163,11,,E
ZUMZ,Zumiez Inc. Common Stock,Clothing/Shoe/Accessory Stores,92,18.110000610351562,-40.8556495297439,30,,E
ZURA,Zura Bio Limited Class A Ordinary Shares,Biotechnology: Biological Products (No Diagnostic Substances),64,5.110000133514404,-27.414770437450684,90,,A
ZVIA,Zevia PBC Class A Common Stock,Beverages (Production/Distribution),97,1.7200000286102295,-50.0,48,,A
ZVRA,Zevra Therapeutics Inc. Common Stock,Biotechnology: Pharmaceutical Preparations,68,13.350000381469727,-9.491522837493383,82,96,B+
ZWS,Zurn Elkay Water Solutions Corporation Common Stock,Industrial Machinery/Components,68,47.349998474121094,-10.108731885713663,53,,D+
ZYBT,Zhengye Biotechnology Holding Limited Class A Ordinary Shares,Biotechnology: Pharmaceutical Preparations,68,0.7799999713897705,-93.84129511457458,10,,E
ZYME,Zymeworks Inc. Common Stock,Biotechnology: Pharmaceutical Preparations,68,25.8799991607666,-9.383754745414697,78,21,C
