symbol,name,industry,industry_rank,price,pct_off_high,rs_rating,eps_rating,ad_rating
A,Agilent Technologies Inc. Common Stock,Biotechnology: Laboratory Analytical Instruments,59,134.0399932861328,-14.220846110287223,54,77,B-
AA,Alcoa Corporation Common Stock,Aluminum,,48.720001220703125,-41.85463576994103,45,61,E-
AACB,Artius II Acquisition Inc. Class A Ordinary Shares,,,10.550000190734863,0.0,49,,D
AACG,ATA Creativity Global American Depositary Shares,Other Consumer Services,125,0.9509000182151794,-62.70980250993995,39,38,A
AAL,American Airlines Group Inc. Common Stock,Air Freight/Delivery Services,18,16.309999465942383,-10.13774210060776,81,38,B+
AAME,Atlantic American Corporation Common Stock,Life Insurance,21,1.659999966621399,-52.97450481372519,15,,E
AAMI,Acadian Asset Management Inc. Common Stock,Investment Managers,73,78.80999755859375,-4.726793525639817,91,80,E+
AAOI,Applied Optoelectronics Inc. Common Stock,Semiconductors,2,111.87999725341797,-49.85208687017828,98,4,E
AAON,AAON Inc. Common Stock,Industrial Machinery/Components,68,112.19000244140625,-24.271061677221706,78,82,C-
AAP,Advance Auto Parts Inc.,Auto & Home Supply Stores,109,55.310001373291016,-15.156603381638266,56,74,C+
AAPG,Ascentage Pharma Group International American Depository Shares,Biotechnology: Pharmaceutical Preparations,85,19.600000381469727,-59.08142013131159,15,,E
AAPL,Apple Inc. Common Stock,Computer Manufacturing,12,317.30999755859375,0.0,79,79,B-
AARD,Aardvark Therapeutics Inc. Common Stock,Biotechnology: Pharmaceutical Preparations,85,5.960000038146973,-65.76680017011665,29,11,A
AAT,American Assets Trust Inc. Common Stock,Real Estate Investment Trusts,46,25.139999389648438,-1.4504148801005923,82,38,B-
AAUC,Allied Gold Corporation Common Shares,,,22.459999084472656,-29.83442592259131,52,11,E+
ABAT,American Battery Technology Company Common Stock,Metal Mining,97,2.5,-77.93468652396736,26,9,B+
ABBV,AbbVie Inc. Common Stock,Biotechnology: Pharmaceutical Preparations,85,248.0,-5.00632280903387,71,73,A-
ABCB,Ameris Bancorp Common Stock,Major Banks,21,89.81999969482422,-1.996728642211698,69,83,C
ABCL,AbCellera Biologics Inc. Common Shares,Biotechnology: Pharmaceutical Preparations,85,6.519999980926514,-19.704432600769728,91,4,A-
ABEO,Abeona Therapeutics Inc. Common Stock,Biotechnology: Pharmaceutical Preparations,85,7.010000228881836,-3.042873991857098,83,4,A-
ABEV,Ambev S.A. American Depositary Shares (Each representing 1 Common Share),Beverages (Production/Distribution),93,3.059999942779541,-10.532363170052971,69,62,D
ABG,Asbury Automotive Group Inc Common Stock,Retail-Auto Dealers and Gas Stations,117,210.72999572753906,-19.97190115976529,34,61,C
ABLV,Able View Global Inc. Class B Ordinary Shares,Other Consumer Services,125,1.0499999523162842,-14.634151541947904,88,,A-
ABM,ABM Industries Incorporated Common Stock,Diversified Commercial Services,97,45.36000061035156,-6.224178501039779,55,66,B-
ABNB,Airbnb Inc. Class A Common Stock,Diversified Commercial Services,97,146.3300018310547,-1.7457805496483902,62,55,C+
ABOS,Acumen Pharmaceuticals Inc. Common Stock,Biotechnology: Biological Products (No Diagnostic Substances),65,2.640000104904175,-21.661715295097128,85,4,A
ABR,Arbor Realty Trust Common Stock,Real Estate Investment Trusts,46,4.909999847412109,-56.50539628772846,13,37,E-
ABSI,Absci Corporation Common Stock,Biotechnology: Commercial Physical & Biological Resarch,20,10.210000038146973,-12.134250097234567,99,4,A
ABT,Abbott Laboratories Common Stock,Biotechnology: Pharmaceutical Preparations,85,92.11000061035156,-31.50956412028133,24,73,D+
ABTC,American Bitcoin Corp. Class A Common Stock,EDP Services,125,5.284999847412109,-96.21553879097938,3,,E-
ABTS,Abits Group Inc Ordinary Shares,Computer Software: Programming Data Processing,111,1.1699999570846558,-88.60759586237226,10,,A+
ABUS,Arbutus Biopharma Corporation Common Stock,Biotechnology: Pharmaceutical Preparations,85,4.664999961853027,-10.632181046854916,67,61,B
ABVC,ABVC BioPharma Inc. Common Stock,Biotechnology: Pharmaceutical Preparations,85,1.350000023841858,-65.99496186113505,16,4,A-
ABVX,Abivax SA American Depositary Shares,Biotechnology: Pharmaceutical Preparations,85,135.97999572753906,-6.420756993883048,99,20,B+
ABX,Abacus Global Management Inc. Class A Common Stock,Investment Managers,73,11.0,-8.333333333333337,91,91,A-
ACA,Arcosa Inc. Common Stock,Metal Fabrications,45,144.9199981689453,-0.3164167687557784,86,93,A-
ACAD,ACADIA Pharmaceuticals Inc. Common Stock,Biotechnology: Pharmaceutical Preparations,85,25.5,-9.123305469230548,63,44,B+
ACB,Aurora Cannabis Inc. Common Shares,Medicinal Chemicals and Botanical Products,135,2.6700000762939453,-57.142856049444724,14,9,E
ACCL,Acco Group Holdings Limited Class A Ordinary Shares,Professional Services,104,1.899999976158142,-57.87139956245171,29,,E-
ACCO,Acco Brands Corporation Common Stock,Publishing,104,3.940000057220459,-9.425284055189898,69,57,B+
ACCS,ACCESS Newswire Inc. Common Stock,Publishing,104,6.849999904632568,-44.62409080028078,20,55,E+
ACDC,ProFrac Holding Corp. Class A Common Stock,Oilfield Services/Equipment,10,5.199999809265137,-36.50793558377971,43,4,E+
ACEL,Accel Entertainment Inc.,Services-Misc. Amusement & Recreation,89,12.720000267028809,-5.145410799661255,60,95,C-
ACET,Adicet Bio Inc. Common Stock,Biotechnology: Pharmaceutical Preparations,85,8.550000190734863,-48.617785430606894,42,4,B
ACFN,Acorn Energy Inc. Common Stock,Military/Government/Technical,101,18.29990005493164,-40.15729201900587,38,4,A-
ACGL,Arch Capital Group Ltd. Common Stock,Property-Casualty Insurers,36,103.05999755859375,0.0,59,94,C-
ACH,Accendra Health Inc. Common Stock,Medical Specialities,30,3.369999885559082,-59.10194200039675,44,29,B-
ACHC,Acadia Healthcare Company Inc. Common Stock,Medical Specialities,30,30.559999465942383,-4.260653531017988,86,39,B+
ACHR,Archer Aviation Inc. Class A Common Stock,Aerospace,93,4.550000190734863,-66.64222818027827,13,4,D-
ACHV,Achieve Life Sciences Inc. Common Shares,Biotechnology: In Vitro & In Vivo Diagnostic Substances,97,6.099999904632568,-6.584996804899057,94,4,A-
ACI,Albertsons Companies Inc. Class A Common Stock,Food Chains,50,14.789999961853027,-30.913711137501075,27,53,E+
ACIC,American Coastal Insurance Corporation Common Stock,Property-Casualty Insurers,36,11.170000076293945,-8.862798937346817,44,78,C+
ACIU,AC Immune SA Common Stock,Biotechnology: Pharmaceutical Preparations,85,2.450000047683716,-38.596490179753864,25,4,E+
ACIW,ACI Worldwide Inc. Common Stock,Computer Software: Prepackaged Software,117,56.43000030517578,0.0,78,57,A-
ACLS,Axcelis Technologies Inc. Common Stock,Industrial Machinery/Components,68,136.55999755859375,-28.72651711461086,88,64,D
ACM,AECOM Common Stock,Military/Government/Technical,101,68.68000030517578,-48.30300282799362,18,85,E+
ACMR,ACM Research Inc. Class A Common Stock,Industrial Machinery/Components,68,94.08000183105469,-25.857039732376542,97,56,B+
ACN,Accenture plc Class A Ordinary Shares (Ireland),Business Services,80,138.52000427246094,-51.00353185093967,14,73,E
ACNB,ACNB Corporation Common Stock,Major Banks,21,59.939998626708984,-2.13877775231186,80,93,B
ACNT,Ascent Industries Co. Common Stock,Steel/Iron Ore,46,15.180000305175781,-14.623173684253999,61,9,E
ACOG,Alpha Cognition Inc. Common Stock,,,8.380000114440918,-22.51502136309914,70,4,B+
ACON,Aclarion Inc. Common Stock,Medical Specialities,30,2.690000057220459,-72.23942029196608,10,4,C-
ACR,ACRES Commercial Realty Corp. Common Stock,Real Estate Investment Trusts,46,17.65999984741211,-26.539104929877166,34,38,A-
ACRE,Ares Commercial Real Estate Corporation Common Stock,Real Estate Investment Trusts,46,4.340000152587891,-18.88729861384656,40,44,D-
ACRS,Aclaris Therapeutics Inc. Common Stock,Biotechnology: Pharmaceutical Preparations,85,5.5,-3.677758962242017,97,4,A-
ACRV,Acrivon Therapeutics Inc. Common Stock,Biotechnology: Pharmaceutical Preparations,85,1.9800000190734863,-34.2192682609028,73,4,A-
ACT,Enact Holdings Inc. Common Stock,Specialty Insurers,91,45.439998626708984,-0.5906813895679708,70,78,C-
ACTG,Acacia Research Corporation (Acacia Tech) Common Stock,Multi-Sector Companies,93,4.409999847412109,-14.534884150745608,58,33,E+
ACTU,Actuate Therapeutics Inc. Common stock,Biotechnology: Pharmaceutical Preparations,85,1.5,-82.79816566437906,9,20,A
ACU,Acme United Corporation. Common Stock,Industrial Machinery/Components,68,47.459999084472656,-2.703789525216449,61,53,B-
ACVA,ACV Auctions Inc. Class A Common Stock,Business Services,80,6.809999942779541,-58.29761191306835,47,44,B
ACXP,Acurx Pharmaceuticals Inc. Common Stock,Biotechnology: Pharmaceutical Preparations,85,1.5800000429153442,-83.54166687362724,7,4,E
AD,Array Digital Infrastructure Inc. Common Shares,Telecommunications Equipment,73,34.02000045776367,-22.771991973538864,42,77,E
ADAG,Adagene Inc. American Depositary Shares,Biotechnology: Pharmaceutical Preparations,85,3.819999933242798,-20.08368691272594,92,9,A-
ADAM,Adamas Trust Inc. Common Stock,Real Estate Investment Trusts,46,9.0600004196167,-4.731859079229972,83,64,B-
ADBE,Adobe Inc. Common Stock,Computer Software: Prepackaged Software,117,230.61000061035156,-38.152706404312774,24,90,E+
ADC,Agree Realty Corporation Common Stock,Real Estate Investment Trusts,46,78.62000274658203,-2.6685926008763627,59,76,D+
ADCT,ADC Therapeutics SA Common Shares,Biotechnology: Pharmaceutical Preparations,85,1.25,-74.38524650233113,5,4,E-
ADEA,Adeia Inc. Common Stock,Computer Software: Prepackaged Software,117,27.68000030517578,-17.539035207941545,87,77,C
ADGM,Adagio Medical Holdings Inc Common Stock,Medical/Dental Instruments,113,0.5709999799728394,-75.80508451888493,7,20,E-
ADI,Analog Devices Inc. Common Stock,Semiconductors,2,386.010009765625,-13.349645271183286,83,92,E+
ADIL,Adial Pharmaceuticals Inc Common Stock,Biotechnology: Pharmaceutical Preparations,85,2.8299999237060547,-82.03174651615204,37,4,A+
ADM,Archer-Daniels-Midland Company Common Stock,Packaged Foods,120,82.04000091552734,-2.461062513141221,82,52,C-
ADMA,ADMA Biologics Inc Common Stock,Biotechnology: Biological Products (No Diagnostic Substances),65,8.970000267028809,-55.98625791753271,17,88,E+
ADNT,Adient plc Ordinary Shares,Auto Parts:O.E.M.,59,19.200000762939453,-29.125136010361786,32,62,D-
ADP,Automatic Data Processing Inc. Common Stock,Diversified Commercial Services,97,251.0500030517578,-17.017229523177292,56,77,B
ADPT,Adaptive Biotechnologies Corporation Common Stock,Biotechnology: Biological Products (No Diagnostic Substances),65,21.020000457763672,-6.034869605825143,90,4,A-
ADSE,ADS-TEC ENERGY PLC Ordinary Shares,Industrial Specialties,88,12.079999923706055,-6.9337415275071095,51,,B+
ADSK,Autodesk Inc. Common Stock,Computer Software: Prepackaged Software,117,212.22000122070312,-35.05921366273029,26,94,D-
ADT,ADT Inc. Common Stock,Diversified Commercial Services,97,6.78000020980835,-21.57009394252467,33,88,D-
ADTN,ADTRAN Holdings Inc. Common Stock,Telecommunications Equipment,73,12.430000305175781,-35.92783221859946,66,73,E+
ADUR,Aduro Clean Technologies Inc. Common Stock,Major Chemicals,59,15.579999923706055,-10.408277915293096,82,20,B
ADUS,Addus HomeCare Corporation Common Stock,Medical/Nursing Services,25,108.86000061035156,-11.315681783827646,53,72,B-
ADV,Advantage Solutions Inc. Class A Common Stock,Business Services,80,41.18000030517578,-15.959183050661673,86,20,C+
ADVB,Advanced Biomed Inc. Common Stock,Medical Specialities,30,5.099999904632568,-68.12500059604645,14,35,A
ADXN,Addex Therapeutics Ltd American Depositary Shares,Biotechnology: Pharmaceutical Preparations,85,5.710000038146973,-47.85388002184654,20,,E+
AEBI,Aebi Schmidt Holding AG Common Stock,Auto Manufacturing,138,11.890000343322754,-23.67395284824213,44,,D+
AEC,Anfield Energy Inc. Common Shares,Metal Mining,97,4.170000076293945,-61.67279381955939,17,,E+
AEE,Ameren Corporation Common Stock,Power Generation,51,113.43000030517578,-4.132859535379419,59,72,D+
AEG,Aegon Ltd. New York Registry Shares,Life Insurance,21,8.75,-0.5681839733083893,69,4,C-
AEHL,Antelope Enterprise Holdings Limited Class A Ordinary Shares,Building Materials,49,0.8395000100135803,-96.76866811083354,5,,A+
AEHR,Aehr Test Systems Common Stock,Electrical Products,4,68.0199966430664,-41.653803761609495,98,37,D-
AEI,Alset Inc. Common Stock (TX),Real Estate,89,1.2651000022888184,-70.3723651536337,16,,B
AEIS,Advanced Energy Industries Inc. Common Stock,Industrial Machinery/Components,68,298.5199890136719,-23.245793542162506,83,87,E-
AEM,Agnico Eagle Mines Limited Common Stock,Precious Metals,113,143.50999450683594,-42.954330752599866,27,98,E
AEMD,Aethlon Medical Inc. Common Stock,Medical/Dental Instruments,113,0.6690000295639038,-96.94520529124648,3,,A+
AENT,Alliance Entertainment Holding Corporation Class A Common Stock,Durable Goods,130,5.980000019073486,-29.062873041630432,33,57,C+
AEO,American Eagle Outfitters Inc. Common Stock,Clothing/Shoe/Accessory Stores,87,16.030000686645508,-42.05659404198274,47,86,E+
AEON,AEON Biopharma Inc. Class A Common Stock,Biotechnology: Pharmaceutical Preparations,85,0.3221000134944916,-76.99285578715556,5,9,E-
AEP,American Electric Power Company Inc. Common Stock,Electric Utilities: Central,59,135.6300048828125,-2.2063577076412155,64,60,D+
AER,AerCap Holdings N.V. Ordinary Shares,Diversified Commercial Services,97,149.13999938964844,-3.146775847910721,63,90,C-
AERO,Grupo Aeromexico S.A.B. de C.V. American Depositary Shares (each representing ten (10) Common Shares),Air Freight/Delivery Services,18,15.300000190734863,-33.21693455854329,27,52,E+
AERT,Aeries Technology Inc. Class A Ordinary Share,Professional Services,104,6.570000171661377,-25.340908758403845,77,,A
AES,The AES Corporation Common Stock,Electric Utilities: Central,59,14.760000228881836,-13.53014313551899,57,98,D+
AESI,Atlas Energy Solutions Inc. Common Stock,Mining & Quarrying of Nonmetallic Minerals (No Fuels),79,14.770000457763672,-25.215187555626983,79,4,D+
AEVA,Aeva Technologies Inc. Common Stock,Auto Parts:O.E.M.,59,18.809999465942383,-41.638226084078866,66,4,C
AEYE,AudioEye Inc. Common Stock,Computer Software: Prepackaged Software,117,7.349999904632568,-52.17957085648206,30,75,E+
AFBI,Affinity Bancshares Inc. Common Stock (MD),Banks,25,22.68000030517578,0.0,60,70,D
AFCG,Advanced Flower Capital Inc. Common Stock,Real Estate,89,2.8499999046325684,-39.11897721139085,39,43,C+
AFG,American Financial Group Inc. Common Stock,Property-Casualty Insurers,36,143.35000610351562,0.0,59,78,C
AFJK,Aimei Health Technology Co. Ltd Ordinary Share,,,12.239999771118164,-86.16949178404727,11,,E-
AFJKU,Aimei Health Technology Co. Ltd Unit,,,28.010000228881836,-62.83667346668358,75,,E
AFL,AFLAC Incorporated Common Stock,Accident &Health Insurance,13,123.30000305175781,0.0,65,65,C-
AFRI,Forafric Global PLC Ordinary Shares,Packaged Foods,120,10.600000381469727,-6.028363187933783,66,,B+
AFRM,Affirm Holdings Inc. Class A Common Stock,Finance: Consumer Services,119,81.93000030517578,-11.119548672234568,82,76,B+
AFYA,Afya Limited Class A Common Shares,Other Consumer Services,125,14.25,-10.151322140788432,40,67,D
AG,First Majestic Silver Corp. Ordinary Shares (Canada),Precious Metals,113,16.399999618530273,-48.71963744630764,61,90,D-
AGBK,AGI Inc Class A Common Shares,Commercial Banks,8,7.119999885559082,-40.66666762034098,24,,D
AGCC,Agencia Comercial Spirits Ltd Class A Ordinary Shares,Beverages (Production/Distribution),93,14.1899995803833,-40.77629331138344,90,,D-
AGCO,AGCO Corporation Common Stock,Industrial Machinery/Components,68,114.08000183105469,-18.590352184918945,44,68,D-
AGEN,Agenus Inc. Common Stock,Biotechnology: Biological Products (No Diagnostic Substances),65,6.119999885559082,-13.314448510468091,87,33,A+
AGI,Alamos Gold Inc. Class A Common Shares,Precious Metals,113,28.860000610351562,-47.73464854574333,22,97,E-
AGIG,Abundia Global Impact Group Inc. Common stock,Oil & Gas Production,35,1.0099999904632568,-91.70090399234553,10,,D
AGIO,Agios Pharmaceuticals Inc. Common Stock,Biotechnology: Pharmaceutical Preparations,85,40.54999923706055,-10.85953453315579,69,4,A-
AGL,agilon health inc. Common Stock,Misc Health and Biotechnology Services,13,115.8499984741211,-2.8511543193953104,99,30,A-
AGM,Federal Agricultural Mortgage Corporation Common Stock,Finance Companies,53,202.6699981689453,-0.21663258337060176,74,75,B-
AGMB,AgomAb Therapeutics NV American Depositary Shares,Biotechnology: Biological Products (No Diagnostic Substances),65,12.3100004196167,-30.92031071587441,41,,B-
AGMH,AGM Group Holdings Inc. Class A Ordinary Shares,EDP Services,125,1.100000023841858,-89.36170205407056,17,,A
AGNC,AGNC Investment Corp. Common Stock,Real Estate Investment Trusts,46,10.989999771118164,-3.4979193666219044,66,31,C
AGNT,AGNT Inc. Common Stock,Real Estate,89,4.519999980926514,-61.012261785807794,12,33,D
AGO,Assured Guaranty Ltd. Common Stock,Property-Casualty Insurers,36,83.7300033569336,-8.309306422524843,46,75,D
AGPU,Axe Compute Inc. Common Stock,Industrial Specialties,88,7.010000228881836,-61.0555542839898,63,,A
AGRO,Adecoagro S.A. Common Shares,Farming/Seeds/Milling,101,10.380000114440918,-31.620553980478196,53,53,E
AGRZ,Agroz Inc. Ordinary Shares,Farming/Seeds/Milling,101,0.3797999918460846,-93.90369196334983,11,,E-
AGX,Argan Inc. Common Stock,Engineering & Construction,42,599.739990234375,-24.896374753954287,94,94,E
AGYS,Agilysys Inc. Common Stock (DE),EDP Services,125,109.75,-22.229305699123316,79,78,A
AHCO,AdaptHealth Corp. Common Stock,Medical/Nursing Services,25,10.289999961853027,-23.094171346477644,42,31,D-
AHG,Akso Health Group ADS,Business Services,80,1.4800000190734863,-40.79999923706055,28,30,D
AHMA,Ambitions Enterprise Management Co. L.L.C Class A Ordinary Shares,Services-Misc. Amusement & Recreation,89,1.7899999618530273,-95.17650247261457,59,,A+
AHR,American Healthcare REIT Inc. Common Stock,Real Estate Investment Trusts,46,54.349998474121094,-1.253638135771895,77,71,C+
AHRT,AH Realty Trust Inc. Common Stock,Real Estate,89,7.059999942779541,-1.6713076382739778,69,4,C+
AHT,Ashford Hospitality Trust Inc Common Stock,Real Estate Investment Trusts,46,3.2100000381469727,-54.724965175419584,24,4,B+
AI,C3.ai Inc. Class A Common Stock,Computer Software: Prepackaged Software,117,9.15999984741211,-68.58710598304395,20,4,D-
AIDX,20/20 Biolabs Inc. Common Stock,Precision Instruments,38,0.5698000192642212,-97.61090142494535,2,,A+
AIFA,All In FutureTech Alliance Inc. Common Stock,Services-Misc. Amusement & Recreation,89,2.0,-82.8178699225959,21,4,A
AIFC,AI Financial Corporation Common Stock,Finance: Consumer Services,119,0.5303000211715698,-94.08807128890729,5,94,E
AIFF,Firefly Neuroscience Inc. Common Stock,Computer Software: Prepackaged Software,117,1.149999976158142,-62.295082159434486,16,,C+
AIFU,AIFU Inc. Class A Ordinary Share,Specialty Insurers,91,35.45000076293945,-80.73369523753291,25,39,B
AIG,American International Group Inc. New Common Stock,Life Insurance,21,79.9000015258789,-6.564963367933907,48,93,C+
AIHS,Senmiao Technology Limited Common Stock,Finance: Consumer Services,119,1.4500000476837158,-62.53229740149616,39,,A
AII,American Integrity Insurance Group Inc. Common Stock,Property-Casualty Insurers,36,19.25,-22.40410673273392,49,51,B
AIIO,Robo.ai Inc. Class B Ordinary Shares,Auto Manufacturing,138,4.0,-92.3664124360292,97,,A+
AIIR,Air Global PLC Ordinary Shares,Tobacco,,7.119999885559082,-52.53333409627279,17,,E
AIM,AIM ImmunoTech Inc. Common Stock,Biotechnology: Biological Products (No Diagnostic Substances),65,0.26600000262260437,-97.03517846835939,4,4,A+
AIMD,Ainos Inc. Common Stock,Computer peripheral equipment,46,1.899999976158142,-55.294118208043706,33,,A+
AIN,Albany International Corporation Common Stock,Textiles,33,71.87999725341797,-5.780578855926855,75,56,B-
AIOS,AIOS Tech Inc. Class A Common Shares,Metal Fabrications,45,13.600000381469727,-85.2173908897068,16,,A
AIOT,PowerFleet Inc. Common Stock,Telecommunications Equipment,73,4.320000171661377,-23.539821261181093,60,77,B
AIP,Arteris Inc. Common Stock,Semiconductors,2,32.790000915527344,-32.5169771299518,97,4,B-
AIR,AAR Corp. Common Stock,Aerospace,93,130.89999389648438,-8.850363247579452,84,95,B-
AIRE,reAlpha Tech Corp. Common Stock,Real Estate,89,1.6699999570846558,-95.39310356666302,3,11,E-
AIRG,Airgain Inc. Common Stock,Radio And Television Broadcasting And Communications Equipment,10,5.929999828338623,-19.756428478006093,76,9,D-
AIRI,Air Industries Group Common Stock,Military/Government/Technical,101,2.690000057220459,-25.277774208857593,25,4,E-
AIRJ,AirJoule Technologies Corporation Class A Common Stock,Industrial Machinery/Components,68,3.9600000381469727,-39.908953771543054,51,11,C+
AIRO,AIRO Group Holdings Inc. Common Stock,Aerospace,93,6.050000190734863,-78.99305433678772,10,20,D+
AIRS,AirSculpt Technologies Inc. Common Stock,Medical/Nursing Services,25,4.199999809265137,-63.94849831080942,79,4,B+
AIRT,Air T Inc. Common Stock,Air Freight/Delivery Services,18,28.399999618530273,-11.222257512577682,81,,A
AISP,Airship AI Holdings Inc. Class A Common Stock,Computer Software: Prepackaged Software,117,2.180000066757202,-68.76790743839322,18,4,E-
AIT,Applied Industrial Technologies Inc. Common Stock,Industrial Specialties,88,329.3500061035156,-4.130523982201839,74,82,C-
AIV,Apartment Investment and Management Company Common Stock,Real Estate Investment Trusts,46,2.799999952316284,-14.502488764668254,38,97,D
AIXC,AIxCrypto Holdings Inc. Common Stock,Biotechnology: Pharmaceutical Preparations,85,0.920199990272522,-84.6888526584345,7,4,E
AIXI,XIAO-I Corporation American Depositary Shares,Computer Software: Prepackaged Software,117,1.690000057220459,-96.37339031639887,1,,E-
AIZ,Assurant Inc. Common Stock,Property-Casualty Insurers,36,279.8800048828125,-0.0821036309938572,81,91,C+
AJG,Arthur J. Gallagher & Co. Common Stock,Specialty Insurers,91,261.2300109863281,-16.242545964918875,50,79,B
AKA,a.k.a. Brands Holding Corp. Common Stock,Catalog/Specialty Distribution,59,11.180000305175781,-24.966438983851667,52,4,D-
AKAM,Akamai Technologies Inc. Common Stock,Business Services,80,125.12999725341797,-22.34702883990686,88,74,C+
AKAN,Akanda Corp. Common Shares,Medicinal Chemicals and Botanical Products,135,9.579999923706055,-91.08276750353517,91,,A
AKBA,Akebia Therapeutics Inc. Common Stock,Biotechnology: Pharmaceutical Preparations,85,1.3799999952316284,-65.58603699590229,20,20,A
AKO-A,Embotelladora Andina S.A.,,,22.600000381469727,-13.559773594755564,56,61,D
AKO-B,Embotelladora Andina S.A.,,,30.600000381469727,-5.605370849527436,70,65,B+
AKR,Acadia Realty Trust Common Stock,Real Estate Investment Trusts,46,21.34000015258789,-4.389960023995854,58,99,E+
AKTS,Aktis Oncology Inc. Common stock,Biotechnology: Pharmaceutical Preparations,85,25.575000762939453,-20.64846066961845,80,9,A-
AKTX,Akari Therapeutics plc ADS,Biotechnology: Pharmaceutical Preparations,85,13.399999618530273,-70.4845833300424,94,,A+
ALAB,Astera Labs Inc. Common Stock,Semiconductors,2,362.04998779296875,-25.044512436788423,98,96,A-
ALAR,Alarum Technologies Ltd. American Depositary Share,Computer Software: Prepackaged Software,117,2.119999885559082,-87.5440668123364,3,45,E-
ALB,Albemarle Corporation Common Stock,Major Chemicals,59,125.79000091552734,-41.5123329785003,55,39,E
ALBT,Avalon GloboCare Corp. Common Stock,Biotechnology: Biological Products (No Diagnostic Substances),65,0.26330000162124634,-91.134680165493,5,,E-
ALC,Alcon Inc. Ordinary Shares,Ophthalmic Goods,113,69.0,-24.81260239684372,30,88,D-
ALCO,Alico Inc. Common Stock,,,41.09000015258789,-7.4682263677529725,60,32,B
ALDF,Aldel Financial II Inc. Class A Ordinary Shares,,,10.699999809265137,-0.27958745807121765,48,,D
ALDX,Aldeyra Therapeutics Inc. Common Stock,Biotechnology: Pharmaceutical Preparations,85,1.9299999475479126,-67.23259777084695,17,4,B+
ALEC,Alector Inc. Common Stock,Biotechnology: Biological Products (No Diagnostic Substances),65,1.5099999904632568,-54.51807166187591,17,20,E
ALG,Alamo Group Inc. Common Stock,Industrial Machinery/Components,68,162.24000549316406,-29.821928579363078,29,45,D+
ALGM,Allegro MicroSystems Inc. Common Stock,Semiconductors,2,50.85499954223633,-26.953465188231363,89,82,C+
ALGN,Align Technology Inc. Common Stock,Industrial Specialties,88,180.58999633789062,-12.838460249083761,56,68,C+
ALGS,Aligos Therapeutics Inc. Common Stock,Biotechnology: Biological Products (No Diagnostic Substances),65,6.360000133514404,-52.162466363164626,19,20,A
ALGT,Allegiant Travel Company Common Stock,Air Freight/Delivery Services,18,106.88999938964844,-10.297082825923553,87,88,B+
ALH,Alliance Laundry Holdings Inc. Common Stock,Industrial Machinery/Components,68,25.860000610351562,-3.9732628395795833,58,,D+
ALHC,Alignment Healthcare Inc. Common Stock,Medical Specialities,30,20.3799991607666,-17.019545586604078,63,94,D
ALIT,Alight Inc. Class A Common Stock,Business Services,80,20.84000015258789,-81.39918860398333,38,20,B+
ALK,Alaska Air Group Inc. Common Stock,Air Freight/Delivery Services,18,46.79999923706055,-26.71469027597476,50,38,C+
ALKS,Alkermes plc Ordinary Shares,Biotechnology: Pharmaceutical Preparations,85,51.869998931884766,-6.066646531623721,92,67,A-
ALKT,Alkami Technology Inc. Common Stock,Computer Software: Prepackaged Software,117,17.68000030517578,-38.992406540902756,30,73,B
ALL,Allstate Corporation (The) Common Stock,Property-Casualty Insurers,36,256.45001220703125,0.0,77,97,B-
ALLE,Allegion plc Ordinary Shares,Diversified Commercial Services,97,136.36000061035156,-23.546533239739432,32,69,D+
ALLO,Allogene Therapeutics Inc. Common Stock,Biotechnology: Biological Products (No Diagnostic Substances),65,1.9299999475479126,-36.92810510987123,61,20,D+
ALLR,Allarity Therapeutics Inc. Common Stock,Biotechnology: Pharmaceutical Preparations,85,1.1299999952316284,-42.63959498372157,32,,D-
ALLT,Allot Ltd. Ordinary Shares,Computer Communications Equipment,15,8.359999656677246,-27.30435081150221,42,91,B+
ALLY,Ally Financial Inc. Common Stock,Major Banks,21,45.119998931884766,-4.507938768497855,60,69,C-
ALM,Almonty Industries Inc. Common Shares,Other Metals and Minerals,135,15.015000343322754,-35.888128546501804,91,,E+
ALMS,Alumis Inc. Common Stock,Biotechnology: Pharmaceutical Preparations,85,28.100000381469727,-7.260722478500781,99,4,A
ALMU,Aeluma Inc. Common Stock,Semiconductors,2,16.219999313354492,-48.4915864361769,63,20,D+
ALNT,Allient Inc. Common Stock,Electrical Products,4,87.2699966430664,-15.214226771280714,92,85,D+
ALNY,Alnylam Pharmaceuticals Inc. Common Stock,Biotechnology: Pharmaceutical Preparations,85,288.05999755859375,-41.358251528286296,25,99,E
ALOT,AstroNova Inc. Common Stock,Computer peripheral equipment,46,28.520000457763672,-0.1750060818852761,98,80,A+
ALOV,Aldabra 4 Liquidity Opportunity Vehicle Inc. Class A Ordinary Shares,,,9.9399995803833,-0.6000041961669922,46,,D
ALOY,REalloys Inc. Common Stock,EDP Services,125,11.069999694824219,-57.225656670012384,60,,B-
ALP,Alpha Compute Corp Common Stock,Oil & Gas Production,35,0.29089999198913574,-97.33363889956297,8,4,A-
ALPS,ALPS Group Inc Ordinary Share,,,0.5011000037193298,-80.42578066719578,6,,D-
ALRM,Alarm.com Holdings Inc. Common Stock,Computer Software: Prepackaged Software,117,52.2400016784668,-11.697089565236062,56,55,B
ALRS,Alerus Financial Corporation Common Stock,Major Banks,21,31.260000228881836,-0.9505679408654211,83,87,B
ALSN,Allison Transmission Holdings Inc. Common Stock,Auto Parts:O.E.M.,59,115.9800033569336,-14.50866299800625,62,71,D-
ALT,Altimmune Inc. Common Stock,Biotechnology: Pharmaceutical Preparations,85,2.990000009536743,-51.61812147913039,24,4,D
ALTG,Alta Equipment Group Inc. Class A Common Stock,Industrial Machinery/Components,68,6.880000114440918,-20.18561246193462,52,4,E+
ALTI,AlTi Global Inc. Class A Common Stock,Investment Managers,73,3.440000057220459,-33.7186894163008,31,94,B+
ALTO,Alto Ingredients Inc. Common Stock,Major Chemicals,59,5.869999885559082,-2.003337064179578,99,38,A-
ALV,Autoliv Inc. Common Stock,Auto Parts:O.E.M.,59,121.87999725341797,-7.4493165814566,54,66,C-
ALVO,Alvotech Ordinary Shares,Biotechnology: Biological Products (No Diagnostic Substances),65,3.380000114440918,-65.5453621828389,16,33,E-
ALX,Alexander's Inc. Common Stock,Real Estate Investment Trusts,46,276.2099914550781,-1.8966423617170491,72,,C
ALXO,ALX Oncology Holdings Inc. Common Stock,Biotechnology: Pharmaceutical Preparations,85,1.9700000286102295,-24.23076535117682,94,20,A
ALZN,Alzamend Neuro Inc. Common Stock,Biotechnology: Pharmaceutical Preparations,85,1.159999966621399,-67.1388108775337,25,11,E
AM,Antero Midstream Corporation Common Stock,Natural Gas Distribution,25,22.459999084472656,-3.840772742227705,71,74,C-
AMAL,Amalgamated Financial Corp. Common Stock (DE),Major Banks,21,46.459999084472656,-1.232997065829644,83,53,B-
AMAT,Applied Materials Inc. Common Stock,Semiconductors,2,575.3900146484375,-20.416318859137274,96,81,C
AMBA,Ambarella Inc. Ordinary Shares,Semiconductors,2,72.0,-24.615225222900772,64,58,B
AMBO,Ambow Education Holding Ltd. American Depository Shares (each representing twenty (20) Class A Ordinary Shares),Other Consumer Services,125,2.200000047683716,-61.73912960550059,24,82,E-
AMBP,Ardagh Metal Packaging S.A. Ordinary Shares,Containers/Packaging,56,4.460000038146973,-7.660453238168619,61,50,B-
AMBQ,Ambiq Micro Inc. Common Stock,Semiconductors,2,81.3499984741211,-10.090632785230614,98,,A-
AMBR,Amber International Holding Limited American Depositary Shares,Finance: Consumer Services,119,1.409999966621399,-84.69055417175561,10,,E+
AMC,AMC Entertainment Holdings Inc. Class A Common Stock,Movies/Entertainment,67,1.8700000047683716,-47.175140538998406,55,20,B+
AMCI,AMC Robotics Corporation Common Stock,Home Furnishings,42,4.980000019073486,-77.56756825257831,14,,A-
AMCR,Amcor plc Ordinary Shares,Miscellaneous manufacturing industries,122,42.43000030517578,-13.596480461665195,48,41,C
AMCX,AMC Global Media Inc. Class A Common Stock,Cable & Other Pay Television Services,104,9.970000267028809,-5.407966763635619,83,37,C-
AMD,Advanced Micro Devices Inc. Common Stock,Semiconductors,2,534.3900146484375,-8.00811840848178,98,91,B+
AME,AMETEK Inc.,Industrial Machinery/Components,68,232.10000610351562,-4.067122525665723,63,61,C-
AMG,Affiliated Managers Group Inc. Common Stock,Investment Managers,73,359.7799987792969,-1.8094497466085713,85,75,C+
AMGN,Amgen Inc. Common Stock,Biotechnology: Biological Products (No Diagnostic Substances),65,360.45001220703125,-6.437567857408222,64,68,C-
AMH,American Homes 4 Rent Common Shares of Beneficial Interest,Real Estate Investment Trusts,46,33.79999923706055,-4.240475158359647,58,78,C
AMIX,Autonomix Medical Inc. Common Stock,Medical/Dental Instruments,113,5.75,-85.03773105818688,9,,E-
AMKR,Amkor Technology Inc. Common Stock,Semiconductors,2,66.05999755859375,-29.38536033820848,94,85,C
AMLX,Amylyx Pharmaceuticals Inc. Common Stock,Biotechnology: Pharmaceutical Preparations,85,17.40999984741211,-6.898400336346134,87,4,B
AMN,AMN Healthcare Services Inc,Professional Services,104,33.97999954223633,-5.004195953648171,95,53,B+
AMOD,Alpha Modus Holdings Inc. Class A Common Stock,Multi-Sector Companies,93,4.010000228881836,-94.5810807717813,2,,D-
AMP,Ameriprise Financial Inc. Common Stock,Investment Managers,73,518.22998046875,-4.370342087983503,57,82,C+
AMPG,Amplitech Group Inc. Common Stock,Telecommunications Equipment,73,6.369999885559082,-34.32989679572306,98,,A
AMPH,Amphastar Pharmaceuticals Inc. Common Stock,Biotechnology: Pharmaceutical Preparations,85,19.290000915527344,-37.39045358682767,28,41,D-
AMPL,Amplitude Inc. Class A Common Stock,Computer Software: Prepackaged Software,117,9.359999656677246,-28.22086131856737,67,90,A
AMPX,Amprius Technologies Inc. Common Stock,Industrial Machinery/Components,68,11.079999923706055,-51.636839818846006,48,,E
AMPY,Amplify Energy Corp. Common Stock,Oil & Gas Production,35,4.130000114440918,-37.707389997697085,29,31,E
AMR,Alpha Metallurgical Resources Inc. Common Stock,Coal Mining,108,148.6999969482422,-40.43661102194955,30,4,E
AMRC,Ameresco Inc. Class A Common Stock,Engineering & Construction,42,23.75,-45.06129944138466,35,30,E
AMRN,Amarin Corporation plc,Biotechnology: Pharmaceutical Preparations,85,14.699999809265137,-27.40740834930797,34,88,D-
AMRX,Amneal Pharmaceuticals Inc. Class A Common Stock,Biotechnology: Pharmaceutical Preparations,85,17.18000030517578,-0.8083105780323674,90,86,B
AMRZ,Amrize Ltd Ordinary Shares,Building Materials,49,49.099998474121094,-24.70747029426589,35,,E+
AMS,American Shared Hospital Services Common Stock,Medical Specialities,30,1.4800000190734863,-51.31578823536055,25,20,A-
AMSC,American Superconductor Corporation Common Stock,Metal Fabrications,45,34.18000030517578,-48.740251726539526,30,97,E
AMSF,AMERISAFE Inc. Common Stock,Property-Casualty Insurers,36,35.290000915527344,-19.872028232296636,42,43,B+
AMST,Amesite Inc. Common Stock,Computer Software: Prepackaged Software,117,1.0800000429153442,-72.09302132164478,9,11,A+
AMT,American Tower Corporation (REIT) Common Stock,Real Estate Investment Trusts,46,169.5,-24.231667771984377,37,85,D
AMTB,Amerant Bancorp Inc. Class A Common Stock,Major Banks,21,25.6299991607666,-2.0259965204011188,73,69,C+
AMTD,AMTD IDEA Group American Depositary Shares each representing six (6) Class A Ordinary Shares,Finance: Consumer Services,119,0.949999988079071,-28.571431772537213,36,,D
AMTM,Amentum Holdings Inc. Common Stock,Business Services,80,20.43000030517578,-45.563546576916416,22,99,E+
AMTX,Aemetis Inc. (DE) Common Stock,Major Chemicals,59,1.590000033378601,-56.55737715596998,17,20,D+
AMWL,American Well Corporation Class A Common Stock,Business Services,80,11.010000228881836,0.0,95,20,A
AMZE,Amaze Holdings Inc. Common Stock,Beverages (Production/Distribution),93,0.09239999949932098,-99.1894736614804,4,,E-
AMZN,Amazon.com Inc. Common Stock,Catalog/Specialty Distribution,59,247.30999755859375,-10.065818269308458,54,94,C
AN,AutoNation Inc. Common Stock,Retail-Auto Dealers and Gas Stations,117,193.42999267578125,-14.856061751954597,36,60,D+
ANAB,AnaptysBio Inc. Common Stock,Biotechnology: Pharmaceutical Preparations,85,69.80999755859375,0.0,98,52,B+
ANDE,Andersons Inc. (The) Common Stock,Farming/Seeds/Milling,101,74.79000091552734,-5.553601880666326,87,89,C+
ANDG,Andersen Group Inc. Class A Common Stock,Business Services,80,41.970001220703125,-3.428435101605598,92,,B+
ANET,Arista Networks Inc. Common Stock,Computer Communications Equipment,15,181.14999389648438,-3.1076233465667014,83,80,C
ANF,Abercrombie & Fitch Company Common Stock,Clothing/Shoe/Accessory Stores,87,91.58999633789062,-29.4647731746153,40,65,B-
ANGH,Anghami Inc. Ordinary Shares,Telecommunications Equipment,73,3.309999942779541,-47.79180026630677,28,,A-
ANGI,Angi Inc. Class A Common Stock,Advertising,109,6.170000076293945,-67.35449629192244,13,40,B-
ANGO,AngioDynamics Inc. Common Stock,Medical/Dental Instruments,113,12.774999618530273,-6.47877187970467,79,20,C+
ANGX,Angel Studios Inc. Class A Common Stock,Movies/Entertainment,67,4.050000190734863,-74.6874988079071,62,,A-
ANIK,Anika Therapeutics Inc. Common Stock,Medical/Dental Instruments,113,15.770000457763672,-3.4883701927869493,84,20,C+
ANIP,ANI Pharmaceuticals Inc.,Biotechnology: Pharmaceutical Preparations,85,81.08000183105469,-17.943524102432328,51,95,D+
ANIX,Anixa Biosciences Inc. Common Stock,Biotechnology: Pharmaceutical Preparations,85,3.059999942779541,-41.379309084853546,41,11,A
ANL,Adlai Nortye Ltd. American Depositary Shares,Biotechnology: Pharmaceutical Preparations,85,9.239999771118164,-44.33735205553005,99,,E
ANNA,AleAnna Inc. Class A Common Stock,Oil & Gas Production,35,3.4200000762939453,-66.60156100842866,30,99,B
ANNX,Annexon Inc. Common Stock,Biotechnology: Pharmaceutical Preparations,85,5.630000114440918,-19.10919420138615,84,20,A-
ANPA,Rich Sparkle Holdings Limited Ordinary Shares,Other Consumer Services,125,4.389999866485596,-97.21958332797776,9,,A
ANRO,Alto Neuroscience Inc. Common Stock,Biotechnology: Pharmaceutical Preparations,85,28.030000686645508,-0.14249735879436898,99,4,A
ANTA,Antalpha Platform Holding Company Class A Ordinary Shares,Investment Bankers/Brokers/Service,77,4.380000114440918,-67.6752763632,7,93,C-
ANTX,AN2 Therapeutics Inc. Common Stock,Biotechnology: Pharmaceutical Preparations,85,4.550000190734863,-16.66666375557293,98,20,B
ANVS,Annovis Bio Inc. Common Stock,Biotechnology: Pharmaceutical Preparations,85,1.7599999904632568,-65.49019562011038,25,20,D
ANY,Sphere 3D Corp. Common Shares,Finance: Consumer Services,119,1.899999976158142,-81.90476213182723,20,,A+
AOMR,Angel Oak Mortgage REIT Inc. Common Stock,Real Estate,89,9.020000457763672,-0.660787075402236,58,40,B
AON,Aon plc Class A Ordinary Shares (Ireland),Specialty Insurers,91,367.3500061035156,-1.852233260048597,58,73,B
AORT,Artivion Inc. Common Stock,Medical/Dental Instruments,113,24.030000686645508,-49.54860351088294,14,99,D
AOS,A.O. Smith Corporation Common Stock,Consumer Electronics/Appliances,122,59.529998779296875,-25.601528718731213,31,56,D
AOSL,Alpha and Omega Semiconductor Limited Common Shares,Semiconductors,2,34.689998626708984,-34.93998719944413,83,4,B
AOUT,American Outdoor Brands Inc. Common Stock,Recreational Games/Products/Toys,93,14.210000038146973,-0.9065558790629202,90,20,A+
AP,Ampco-Pittsburgh Corporation Common Stock,Fluid Controls,59,7.690000057220459,-36.967211660279,95,20,E-
APA,APA Corporation Common Stock,Oil & Gas Production,35,34.66999816894531,-21.37404652795639,79,57,D-
APAC,StoneBridge Acquisition II Corporation Class A Ordinary Shares,,,10.15999984741211,-0.0983306667336814,48,,D+
APAM,Artisan Partners Asset Management Inc. Class A Common Stock,Investment Managers,73,36.68000030517578,-16.687342967409315,37,50,C-
APC,ARKO Petroleum Corp. Class A Common Stock,Oil Refining/Marketing,133,20.170000076293945,-6.403708629341165,63,,B+
APD,Air Products and Chemicals Inc. Common Stock,Major Chemicals,59,301.9599914550781,-3.892552560964735,57,82,B
APEI,American Public Education Inc. Common Stock,Other Consumer Services,125,59.06999969482422,-2.941177945408835,85,96,C+
APG,APi Group Corporation Common Stock,Engineering & Construction,42,41.400001525878906,-16.194331483591316,53,48,D-
APGE,Apogee Therapeutics Inc. Common Stock,Biotechnology: Biological Products (No Diagnostic Substances),65,133.82000732421875,0.0,97,4,A+
APH,Amphenol Corporation Common Stock,Electrical Products,4,155.99000549316406,-11.530172973321006,76,98,B-
API,Agora Inc. American Depositary Shares,Computer Software: Prepackaged Software,117,4.170000076293945,-20.722435459277566,55,4,A-
APLD,Applied Digital Corporation Common Stock,Medical/Dental Instruments,113,28.84000015258789,-41.913395234125595,87,20,E+
APLE,Apple Hospitality REIT Inc. Common Shares,Real Estate Investment Trusts,46,16.3700008392334,-3.4747252223233938,85,70,C+
APLM,Apollomics Inc. Class A Ordinary Shares,Biotechnology: Pharmaceutical Preparations,85,14.210000038146973,-61.22783234234477,72,,E-
APM,Aptorum Group Limited Class A Ordinary Shares,Biotechnology: Pharmaceutical Preparations,85,0.8100000023841858,-80.94117641448975,21,,B-
APO,Apollo Global Management Inc. (New) Common Stock,Investment Managers,73,118.83000183105469,-22.633761658741424,42,84,E+
APOG,Apogee Enterprises Inc. Common Stock,Auto Parts:O.E.M.,59,39.0,-20.278001922008627,50,84,B+
APP,Applovin Corporation Class A Common Stock,Computer Software: Programming Data Processing,111,442.8500061035156,-39.63331231713788,44,96,E+
APPF,AppFolio Inc. Class A Common Stock,Computer Software: Prepackaged Software,117,179.89999389648438,-44.00000189992704,40,91,B-
APPN,Appian Corporation Class A Common Stock,Computer Software: Prepackaged Software,117,26.049999237060547,-42.92287557968522,47,40,C
APPS,Digital Turbine Inc. Common Stock,Multi-Sector Companies,93,9.949999809265137,-25.244181100095886,98,74,A
APRE,Aprea Therapeutics Inc. Common stock,Biotechnology: Pharmaceutical Preparations,85,0.722000002861023,-65.28846012770066,15,20,B
APT,Alpha Pro Tech Ltd. Common Stock,Industrial Specialties,88,5.03000020980835,-24.246983268832246,57,79,B-
APTV,Aptiv PLC Ordinary Shares,Auto Parts:O.E.M.,59,59.22999954223633,-33.201758469213196,28,82,D
APUS,Apimeds Pharmaceuticals US Inc. Common Stock,Biotechnology: Pharmaceutical Preparations,85,0.7369999885559082,-98.1078306184344,2,,B-
APVO,Aptevo Therapeutics Inc. Common Stock,Biotechnology: Pharmaceutical Preparations,85,4.150000095367432,-92.8840875907348,9,,E-
APWC,Asia Pacific Wire & Cable Corporation Ltd. Ordinary Shares (Bermuda),Telecommunications Equipment,73,1.4800000190734863,-33.92857085837394,38,89,A+
APXT,Apex Treasury Corporation Class A Ordinary Share,Computer Software: Prepackaged Software,117,10.0600004196167,-0.1984077801659545,47,,D
APYX,Apyx Medical Corporation Common Stock,Medical/Dental Instruments,113,4.260000228881836,-12.345676710891185,84,20,B+
AQB,AquaBounty Technologies Inc. Common Stock,Meat/Poultry/Fish,80,0.9911999702453613,-65.2210525118193,44,,B-
AQMS,Aqua Metals Inc. Common Stock,Metal Fabrications,45,2.609999895095825,-91.18838682935238,11,4,E-
AQN,Algonquin Power & Utilities Corp. Common Shares,Electric Utilities: Central,59,5.71999979019165,-16.26596768413383,38,45,D
AQST,Aquestive Therapeutics Inc. Common Stock,Biotechnology: Pharmaceutical Preparations,85,4.059999942779541,-45.79439163089008,30,20,E
AR,Antero Resources Corporation Common Stock,Oil & Gas Production,35,34.279998779296875,-24.075309810015412,41,74,D-
ARAI,Arrive AI Inc. Common Stock,Diversified Commercial Services,97,0.39399999380111694,-96.69463094564328,3,,A
ARAY,Accuray Incorporated Common Stock,Medical/Dental Instruments,113,0.27230000495910645,-85.28108100271122,6,20,C
ARBB,ARB IOT Group Limited Ordinary Shares,EDP Services,125,4.21999979019165,-64.83333508173625,27,,E-
ARBE,Arbe Robotics Ltd. Ordinary Shares,EDP Services,125,0.6880999803543091,-74.42007562389,16,20,B-
ARBK,Argo Blockchain plc American Depositary Shares,Finance: Consumer Services,119,3.1500000953674316,-98.21282670985904,13,,B+
ARCB,ArcBest Corporation Common Stock,Trucking Freight/Courier Services,5,149.5,-13.693569480167012,92,29,D
ARCC,Ares Capital Corporation Common Stock,Finance: Consumer Services,119,18.639999389648438,-11.642973793497024,44,45,D+
ARCI,Archimedes Tech SPAC Partners III Co. Ordinary Share,,,10.0600004196167,0.0,48,,D+
ARCO,Arcos Dorados Holdings Inc. Class A Shares,Restaurants,101,8.289999961853027,-12.016509047242907,57,90,B-
ARCT,Arcturus Therapeutics Holdings Inc. Common Stock,Biotechnology: Pharmaceutical Preparations,85,6.710000038146973,-71.02763349587524,17,20,C-
ARDT,Ardent Health Inc. Common Stock,Hospital/Nursing Management,66,10.069999694824219,-33.79355904294237,36,71,C
ARDX,Ardelyx Inc. Common Stock,Biotechnology: Pharmaceutical Preparations,85,5.139999866485596,-35.669586811937094,34,20,E
ARE,Alexandria Real Estate Equities Inc. Common Stock,Real Estate Investment Trusts,46,48.08000183105469,-41.67078007765762,34,63,C
AREC,American Resources Corporation Class A Common Stock,Coal Mining,108,1.7899999618530273,-73.71512515575105,28,,B
AREN,The Arena Group Holdings Inc. Common Stock,EDP Services,125,0.9398999810218811,-87.01795565282565,4,35,E-
ARES,Ares Management Corporation Class A Common Stock,Investment Managers,73,120.44999694824219,-35.205440771971695,37,96,D
ARGX,argenx SE American Depositary Shares,Biotechnology: Biological Products (No Diagnostic Substances),65,876.25,-6.750169543906271,71,93,C-
ARHS,Arhaus Inc. Class A Common Stock,Other Specialty Stores,113,7.730000019073486,-36.63237361252484,36,37,B-
ARI,Apollo Commercial Real Estate Finance Inc,Real Estate Investment Trusts,46,10.3100004196167,-8.110515381057903,50,43,E
ARIS,Aris Mining Corporation Common Shares,,,14.1899995803833,-37.43386512589678,60,88,E
ARKO,ARKO Corp. Common Stock,Food Chains,50,8.100000381469727,-6.249999310131448,93,30,B
ARKR,Ark Restaurants Corp. Common Stock,Restaurants,101,5.760000228881836,-35.928805611466494,24,20,D+
ARL,American Realty Investors Inc. Common Stock,Other Consumer Services,125,19.450000762939453,-17.022182936049056,79,29,A+
ARLO,Arlo Technologies Inc. Common Stock,Consumer Electronics/Appliances,122,13.109999656677246,-32.561732013796096,34,99,D+
ARM,Arm Holdings plc American Depositary Shares,Semiconductors,2,298.989990234375,-31.96422972557721,96,83,B+
ARMK,Aramark Common Stock,Restaurants,101,58.150001525878906,0.0,86,86,B
ARMP,Armata Pharmaceuticals Inc. Common Stock,Biotechnology: Biological Products (No Diagnostic Substances),65,3.9700000286102295,-73.17567582806154,27,20,D+
AROC,Archrock Inc. Common Stock,Natural Gas Distribution,25,38.099998474121094,-9.177597661022274,84,90,C+
AROW,Arrow Financial Corporation Common Stock,Major Banks,21,40.91999816894531,-2.7335429860257165,82,79,B-
ARQ,Arq Inc. Common Stock,Major Chemicals,59,2.2200000286102295,-71.2807241509384,16,9,C+
ARQQ,Arqit Quantum Inc. Ordinary Shares,Computer Software: Prepackaged Software,117,18.020000457763672,-69.07499516698088,30,,A
ARQT,Arcutis Biotherapeutics Inc. Common Stock,Biotechnology: Pharmaceutical Preparations,85,27.1200008392334,-13.076922512618761,76,33,B-
ARR,ARMOUR Residential REIT Inc.,Real Estate Investment Trusts,46,16.8700008392334,-5.465677310045603,56,,D
ARRY,Array Technologies Inc. Common Stock,Miscellaneous manufacturing industries,122,6.119999885559082,-48.829432558201844,23,20,E
ARTL,Artelo Biosciences Inc. Common Stock,Biotechnology: Pharmaceutical Preparations,85,1.0499999523162842,-98.53403148018668,2,4,D-
ARTNA,Artesian Resources Corporation Class A Common Stock,Water Supply,73,34.47999954223633,0.0,55,68,C
ARTV,Artiva Biotherapeutics Inc. Common Stock,Biotechnology: Biological Products (No Diagnostic Substances),65,8.930000305175781,-33.30843856453715,98,,D+
ARTW,Art's-Way Manufacturing Co. Inc. Common Stock,Industrial Machinery/Components,68,2.450000047683716,-46.85466427923997,50,80,B-
ARVN,Arvinas Inc. Common Stock,Biotechnology: Pharmaceutical Preparations,85,8.100000381469727,-41.431667200623146,24,4,D-
ARW,Arrow Electronics Inc. Common Stock,Electronic Components,6,201.77999877929688,-14.074012176491479,89,89,D+
ARWR,Arrowhead Pharmaceuticals Inc. Common Stock,Biotechnology: Pharmaceutical Preparations,85,74.11000061035156,-14.78670855450126,95,33,E+
ARX,Accelerant Holdings Class A Common Shares,Specialty Insurers,91,13.34000015258789,-55.60731949658182,30,20,B
AS,Amer Sports Inc. Ordinary Shares,Apparel,40,34.150001525878906,-18.612959316016397,37,84,C-
ASA,ASA  Gold and Precious Metals Limited,Precious Metals,113,50.91999816894531,-37.32092846962052,45,,E
ASAN,Asana Inc. Class A Common Stock,Computer Software: Prepackaged Software,117,7.690000057220459,-49.9022810025223,32,90,B+
ASB,Associated Banc-Corp Common Stock,Major Banks,21,30.770000457763672,-1.8187609829260043,69,62,C-
ASBP,Aspire Biopharma Holdings Inc. Common Stock,Biotechnology: Pharmaceutical Preparations,85,5.96999979019165,-74.70339112842058,98,,E
ASC,Ardmore Shipping Corporation Common Stock,Marine Transportation,9,15.829999923706055,-17.63014187659645,80,92,D-
ASH,Ashland Inc. Common Stock,Specialty Chemicals,122,65.91999816894531,-2.944640833212575,74,31,B-
ASIC,Ategrity Specialty Insurance Company Holdings Common Stock,Property-Casualty Insurers,36,25.110000610351562,-1.2195100905270317,79,,A-
ASIX,AdvanSix Inc. Common Stock,Major Chemicals,59,20.93000030517578,-19.432419284093882,42,30,D-
ASLE,AerSale Corporation Common Stock,Industrial Specialties,88,6.03000020980835,-32.99999766879611,31,29,D-
ASM,Avino Silver & Gold Mines Ltd. Common Shares (Canada),Metal Mining,97,5.739999771118164,-48.932385338054644,48,94,D-
ASMB,Assembly Biosciences Inc. Common Stock,Biotechnology: Pharmaceutical Preparations,85,26.959999084472656,-29.974028352019076,53,,A
ASML,ASML Holding N.V. New York Registry Shares,Industrial Machinery/Components,68,1726.0400390625,-13.239902188631236,90,78,D+
ASND,Ascendis Pharma A/S Ordinary Share,Biotechnology: Pharmaceutical Preparations,85,265.2200012207031,-4.314882665094732,77,63,B+
ASO,Academy Sports and Outdoors Inc. Common Stock,Other Specialty Stores,113,46.4900016784668,-23.57715292627407,29,57,E+
ASPI,ASP Isotopes Inc. Common Stock,Major Chemicals,59,4.590000152587891,-67.33096021155414,22,,E
ASPN,Aspen Aerogels Inc. Common Stock,RETAIL: Building Materials,112,5.179999828338623,-41.26984118402671,73,4,B-
ASPS,Altisource Portfolio Solutions S.A. Common Stock,Other Consumer Services,125,7.260000228881836,-51.72872176000089,29,40,B-
ASR,Grupo Aeroportuario del Sureste S.A. de C.V. Common Stock,Aerospace,93,278.6600036621094,-25.506250010197775,29,43,E+
ASRV,AmeriServ Financial Inc. Common Stock,Major Banks,21,3.819999933242798,-4.725586224366618,67,43,C
ASST,Strive Inc. Class A Common Stock,Computer Software: Prepackaged Software,117,11.829999923706055,-93.36139162384943,15,,D
ASTC,Astrotech Corporation (DE) Common Stock,Biotechnology: Laboratory Analytical Instruments,59,8.5600004196167,-82.81124387398293,97,11,A+
ASTE,Astec Industries Inc. Common Stock,Construction/Ag Equipment/Trucks,37,55.81999969482422,-13.925968539452738,60,38,D
ASTH,Astrana Health Inc. Common Stock,Professional Services,104,47.63999938964844,-4.35655877095834,93,83,A-
ASTI,Ascent Solar Technologies Inc. Common Stock,Semiconductors,2,3.819999933242798,-57.649670295139984,80,,A-
ASTL,Algoma Steel Group Inc. Common Shares,Steel/Iron Ore,46,3.609999895095825,-48.5754999301386,22,20,E+
ASTS,AST SpaceMobile Inc. Class A Common Stock,Telecommunications Equipment,73,67.58000183105469,-49.222327980623206,34,4,E+
ASUR,Asure Software Inc Common Stock,EDP Services,125,8.180000305175781,-22.53787897602475,34,92,B-
ASX,ASE Technology Holding Co. Ltd. American Depositary Shares (each representing Two Common Shares),Semiconductors,2,40.560001373291016,-9.20208626064014,98,90,C
ASYS,Amtech Systems Inc. Common Stock,Industrial Machinery/Components,68,18.010000228881836,-24.927051268402757,95,74,E+
ATAI,AtaiBeckley Inc. Common Stock,Biotechnology: Pharmaceutical Preparations,85,4.96999979019165,-22.945737408356703,82,4,A
ATAT,Atour Lifestyle Holdings Limited American Depositary Shares,Hotels/Resorts,39,31.40999984741211,-25.585303565079688,30,93,E+
ATCH,AtlasClear Holdings Inc. Common Stock,Finance: Consumer Services,119,0.17299999296665192,-89.3209881199113,17,35,D
ATCX,Atlas Critical Minerals Corporation Common Stock,Precious Metals,113,3.640000104904175,-70.55016014553256,10,,E+
ATEC,Alphatec Holdings Inc. Common Stock,Medical/Dental Instruments,113,9.739999771118164,-57.05467530837992,21,20,C
ATEN,A10 Networks Inc. Common Stock,Computer Communications Equipment,15,36.790000915527344,-3.463656976341467,95,70,B
ATER,Aterian Inc. Common Stock,Home Furnishings,42,1.190000057220459,-17.931033235384408,84,20,A
ATEX,Anterix Inc. Common Stock,Telecommunications Equipment,73,103.3499984741211,-4.486856683865625,99,61,A
ATGL,Alpha Technology Group Limited Class A Ordinary Shares,EDP Services,125,10.539999961853027,-68.93146588389939,11,,B-
ATHE,Alterity Therapeutics Limited American Depositary Shares,Biotechnology: Pharmaceutical Preparations,85,5.380000114440918,-17.86259606448469,86,,A+
ATHM,Autohome Inc. American Depositary Shares each representing four class A ordinary shares.,EDP Services,125,20.3700008392334,-29.480367608799586,40,36,B
ATHR,Aether Holdings Inc. Common Stock,Computer Software: Prepackaged Software,117,4.309999942779541,-67.56960154137882,74,11,B+
ATI,ATI Inc. Common Stock,Steel/Iron Ore,46,183.75,-9.966189770622469,92,96,C
ATII,Archimedes Tech SPAC Partners II Co. Ordinary Shares,,,10.800000190734863,-5.096660086760895,52,,C
ATIIU,Archimedes Tech SPAC Partners II Co. Unit,Blank Checks,73,11.699999809265137,-27.55417903638383,56,,E
ATKR,Atkore Inc. Common Stock,Industrial Machinery/Components,68,71.68000030517578,-16.075404248020963,53,29,D+
ATLC,Atlanticus Holdings Corporation Common Stock,Finance: Consumer Services,119,96.61000061035156,-12.498870205629487,91,97,C+
ATLO,Ames National Corporation Common Stock,Major Banks,21,29.18000030517578,-5.413290293821338,79,77,C+
ATLX,Atlas Lithium Corporation Common Stock,Mining & Quarrying of Nonmetallic Minerals (No Fuels),79,3.1700000762939453,-57.44966231607687,17,,E
ATMU,Atmus Filtration Technologies Inc. Common Stock,Auto Parts:O.E.M.,59,51.25,-21.751122431494785,46,56,D-
ATNI,ATN International Inc. Common Stock,Telecommunications Equipment,73,23.309999465942383,-20.475600838974838,67,20,E+
ATNM,Actinium Pharmaceuticals Inc. (Delaware) Common Stock,Biotechnology: Pharmaceutical Preparations,85,0.9049999713897705,-51.60427972823087,18,4,D-
ATO,Atmos Energy Corporation Common Stock,Oil/Gas Transmission,51,179.5,-6.123448293693645,51,62,D
ATOM,Atomera Incorporated Common Stock,Semiconductors,2,6.25,-48.38975906532039,89,20,C-
ATOS,Atossa Therapeutics Inc. Common Stock,Biotechnology: Pharmaceutical Preparations,85,2.4000000953674316,-86.44067801176263,4,,E-
ATPC,Agape ATP Corporation Common Stock,Medical/Nursing Services,25,2.630000114440918,-96.46505368212108,10,,A+
ATR,AptarGroup Inc. Common Stock,Plastic Products,23,124.88999938964844,-21.92917970702044,37,54,D
ATRA,Atara Biotherapeutics Inc. Common Stock,Biotechnology: Biological Products (No Diagnostic Substances),65,8.670000076293945,-52.0729684733936,64,40,A+
ATRC,AtriCure Inc. Common Stock,Medical/Dental Instruments,113,34.79999923706055,-17.94388266383342,56,20,A-
ATRO,Astronics Corporation Common Stock,Military/Government/Technical,101,72.02999877929688,-17.34940043815397,93,85,D
ATS,ATS Corporation Common Shares,Industrial Machinery/Components,68,27.299999237060547,-22.83776593307244,37,73,E
ATXG,Addentax Group Corp. Common Stock,Professional Services,104,3.680000066757202,-77.89789699057037,8,,B
ATYR,aTyr Pharma Inc. Common Stock,Biotechnology: Biological Products (No Diagnostic Substances),65,0.5041000247001648,-92.37367602847316,9,20,E
AU,AngloGold Ashanti PLC Ordinary Shares,Precious Metals,113,79.76000213623047,-35.99815285272282,53,95,D-
AUB,Atlantic Union Bankshares Corporation Common Stock,Major Banks,21,42.02000045776367,-2.7089562541031897,69,70,C
AUBN,Auburn National Bancorporation Inc. Common Stock,Major Banks,21,27.0,-6.5096925740931955,62,66,A-
AUC,ATIF Holdings Limited Ordinary Shares,Professional Services,104,7.305600166320801,-38.690836339376155,37,,A
AUDC,AudioCodes Ltd. Common Stock,Telecommunications Equipment,73,10.180000305175781,-1.3858450009076595,64,36,B-
AUGO,Aura Minerals Inc. Common Shares,,,53.5099983215332,-50.46037900410681,68,35,E
AUID,authID Inc. Common Stock,Computer Software: Prepackaged Software,117,1.090000033378601,-75.85824882366963,22,20,A
AUNA,Auna SA Class A Ordinary Shares,Medical/Nursing Services,25,5.25,-22.451993873100317,33,78,D+
AUPH,Aurinia Pharmaceuticals Inc Ordinary Shares,Biotechnology: Pharmaceutical Preparations,85,16.030000686645508,-13.909774628638116,77,93,C
AUR,Aurora Innovation Inc. Class A Common Stock,EDP Services,125,6.050000190734863,-27.97618493471531,79,,C-
AURA,Aura Biosciences Inc. Common Stock,Biotechnology: Biological Products (No Diagnostic Substances),65,7.0,-21.34831123559121,62,,B+
AURE,Aurelion Inc. Class A Ordinary Shares,Finance: Consumer Services,119,1.7200000286102295,-85.29914481495824,9,,A+
AUST,Austin Gold Corp. Common Shares,Precious Metals,113,1.0199999809265137,-64.08450662841447,15,,E+
AUTL,Autolus Therapeutics plc American Depositary Share,Biotechnology: Biological Products (No Diagnostic Substances),65,1.4800000190734863,-44.77612006688175,28,,D+
AUUD,Auddia Inc. Common Stock,EDP Services,125,1.2899999618530273,-96.6038777360534,2,,A+
AVA,Avista Corporation Common Stock,Power Generation,51,42.08000183105469,-0.8248844487479312,58,53,D
AVAH,Aveanna Healthcare Holdings Inc. Common Stock,Medical/Nursing Services,25,9.670000076293945,-5.842262460817638,89,97,A-
AVAT,Avalanche Treasury Corporation Class A Common Stock,Finance: Consumer Services,119,0.5040000081062317,-95.25423716066548,1,,E-
AVAV,AeroVironment Inc. Common Stock,Aerospace,93,141.8000030517578,-65.40028604599091,12,52,B+
AVB,AvalonBay Communities Inc. Common Stock,Real Estate Investment Trusts,46,194.52999877929688,-1.1020895079632886,58,44,C-
AVBC,Avidia Bancorp Inc. Common Stock,Banks,25,20.329999923706055,-5.3978588169698805,71,,C
AVBH,Avidbank Holdings Inc. Common stock,Commercial Banks,8,32.290000915527344,-3.640696708784674,75,,C-
AVBP,ArriVent BioPharma Inc. Common Stock,Biotechnology: Pharmaceutical Preparations,85,33.63999938964844,-3.1663852494865696,89,4,B
AVD,American Vanguard Corporation Common Stock ($0.10 Par Value),Agricultural Chemicals,130,2.6600000858306885,-54.21686554168661,27,,C
AVGO,Broadcom Inc. Common Stock,Semiconductors,2,384.04998779296875,-20.124218422279792,66,96,D-
AVIR,Atea Pharmaceuticals Inc. Common Stock,Biotechnology: Pharmaceutical Preparations,85,4.739999771118164,-22.926834185114387,66,4,C-
AVNS,Avanos Medical Inc. Common Stock,Industrial Specialties,88,24.93000030517578,-0.4790376668244778,96,47,B
AVNT,Avient Corporation Common Stock,Major Chemicals,59,35.56999969482422,-16.52819992278077,50,71,C-
AVNW,Aviat Networks Inc. Common Stock,Radio And Television Broadcasting And Communications Equipment,10,21.079999923706055,-21.166790934401824,38,29,B-
AVO,Mission Produce Inc. Common Stock,Farming/Seeds/Milling,101,13.270000457763672,-13.494130862019615,48,40,B
AVPT,AvePoint Inc. Class A Common Stock,Computer Software: Prepackaged Software,117,12.680000305175781,-34.334538291728734,53,78,A-
AVR,Anteris Technologies Global Corp. Common Stock,Industrial Specialties,88,9.359999656677246,-11.447493595855729,96,,B+
AVT,Avnet Inc. Common Stock,Electronic Components,6,85.1500015258789,-8.371891481489179,89,87,C
AVTR,Avantor Inc. Common Stock,Biotechnology: Laboratory Analytical Instruments,59,10.5600004196167,-32.307691273134395,48,32,B+
AVTX,Avalo Therapeutics Inc. Common Stock,Biotechnology: Pharmaceutical Preparations,85,18.90999984741211,-17.315263867537432,94,,A-
AVX,Avax One Technology Ltd. Common Shares,Finance: Consumer Services,119,4.730000019073486,-94.55946642943644,5,,C-
AVXL,Anavex Life Sciences Corp. Common Stock,Biotechnology: Biological Products (No Diagnostic Substances),65,2.3499999046325684,-82.47576486672313,10,20,C
AVY,Avery Dennison Corporation Common Stock,Containers/Packaging,56,159.24000549316406,-18.432698661941636,36,48,D
AWI,Armstrong World Industries Inc Common Stock,Plastic Products,23,155.69000244140625,-23.12305750720488,29,55,D
AWK,American Water Works Company Inc. Common Stock,Water Supply,73,131.52999877929688,-8.190508568953325,41,49,C-
AWR,American States Water Company Common Stock,Water Supply,73,85.05000305175781,0.0,64,61,C+
AWRE,Aware Inc. Common Stock,Computer Software: Prepackaged Software,117,1.2999999523162842,-55.78231540766252,23,20,C
AWX,Avalon Holdings Corporation Common Stock,Environmental Services,68,2.5799999237060547,-48.91089452947883,45,,C
AX,Axos Financial Inc. Common Stock,Savings Institutions,15,97.16000366210938,-3.8115022202738547,58,87,D+
AXG,Solowin Holdings Class A Ordinary Share,Investment Bankers/Brokers/Service,77,3.25,-34.475806955554354,39,,D-
AXGN,Axogen Inc. Common Stock,Biotechnology: Electromedical & Electrotherapeutic Apparatus,68,39.4900016784668,-14.505298002689205,95,81,D
AXIA,AXIA Energia American Depositary Shares (Each representing one Common Share),Electric Utilities: Central,59,10.210000038146973,-23.97617419105981,52,,D-
AXIL,AXIL Brands Inc. Common Stock,Package Goods/Cosmetics,80,6.050000190734863,-39.45761861043936,42,67,B
AXON,Axon Enterprise Inc. Common Stock,Ordnance And Accessories,34,547.030029296875,-37.19300920842732,61,75,A-
AXP,American Express Company Common Stock,Finance: Consumer Services,119,354.42999267578125,-7.164191703134193,57,69,C
AXR,AMREP Corporation Common Stock,Homebuilding,56,25.059999465942383,-11.729482195481268,53,56,C
AXS,Axis Capital Holdings Limited Common Stock,Property-Casualty Insurers,36,114.5199966430664,-0.008733202075505986,68,88,B-
AXSM,Axsome Therapeutics Inc. Common Stock,Biotechnology: Pharmaceutical Preparations,85,228.27999877929688,-10.538072493869311,91,4,B
AXTA,Axalta Coating Systems Ltd. Common Shares,Paints/Coatings,53,32.06999969482422,-9.839752684927028,57,55,C+
AXTI,AXT Inc Common Stock,Semiconductors,2,50.459999084472656,-64.1695672595343,99,20,E
AYA,Aya Gold & Silver Inc. Common Shares,Precious Metals,113,19.1200008392334,-11.604246042163258,88,96,B+
AYI,Acuity Inc. Common Stock,Building Products,53,325.3599853515625,-13.619714812238627,55,75,B
AYTU,Aytu BioPharma Inc.  Common Stock,Biotechnology: Pharmaceutical Preparations,85,2.180000066757202,-24.82758637699304,31,11,E
AZ,A2Z Cust2Mate Solutions Corp. Common Shares,Industrial Machinery/Components,68,5.570000171661377,-53.19327436794231,16,,E
AZI,Autozi Internet Technology (Global) Ltd. Class A Ordinary Shares,Automotive Aftermarket,133,1.350000023841858,-99.25619833397143,5,,A+
AZN,AstraZeneca PLC Ordinary Shares,Biotechnology: Pharmaceutical Preparations,85,169.47000122070312,-18.766175252996607,39,80,E
AZO,AutoZone Inc. Common Stock,Auto & Home Supply Stores,109,3078.97998046875,-29.292647378398396,30,55,D
AZTA,Azenta Inc.,Industrial Machinery/Components,68,26.049999237060547,-36.47890684408436,36,20,C
AZTR,Azitra Inc Common Stock,Biotechnology: Pharmaceutical Preparations,85,0.13009999692440033,-91.76582320312183,6,,A+
AZZ,AZZ Inc.,Industrial Specialties,88,146.49000549316406,-8.387804709773706,75,86,C-
B,Barrick Mining Corporation Common Shares,Precious Metals,113,35.939998626708984,-31.304091040833846,52,,D-
BA,Boeing Company (The) Common Stock,Aerospace,93,215.50999450683594,-14.531033224886903,41,64,D
BABA,Alibaba Group Holding Limited American Depositary Shares each representing eight Ordinary share,Business Services,80,112.3499984741211,-40.11734462793913,28,35,B
BAC,Bank of America Corporation Common Stock,Major Banks,21,59.5,-0.6677821630874159,69,79,C
BAER,Bridger Aerospace Group Holdings Inc. Common Stock,Aerospace,93,1.899999976158142,-41.89602485502765,39,20,D+
BAFN,BayFirst Financial Corp. Common Stock,Major Banks,21,5.400000095367432,-64.63654267526935,14,20,E
BAH,Booz Allen Hamilton Holding Corporation Common Stock,Professional Services,104,64.80000305175781,-42.60768324260624,19,71,E+
BAK,Braskem SA ADR,Major Chemicals,59,2.7100000381469727,-46.015935289967814,27,4,E-
BALL,Ball Corporation Common Stock,Containers/Packaging,56,61.29999923706055,-8.930166158784525,58,72,C
BALY,Bally's Corporation Common Stock,Hotels/Resorts,39,13.199999809265137,-32.168548662483964,56,,B
BAM,Brookfield Asset Management Inc Class A Limited Voting Shares,Other Consumer Services,125,46.630001068115234,-23.4761606386653,37,83,D-
BANC,Banc of California Inc. Common Stock,Major Banks,21,20.489999771118164,-2.6603301008982894,67,67,C-
BAND,Bandwidth Inc. Class A Common Stock,Computer Software: Prepackaged Software,117,73.80999755859375,-5.902606755106943,99,65,A
BANF,BancFirst Corporation Common Stock,Major Banks,21,114.9000015258789,-14.341526534767779,42,57,C
BANL,CBL International Limited Class B Ordinary Shares,Oil Refining/Marketing,133,0.42500001192092896,-55.26315607852881,25,,B-
BANR,Banner Corporation Common Stock,Major Banks,21,68.56999969482422,0.0,56,85,C
BAOS,Baosheng Media Group Holdings Limited Ordinary shares,Business Services,80,2.680000066757202,-44.855967219506674,42,,E-
BAP,Credicorp Ltd. Common Stock,Commercial Banks,8,389.2200012207031,-2.8916435239857763,86,68,B-
BARK,BARK Inc. Class A Common Stock,Other Specialty Stores,113,9.460000038146973,-56.999999826604665,28,20,C
BATL,Battalion Oil Corporation Common Stock,Oil & Gas Production,35,1.8899999856948853,-93.17196544487942,70,20,B+
BATRA,Atlanta Braves Holdings Inc. Series A Common Stock,Services-Misc. Amusement & Recreation,89,57.45000076293945,-0.27772929303416793,75,20,B-
BATRK,Atlanta Braves Holdings Inc. Series C Common Stock,Services-Misc. Amusement & Recreation,89,52.560001373291016,-0.5863392563959291,74,20,C+
BAX,Baxter International Inc. Common Stock,Medical/Dental Instruments,113,22.56999969482422,-22.096593487866723,59,20,B-
BB,BlackBerry Limited Common Stock,Computer Software: Prepackaged Software,117,10.710000038146973,-16.393445063857094,98,79,A-
BBAI,BigBear.ai Inc. Common Stock,Computer Software: Prepackaged Software,117,3.0899999141693115,-65.31986568925929,15,20,D-
BBAR,Banco BBVA Argentina S.A. ADS,Commercial Banks,8,19.979999542236328,-8.402790183519283,88,64,A-
BBBY,Bed Bath & Beyond Inc. Common Stock,Catalog/Specialty Distribution,59,5.019999980926514,-58.54665463876729,23,20,E
BBCP,Concrete Pumping Holdings Inc. Common Stock,Engineering & Construction,42,10.899999618530273,-9.543573062254518,89,32,A
BBD,Banco Bradesco Sa American Depositary Shares,Major Banks,21,3.609999895095825,-12.285579159733883,57,,C-
BBDC,Barings BDC Inc. Common Stock,Diversified Financial Services,23,8.460000038146973,-5.6409482374410125,50,53,D
BBDO,Banco Bradesco Sa American Depositary Shares (each representing one Common Share),Major Banks,21,3.1500000953674316,-13.971580403239193,55,,C-
BBGI,Beasley Broadcast Group Inc. Class A Common Stock,Broadcasting,97,22.0,-17.012448849277373,99,4,A
BBIO,BridgeBio Pharma Inc. Common Stock,Biotechnology: Pharmaceutical Preparations,85,83.08000183105469,-7.8629216833370545,82,4,A
BBLG,Bone Biologics Corp Common Stock,Industrial Specialties,88,1.2999999523162842,-57.516340633149376,22,,A
BBN,BlackRock Taxable Municipal Bond Trust Common Shares of Beneficial Interest,Finance Companies,53,15.960000038146973,-4.009591886530917,49,,D
BBNX,Beta Bionics Inc. Common Stock,Medical/Dental Instruments,113,16.950000762939453,-47.014689327248504,79,20,A-
BBOT,BridgeBio Oncology Therapeutics Inc. Common Stock,Biotechnology: Pharmaceutical Preparations,85,8.520000457763672,-37.94609802021929,27,20,C-
BBSI,Barrett Business Services Inc. Common Stock,Professional Services,104,38.970001220703125,-20.115919181872066,62,33,A-
BBT,Beacon Financial Corporation Common stock,Banks,25,30.190000534057617,-6.06755929137578,60,89,D+
BBUC,Brookfield Business Corporation Class A Subordinate Voting Shares,Engineering & Construction,42,29.59000015258789,-21.070867542254966,33,31,E-
BBVA,Banco Bilbao Vizcaya Argentaria S.A. Common Stock,Commercial Banks,8,25.389999389648438,-2.8691660960673326,80,78,C
BBW,Build-A-Bear Workshop Inc. Common Stock,Recreational Games/Products/Toys,93,33.619998931884766,-54.770291418248206,19,60,C+
BBWI,Bath & Body Works Inc.,Clothing/Shoe/Accessory Stores,87,20.420000076293945,-35.86924298415289,36,76,C+
BBY,Best Buy Co. Inc. Common Stock,Consumer Electronics/Video Chains,140,81.6500015258789,-1.3888906805474943,74,66,B+
BC,Brunswick Corporation Common Stock,Industrial Machinery/Components,68,76.94999694824219,-12.830015336435762,57,35,D
BCAB,BioAtla Inc. Common Stock,Biotechnology: Biological Products (No Diagnostic Substances),65,3.9100000858306885,-93.59016379372018,8,20,C
BCAL,California BanCorp Common Stock,Major Banks,21,21.1200008392334,-0.23617967350191282,73,52,B
BCAR,D. Boral ARC Acquisition I Corp. Class A Ordinary Shares,Blank Checks,73,10.390000343322754,-5.459503551330503,51,,C
BCAT,BlackRock Capital Allocation Term Trust Common Shares of Beneficial Interest,Finance/Investors Services,77,15.970000267028809,-0.9305245930230521,73,,D+
BCAX,Bicara Therapeutics Inc. Common Stock,Biotechnology: Pharmaceutical Preparations,85,28.149999618530273,-7.401315882347959,94,11,A-
BCBP,BCB Bancorp Inc. (NJ) Common Stock,Savings Institutions,15,10.34000015258789,-9.85178803952751,72,32,D-
BCC,Boise Cascade L.L.C. Common Stock,RETAIL: Building Materials,112,74.72000122070312,-17.43617040468981,36,35,C+
BCDA,BioCardia Inc. Common Stock,Biotechnology: Biological Products (No Diagnostic Substances),65,0.9101999998092651,-62.07500151495133,15,,A+
BCE,BCE Inc. Common Stock,Telecommunications Equipment,73,21.450000762939453,-16.82031073584436,37,58,E+
BCG,Binah Capital Group Inc. Common Stock,Finance: Consumer Services,119,1.4800000190734863,-52.41157334418867,23,78,C+
BCH,Banco De Chile ADS,Commercial Banks,8,39.849998474121094,-8.81057522524048,70,,C+
BCHT,Birchtech Corp. Common Stock,Industrial Machinery/Components,68,1.9199999570846558,-59.57894827190198,23,,A-
BCIC,BCP Investment Corporation Common Stock,Finance: Consumer Services,119,7.340000152587891,-40.34321447342955,24,,D-
BCML,BayCom Corp Common Stock,Major Banks,21,33.70000076293945,-0.4137097784195243,72,74,B
BCO,Brinks Company (The) Common Stock,Integrated Freight & Logistics,141,107.41999816894531,-20.574847329553346,45,,C
BCPC,Balchem Corporation Common Stock,Major Chemicals,59,161.44000244140625,-11.906576841360629,45,61,D
BCRX,BioCryst Pharmaceuticals Inc. Common Stock,Biotechnology: Biological Products (No Diagnostic Substances),65,9.90999984741211,-10.801078725001778,68,40,B+
BCS,Barclays PLC Common Stock,Commercial Banks,8,27.290000915527344,-3.9422701087652,76,80,C
BCSF,Bain Capital Specialty Finance Inc. Common Stock,Finance/Investors Services,77,12.680000305175781,-7.747033752127674,46,,D
BCSS,Bain Capital GSS Investment Corp. Class A Ordinary Shares,,,10.1899995803833,-0.8754878883822537,46,,D
BCTX,BriaCell Therapeutics Corp. Common Shares,Biotechnology: Pharmaceutical Preparations,85,3.75,-81.43564426551877,11,32,E+
BCX,BlackRock Resources Common Shares of Beneficial Interest,Finance/Investors Services,77,11.5600004196167,-13.287540851441149,57,,D
BCYC,Bicycle Therapeutics plc American Depositary Shares,Biotechnology: Pharmaceutical Preparations,85,4.349999904632568,-50.95828680094301,18,20,B-
BDC,Belden Inc Common Stock,Telecommunications Equipment,73,102.26000213623047,-32.1807254019821,27,80,E+
BDCI,BTC Development Corp. Class A Ordinary Shares,Blank Checks,73,10.100000381469727,-0.9803865653465582,46,,D+
BDJ,Blackrock Enhanced Equity Dividend Trust,Finance Companies,53,9.649999618530273,-0.5154658940003776,61,,C-
BDL,Flanigan's Enterprises Inc. Common Stock,Restaurants,101,40.349998474121094,-14.094108099925084,79,70,E-
BDMD,Baird Medical Investment Holdings Ltd Ordinary Share,Medical/Dental Instruments,113,1.1299999952316284,-67.15116347571589,14,,C-
BDN,Brandywine Realty Trust Common Stock,Real Estate Investment Trusts,46,3.1500000953674316,-23.71859699185157,53,20,C+
BDRX,Biodexa Pharmaceuticals plc American Depositary Shs,Biotechnology: Pharmaceutical Preparations,85,2.309999942779541,-95.76146799489993,5,,A+
BDSX,Biodesix Inc. Common Stock,Medical Specialities,30,21.420000076293945,-12.571428260024708,98,4,A
BDTX,Black Diamond Therapeutics Inc. Common Stock,Biotechnology: Biological Products (No Diagnostic Substances),65,1.899999976158142,-60.985625856128344,16,40,D+
BDX,Becton Dickinson and Company Common Stock,Medical/Dental Instruments,113,153.8300018310547,-15.904949114142731,49,43,C+
BE,Bloom Energy Corporation Class A Common Stock,Industrial Machinery/Components,68,233.49000549316406,-32.4880724670918,99,84,E-
BEAM,Beam Therapeutics Inc. Common Stock,Biotechnology: Biological Products (No Diagnostic Substances),65,31.0,-18.248941200140834,70,33,C
BEAT,Heartbeam Inc. Common Stock,Medical/Dental Instruments,113,0.5778999924659729,-83.20058189380033,6,,E
BEBE,TGE Value Creative Solutions Corp Class A Ordinary Shares,Diversified Commercial Services,97,9.989999771118164,0.0,46,,D+
BEEM,Beam Global Common Stock,Semiconductors,2,1.1200000047683716,-71.13402134706493,14,,A+
BEEP,Mobile Infrastructure Corporation Common Stock,Blank Checks,73,1.7899999618530273,-57.27923777069186,15,20,E-
BEKE,KE Holdings Inc American Depositary Shares (each representing three Class A Ordinary Shares),Real Estate,89,16.06999969482422,-19.610058632419104,38,92,D
BELFA,Bel Fuse Inc. Class A Common Stock,,,221.00999450683594,-24.111531720811797,89,92,D+
BELFB,Bel Fuse Inc. Class B Common Stock,,,263.260009765625,-20.952437241450717,91,92,D-
BEN,Franklin Resources Inc. Common Stock,Investment Managers,73,32.83000183105469,-4.674787630234423,84,79,C+
BENF,Beneficient Class A Common Stock,Finance: Consumer Services,119,3.1500000953674316,-73.57382487243407,25,,A
BEPC,Brookfield Renewable Corporation Brookfield Renewable Corporation Class A Subordinate Voting Shares,Electric Utilities: Central,59,34.18000030517578,-21.46674585363989,34,20,E+
BESS,Bimergen Energy Corporation Common Stock,Electric Utilities: Central,59,3.8399999141693115,-71.55555619133843,26,,A+
BETA,Beta Technologies Inc. Class A Common Stock,Aerospace,93,17.459999084472656,-52.55434933028737,20,,C
BETR,Better Home & Finance Holding Company Class A Common Stock,Finance: Consumer Services,119,23.770000457763672,-72.38294348548364,27,20,E
BF-A,Brown Forman Corporation,,,26.670000076293945,-12.074160296393687,40,38,C-
BF-B,Brown Forman Corporation,,,26.25,-13.461104952719626,38,45,D+
BFAM,Bright Horizons Family Solutions Inc. Common Stock,Other Consumer Services,125,74.76000213623047,-40.23980571694751,24,57,C
BFC,Bank First Corporation Common Stock,Major Banks,21,146.94000244140625,-3.9545086832669885,61,50,D+
BFH,Bread Financial Holdings Inc. Common Stock,Business Services,80,97.18000030517578,-10.622645723501012,85,80,C-
BFLY,Butterfly Network Inc. Class A Common Stock,Medical Electronics,128,8.100000381469727,-9.09090325268238,98,20,A
BFRG,Bullfrog AI Holdings Inc. Common Stock,Biotechnology: Pharmaceutical Preparations,85,0.6809999942779541,-59.46428478929864,15,,C+
BFRI,Biofrontera Inc. Common Stock,Biotechnology: Pharmaceutical Preparations,85,1.1100000143051147,-4.310340840949623,70,20,B+
BFS,Saul Centers Inc. Common Stock,Real Estate Investment Trusts,46,36.290000915527344,-4.197465965559976,65,46,C
BFST,Business First Bancshares Inc. Common Stock,Major Banks,21,30.3700008392334,-3.3418180601875958,66,52,B-
BG,Bunge Limited Common Shares,Packaged Foods,120,117.4000015258789,-10.661290423713831,75,49,D-
BGC,BGC Group Inc. Class A Common Stock,Investment Bankers/Brokers/Service,77,10.979999542236328,-13.20158202888525,60,88,E
BGDE,Big Digital Energy Inc. Common Stock,Finance: Consumer Services,119,6.889999866485596,-79.49404708517379,65,,B+
BGI,Birks Group Inc. Common Stock,Consumer Specialties,31,0.5498999953269958,-58.34091110030801,15,,A-
BGIN,Bgin Blockchain Limited Class A Ordinary Shares,Finance: Consumer Services,119,1.940000057220459,-60.887095921369564,10,,D
BGL,Blue Gold Limited Class A Ordinary Shares,Metal Mining,97,0.23340000212192535,-99.1619389625674,2,,A
BGLC,BioNexus Gene Lab Corp Common stock,Medical Specialities,30,1.7400000095367432,-75.76601600087558,10,,E-
BGM,BGM Group Ltd. Class A Ordinary Shares,Biotechnology: Pharmaceutical Preparations,85,0.33809998631477356,-97.12255330795936,7,,A+
BGMS,Bio Green Med Solution Inc. Common Stock,Biotechnology: Pharmaceutical Preparations,85,0.9075999855995178,-94.70787168637094,12,20,A+
BGS,B&G Foods Inc. Common Stock,Packaged Foods,120,3.890000104904175,-29.53775441105848,34,20,E+
BGSF,BGSF Inc. Common Stock,Professional Services,104,5.559999942779541,-15.501519646705697,61,20,D-
BGSI,Boyd Group Services Inc. Common Shares,,,96.73999786376953,-46.81261734973676,18,,E+
BH,Biglari Holdings Inc. Class B Common Stock,Restaurants,101,390.1400146484375,-18.19592307640624,67,,B-
BHB,Bar Harbor Bankshares Inc. Common Stock,Major Banks,21,37.470001220703125,-4.095209845453496,69,91,B+
BHC,Bausch Health Companies Inc. Common Stock,Biotechnology: Pharmaceutical Preparations,85,4.849999904632568,-41.84652498923972,22,40,E-
BHE,Benchmark Electronics Inc. Common Stock,Electrical Products,4,81.7699966430664,-17.127801600788818,93,87,D-
BHF,Brighthouse Financial Inc. Common Stock,Life Insurance,21,66.61000061035156,0.0,69,29,C-
BHK,Blackrock Core Bond Trust,Finance Companies,53,9.050000190734863,-3.8247682705680797,45,,D
BHM,Bluerock Homes Trust Inc. Class A Common Stock,Real Estate Investment Trusts,46,8.895000457763672,-37.006908916268564,24,,C-
BHP,BHP Group Limited American Depositary Shares (Each representing two Ordinary Shares),Coal Mining,108,81.37000274658203,-12.646267940236333,81,,D-
BHR,Braemar Hotels & Resorts Inc. Common Stock,Real Estate Investment Trusts,46,2.0999999046325684,-33.121024379817484,24,63,C-
BHRB,Burke & Herbert Financial Services Corp. Common Stock,Major Banks,21,70.36000061035156,-3.2985176682448714,63,72,B-
BHST,BioHarvest Sciences Inc. Common Stock,,,2.7699999809265137,-78.1027662888709,9,,E-
BHV,BlackRock Virginia Municipal Bond Trust,Finance/Investors Services,77,12.5,-5.660377358490565,73,,A-
BHVN,Biohaven Ltd. Common Shares,Biotechnology: Pharmaceutical Preparations,85,15.170000076293945,-16.234127194767357,82,4,A
BIAF,bioAffinity Technologies Inc. Common Stock,Biotechnology: Commercial Physical & Biological Resarch,20,0.6998999714851379,-93.60821932715533,3,,E-
BIDU,Baidu Inc. ADS,Computer Software: Programming Data Processing,111,113.38999938964844,-30.230127732735724,45,36,C-
BIIB,Biogen Inc. Common Stock,Biotechnology: Biological Products (No Diagnostic Substances),65,209.02999877929688,-3.508288756041389,80,57,B-
BIII,Black Spade Acquisition III Co Class A Ordinary Shares,Blank Checks,73,9.9399995803833,-0.4008012393562077,45,,D
BILI,Bilibili Inc. American Depositary Shares,EDP Services,125,17.59000015258789,-51.030063894058465,18,99,E+
BILL,BILL Holdings Inc. Common Stock,EDP Services,125,42.86000061035156,-23.885633874836067,45,99,B+
BIO,Bio-Rad Laboratories Inc. Class A Common Stock,Biotechnology: Laboratory Analytical Instruments,59,297.5799865722656,-12.412071649075607,51,40,C+
BIO-B,Bio-Rad Laboratories Inc.,,,309.3739929199219,-3.657823360697021,61,75,E
BIOA,BioAge Labs Inc. Common Stock,Biotechnology: Pharmaceutical Preparations,85,21.78499984741211,-13.207173241738046,98,11,A-
BIOX,Bioceres Crop Solutions Corp. Ordinary Shares,Agricultural Chemicals,130,0.3409999907016754,-91.9385345351283,6,9,E
BIPC,Brookfield Infrastructure Corporation Brookfield Infrastructure Corporation,Oil & Gas Production,35,39.38999938964844,-21.2039260328836,38,,D-
BIRD,Smartbird Inc. Class A Common Stock,Apparel,40,3.0,-82.3425542059171,23,20,A
BIRK,Birkenstock Holding plc Ordinary Shares,Shoe Manufacturing,68,44.630001068115234,-16.423221361732587,54,78,C-
BIVI,BioVie Inc. Class A Common Stock,Biotechnology: Pharmaceutical Preparations,85,1.6399999856948853,-81.7676486207876,38,11,C
BIYA,Baiya International Group Inc. Ordinary Shares,Diversified Commercial Services,97,4.099999904632568,-98.2571732605175,2,,A+
BJ,BJ's Wholesale Club Holdings Inc. Common Stock,Department/Specialty Retail Stores,44,90.12000274658203,-18.057828699911116,40,48,D-
BJDX,Bluejay Diagnostics Inc. Common Stock,Medical/Dental Instruments,113,1.2200000286102295,-91.28571408135551,7,,A+
BJRI,BJ's Restaurants Inc. Common Stock,Restaurants,101,62.38999938964844,0.0,92,72,A-
BKD,Brookdale Senior Living Inc. Common Stock,Hospital/Nursing Management,66,14.399999618530273,-14.13238386726583,86,4,D
BKE,Buckle Inc. (The) Common Stock,Clothing/Shoe/Accessory Stores,87,42.54999923706055,-25.482188040007646,27,65,E+
BKH,Black Hills Corporation Common Stock,Electric Utilities: Central,59,75.80000305175781,-0.4001434361088241,67,48,D+
BKKT,Bakkt Inc. Class A Common Stock,Finance: Consumer Services,119,8.09000015258789,-82.03818830341343,14,9,B
BKNG,Booking Holdings Inc. Common Stock,Transportation Services,104,175.8000030517578,-23.25956846770968,33,93,C+
BKR,Baker Hughes Company Class A Common Stock,Oil and Gas Field Machinery,32,57.65999984741211,-16.96165217669333,65,96,D
BKSY,BlackSky Technology Inc. Class A Common Stock,Radio And Television Broadcasting And Communications Equipment,10,26.06999969482422,-49.50610273970325,35,20,E
BKT,BlackRock Income Trust Inc. (The),Investment Bankers/Brokers/Service,77,10.539999961853027,-3.4727480165913094,45,,D
BKTI,BK Technologies Corporation Common Stock,Radio And Television Broadcasting And Communications Equipment,10,83.4000015258789,-13.97627214944328,68,87,D+
BKU,BankUnited Inc. Common Stock,Savings Institutions,15,47.93000030517578,-4.580986189315494,64,50,D+
BKV,BKV Corporation Common Stock,Oil & Gas Production,35,25.790000915527344,-19.807210703072677,47,83,D+
BKYI,BIO-key International Inc. Common Stock,Computer Software: Prepackaged Software,117,4.800000190734863,-53.398057263604734,20,4,E
BL,BlackLine Inc. Common Stock,Computer Software: Prepackaged Software,117,30.09000015258789,-48.852627543682594,20,88,B-
BLBD,Blue Bird Corporation Common Stock,Construction/Ag Equipment/Trucks,37,76.55999755859375,-3.8190967007564525,86,78,C+
BLCO,Bausch + Lomb Corporation Common Shares,Ophthalmic Goods,113,16.209999084472656,-12.849469075162556,50,61,D+
BLDP,Ballard Power Systems Inc. Common Shares,Industrial Machinery/Components,68,2.950000047683716,-53.761755567895854,60,20,D+
BLDR,Builders FirstSource Inc. Common Stock,RETAIL: Building Materials,112,73.51000213623047,-50.73386580754129,18,30,D-
BLFS,BioLife Solutions Inc. Common Stock,Biotechnology: Electromedical & Electrotherapeutic Apparatus,68,28.100000381469727,-2.396667287653609,77,63,A-
BLIN,Bridgeline Digital Inc. Common Stock,Computer Software: Prepackaged Software,117,1.2999999523162842,-17.197458032826596,80,20,A+
BLIV,BeLive Holdings Ordinary Share,EDP Services,125,2.380000114440918,-41.70952711957202,25,,E
BLK,BlackRock Inc. Common Stock,Investment Bankers/Brokers/Service,77,1031.56005859375,-12.835984205032968,42,73,D-
BLKB,Blackbaud Inc. Common Stock,Computer Software: Prepackaged Software,117,31.030000686645508,-56.66806253013776,16,98,B-
BLLN,BillionToOne Inc. Class A Common Stock,Medical Specialities,30,123.25,-5.3233930447674,83,,A-
BLMN,Bloomin' Brands Inc. Common Stock,Restaurants,101,8.4399995803833,-18.220358443248642,73,73,B
BLND,Blend Labs Inc. Class A Common Stock,Computer Software: Programming Data Processing,111,1.7400000095367432,-60.18306510060392,24,20,C+
BLNE,Beeline Holdings Inc. Common Stock,Finance: Consumer Services,119,1.0399999618530273,-76.09195437578123,10,,E-
BLNK,Blink Charging Co. Common Stock,Industrial Specialties,88,0.5428000092506409,-78.28799962997437,17,20,D-
BLRX,BioLineRx Ltd. American Depositary Shares,Biotechnology: Pharmaceutical Preparations,85,3.0999999046325684,-34.04255254390605,48,,E-
BLSH,Bullish Ordinary Shares,Finance: Consumer Services,119,22.8700008392334,-69.35548481721808,9,20,E
BLTE,Belite Bio Inc American Depositary Shares,Biotechnology: Pharmaceutical Preparations,85,147.02999877929688,-22.737784329247933,84,20,D-
BLW,Blackrock Limited Duration Income Trust,Other Consumer Services,125,12.739999771118164,-4.403496955678077,45,,C-
BLX,Bladex Inc. Class E Common Stock,Commercial Banks,8,57.599998474121094,-8.251036008117929,76,57,D+
BLZE,Backblaze Inc. Class A Common Stock,Computer Software: Prepackaged Software,117,16.190000534057617,-9.197977547200997,99,96,A+
BMA,Banco Macro S.A.  ADR (representing Ten Class B Common Shares),Commercial Banks,8,90.68000030517578,-11.021594929366675,84,86,B+
BMBL,Bumble Inc. Class A Common Stock,Computer Software: Programming Data Processing,111,3.109999895095825,-63.71061836823537,20,81,A-
BMEA,Biomea Fusion Inc. Common Stock,Biotechnology: Pharmaceutical Preparations,85,1.3300000429153442,-50.18726573366128,23,20,E+
BMGL,Basel Medical Group Ltd Ordinary Shares,Medical/Nursing Services,25,6.139999866485596,-83.27886802186761,13,,A+
BMHL,Bluemount Holdings Limited Class B Ordinary Shares,Finance: Consumer Services,119,6.092299938201904,-1.0990245273893362,92,,A+
BMI,Badger Meter Inc. Common Stock,Industrial Machinery/Components,68,140.1199951171875,-42.39716849296043,24,72,D
BMM,Blue Moon Metals Inc. Common Shares,,,6.059999942779541,-28.36879532559805,62,,E-
BMNR,BitMine Immersion Technologies Inc. Common Stock,Finance: Consumer Services,119,14.609999656677246,-76.88343824115556,9,38,E+
BMO,Bank Of Montreal Common Stock,Commercial Banks,8,178.69000244140625,-0.15087408489687926,84,58,C
BMR,Beamr Imaging Ltd. Ordinary Share,Computer Software: Prepackaged Software,117,1.3899999856948853,-61.06442544293598,17,,C+
BMRA,Biomerica Inc. Common Stock,Biotechnology: In Vitro & In Vivo Diagnostic Substances,97,1.690000057220459,-59.178741262736246,15,11,E
BMRC,Bank of Marin Bancorp Common Stock,Major Banks,21,28.299999237060547,-2.211476451922989,61,50,B+
BMRN,BioMarin Pharmaceutical Inc. Common Stock,Biotechnology: Pharmaceutical Preparations,85,59.20000076293945,-7.615482098426329,52,50,B-
BMY,Bristol-Myers Squibb Company Common Stock,Biotechnology: Pharmaceutical Preparations,85,59.34000015258789,-2.792034303815838,67,36,C-
BN,Brookfield Corporation Class A Limited Voting Shares,Building operators,85,43.36000061035156,-11.52115501586951,44,31,D
BNAI,Brand Engagement Network Inc. Common Stock,EDP Services,125,12.600000381469727,-79.99999939449249,95,35,A
BNBX,BNB Plus Corp. Common Stock,Other Consumer Services,125,0.16300000250339508,-97.09964402450909,2,4,E-
BNC,CEA Industries Inc. Common Stock,Industrial Machinery/Components,68,2.809999942779541,-95.12025703315982,14,,A
BNED,Barnes & Noble Education Inc Common Stock,Other Specialty Stores,113,12.529999732971191,-8.806405082265167,80,34,B+
BNGO,Bionano Genomics Inc. Common Stock,Biotechnology: Laboratory Analytical Instruments,59,1.1699999570846558,-76.21951343614666,21,20,D+
BNKK,Bonk Inc. Common Stock,Package Goods/Cosmetics,80,1.1799999475479126,-97.19047631536212,4,,B+
BNL,Broadstone Net Lease Inc. Common Stock,Real Estate Investment Trusts,46,21.940000534057617,0.0,76,78,C+
BNR,Burning Rock Biotech Limited American Depositary Shares,Medical Specialities,30,10.65999984741211,-74.03799442065704,64,4,C-
BNRG,Brenmiller Energy Ltd Ordinary Shares,Building Products,53,0.7239999771118164,-99.13085240025505,1,,E-
BNS,Bank Nova Scotia Halifax Pfd 3 Ordinary Shares,Major Banks,21,88.0,0.0,82,72,C+
BNT,Brookfield Wealth Solutions Ltd. Class A Exchangeable Limited Voting Shares,Property-Casualty Insurers,36,43.47999954223633,-12.05572715382056,43,30,D-
BNTC,Benitec Biopharma Inc. Common Stock,Biotechnology: Pharmaceutical Preparations,85,12.989999771118164,-21.3680423052686,51,11,E+
BNTX,BioNTech SE American Depositary Share,Biotechnology: Biological Products (No Diagnostic Substances),65,90.06999969482422,-24.52656070157189,32,4,C
BNY,The Bank of New York Mellon Corporation Common Stock,Major Banks,21,151.27000427246094,-1.0725258978296792,83,86,D+
BNZI,Banzai International Inc. Class A Common Stock,Computer Software: Prepackaged Software,117,2.4000000953674316,-97.12918643639644,1,,A-
BOBS,Bob's Discount Furniture Inc. Common Stock,Other Specialty Stores,113,15.699999809265137,-30.315138345418713,62,,A-
BOC,Boston Omaha Corporation Class A Common Stock,Real Estate,89,14.050000190734863,-6.891981122178259,58,,B+
BODI,The Beachbody Company Inc. Class A Common Stock,Other Consumer Services,125,11.164999961853027,-30.436134002596848,91,63,D+
BOF,BranchOut Food Inc. Common Stock,Packaged Foods,120,4.099999904632568,-19.449906056524966,83,,A
BOH,Bank of Hawaii Corporation Common Stock,Major Banks,21,82.37999725341797,-0.8186856792237185,68,65,D+
BOKF,BOK Financial Corporation Common Stock,Major Banks,21,138.05999755859375,-2.2514923611527515,66,74,D+
BOLD,Boundless Bio Inc. Common Stock,Biotechnology: Pharmaceutical Preparations,85,2.440000057220459,-6.153840510802655,96,20,A+
BOLT,Bolt Biotherapeutics Inc. Common Stock,Biotechnology: Pharmaceutical Preparations,85,3.7799999713897705,-46.685474047415234,17,20,E
BON,Bon Natural Life Limited Class A Ordinary Shares,Medicinal Chemicals and Botanical Products,135,1.159999966621399,-49.122807843092964,21,,A-
BOOM,DMC Global Inc. Common Stock,Industrial Specialties,88,6.550000190734863,-26.978818330576683,48,20,C-
BOOT,Boot Barn Holdings Inc. Common Stock,Clothing/Shoe/Accessory Stores,87,164.32000732421875,-20.99239797106083,42,67,D+
BORR,Borr Drilling Limited Common Shares,Oil & Gas Production,35,4.460000038146973,-32.526475823599114,78,40,E
BOSC,B.O.S. Better Online Solutions Common Stock,Computer Communications Equipment,15,4.239999771118164,-35.757578297204375,32,49,E
BOTJ,Bank of the James Financial Group Inc. Common Stock,Major Banks,21,26.110000610351562,0.0,88,84,B+
BOW,Bowhead Specialty Holdings Inc. Common Stock,Property-Casualty Insurers,36,31.56999969482422,-6.982908154921674,72,87,B+
BOX,Box Inc. Class A Common Stock,Computer Software: Prepackaged Software,117,29.40999984741211,-12.339789817566505,60,95,B
BOXL,Boxlight Corporation Class A Common Stock,Other Consumer Services,125,4.260000228881836,-97.51921721488537,5,,A+
BP,BP p.l.c. Common Stock,Integrated oil Companies,6,40.83000183105469,-13.296091449101688,62,97,D
BPAC,Blueport Acquisition Ltd Class A Ordinary Shares,,,10.130000114440918,-0.09862158326672255,48,,D+
BPOP,Popular Inc. Common Stock,Major Banks,21,168.7100067138672,-1.0846569366835368,81,69,C+
BPRN,Princeton Bancorp Inc. Common Stock (PA),Major Banks,21,38.47999954223633,-1.2827090966438637,67,53,B+
BQ,Boqii Holding Limited Class A Ordinary Shares,Other Specialty Stores,113,0.8513000011444092,-94.98350008491468,13,,A+
BR,Broadridge Financial Solutions Inc. Common Stock,Business Services,80,151.0399932861328,-42.243218803028014,24,68,D+
BRAG,Bragg Gaming Group Inc. Common Shares,Office Equipment/Supplies/Services,56,1.809999942779541,-61.69312213096663,22,,C
BRAI,Braiin Limited Common Stock,EDP Services,125,6.429999828338623,-56.680890184840834,15,,A+
BRBI,BRBI BR Partners S.A. ADSs,Finance: Consumer Services,119,11.739999771118164,-48.00769282685624,22,,E
BRBR,BellRing Brands Inc. Common Stock,Packaged Foods,120,12.75,-78.29787234042553,11,49,B+
BRBS,Blue Ridge Bankshares Inc. Common Stock,Major Banks,21,3.4700000286102295,-11.922512185499789,47,80,B-
BRC,Brady Corporation Common Stock,Miscellaneous manufacturing industries,122,90.4000015258789,-5.620028365983309,68,85,C
BRCB,Black Rock Coffee Bar Inc. Class A Common Stock,Restaurants,101,8.25,-70.36637947276336,7,,C-
BRCC,BRC Inc. Class A Common Stock,Beverages (Production/Distribution),93,1.2000000476837158,-40.88669632531193,66,70,C-
BRFH,Barfresh Food Group Inc. Common Stock,Packaged Foods,120,1.9900000095367432,-50.74257355626337,15,,E
BRIA,BrilliA Inc Class A Ordinary Shares,Apparel,40,1.5,-63.85542251735315,22,,E-
BRID,Bridgford Foods Corporation Common Stock,Specialty Foods,91,6.349999904632568,-25.294118769028607,26,11,E-
BRK-A,Berkshire Hathaway Inc.,,,744850.0,-3.289469413192936,48,,D+
BRK-B,Berkshire Hathaway Inc.,,,496.8500061035156,-3.3008293991290127,48,,D+
BRKR,Bruker Corporation Common Stock,Biotechnology: Laboratory Analytical Instruments,59,58.970001220703125,-5.866721178677303,88,46,B+
BRLS,Borealis Foods Inc. Class A Common Shares,Packaged Foods,120,0.9578999876976013,-76.11222112162558,9,,A
BRLT,Brilliant Earth Group Inc. Class A Common Stock,Consumer Specialties,31,1.2000000476837158,-58.904109029793176,23,,D
BRN,Barnwell Industries Inc. Common Stock,Oil & Gas Production,35,1.059999942779541,-23.741010526008854,38,11,C+
BRNS,Barinthus Biotherapeutics plc American Depositary Shares,Biotechnology: Pharmaceutical Preparations,85,0.6100000143051147,-69.03553271847159,23,,A
BRO,Brown & Brown Inc. Common Stock,Specialty Insurers,91,69.20999908447266,-35.33193672355402,31,49,C+
BROS,Dutch Bros Inc. Class A Common Stock,Restaurants,101,66.45999908447266,-10.479524519347617,69,70,B-
BRR,ProCap Financial Inc. Common Stock,Finance: Consumer Services,119,1.7200000286102295,-83.97017612312266,10,,A
BRSL,Brightstar Lottery PLC Trading under the Legal Name to begin at the market open on July 21 2025. Ordinary Shares,Services-Misc. Amusement & Recreation,89,10.819999694824219,-37.75050342922237,23,67,D-
BRSP,BrightSpire Capital Inc. Class A Common Stock,Real Estate Investment Trusts,46,5.25,-10.907828278945807,47,,E+
BRT,BRT Apartments Corp. (MD) Common Stock,Real Estate Investment Trusts,46,15.140000343322754,-3.1349953136944775,55,20,B+
BRTX,BioRestorative Therapies Inc. Common Stock (NV),Managed Health Care,,0.33820000290870667,-81.6195653927405,18,,A+
BRUN,Boost Run Inc. Class A Common Stock,EDP Services,125,25.68000030517578,-34.489796414865836,97,,C+
BRX,Brixmor Property Group Inc. Common Stock,Real Estate Investment Trusts,46,31.3700008392334,-2.7548711210097054,68,87,D+
BRZE,Braze Inc. Class A Common Stock,Computer Software: Prepackaged Software,117,26.600000381469727,-26.49902903881747,62,20,B-
BSAC,Banco Santander - Chile ADS,Commercial Banks,8,33.560001373291016,-5.958019314112861,68,50,C+
BSBK,Bogota Financial Corp. Common Stock,Banks,25,9.029999732971191,-4.84720810580982,53,42,B-
BSBR,Banco Santander Brasil SA American Depositary Shares each representing one unit,Commercial Banks,8,5.349999904632568,-24.39127117198633,38,,D-
BSET,Bassett Furniture Industries Incorporated Common Stock,Home Furnishings,42,21.485000610351562,0.0,85,45,A
BSIN,Big Sky Industrial Inc. Common Stock,Oil & Gas Production,35,1.2000000476837158,-16.083909671366648,80,,A
BSRR,Sierra Bancorp Common Stock,Major Banks,21,41.279998779296875,-0.9596965521836531,78,80,C+
BST,BlackRock Science and Technology Trust Common Shares of Beneficial Interest,Finance Companies,53,46.849998474121094,-7.6119122067456075,75,,C
BSVN,Bank7 Corp. Common stock,Major Banks,21,50.36000061035156,-2.6859891587409424,68,66,A-
BSX,Boston Scientific Corporation Common Stock,Medical/Dental Instruments,113,44.650001525878906,-58.71092863150786,11,88,E
BSY,Bentley Systems Incorporated Class B Common Stock,Computer Software: Prepackaged Software,117,31.75,-45.56737654747902,24,59,C
BTAI,BioXcel Therapeutics Inc. Common Stock,Biotechnology: Pharmaceutical Preparations,85,0.8822000026702881,-87.02647091286404,12,4,E-
BTBD,BT Brands Inc. Common Stock,Restaurants,101,1.1059999465942383,-63.49835125288965,18,,B-
BTBT,Bit Digital Inc. Ordinary Shares,Finance: Consumer Services,119,1.6399999856948853,-61.13743916512363,24,,C-
BTCS,BTCS Inc. Common Stock,Finance: Consumer Services,119,0.9969000220298767,-84.65675761422717,6,,E-
BTCT,BTC Digital Ltd. Ordinary Shares,Other Consumer Services,125,0.8999999761581421,-78.8235299727496,10,,A+
BTDR,Bitdeer Technologies Group Class A Ordinary Shares,Finance: Consumer Services,119,12.130000114440918,-53.16602203436924,40,4,E+
BTE,Baytex Energy Corp Common Shares,Oil & Gas Production,35,4.210000038146973,-20.590838033284896,87,,D
BTG,B2Gold Corp Common shares (Canada),Precious Metals,113,3.7799999713897705,-38.59034737298098,27,88,E+
BTGO,BitGo Holdings Inc. Class A Common Stock,Finance: Consumer Services,119,5.090000152587891,-72.47160510765069,6,,E-
BTI,British American Tobacco  Industries p.l.c. Common Stock ADR,Medicinal Chemicals and Botanical Products,135,58.95000076293945,-10.38993112729447,61,,D
BTMD,Biote Corp. Class A Common Stock,Medicinal Chemicals and Botanical Products,135,2.319999933242798,-49.01099261562671,51,52,E-
BTOC,Armlogi Holding Corp. Common Stock,Office Equipment/Supplies/Services,56,0.29409998655319214,-82.4940478728911,13,11,A-
BTOG,Bit Origin Limited Class A Ordinary Shares,Finance: Consumer Services,119,0.9714999794960022,-97.92414530911641,2,,E-
BTQ,BTQ Technologies Corp. Common Stock,,,3.5299999713897705,-75.03536148740815,35,,B-
BTSG,BrightSpring Health Services Inc. Common Stock,Medical/Nursing Services,25,69.63999938964844,-2.710257602374899,97,97,B-
BTSGU,BrightSpring Health Services Inc. Tangible Equity Unit,Medical/Nursing Services,25,230.0500030517578,-2.4426421977315482,96,,A-
BTT,BlackRock Municipal 2030 Target Term Trust,Investment Managers,73,22.790000915527344,-0.8130762942939906,49,,D+
BTTC,Black Titan Corporation Ordinary Shares,Biotechnology: Biological Products (No Diagnostic Substances),65,0.7556999921798706,-96.84862382566419,5,,E-
BTU,Peabody Energy Corporation Common Stock,Coal Mining,108,23.600000381469727,-40.064449188318065,39,20,D-
BTX,BlackRock Technology and Private Equity Term Trust Common Shares of Beneficial Interest,,,8.390000343322754,-10.934179666975307,77,,C-
BTZ,BlackRock Credit Allocation Income Trust,Finance/Investors Services,77,10.229999542236328,-2.3450891704141386,46,,D+
BUD,Anheuser-Busch Inbev SA Sponsored ADR (Belgium),Beverages (Production/Distribution),93,79.33000183105469,-6.769296926471968,70,80,C-
BUDA,Buda Juice Inc. Common Stock,Beverages (Production/Distribution),93,10.739999771118164,-1.1049713568388575,73,,C+
BULL,Webull Corporation Class A Ordinary Shares,Investment Bankers/Brokers/Service,77,7.28000020980835,-58.9627942292274,44,20,B+
BUR,Burford Capital Limited Ordinary Shares,Finance: Consumer Services,119,4.199999809265137,-70.4370656913894,14,36,D
BURL,Burlington Stores Inc. Common Stock,Department/Specialty Retail Stores,44,327.5899963378906,-5.816229820118091,60,73,D
BURU,Nuburu Inc. Common Stock,Industrial Machinery/Components,68,0.12030000239610672,-96.32110082269722,4,,C-
BUSE,First Busey Corporation Class A Common Stock,Major Banks,21,29.270000457763672,-2.983094518575913,72,85,C
BUUU,BUUU Group Limited Class A Ordinary Share,Services-Misc. Amusement & Recreation,89,17.610000610351562,-23.534519820647947,97,,A-
BV,BrightView Holdings Inc. Common Stock,Business Services,80,14.329999923706055,-11.977891159052835,60,31,B
BVC,BitVentures Limited Ordinary Shares,,,11.710000038146973,-20.610169232901875,99,,A+
BVFL,BV Financial Inc. Common Stock,Savings Institutions,15,21.6200008392334,-0.9619747375473442,74,42,B+
BVN,Buenaventura Mining Company Inc.,Metal Mining,97,29.81999969482422,-29.732092125697662,63,,E+
BVS,Bioventus Inc. Class A Common Stock,Medical/Dental Instruments,113,12.069999694824219,-1.2275005640491776,89,99,A-
BW,Babcock & Wilcox Enterprises Inc. Common Stock,Building Products,53,10.930000305175781,-49.97711618144795,99,20,E-
BWA,BorgWarner Inc. Common Stock,Auto Parts:O.E.M.,59,63.63999938964844,-17.38283733849315,85,66,C-
BWAY,BrainsWay Ltd. American Depositary Shares,Medical/Dental Instruments,113,14.100000381469727,-17.88002143962053,88,93,D-
BWB,Bridgewater Bancshares Inc. Common Stock,Major Banks,21,21.5,-0.8302596985333421,71,76,B
BWEN,Broadwind Inc. Common Stock,Metal Fabrications,45,4.300000190734863,-14.682535252363227,95,4,A
BWFG,Bankwell Financial Group Inc. Common Stock,Major Banks,21,58.470001220703125,-2.938247689983664,79,74,C+
BWIN,The Baldwin Insurance Group Inc. Class A Common Stock,Specialty Insurers,91,27.31999969482422,-36.450340478799056,51,30,A
BWLP,BW LPG Limited Common Shares,Transportation Services,104,20.1299991607666,-8.136175047137806,87,83,D
BWMN,Bowman Consulting Group Ltd. Common Stock,Professional Services,104,27.06999969482422,-39.072699732413106,25,35,D-
BWMX,Betterware de Mexico S.A.P.I. de C.V. Ordinary Shares,Catalog/Specialty Distribution,59,18.229999542236328,-3.289129054039086,83,86,C-
BWXT,BWX Technologies Inc. Common Stock,Industrial Machinery/Components,68,177.13999938964844,-25.603066763879802,37,69,E
BX,Blackstone Inc. Common Stock,Investment Managers,73,122.04000091552734,-33.37490522308874,33,58,D+
BXC,Bluelinx Holdings Inc. Common Stock,Wholesale Distributors,,54.22999954223633,-37.349813918921114,26,30,C+
BXMT,Blackstone Mortgage Trust Inc. Common Stock,Real Estate Investment Trusts,46,16.81999969482422,-14.508428436812903,35,,E+
BXP,BXP Inc. Common Stock,Real Estate Investment Trusts,46,67.04000091552734,-11.280649565680346,60,66,C+
BY,Byline Bancorp Inc. Common Stock,Major Banks,21,37.369998931884766,-2.504573058465487,76,71,C+
BYAH,Park Ha Biological Technology Co. Ltd. Class A Ordinary Shares,Package Goods/Cosmetics,80,0.4684999883174896,-99.09903848400484,2,,A+
BYD,Boyd Gaming Corporation Common Stock,Hotels/Resorts,39,85.75,-4.403564194680376,45,67,D+
BYFC,Broadway Financial Corporation Class A Common Stock,Savings Institutions,15,9.75,-6.249996561270366,77,63,C-
BYND,Beyond Meat Inc. Common Stock,Packaged Foods,120,0.6211000084877014,-85.48831827007052,14,20,E+
BYRN,Byrna Technologies Inc. Common Stock,Industrial Machinery/Components,68,3.819999933242798,-86.17444788537296,6,46,E-
BYSI,BeyondSpring Inc. Ordinary Shares,Biotechnology: Pharmaceutical Preparations,85,1.3300000429153442,-43.40425119620186,20,,D
BZ,KANZHUN LIMITED American Depository Shares,Computer Software: Programming Data Processing,111,14.279999732971191,-42.270358577951484,29,92,C-
BZAI,Blaize Holdings Inc. Common Stock,Blank Checks,73,1.1150000095367432,-82.27344966138497,7,20,C-
BZFD,BuzzFeed Inc. Class A Common Stock,Telecommunications Equipment,73,1.409999966621399,-44.921875072759576,90,20,A
BZH,Beazer Homes USA Inc. Common Stock,Homebuilding,56,31.489999771118164,-1.2543105242583175,86,28,A-
BZUN,Baozun Inc. American Depositary Shares,Catalog/Specialty Distribution,59,2.7699999809265137,-41.92872134166182,46,20,C+
C,Citigroup Inc. Common Stock,Major Banks,21,140.7100067138672,-3.4049505851751483,81,74,C-
CAAP,Corporacion America Airports SA Common Shares,Aerospace,93,24.729999542236328,-18.517300720248777,56,87,D-
CAAS,China Automotive Systems Inc. Ordinary Share,Auto Parts:O.E.M.,59,4.375,-12.848605246557588,47,,C+
CABA,Cabaletta Bio Inc. Common Stock,Biotechnology: Biological Products (No Diagnostic Substances),65,2.765000104904175,-33.373492979176234,66,20,B-
CABO,Cable One Inc. Common Stock,Cable & Other Pay Television Services,104,37.93000030517578,-78.74831845968984,5,43,E-
CABR,Caring Brands Inc. Common Stock,Package Goods/Cosmetics,80,1.4700000286102295,-3.2894705884013775,88,,A-
CAC,Camden National Corporation Common Stock,Major Banks,21,53.91999816894531,-3.3518600392450915,73,82,C+
CACC,Credit Acceptance Corporation Common Stock,Finance: Consumer Services,119,626.1300048828125,-4.727633406438692,80,70,B+
CACI,CACI International Inc. Class A Common Stock,EDP Services,125,477.9700012207031,-27.81981010608867,34,68,D
CADL,Candel Therapeutics Inc. Common Stock,Biotechnology: Biological Products (No Diagnostic Substances),65,9.640000343322754,-6.949800552265817,94,4,B+
CAE,CAE Inc. Ordinary Shares,Industrial Machinery/Components,68,24.90999984741211,-26.842876929349003,29,,E+
CAG,ConAgra Brands Inc. Common Stock,Packaged Foods,120,14.329999923706055,-26.61664817850142,32,47,D
CAH,Cardinal Health Inc. Common Stock,Other Pharmaceuticals,139,233.66000366210938,-2.5238842277366724,77,92,C
CAI,Caris Life Sciences Inc. Common Stock,Medical Specialities,30,17.059999465942383,-56.590331305007965,20,20,D-
CAKE,Cheesecake Factory Incorporated (The) Common Stock,Restaurants,101,81.94999694824219,-0.9787399312229828,86,80,B+
CAL,Caleres Inc. Common Stock,Shoe Manufacturing,68,11.84000015258789,-23.20873165326366,33,51,B-
CALC,CalciMedica Inc. Common Stock,Biotechnology: Pharmaceutical Preparations,85,0.817799985408783,-87.86646864717757,19,,E-
CALM,Cal-Maine Foods Inc. Common Stock,Farming/Seeds/Milling,101,83.41000366210938,-26.491942042167814,49,48,C
CALX,Calix Inc Common Stock,Telecommunications Equipment,73,39.72999954223633,-41.932182687094674,22,87,D-
CALY,Callaway Golf Company Common Stock,Recreational Games/Products/Toys,93,18.469999313354492,-4.051951618937699,91,37,B
CAMP,CAMP4 Therapeutics Corporation Common Stock,,,4.5,-36.88639652493391,85,,A+
CAMT,Camtek Ltd. Ordinary Shares,Electronic Components,6,136.77999877929688,-34.06922088460816,55,42,E
CAN,Canaan Inc. American Depositary Shares,Semiconductors,2,0.30079999566078186,-85.3268291386588,8,20,B-
CANF,Can-Fite Biopharma Ltd American Depositary Shares each representing two (2) Ordinary Shares,Biotechnology: Pharmaceutical Preparations,85,3.259999990463257,-84.47619052160353,17,,A+
CANG,Cango Inc. Class A Ordinary Shares,Computer Software: Prepackaged Software,117,0.20409999787807465,-92.57818189534274,3,20,A
CAPR,Capricor Therapeutics Inc. Common Stock,Biotechnology: Pharmaceutical Preparations,85,20.610000610351562,-41.68081346529839,82,20,E-
CAPS,Capstone Holding Corp. Common Stock,Biotechnology: Pharmaceutical Preparations,85,0.2526000142097473,-85.80898773765009,5,,A
CAR,Avis Budget Group Inc. Common Stock,Rental/Leasing Companies,130,155.85000610351562,-78.1713499868863,27,20,E+
CARE,Carter Bankshares Inc. Common Stock,Major Banks,21,31.600000381469727,-8.644116096930588,89,59,B-
CARG,CarGurus Inc. Class A Common Stock,EDP Services,125,33.75,-13.528052637546084,40,59,C+
CARL,Carlsmed Inc. Common Stock,Medical/Dental Instruments,113,12.109999656677246,-28.722779165286294,56,20,A-
CARR,Carrier Global Corporation Common Stock,Industrial Machinery/Components,68,68.61000061035156,-14.015078065629204,60,36,C-
CARS,Cars.com Inc. Common Stock,EDP Services,125,11.100000381469727,-19.506886061092,46,60,B-
CART,Maplebear Inc. Common Stock,Business Services,80,48.279998779296875,-6.741359180234308,67,49,B-
CASH,Pathward Financial Inc. Common Stock,Major Banks,21,90.77999877929688,-9.100683384523833,58,59,C-
CASS,Cass Information Systems Inc Common Stock,Business Services,80,52.459999084472656,-0.26615854317432186,75,48,C+
CAST,FreeCast Inc. Class A Common Stock,EDP Services,125,3.2799999713897705,-66.66666747431766,11,11,A+
CASY,Casey's General Stores Inc. Common Stock,Retail-Auto Dealers and Gas Stations,117,859.0999755859375,-6.240456179626186,85,91,B-
CAT,Caterpillar Inc. Common Stock,Construction/Ag Equipment/Trucks,37,931.469970703125,-12.529819762597382,92,86,E+
CATO,Cato Corporation (The) Class A Common Stock,Clothing/Shoe/Accessory Stores,87,3.2300000190734863,-31.567793164195546,45,54,B
CATX,Perspective Therapeutics Inc. Common Stock,Medical/Dental Instruments,113,3.0899999141693115,-45.30973695552899,25,4,E
CATY,Cathay General Bancorp Common Stock,Major Banks,21,61.65999984741211,-2.5600489303656215,75,85,C-
CAVA,CAVA Group Inc. Common Stock,Restaurants,101,72.54000091552734,-25.515965324836422,37,43,E+
CB,Chubb Limited  Common Stock,Property-Casualty Insurers,36,354.739990234375,-1.7803314102226686,68,90,C
CBAN,Colony Bankcorp Inc. Common Stock,Major Banks,21,20.309999465942383,-4.558276265995886,59,54,D
CBAT,CBAK Energy Technology Limited Ordinary Shares,Industrial Machinery/Components,68,0.5,-57.98319529766458,11,,E-
CBC,Central Bancompany Inc. Class A Common Stock,,,31.170000076293945,-1.9503014198737234,81,,B-
CBFV,CB Financial Services Inc. Common Stock,Major Banks,21,36.29999923706055,-5.246677275328427,59,71,B+
CBIO,Crescent Biopharma Inc. Common Stock,Biotechnology: Pharmaceutical Preparations,85,15.6899995803833,-41.845812280978336,63,9,A
CBK,Commercial Bancgroup Inc. Common Stock,Major Banks,21,33.220001220703125,-0.6281755386048915,81,,B+
CBL,CBL & Associates Properties Inc. Common Stock,Real Estate Investment Trusts,46,51.70000076293945,-6.476118117604191,90,97,B-
CBLL,CeriBell Inc. Common Stock,Biotechnology: Electromedical & Electrotherapeutic Apparatus,68,19.520000457763672,-16.688005960240538,66,11,C-
CBNA,Chain Bridge Bancorp Inc. Class A Common Stock,Major Banks,21,41.66999816894531,-5.252390626044912,80,80,B+
CBNK,Capital Bancorp Inc. Common Stock,Major Banks,21,35.40999984741211,-2.0470308360486467,65,46,B-
CBOE,Cboe Global Markets Inc. Common Stock,Investment Bankers/Brokers/Service,77,277.1300048828125,-24.267558721439674,53,90,E
CBRE,CBRE Group Inc Common Stock Class A,Real Estate,89,138.02999877929688,-19.56762526171166,37,86,D
CBRL,Cracker Barrel Old Country Store Inc Common Stock,Restaurants,101,52.349998474121094,-25.566682482726545,89,32,A
CBSH,Commerce Bancshares Inc. Common Stock,Major Banks,21,58.4900016784668,-5.21253085052461,57,77,C
CBT,Cabot Corporation Common Stock,Major Chemicals,59,87.83999633789062,-5.952896249629869,71,49,C
CBU,Community Financial System Inc. Common Stock,Major Banks,21,67.69000244140625,-1.1102915131035007,64,60,C-
CBUS,Cibus Inc. Class A Common Stock,Agricultural Chemicals,130,2.130000114440918,-47.407407058555364,82,20,A
CBZ,CBIZ Inc. Common Stock,Business Services,80,40.470001220703125,-47.98868719893257,45,68,B+
CC,Chemours Company (The) Common Stock,Major Chemicals,59,18.1200008392334,-34.91635880141571,58,,E
CCAP,Crescent Capital BDC Inc. Common stock,Finance: Consumer Services,119,10.960000038146973,-22.03049607859101,31,,E+
CCB,Coastal Financial Corporation Common Stock,Major Banks,21,78.5999984741211,-33.932926227083925,25,61,D
CCBG,Capital City Bank Group Common Stock,Major Banks,21,49.650001525878906,-1.2333378282056717,65,70,B
CCC,CCC Intelligent Solutions Holdings Inc. Common Stock,Computer Software: Prepackaged Software,117,6.230000019073486,-37.8863391332517,34,81,A-
CCCC,C4 Therapeutics Inc. Common Stock,Biotechnology: Biological Products (No Diagnostic Substances),65,3.9200000762939453,-16.05995691107549,93,20,C
CCEC,Capital Clean Energy Carriers Corp. Common Share,Marine Transportation,9,22.3799991607666,-7.000401290629288,63,35,B-
CCEL,Cryo-Cell International Inc. Common Stock,Misc Health and Biotechnology Services,13,3.5,-34.086628291602,33,,A-
CCEP,Coca-Cola Europacific Partners plc Ordinary Shares,Beverages (Production/Distribution),93,106.0,-2.9862305088386165,67,,C+
CCG,Cheche Group Inc. Class A Ordinary Shares,Specialty Insurers,91,0.4377000033855438,-70.81999977429707,10,,A
CCHH,CCH Holdings Ltd Class A Ordinary Shares,Restaurants,101,1.7799999713897705,-98.82275131791233,3,,E-
CCI,Crown Castle Inc. Common Stock,Real Estate Investment Trusts,46,79.83999633789062,-26.537841920975012,34,82,D-
CCIX,Churchill Capital Corp IX Ordinary Shares,EDP Services,125,10.880000114440918,-0.5484412088092694,49,,D+
CCJ,Cameco Corporation Common Stock,Other Metals and Minerals,135,90.19999694824219,-32.731747772630946,38,,E
CCK,Crown Holdings Inc.,Containers/Packaging,56,109.73999786376953,-4.841128775046877,56,46,C-
CCL,Carnival Corporation Ltd. Common Shares,Marine Transportation,9,26.610000610351562,-20.86866401581616,36,67,C-
CCLD,CareCloud Inc. Common Stock,Computer Software: Prepackaged Software,117,2.380000114440918,-38.02082896775867,28,40,E
CCM,Concord Medical Services Holdings Limited American Depositary Shares (Each represents thirty (30) Class A ordinary shares),Medical/Nursing Services,25,4.679999828338623,-32.17391646877349,49,,D-
CCNE,CNB Financial Corporation Common Stock,Major Banks,21,33.68000030517578,-1.8648001029701544,77,73,C+
CCO,Clear Channel Outdoor Holdings Inc. Common Stock,Advertising,109,2.4100000858306885,-0.8230444599618192,84,40,C
CCOI,Cogent Communications Holdings Inc.,Telecommunications Equipment,73,12.930000305175781,-74.79958195606761,9,20,E
CCRN,Cross Country Healthcare Inc. Common Stock $0.0001 Par Value,Professional Services,104,13.220000267028809,-7.097676090640215,80,20,B
CCS,Century Communities Inc. Common Stock,Homebuilding,56,64.30000305175781,-13.160873599800194,56,36,B-
CCSI,Consensus Cloud Solutions Inc. Common Stock,Computer Software: Prepackaged Software,117,37.790000915527344,-2.502573395280505,91,71,B+
CCTG,CCSC Technology International Holdings Limited Class A Ordinary Shares,Building Products,53,0.8799999952316284,-96.23931619838676,25,,A+
CCU,Compania Cervecerias Unidas S.A. Common Stock,Beverages (Production/Distribution),93,11.029999732971191,-26.676904358370855,31,45,B-
CCXI,Churchill Capital Corp XI Class A Ordinary Shares,Blank Checks,73,14.34000015258789,-24.921466669183168,85,,A+
CCZ,Comcast Holdings ZONES,Cable & Other Pay Television Services,104,66.5,0.0,56,,C
CD,Chaince Digital Holdings Inc. Ordinary Shares,Finance: Consumer Services,119,3.0399999618530273,-91.50600758846548,12,,A
CDE,Coeur Mining Inc. Common Stock,Precious Metals,113,15.59000015258789,-42.51378420098053,40,,E
CDIO,Cardio Diagnostics Holdings Inc. Common stock,Biotechnology: In Vitro & In Vivo Diagnostic Substances,97,1.7899999618530273,-72.67175710338105,18,,B-
CDLR,Cadeler A/S American Depositary Share (each representing four (4) Ordinary Shares),Marine Transportation,9,22.479999542236328,-23.97700448346264,46,,D-
CDLX,Cardlytics Inc. Common Stock,Computer Software: Programming Data Processing,111,4.170000076293945,-86.63461546690976,5,20,E-
CDNA,CareDx Inc. Common Stock,Medical Specialities,30,28.760000228881836,-1.7759578059055259,93,58,A-
CDNL,Cardinal Infrastructure Group Inc. Class A Common Stock,Military/Government/Technical,101,64.86000061035156,-31.22680278932807,97,,C+
CDNS,Cadence Design Systems Inc. Common Stock,Computer Software: Prepackaged Software,117,377.9200134277344,-9.238934620750639,77,69,C
CDP,COPT Defense Properties Common Shares of Beneficial Interest,Real Estate Investment Trusts,46,36.470001220703125,-3.1855508536537402,76,49,B
CDRE,Cadre Holdings Inc. Common Stock,Industrial Specialties,88,28.329999923706055,-38.29851958775837,25,49,D-
CDRO,Codere Online Luxembourg S.A. Ordinary Shares,Services-Misc. Amusement & Recreation,89,9.5600004196167,-6.27450393741279,72,,D+
CDT,CDT Equity Inc. Common Stock,Biotechnology: Pharmaceutical Preparations,85,0.358599990606308,-99.924025425719,1,,A+
CDTG,CDT Environmental Technology Investment Holdings Limited ordinary shares,Miscellaneous,142,1.809999942779541,-93.41818202625622,2,,E-
CDW,CDW Corporation Common Stock,Retail: Computer Software & Peripheral Equipment,40,144.35499572753906,-19.231073626773576,50,51,B
CDXS,Codexis Inc. Common Stock,Major Chemicals,59,2.25,-32.432430884385454,43,20,C
CDZI,CADIZ Inc. Common Stock,Water Supply,73,3.825000047683716,-44.72543344635017,27,,B
CDZIP,Cadiz Inc. Depositary Shares,Water Supply,73,22.350000381469727,-4.458767041093825,77,,B+
CE,Celanese Corporation Common Stock,Major Chemicals,59,47.91999816894531,-30.791450538129073,34,63,E
CECO,CECO Environmental Corp. Common Stock,Pollution Control Equipment,80,81.9000015258789,-17.828832115503236,92,85,D+
CEG,Constellation Energy Corporation Common Stock,Electric Utilities: Central,59,257.57000732421875,-35.97913297185542,26,78,E
CELC,Celcuity Inc. Common Stock,Medical Specialities,30,103.79000091552734,-28.41081254369746,98,20,D
CELH,Celsius Holdings Inc. Common Stock,Beverages (Production/Distribution),93,29.829999923706055,-54.00863453130276,17,97,D
CELU,Celularity Inc. Class A Common Stock,Biotechnology: Pharmaceutical Preparations,85,0.7551000118255615,-81.80481941028228,9,,A
CELZ,Creative Medical Technology Holdings Inc. Common Stock,Finance: Consumer Services,119,0.8543000221252441,-84.71735243639044,5,4,A+
CENN,Cenntro Inc. Common Stock,Auto Manufacturing,138,3.2200000286102295,-92.21206410215484,6,,E+
CENT,Central Garden & Pet Company Common Stock,Consumer Specialties,31,43.130001068115234,-4.473976499437892,77,70,C+
CENTA,Central Garden & Pet Company Class A Common Stock Nonvoting,Consumer Specialties,31,37.630001068115234,-4.83055084265831,73,45,C+
CENX,Century Aluminum Company Common Stock,Aluminum,,45.40999984741211,-33.96829712948593,76,99,E-
CEPF,Cantor Equity Partners IV Inc. Class A Ordinary Shares,Blank Checks,73,10.4399995803833,-1.6949181460966245,48,,D+
CEPO,Cantor Equity Partners I Inc. Class A Ordinary Shares,Blank Checks,73,10.649999618530273,-30.118111689782,43,,D+
CEPS,Cantor Equity Partners VI Inc. Class A Ordinary Shares,Blank Checks,73,10.359999656677246,-0.7662828249186293,49,,D+
CEPU,Central Puerto S.A. American Depositary Shares (each represents ten Common Shares),Electric Utilities: Central,59,14.779999732971191,-17.660172118283235,67,94,C-
CEPV,Cantor Equity Partners V Inc. Class A Ordinary Shares,,,10.404999732971191,-0.4306227475147639,48,,C
CERS,Cerus Corporation Common Stock,EDP Services,125,3.0899999141693115,-5.792684721882912,93,20,A
CERT,Certara Inc. Common Stock,Computer Software: Prepackaged Software,117,6.789999961853027,-50.073531092656886,29,20,B+
CET,Central Securities Corporation Common Stock,Finance/Investors Services,77,52.97999954223633,-1.433902097536821,55,,D
CETX,Cemtrex Inc. Common Stock,Electrical Products,4,2.4700000286102295,-98.78024689945174,2,9,A+
CETY,Clean Energy Technologies Inc. Common Stock,Metal Fabrications,45,0.8840000033378601,-80.98924762993992,25,,A-
CEV,Eaton Vance California Municipal Income Trust Shares of Beneficial Interest,Finance/Investors Services,77,10.569999694824219,-0.28302533552690967,57,,C-
CEVA,CEVA Inc. Common Stock,Computer Software: Programming Data Processing,111,42.709999084472656,-14.68238531199857,95,46,A-
CF,CF Industries Holdings Inc. Common Stock,Agricultural Chemicals,130,120.91999816894531,-11.763319963385277,75,74,D
CFBK,CF Bankshares Inc. Common Stock,Major Banks,21,32.08000183105469,-3.3977656085302788,73,54,B
CFFI,C&F Financial Corporation Common Stock,Major Banks,21,77.8499984741211,-9.66581782496746,60,71,A
CFFN,Capitol Federal Financial Inc. Common Stock,Savings Institutions,15,8.489999771118164,-1.5081219972949755,79,65,C-
CFG,Citizens Financial Group Inc. Common Stock,Major Banks,21,70.36000061035156,-2.426847850766467,77,71,D+
CFR,Cullen/Frost Bankers Inc. Common Stock,Major Banks,21,157.89999389648438,0.0,69,82,C-
CG,The Carlyle Group Inc. Common Stock,Investment Managers,73,44.13999938964844,-35.036055971560806,26,31,E+
CGAU,Centerra Gold Inc. Common Shares,Precious Metals,113,15.869999885559082,-24.09629997707504,77,73,E+
CGBD,Carlyle Secured Lending Inc. Common Stock,Finance: Consumer Services,119,10.479999542236328,-15.769581999572912,37,,D-
CGC,Canopy Growth Corporation Common Shares,Medicinal Chemicals and Botanical Products,135,0.9599999785423279,-50.0,24,20,D+
CGEM,Cullinan Therapeutics Inc. Common Stock,Biotechnology: Biological Products (No Diagnostic Substances),65,17.8700008392334,-3.3008588642481684,95,4,B+
CGEN,Compugen Ltd. Ordinary Shares,Biotechnology: Biological Products (No Diagnostic Substances),65,2.299999952316284,-25.806450868620434,67,64,D
CGNT,Cognyte Software Ltd. Ordinary Shares,Computer Software: Prepackaged Software,117,9.039999961853027,-26.143789780257542,52,20,D-
CGNX,Cognex Corporation Common Stock,Industrial Machinery/Components,68,63.90999984741211,-11.750895521538974,88,81,C+
CGON,CG Oncology Inc. Common stock,Biotechnology: Biological Products (No Diagnostic Substances),65,72.5,-3.641677221642947,93,4,C+
CGTL,Creative Global Technology Holdings Limited Class A Ordinary Shares,Retail: Computer Software & Peripheral Equipment,40,4.489999771118164,-94.24359003702799,4,,A+
CGTX,Cognition Therapeutics Inc. Common Stock,Biotechnology: Biological Products (No Diagnostic Substances),65,1.0199999809265137,-67.92452957503689,45,4,E
CHA,Chagee Holdings Limited American Depositary Shares,Restaurants,101,11.680000305175781,-54.74900919675568,33,47,B-
CHAI,Core AI Holdings Inc. Common Shares,Telecommunications Equipment,73,0.47510001063346863,-97.44569891994847,3,,A+
CHCI,Comstock Holding Companies Inc. Class A Common Stock,Real Estate,89,15.390000343322754,-21.036426249071162,56,76,A+
CHCO,City Holding Company Common Stock,Major Banks,21,133.97999572753906,-0.9463247310957046,58,82,C-
CHCT,Community Healthcare Trust Incorporated Common Stock,Real Estate Investment Trusts,46,18.06999969482422,-2.271498547825812,70,71,C-
CHD,Church & Dwight Company Inc. Common Stock,Package Goods/Cosmetics,80,97.16000366210938,-7.393877270684889,53,59,D
CHDN,Churchill Downs Incorporated Common Stock,Services-Misc. Amusement & Recreation,89,83.75,-28.777955091224438,31,53,C
CHE,Chemed Corp,Medical/Nursing Services,25,492.2699890136719,0.0,69,48,B-
CHEC,Chenghe Acquisition III Co. Class A Ordinary Share,,,10.170000076293945,-0.3917723967049813,47,,C-
CHEF,The Chefs' Warehouse Inc. Common Stock,Food Distributors,19,97.44000244140625,-0.7840308015929387,91,94,B+
CHGG,Chegg Inc. Common Stock,Other Consumer Services,125,0.8450999855995178,-54.070653789731274,28,20,D
CHH,Choice Hotels International Inc. Common Stock,Hotels/Resorts,39,108.73999786376953,-18.725168234728574,42,67,D+
CHKP,Check Point Software Technologies Ltd. Ordinary Shares,Computer Software: Prepackaged Software,117,134.32000732421875,-39.766812859094735,24,82,D-
CHMG,Chemung Financial Corp Common Stock,Major Banks,21,74.9000015258789,-1.8091207072652882,84,66,C+
CHMI,Cherry Hill Mortgage Investment Corporation Common Stock,Real Estate Investment Trusts,46,2.2699999809265137,-12.93131079891634,38,47,D-
CHNR,China Natural Resources Inc. Common Stock,Precious Metals,113,3.8499999046325684,-46.304046531857644,39,,E-
CHOW,ChowChow Cloud International Holdings Limited Ordinary Shares,Computer Software: Prepackaged Software,117,0.37220001220703125,-97.04837412894025,7,,A+
CHPT,ChargePoint Holdings Inc. Common Stock,Industrial Specialties,88,6.070000171661377,-54.565865811024715,28,20,B
CHR,Cheer Holding Inc. Class A Ordinary Share,EDP Services,125,1.8799999952316284,-99.37018425620381,11,,A
CHRD,Chord Energy Corporation Common Stock,Oil & Gas Production,35,122.36000061035156,-17.519374343324323,63,34,D-
CHRN,ChronoScale Holdings Corporation Common Stock,Industrial Machinery/Components,68,19.719999313354492,-23.625098580820314,99,,A-
CHRS,Coherus Oncology Inc. Common Stock,Biotechnology: Biological Products (No Diagnostic Substances),65,1.4700000286102295,-41.43426158583691,52,40,C
CHRW,C.H. Robinson Worldwide Inc. Common Stock,Integrated Freight & Logistics,141,196.5,-1.3672744429143235,86,48,C-
CHSN,Chanson International Holding Class A Ordinary Shares,Packaged Foods,120,1.1699999570846558,-99.88392857568604,1,,A+
CHT,Chunghwa Telecom Co. Ltd.,Telecommunications Equipment,73,41.47999954223633,-6.81448454178536,46,,D-
CHTR,Charter Communications Inc. Class A Common Stock New,Cable & Other Pay Television Services,104,131.3699951171875,-67.12544732794579,10,55,E+
CHWY,Chewy Inc. Class A Common Stock,Catalog/Specialty Distribution,59,20.31999969482422,-51.99622297224472,16,89,D-
CHYM,Chime Financial Inc. Class A Common Stock,Finance: Consumer Services,119,20.950000762939453,-42.127070935347945,35,63,A-
CI,The Cigna Group Common Stock,Medical Specialities,30,304.5,-0.4238484432693701,56,67,C
CIA,Citizens Inc. Class A Common Stock ($1.00 Par),Life Insurance,21,5.610000133514404,-12.068965001797483,70,50,A-
CIEN,Ciena Corporation Common Stock,Telecommunications Equipment,73,445.44000244140625,-28.956937409664075,98,92,E
CIFR,Cipher Digital Inc. Common Stock,Finance: Consumer Services,119,20.084999084472656,-31.16861249343409,91,,C+
CIG,Comp En De Mn Cemig ADS American Depositary Shares,Electric Utilities: Central,59,2.130000114440918,-18.601692351762512,48,,D+
CIGI,Colliers International Group Inc. Subordinate Voting Shares,Real Estate,89,96.68000030517578,-42.741066469490285,21,35,D+
CIIT,Tianci International Inc. Common Stock,Oil & Gas Production,35,0.4156000018119812,-95.28798167582858,2,35,A+
CIM,Chimera Investment Corporation Common Stock,Real Estate Investment Trusts,46,12.899999618530273,-4.383912872537943,51,40,D+
CINF,Cincinnati Financial Corporation Common Stock,Property-Casualty Insurers,36,182.6699981689453,-4.874238749076476,67,99,C-
CING,Cingulate Inc. Common Stock,Biotechnology: Pharmaceutical Preparations,85,4.679999828338623,-59.86277967767444,38,20,C+
CINT,CI&T Inc Class A Common Shares,EDP Services,125,3.309999942779541,-42.233858084441124,17,82,E
CION,CION Investment Corporation Common Stock,Finance/Investors Services,77,6.409999847412109,-31.92607749302512,27,20,E+
CIRC,Circle8 Group Inc. Common Stock,Biotechnology: Laboratory Analytical Instruments,59,0.6855000257492065,-86.42574257706208,4,,A+
CISO,CISO Global Inc. Common Stock,Professional Services,104,0.27000001072883606,-80.7142846195065,10,,B+
CISS,C3is Inc. Common Stock,Marine Transportation,9,1.6100000143051147,-99.71744470888089,2,29,A-
CITR,CitroTech Inc. Common Stock,Environmental Services,68,5.070000171661377,-49.75222898920354,13,,C-
CIVB,Civista Bancshares Inc. Common Stock,Major Banks,21,27.8799991607666,-3.862071859425509,74,52,B
CIX,CompX International Inc. Common Stock,Industrial Machinery/Components,68,26.0,-11.079144556025145,66,54,B
CJMB,Callan JMB Inc. Common Stock,Business Services,80,0.7591999769210815,-86.72727264390959,7,,E
CKX,CKX Lands Inc. Common Stock,Oil & Gas Production,35,11.0,-11.218727238146176,54,,B+
CL,Colgate-Palmolive Company Common Stock,Package Goods/Cosmetics,80,93.20999908447266,-5.397136288303617,64,48,D+
CLAR,Clarus Corporation Common Stock,Recreational Games/Products/Toys,93,3.380000114440918,-13.30582088041684,58,20,B
CLB,Core Laboratories Inc. Common Stock,Oilfield Services/Equipment,10,11.449999809265137,-41.7130464240326,22,34,E
CLBK,Columbia Financial Inc. Common Stock,Savings Institutions,15,21.290000915527344,-0.8152771293572503,81,65,C+
CLBT,Cellebrite DI Ltd. Ordinary Shares,Computer Software: Prepackaged Software,117,16.1299991607666,-17.535789360056242,66,36,A-
CLDI,Calidi Biotherapeutics Inc. Common Stock,Biotechnology: Biological Products (No Diagnostic Substances),65,0.13269999623298645,-98.56757343364345,3,4,E
CLDT,Chatham Lodging Trust (REIT) Common Shares of Beneficial Interest,Real Estate Investment Trusts,46,12.869999885559082,-4.511932034594324,94,64,B+
CLDX,Celldex Therapeutics Inc.,Biotechnology: In Vitro & In Vivo Diagnostic Substances,97,38.529998779296875,-3.5061395321287714,85,20,B+
CLF,Cleveland-Cliffs Inc. Common Stock,Metal Mining,97,9.710000038146973,-39.98763995671333,36,20,D-
CLFD,Clearfield Inc. Common Stock,Telecommunications Equipment,73,32.7400016784668,-36.12953033454658,50,28,C
CLGN,CollPlant Biotechnologies Ltd Ordinary Shares,Industrial Specialties,88,0.35429999232292175,-88.75238153662359,9,4,C-
CLH,Clean Harbors Inc. Common Stock,Environmental Services,68,303.6400146484375,-3.2068846564004883,68,73,D-
CLIK,Click Holdings Limited Class A Ordinary Share,Diversified Commercial Services,97,1.4199999570846558,-88.62179479831774,5,,A
CLIR,ClearSign Technologies Corporation Common Stock (DE),Industrial Machinery/Components,68,3.619999885559082,-65.84905891241905,12,,E+
CLLS,Cellectis S.A. American Depositary Shares,Biotechnology: Pharmaceutical Preparations,85,2.9000000953674316,-45.79438977454336,37,,D-
CLMB,Climb Global Solutions Inc. Common Stock,Retail: Computer Software & Peripheral Equipment,40,25.3700008392334,-29.123901465224577,42,51,C+
CLMT,Calumet Inc. Common Stock,Integrated oil Companies,6,39.58000183105469,0.0,94,4,C+
CLNE,Clean Energy Fuels Corp. Common Stock,Natural Gas Distribution,25,2.319999933242798,-24.18300729981604,46,20,A-
CLNN,Clene Inc. Common Stock,Biotechnology: Pharmaceutical Preparations,85,6.389999866485596,-48.880001068115234,60,,A
CLOV,Clover Health Investments Corp. Class A Common Stock,Medical Specialities,30,4.570000171661377,-15.526796662527609,96,63,A-
CLPR,Clipper Realty Inc. Common Stock,Real Estate Investment Trusts,46,2.880000114440918,-29.74777561107812,31,20,E-
CLPS,CLPS Incorporation Common Stock,Computer Software: Prepackaged Software,117,0.8300999999046326,-48.75925941597015,28,,A+
CLPT,ClearPoint Neuro Inc. Common Stock,Medical/Dental Instruments,113,16.510000228881836,-44.22297291854945,84,,A
CLRB,Cellectar Biosciences Inc.  Common Stock,Biotechnology: Pharmaceutical Preparations,85,2.630000114440918,-57.374390892704064,21,,A+
CLRO,ClearOne Inc. Common Stock,Telecommunications Equipment,73,6.599999904632568,-52.312139943159906,87,4,A+
CLS,Celestica Inc. Common Stock,Electrical Products,4,345.17999267578125,-26.930567922187663,82,94,D+
CLSK,CleanSpark Inc. Common Stock,Finance: Consumer Services,119,12.359999656677246,-46.724141162867674,49,38,D-
CLST,Catalyst Bancorp Inc. Common Stock,Savings Institutions,15,17.0,-0.5847975394087768,68,60,D-
CLVT,Clarivate Plc Ordinary Shares,EDP Services,125,2.2899999618530273,-49.448126803731206,23,20,B+
CLW,Clearwater Paper Corporation Common Stock,Paper,121,15.1899995803833,-50.745786299522265,26,20,D+
CLWT,Euro Tech Holdings Company Limited Common Stock,Professional and commerical equipment,,1.649999976158142,-13.61256518360946,81,,A+
CLX,Clorox Company (The) Common Stock,Specialty Chemicals,122,95.05000305175781,-24.42049099647685,31,43,E+
CLYM,Climb Bio Inc. Common Stock,Biotechnology: Pharmaceutical Preparations,85,13.210000038146973,-5.642856870378765,99,4,A-
CM,Canadian Imperial Bank of Commerce Common Stock,Commercial Banks,8,117.37000274658203,-0.3481032747190915,82,75,D+
CMBT,CMB.TECH NV Ordinary Shares,Marine Transportation,9,15.4399995803833,-6.730390670880448,89,,B
CMC,Commercial Metals Company Common Stock,Steel/Iron Ore,46,63.66999816894531,-22.984764273238646,50,69,E-
CMCL,Caledonia Mining Corporation Plc Common Shares,Precious Metals,113,17.329999923706055,-53.78120829089617,16,90,E-
CMCM,Cheetah Mobile Inc. American Depositary Shares each representing fifty (50) Class A Ordinary Shares,Computer Software: Prepackaged Software,117,3.069999933242798,-66.8108115325103,10,20,E-
CMCO,Columbus McKinnon Corporation Common Stock,Construction/Ag Equipment/Trucks,37,12.989999771118164,-43.737214788902854,24,47,E+
CMCSA,Comcast Corporation Class A Common Stock,Cable & Other Pay Television Services,104,23.969999313354492,-25.076862615013717,28,53,C-
CMCT,Creative Media & Community Trust Corporation Common stock,Real Estate Investment Trusts,46,3.2699999809265137,-99.74611801390321,4,20,A
CMDB,Costamare Bulkers Holdings Limited Common Stock,Marine Transportation,9,19.559999465942383,-1.51057973408526,85,,B-
CME,CME Group Inc. Class A Common Stock,Investment Bankers/Brokers/Service,77,245.10000610351562,-22.728511666243822,34,72,E
CMG,Chipotle Mexican Grill Inc. Common Stock,Restaurants,101,36.630001068115234,-34.589283806937075,36,51,B
CMI,Cummins Inc. Common Stock,Industrial Machinery/Components,68,664.3900146484375,-8.686211997733384,85,51,E+
CMII,Columbus Circle Capital Corp II Class A Ordinary Shares,Blank Checks,73,10.119999885559082,-0.29556388274559753,50,,A-
CMIIU,Columbus Circle Capital Corp II Unit,Blank Checks,73,10.949999809265137,0.0,59,,A-
CMMB,Chemomab Therapeutics Ltd. American Depositary Share,Biotechnology: Pharmaceutical Preparations,85,1.649999976158142,-64.7435889598337,20,20,E-
CMND,Clearmind Medicine Inc. Common Shares,Biotechnology: Pharmaceutical Preparations,85,1.9900000095367432,-99.58193277110573,1,11,A+
CMP,Compass Minerals Intl Inc Common Stock,Mining & Quarrying of Nonmetallic Minerals (No Fuels),79,29.530000686645508,-11.877045163354083,81,50,B-
CMPR,Cimpress plc Ordinary Shares (Ireland),Publishing,104,99.9000015258789,-4.3836157005164855,89,77,B
CMPS,COMPASS Pathways Plc American Depository Shares,Biotechnology: Pharmaceutical Preparations,85,13.1850004196167,-12.508290068877182,98,4,A-
CMPX,Compass Therapeutics Inc. Common Stock,Biotechnology: Biological Products (No Diagnostic Substances),65,2.259999990463257,-66.21823660488525,10,20,E
CMRC,Commerce.com Inc. Series 1 Common Stock,Computer Software: Prepackaged Software,117,3.200000047683716,-41.923776501673515,34,68,B
CMRE,Costamare Inc. Common Stock $0.0001 par value,Marine Transportation,9,15.460000038146973,-13.10751629523682,68,54,D-
CMS,CMS Energy Corporation Common Stock,Power Generation,51,75.75,-4.50546804006946,51,55,D+
CMT,Core Molding Technologies Inc Common Stock,Plastic Products,23,23.6200008392334,-16.684301511784017,67,37,D
CMTG,Claros Mortgage Trust Inc. Common Stock,Real Estate,89,2.240000009536743,-43.29113968364934,23,4,C-
CMTL,Comtech Telecommunications Corp. Common Stock,Radio And Television Broadcasting And Communications Equipment,10,1.899999976158142,-68.22742524919725,10,20,E-
CMTV,Community Bancorp. Common Stock,Major Banks,21,39.84000015258789,-4.717931762647876,90,68,A
CNA,CNA Financial Corporation Common Stock,Property-Casualty Insurers,36,51.90999984741211,0.0,69,47,C-
CNC,Centene Corporation Common Stock,Medical Specialities,30,68.29000091552734,-0.08777989748817161,94,33,B+
CNCK,Coincheck Group N.V. Ordinary Shares,Finance: Consumer Services,119,2.680000066757202,-65.98984736249149,49,20,A+
CNDT,Conduent Incorporated Common Stock,Business Services,80,1.5299999713897705,-48.31081244351655,25,4,B
CNET,ZW Data Action Technologies Inc. Common Stock,Computer Software: Programming Data Processing,111,0.9718000292778015,-61.89019421764812,32,,A+
CNEY,CN Energy Group Inc. Class A Ordinary Shares,Major Chemicals,59,0.4796999990940094,-82.10074674832207,14,,D
CNF,CNFinance Holdings Limited American Depositary Shares each representing two hundred (200) Ordinary Shares,Finance: Consumer Services,119,2.5797998905181885,-67.34430557752795,13,,E
CNH,CNH Industrial N.V. Common Shares,Construction/Ag Equipment/Trucks,37,10.420000076293945,-21.838195875470046,35,47,D+
CNI,Canadian National Railway Company Common Stock,Railroads,28,125.30999755859375,0.0,73,48,C+
CNK,Cinemark Holdings Inc Cinemark Holdings Inc. Common Stock,Movies/Entertainment,67,29.149999618530273,-14.289911622623796,55,40,D
CNL,Collective Mining Ltd. Common Shares,,,12.420000076293945,-40.25974252354232,30,,D-
CNM,Core & Main Inc. Class A Common Stock,Durable Goods,130,44.7400016784668,-33.20394231685951,27,54,E+
CNMD,CONMED Corporation Common Stock,Biotechnology: Electromedical & Electrotherapeutic Apparatus,68,42.40999984741211,-23.721648604618995,44,96,A
CNNE,Cannae Holdings Inc. Common Stock,Restaurants,101,14.890000343322754,-29.2180211216697,43,20,C+
CNO,CNO Financial Group Inc. Common Stock,Accident &Health Insurance,13,52.20000076293945,-1.3791791763223316,80,55,C-
CNOB,ConnectOne Bancorp Inc. Common Stock,Major Banks,21,32.27000045776367,-3.5564813486836377,75,65,D+
CNP,CenterPoint Energy Inc (Holding Co) Common Stock,Electric Utilities: Central,59,44.130001068115234,-2.0204259078919984,62,66,C-
CNQ,Canadian Natural Resources Limited Common Stock,Oil & Gas Production,35,43.04999923706055,-13.144635786278814,72,69,D
CNR,Core Natural Resources Inc. Common Stock,Coal Mining,108,83.8499984741211,-25.86828519483274,39,32,E+
CNS,Cohen & Steers Inc Common Stock,Investment Managers,73,76.56999969482422,-3.6249180164149575,68,48,C
CNSP,CNS Pharmaceuticals Inc. Common Stock,Biotechnology: Pharmaceutical Preparations,85,5.090000152587891,-52.65996818069858,80,,A+
CNTB,Connect Biopharma Holdings Limited Ordinary Shares,Biotechnology: Pharmaceutical Preparations,85,2.259999990463257,-38.75338874206871,68,9,A
CNTN,Canton Strategic Holdings Inc. Common Stock,Biotechnology: Pharmaceutical Preparations,85,2.2699999809265137,-70.55771764338296,29,,C
CNTX,Context Therapeutics Inc. Common Stock,Biotechnology: Pharmaceutical Preparations,85,0.6237999796867371,-81.43452383444355,8,,E-
CNTY,Century Casinos Inc. Common Stock,Hotels/Resorts,39,1.2400000095367432,-55.39568265114602,17,20,E
CNVS,Cineverse Corp. Class A Common Stock,Consumer Electronics/Video Chains,140,2.609999895095825,-61.61764967812792,35,42,A+
CNX,CNX Resources Corporation Common Stock,Oil & Gas Production,35,32.34000015258789,-24.1023241273287,33,88,D-
CNXC,Concentrix Corporation Common Stock,Computer Software: Prepackaged Software,117,24.8799991607666,-58.4004612460161,18,45,D+
CNXN,PC Connection Inc. Common Stock,Catalog/Specialty Distribution,59,78.48999786376953,0.0,78,81,B-
COCH,Envoy Medical Inc. Class A Common Stock,Industrial Specialties,88,0.6937000155448914,-59.19411787722761,34,4,A+
COCO,The Vita Coco Company Inc. Common Stock,Beverages (Production/Distribution),93,74.63500213623047,-11.169953441804159,92,91,D-
COCP,Cocrystal Pharma Inc. Common Stock,Biotechnology: Pharmaceutical Preparations,85,0.9599999785423279,-50.515466483141715,21,,E+
CODA,Coda Octopus Group Inc. Common stock,Industrial Machinery/Components,68,9.84000015258789,-41.288782707586044,42,59,E-
CODI,D/B/A Compass Diversified Holdings Shares of Beneficial Interest,Home Furnishings,42,9.930000305175781,-20.4326869438619,85,50,C-
CODX,Co-Diagnostics Inc. Common Stock,Medical/Dental Instruments,113,2.609999895095825,-93.09523823339954,40,,A+
COE,51Talk Online Education Group American depositary shares each representing 60 Class A ordinary shares,Other Consumer Services,125,17.270000457763672,-68.91648662545613,15,20,C-
COF,Capital One Financial Corporation Common Stock,Major Banks,21,203.02000427246094,-20.65146325324898,40,41,D+
COFS,ChoiceOne Financial Services Inc. Common Stock,Major Banks,21,33.29999923706055,-3.2258082396796173,67,85,C+
COGT,Cogent Biosciences Inc. Common Stock,Biotechnology: Pharmaceutical Preparations,85,37.459999084472656,-11.042511181383919,94,4,B-
COHN,Cohen & Company Inc.,Investment Bankers/Brokers/Service,77,13.600000381469727,-51.60327883050484,53,96,D
COHR,Coherent Corp. Common Stock,Electronic Components,6,307.3900146484375,-27.993158869835234,96,83,E+
COHU,Cohu Inc. Common Stock,Electrical Products,4,52.810001373291016,-28.548236021310693,96,32,C-
COIN,Coinbase Global Inc. Class A Common Stock,Finance: Consumer Services,119,157.3699951171875,-62.51131650511863,16,40,D
COKE,Coca-Cola Consolidated Inc. Common Stock,Beverages (Production/Distribution),93,178.00999450683594,-17.827086894392743,72,80,E+
COLB,Columbia Banking System Inc. Common Stock,Major Banks,21,31.979999542236328,-1.6302639392811846,72,84,C
COLD,Americold Realty Trust Inc. Common Stock,Real Estate Investment Trusts,46,15.6899995803833,-3.4461564284104518,74,30,B
COLL,Collegium Pharmaceutical Inc. Common Stock,Biotechnology: Pharmaceutical Preparations,85,34.81999969482422,-30.136437423312834,39,97,C+
COLM,Columbia Sportswear Company Common Stock,Apparel,40,63.720001220703125,-6.003834842686928,62,41,C-
COMP,Compass Inc. Class A Common Stock,EDP Services,125,11.5,-15.316641645005335,89,96,B+
CON,Concentra Group Holdings Parent Inc. Common Stock,Medical Specialities,30,31.389999389648438,-1.6295846450962714,89,66,B+
COO,The Cooper Companies Inc. Common Stock,Ophthalmic Goods,113,71.31999969482422,-15.417457361302588,40,88,B
COOK,Traeger Inc. Common Stock,Consumer Electronics/Appliances,122,69.20999908447266,-31.475248431215196,91,63,A-
COOT,Australian Oilseeds Holdings Limited Ordinary Shares,Packaged Foods,120,0.44999998807907104,-82.95454658342125,17,,E-
COP,ConocoPhillips Common Stock,Integrated oil Companies,6,112.8499984741211,-15.030892008541786,59,37,D-
COR,Cencora Inc. Common Stock,Other Pharmaceuticals,139,306.1300048828125,-17.982557266775313,41,81,D
CORT,Corcept Therapeutics Incorporated Common Stock,Biotechnology: Pharmaceutical Preparations,85,85.9000015258789,-8.655890376862397,93,31,B+
CORZ,Core Scientific Inc. Common Stock,Finance: Consumer Services,119,22.709999084472656,-22.119344295922126,84,20,D
COSM,Cosmos Health Inc. Common Stock,Other Pharmaceuticals,139,0.3084000051021576,-75.32799959182739,19,,A+
COSO,CoastalSouth Bancshares Inc. Common Stock,Major Banks,21,26.6299991607666,-3.374456905650669,66,52,D+
COST,Costco Wholesale Corporation Common Stock,Department/Specialty Retail Stores,44,926.4299926757812,-15.34194402492719,41,65,E+
COTY,Coty Inc. Class A Common Stock,Package Goods/Cosmetics,80,2.240000009536743,-56.50485498919339,21,20,A-
COUR,Coursera Inc. Common Stock,Computer Software: Prepackaged Software,117,5.670000076293945,-55.35432943741099,26,20,B-
COYA,Coya Therapeutics Inc. Common Stock,Biotechnology: Pharmaceutical Preparations,85,4.855000019073486,-34.03532702444095,40,,D
CP,Canadian Pacific Kansas City Limited Common Shares,Railroads,28,91.3499984741211,0.0,68,49,C-
CPA,Copa Holdings S.A. Class A Common Stock,Air Freight/Delivery Services,18,144.0500030517578,-8.359309870579379,74,75,B-
CPAC,Cementos Pacasmayo S.A.A. American Depositary Shares (Each representing five Common Shares),Building Materials,49,11.75,-7.480313571123642,84,72,A
CPAY,Corpay Inc. Common Stock,Business Services,80,362.05999755859375,-0.5684802945269296,67,77,C-
CPB,The Campbell's Company Common Stock,Packaged Foods,120,22.149999618530273,-30.777174702203613,36,75,C
CPBI,Central Plains Bancshares Inc. Common Stock,Savings Institutions,15,19.75,-1.2499999999999956,70,,B+
CPF,Central Pacific Financial Corp New,Major Banks,21,38.349998474121094,-1.4138895377469707,76,61,C
CPHC,Canterbury Park Holding Corporation 'New' Common Stock,Services-Misc. Amusement & Recreation,89,15.800000190734863,-13.24912848563855,42,,B+
CPHI,China Pharma Holdings Inc. Common Stock,Biotechnology: Pharmaceutical Preparations,85,0.625,-68.75,13,50,E-
CPIX,Cumberland Pharmaceuticals Inc. Common Stock,Biotechnology: Pharmaceutical Preparations,85,6.539999961853027,-8.274896817924581,95,20,A
CPK,Chesapeake Utilities Corporation Common Stock,Oil & Gas Production,35,133.91000366210938,-2.0899006599057968,52,57,B
CPNG,Coupang Inc. Class A Common Stock,Catalog/Specialty Distribution,59,17.920000076293945,-46.55532141755202,21,4,C
CPOP,Pop Culture Group Co. Ltd Class A Ordinary Shares,Services-Misc. Amusement & Recreation,89,0.46299999952316284,-97.74146341696019,1,,A+
CPRI,Capri Holdings Limited Ordinary Shares,Apparel,40,17.469999313354492,-36.840204592448686,27,30,D-
CPRT,Copart Inc. (DE) Common Stock,Retail-Auto Dealers and Gas Stations,117,27.44499969482422,-45.07704818015203,19,54,E+
CPRX,Catalyst Pharmaceuticals Inc. Common Stock,Biotechnology: Pharmaceutical Preparations,85,31.479999542236328,-0.06349351671006698,85,55,C+
CPS,Cooper-Standard Holdings Inc. Common Stock,Auto Parts:O.E.M.,59,27.020000457763672,-40.22123893431876,34,20,D-
CPSH,CPS Technologies Corp. Common Stock,Building Materials,49,4.519999980926514,-61.000863490780375,77,29,B+
CPSS,Consumer Portfolio Services Inc. Common Stock,Finance: Consumer Services,119,9.029999732971191,-12.330101303357965,52,53,C+
CPT,Camden Property Trust Common Stock,Real Estate Investment Trusts,46,114.19000244140625,-2.8831428277398485,59,33,C-
CR,Crane Company Common Stock,Metal Fabrications,45,215.85000610351562,-3.4616889669242035,66,39,C-
CRAI,CRA International Inc. Common Stock,Other Consumer Services,125,169.00999450683594,-23.779740037818907,38,45,C+
CRBG,Corebridge Financial Inc. Common Stock,Life Insurance,21,30.81999969482422,-11.272847636154538,59,20,C+
CRBP,Corbus Pharmaceuticals Holdings Inc. Common Stock,Biotechnology: Pharmaceutical Preparations,85,9.039999961853027,-53.305786793108645,37,20,C
CRBU,Caribou Biosciences Inc. Common Stock,Biotechnology: Biological Products (No Diagnostic Substances),65,1.7999999523162842,-36.6197180733797,36,20,A-
CRC,California Resources Corporation Common Stock,Oil & Gas Production,35,53.34000015258789,-23.432552744170987,43,31,E+
CRCL,Circle Internet Group Inc. Class A Common Stock,Finance: Consumer Services,119,63.0,-73.20061276616958,12,63,E
CRCT,Cricut Inc. Class A Common Stock,Industrial Machinery/Components,68,4.519999980926514,-30.997271520606418,41,48,B
CRD-A,Crawford & Company,,,11.079999923706055,-7.280333886570856,54,47,A-
CRD-B,Crawford & Company,,,10.229999542236328,-8.760548379202993,46,47,C
CRDF,Cardiff Oncology Inc. Common Stock,Biotechnology: Biological Products (No Diagnostic Substances),65,1.350000023841858,-69.66291951224164,13,4,D-
CRDL,Cardiol Therapeutics Inc. Class A Common Shares,Biotechnology: Biological Products (No Diagnostic Substances),65,1.059999942779541,-34.969328473592334,30,,C-
CRDO,Credo Technology Group Holding Ltd Ordinary Shares,Semiconductors,2,236.8800048828125,-21.697734534789003,96,91,D-
CRE,Cre8 Enterprise Limited Class A Ordinary Shares,Publishing,104,3.130000114440918,-96.42203932975406,24,,A+
CREG,Smart Powerr Corp. Common Stock,Business Services,80,1.649999976158142,-93.40000009536743,2,,A+
CRESY,Cresud S.A.C.I.F. y A. American Depositary Shares,Real Estate,89,10.670000076293945,-24.379870050212205,43,51,D+
CREX,Creative Realities Inc. Common Stock,EDP Services,125,3.549999952316284,-14.457834440074269,62,4,C
CRGO,Freightos Limited Ordinary shares,Integrated Freight & Logistics,141,1.2400000095367432,-69.75609662488836,13,20,E+
CRGY,Crescent Energy Company Class A Common Stock,Oil & Gas Production,35,9.989999771118164,-27.56619015109886,47,30,E+
CRH,CRH PLC Ordinary Shares,Building Materials,49,102.70999908447266,-21.26148040574092,34,32,D
CRI,Carter's Inc. Common Stock,Apparel,40,38.58000183105469,-11.82515750215587,68,39,C-
CRIS,Curis Inc. Common Stock,Biotechnology: Biological Products (No Diagnostic Substances),65,4.75,-87.36702076392562,4,4,A+
CRK,Comstock Resources Inc. Common Stock,Oil & Gas Production,35,13.239999771118164,-51.625870057923606,16,82,D-
CRL,Charles River Laboratories International Inc. Common Stock,Biotechnology: Commercial Physical & Biological Resarch,20,229.75,-1.6481190081003572,79,20,B+
CRM,Salesforce Inc. Common Stock,Computer Software: Prepackaged Software,117,171.22000122070312,-36.1076109050339,26,96,C-
CRMD,CorMedix Inc. Common Stock,Biotechnology: Pharmaceutical Preparations,85,8.319999694824219,-43.897506826520406,41,92,C-
CRML,Critical Metals Corp. Ordinary Shares,Metal Mining,97,7.449999809265137,-75.14180854203273,54,,D
CRMT,America's Car-Mart Inc Common Stock,Retail-Auto Dealers and Gas Stations,117,3.0199999809265137,-94.99834394252557,2,29,A+
CRNC,Cerence Inc. Common Stock,Computer Software: Prepackaged Software,117,10.3100004196167,-23.7426030285648,59,45,A-
CRNT,Ceragon Networks Ltd. Ordinary Shares,Radio And Television Broadcasting And Communications Equipment,10,2.2899999618530273,-28.437502258457215,41,20,C-
CRNX,Crinetics Pharmaceuticals Inc. Common Stock,Biotechnology: Pharmaceutical Preparations,85,83.66999816894531,0.0,96,20,A+
CRON,Cronos Group Inc. Common Share,Medicinal Chemicals and Botanical Products,135,2.75,-15.902140182250957,59,51,C
CROX,Crocs Inc. Common Stock,Shoe Manufacturing,68,130.4600067138672,-1.7472451323681026,85,34,B+
CRS,Carpenter Technology Corporation Common Stock,Steel/Iron Ore,46,566.8499755859375,-8.461852953421477,93,98,C+
CRSP,CRISPR Therapeutics AG Common Shares,Biotechnology: Biological Products (No Diagnostic Substances),65,50.630001068115234,-34.05834608873787,31,20,C
CRSR,Corsair Gaming Inc. Common Stock,Computer peripheral equipment,46,9.470000267028809,-21.99341022063891,86,63,A
CRT,Cross Timbers Royalty Trust Common Stock,Oil & Gas Production,35,9.25,-14.791019721711029,52,,E
CRTO,Criteo S.A. American Depositary Shares,Advertising,109,23.280000686645508,-6.242445597354629,68,50,A
CRUS,Cirrus Logic Inc. Common Stock,Semiconductors,2,146.50999450683594,-18.105086917101875,61,76,D-
CRVL,CorVel Corp. Common Stock,Specialty Insurers,91,63.27000045776367,-35.43218508308909,39,66,C+
CRVO,CervoMed Inc. Common Stock,Biotechnology: Pharmaceutical Preparations,85,3.309999942779541,-69.0364820139604,13,,A+
CRVS,Corvus Pharmaceuticals Inc. Common Stock,Biotechnology: Pharmaceutical Preparations,85,14.710000038146973,-42.35893505373387,95,20,D+
CRWD,CrowdStrike Holdings Inc. Class A Common Stock,Computer Software: Prepackaged Software,117,187.91000366210938,-5.752834256095407,93,92,B
CRWS,Crown Crafts Inc Common Stock,Textiles,33,2.9800000190734863,-1.6501634583630298,65,82,B
CRWV,CoreWeave Inc. Class A Common Stock,Computer Software: Prepackaged Software,117,83.30999755859375,-43.993278952205884,23,20,E+
CSAI,Cloudastructure Inc. Class A Common Stock,Computer Software: Programming Data Processing,111,0.3970000147819519,-80.53921459776214,8,,A
CSAN,Cosan S.A. ADS,Retail-Auto Dealers and Gas Stations,117,3.059999942779541,-48.57142788450828,18,20,E+
CSBR,Champions Oncology Inc. Common Stock,Biotechnology: Biological Products (No Diagnostic Substances),65,5.809999942779541,-30.502390174872616,32,37,B-
CSCO,Cisco Systems Inc. Common Stock (DE),Computer Communications Equipment,15,119.25,-7.926069580947148,91,75,C+
CSGP,CoStar Group Inc. Common Stock,Real Estate,89,28.770000457763672,-70.28813393191867,11,73,E+
CSHR,CoinShares PLC Ordinary Shares,Investment Bankers/Brokers/Service,77,4.21999979019165,-50.98722464037561,14,,D+
CSIQ,Canadian Solar Inc. Common Shares (ON),Semiconductors,2,14.729999542236328,-56.13460768601249,50,20,E+
CSL,Carlisle Companies Incorporated Common Stock,Specialty Chemicals,122,333.20001220703125,-22.46423495919648,38,46,E+
CSPI,CSP Inc. Common Stock,EDP Services,125,8.270000457763672,-44.22568580245758,24,63,E-
CSQ,Calamos Strategic Total Return Common Stock,Finance Companies,53,20.549999237060547,-1.2019231210093517,64,,C-
CSR,D/B/A Centerspace Common Stock,Real Estate Investment Trusts,46,55.779998779296875,-17.921561565822874,35,40,E+
CSTE,Caesarstone Ltd. Ordinary Shares,Building Materials,49,2.549999952316284,0.0,90,4,A
CSTL,Castle Biosciences Inc. Common Stock,Medical Specialities,30,22.979999542236328,-46.60780889076157,37,20,C+
CSTM,Constellium SE Ordinary Shares (France),Metal Fabrications,45,28.809999465942383,-20.304292531445668,88,90,E
CSV,Carriage Services Inc. Common Stock,Other Consumer Services,125,39.40999984741211,-23.52228211971692,29,43,C-
CSW,CSW Industrials Inc. Common Stock,Home Furnishings,42,283.05999755859375,-15.383341703488506,43,74,D+
CSWC,Capital Southwest Corporation Common Stock,Textiles,33,23.649999618530273,-1.6223015064245283,62,,D
CSX,CSX Corporation Common Stock,Railroads,28,49.63999938964844,0.0,82,59,C
CTAS,Cintas Corporation Common Stock,Garments and Clothing,72,183.75,-18.02104207189007,42,85,C
CTBI,Community Trust Bancorp Inc. Common Stock,Major Banks,21,72.23999786376953,-2.4706383672127408,76,67,C+
CTEV,Claritev Corporation Class A Common Stock,Business Services,80,29.84000015258789,-58.88674648693616,66,4,B+
CTGO,Contango Silver & Gold Inc. Common Stock,Precious Metals,113,16.25,-50.90634214770462,18,,E+
CTKB,Cytek Biosciences Inc. Common Stock,Biotechnology: Laboratory Analytical Instruments,59,4.510000228881836,-23.29931732814846,52,4,E-
CTM,Castellum Inc. Common Stock,Professional Services,104,0.6292999982833862,-57.76510105667434,20,,A
CTMX,CytomX Therapeutics Inc. Common Stock,Biotechnology: Pharmaceutical Preparations,85,3.700000047683716,-45.185184478759766,47,,B+
CTNM,Contineum Therapeutics Inc. Class A Common Stock,Biotechnology: Pharmaceutical Preparations,85,14.619999885559082,-10.799265222714094,93,4,A
CTNT,Cheetah Net Supply Chain Service Inc Class A Common Stock,Motor Vehicles,125,1.6100000143051147,-99.6148325324629,1,,B
CTO,CTO Realty Growth Inc. Common Stock,Real Estate Investment Trusts,46,21.440000534057617,-2.234381050156742,77,81,C+
CTOR,Citius Oncology Inc. Common Stock,Biotechnology: Pharmaceutical Preparations,85,0.704800009727478,-75.00709126198424,16,11,C+
CTOS,Custom Truck One Source Inc. Common Stock,Diversified Commercial Services,97,10.670000076293945,-10.860485895858286,93,94,C+
CTRE,CareTrust REIT Inc. Common Stock,Real Estate Investment Trusts,46,40.33000183105469,-4.047039356234761,66,72,C+
CTRI,Centuri Holdings Inc. Common Stock,Oil & Gas Production,35,25.8700008392334,-38.11004470953042,45,40,E
CTRM,Castor Maritime Inc. Common Shares,Marine Transportation,9,2.049999952316284,-22.348489740279998,50,79,A
CTRN,Citi Trends Inc. Common Stock,Clothing/Shoe/Accessory Stores,87,59.20000076293945,-6.903600218767703,89,69,C
CTS,CTS Corporation Common Stock,Electrical Products,4,59.06999969482422,-13.474769360611017,78,88,D-
CTSH,Cognizant Technology Solutions Corporation Class A Common Stock,EDP Services,125,44.15999984741211,-48.44557536441945,16,49,E-
CTSO,Cytosorbents Corporation Common Stock,Medical/Dental Instruments,113,0.3799999952316284,-68.33333498901784,9,20,A
CTVA,Corteva Inc. Common Stock,Farming/Seeds/Milling,101,86.06999969482422,-0.7838620232573867,68,54,C
CTW,CTW Class A Ordinary Shares,EDP Services,125,2.450000047683716,-44.81981945699632,43,,B+
CTXR,Citius Pharmaceuticals Inc. Common Stock,Biotechnology: Pharmaceutical Preparations,85,0.5400000214576721,-70.32967000577118,10,11,E
CUB,Lionheart Holdings Class A Ordinary Shares,Blank Checks,73,10.8100004196167,-0.9165850521907215,48,,D
CUBE,CubeSmart Common Shares,Real Estate Investment Trusts,46,40.61000061035156,-1.746223235370914,55,,C-
CUBI,Customers Bancorp Inc Common Stock,Major Banks,21,76.1500015258789,-6.230756822605632,56,85,D
CUE,Cue Biopharma Inc. Common Stock,Biotechnology: Pharmaceutical Preparations,85,30.920000076293945,-15.932569052453227,95,33,A
CULP,Culp Inc. Common Stock,Textiles,33,3.4600000381469727,-26.694911187559967,42,4,B+
CUPR,Cuprina Holdings (Cayman) Limited Class A Ordinary Shares,Biotechnology: Pharmaceutical Preparations,85,4.329999923706055,-94.24202114438081,40,,A+
CURB,Curbline Properties Corp. Common Stock,Real Estate,89,30.309999465942383,-4.264056816096529,77,44,D-
CURI,CuriosityStream Inc. Class A Common Stock,Movies/Entertainment,67,2.569999933242798,-49.167183670512905,19,4,D
CURR,Currenc Group Inc. Ordinary Shares,Business Services,80,2.8499999046325684,-36.52561136049188,85,,C
CURV,Torrid Holdings Inc. Common Stock,Clothing/Shoe/Accessory Stores,87,2.0,-34.210525490240364,65,20,B
CURX,Curanex Pharmaceuticals Inc Common Stock,Biotechnology: Pharmaceutical Preparations,85,0.21089999377727509,-97.69759828285522,5,,E-
CUZ,Cousins Properties Incorporated Common Stock,Real Estate Investment Trusts,46,30.5,-0.8130081300813052,74,29,C+
CV,CapsoVision Inc. Common Stock,Biotechnology: Electromedical & Electrotherapeutic Apparatus,68,6.21999979019165,-56.86546631565456,62,,A-
CVBF,CVB Financial Corporation Common Stock,Major Banks,21,22.450000762939453,-1.971567899770399,65,48,C+
CVCO,Cavco Industries Inc. Common Stock When Issued,Homebuilding,56,555.0800170898438,-20.44829034035741,54,58,C+
CVE,Cenovus Energy Inc Common Stock,Oil & Gas Production,35,27.610000610351562,-12.691216510534586,88,72,D
CVEO,Civeo Corporation (Canada) Common Shares,Hotels/Resorts,39,31.149999618530273,-12.401579258860995,76,4,B
CVGI,Commercial Vehicle Group Inc. Common Stock,Auto Parts:O.E.M.,59,4.909999847412109,-15.05190883764842,97,63,E
CVI,CVR Energy Inc. Common Stock,Integrated oil Companies,6,33.459999084472656,-16.120893335917852,61,4,C
CVKD,Cadrenal Therapeutics Inc. Common Stock,Biotechnology: Pharmaceutical Preparations,85,2.4200000762939453,-82.95774571267982,5,,E-
CVLG,Covenant Logistics Group Inc. Class A Common Stock,Trucking Freight/Courier Services,5,46.220001220703125,-0.6021479124663998,94,54,B+
CVLT,Commvault Systems Inc. Common Stock,Computer Software: Prepackaged Software,117,148.64999389648438,-23.929179105118614,77,55,A-
CVM,Cel-Sci Corporation Common Stock,Biotechnology: Biological Products (No Diagnostic Substances),65,1.2200000286102295,-90.64417153236813,3,11,E+
CVNA,Carvana Co. Class A Common Stock,Retail-Auto Dealers and Gas Stations,117,64.98999786376953,-32.08277123457617,34,79,E
CVR,Chicago Rivet & Machine Co. Common Stock,Industrial Machinery/Components,68,9.949999809265137,-31.9877176309322,33,,E+
CVRX,CVRx Inc. Common Stock,Medical/Dental Instruments,113,5.429999828338623,-49.76873619278584,18,20,B-
CVS,CVS Health Corporation Common Stock,Retail-Drug Stores and Proprietary Stores,137,105.9000015258789,0.0,86,67,B-
CVSA,Covista Inc. Common Shares,Other Consumer Services,125,133.17999267578125,-13.771450108599703,62,87,B-
CVU,CPI Aerostructures Inc. Common Stock,Military/Government/Technical,101,5.21999979019165,-4.918032644499037,90,,A-
CVV,CVD Equipment Corporation Common Stock,Industrial Machinery/Components,68,6.929999828338623,-14.655173325024307,95,20,B-
CVX,Chevron Corporation Common Stock,Integrated oil Companies,6,182.1999969482422,-12.920289561250408,61,36,D-
CW,Curtiss-Wright Corporation Common Stock,Industrial Machinery/Components,68,740.0599975585938,-6.6488414892155845,76,77,D-
CWBC,Community West Bancshares Common Stock,Major Banks,21,27.079999923706055,-1.3838280168824713,75,67,B
CWCO,Consolidated Water Co. Ltd. Ordinary Shares,Water Supply,73,28.899999618530273,-24.11899056109965,30,81,D-
CWD,CaliberCos Inc. Class A Common Stock,Real Estate,89,0.6890000104904175,-92.43688214647287,7,4,A+
CWEN,Clearway Energy Inc. Class C Common Stock,Electric Utilities: Central,59,33.189998626708984,-19.55889486939839,41,28,E+
CWH,Camping World Holdings Inc. Class A Common Stock,Retail-Auto Dealers and Gas Stations,117,6.139999866485596,-67.23187729839782,13,20,D
CWK,Cushman & Wakefield Ltd. Common Shares,Real Estate,89,13.319999694824219,-22.558144744245634,41,58,B-
CWST,Casella Waste Systems Inc. Class A Common Stock,Environmental Services,68,98.08999633789062,-12.388355537692764,51,29,B
CWT,California Water Service Group Common Stock,Water Supply,73,50.0,-0.4578927818681966,60,42,C+
CX,Cemex S.A.B. de C.V. Sponsored ADR,Building Materials,49,12.449999809265137,-7.898119917552027,75,41,C
CXAI,CXApp Inc. Class A Common Stock,EDP Services,125,0.148499995470047,-86.74107188948106,8,,A
CXDO,Crexendo Inc. Common Stock,Telecommunications Equipment,73,8.210000038146973,-21.58548396602078,82,76,B
CXM,Sprinklr Inc. Class A Common Stock,Computer Software: Prepackaged Software,117,5.730000019073486,-38.71657983640865,29,99,C+
CXT,Crane NXT Co. Common Stock,Metal Fabrications,45,50.470001220703125,-25.936737033366853,44,36,B
CXW,CoreCivic Inc. Common Stock,Real Estate Investment Trusts,46,31.43000030517578,-1.442455607640969,91,95,A-
CYAB,Cyabra Inc. Common Stock,Computer Software: Prepackaged Software,117,0.3337000012397766,-90.95663967303186,2,,E-
CYCN,Cyclerion Therapeutics Inc. Common Stock,Biotechnology: Pharmaceutical Preparations,85,3.819999933242798,-40.125393969878544,87,,A-
CYCU,Cycurion Inc. Common Stock,EDP Services,125,0.4458000063896179,-96.8873496254307,3,,E-
CYD,China Yuchai International Limited Common Stock,Industrial Machinery/Components,68,44.43000030517578,-25.590351722631954,75,,E+
CYH,Community Health Systems Inc. Common Stock,Hospital/Nursing Management,66,3.4800000190734863,-21.088432211270224,54,37,B+
CYN,Cyngn Inc. Common Stock,EDP Services,125,1.2200000286102295,-87.676766912933,9,,B
CYPH,Cypherpunk Technologies Inc. Common Stock,Biotechnology: Pharmaceutical Preparations,85,0.6987000107765198,-76.47474733852219,40,4,B+
CYRX,CryoPort Inc. Common Stock,Biotechnology: Pharmaceutical Preparations,85,15.710000038146973,-4.78787855668501,93,4,A-
CYTK,Cytokinetics Incorporated Common Stock,Biotechnology: Pharmaceutical Preparations,85,82.23999786376953,-5.752927056572488,89,4,B+
CZFS,Citizens Financial Services Inc. Common Stock,Major Banks,21,71.30000305175781,-3.8176100182300665,67,71,B+
CZNC,Citizens & Northern Corp Common Stock,Major Banks,21,23.030000686645508,-4.201331906894734,61,43,B+
CZR,Caesars Entertainment Inc. Common Stock,Hotels/Resorts,39,29.65999984741211,-3.8262007112109697,62,20,C+
CZWI,Citizens Community Bancorp Inc. Common Stock,Savings Institutions,15,23.110000610351562,-3.5073074147359495,81,85,A-
D,Dominion Energy Inc. Common Stock,Electric Utilities: Central,59,70.80000305175781,0.0,71,57,B
DAC,Danaos Corporation Common Stock,Marine Transportation,9,129.35000610351562,-3.256449754896651,81,85,C-
DAIC,CID HoldCo Inc. Common Stock,EDP Services,125,1.3899999856948853,-99.06711410356048,2,,E-
DAIO,Data I/O Corporation Common Stock,Electrical Products,4,3.3399999141693115,-21.59625035874718,70,9,A-
DAKT,Daktronics Inc. Common Stock,Miscellaneous manufacturing industries,122,20.209999084472656,-27.1186461662567,53,97,C+
DAL,Delta Air Lines Inc. Common Stock,Air Freight/Delivery Services,18,86.19000244140625,-7.748436689401494,84,79,B-
DAN,Dana Incorporated Common Stock,Auto Parts:O.E.M.,59,27.239999771118164,-29.784452661996053,63,99,E
DAO,Youdao Inc. American Depositary Shares each representing one Class A Ordinary Share,Other Consumer Services,125,13.770000457763672,-2.8228625008934416,84,46,B-
DAR,Darling Ingredients Inc. Common Stock,Packaged Foods,120,62.029998779296875,-4.333741081585574,87,59,C
DARE,Dare Bioscience Inc. Common Stock,Biotechnology: Pharmaceutical Preparations,85,2.0899999141693115,-36.085629163302436,48,4,B+
DASH,DoorDash Inc. Class A Common Stock,EDP Services,125,189.57000732421875,-32.71455459109001,40,68,B
DAVA,Endava plc American Depositary Shares (each representing one Class A Ordinary Share),EDP Services,125,2.8499999046325684,-81.20052814433848,8,30,E
DAVE,Dave Inc. Class A Common Stock,Finance: Consumer Services,119,389.55999755859375,-2.792265113264192,95,88,A
DB,Deutsche Bank AG Common Stock,Major Banks,21,35.2400016784668,-9.434255448995243,58,56,C+
DBCA,D. Boral Acquisition I Corp. Class A Ordinary Shares,Blank Checks,73,9.989999771118164,-0.19980476829525307,47,,C-
DBCAU,D. Boral Acquisition I Corp. Unit,Blank Checks,73,10.260000228881836,0.0,50,,C-
DBD,Diebold Nixdorf Incorporated Common stock,Office Equipment/Supplies/Services,56,85.62999725341797,-3.5372304927237974,76,99,B-
DBGI,Digital Brands Group Inc. Common Stock,Clothing/Shoe/Accessory Stores,87,0.703000009059906,-96.04611933683486,2,,B+
DBI,Designer Brands Inc. Class A Common Stock,Clothing/Shoe/Accessory Stores,87,5.360000133514404,-40.69058762076116,65,61,E
DBRG,DigitalBridge Group Inc.,Real Estate Investment Trusts,46,15.6899995803833,-0.6333206418354664,68,79,D
DBVT,DBV Technologies S.A. American Depositary Shares,Biotechnology: Biological Products (No Diagnostic Substances),65,15.979999542236328,-34.88182988564925,44,,B-
DBX,Dropbox Inc. Class A Common Stock,Computer Software: Prepackaged Software,117,29.579999923706055,-8.050974176739189,68,48,B-
DC,Dakota Gold Corp. Common Stock,Metal Mining,97,4.340000152587891,-37.99999782017299,29,11,D
DCBO,Docebo Inc. Common Shares,Computer Software: Prepackaged Software,117,19.09000015258789,-40.71428664511244,40,97,D+
DCGO,DocGo Inc. Common Stock,Medical/Nursing Services,25,0.6373000144958496,-63.16184927921792,26,20,A
DCH,Dauch Corporation Common Stock,Auto Parts:O.E.M.,59,5.119999885559082,-43.111112382676865,32,20,E
DCI,Donaldson Company Inc. Common Stock,Pollution Control Equipment,80,89.27999877929688,-18.734108261946815,55,74,C-
DCO,Ducommun Incorporated Common Stock,Military/Government/Technical,101,163.5,-14.060446780551905,89,77,B-
DCOM,Dime Commercial Bancshares Inc. Common Stock,Major Banks,21,39.95000076293945,-3.221894514746093,78,70,C
DCOY,Decoy Therapeutics Inc. Common Stock,Biotechnology: Pharmaceutical Preparations,85,5.840000152587891,-96.7555554707845,11,,A+
DCTH,Delcath Systems Inc. Common Stock,Medical/Dental Instruments,113,12.869999885559082,-4.807696377194548,72,40,B+
DCX,Digital Currency X Technology Inc. Class A Ordinary Shares,Auto Manufacturing,138,0.9900000095367432,-99.9703770194633,3,,E-
DD,DuPont de Nemours Inc. Common Stock,Major Chemicals,59,132.66000366210938,-13.499655849454884,64,63,D-
DDC,DDC Enterprise Limited Class A Ordinary Shares,Packaged Foods,120,0.6528000235557556,-96.72289146056465,3,,E-
DDD,3D Systems Corporation Common Stock,Computer Software: Prepackaged Software,117,3.0,-22.680414651681524,84,40,B+
DDI,DoubleDown Interactive Co. Ltd. American Depository Shares,EDP Services,125,11.350000381469727,-7.346935661471621,78,92,B+
DDL,Dingdong (Cayman) Limited American Depositary Shares (each two representing three Ordinary Shares),Catalog/Specialty Distribution,59,2.240000009536743,-30.000000745058053,37,99,E
DDOG,Datadog Inc. Class A Common Stock,Computer Software: Prepackaged Software,117,260.239990234375,-6.216440450853822,96,95,A-
DDS,Dillard's Inc. Common Stock,Department/Specialty Retail Stores,44,525.510009765625,-24.875079095341256,37,69,E+
DDT,Dillard's Capital Trust I,Department/Specialty Retail Stores,44,26.55500030517578,0.0,53,,D+
DE,Deere & Company Common Stock,Industrial Machinery/Components,68,585.6400146484375,-11.11182134257277,60,49,D
DEA,Easterly Government Properties Inc. Common Stock,Real Estate Investment Trusts,46,24.84000015258789,-2.740801636048018,65,34,C+
DEC,Diversified Energy Company Common Stock,,,13.739999771118164,-23.420518026757097,39,,C-
DECK,Deckers Outdoor Corporation Common Stock,Shoe Manufacturing,68,107.80000305175781,-13.001372071848195,48,57,C+
DEFT,Defi Technologies Inc. Common Stock,Finance: Consumer Services,119,0.45170000195503235,-87.02011495749092,6,4,E
DEI,Douglas Emmett Inc. Common Stock,Real Estate Investment Trusts,46,12.180000305175781,-23.049648894022802,56,29,C+
DELL,Dell Technologies Inc. Class C Common Stock,Computer Manufacturing,12,427.1099853515625,-8.337627010035053,98,91,A-
DEO,Diageo plc Common Stock,Beverages (Production/Distribution),93,82.5,-25.85094967333711,40,,C-
DERM,Journey Medical Corporation Common Stock,Biotechnology: Pharmaceutical Preparations,85,6.860000133514404,-25.917926955140437,58,4,A-
DFDV,DeFi Development Corp. Common Stock,Finance: Consumer Services,119,2.8399999141693115,-90.6455867685293,7,20,D-
DFH,Dream Finders Homes Inc. Class A Common Stock,Homebuilding,56,15.539999961853027,-49.85479162108325,30,36,C-
DFIN,Donnelley Financial Solutions Inc. Common Stock,Other Consumer Services,125,45.25,-30.52356531824463,29,52,C+
DFLI,Dragonfly Energy Holdings Corp. Common Stock (NV),Industrial Machinery/Components,68,1.690000057220459,-91.42131983872932,15,20,B
DFNS,T3 Defense Inc. Common Stock,Professional Services,104,0.09380000084638596,-99.29046899431367,1,40,E-
DFSC,DEFSEC Technologies Inc. Common Stock,Computer Software: Prepackaged Software,117,2.0299999713897705,-79.22210976175909,19,11,B
DFTX,Definium Therapeutics Inc. Common Shares,Medicinal Chemicals and Botanical Products,135,43.650001525878906,-9.907119012332766,99,4,A
DG,Dollar General Corporation Common Stock,Department/Specialty Retail Stores,44,123.44000244140625,-20.213829230521295,57,49,C
DGICA,Donegal Group Inc. Class A Common Stock,Property-Casualty Insurers,36,19.139999389648438,-6.67745942207919,54,55,B
DGICB,Donegal Group Inc. Class B Common Stock,Property-Casualty Insurers,36,26.700000762939453,0.0,91,55,A
DGII,Digi International Inc. Common Stock,Computer Communications Equipment,15,66.2300033569336,-11.634414871731503,90,88,C
DGNX,Diginex Limited Ordinary Shares,EDP Services,125,1.149999976158142,-99.54205160938241,2,,A+
DGX,Quest Diagnostics Incorporated Common Stock,Medical Specialities,30,207.35000610351562,-3.623253161755946,66,58,C-
DGXX,Digi Power X Inc. Subordinate Voting Shares,Finance: Consumer Services,119,4.25,-49.76359360713556,93,,B+
DH,Definitive Healthcare Corp. Class A Common Stock,Computer Software: Prepackaged Software,117,0.8025000095367432,-81.33720990836521,9,20,A
DHC,Diversified Healthcare Trust Common Shares of Beneficial Interest,Real Estate Investment Trusts,46,8.75,-8.94900819356116,93,4,B-
DHI,D.R. Horton Inc. Common Stock,Homebuilding,56,148.85000610351562,-18.393245142574578,50,42,C-
DHR,Danaher Corporation Common Stock,Industrial Machinery/Components,68,200.16000366210938,-16.958149399904134,43,47,C+
DHT,DHT Holdings Inc.,Marine Transportation,9,17.309999465942383,-13.276551804011705,82,95,D
DHX,DHI Group Inc. Common Stock,Business Services,80,3.9000000953674316,-2.7431453176020693,91,92,A-
DIBS,1stdibs.com Inc. Common Stock,Catalog/Specialty Distribution,59,4.71999979019165,-26.59409150542389,72,20,A
DIN,Dine Brands Global Inc. Common Stock,Restaurants,101,35.9900016784668,-6.111045872874343,82,84,B
DINO,HF Sinclair Corporation Common Stock,Natural Gas Distribution,25,81.69999694824219,0.0,91,81,B
DIOD,Diodes Incorporated Common Stock,Semiconductors,2,92.29000091552734,-24.8207890929243,87,73,E+
DIS,Walt Disney Company (The) Common Stock,Services-Misc. Amusement & Recreation,89,96.0,-20.782418068912033,33,53,D
DIT,AMCON Distributing Company Common Stock,Food Distributors,19,70.5,-26.148339715962166,32,41,E
DJCO,Daily Journal Corp. (S.C.) Common Stock,Newspapers/Magazines,29,581.510009765625,-12.51804738911071,72,38,B-
DJT,Trump Media & Technology Group Corp. Common Stock,Computer Software: Programming Data Processing,111,8.520000457763672,-57.09969689868579,16,,B+
DK,Delek US Holdings Inc. Common Stock,Integrated oil Companies,6,58.0099983215332,0.0,93,96,B+
DKI,DarkIris Inc. Class A Ordinary Shares,Computer Software: Prepackaged Software,117,4.900000095367432,-57.75862125664345,99,,A
DKNG,DraftKings Inc. Class A Common Stock,Services-Misc. Amusement & Recreation,89,26.450000762939453,-45.15861286754427,33,99,B-
DKS,Dick's Sporting Goods Inc Common Stock,Other Specialty Stores,113,216.10000610351562,-9.64585535060859,47,43,D
DLB,Dolby Laboratories Common Stock,Multi-Sector Companies,93,49.36000061035156,-34.31222262947511,21,57,E+
DLHC,DLH Holdings Corp.,Professional Services,104,5.21999979019165,-20.547950474837627,34,29,E
DLO,DLocal Limited Class A Common Shares,Business Services,80,14.920000076293945,-4.1635570636428305,66,55,A
DLPN,Dolphin Entertainment Inc. Common Stock,Other Consumer Services,125,1.100000023841858,-39.560439992305106,21,,D+
DLR,Digital Realty Trust Inc. Common Stock,Real Estate Investment Trusts,46,177.9199981689453,-12.164065260724023,51,76,E
DLTH,Duluth Holdings Inc. Class B Common Stock,Clothing/Shoe/Accessory Stores,87,4.050000190734863,-15.09433528450035,86,20,A
DLTR,Dollar Tree Inc. Common Stock,Department/Specialty Retail Stores,44,126.37999725341797,-10.502095287410585,74,66,B
DLX,Deluxe Corporation Common Stock,Publishing,104,25.149999618530273,-20.155965969299704,69,86,D-
DLXY,Delixy Holdings Limited Class A Ordinary Shares,Oil Refining/Marketing,133,0.5044000148773193,-92.49404716331198,16,,A
DMAC,DiaMedica Therapeutics Inc. Common Stock,Biotechnology: Pharmaceutical Preparations,85,7.489999771118164,-20.234297153734225,81,,A
DMC,Del Monte Corporation Ordinary Shares,,,28.229999542236328,-33.33826668548727,23,37,D-
DMII,Drugs Made In America Acquisition II Corp. Ordinary Shares,Blank Checks,73,10.09000015258789,-0.09901216340727492,47,,D
DMIIU,Drugs Made In America Acquisition II Corp. Unit,,,10.15999984741211,-0.6357020208567876,47,,C-
DMRA,Damora Therapeutics Inc. Common Stock,Biotechnology: Pharmaceutical Preparations,85,28.0,-17.98476713362257,98,,A+
DMRC,Digimarc Corporation Common Stock,EDP Services,125,6.889999866485596,-58.06451772058028,38,32,E
DNA,Ginkgo Bioworks Holdings Inc. Class A Common Stock,Biotechnology: Biological Products (No Diagnostic Substances),65,9.050000190734863,-43.92812557019563,51,4,B
DNLI,Denali Therapeutics Inc. Common Stock,Biotechnology: Biological Products (No Diagnostic Substances),65,26.479999542236328,-2.682835600141209,90,4,B+
DNMX,Dynamix Corporation III Class A Ordinary Shares,Blank Checks,73,10.020000457763672,-0.1991982486588051,46,,D
DNMXU,Dynamix Corporation III Unit,Blank Checks,73,10.149999618530273,-0.09842745110260065,46,,D
DNN,Denison Mines Corp Ordinary Shares (Canada),Other Metals and Minerals,135,3.0299999713897705,-30.663614399565976,57,4,E+
DNOW,DNOW Inc. Common Stock,Oil and Gas Field Machinery,32,13.050000190734863,-22.643749012831236,42,20,D-
DNTH,Dianthus Therapeutics Inc. Common Stock,Biotechnology: Pharmaceutical Preparations,85,98.63999938964844,-1.389582531851563,98,4,C+
DNUT,Krispy Kreme Inc. Common Stock,Food Chains,50,3.4700000286102295,-26.170209161077018,43,20,C
DOC,Healthpeak Properties Inc. Common Stock,Real Estate Investment Trusts,46,21.729999542236328,-0.9119961703431878,79,74,C+
DOCN,DigitalOcean Holdings Inc. Common Stock,Computer Software: Programming Data Processing,111,123.31999969482422,-31.976389066225874,98,72,E+
DOCS,Doximity Inc. Class A Common Stock,EDP Services,125,22.290000915527344,-70.32747590448997,16,46,D
DOCU,DocuSign Inc. Common Stock,Computer Software: Prepackaged Software,117,49.869998931884766,-41.33631610552491,31,83,C+
DOGZ,Dogness (International) Corporation Class A Common Stock,Miscellaneous manufacturing industries,122,1.000100016593933,-93.74155165680328,6,,A+
DOLE,Dole plc Ordinary Shares,Farming/Seeds/Milling,101,14.180000305175781,-12.353469129737526,43,38,D
DOMH,Dominari Holdings Inc. Common Stock,Biotechnology: Pharmaceutical Preparations,85,2.7899999618530273,-55.11584508044361,24,,E+
DOMO,Domo Inc. Class B Common Stock,Computer Software: Prepackaged Software,117,3.390000104904175,-81.37362657804272,20,20,B
DOO,BRP Inc. Common Subordinate Voting Shares,Industrial Specialties,88,58.9900016784668,-27.36704148594782,32,38,D
DORM,Dorman Products Inc. Common Stock,Auto Parts:O.E.M.,59,138.91000366210938,-16.49031698910346,65,60,B-
DOUG,Douglas Elliman Inc. Common Stock,Real Estate,89,1.8300000429153442,-41.1575529053528,29,40,C
DOV,Dover Corporation Common Stock,Industrial Machinery/Components,68,214.27000427246094,-7.724286794125145,59,81,D
DOW,Dow Inc. Common Stock,Major Chemicals,59,30.3700008392334,-26.728397623925225,52,9,E+
DOX,Amdocs Limited Ordinary Shares,EDP Services,125,52.7599983215332,-39.218624065364494,19,46,E+
DOYU,DouYu International Holdings Limited ADS,Computer Software: Programming Data Processing,111,4.599999904632568,-49.61665008791456,22,63,D+
DPRO,Draganfly Inc. Common Shares,Aerospace,93,4.625,-66.41249203886281,21,4,C+
DPZ,Domino's Pizza Inc Common Stock,Food Distributors,19,309.8500061035156,-34.95276095512114,23,51,D-
DQ,DAQO New Energy Corp. American Depositary Shares each representing five ordinary shares,Semiconductors,2,11.630000114440918,-67.41383983764716,10,20,E-
DRCT,Direct Digital Holdings Inc. Class A Common Stock,Advertising,109,2.5799999237060547,-98.03563271231664,9,4,A
DRD,DRDGOLD Limited American Depositary Shares,Precious Metals,113,20.8700008392334,-46.21654549293898,28,,E
DRH,Diamondrock Hospitality Company Common Stock,Real Estate Investment Trusts,46,11.880000114440918,-4.026817457403276,83,76,C-
DRI,Darden Restaurants Inc. Common Stock,Restaurants,101,196.69000244140625,-8.621928381967193,48,73,D-
DRIO,DarioHealth Corp. Common Stock,Medical/Dental Instruments,113,6.699999809265137,-61.3832872509852,15,4,B+
DRMA,Dermata Therapeutics Inc. Common Stock,Biotechnology: Pharmaceutical Preparations,85,1.350000023841858,-81.50684947165792,16,4,A-
DRS,Leonardo DRS Inc. Common Stock,Industrial Machinery/Components,68,43.349998474121094,-12.759107119757617,43,79,C-
DRTS,Alpha Tau Medical Ltd. Ordinary Shares,Medical/Dental Instruments,113,12.180000305175781,-10.27623958519136,98,4,A-
DRUG,Bright Minds Biosciences Inc. Common Stock,Biotechnology: Pharmaceutical Preparations,85,75.93000030517578,-20.893889855341563,85,11,E
DRVN,Driven Brands Holdings Inc. Common Stock,Automotive Aftermarket,133,15.3100004196167,-20.30192009747833,56,95,B+
DSGN,Design Therapeutics Inc. Common Stock,Biotechnology: Pharmaceutical Preparations,85,13.854999542236328,-12.25459420070586,95,20,C
DSGR,Distribution Solutions Group Inc. Common Stock,Industrial Specialties,88,27.729999542236328,-16.626575641516617,42,36,C-
DSGX,Descartes Systems Group Inc. (The) Common Stock,Computer Software: Prepackaged Software,117,72.76000213623047,-32.49837506425954,35,76,C+
DSP,Viant Technology Inc. Class A Common Stock,Computer Software: Programming Data Processing,111,12.829999923706055,-13.252197722801117,76,40,B+
DSS,DSS Inc. Common Stock,Containers/Packaging,56,0.5587999820709229,-67.69942335779903,12,29,A+
DSWL,Deswell Industries Inc. Common Shares,Plastic Products,23,3.5799999237060547,-7.9176739456080725,70,,A-
DSX,Diana Shipping inc. common stock,Marine Transportation,9,2.130000114440918,-26.235133897512718,61,84,E
DSY,Big Tree Cloud Holdings Limited Class A Ordinary Shares,Containers/Packaging,56,3.740000009536743,-93.19999998266046,22,,A+
DT,Dynatrace Inc. Common Stock,Computer Software: Prepackaged Software,117,44.59000015258789,-18.49753080101393,61,45,B
DTCX,Datacentrex Inc. Common Stock,EDP Services,125,2.0299999713897705,-86.8693404503181,13,,C+
DTE,DTE Energy Company Common Stock,Electric Utilities: Central,59,150.63999938964844,-2.454182131634064,58,,D+
DTI,Drilling Tools International Corporation Common Stock,Oil and Gas Field Machinery,32,2.2699999809265137,-49.44320497456939,27,20,E-
DTIL,Precision BioSciences Inc. Common Stock,Biotechnology: Biological Products (No Diagnostic Substances),65,8.59000015258789,-7.435340519803901,91,33,A
DTM,DT Midstream Inc. Common Stock,Natural Gas Distribution,25,146.10000610351562,-3.07814728709086,75,83,C-
DTSS,Datasea Intelligent Technology Ltd. Class A Ordinary Shares,Computer Software: Prepackaged Software,117,0.800000011920929,-65.21739006493175,19,,A
DTST,Data Storage Corporation Common Stock,EDP Services,125,3.5199999809265137,-33.58490841038152,29,,D
DUK,Duke Energy Corporation (Holding Company) Common Stock,Power Generation,51,126.86000061035156,-4.123910713507306,51,68,D
DUKR,DUKE Robotics Corp. Common Stock,Aerospace,93,5.429999828338623,-55.99676044412474,99,,E-
DUO,Fangdd Network Group Ltd. Class A Ordinary Shares,Real Estate,89,0.609000027179718,-87.98816555108408,5,,A-
DUOL,Duolingo Inc. Class A Common Stock,Computer Software: Prepackaged Software,117,132.33999633789062,-66.13959738565767,32,93,B-
DUOT,Duos Technologies Group Inc. Common Stock,Computer Software: Prepackaged Software,117,8.859999656677246,-39.48087808127507,64,,C+
DV,DoubleVerify Holdings Inc. Common Stock,Computer Software: Programming Data Processing,111,11.90999984741211,-26.797790336084905,57,,A
DVA,DaVita Inc. Common Stock,Misc Health and Biotechnology Services,13,235.5800018310547,-0.05515458788744043,94,91,B
DVLT,Datavault AI Inc. Common Stock,Semiconductors,2,0.35409998893737793,-89.6461993848522,6,,D-
DVN,Devon Energy Corporation Common Stock,Oil & Gas Production,35,43.72999954223633,-15.419557415583963,64,35,D-
DWSN,Dawson Geophysical Company Common Stock,Oil & Gas Production,35,4.420000076293945,-41.61162515107454,97,58,B-
DWTX,Dogwood Therapeutics Inc. Common Stock,Biotechnology: Pharmaceutical Preparations,85,1.3799999952316284,-82.55372918011979,8,20,D-
DX,Dynex Capital Inc. Common Stock,Real Estate Investment Trusts,46,12.979999542236328,-6.051425541364175,55,31,D+
DXC,DXC Technology Company Common Stock,EDP Services,125,9.710000038146973,-37.070642604654466,20,31,B+
DXCM,DexCom Inc. Common Stock,Medical/Dental Instruments,113,76.3499984741211,-14.721323003327857,60,91,B
DXF,Eason Technology Limited American Depositary Shares (each representing sixty-thousand (60000) Ordinary Shares),Finance: Consumer Services,119,0.565500020980835,-90.80487785021654,6,,A+
DXLG,Destination XL Group Inc. Common Stock,Clothing/Shoe/Accessory Stores,87,0.6218000054359436,-60.64557034513578,28,20,A
DXPE,DXP Enterprises Inc. Common Stock,Industrial Machinery/Components,68,160.1999969482422,-11.74039898821725,81,77,D+
DXR,Daxor Corporation Common Stock,Medical/Dental Instruments,113,10.110099792480469,-31.456950559454445,38,,D
DXST,Decent Holding Inc Class A Ordinary Shares,Miscellaneous,142,2.299999952316284,-95.555555647698,5,,A+
DXYZ,Destiny Tech100 Inc. Common Stock,,,26.84000015258789,-62.324535433151816,34,,E-
DY,Dycom Industries Inc. Common Stock,Water Sewer Pipeline Comm & Power Line Construction,1,410.1099853515625,-23.37257548624274,78,95,D-
DYAI,Dyadic International Inc. Common Stock,Biotechnology: Biological Products (No Diagnostic Substances),65,1.0199999809265137,-21.538460127700667,53,,E
DYN,Dyne Therapeutics Inc. Common Stock,Biotechnology: Pharmaceutical Preparations,85,23.639999389648438,-2.6760045342912875,92,4,A-
DYNC,Dynamix Corporation Class A Ordinary Shares,,,10.800000190734863,-9.92493413761194,51,,C
DYOR,Insight Digital Partners II Class A Ordinary Shares,Blank Checks,73,10.050999641418457,-0.4851558237677911,46,,D+
E,ENI S.p.A. Common Stock,Oil & Gas Production,35,49.439998626708984,-13.210397235032667,73,37,E+
EA,Electronic Arts Inc. Common Stock,Services-Misc. Amusement & Recreation,89,206.35000610351562,-0.1016612401046113,58,58,D+
EAF,GrafTech International Ltd. Common Stock,Industrial Machinery/Components,68,5.699999809265137,-71.24117105433847,11,20,E
EAI,Entergy Arkansas LLC First Mortgage Bonds 4.875% Series Due September 1 2066,Electric Utilities: Central,59,20.010000228881836,-4.8364668078834665,42,,D-
EARN,Ellington Credit Company Common Shares of Beneficial Interest,Real Estate Investment Trusts,46,4.400000095367432,-14.724044139038483,39,,D-
EAT,Brinker International Inc. Common Stock,Restaurants,101,189.27000427246094,0.0,78,72,B
EBAY,eBay Inc. Common Stock,Business Services,80,115.08999633789062,-2.9849861259903854,80,74,C
EBC,Eastern Bankshares Inc. Common Stock,Savings Institutions,15,22.270000457763672,-1.9374665101145716,71,82,B
EBF,Ennis Inc. Common Stock,Office Equipment/Supplies/Services,56,21.299999237060547,-2.5085126807602443,63,47,C
EBMT,Eagle Bancorp Montana Inc. Common Stock,Major Banks,21,23.459999084472656,-3.970532986434794,74,70,B-
EBON,Ebang International Holdings Inc. Class A Ordinary Shares,Semiconductors,2,2.125,-60.793358485466676,19,,A+
EBS,Emergent BioSolutions Inc. Common Stock,Biotechnology: Pharmaceutical Preparations,85,8.010000228881836,-42.37409749131504,34,29,D+
EC,Ecopetrol S.A. American Depositary Shares,Oil & Gas Production,35,15.880000114440918,-4.2219530306769055,90,39,B-
ECAT,BlackRock ESG Capital Allocation Term Trust Common Shares of Beneficial Interest,Finance/Investors Services,77,15.880000114440918,0.0,65,,C
ECBK,ECB Bancorp Inc. Common Stock,Banks,25,20.010000228881836,-1.477101156814964,68,93,B
ECG,Everus Construction Group Inc. Common Stock,Homebuilding,56,133.32000732421875,-21.187039230313353,86,87,E+
ECHO,EchoStar  Corporation Common Stock,Telecommunications Equipment,73,92.9000015258789,-34.48519074292976,78,4,E-
ECL,Ecolab Inc. Common Stock,Package Goods/Cosmetics,80,271.8500061035156,-11.359995112251543,45,83,C-
ECO,Okeanis Eco Tankers Corp. Common Stock,Marine Transportation,9,54.20000076293945,-4.307907226345986,93,97,D+
ECOR,electroCore Inc. Common Stock,Biotechnology: Electromedical & Electrotherapeutic Apparatus,68,6.519999980926514,-37.00483342397079,61,,E+
ECPG,Encore Capital Group Inc Common Stock,Finance Companies,53,90.91000366210938,-3.0706868805896015,93,78,C
ECVT,Ecovyst Inc. Common Stock,Major Chemicals,59,11.920000076293945,-20.374082407015326,63,63,E+
ECX,ECARX Holdings Inc. Class A Ordinary shares,EDP Services,125,1.1399999856948853,-56.81818407593342,20,20,E
ED,Consolidated Edison Inc. Common Stock,Power Generation,51,111.81999969482422,-2.341372964475086,57,58,D+
EDBL,Edible Garden AG Incorporated Common Stock,Farming/Seeds/Milling,101,4.199999809265137,-99.65432100335266,1,20,A+
EDHL,Everbright Digital Holding Limited Ordinary Shares,Advertising,109,3.9700000286102295,-94.22965137716109,35,,A+
EDIT,Editas Medicine Inc. Common Stock,Biotechnology: Biological Products (No Diagnostic Substances),65,3.1600000858306885,-23.85542136834796,57,20,A
EDN,Empresa Distribuidora Y Comercializadora Norte S.A. (Edenor) American Depositary Shares,Electric Utilities: Central,59,24.579999923706055,-31.16773857775349,45,68,B-
EDRY,EuroDry Ltd. Common Shares,Marine Transportation,9,22.540000915527344,-11.224885949713903,92,63,A-
EDSA,Edesa Biotech Inc. Common Shares,Biotechnology: Pharmaceutical Preparations,85,6.809999942779541,-62.7461723907122,98,4,A-
EDTK,Skillful Craftsman Education Technology Limited Ordinary Share,Other Consumer Services,125,0.9660000205039978,-15.263155032833275,40,,C
EDU,New Oriental Education & Technology Group Inc. Sponsored ADR representing 10 Ordinary Share (Cayman Islands),Other Consumer Services,125,48.65999984741211,-22.485152625395987,32,93,D
EDUC,Educational Development Corporation Common Stock,Consumer Specialties,31,1.4800000190734863,-17.777774539994518,56,40,E
EE,Excelerate Energy Inc. Class A Common Stock,Oil/Gas Transmission,51,39.0,-8.665351805709332,80,53,B-
EEFT,Euronet Worldwide Inc. Common Stock,Investment Bankers/Brokers/Service,77,77.66000366210938,-26.887589183182182,43,54,D+
EEIQ,EpicQuest Education Group International Limited Common Stock,Other Consumer Services,125,2.5399999618530273,-87.19758093589675,8,,A+
EEX,Emerald Holding Inc. Common Stock,Business Services,80,5.039999961853027,-5.368524051390644,55,31,A-
EFC,Ellington Financial Inc. Common Stock,Real Estate,89,13.449999809265137,-1.1756050804425322,59,96,D+
EFOI,Energy Focus Inc. Common Stock,Building Products,53,2.9700000286102295,-54.23728608085101,82,20,A
EFOR,Everforth Inc. Common Stock,Professional Services,104,18.280000686645508,-67.15184153562915,7,49,D-
EFSC,Enterprise Financial Services Corporation Common Stock,Major Banks,21,65.87000274658203,-1.5396095004548527,68,47,C+
EFSI,Eagle Financial Services Inc Common Stock,Major Banks,21,41.61000061035156,-3.5242300489701672,64,82,C+
EFT,Eaton Vance Floating Rate Income Trust Common Shares of Beneficial Interest,Finance Companies,53,10.760000228881836,-7.838756758929111,43,,D+
EFX,Equifax Inc. Common Stock,Finance: Consumer Services,119,172.61000061035156,-33.697967572976275,26,67,D+
EFXT,Enerflex Ltd Common Shares,Industrial Machinery/Components,68,23.829999923706055,-15.969259038304129,94,46,D
EG,Everest Group Ltd. Common Stock,Property-Casualty Insurers,36,377.8900146484375,0.0,63,94,C+
EGAN,eGain Corporation Common Stock,Computer Software: Prepackaged Software,117,6.829999923706055,-55.821475376110705,25,99,C-
EGBN,Eagle Bancorp Inc. Common Stock,Major Banks,21,26.889999389648438,-7.6896664457686725,67,58,D+
EGG,Enigmatig Limited Class A Ordinary Shares,Professional Services,104,7.199999809265137,-33.64055708641519,64,,E+
EGHT,8x8 Inc Common Stock,EDP Services,125,2.2200000286102295,-19.565216076772163,71,40,B
EGO,Eldorado Gold Corporation Ordinary Shares,Precious Metals,113,29.139999389648438,-41.151137564126,41,83,D
EGP,EastGroup Properties Inc. Common Stock,Real Estate Investment Trusts,46,211.02999877929688,-1.6727222158077093,70,84,C-
EGY,VAALCO Energy Inc.  Common Stock,Oil & Gas Production,35,5.460000038146973,-17.252841602797886,79,4,D
EH,EHang Holdings Limited ADS,Aerospace,93,5.409999847412109,-72.9364686875657,6,20,E-
EHC,Encompass Health Corporation Common Stock,Hospital/Nursing Management,66,110.04000091552734,-12.987653954549705,43,81,C+
EHGO,Eshallgo Inc. Class A Ordinary Shares,Diversified Commercial Services,97,2.119999885559082,-83.84146414595229,7,,A+
EHLD,Euroholdings Ltd. Common Stock,Marine Transportation,9,8.069999694824219,-8.493616240843016,62,38,D-
EHTH,eHealth Inc. Common Stock,Specialty Insurers,91,1.5800000429153442,-72.03539794254475,18,20,D+
EIC,Eagle Point Income Company Inc. Common Stock,Finance/Investors Services,77,10.0,-20.832284194897767,38,,D-
EIG,Employers Holdings Inc Common Stock,Property-Casualty Insurers,36,51.2599983215332,-1.2902021561817745,73,42,B
EIKN,Eikon Therapeutics Inc. Common Stock,Biotechnology: Biological Products (No Diagnostic Substances),65,10.4399995803833,-35.793361418044476,32,,A
EIX,Edison International Common Stock,Electric Utilities: Central,59,75.97000122070312,0.0,79,,C
EJH,E-Home Household Service Holdings Limited Ordinary Shares,Other Consumer Services,125,1.649899959564209,-97.79277597382713,6,,A
EL,Estee Lauder Companies Inc. (The) Common Stock,Package Goods/Cosmetics,80,81.1500015258789,-31.678480316176007,38,31,C-
ELA,Envela Corporation Common Stock,Consumer Specialties,31,22.389999389648438,-22.47229902947785,97,97,C
ELAB,PMGC Holdings Inc. Common Stock,Biotechnology: Pharmaceutical Preparations,85,1.090000033378601,-99.49704686819905,1,,A+
ELAN,Elanco Animal Health Incorporated Common Stock,Biotechnology: Pharmaceutical Preparations,85,25.139999389648438,-6.333832910859883,75,32,C
ELBM,Electra Battery Materials Corporation Common Stock,Industrial Machinery/Components,68,0.555899977684021,-92.08119687757247,15,,B
ELC,Entergy Louisiana Inc. Collateral Trust Mortgage Bonds 4.875 % Series due September 1 2066,Electric Utilities: Central,59,20.010000228881836,-4.366801479264937,44,,D
ELDN,Eledon Pharmaceuticals Inc. Common Stock,Biotechnology: Pharmaceutical Preparations,85,3.859999895095825,-11.467895025396501,87,,B+
ELE,Elemental Royalty Corporation Common Stock,Precious Metals,113,15.359999656677246,-36.429769105237696,29,45,A
ELF,e.l.f. Beauty Inc. Common Stock,Package Goods/Cosmetics,80,75.0999984741211,-48.796618659792045,30,30,B+
ELLO,Ellomay Capital Ltd Ordinary Shares (Israel),Electric Utilities: Central,59,18.799999237060547,-36.89157885436155,30,20,E
ELMD,Electromed Inc. Common Stock,Biotechnology: Electromedical & Electrotherapeutic Apparatus,68,45.9900016784668,-0.690994785866661,95,88,A-
ELME,Elme Communities Common Stock,Real Estate Investment Trusts,46,1.5199999809265137,-52.20125946486127,14,,E-
ELOG,Eastern International Ltd. Ordinary Shares,Integrated Freight & Logistics,141,0.8700000047683716,-70.70707082870042,16,,A+
ELPC,Companhia Paranaense de Energia (COPEL) American Depositary Shares (each representing four (4) Common Shares),Electric Utilities: Central,59,11.819999694824219,-11.721022839899186,72,62,D
ELPW,Elong Power Holding Limited Class A Ordinary Shares,Industrial Machinery/Components,68,0.36899998784065247,-99.9929687502317,1,,A
ELS,Equity Lifestyle Properties Inc. Common Stock,Real Estate Investment Trusts,46,64.9800033569336,-3.294932403432993,53,67,C-
ELSE,Electro-Sensors Inc. Common Stock,Industrial Machinery/Components,68,7.699999809265137,-0.1297046541161806,93,,A-
ELTK,Eltek Ltd. Ordinary Shares,Electrical Products,4,8.774999618530273,-24.025978583365127,40,29,B
ELTX,Elicio Therapeutics Inc. Common Stock,Biotechnology: Pharmaceutical Preparations,85,3.2899999618530273,-77.84511867111877,5,4,A+
ELUT,Elutia Inc. Class A Common Stock,Biotechnology: Biological Products (No Diagnostic Substances),65,0.9150000214576721,-61.87500062088169,30,64,E+
ELV,Elevance Health Inc. Common Stock,Medical Specialities,30,425.1700134277344,0.0,78,43,C+
ELVA,Electrovaya Inc. Common Shares,,,7.789999961853027,-36.460034123804355,72,83,E
ELVN,Enliven Therapeutics Inc. Common Stock,Biotechnology: Pharmaceutical Preparations,85,50.869998931884766,-2.510543054100123,95,4,A
ELVR,Elevra Lithium Limited American Depository Shares,Mining & Quarrying of Nonmetallic Minerals (No Fuels),79,60.5,-40.87755407267109,90,,E+
ELWT,Elauwit Connection Inc. Common Stock,Telecommunications Equipment,73,6.670000076293945,-24.547511751554463,55,,D+
EMA,Emera Incorporated Common Shares,Electric Utilities: Central,59,53.689998626708984,-0.20446210392469633,58,,D+
EMAT,Evolution Metals & Technologies Corp. Common Stock,Industrial Machinery/Components,68,5.489999771118164,-71.10526436253598,8,,E-
EMBC,Embecta Corp. Common Stock,Medical/Dental Instruments,113,3.2100000381469727,-78.38643430544631,4,46,E+
EMBJ,Embraer S.A. Common Stock,Aerospace,93,64.4800033569336,-18.99656846954202,48,81,D+
EME,EMCOR Group Inc. Common Stock,Engineering & Construction,42,764.9000244140625,-18.950990790562916,63,90,E
EML,Eastern Company (The) Common Stock,Industrial Machinery/Components,68,25.93000030517578,-11.772708936126463,74,,A-
EMN,Eastman Chemical Company Common Stock,Major Chemicals,59,67.20999908447266,-15.452832486631497,40,42,D-
EMP,Entergy Mississippi LLC First Mortgage Bonds 4.90% Series Due October 1 2066,Electric Utilities: Central,59,20.075000762939453,-3.5830282901222255,43,,D
EMPD,Empery Digital Inc. Common stock,Auto Manufacturing,138,3.5899999141693115,-83.38732155125605,14,,C+
EMR,Emerson Electric Company Common Stock,Consumer Electronics/Appliances,122,135.3800048828125,-15.610435041324644,41,59,D
ENB,Enbridge Inc Common Stock,Natural Gas Distribution,25,55.06999969482422,-5.117162601402658,66,,D+
ENGN,enGene Therapeutics Inc. Common Stock,Biotechnology: Biological Products (No Diagnostic Substances),65,1.8600000143051147,-84.71651600127575,4,11,E
ENGS,Energys Group Limited Ordinary Shares,Engineering & Construction,42,2.890000104904175,-76.35024515750806,96,,A+
ENIC,Enel Chile S.A. American Depositary Shares (Each representing 50 shares of Common Stock),Electric Utilities: Central,59,4.380000114440918,-6.008578157501166,62,34,C-
ENJ,Entergy New Orleans LLC First Mortgage Bonds 5.0% Series due December 1 2052,Power Generation,51,20.079999923706055,-7.373083555038285,45,,C
ENLT,Enlight Renewable Energy Ltd. Ordinary Shares,Electric Utilities: Central,59,82.94000244140625,-22.78904872911842,96,48,D
ENLV,Enlivex Ltd. Ordinary Shares,Biotechnology: Pharmaceutical Preparations,85,6.670000076293945,-75.56776460550509,7,,E-
ENO,Entergy New Orleans LLC First Mortgage Bonds 5.50% Series due April 1 2066,Power Generation,51,21.209999084472656,-7.872901423162471,42,,D-
ENOV,Enovis Corporation Common Stock,Industrial Specialties,88,26.25,-22.862177661992924,36,20,B-
ENPH,Enphase Energy Inc. Common Stock,Semiconductors,2,43.060001373291016,-40.4673022491155,75,30,B-
ENR,Energizer Holdings Inc. Common Stock,Industrial Machinery/Components,68,20.469999313354492,-27.546175058062705,47,54,B-
ENS,EnerSys Common Stock,Industrial Machinery/Components,68,201.08999633789062,-17.26696811899323,89,70,E
ENSC,Ensysce Biosciences Inc. Common Stock,Biotechnology: Pharmaceutical Preparations,85,0.27549999952316284,-89.28015538212331,5,20,A
ENSG,The Ensign Group Inc. Common Stock,Hospital/Nursing Management,66,168.38999938964844,-21.922872672725624,39,72,E
ENTA,Enanta Pharmaceuticals Inc. Common Stock,Biotechnology: Pharmaceutical Preparations,85,13.640000343322754,-19.05044489896316,74,20,B-
ENTG,Entegris Inc. Common Stock,Plastic Products,23,136.27000427246094,-25.94021506931471,79,71,E
ENTX,Entera Bio Ltd. Ordinary Shares,Biotechnology: Biological Products (No Diagnostic Substances),65,1.6399999856948853,-47.770702837446755,58,4,A+
ENVA,Enova International Inc. Common Stock,Finance: Consumer Services,119,232.00999450683594,-4.1993552219486645,94,91,A-
ENVB,Enveric Biosciences Inc. Common Stock,Biotechnology: Pharmaceutical Preparations,85,1.309999942779541,-92.47126453161272,6,,A
ENVX,Enovix Corporation Common Stock,Industrial Machinery/Components,68,4.949999809265137,-68.9265554649309,13,20,E+
EOG,EOG Resources Inc. Common Stock,Oil & Gas Production,35,139.61000061035156,-6.135178345070347,69,65,D-
EOLS,Evolus Inc. Common Stock,Biotechnology: Pharmaceutical Preparations,85,6.519999980926514,-32.43523068740255,70,20,B
EONR,EON Resources Inc. Class A Common Stock,Oil & Gas Production,35,0.5640000104904175,-63.137253526997796,58,,C
EOSE,Eos Energy Enterprises Inc. Class A Common Stock,Industrial Machinery/Components,68,4.349999904632568,-77.33194484850394,14,63,E
EOT,Eaton Vance Municipal Income Trust EATON VANCE NATIONAL MUNICIPAL OPPORTUNITIES TRUST,Investment Bankers/Brokers/Service,77,17.469999313354492,-1.3551653502262728,54,,C-
EP,Empire Petroleum Corporation Common Stock,Oil & Gas Production,35,2.690000057220459,-51.964283874448434,22,20,E-
EPAC,Enerpac Tool Group Corp. Common Stock,Industrial Machinery/Components,68,34.75,-20.42023896019668,35,88,C
EPAM,EPAM Systems Inc. Common Stock,EDP Services,125,86.37999725341797,-60.98464334474871,12,85,D
EPC,Edgewell Personal Care Company Common Stock,Package Goods/Cosmetics,80,27.229999542236328,-1.979845683278103,80,30,A-
EPD,Enterprise Products Partners L.P. Common Stock,Natural Gas Distribution,25,38.310001373291016,-3.743713297316076,69,51,D+
EPM,Evolution Petroleum Corporation Inc. Common Stock,Oil & Gas Production,35,3.8299999237060547,-22.4318195865138,38,35,D-
EPOW,E-Power Inc. Class A Ordinary Shares,Business Services,80,0.5285999774932861,-62.24285810747927,12,,A
EPR,EPR Properties Common Stock,Real Estate Investment Trusts,46,59.810001373291016,-0.05013164976668261,64,53,C-
EPRT,Essential Properties Realty Trust Inc. Common Stock,Real Estate Investment Trusts,46,31.3799991607666,-7.385809853600945,50,90,D+
EPRX,Eupraxia Pharmaceuticals Inc. Common Stock,Pharmaceuticals and Biotechnology,,6.429999828338623,-29.106945483053405,40,,C+
EPSM,Epsium Enterprise Limited Class A Ordinary Shares,Beverages (Production/Distribution),93,1.2899999618530273,-99.06521741894709,9,,A+
EPSN,Epsilon Energy Ltd. Common Share,Oil & Gas Production,35,5.449999809265137,-19.80965886607503,45,,D
EQ,Equillium Inc. Common Stock,Biotechnology: Pharmaceutical Preparations,85,2.880000114440918,-9.999997764825853,99,20,B
EQBK,Equity Bancshares Inc. Class A Common Stock,Major Banks,21,48.849998474121094,-2.6892475464163956,60,88,B
EQH,Equitable Holdings Inc. Common Stock,Specialty Insurers,91,47.79999923706055,-11.060591026082733,58,68,C+
EQIX,Equinix Inc. Common Stock REIT,Real Estate Investment Trusts,46,1039.530029296875,-6.847134803068988,73,74,D-
EQNR,Equinor ASA,Integrated oil Companies,6,36.060001373291016,-14.082727651737448,79,54,D
EQPT,EquipmentShare.com Inc Class A Common Stock,Diversified Commercial Services,97,16.825000762939453,-51.414957424212496,15,,E
EQR,Equity Residential Common Shares of Beneficial Interest,Real Estate Investment Trusts,46,69.72000122070312,-0.6129726241233979,64,62,C-
EQS,Equus Total Return Inc. Common Stock,Finance/Investors Services,77,1.2200000286102295,-51.00401510290731,26,,E-
EQT,EQT Corporation Common Stock,Oil & Gas Production,35,49.720001220703125,-26.60075763326667,33,82,D-
EQX,Equinox Gold Corp. Common Shares,Precious Metals,113,9.449999809265137,-49.51878245680103,28,86,E
ERAS,Erasca Inc. Common Stock,Biotechnology: Pharmaceutical Preparations,85,17.899999618530273,-20.338228012798165,99,20,B+
ERIC,Ericsson American Depositary Shares,Radio And Television Broadcasting And Communications Equipment,10,11.720000267028809,-14.70159780013568,74,44,C
ERIE,Erie Indemnity Company Class A Common Stock,Specialty Insurers,91,247.1699981689453,-31.58978619027448,30,66,C
ERII,Energy Recovery Inc. Common Stock,Industrial Machinery/Components,68,8.65999984741211,-52.181117860028635,16,32,C
ERNA,Ernexa Therapeutics Inc. Common Stock,Biotechnology: Pharmaceutical Preparations,85,5.539999961853027,-89.97285074777733,10,,A+
ERO,Ero Copper Corp. Common Shares,Metal Mining,97,24.649999618530273,-35.18274938270714,50,,D-
ES,Eversource Energy (D/B/A) Common Stock,Electric Utilities: Central,59,74.86000061035156,0.0,60,53,C
ESAB,ESAB Corporation Common Stock,Industrial Machinery/Components,68,86.72000122070312,-35.530876829587854,22,77,C-
ESCA,Escalade Incorporated Common Stock,Recreational Games/Products/Toys,93,18.479999542236328,-10.26231820043051,79,72,B
ESE,ESCO Technologies Inc. Common Stock,Telecommunications Equipment,73,320.82000732421875,-9.581421127677114,84,92,E+
ESEA,Euroseas Ltd. Common Stock (Marshall Islands),Marine Transportation,9,71.31999969482422,-3.6660281195024735,78,48,C
ESI,Element Solutions Inc. Common Stock,Major Chemicals,59,39.599998474121094,-19.33184283758147,82,81,E-
ESLA,Estrella Immunopharma Inc. Common Stock,Biotechnology: Biological Products (No Diagnostic Substances),65,0.8755999803543091,-71.29180347398545,15,,E
ESLT,Elbit Systems Ltd. Ordinary Shares,Military/Government/Technical,101,735.4000244140625,-27.32667486560121,66,83,D+
ESNT,Essent Group Ltd. Common Shares,Property-Casualty Insurers,36,64.93000030517578,-1.6406998883324087,58,49,B-
ESOA,Energy Services of America Corporation Common Stock,Water Sewer Pipeline Comm & Power Line Construction,1,16.40999984741211,-15.149949752113711,89,95,D-
ESP,Espey Mfg. & Electronics Corp. Common Stock,Industrial Machinery/Components,68,55.77000045776367,-22.4504688372247,67,90,D
ESPR,Esperion Therapeutics Inc. Common Stock,Biotechnology: Pharmaceutical Preparations,85,3.180000066757202,-22.05882043574502,88,20,B+
ESQ,Esquire Financial Holdings Inc. Common Stock,Commercial Banks,8,118.70999908447266,-3.979615205248488,61,60,D+
ESRT,Empire State Realty Trust Inc. Class A Common Stock,Real Estate Investment Trusts,46,5.539999961853027,-31.31298357265928,32,39,B
ESS,Essex Property Trust Inc. Common Stock,Real Estate Investment Trusts,46,297.4800109863281,-0.2849112138218146,68,79,C
ESTA,Establishment Labs Holdings Inc. Common Shares,Industrial Specialties,88,87.9000015258789,-3.9973745416197026,92,4,B
ESTC,Elastic N.V. Ordinary Shares,Computer Software: Prepackaged Software,117,62.43000030517578,-33.915529270159226,50,99,B+
ETD,Ethan Allen Interiors Inc. Common Stock,Home Furnishings,42,22.1299991607666,-23.426704082723624,35,36,C
ETN,Eaton Corporation PLC Ordinary Shares,Industrial Machinery/Components,68,402.8500061035156,-7.556563579793574,59,52,D-
ETO,Eaton Vance Tax-Advantage Global Dividend Opp Common Stock,Investment Managers,73,30.700000762939453,-1.286172391073681,61,,D+
ETON,Eton Pharmaceuticals Inc. Common Stock,Biotechnology: Pharmaceutical Preparations,85,37.34000015258789,-1.7885331325316334,95,96,B+
ETOR,eToro Group Ltd. Class A Common Shares,Investment Bankers/Brokers/Service,77,38.21500015258789,-41.27996453996323,50,83,B-
ETR,Entergy Corporation Common Stock,Electric Utilities: Central,59,114.83999633789062,-2.147242893111112,70,55,D
ETS,Elite Express Holding Inc. Class A Common Stock,Trucking Freight/Courier Services,5,0.8001000285148621,-77.13999918528965,51,,A+
ETSY,Etsy Inc. Common Stock,Business Services,80,80.52999877929688,-0.6415845192860314,85,99,B
ETX,Eaton Vance Municipal Income 2028 Term Trust Common Shares of Beneficial Interest,Investment Managers,73,18.6299991607666,-2.265874252734279,49,,D
EU,enCore Energy Corp. Common Shares,Other Metals and Minerals,135,1.2200000286102295,-70.02457058589694,10,4,E+
EUDA,EUDA Health Holdings Limited Ordinary Shares,Medical/Nursing Services,25,10.350000381469727,-86.696658129198,20,,A
EVAX,Evaxion A/S American Depositary Share,Biotechnology: Biological Products (No Diagnostic Substances),65,3.0199999809265137,-72.57039129750116,21,20,E+
EVC,Entravision Communications Corporation Common Stock,Broadcasting,97,11.140000343322754,-17.359045091817336,99,4,A
EVCM,EverCommerce Inc. Common Stock,Computer Software: Prepackaged Software,117,10.819999694824219,-19.25373132203889,41,99,B-
EVER,EverQuote Inc. Class A Common Stock,Computer Software: Programming Data Processing,111,25.479999542236328,-8.575533638422417,81,77,B+
EVEX,Eve Holding Inc. Common Stock,Aerospace,93,2.2799999713897705,-68.80984966844161,13,4,E
EVF,Eaton Vance Senior Income Trust Common Stock,Investment Bankers/Brokers/Service,77,4.989999771118164,-4.516231930710868,43,,D+
EVGN,Evogene Ltd Ordinary Shares,Agricultural Chemicals,130,0.46470001339912415,-68.17123279058815,7,20,E+
EVGO,EVgo Inc. Class A Common Stock,EDP Services,125,1.7300000190734863,-65.46906307308495,15,20,D-
EVH,Evolent Health Inc Class A Common Stock,Other Consumer Services,125,5.920000076293945,-48.251745686728476,90,64,A-
EVI,EVI Industries Inc.  Common Stock,Other Consumer Services,125,15.970000267028809,-53.0692233592965,15,48,C
EVLV,Evolv Technologies Holdings Inc. Class A Common Stock,Computer peripheral equipment,46,5.980000019073486,-31.735161383245767,36,20,D+
EVMN,Evommune Inc. Common Stock,Biotechnology: Pharmaceutical Preparations,85,12.100000381469727,-61.67247228876763,11,,E-
EVN,Eaton Vance Municipal Income Trust Common Stock,Investment Managers,73,11.09000015258789,-1.5097697410155986,55,,C-
EVO,Evotec SE American Depositary Shares,Biotechnology: Pharmaceutical Preparations,85,2.430000066757202,-42.957747976576336,20,33,E-
EVR,Evercore Inc. Class A Common Stock,Investment Managers,73,334.1499938964844,-12.332331814588315,48,84,D
EVRG,Evergy Inc. Common Stock,Power Generation,51,86.44999694824219,-1.9062752269751404,65,,D+
EVTC,Evertec Inc. Common Stock,EDP Services,125,29.610000610351562,-21.071985800025704,42,38,C+
EVTL,Vertical Aerospace Ltd. Ordinary Shares,Aerospace,93,1.590000033378601,-78.15934083028743,7,,E+
EVTV,Azio AI Holdings Inc. Common Stock,Auto Parts:O.E.M.,59,1.940000057220459,-52.45097810055187,92,,D-
EW,Edwards Lifesciences Corporation Common Stock,Industrial Specialties,88,91.79000091552734,-3.561671967618274,68,48,C
EWBC,East West Bancorp Inc. Common Stock,Major Banks,21,131.41000366210938,-0.9198531069806393,70,68,D+
EWTX,Edgewise Therapeutics Inc. Common Stock,Biotechnology: Pharmaceutical Preparations,85,41.27000045776367,-14.643222833082259,96,4,B
EXC,Exelon Corporation Common Stock,Power Generation,51,47.09000015258789,-5.4824979669454095,52,51,D+
EXE,Expand Energy Corporation Common Stock,Oil & Gas Production,35,87.0999984741211,-28.305604886414613,29,75,D-
EXEL,Exelixis Inc. Common Stock,Biotechnology: Biological Products (No Diagnostic Substances),65,56.040000915527344,-1.8563880681610967,80,88,B-
EXFY,Expensify Inc. Class A Common Stock,Computer Software: Prepackaged Software,117,1.7899999618530273,-23.175964786904945,90,20,A+
EXK,Endeavour Silver Corporation Ordinary Shares (Canada),Precious Metals,113,7.840000152587891,-44.47591914921985,41,,D-
EXLS,ExlService Holdings Inc. Common Stock,Business Services,80,28.489999771118164,-36.66073797007049,23,64,C-
EXOD,Exodus Movement Inc. Class A Common Stock,Finance: Consumer Services,119,4.889999866485596,-87.19224770193966,7,,E
EXOZ,eXoZymes Inc. Common Stock,Biotechnology: Biological Products (No Diagnostic Substances),65,6.369999885559082,-61.39394008752072,12,,E-
EXP,Eagle Materials Inc Common Stock,Building Materials,49,205.13999938964844,-14.925210871531458,39,46,D
EXPD,Expeditors International of Washington Inc. Common Stock,Integrated Freight & Logistics,141,175.5,0.0,81,52,B-
EXPE,Expedia Group Inc. Common Stock,Transportation Services,104,265.6300048828125,-11.46278943920709,71,36,B-
EXPO,Exponent Inc. Common Stock,Professional Services,104,63.59000015258789,-19.55018723819012,36,56,C+
EXR,Extra Space Storage Inc Common Stock,Real Estate Investment Trusts,46,145.32000732421875,-2.7148282657907807,53,58,C-
EXTR,Extreme Networks Inc. Common Stock,Computer Communications Equipment,15,32.90999984741211,-2.373180832950661,95,66,B+
EYE,National Vision Holdings Inc. Common Stock,Ophthalmic Goods,113,19.290000915527344,-34.52137978614387,20,76,E+
EYPT,EyePoint Inc. Common Stock,Biotechnology: Laboratory Analytical Instruments,59,14.279999732971191,-24.244034779919797,50,20,C+
EZGO,EZGO Technologies Ltd. Ordinary Shares,Motor Vehicles,125,1.2699999809265137,-99.93359477223913,1,,A
EZPW,EZCORP Inc. Class A Non Voting Common Stock,Other Specialty Stores,113,32.66999816894531,-8.204557378823873,91,94,E+
EZRA,Reliance Global Group Inc. Common Stock,Specialty Insurers,91,2.5799999237060547,-95.65393196737908,2,20,B-
F,Ford Motor Company Common Stock,Auto Manufacturing,138,13.850000381469727,-20.584862629890278,65,,B
FA,First Advantage Corporation Common Stock,EDP Services,125,20.579999923706055,0.0,90,63,A
FABC,Fabric.AI Inc. Common Stock,Telecommunications Equipment,73,2.5999999046325684,-69.08442387864456,25,4,A
FAC,Factorial Energy Inc. Class A Common Stock,Industrial Machinery/Components,68,6.0,-72.65268981791428,13,,E-
FAF,First American Corporation (New) Common Stock,Specialty Insurers,91,70.05999755859375,-1.3933926117397522,69,90,C-
FAMI,Farmmi Inc. Class A Ordinary Shares,Packaged Foods,120,0.1941000074148178,-90.43842314530015,2,,E-
FANG,Diamondback Energy Inc. Common Stock,Oil & Gas Production,35,191.60000610351562,-9.844257360377117,73,34,D-
FAST,Fastenal Company Common Stock,RETAIL: Building Materials,112,47.04999923706055,-5.120746881295646,50,59,C-
FATE,Fate Therapeutics Inc. Common Stock,Biotechnology: Biological Products (No Diagnostic Substances),65,3.0199999809265137,-2.893888013026391,98,20,A
FATN,FatPipe Inc. Common Stock,Computer Software: Prepackaged Software,117,4.960000038146973,-44.20697585380399,92,,A
FBGL,FBS Global Limited Ordinary Shares,Miscellaneous manufacturing industries,122,0.6000000238418579,-56.521737252531665,30,,A+
FBIN,Fortune Brands Innovations Inc. Common Stock,Forest Products,80,50.279998779296875,-21.03167953358328,56,46,A-
FBIO,Fortress Biotech Inc. Common Stock,Biotechnology: Pharmaceutical Preparations,85,3.299999952316284,-24.657537303797305,78,,A-
FBIZ,First Business Financial Services Inc. Common Stock,Major Banks,21,63.70000076293945,-1.6368149140285282,68,73,C+
FBK,FB Financial Corporation Common Stock,Major Banks,21,56.56999969482422,-7.511724059304569,52,66,C-
FBLA,FB Bancorp Inc. Common Stock,Banks,25,15.069999694824219,-1.5032711963619771,68,35,B-
FBLG,FibroBiologics Inc. Common Stock,Biotechnology: Pharmaceutical Preparations,85,0.8586000204086304,-94.01255222264638,4,,E+
FBNC,First Bancorp Common Stock,Major Banks,21,64.22000122070312,-1.7291465643498927,73,58,C+
FBP,First BanCorp. New Common Stock,Major Banks,21,26.639999389648438,-0.1873403649631844,75,69,C
FBRT,Franklin BSP Realty Trust Inc. Common Stock,Real Estate Investment Trusts,46,7.989999771118164,-23.165163970470836,31,,D
FBRX,Forte Biosciences Inc. Common Stock,Biotechnology: Pharmaceutical Preparations,85,44.119998931884766,0.0,97,,A+
FBYD,Falcon's Beyond Global Inc. Class A Common Stock,Services-Misc. Amusement & Recreation,89,13.069999694824219,-37.16346070082227,77,99,E-
FC,Franklin Covey Company Common Stock,Other Consumer Services,125,20.510000228881836,-19.726024104408346,50,81,E
FCAP,First Capital Inc. Common Stock,Savings Institutions,15,61.88999938964844,-10.18123976645483,78,76,A-
FCBC,First Community Bankshares Inc. (VA) Common Stock,Major Banks,21,43.939998626708984,-3.7248045260163343,69,46,C-
FCCO,First Community Corporation Common Stock,Major Banks,21,32.58000183105469,-2.1033562918206794,65,62,B
FCEL,FuelCell Energy Inc. Common Stock,Industrial Machinery/Components,68,19.079999923706055,-47.01471587601651,98,4,B-
FCF,First Commonwealth Financial Corporation Common Stock,Major Banks,21,20.420000076293945,-1.6377656495151327,69,82,C
FCFS,FirstCash Holdings Inc. Common Stock,Other Specialty Stores,113,214.6199951171875,-7.71806900030384,80,74,D-
FCHL,Fitness Champs Holdings Limited Common Stock,Services-Misc. Amusement & Recreation,89,1.2100000381469727,-99.96265431981027,1,,A
FCN,FTI Consulting Inc. Common Stock,Professional Services,104,161.6199951171875,-13.586057759693526,38,66,D
FCNCA,First Citizens BancShares Inc. Class A Common Stock,Major Banks,21,2106.06005859375,-4.222837883044106,53,78,D+
FCNCP,First Citizens BancShares Inc. Depositary Shares,Major Banks,21,20.2549991607666,-6.432126976910368,43,,D
FCPT,Four Corners Property Trust Inc. Common Stock,Real Estate Investment Trusts,46,25.190000534057617,-0.6729395438171415,52,50,C
FCUV,Focus Universal Inc. Common Stock,Industrial Machinery/Components,68,2.950000047683716,-98.48872946014137,1,,A+
FCX,Freeport-McMoRan Inc. Common Stock,Metal Mining,97,59.970001220703125,-16.38315644173215,61,76,E+
FDBC,Fidelity D & D Bancorp Inc. Common Stock,Major Banks,21,51.209999084472656,-4.011245456148426,69,60,B
FDMT,4D Molecular Therapeutics Inc. Common Stock,Biotechnology: Biological Products (No Diagnostic Substances),65,11.300000190734863,-15.037593769308765,90,33,A
FDS,FactSet Research Systems Inc. Common Stock,Computer Software: Programming Data Processing,111,263.1099853515625,-40.02836233364675,44,51,B+
FDSB,Fifth District Bancorp Inc. Common Stock,Savings Institutions,15,17.450000762939453,0.0,75,,B
FDUS,Fidus Investment Corporation Common Stock,Finance/Investors Services,77,20.110000610351562,-1.469863984827935,62,51,A-
FDX,FedEx Corporation Common Stock,Air Freight/Delivery Services,18,313.739990234375,-7.035337511964624,82,68,D-
FE,FirstEnergy Corp. Common Stock,Electric Utilities: Central,59,48.43000030517578,-5.741668001833544,55,53,D
FEAM,5E Advanced Materials Inc. Common Stock,Mining & Quarrying of Nonmetallic Minerals (No Fuels),79,1.2899999618530273,-81.66311315091832,10,11,D-
FEBO,Fenbo Holdings Limited Class A Ordinary Shares,Home Furnishings,42,0.8100000023841858,-42.142855987256866,24,,A+
FEDU,Four Seasons Education (Cayman) Inc. American Depositary Shares each ADS representing 10 ordinary shares,Other Consumer Services,125,10.03499984741211,-40.445106111405224,29,,D-
FEED,ENvue Medical Inc. Common Stock,Industrial Specialties,88,0.4578000009059906,-95.72149524236832,2,,E-
FEIM,Frequency Electronics Inc. Common Stock,Electrical Products,4,54.5,-29.3583941385682,83,46,E
FELE,Franklin Electric Co. Inc. Common Stock,Metal Fabrications,45,103.20999908447266,-5.791940649220873,54,52,D+
FEMY,Femasys Inc. Common Stock,Medical/Dental Instruments,113,3.4700000286102295,-83.31730694284097,5,,E-
FENC,Fennec Pharmaceuticals Inc. Common Stock,Biotechnology: Biological Products (No Diagnostic Substances),65,10.75,-2.538528918855798,89,32,A
FENG,Phoenix New Media Limited American Depositary Shares each representing 48 Class A ordinary shares.,Broadcasting,97,1.4600000381469727,-53.354633074581905,19,20,C-
FER,Ferrovial N.V. Ordinary Shares,Military/Government/Technical,101,63.70000076293945,-13.519618326872818,47,,D-
FERG,Ferguson Enterprises Inc. Common Stock,Miscellaneous,142,233.19000244140625,-12.559099395926243,43,50,D+
FET,Forum Energy Technologies Inc. Common Stock,Oil and Gas Field Machinery,32,50.58000183105469,-21.629995175773374,88,56,D-
FF,FutureFuel Corp.  Common shares,Major Chemicals,59,4.699999809265137,-5.400946968133735,76,91,B-
FFAI,Faraday Future Intelligent Electric Inc. Class A Common Stock,Auto Manufacturing,138,0.1695999950170517,-94.34666683276495,4,,E+
FFBC,First Financial Bancorp. Common Stock,Major Banks,21,34.41999816894531,-0.7210845491879225,80,71,B-
FFIN,First Financial Bankshares Inc. Common Stock,Major Banks,21,34.720001220703125,-6.326629792768035,55,58,C
FFIV,F5 Inc. Common Stock,Computer Communications Equipment,15,420.95001220703125,-2.1933600037438827,86,62,B-
FG,F&G Annuities & Life Inc. Common Stock,Life Insurance,21,30.84000015258789,-10.14012857225267,67,44,C
FGBI,First Guaranty Bancshares Inc. Common Stock,Savings Institutions,15,9.920000076293945,-7.462688160516196,61,63,A+
FGI,FGI Industries Ltd. Ordinary Shares,Industrial Specialties,88,4.710000038146973,-58.39222468971885,57,4,A-
FGL,Founder Group Limited Class A Ordinary Shares,Engineering & Construction,42,1.2899999618530273,-99.05147061628455,4,,A+
FGMC,FG Merger II Corp. Common stock,,,9.8100004196167,-34.11685565194846,42,,E-
FGMCU,FG Merger II Corp. Unit,,,10.350000381469727,-44.50401826718448,43,,E-
FGNX,FG Nexus Inc. Common Stock,Property-Casualty Insurers,36,5.079999923706055,-97.34725852547986,9,9,C
FHB,First Hawaiian Inc. Common Stock,Major Banks,21,29.139999389648438,-3.9551771816227155,65,86,E+
FHI,Federated Hermes Inc. Common Stock,Investment Managers,73,58.119998931884766,-3.197871343046621,64,59,D+
FHN,First Horizon Corporation Common Stock,Major Banks,21,25.81999969482422,-0.8829157350189631,61,71,C-
FHTX,Foghorn Therapeutics Inc. Common Stock,Biotechnology: Pharmaceutical Preparations,85,5.440000057220459,-18.56287130214738,63,,A
FIBK,First Interstate BancSystem Inc. Common Stock (DE),Major Banks,21,38.83000183105469,-1.396646069433105,71,73,C-
FICO,Fair Isaac Corporation Common Stock,Business Services,80,1278.25,-31.991701907753278,49,93,D+
FIEE,FiEE Inc Common Stock,Telecommunications Equipment,73,4.150000095367432,-46.10389353031044,47,,E-
FIG,Figma Inc. Class A Common Stock,Computer Software: Prepackaged Software,117,23.649999618530273,-80.61475441104076,21,20,A-
FIGR,Figure Technology Solutions Inc. Class A Common Stock,Finance: Consumer Services,119,29.739999771118164,-59.761874851097275,22,99,C+
FIGS,FIGS Inc. Class A Common Stock,Apparel,40,10.0,-41.588787910084115,55,95,E+
FINS,Angel Oak Financial Strategies Income Term Trust Common Shares of Beneficial Interest,Finance/Investors Services,77,12.819999694824219,-1.0038619023600925,52,,D+
FINV,FinVolution Group American Depositary Shares,Finance: Consumer Services,119,4.570000171661377,-54.15200108841329,25,43,C-
FINW,FinWise Bancorp Common Stock,Major Banks,21,13.970000267028809,-37.88350195997248,26,41,B
FIP,FTAI Infrastructure Inc. Common Stock,Oil Refining/Marketing,133,4.489999771118164,-35.89166316266484,26,20,D-
FIRY,Firy Inc. Class A Common Stock,EDP Services,125,8.4399995803833,-32.208837673215406,97,20,A-
FIS,Fidelity National Information Services Inc. Common Stock,Business Services,80,41.93000030517578,-47.17236038860141,21,99,D+
FISI,Financial Institutions Inc. Common Stock,Major Banks,21,38.75,-3.2942343520774298,80,66,B-
FISV,Fiserv Inc. Common Stock,Business Services,80,51.18000030517578,-69.8408949760998,15,60,E+
FITB,Fifth Third Bancorp Common Stock,Major Banks,21,57.18000030517578,-1.277620661539125,76,38,C+
FIVE,Five Below Inc. Common Stock,Department/Specialty Retail Stores,44,191.52999877929688,-22.679749066199218,58,89,E
FIVN,Five9 Inc. Common Stock,EDP Services,125,25.809999465942383,-11.488341560355087,87,99,A-
FIX,Comfort Systems USA Inc. Common Stock,Engineering & Construction,42,1732.030029296875,-16.185742091163903,95,99,E
FIZZ,National Beverage Corp. Common Stock,Beverages (Production/Distribution),93,31.1299991607666,-34.724260731406034,29,51,E+
FJET,Starfighters Space Inc. Common Stock,Air Freight/Delivery Services,18,4.730000019073486,-84.98412692357623,18,,B+
FKWL,Franklin Wireless Corp. Common Stock,Telecommunications Equipment,73,2.309999942779541,-55.058365704609024,12,34,E-
FLD,Fold Holdings Inc. Class A Common Stock,Finance: Consumer Services,119,0.4675000011920929,-89.67991215144178,3,,A+
FLEX,Flex Ltd. Ordinary Shares,Electrical Products,4,129.5,-20.096258315743086,96,86,B+
FLG,Flagstar Bank N.A. Common Stock,Banks,25,14.880000114440918,-2.617798596338672,67,63,D+
FLGT,Fulgent Genetics Inc. Common Stock,Medical Specialities,30,20.420000076293945,-33.80875259710089,59,20,B-
FLL,Full House Resorts Inc. Common Stock,Hotels/Resorts,39,2.5799999237060547,-47.87878741172973,35,20,B-
FLNA,Filana Therapeutics Inc. Common Stock,Biotechnology: Pharmaceutical Preparations,85,1.149999976158142,-75.21551704204748,11,20,E+
FLNC,Fluence Energy Inc. Class A Common Stock,Industrial Machinery/Components,68,15.15999984741211,-52.96307768312115,65,20,D
FLNG,FLEX LNG Ltd. Ordinary Shares,Marine Transportation,9,30.139999389648438,-7.143077922403029,75,45,E+
FLNT,Fluent Inc. Common Stock,Advertising,109,3.509999990463257,-13.54679704600551,80,20,A+
FLO,Flowers Foods Inc. Common Stock,Packaged Foods,120,8.289999961853027,-46.22236437497932,27,37,B
FLOC,Flowco Holdings Inc. Class A Common Stock,Oil and Gas Field Machinery,32,20.889999389648438,-25.631900049228474,58,59,C-
FLR,Fluor Corporation Common Stock,Military/Government/Technical,101,49.630001068115234,-12.577064174872653,52,,D
FLS,Flowserve Corporation Common Stock,Fluid Controls,59,68.36000061035156,-25.283835439153577,50,93,E
FLUT,Flutter Entertainment plc Ordinary Shares,Computer Software: Programming Data Processing,111,112.4000015258789,-63.577446758644626,19,32,B-
FLUX,Flux Power Holdings Inc. Common Stock,Industrial Machinery/Components,68,0.730400025844574,-89.03303239371112,8,20,E-
FLWS,1-800-FLOWERS.COM Inc. Common Stock,Other Specialty Stores,113,3.880000114440918,-44.09221783212928,39,20,C
FLX,BingEx Limited American Depositary Shares,Trucking Freight/Courier Services,5,2.180000066757202,-47.59615031925166,21,40,D-
FLXS,Flexsteel Industries Inc. Common Stock,Home Furnishings,42,71.5,-6.16797524471634,92,69,B+
FLY,Firefly Aerospace Inc. Common Stock,Military/Government/Technical,101,22.270000457763672,-63.09858985777215,14,20,E
FLYE,Fly-E Group Inc. Common Stock,Aerospace,93,2.0199999809265137,-98.69845359494423,8,,A+
FLYW,Flywire Corporation Voting Common Stock,Business Services,80,17.780000686645508,-5.173329671223959,87,99,A-
FLYX,flyExclusive Inc. Class A Common Stock,Transportation Services,104,1.5800000429153442,-78.14661080571035,10,,D
FLZH,Flash Sports & Media Holdings Inc. Common Stock,Services-Misc. Amusement & Recreation,89,1.8799999952316284,-94.81950965058468,2,,A+
FMAO,Farmers & Merchants Bancorp Inc. Common Stock,Savings Institutions,15,30.079999923706055,-3.6156956984364608,69,69,B-
FMBH,First Mid Bancshares Inc. Common Stock,Major Banks,21,48.33000183105469,-2.0668625625212322,73,56,B-
FMC,FMC Corporation Common Stock,Major Chemicals,59,10.90999984741211,-74.26475709363609,10,20,D-
FMFC,Kandal M Venture Limited Class A Ordinary Shares,Apparel,40,0.25999999046325684,-98.32041344863183,6,,A+
FMNB,Farmers National Banc Corp. Common Stock,Major Banks,21,14.399999618530273,-3.095558874661719,54,45,C+
FMS,Fresenius Medical Care AG American Depositary Shares (Each representing 1/2 of an Ordinary Share),Misc Health and Biotechnology Services,13,24.450000762939453,-7.2025573289527856,49,48,D+
FMST,Foremost Clean Energy Ltd. Common Shares,Other Metals and Minerals,135,1.7799999713897705,-58.604653664315975,25,,C-
FMX,Fomento Economico Mexicano S.A.B. de C.V. Common Stock,Beverages (Production/Distribution),93,129.00999450683594,-1.6692092167274963,76,79,C-
FN,Fabrinet Ordinary Shares,Telecommunications Equipment,73,474.6400146484375,-36.415390668514334,56,85,E-
FNB,F.N.B. Corporation Common Stock,Major Banks,21,18.93000030517578,-2.57334015515589,64,66,C-
FND,Floor & Decor Holdings Inc. Common Stock,RETAIL: Building Materials,112,54.95000076293945,-39.22804481784209,31,49,C+
FNF,Fidelity National Financial Inc. Common Stock,Specialty Insurers,91,50.040000915527344,-11.597835597960138,47,59,C-
FNGR,FingerMotion Inc. Common Stock,Computer Software: Prepackaged Software,117,0.3700000047683716,-82.5471686442664,4,,A-
FNKO,Funko Inc. Class A Common Stock,Recreational Games/Products/Toys,93,5.690000057220459,-3.231293427254034,89,20,B+
FNLC,First Bancorp Inc  (ME) Common Stock,Major Banks,21,33.439998626708984,-4.854929217762082,78,60,A
FNRN,First Northern Community Bancorp Common stock,Savings Institutions,15,18.18000030517578,-1.1956484669322198,86,85,D
FNUC,Frontier Nuclear and Minerals Inc. Common Shares,Other Metals and Minerals,135,1.6299999952316284,-74.29022151417004,9,,D-
FNV,Franco-Nevada Corporation,Precious Metals,113,200.49000549316406,-28.335838437626503,36,95,E+
FNWB,First Northwest Bancorp Common Stock,Banks,25,11.1899995803833,-1.409698640606627,77,73,C+
FNWD,Finward Bancorp Common Stock,Major Banks,21,36.25,-8.313135835250163,61,78,D-
FOA,Finance of America Companies Inc. Class A Common Stock,Finance: Consumer Services,119,25.3799991607666,-13.141684609256254,71,54,A-
FOCL,EDAP TMS S.A. American Depositary Shares,Biotechnology: Electromedical & Electrotherapeutic Apparatus,68,5.429999828338623,-0.9124122365115728,97,4,B+
FOFO,Hang Feng Technology Innovation Co. Ltd. Ordinary Shares,Professional Services,104,3.1600000858306885,-92.97777758704291,8,,A+
FOR,Forestar Group Inc Common Stock,Real Estate,89,30.110000610351562,-5.8474013716449225,71,47,C+
FORM,FormFactor Inc. FormFactor Inc. Common Stock,Semiconductors,2,110.30000305175781,-31.03232157625121,95,89,E-
FORR,Forrester Research Inc. Common Stock,Diversified Commercial Services,97,10.1899995803833,-9.26090831919948,88,20,A+
FORTY,Formula Systems (1985) Ltd. American Depositary Shares,EDP Services,125,111.02999877929688,-35.75895847834324,33,92,D-
FOSL,Fossil Group Inc. Common Stock,Consumer Specialties,31,4.119999885559082,-26.559718582785596,83,9,B+
FOUR,Shift4 Payments Inc. Class A Common Stock,Business Services,80,49.22999954223633,-53.90880941156302,25,,B
FOX,Fox Corporation Class B Common Stock,Broadcasting,97,50.220001220703125,-25.48716810337558,33,49,E
FOXA,Fox Corporation Class A Common Stock,Broadcasting,97,55.900001525878906,-26.193386186810308,34,60,E
FOXF,Fox Factory Holding Corp. Common Stock,Motor Vehicles,125,17.329999923706055,-43.01216701524964,30,20,E+
FOXX,Foxx Development Holdings Inc. Common Stock,Computer Communications Equipment,15,2.950000047683716,-62.56345171521591,13,11,A+
FPH,Five Point Holdings LLC Class A Common Shares,Real Estate,89,5.119999885559082,-21.109398056620332,37,40,C+
FPI,Farmland Partners Inc. Common Stock,Real Estate Investment Trusts,46,9.600000381469727,-25.089103538110358,33,,D-
FPS,Forgent Power Solutions Inc. Class A Common Stock,Industrial Machinery/Components,68,42.599998474121094,-34.04551650495987,86,36,E
FR,First Industrial Realty Trust Inc. Common Stock,Real Estate Investment Trusts,46,65.0999984741211,0.0,71,89,C
FRAF,Franklin Financial Services Corporation Common Stock,Major Banks,21,62.2400016784668,-2.74999737739563,80,84,C+
FRBA,First Bank Common Stock,Commercial Banks,8,17.520000457763672,-2.6125587511626747,56,,B-
FRD,Friedman Industries Inc. Common Stock,Steel/Iron Ore,46,34.5099983215332,-7.776590031549235,95,76,A
FRGT,Freight Technologies Inc. Ordinary Shares,Integrated Freight & Logistics,141,3.9600000381469727,-92.7671232179964,9,,B
FRHC,Freedom Holding Corp. Common Stock,Investment Bankers/Brokers/Service,77,160.82000732421875,-15.420212558928792,56,,B+
FRME,First Merchants Corporation Common Stock,Major Banks,21,43.29999923706055,-2.2352712982665945,60,39,C
FRMEP,First Merchants Corporation Depository Shares,Major Banks,21,25.799999237060547,-0.11614667725172723,51,,B-
FRMI,Fermi Inc. Common Stock,Real Estate Investment Trusts,46,6.309999942779541,-80.60252019807812,21,,D+
FRMM,Forum Markets Incorporated Common Stock,Biotechnology: Pharmaceutical Preparations,85,6.480000019073486,-93.94392521581916,94,20,A
FRO,Frontline Plc Ordinary Shares,Marine Transportation,9,36.91999816894531,-13.899260146244885,90,89,D
FROG,JFrog Ltd. Ordinary Shares,Computer Software: Prepackaged Software,117,92.0199966430664,-6.197759353338417,96,92,A
FRPH,FRP Holdings Inc. Common Stock,Real Estate,89,24.049999237060547,-12.51364337104065,47,31,B-
FRPT,Freshpet Inc. Common Stock,Packaged Foods,120,55.91999816894531,-34.5964933696546,34,99,D
FRSH,Freshworks Inc. Class A Common Stock,Computer Software: Prepackaged Software,117,10.829999923706055,-26.675696763344405,59,40,A-
FRST,Primis Financial Corp. Common Stock,Major Banks,21,15.760000228881836,-5.3453418020378285,80,94,A-
FRSX,Foresight Autonomous Holdings Ltd. American Depositary Shares,Computer Software: Prepackaged Software,117,1.399999976158142,-86.66666689373199,6,,E-
FRT,Federal Realty Investment Trust Common Stock,Real Estate Investment Trusts,46,121.83999633789062,-2.2841247647555907,74,82,C-
FSBC,Five Star Bancorp Common Stock,Major Banks,21,47.790000915527344,-3.571429396120973,84,73,B-
FSBW,FS Bancorp Inc. Common Stock,Banks,25,42.91999816894531,-3.202530398637582,54,50,C+
FSEA,First Seacoast Bancorp Inc. Common Stock,Savings Institutions,15,16.88010025024414,-0.35360260876643457,86,,A-
FSI,Flexible Solutions International Inc. Common Stock (CDA),Major Chemicals,59,5.800000190734863,-48.444442749023445,36,,E+
FSK,FS KKR Capital Corp. Common Stock,Investment Managers,73,10.8100004196167,-42.70559374135664,33,,D+
FSLR,First Solar Inc. Common Stock,Semiconductors,2,221.02999877929688,-30.54831145976532,56,94,C-
FSLY,Fastly Inc. Class A Common Stock,Computer Software: Prepackaged Software,117,20.030000686645508,-40.208953174192516,94,20,D
FSM,Fortuna Mining Corp. Common Shares,Precious Metals,113,8.369999885559082,-38.72620805962321,35,,D-
FSP,Franklin Street Properties Corp. Common Stock,Real Estate Investment Trusts,46,0.48170000314712524,-71.64015225128466,10,4,E-
FSS,Federal Signal Corporation Common Stock,Auto Manufacturing,138,116.94000244140625,-12.640070291197103,47,94,C-
FSTR,L.B. Foster Company Common Stock,Metal Fabrications,45,41.34000015258789,-8.47907498696906,89,84,B-
FSUN,FirstSun Capital Bancorp Common Stock,Major Banks,21,35.47999954223633,-14.299521172582608,35,50,D
FSV,FirstService Corporation Common Shares,Real Estate,89,143.27999877929688,-30.73245319515623,33,59,D+
FTAI,FTAI Aviation Ltd. Common Stock,Misc Corporate Leasing Services,15,209.8800048828125,-32.076319953430634,64,95,E
FTCI,FTC Solar Inc. Common Stock,Semiconductors,2,5.28000020980835,-57.7599983215332,48,20,B
FTDR,Frontdoor Inc. Common Stock,Diversified Commercial Services,97,74.79000091552734,-5.41292373316784,77,,B-
FTEK,Fuel Tech Inc. Common Stock,Pollution Control Equipment,80,1.590000033378601,-56.198347568826776,35,20,A+
FTF,Franklin Limited Duration Income Trust Common Shares of Beneficial Interest,Finance/Investors Services,77,5.800000190734863,-1.9010426159889682,46,,D+
FTFT,Future FinTech Group Inc. Common Stock,Business Services,80,1.8300000429153442,-88.38832476942684,17,33,E-
FTH,Faeth Therapeutics Inc. Common Stock,Biotechnology: Pharmaceutical Preparations,85,33.36000061035156,-7.743360754634898,97,,A-
FTHM,Fathom Holdings Inc. Common Stock,Real Estate,89,0.8985999822616577,-68.35915459791502,26,20,A+
FTI,TechnipFMC plc Ordinary Share,Oil and Gas Field Machinery,32,73.04000091552734,-5.065921354492819,89,93,D+
FTK,Flotek Industries Inc. Common Stock,Major Chemicals,59,24.959999084472656,-2.347419381871274,91,59,A-
FTLF,FitLife Brands Inc. Common Stock,Medicinal Chemicals and Botanical Products,135,11.1899995803833,-46.09826851150275,32,,E-
FTNT,Fortinet Inc. Common Stock,Computer peripheral equipment,46,160.6199951171875,-1.8994690597359254,96,91,B+
FTRE,Fortrea Holdings Inc. Common Stock,Medical Specialities,30,17.860000610351562,-2.934777279206513,96,43,A-
FTRK,FAST TRACK GROUP Ordinary shares,Package Goods/Cosmetics,80,0.5931000113487244,-39.72561026765089,64,,A+
FTS,Fortis Inc. Common Shares,Electric Utilities: Central,59,57.47999954223633,-1.2540792882971386,61,,D+
FTV,Fortive Corporation Common Stock,Industrial Machinery/Components,68,62.310001373291016,-2.0282973770117008,65,43,C-
FTW,Presidio Production Company Class A Common Stock,Oil & Gas Production,35,12.09000015258789,-12.322794276411953,69,,C+
FUBO,FuboTV Inc. Class A Common Stock,Movies/Entertainment,67,9.829999923706055,-82.03581925362438,9,20,C-
FUFU,BitFuFu Inc. Class A Ordinary Shares,Finance: Consumer Services,119,1.340000033378601,-68.7645677087652,9,11,E
FUL,H. B. Fuller Company Common Stock,Home Furnishings,42,56.060001373291016,-16.594353512570216,33,72,E
FULC,Fulcrum Therapeutics Inc. Common Stock,Biotechnology: Pharmaceutical Preparations,85,3.5399999618530273,-75.75342555233091,7,20,E-
FULT,Fulton Financial Corporation Common Stock,Major Banks,21,24.170000076293945,-1.1856051473150053,75,53,C
FUN,Six Flags Entertainment Corporation Common Stock New,Services-Misc. Amusement & Recreation,89,18.920000076293945,-42.56223173927852,36,20,E+
FUNC,First United Corporation Common Stock,Major Banks,21,44.88999938964844,-2.793419027723054,76,94,A-
FUND,Sprott Focus Trust Inc. Common Stock,Investment Managers,73,9.725000381469727,-5.805520870224024,64,,D+
FURY,Fury Gold Mines Limited Common Shares,Precious Metals,113,0.5149999856948853,-45.502646603932305,30,,E
FUSB,First US Bancshares Inc. Common Stock,Major Banks,21,16.559999465942383,-2.4734987492150973,72,54,C+
FUSE,Fusemachines Inc. Common stock,EDP Services,125,1.0,-94.80249474066453,5,,A
FUTU,Futu Holdings Limited American Depositary Shares,Investment Bankers/Brokers/Service,77,96.3499984741211,-50.816309585260264,13,49,E-
FVCB,FVCBankcorp Inc. Common Stock,Major Banks,21,17.559999465942383,-1.8446055615686574,78,60,B-
FVR,FrontView REIT Inc. Common Stock,Real Estate Investment Trusts,46,21.18000030517578,0.0,89,34,B
FVRR,Fiverr International Ltd. Ordinary Shares no par value,Business Services,80,11.270000457763672,-58.611822815924675,20,90,B+
FWDI,Forward Industries Inc. Common Stock,Plastic Products,23,4.110000133514404,-89.46153811919385,13,11,A
FWONA,Liberty Media Corporation Series A Liberty Formula One Common Stock,Broadcasting,97,91.63500213623047,-7.7469038084910675,53,,B-
FWONK,Liberty Media Corporation Series C Liberty Formula One Common Stock,Broadcasting,97,99.63999938964844,-8.021787403787439,52,,B-
FWRD,Forward Air Corporation Common Stock,Integrated Freight & Logistics,141,12.800000190734863,-60.334676141427266,11,20,D
FWRG,First Watch Restaurant Group Inc. Common Stock,Restaurants,101,12.199999809265137,-36.35889535362114,31,36,B-
FXHO,UTime Limited Class A Ordinary Shares,Consumer Electronics/Appliances,122,15.600000381469727,-99.7671641734109,5,,A+
FXNC,First National Corporation Common Stock,Major Banks,21,29.280000686645508,-5.365222426498805,72,79,B-
G,Genpact Limited Common Stock,Professional Services,104,30.479999542236328,-36.47865201786228,22,71,D-
GAB,Gabelli Equity Trust Inc. (The) Common Stock,Investment Managers,73,5.670000076293945,-4.9928549998422,50,,D+
GABC,German American Bancorp Inc. Common Stock,Major Banks,21,47.369998931884766,-1.435710407178048,67,85,B-
GAIA,Gaia Inc. Class A Common Stock,Movies/Entertainment,67,2.130000114440918,-65.97444031050172,13,20,E-
GAIN,Gladstone Investment Corporation Business Development Company,Finance: Consumer Services,119,16.440000534057617,-2.284263815522092,72,,D
GALT,Galectin Therapeutics Inc. Common Stock,Biotechnology: Pharmaceutical Preparations,85,4.599999904632568,-29.33948167582985,92,,A+
GAM,General American Investors Inc. Common Stock,Investment Managers,73,64.23999786376953,-1.5026116813725343,60,,D
GAMB,Gambling.com Group Limited Ordinary Shares,Services-Misc. Amusement & Recreation,89,1.8899999856948853,-83.83233487136776,5,50,E-
GAME,GameSquare Holdings Inc. Common Stock,Services-Misc. Amusement & Recreation,89,0.3382999897003174,-85.35497843808373,14,4,A
GANX,Gain Therapeutics Inc. Common Stock,Biotechnology: Pharmaceutical Preparations,85,1.7599999904632568,-57.89473534110685,34,,A+
GAP,Gap Inc. (The) Common Stock,Clothing/Shoe/Accessory Stores,87,19.799999237060547,-30.910398039995812,26,94,E
GASS,StealthGas Inc. Common Stock,Marine Transportation,9,8.710000038146973,-16.1693960506503,64,69,D-
GATX,GATX Corporation Common Stock,Transportation Services,104,180.25,-9.875440061327822,48,86,D
GAU,Galiano Gold Inc.,Mining & Quarrying of Nonmetallic Minerals (No Fuels),79,1.7999999523162842,-49.57983232561968,24,86,E
GAUZ,Gauzy Ltd. Ordinary Shares,Industrial Machinery/Components,68,0.3801000118255615,-94.85656266992163,4,,A
GBAB,Guggenheim Taxable Municipal Bond & Investment Grade Debt Trust Common Shares of Beneficial Interest,Investment Managers,73,14.199999809265137,-4.94832086705782,45,,D+
GBCI,Glacier Bancorp Inc. Common Stock,Major Banks,21,51.7599983215332,-1.4084237886892725,60,60,B-
GBDC,Golub Capital BDC Inc. Common Stock,Finance: Consumer Services,119,12.920000076293945,-7.0825314210939965,47,34,D+
GBFH,GBank Financial Holdings Inc. Common Stock,Commercial Banks,8,30.540000915527344,-30.36935592673138,37,,B
GBLI,Global Indemnity Group LLC Class A Common Stock,Property-Casualty Insurers,36,26.93000030517578,-10.691541922881276,40,,C
GBR,New Concept Energy Inc Common Stock,Oil & Gas Production,35,0.7087000012397766,-41.429753810165224,27,,D-
GBTG,Global Business Travel Group Inc. Class A Common Stock,Transportation Services,104,9.399999618530273,-1.156683572072803,86,57,A-
GBX,Greenbrier Companies Inc. (The) Common Stock,Railroads,28,48.16999816894531,-17.619015061445143,39,47,D
GCBC,Greene County Bancorp Inc. Common Stock,Banks,25,32.84000015258789,-5.2510089522118335,86,64,A
GCDT,Green Circle Decarbonize Technology Limited Ordinary Shares,Industrial Machinery/Components,68,0.6090999841690063,-89.04496420076389,4,,A+
GCL,GCL Global Holdings Ltd Ordinary Shares,Computer Software: Prepackaged Software,117,0.3808000087738037,-90.734793274856,6,,A+
GCMG,GCM Grosvenor Inc. Class A Common Stock,Investment Managers,73,13.600000381469727,-1.0189184278060925,80,68,B+
GCO,Genesco Inc. Common Stock,Clothing/Shoe/Accessory Stores,87,34.41999816894531,-19.428845539768936,72,30,D-
GCT,GigaCloud Technology Inc Class A Ordinary Shares,Catalog/Specialty Distribution,59,35.400001525878906,-31.660227707972986,54,96,D-
GCTK,GlucoTrack Inc. Common Stock,Medical/Dental Instruments,113,0.4636000096797943,-95.62228514636514,5,,A+
GCTS,GCT Semiconductor Holding Inc. Common Stock,Semiconductors,2,2.3499999046325684,-36.997321913786564,94,,A-
GD,General Dynamics Corporation Common Stock,Marine Transportation,9,372.7799987792969,-1.0878810365093528,64,59,C-
GDC,GD Culture Group Limited Common Stock,Steel/Iron Ore,46,1.4700000286102295,-99.93956834414757,1,,E-
GDDY,GoDaddy Inc. Class A Common Stock,EDP Services,125,90.86000061035156,-46.48683420510369,29,86,C+
GDEV,GDEV Inc. Ordinary Shares,EDP Services,125,12.300000190734863,-66.02209963672912,20,,C+
GDHG,Golden Heaven Group Holdings Ltd. Class A Ordinary Shares,Services-Misc. Amusement & Recreation,89,1.3799999952316284,-92.75590524672081,8,,D-
GDOT,Green Dot Corporation Class A Common Stock $0.001 par value,Finance: Consumer Services,119,13.40999984741211,-12.065574771068132,65,33,C
GDRX,GoodRx Holdings Inc. Class A Common Stock,EDP Services,125,3.0399999618530273,-40.62499941792338,51,40,B+
GDS,GDS Holdings Limited ADS,Computer Software: Programming Data Processing,111,32.79999923706055,-30.97643324685241,28,97,D-
GDTC,CytoMed Therapeutics Limited Ordinary Shares,Biotechnology: Pharmaceutical Preparations,85,0.9603999853134155,-64.29739907493594,18,,B-
GDV,Gabelli Dividend & Income Trust Common Shares of Beneficial Interest,Investment Managers,73,29.770000457763672,-0.2011380023326792,60,,D+
GDYN,Grid Dynamics Holdings Inc. Class A Common Stock,Computer Software: Prepackaged Software,117,5.909999847412109,-46.32152838735843,25,40,B-
GE,GE Aerospace Common Stock,Consumer Electronics/Appliances,122,353.4200134277344,-6.670534418667851,72,93,C
GECC,Great Elm Capital Corp. Common Stock,Finance: Consumer Services,119,5.300000190734863,-46.355782079947986,32,,D+
GEF,Greif Inc. Class A Common Stock,,,71.36000061035156,-5.501013561026236,56,36,C-
GEG,Great Elm Group Inc. Common Stock,Computer Software: Prepackaged Software,117,2.190000057220459,-29.126209771782484,45,40,A
GEHC,GE HealthCare Technologies Inc. Common Stock,Medical Electronics,128,65.30999755859375,-25.85330767512425,29,42,D
GELS,Gelteq Limited Ordinary Shares,Biotechnology: Pharmaceutical Preparations,85,0.5397999882698059,-72.3179499964115,12,,A+
GEMI,Gemini Space Station Inc. Class A Common Stock,Investment Bankers/Brokers/Service,77,4.25,-86.93111949515556,10,,B+
GEN,Gen Digital Inc. Common Stock,Computer Software: Prepackaged Software,117,26.15999984741211,-17.068279454681512,67,80,B
GENB,Generate Biomedicines Inc. Common Stock,Biotechnology: Pharmaceutical Preparations,85,14.279999732971191,-17.97817427842294,69,,B-
GENC,Gencor Industries Inc. Common Stock,Construction/Ag Equipment/Trucks,37,15.390000343322754,-6.500600247051491,51,58,B-
GENI,Genius Sports Limited Ordinary Shares,Services-Misc. Amusement & Recreation,89,6.610000133514404,-51.21771187845333,51,20,B+
GENK,GEN Restaurant Group Inc. Class A Common Stock,Restaurants,101,1.7599999904632568,-62.63269689577999,25,20,C+
GEO,Geo Group Inc (The) REIT,Homebuilding,56,30.239999771118164,-0.7548393417111887,91,86,B+
GEOS,Geospace Technologies Corporation Common Stock (Texas),Industrial Machinery/Components,68,7.190000057220459,-74.6920095183478,12,4,E+
GERN,Geron Corporation Common Stock,Biotechnology: Pharmaceutical Preparations,85,1.4199999570846558,-27.17949116096763,40,20,C
GETY,Getty Images Holdings Inc. Class A Common Stock,Business Services,80,0.7034000158309937,-70.1949132585689,13,20,A+
GEV,GE Vernova Inc. Common Stock,,,1042.5999755859375,-11.257512504866508,88,94,D
GEVO,Gevo Inc. Common Stock,Major Chemicals,59,1.4900000095367432,-46.40287680320133,23,4,D
GFAI,Guardforce AI Co. Limited Ordinary Shares,Diversified Commercial Services,97,0.3779999911785126,-73.38028150686927,12,,A+
GFF,Griffon Corporation Common Stock,Building Products,53,89.95999908447266,-7.761714128546815,67,54,D+
GFI,Gold Fields Limited American Depositary Shares,Precious Metals,113,33.529998779296875,-43.90080544453393,30,,E
GFL,GFL Environmental Inc. Subordinate voting shares no par value,Environmental Services,68,39.15999984741211,-23.230530165094354,32,40,B-
GFR,Greenfire Resources Ltd. Common Shares,Oil & Gas Production,35,6.019999980926514,-13.005781581572363,72,4,C+
GFS,GlobalFoundries Inc. Ordinary Shares,Semiconductors,2,63.939998626708984,-28.821538729920306,90,78,E+
GGAL,Grupo Financiero Galicia S.A. American Depositary Shares,Commercial Banks,8,51.40999984741211,-12.497350115900163,74,36,A-
GGB,Gerdau S.A. Common Stock,Steel/Iron Ore,46,4.489999771118164,-8.223473150658368,76,57,C-
GGG,Graco Inc. Common Stock,Fluid Controls,59,73.91999816894531,-21.778379656589454,30,48,D-
GGN,GAMCO Global Gold Natural Resources & Income Trust,Finance/Investors Services,77,4.880000114440918,-14.665682755285392,43,,E+
GGR,Gogoro Inc. Ordinary Shares,Auto Manufacturing,138,3.880000114440918,-50.88607509364267,31,20,D
GGRP,The Glimpse Group Inc. Common Stock,EDP Services,125,0.75,-58.563534601649955,34,9,B-
GGZ,Gabelli Global Small and Mid Cap Value Trust (The) Common Shares of Beneficial Interest,Investment Managers,73,15.960000038146973,-3.0376614467576224,59,,D
GH,Guardant Health Inc. Common Stock,Medical Specialities,30,158.39999389648438,-7.243666959356865,97,4,A
GHC,Graham Holdings Company Common Stock,Other Consumer Services,125,1184.31005859375,-0.46410703485804117,61,80,C
GHG,GreenTree Hospitality Group Ltd. American depositary shares each representing one Class A ordinary share,Hotels/Resorts,39,1.1799999475479126,-54.44015495551192,19,66,B
GHM,Graham Corporation Common Stock,Industrial Machinery/Components,68,102.69999694824219,-17.036920438894487,89,77,D+
GHRS,GH Research PLC Ordinary Shares,Biotechnology: Pharmaceutical Preparations,85,25.350000381469727,-11.021408967618251,93,4,B
GIB,CGI Inc. Common Stock,Professional Services,104,67.75,-33.450632397234045,26,54,E+
GIBO,GIBO Holdings Limited Class A Ordinary Shares,Computer Software: Prepackaged Software,117,28.5,-94.0,12,,A+
GIC,Global Industrial Company Common Stock,Industrial Machinery/Components,68,33.72999954223633,-9.800612209277359,56,57,B-
GIFT,Giftify Inc. Common Stock,Catalog/Specialty Distribution,59,0.8870000243186951,-29.603172140296852,26,,B
GIGM,GigaMedia Limited Ordinary Shares,Computer Software: Programming Data Processing,111,1.440000057220459,-22.580642680347797,44,20,A-
GIII,G-III Apparel Group LTD. Common Stock,Apparel,40,34.5,-3.0010887211768034,77,98,B-
GIL,Gildan Activewear Inc. Class A Sub. Vot. Common Stock,Apparel,40,51.68000030517578,-28.164226027393624,33,31,E-
GILD,Gilead Sciences Inc. Common Stock,Biotechnology: Biological Products (No Diagnostic Substances),65,131.39999389648438,-14.6247085230247,54,86,C-
GILT,Gilat Satellite Networks Ltd. Ordinary Shares,Radio And Television Broadcasting And Communications Equipment,10,11.550000190734863,-44.604316645481525,32,99,E
GIPR,Generation Income Properties Inc. Common Stock,Real Estate Investment Trusts,46,1.399999976158142,-92.47311856212168,4,4,A+
GIS,General Mills Inc. Common Stock,Packaged Foods,120,36.599998474121094,-24.627411417782895,34,58,B
GITS,Global Interactive Technologies Inc. Common Stock,Computer Software: Programming Data Processing,111,1.9600000381469727,-55.14873937127764,65,,A+
GIW,GigCapital8 Corp. Class A Ordinary Shares,,,10.109999656677246,0.0,48,,D
GIX,GigCapital9 Corp. Class A Ordinary Share,Blank Checks,73,9.9399995803833,-0.10050481480938789,47,,D+
GJH,Synthetic Fixed-Income Securities Inc 6.375% (STRATS) Cl A-1,Finance: Consumer Services,119,9.270000457763672,-3.9216166922933726,48,,E+
GJP,Synthetic Fixed-Income Securities Inc. on behalf of STRATS (SM) Trust for Dominion Resources Inc. Securities Series 2005-6 Floating Rate Structured Repackaged Asset-Backed Trust Securities (STRATS) Certificates,Finance: Consumer Services,119,24.75,0.0,50,,B-
GJR,Synthetic Fixed-Income Securities Inc. STRATS Trust for Procter&Gamble Securities Series 2006-1,Finance: Consumer Services,119,25.200000762939453,0.0,52,,B+
GJS,Goldman Sachs Group Securities STRATS Trust for Goldman Sachs Group Securities Series 2006-2,Finance: Consumer Services,119,23.719999313354492,0.0,51,,C-
GJT,Synthetic Fixed-Income Securities Inc. Floating Rate Structured Repackaged Asset-Backed Trust Securities Certificates Series 2006-3,Finance: Consumer Services,119,23.709999084472656,0.0,54,,B-
GKOS,Glaukos Corporation Common Stock,Medical/Dental Instruments,113,152.72000122070312,-1.5154485023027409,86,20,B-
GL,Globe Life Inc. Common Stock,Life Insurance,21,178.6199951171875,-0.8548004627098926,81,78,C
GLAD,Gladstone Capital Corporation Common Stock,Textiles,33,19.81999969482422,-25.421252635026914,49,58,D+
GLAS,Glass House Brands Inc. Subordinate Voting Shares,Medicinal Chemicals and Botanical Products,135,11.40999984741211,-15.991753546735342,87,4,C
GLBE,Global-E Online Ltd. Ordinary Shares,Computer Software: Prepackaged Software,117,38.68000030517578,-6.996873856060892,66,99,B
GLBS,Globus Maritime Limited Common Stock,Marine Transportation,9,2.765000104904175,-12.776024026575328,95,,A
GLDG,GoldMining Inc. Common Shares,Precious Metals,113,0.8440999984741211,-60.55607677122434,19,,E-
GLE,Global Engine Group Holding Limited Class A Ordinary Shares,EDP Services,125,0.4259999990463257,-88.16666637968133,29,,A+
GLIBA,Liberty Capital Corporation Series A GCI Group Common Stock,Cable & Other Pay Television Services,104,22.229999542236328,-44.7427298156002,14,,A
GLIBK,Liberty Capital Corporation Series C GCI Group Common Stock,Cable & Other Pay Television Services,104,22.0,-45.0549463112812,14,,B-
GLMD,Galmed Pharmaceuticals Ltd. Ordinary Shares,Biotechnology: Pharmaceutical Preparations,85,0.5368000268936157,-76.96137148194445,10,,A-
GLND,Greenland Energy Company Common Stock,Oil & Gas Production,35,2.200000047683716,-83.07692271012526,4,,E-
GLNG,Golar Lng Ltd,Marine Transportation,9,51.06999969482422,-10.516162034150211,69,49,D-
GLOB,Globant S.A. Common Shares,EDP Services,125,32.119998931884766,-65.57342134912223,12,56,B-
GLOO,Gloo Holdings Inc. Class A Common Stock,EDP Services,125,3.1600000858306885,-66.73684120178223,9,20,E-
GLPI,Gaming and Leisure Properties Inc. Common Stock,Real Estate Investment Trusts,46,44.040000915527344,-8.586732258248164,43,71,E+
GLRE,Greenlight Capital Re Ltd. Class A Ordinary Shares,Property-Casualty Insurers,36,17.1299991607666,-9.842109680175781,64,4,C-
GLSI,Greenwich LifeSciences Inc. Common Stock,Biotechnology: Pharmaceutical Preparations,85,18.56999969482422,-44.67451078622317,61,4,E-
GLU,Gabelli Global Utility Common Shares of Beneficial Ownership,Finance/Investors Services,77,19.469999313354492,-7.904752178219265,56,,D
GLUE,Monte Rosa Therapeutics Inc. Common Stock,Biotechnology: Biological Products (No Diagnostic Substances),65,21.979999542236328,-13.156854974204823,96,4,A-
GLW,Corning Incorporated Common Stock,Telecommunications Equipment,73,183.11000061035156,-28.38593653957474,96,89,C-
GLXG,Galaxy Payroll Group Limited Class A Ordinary Shares,Diversified Commercial Services,97,1.2999999523162842,-81.40200293442459,9,,A+
GLXY,Galaxy Digital Inc. Class A Common Stock,Investment Bankers/Brokers/Service,77,23.350000381469727,-45.52029853254312,39,20,E+
GM,General Motors Company Common Stock,Auto Manufacturing,138,76.72000122070312,-10.7798605301494,66,86,D-
GMAB,Genmab A/S ADS,Biotechnology: Pharmaceutical Preparations,85,28.799999237060547,-18.50594478576546,48,,D+
GME,GameStop Corporation Common Stock,Electronics Distribution,,22.030000686645508,-20.44059132628232,39,92,D-
GMED,Globus Medical Inc. Class A Common Stock,Medical/Dental Instruments,113,79.75,-17.630654563756153,54,96,D-
GMEX,GMEX ROBOTICS CORPORATION Class A Ordinary Shares,Recreational Games/Products/Toys,93,1.8700000047683716,-99.97134890113333,1,,E-
GMHS,Gamehaus Holdings Inc. Class A Ordinary Shares,EDP Services,125,0.9031000137329102,-60.56331752066328,23,,B
GMM,Global Mofy AI Limited Class A Ordinary Shares,Computer Software: Programming Data Processing,111,3.450000047683716,-97.61245671440574,1,,A+
GMTL,Guardian Metal Resources PLC ADS,Metal Mining,97,11.15999984741211,-45.93023169850879,20,,E
GNE,Genie Energy Ltd. Class B Common Stock Stock,Power Generation,51,14.039999961853027,-34.995208316370515,34,,D+
GNK,Genco Shipping & Trading Limited Ordinary Shares New (Marshall Islands),Marine Transportation,9,25.350000381469727,-5.039052326867067,85,91,C-
GNL,Global Net Lease Inc. Common Stock,Real Estate Investment Trusts,46,8.819999694824219,-9.669088920143775,55,4,D-
GNLN,Greenlane Holdings Inc. Class A Common Stock,Durable Goods,130,2.4300999641418457,-93.85096170042058,6,,A
GNLX,Genelux Corporation Common Stock,Biotechnology: Pharmaceutical Preparations,85,2.9600000381469727,-64.07766844215213,42,,D
GNPX,Genprex Inc. Common Stock,Biotechnology: Pharmaceutical Preparations,85,0.5351999998092651,-98.72571428616843,3,33,E
GNRC,Generac Holdlings Inc. Common Stock,Metal Fabrications,45,226.9499969482422,-23.208367602877043,81,55,E
GNS,Genius Group Limited Ordinary Shares,Services-Misc. Amusement & Recreation,89,0.18850000202655792,-88.06962044894972,5,,A
GNSS,Genasys Inc. Common Stock,Consumer Electronics/Appliances,122,1.659999966621399,-35.658914119777066,27,32,C-
GNT,GAMCO Natural Resources Gold & Income Trust,Finance/Investors Services,77,8.170000076293945,-9.312378699307244,62,,C+
GNTA,Genenta Science S.p.A. American Depositary Shares,Biotechnology: Biological Products (No Diagnostic Substances),65,1.3200000524520874,-78.70967591838455,62,,A+
GNTX,Gentex Corporation Common Stock,Auto Parts:O.E.M.,59,23.90999984741211,-16.05409459522805,49,57,D
GNW,Genworth Financial Inc Common Stock,Life Insurance,21,9.5600004196167,-0.520283442734637,63,41,C-
GO,Grocery Outlet Holding Corp. Common Stock,Food Chains,50,9.90999984741211,-46.891747435965314,55,20,C+
GOAI,Eva Live Inc. Common Stock,Computer Software: Programming Data Processing,111,2.5299999713897705,-66.79790013928401,8,,B-
GOGO,Gogo Inc. Common Stock,Telecommunications Equipment,73,3.5399999618530273,-78.59734119766728,12,45,E
GOLD,Gold.com Inc. Common Stock,Other Specialty Stores,113,38.040000915527344,-40.187894295513345,67,75,E+
GOLF,Acushnet Holdings Corp. Common Stock,Recreational Games/Products/Toys,93,109.13999938964844,-7.922044618537994,77,45,B
GOOD,Gladstone Commercial Corporation Real Estate Investment Trust,Real Estate,89,12.539999961853027,-2.046300479706431,58,,C-
GOOG,Alphabet Inc. Class C Capital Stock,Computer Software: Programming Data Processing,111,350.6700134277344,-12.068700059795479,83,95,D-
GOOGL,Alphabet Inc. Class A Common Stock,Computer Software: Programming Data Processing,111,352.510009765625,-12.39368269383111,83,95,D-
GOOS,Canada Goose Holdings Inc. Subordinate Voting Shares,Apparel,40,9.5600004196167,-37.270337511853654,22,42,E+
GORO,Gold Resource Corporation Common Stock,Precious Metals,113,1.2799999713897705,-26.43678365665313,79,,B-
GOSS,Gossamer Bio Inc. Common Stock,Biotechnology: Pharmaceutical Preparations,85,0.14409999549388885,-96.19788926268393,2,20,E-
GOTU,Gaotu Techedu Inc. American Depositary Shares,Other Consumer Services,125,1.8300000429153442,-54.13533737991606,20,9,C-
GOVX,GeoVax Labs Inc. Common Stock,Biotechnology: Pharmaceutical Preparations,85,1.1100000143051147,-94.78260853486307,7,,A+
GP,GreenPower Motor Company Inc. Common Shares,Construction/Ag Equipment/Trucks,37,1.4700000286102295,-67.33333269755046,63,,A
GPC,Genuine Parts Company Common Stock,Automotive Aftermarket,133,123.5199966430664,-15.577150429195196,53,39,B+
GPCR,Structure Therapeutics Inc. American Depositary Shares,Biotechnology: Pharmaceutical Preparations,85,51.63999938964844,-44.94082643611617,87,20,B
GPGI,GPGI Inc. Class A Common Stock,Finance: Consumer Services,119,14.260000228881836,-45.13357146332526,26,20,D+
GPI,Group 1 Automotive Inc. Common Stock,Retail-Auto Dealers and Gas Stations,117,295.6600036621094,-39.16104397583193,21,64,E+
GPK,Graphic Packaging Holding Company,Containers/Packaging,56,10.380000114440918,-54.360130073528026,23,43,C-
GPMT,Granite Point Mortgage Trust Inc. Common Stock,Real Estate Investment Trusts,46,1.309999942779541,-52.98059625445909,20,20,E
GPN,Global Payments Inc. Common Stock,Business Services,80,76.8499984741211,-13.49910531118914,50,37,C
GPOR,Gulfport Energy Corporation Common Shares,Oil & Gas Production,35,154.47999572753906,-30.56766959705729,26,90,C-
GPRE,Green Plains Inc. Common Stock,Major Chemicals,59,17.309999465942383,-5.150687857849956,91,63,C-
GPRK,Geopark Ltd Common Shares,Oil & Gas Production,35,10.0,-15.110354612225729,80,69,C+
GPRO,GoPro Inc. Class A Common Stock,Industrial Machinery/Components,68,0.7110000252723694,-75.31250010348029,18,20,E
GPUS,Hyperscale Data Inc. Common Stock,Industrial Machinery/Components,68,0.1274999976158142,-89.1025639066251,8,,E-
GRAB,Grab Holdings Limited Class A Ordinary Shares,Business Services,80,3.940000057220459,-38.914725988660884,31,92,C+
GRAF,Graf Global Corp. Class A ordinary shares,,,10.800000190734863,-4.424778686375264,47,,E
GRAL,GRAIL Inc. Common Stock,Medical Specialities,30,71.80000305175781,-38.13544325166037,81,20,C+
GRAN,Grande Group Limited Class A Ordinary Shares,Finance: Consumer Services,119,1.409999966621399,-76.83968449169338,15,,A+
GRBK,Green Brick Partners Inc. Common Stock,Homebuilding,56,71.9000015258789,-10.78296960776257,55,45,C
GRC,Gorman-Rupp Company (The) Common Stock,Fluid Controls,59,78.5999984741211,-14.32308665317482,90,91,E+
GRCE,Grace Therapeutics Inc. Common Stock,Biotechnology: Pharmaceutical Preparations,85,2.430000066757202,-52.631578702761296,19,,E
GRDN,Guardian Pharmacy Services Inc. Class A Common Stock,Retail-Drug Stores and Proprietary Stores,137,40.290000915527344,-7.165899771909235,85,77,C+
GRDX,GridAI Technologies Corp. Common Stock,Biotechnology: Pharmaceutical Preparations,85,4.070000171661377,-40.14705797792721,93,,A
GREE,Greenidge Generation Holdings Inc. Class A Common Stock,Finance: Consumer Services,119,2.0299999713897705,-9.777779049343538,83,,A
GRFS,Grifols S.A. American Depositary Shares,Biotechnology: Pharmaceutical Preparations,85,7.199999809265137,-32.058849626887095,25,,D-
GRI,GRI Bio Inc. Common Stock,Biotechnology: Pharmaceutical Preparations,85,1.6200000047683716,-97.43994937417986,5,20,E+
GRML,Greenland Mines Ltd. Common Stock,Biotechnology: Biological Products (No Diagnostic Substances),65,0.20999999344348907,-84.55882417392566,7,,E-
GRMN,Garmin Ltd. Common Stock (Switzerland),Industrial Machinery/Components,68,243.61000061035156,-8.534286755664922,49,74,D+
GRND,Grindr Inc. Common Stock,Computer Software: Programming Data Processing,111,15.649999618530273,-28.440790955731632,65,,A-
GRNQ,Greenpro Capital Corp. Common Stock,EDP Services,125,1.399999976158142,-53.79537988853498,17,,A+
GRNT,Granite Ridge Resources Inc. Common Stock,Oil & Gas Production,35,4.659999847412109,-21.994630386495317,35,29,D
GRO,Brazil Potash Corp. Common Shares,Mining & Quarrying of Nonmetallic Minerals (No Fuels),79,2.2100000381469727,-43.187661219834,40,,E-
GROV,Grove Collaborative Holdings Inc. Class A Common Stock,Catalog/Specialty Distribution,59,1.0800000429153442,-31.210190647538006,22,20,E
GROW,U.S. Global Investors Inc. Class A Common Stock,Investment Managers,73,2.940000057220459,-17.174151210380373,70,29,B+
GROY,Gold Royalty Corp. Common Shares,Precious Metals,113,2.559999942779541,-50.86372506649637,20,,E
GRPN,Groupon Inc. Common Stock,Advertising,109,23.540000915527344,-36.18866547844723,86,20,B+
GRRR,Gorilla Technology Group Inc. Ordinary shares,Computer Software: Prepackaged Software,117,16.489999771118164,-24.288341362500177,69,,C+
GRVY,GRAVITY Co. Ltd. American Depository Shares,Business Services,80,63.20000076293945,-13.40093470010093,51,,B-
GRWG,GrowGeneration Corp. Common Stock,RETAIL: Building Materials,112,1.4500000476837158,-34.090908352008555,70,4,B+
GRX,The Gabelli Healthcare & Wellness Trust Common Shares of Beneficial Interest,Finance/Investors Services,77,9.5600004196167,-1.341580664562414,55,,C
GS,Goldman Sachs Group Inc. (The) Common Stock,Investment Bankers/Brokers/Service,77,1045.9100341796875,-5.464714444926355,78,76,D+
GSAT,Globalstar Inc. Common Stock,Telecommunications Equipment,73,79.83000183105469,-5.448298540203966,92,4,C
GSBC,Great Southern Bancorp Inc. Common Stock,Major Banks,21,77.55000305175781,-4.4480044941606405,74,51,C+
GSBD,Goldman Sachs BDC Inc. Common Stock,Investment Managers,73,8.8100004196167,-13.723043456414796,44,31,E+
GSHD,Goosehead Insurance Inc. Class A Common Stock,Specialty Insurers,91,54.869998931884766,-46.949628956794086,40,94,A-
GSIT,GSI Technology Common Stock,Semiconductors,2,6.059999942779541,-53.27679400142544,59,20,C
GSIW,Garden Stage Limited Class A Ordinary Shares,Investment Bankers/Brokers/Service,77,27.299999237060547,-92.1098268100981,40,,C+
GSK,GSK plc American Depositary Shares (Each representing two Ordinary Shares),Biotechnology: Pharmaceutical Preparations,85,52.290000915527344,-13.056243800326417,59,45,D
GSL,Global Ship Lease Inc New Class A Common Shares,Marine Transportation,9,40.810001373291016,-2.0036041608060606,79,47,D+
GSM,Ferroglobe PLC Ordinary Shares,Metal Mining,97,3.299999952316284,-39.99911133575772,19,20,E
GSUN,Golden Sun Technology Group Limited Class A Ordinary Shares,Other Consumer Services,125,0.3540000021457672,-88.79746859080515,7,,A+
GT,The Goodyear Tire & Rubber Company Common Stock,Automotive Aftermarket,133,6.639999866485596,-42.4610061660747,26,43,B-
GTBP,GT Biopharma Inc. Common Stock,Biotechnology: Pharmaceutical Preparations,85,0.38769999146461487,-82.61435030723922,15,4,B
GTE,Gran Tierra Energy Inc. Common Stock,Oil & Gas Production,35,6.679999828338623,-29.758152812115735,76,,D
GTEC,Greenland Technologies Holding Corporation Class A Ordinary Shares,Industrial Machinery/Components,68,0.5533999800682068,-72.33000099658966,12,,B-
GTEN,Gores Holdings X Inc. Class A ordinary shares,,,10.494999885559082,-0.6155353359349247,49,,C-
GTES,Gates Industrial Corporation plc Ordinary Shares,Industrial Machinery/Components,68,26.239999771118164,-9.57960249067391,54,49,D+
GTIM,Good Times Restaurants Inc. Common Stock,Restaurants,101,1.440000057220459,-29.064035590374328,51,99,B
GTLB,GitLab Inc. Class A Common Stock,Computer Software: Prepackaged Software,117,33.470001220703125,-34.42397997582929,68,20,B-
GTLS,Chart Industries Inc. Common Stock,Metal Fabrications,45,209.7899932861328,-0.038119708827366594,54,30,D
GTM,ZoomInfo Technologies Inc Common Stock,Computer Software: Prepackaged Software,117,3.0799999237060547,-74.7540985913214,7,88,C-
GTN,Gray Media Inc. Common Stock,Broadcasting,97,3.9000000953674316,-35.78628636534792,23,20,D-
GTX,Garrett Motion Inc. Common Stock,Auto Parts:O.E.M.,59,31.5,-13.055477786363678,96,67,C+
GTY,Getty Realty Corporation Common Stock,Real Estate,89,34.459999084472656,-0.37583425134939397,73,72,C-
GURE,Gulf Resources Inc. (NV) Common Stock,Major Chemicals,59,3.7920000553131104,-53.699630652048945,19,91,D-
GUTS,Fractyl Health Inc. Common Stock,Medical/Dental Instruments,113,0.7616999745368958,-67.86075901614608,38,63,D+
GV,Visionary Holdings Inc. Common Shares,Other Consumer Services,125,0.1770000010728836,-93.67857128260087,5,,A
GVA,Granite Construction Incorporated Common Stock,Military/Government/Technical,101,118.73999786376953,-25.907355255142427,52,36,E
GVH,Globavend Holdings Limited Ordinary Shares,Integrated Freight & Logistics,141,4.619999885559082,-72.16867602776502,92,,A+
GWAV,Greenwave Technology Solutions Inc. Common Stock,Metal Fabrications,45,2.940000057220459,-90.78369876997536,11,,A
GWH,ESS Tech Inc. Common Stock,Industrial Machinery/Components,68,0.8059999942779541,-91.09392290286232,11,4,B
GWRE,Guidewire Software Inc. Common Stock,Computer Software: Prepackaged Software,117,140.30999755859375,-46.42202728635948,31,54,C-
GWRS,Global Water Resources Inc. Common Stock,Water Supply,73,7.110000133514404,-33.533325095625166,25,,B-
GWW,W.W. Grainger Inc. Common Stock,Office Equipment/Supplies/Services,56,1391.6800537109375,0.0,81,83,B-
GXAI,Gaxos.ai Inc. Common Stock,Computer Software: Prepackaged Software,117,1.1200000047683716,-59.42028954208861,29,,A+
GXO,GXO Logistics Inc. Common Stock,Transportation Services,104,48.9900016784668,-25.308729358525962,33,81,D
GYRE,Gyre Therapeutics Inc. Common Stock,Biotechnology: Pharmaceutical Preparations,85,6.340000152587891,-28.523108969710254,28,31,D+
GYRO,Gyrodyne LLC Common Stock,Building operators,85,6.230000019073486,-41.9925497966294,19,,E-
H,Hyatt Hotels Corporation Class A Common Stock,Hotels/Resorts,39,184.72000122070312,-8.595178104781198,71,52,D+
HAE,Haemonetics Corporation Common Stock,Medical/Dental Instruments,113,76.88999938964844,-11.78293235538902,73,32,B-
HAFC,Hanmi Financial Corporation Common Stock,Major Banks,21,32.279998779296875,-2.7124819698645775,75,60,C+
HAFN,Hafnia Limited Common Shares,Transportation Services,104,7.320000171661377,-19.651020606630574,76,73,D-
HAIN,Hain Celestial Group Inc. (The) Common Stock,Packaged Foods,120,0.5623999834060669,-73.84186239722219,9,20,E
HAL,Halliburton Company Common Stock,Oilfield Services/Equipment,10,35.209999084472656,-17.729663916029814,74,79,E+
HALO,Halozyme Therapeutics Inc. Common Stock,Biotechnology: Biological Products (No Diagnostic Substances),65,76.11000061035156,-6.6936362693392315,67,79,B-
HAO,Haoxi Health Technology Limited Class A Ordinary Shares,Advertising,109,0.265500009059906,-99.87036132563298,1,,E-
HAPN,Happen Inc. Common Stock,Finance: Consumer Services,119,19.610000610351562,-9.128819834658152,79,77,D+
HAS,Hasbro Inc. Common Stock,Recreational Games/Products/Toys,93,79.52999877929688,-23.7925644763449,40,51,E+
HASI,HA Sustainable Infrastructure Capital Inc. Common Stock,Finance/Investors Services,77,37.900001525878906,-11.517873904978625,69,36,D
HAYW,Hayward Holdings Inc. Common Stock,Industrial Machinery/Components,68,15.579999923706055,-9.994220656332898,50,54,C-
HBAN,Huntington Bancshares Incorporated Common Stock,Major Banks,21,17.93000030517578,-5.158410593300456,56,42,C-
HBB,Hamilton Beach Brands Holding Company Class A Common Stock,Home Furnishings,42,21.719999313354492,-5.688238533360757,73,81,B+
HBCP,Home Bancorp Inc. Common Stock,Banks,25,68.8499984741211,-2.561569620974813,68,81,C+
HBIO,Harvard Bioscience Inc. Common Stock,Biotechnology: Laboratory Analytical Instruments,59,6.119999885559082,-22.531647953423995,80,9,B-
HBM,Hudbay Minerals Inc. Ordinary Shares (Canada),Metal Mining,97,20.8700008392334,-34.49765480470953,69,,E+
HBNB,Hotel101 Global Holdings Corp. Class A Ordinary Shares,Hotels/Resorts,39,5.300000190734863,-46.99999809265136,59,,A-
HBNC,Horizon Bancorp Inc. Common Stock,Major Banks,21,19.75,-2.8051166505155267,71,33,B
HBT,HBT Financial Inc. Common Stock,Major Banks,21,32.040000915527344,-2.1380596428003384,74,43,B-
HCA,HCA Healthcare Inc. Common Stock,Hospital/Nursing Management,66,390.739990234375,-28.07120832222885,31,61,E+
HCAI,Huachen AI Parking Management Technology Holding Co. Ltd. Class A Ordinary Shares,Miscellaneous manufacturing industries,122,7.75,-71.92029024317243,24,,A+
HCAT,Health Catalyst Inc Common Stock,Computer Software: Programming Data Processing,111,2.2899999618530273,-44.00978297264704,85,97,A+
HCC,Warrior Met Coal Inc. Common Stock,Coal Mining,108,82.12000274658203,-25.534998498749882,62,95,E+
HCI,HCI Group Inc. Common Stock,Property-Casualty Insurers,36,182.9499969482422,-10.695070699857045,66,72,B
HCIC,Hennessy Capital Investment Corp. VIII Class A Ordinary Shares,,,9.979999542236328,-0.2000045776367143,47,,D+
HCKT,Hackett Group Inc (The). Common Stock,Professional Services,104,10.609999656677246,-55.55531097964557,15,65,C-
HCM,HUTCHMED (China) Limited American Depositary Shares,Biotechnology: Pharmaceutical Preparations,85,11.140000343322754,-42.009365568751335,19,,D
HCSG,Healthcare Services Group Inc. Common Stock,Hospital/Nursing Management,66,24.040000915527344,-4.413513796577129,85,86,B-
HCTI,Healthcare Triangle Inc. Common Stock,EDP Services,125,1.7699999809265137,-99.82829870146497,4,,A+
HCWB,HCW Biologics Inc. Common Stock,Biotechnology: Pharmaceutical Preparations,85,4.420000076293945,-87.76301160852967,44,63,A+
HCWC,Healthy Choice Wellness Corp. Class A Common Stock,Food Chains,50,0.18700000643730164,-79.89247258074202,11,,A+
HD,Home Depot Inc. (The) Common Stock,RETAIL: Building Materials,112,337.1099853515625,-18.728313475769433,40,44,C
HDB,HDFC Bank Limited Common Stock,Commercial Banks,8,26.40999984741211,-32.2549102110471,28,75,C
HDL,SUPER HI INTERNATIONAL HOLDING LTD. American Depositary Shares,Restaurants,101,12.329999923706055,-39.73606805748372,20,56,E+
HDRN,Hadron Energy Inc. Common Stock,Electric Utilities: Central,59,1.9500000476837158,-83.36177471625545,2,,E-
HDSN,Hudson Technologies Inc. Common Stock,Industrial Specialties,88,6.199999809265137,-40.613026259934905,30,34,B
HE,Hawaiian Electric Industries Inc. Common Stock,Electric Utilities: Central,59,13.5,-20.960187000570308,51,51,D
HEI,Heico Corporation Common Stock,Aerospace,93,344.1099853515625,-5.803293736474013,60,85,B-
HEI-A,Heico Corporation,,,249.3000030517578,-9.670905618263037,51,81,B-
HELE,Helen of Troy Limited Common Stock,Home Furnishings,42,27.739999771118164,-7.099801727728227,84,36,B
HELP,Cybin Inc. Common Stock,Biotechnology: Pharmaceutical Preparations,85,6.699999809265137,-23.07692560365887,57,,A
HEPS,D-Market Electronic Services & Trading American Depositary Shares,Catalog/Specialty Distribution,59,2.9600000381469727,-10.030392934113863,58,20,B+
HERE,Here Group Limited American Depositary Shares,Other Consumer Services,125,1.7899999618530273,-84.70085477748862,6,96,E
HESM,Hess Midstream LP Class A Representing Limited Partner Interests,Oil & Gas Production,35,39.209999084472656,-3.7318941194375843,62,56,D+
HFBL,Home Federal Bancorp Inc. of Louisiana Common Stock,Savings Institutions,15,22.229999542236328,-2.9257645740386473,85,76,C+
HFFG,HF Foods Group Inc. Common Stock,Food Distributors,19,1.690000057220459,-54.44743827914997,19,31,E-
HFWA,Heritage Financial Corporation Common Stock,Banks,25,29.809999465942383,-1.389348602890761,70,56,C
HG,Hamilton Insurance Group Ltd. Class B Common Shares,Property-Casualty Insurers,36,35.150001525878906,0.0,85,94,B
HGBL,Heritage Global Inc. Common Stock,Business Services,80,1.2400000095367432,-44.88888846503364,25,47,E+
HGTY,Hagerty Inc. Class A Common Stock,Specialty Insurers,91,12.470000267028809,-9.768447594836083,58,40,B
HGV,Hilton Grand Vacations Inc. Common Stock,Hotels/Resorts,39,49.66999816894531,-9.179010027094881,59,82,D+
HHH,Howard Hughes Holdings Inc. Common Stock,Real Estate Investment Trusts,46,71.66999816894531,-20.233723554722204,45,41,C+
HHS,Harte Hanks Inc. Common Stock,Advertising,109,2.4149999618530273,-38.23529644910596,27,20,B+
HIFS,Hingham Institution for Savings Common Stock,Banks,25,289.57000732421875,-12.947054809438452,45,,D-
HIG,The Hartford Insurance Group Inc. Common Stock,Property-Casualty Insurers,36,140.77999877929688,-1.0291993189089021,55,93,C-
HIHO,Highway Holdings Limited Common Stock,Metal Fabrications,45,0.8500000238418579,-51.97739926545525,21,,A+
HII,Huntington Ingalls Industries Inc. Common Stock,Marine Transportation,9,284.8599853515625,-36.94701938754329,30,48,E
HIMS,Hims & Hers Health Inc. Class A Common Stock,Medical/Nursing Services,25,34.380001068115234,-48.05076925116536,68,40,B+
HIMX,Himax Technologies Inc. American Depositary Shares,Semiconductors,2,14.270000457763672,-39.970418445641286,92,35,B+
HIND,Vyome Holdings Inc. Common Stock,Medical/Dental Instruments,113,2.240000009536743,-85.71428593150381,16,,C
HIPO,Hippo Holdings Inc. Common Stock,Property-Casualty Insurers,36,29.68000030517578,-21.585200788135637,49,99,A-
HIT,Health In Tech Inc. Class A Common Stock,Specialty Insurers,91,1.059999942779541,-71.88329050020218,18,37,E+
HITI,High Tide Inc. Common Shares,Other Specialty Stores,113,2.180000066757202,-45.22612923844434,28,35,A
HIVE,HIVE Digital Technologies Ltd. Common Shares,Finance: Consumer Services,119,3.190000057220459,-54.16666609574096,71,4,B
HIW,Highwoods Properties Inc. Common Stock,Real Estate Investment Trusts,46,31.329999923706055,-2.3683397484201785,75,45,B+
HKD,AMTD Digital Inc. American Depositary Shares (every five of which represent two Class A Ordinary Shares),Finance: Consumer Services,119,1.5199999809265137,-48.47457775060076,37,,D
HKIT,Hitek Global Inc. Class A Ordinary Share,Computer Software: Prepackaged Software,117,3.9200000762939453,-99.97481124448969,1,,A+
HKPD,Cellyan Biotechnology Co. Ltd Class A Ordinary Shares,Other Pharmaceuticals,139,0.43050000071525574,-75.25862078415322,10,,A+
HL,Hecla Mining Company Common Stock,Mining & Quarrying of Nonmetallic Minerals (No Fuels),79,15.25,-52.03860430123343,72,40,D
HLF,Herbalife Ltd. Common Shares,Other Pharmaceuticals,139,13.100000381469727,-34.368732553397166,54,52,D+
HLI,Houlihan Lokey Inc. Class A Common Stock,Investment Managers,73,132.52000427246094,-35.882872376231425,23,50,D+
HLIO,Helios Technologies Inc. Common Stock,Metal Fabrications,45,79.69999694824219,-14.0617850608033,88,88,D
HLIT,Harmonic Inc. Common Stock,Radio And Television Broadcasting And Communications Equipment,10,13.670000076293945,-20.105204040591406,85,67,B
HLLY,Holley Inc. Common Stock,Auto Parts:O.E.M.,59,2.5299999713897705,-42.36901940010408,27,42,B
HLMN,Hillman Solutions Corp. Common Stock,Industrial Machinery/Components,68,7.860000133514404,-26.81563965530622,33,55,C
HLN,Haleon plc American Depositary Shares (Each representing two Ordinary Shares),Package Goods/Cosmetics,80,9.859999656677246,-11.350955405383855,48,,C-
HLNE,Hamilton Lane Incorporated Class A Common Stock,Investment Managers,73,81.05999755859375,-48.57677743102074,19,60,D-
HLP,Hongli Group Inc. Ordinary Shares,Industrial Machinery/Components,68,1.159999966621399,-32.16374615532621,83,,A+
HLT,Hilton Worldwide Holdings Inc. Common Stock,Hotels/Resorts,39,322.45001220703125,-7.929298417245922,59,76,E
HLX,Helix Energy Solutions Group Inc. Common Stock,Oilfield Services/Equipment,10,9.520000457763672,-9.763030467769562,76,30,D
HMC,Honda Motor Company Ltd. Common Stock,Auto Manufacturing,138,27.84000015258789,-20.114773682812892,46,,C+
HMH,HMH Holding Inc. Class A Common Stock,Oil and Gas Field Machinery,32,19.90999984741211,-17.93075160935488,52,,B-
HMN,Horace Mann Educators Corporation Common Stock,Property-Casualty Insurers,36,52.540000915527344,-2.919434677642918,74,,C+
HMR,Heidmar Maritime Holdings Corp. Common Stock,Marine Transportation,9,1.100000023841858,-32.51533576320384,56,,A
HMY,Harmony Gold Mining Company Limited,Precious Metals,113,14.989999771118164,-41.32728490434291,33,,D
HNGE,Hinge Health Inc. Class A Common Stock,EDP Services,125,90.0,0.0,97,31,A
HNI,HNI Corporation Common Stock,Office Equipment/Supplies/Services,56,39.709999084472656,-23.009622929953267,43,51,B
HNNA,Hennessy Advisors Inc. Common Stock,Investment Managers,73,10.029999732971191,-18.031491718132663,44,46,C
HNRG,Hallador Energy Company Common Stock,Electric Utilities: Central,59,16.68000030517578,-29.9453982389428,45,,C-
HNST,The Honest Company Inc. Common Stock,Catalog/Specialty Distribution,59,3.9000000953674316,-21.212116249628398,71,20,B-
HNVR,Hanover Bancorp Inc. Common Stock,Major Banks,21,24.510000228881836,0.0,59,53,B-
HODO,House of Doge Inc. Common Stock,Services-Misc. Amusement & Recreation,89,1.2200000286102295,-93.64583343681362,3,,E-
HOFT,Hooker Furnishings Corporation Common Stock,Home Furnishings,42,14.960000038146973,-16.096466056307968,78,52,A-
HOG,Harley-Davidson Inc. Common Stock,Motor Vehicles,125,25.389999389648438,-15.510066907495146,59,35,D+
HOLO,MicroCloud Hologram Inc. Ordinary Shares,Computer Software: Programming Data Processing,111,1.4500000476837158,-79.01591780458924,9,,D-
HOMB,Home BancShares Inc. Common Stock,Major Banks,21,29.100000381469727,-3.431750769449282,51,56,C
HON,Honeywell International Inc. Common Stock,Aerospace,93,222.25,-14.094496799018863,43,42,D-
HOOD,Robinhood Markets Inc. Class A Common Stock,Investment Bankers/Brokers/Service,77,109.86000061035156,-27.941757987369208,71,72,A-
HOPE,Hope Bancorp Inc. Common Stock,Major Banks,21,13.4399995803833,-3.724931635692863,69,57,C-
HOUR,Hour Loop Inc. Common Stock,Catalog/Specialty Distribution,59,2.069999933242798,-63.684210482286495,55,,A
HOV,Hovnanian Enterprises Inc. Class A Common Stock,Homebuilding,56,125.30000305175781,-19.761782714301656,63,30,B-
HOVNP,Hovnanian Enterprises Inc Dep Shr Srs A Pfd,Homebuilding,56,20.600000381469727,-3.706361603560615,62,,C-
HOVR,New Horizon Aircraft Ltd. Class A Ordinary Share,Aerospace,93,1.7200000286102295,-56.010230412953774,35,38,E
HOWL,Werewolf Therapeutics Inc. Common Stock,Biotechnology: Pharmaceutical Preparations,85,0.34150001406669617,-84.4063924591798,6,20,E+
HP,Helmerich & Payne Inc. Common Stock,Oil & Gas Production,35,33.970001220703125,-18.203702819183533,81,20,E+
HPAI,Helport AI Limited Ordinary Shares,Computer Software: Prepackaged Software,117,0.6266000270843506,-87.71372472938323,4,,A+
HPE,Hewlett Packard Enterprise Company Common Stock,Retail: Computer Software & Peripheral Equipment,40,47.2400016784668,-15.622064386564405,96,63,A
HPK,HighPeak Energy Inc. Common Stock,Oil & Gas Production,35,7.349999904632568,-28.186579716929437,68,4,C-
HPP,Hudson Pacific Properties Inc. Common Stock,Real Estate,89,15.40999984741211,-28.292228890003855,92,4,A-
HPQ,HP Inc. Common Stock,Computer Manufacturing,12,24.770000457763672,-14.548117051569086,70,55,B
HQ,Horizon Quantum Holdings Ltd. Class A Ordinary Shares,EDP Services,125,21.3799991607666,-44.308414950036315,97,,A+
HQH,abrdn Healthcare Investors Shares of Beneficial Interest,Finance Companies,53,21.1200008392334,-4.391124068149244,76,,C
HQI,HireQuest Inc. Common Stock (DE),Professional Services,104,12.949999809265137,-8.674192309161565,81,47,A-
HQL,abrdn Life Sciences Investors Shares of Beneficial Interest,Investment Managers,73,19.8799991607666,-4.560733396154659,83,,B-
HQY,HealthEquity Inc. Common Stock,Business Services,80,95.66000366210938,-9.27541592644755,58,92,B-
HR,Healthcare Realty Trust Incorporated Common Stock,Real Estate Investment Trusts,46,20.809999465942383,0.0,76,20,C
HRB,H&R Block Inc. Common Stock,Other Consumer Services,125,40.86000061035156,-24.726905686808752,54,71,B-
HRI,Herc Holdings Inc. Common Stock,Misc Corporate Leasing Services,15,147.7100067138672,-17.644018619998015,72,43,B
HRL,Hormel Foods Corporation Common Stock,Meat/Poultry/Fish,80,24.459999084472656,-15.82248033108382,56,67,C-
HRMY,Harmony Biosciences Holdings Inc. Common Stock,Biotechnology: Pharmaceutical Preparations,85,35.540000915527344,-12.268569765316538,66,59,B
HROW,Harrow Inc. Common Stock,Biotechnology: Pharmaceutical Preparations,85,41.810001373291016,-23.704375993831327,60,20,B-
HRTG,Heritage Insurance Holdings Inc. Common Stock,Property-Casualty Insurers,36,28.389999389648438,-8.831085593772215,63,85,B
HRTX,Heron Therapeutics Inc. Common Stock,Biotechnology: Pharmaceutical Preparations,85,0.41690000891685486,-80.87614696558231,5,20,E
HRZN,Horizon Technology Finance Corporation Common Stock,Finance: Consumer Services,119,4.659999847412109,-33.7515334747098,34,63,C-
HSAI,Hesai Group American Depositary Share,Industrial Machinery/Components,68,15.130000114440918,-49.22818623557343,14,99,D-
HSBC,HSBC Holdings plc. Common Stock,Savings Institutions,15,98.08999633789062,-1.0091836077882776,81,,D+
HSCS,HeartSciences Inc. Common Stock,Industrial Specialties,88,2.640000104904175,-39.310341085463364,34,11,A+
HSDT,Solana Company Class A Common Stock (DE),Biotechnology: Electromedical & Electrotherapeutic Apparatus,68,1.7100000381469727,-92.91338542221214,10,4,E
HSHP,Himalaya Shipping Ltd. Common Shares,Marine Transportation,9,15.029999732971191,-3.521191599000295,93,99,D
HSIC,Henry Schein Inc. Common Stock,Medical Specialities,30,85.79000091552734,-1.2091150007397466,68,47,C+
HSLV,Highlander Silver Corp. Common Shares,,,4.460000038146973,-32.83132337610194,17,63,E
HST,Host Hotels & Resorts Inc. Common Stock,Real Estate Investment Trusts,46,23.06999969482422,-4.6782684173872,83,85,D+
HSTM,HealthStream Inc. Common Stock,Computer Software: Programming Data Processing,111,28.719999313354492,-1.5487668514006292,77,90,B
HSY,The Hershey Company Common Stock,Specialty Foods,91,175.24000549316406,-25.263569789964123,38,72,D-
HTB,HomeTrust Bancshares Inc. Common Stock,Savings Institutions,15,49.04999923706055,-3.4448819415007104,67,81,C
HTCO,High-Trend International Group Class A Ordinary Shares,Marine Transportation,9,3.0899999141693115,-91.9152281123018,6,,A-
HTCR,Heartcore Enterprises Inc. Common Stock,EDP Services,125,2.9700000286102295,-86.4769313640177,11,,A
HTFL,Heartflow Inc. Common Stock,Medical/Dental Instruments,113,26.15999984741211,-34.45251829759551,30,20,E+
HTGC,Hercules Capital Inc. Common Stock,Investment Managers,73,15.920000076293945,-11.105874734875176,46,74,D+
HTH,Hilltop Holdings Inc.,Major Banks,21,38.20000076293945,-4.356529603398496,61,55,C-
HTHT,H World Group Limited American Depositary Shares,Hotels/Resorts,39,40.880001068115234,-25.16764304527336,40,96,E+
HTLD,Heartland Express Inc. Common Stock,Trucking Freight/Courier Services,5,14.869999885559082,-8.198067842757261,89,4,C+
HTLM,HomesToLife Ltd Ordinary Shares,Other Specialty Stores,113,1.8450000286102295,-52.32557924627199,26,,A
HTO,H2O America Common Stock,Water Supply,73,62.470001220703125,0.0,71,45,C
HTOO,Fusion Fuel Green PLC Class A Ordinary Shares,Industrial Machinery/Components,68,2.559999942779541,-63.37625140765881,16,,D
HTT,High Templar Tech Limited American depositary shares each representing one Class A ordinary share,Finance: Consumer Services,119,2.740000009536743,-45.41832629586909,32,40,B
HTZ,Hertz Global Holdings Inc Common Stock,Rental/Leasing Companies,130,1.8300000429153442,-76.8647272033253,4,20,E-
HUBB,Hubbell Inc Common Stock,Electrical Products,4,477.0299987792969,-14.230777545701589,49,65,D-
HUBC,Hub Cyber Security Ltd. Ordinary Shares,Computer Communications Equipment,15,1.309999942779541,-99.99796425805317,1,,A+
HUBG,Hub Group Inc. Class A Common Stock,Integrated Freight & Logistics,141,47.689998626708984,-8.625480703695754,75,,C
HUBS,HubSpot Inc. Common Stock,Computer Software: Prepackaged Software,117,217.58999633789062,-61.206991109477414,20,99,B-
HUDI,Huadi International Group Co. Ltd. Ordinary Shares,Steel/Iron Ore,46,0.8083000183105469,-55.0944422376008,15,,E-
HUHU,HUHUTECH International Group Inc. Ordinary Shares,Metal Fabrications,45,5.829999923706055,-50.170940010705614,20,,E-
HUIZ,Huize Holding Limited American Depositary Shares,Specialty Insurers,91,1.159999966621399,-72.44655686198112,12,,B-
HUM,Humana Inc. Common Stock,Medical Specialities,30,406.0,-0.8353312773113908,94,32,B+
HUMA,Humacyte Inc. Common Stock,Biotechnology: Biological Products (No Diagnostic Substances),65,0.6912000179290771,-74.68131820146806,17,20,E
HUN,Huntsman Corporation Common Stock,Major Chemicals,59,11.609999656677246,-26.935183097362458,48,4,E-
HURA,TuHURA Biosciences Inc. Common Stock,Biotechnology: Pharmaceutical Preparations,85,2.380000114440918,-26.76922724797175,86,,E
HURC,Hurco Companies Inc. Common Stock,Industrial Machinery/Components,68,22.8700008392334,-1.9296692173229157,82,20,A-
HURN,Huron Consulting Group Inc. Common Stock,Professional Services,104,111.2300033569336,-40.06358322046286,24,83,C-
HUT,Hut 8 Corp. Common Stock,Finance: Consumer Services,119,99.16999816894531,-25.447304928799774,97,20,C-
HUYA,HUYA Inc. American depositary shares each  representing one Class A ordinary share,Computer Software: Programming Data Processing,111,2.369999885559082,-48.474448706924036,25,9,E+
HVII,Hennessy Capital Investment Corp. VII Ordinary Shares,,,10.468500137329102,-3.958710975251889,48,34,D
HVIIU,Hennessy Capital Investment Corp. VII Unit,Blank Checks,73,10.800000190734863,-19.999998587149157,49,,B
HVMC,Highview Merger Corp. Class A Ordinary Share,,,10.170000076293945,-0.2941150346291277,47,,D+
HVT,Haverty Furniture Companies Inc. Common Stock,Other Specialty Stores,113,25.020000457763672,-5.664806478058882,64,50,B
HVT-A,Haverty Furniture Companies Inc.,,,28.600000381469727,-23.07105820565659,80,44,A+
HWBK,Hawthorn Bancshares Inc. Common Stock,Major Banks,21,38.869998931884766,-3.380563325445074,75,39,A-
HWC,Hancock Whitney Corporation Common Stock,Major Banks,21,75.94000244140625,0.0,70,38,C
HWH,HWH International Inc. Common Stock,Other Pharmaceuticals,139,1.1699999570846558,-81.12903236970693,29,,A+
HWKN,Hawkins Inc. Common Stock,Specialty Chemicals,122,133.8699951171875,-27.169554824075703,29,57,E
HWM,Howmet Aerospace Inc. Common Stock,Metal Fabrications,45,271.2799987792969,-4.219189966986969,79,98,D
HXHX,Haoxin Holdings Limited Class A Ordinary Shares,Trucking Freight/Courier Services,5,0.574999988079071,-66.17647223819081,25,,A+
HXL,Hexcel Corporation Common Stock,Major Chemicals,59,99.19999694824219,-2.0730563082437925,84,68,C
HY,Hyster-Yale Inc. Class A common stock,Construction/Ag Equipment/Trucks,37,32.029998779296875,-23.778029698390025,33,4,D-
HYFM,Hydrofarm Holdings Group Inc. Common Stock,Consumer Specialties,31,0.75,-83.87096807272782,11,4,E-
HYFT,MindWalk Holdings Corp. Common Stock,Biotechnology: Pharmaceutical Preparations,85,1.409999966621399,-55.93750169966367,39,4,B+
HYLN,Hyliion Holdings Corp. Class A Common Stock,Construction/Ag Equipment/Trucks,37,3.8499999046325684,-52.46913921831206,96,20,C
HYMC,Hycroft Mining Holding Corporation Class A Common Stock,Precious Metals,113,20.43000030517578,-63.347686239722165,96,,D-
HYNE,Hoyne Bancorp Inc. Common Stock,Banks,25,16.600000381469727,-0.9546530144813992,62,,C-
HYPD,Hyperion DeFi Inc. Common Stock,Biotechnology: Pharmaceutical Preparations,85,2.9700000286102295,-81.40263006293115,13,,C+
HYPR,Hyperfine Inc. Class A Common Stock,Biotechnology: Electromedical & Electrotherapeutic Apparatus,68,1.0499999523162842,-52.27273047462961,36,20,E-
HZO,MarineMax Inc.  (FL) Common Stock,Auto & Home Supply Stores,109,34.2400016784668,-9.27397944975976,78,20,B
IAG,Iamgold Corporation Ordinary Shares,Precious Metals,113,14.819999694824219,-39.682540175423284,62,,E+
IART,Integra LifeSciences Holdings Corporation Common Stock,Medical/Dental Instruments,113,18.579999923706055,-1.1176209770578094,90,57,B+
IAUX,i-80 Gold Corp. Common Shares,Precious Metals,113,1.340000033378601,-35.57691910915811,71,40,E+
IBCP,Independent Bank Corporation Common Stock,Major Banks,21,36.220001220703125,-1.3079006328551412,59,82,C
IBEX,IBEX Limited Common Shares,EDP Services,125,34.400001525878906,-18.095234462193076,59,91,C+
IBG,Innovation Beverage Group Limited Ordinary Shares,Beverages (Production/Distribution),93,0.9900000095367432,-97.19148933464754,7,,C
IBIO,iBio Inc. Common Stock,Biotechnology: Pharmaceutical Preparations,85,1.4500000476837158,-52.768727061433474,56,11,D-
IBKR,Interactive Brokers Group Inc. Class A Common Stock,Investment Bankers/Brokers/Service,77,93.55999755859375,-3.367075135825204,84,95,C+
IBM,International Business Machines Corporation Common Stock,Computer Manufacturing,12,290.2300109863281,-11.845821674385437,61,70,B+
IBN,ICICI Bank Limited Common Stock,Commercial Banks,8,29.260000228881836,-14.292979671111649,42,60,C
IBO,Impact BioMedical Inc. Common Stock,Biotechnology: Pharmaceutical Preparations,85,0.46299999952316284,-40.641023524884325,22,,E
IBOC,International Bancshares Corporation Common Stock,Major Banks,21,75.87000274658203,-2.5057786634402723,58,,C-
IBP,Installed Building Products Inc. Common Stock,Homebuilding,56,222.52999877929688,-34.699215820639054,32,45,D
IBRX,ImmunityBio Inc. Common Stock,Biotechnology: Biological Products (No Diagnostic Substances),65,7.789999961853027,-32.554113998180014,97,4,B
IBTA,Ibotta Inc. Class A Common Stock,Advertising,109,30.93000030517578,-22.887060995971698,51,37,D
ICCC,ImmuCell Corporation Common Stock,Biotechnology: In Vitro & In Vivo Diagnostic Substances,97,11.079999923706055,-3.315882313926777,92,43,A
ICCM,IceCure Medical Ltd. Ordinary Shares,Medical/Dental Instruments,113,3.5399999618530273,-90.0840339322123,3,,A+
ICE,Intercontinental Exchange Inc. Common Stock,Investment Bankers/Brokers/Service,77,137.6699981689453,-26.012320590553863,28,87,D-
ICFI,ICF International Inc. Common Stock,Professional Services,104,79.12999725341797,-20.867980253096373,44,48,B-
ICG,Intchains Group Limited American Depositary Shares,Semiconductors,2,1.0,-67.84565807938112,13,29,A
ICHR,Ichor Holdings Ordinary Shares,Semiconductors,2,90.41000366210938,-19.478086351048375,99,35,B+
ICL,ICL Group Ltd. Ordinary Shares,Agricultural Chemicals,130,4.929999828338623,-29.069410854597955,30,58,E+
ICLR,ICON plc Ordinary Shares,Biotechnology: Commercial Physical & Biological Resarch,20,166.10000610351562,-18.145078059174057,71,37,A-
ICMB,Investcorp Credit Management BDC Inc. Common Stock,Finance: Consumer Services,119,0.8799999952316284,-71.52103496196375,6,,E-
ICON,Icon Energy Corp. Common stock,Marine Transportation,9,0.9395999908447266,-94.23558260844331,7,,E-
ICU,SeaStar Medical Holding Corporation Common Stock,Medical/Dental Instruments,113,4.789999961853027,-61.37096686120085,73,20,A
ICUI,ICU Medical Inc. Common Stock,Medical/Dental Instruments,113,157.60000610351562,-1.1478308074611254,72,59,B
IDA,IDACORP Inc. Common Stock,Electric Utilities: Central,59,150.97000122070312,-2.3164035977765507,65,59,C+
IDAI,T Stamp Inc. Class A Common Stock,Computer Software: Prepackaged Software,117,2.2899999618530273,-50.85836830821445,22,,A
IDCC,InterDigital Inc. Common Stock,Multi-Sector Companies,93,261.5199890136719,-33.58677012664142,29,51,C-
IDN,Intellicheck Inc. Common Stock,Computer Software: Prepackaged Software,117,4.099999904632568,-54.39377075620753,16,94,D-
IDR,Idaho Strategic Resources Inc. Common Stock,Precious Metals,113,29.690000534057617,-43.61944432189989,39,,E
IDT,IDT Corporation Class B Common Stock,Telecommunications Equipment,73,61.400001525878906,-9.666129904520993,71,80,B+
IDXX,IDEXX Laboratories Inc. Common Stock,Biotechnology: In Vitro & In Vivo Diagnostic Substances,97,564.2100219726562,-26.40866758456639,38,86,D+
IDYA,IDEAYA Biosciences Inc. Common Stock,Biotechnology: Pharmaceutical Preparations,85,36.150001525878906,-10.762767159476105,77,20,B
IE,Ivanhoe Electric Inc. Common Stock,Metal Mining,97,8.829999923706055,-55.6726913158283,16,4,E
IEP,Icahn Enterprises L.P. Common Stock,Auto Parts:O.E.M.,59,7.525000095367432,-4.135501425143673,55,20,D
IESC,IES Holdings Inc. Common Stock,Engineering & Construction,42,602.9099731445312,-21.346571551806992,88,91,E
IEX,IDEX Corporation Common Stock,Fluid Controls,59,221.47999572753906,-2.57169967121863,72,60,C-
IFBD,Infobird Co. Ltd Ordinary Shares,Computer Software: Prepackaged Software,117,1.159999966621399,-13.754651156400987,68,,A+
IFF,International Flavors & Fragrances Inc. Common Stock,Major Chemicals,59,75.0999984741211,-10.413936736548635,58,63,D+
IFRX,InflaRx N.V. Common Stock,Biotechnology: Pharmaceutical Preparations,85,2.059999942779541,-24.81752059819047,96,4,A
IFS,Intercorp Financial Services Inc. Common Shares,Commercial Banks,8,59.779998779296875,-1.4831930147537253,86,,B-
IGC,IGC Pharma Inc. Common Stock,Biotechnology: Pharmaceutical Preparations,85,0.26589998602867126,-43.425534744023096,23,,E
IGI,Western Asset Investment Grade Opportunity Trust Inc. Common Stock,Investment Managers,73,16.06999969482422,-1.400552487804252,46,,D
IGIC,International General Insurance Holdings Ltd. Ordinary Share,Property-Casualty Insurers,36,28.530000686645508,0.0,72,50,B-
IH,iHuman Inc. American depositary shares each representing five Class A ordinary shares,Other Consumer Services,125,1.4199999570846558,-52.548171571662,21,37,A-
IHG,Intercontinental Hotels Group American Depositary Shares (Each representing one Ordinary Share),Hotels/Resorts,39,162.41000366210938,-6.730604084339486,75,55,D+
IHRT,iHeartMedia Inc. Class A Common Stock,Broadcasting,97,4.019999980926514,-36.49289053114387,81,20,E
IHS,IHS Holding Limited Ordinary Shares,Telecommunications Equipment,73,8.220000267028809,-5.841916402631053,62,64,D
IHT,InnSuites Hospitality Trust Shares of Beneficial Interest,Investment Bankers/Brokers/Service,77,1.8200000524520874,-44.686849424274335,79,11,A+
III,Information Services Group Inc. Common Stock,Professional Services,104,4.070000171661377,-31.78227704563239,31,68,C+
IIIN,Insteel Industries Inc. Common Stock,Steel/Iron Ore,46,28.760000228881836,-24.725250203231774,24,35,C-
IIIV,i3 Verticals Inc. Class A Common Stock,Computer Software: Prepackaged Software,117,21.200000762939453,-35.97100461450474,28,99,B-
IIM,Invesco Value Municipal Income Trust Common Stock,Investment Managers,73,12.9399995803833,-0.4615416893592239,58,,C-
IIPR,Innovative Industrial Properties Inc. Common Stock,Real Estate,89,63.790000915527344,-1.0086925841909067,81,44,C-
IKT,Inhibikase Therapeutics Inc. Common Stock,Biotechnology: Biological Products (No Diagnostic Substances),65,1.9600000381469727,-8.41121766044316,63,9,B
ILAG,Intelligent Living Application Group Inc. Ordinary Shares,Office Equipment/Supplies/Services,56,3.828000068664551,-56.15119966336278,35,,E-
ILLR,Triller Group Inc. Common Stock,Investment Managers,73,2.130000114440918,-85.60810752033404,98,,A+
ILMN,Illumina Inc. Common Stock,Medical Specialities,30,190.0500030517578,-2.2024385009875025,93,72,B+
ILPT,Industrial Logistics Properties Trust Common Shares of Beneficial Interest,Real Estate Investment Trusts,46,8.720000267028809,-6.8376005675585105,91,20,B+
IMA,ImageneBio Inc. Common Stock,Biotechnology: Biological Products (No Diagnostic Substances),65,6.110000133514404,-65.86592031438221,33,,A
IMAX,Imax Corporation Common Stock,Industrial Machinery/Components,68,38.349998474121094,-14.720930769142026,67,95,D-
IMCC,IM Cannabis Corp. Common Shares,Medicinal Chemicals and Botanical Products,135,0.14749999344348907,-95.68713479084695,3,,A
IMCR,Immunocore Holdings plc American Depositary Shares,Biotechnology: Biological Products (No Diagnostic Substances),65,32.4900016784668,-19.20924641255778,44,53,B+
IMDX,Insight Molecular Diagnostics Inc. Common Stock,Biotechnology: In Vitro & In Vivo Diagnostic Substances,97,4.590000152587891,-45.87263678816868,78,4,D+
IMKTA,Ingles Markets Incorporated Class A Common Stock,Food Chains,50,90.70999908447266,-4.573413447674158,69,65,D+
IMMP,Immutep Limited American Depositary Shares,Biotechnology: Pharmaceutical Preparations,85,0.4505000114440918,-85.83333327085467,19,,A
IMMR,Immersion Corporation Common Stock,Computer peripheral equipment,46,6.769999980926514,-10.606926633266067,56,42,C+
IMMX,Immix Biopharma Inc. Common Stock,Biotechnology: Pharmaceutical Preparations,85,10.520000457763672,-12.479200855863159,98,4,B
IMNM,Immunome Inc. Common Stock,Biotechnology: Pharmaceutical Preparations,85,22.799999237060547,-15.461624703227649,88,,B
IMNN,Imunon Inc. Common Stock,Biotechnology: Pharmaceutical Preparations,85,1.9600000381469727,-75.76344175544934,9,,E+
IMO,Imperial Oil Limited Common Stock,Integrated oil Companies,6,123.63999938964844,-10.174210264868911,77,38,D
IMOS,ChipMOS TECHNOLOGIES INC. American Depositary Shares,Semiconductors,2,69.13999938964844,-8.774246530608632,98,48,A-
IMPP,Imperial Petroleum Inc. Common Shares,Marine Transportation,9,4.889999866485596,-22.992126930298795,76,71,C
IMRN,Immuron Limited American Depositary Shares,Biotechnology: Pharmaceutical Preparations,85,1.2200000286102295,-48.08510305871773,67,,A+
IMRX,Immuneering Corporation Class A Common Stock,Biotechnology: Pharmaceutical Preparations,85,5.159999847412109,-44.27646090851998,44,20,B
IMSR,Terrestrial Energy Inc. Common Stock,,,5.394999980926514,-80.09225127312001,14,,E+
IMTE,Integrated Media Technology Limited Ordinary Shares,Consumer Electronics/Appliances,122,0.4903999865055084,-65.94444673480801,15,,A+
IMTX,Immatics N.V. Ordinary Shares,Biotechnology: Biological Products (No Diagnostic Substances),65,9.229999542236328,-22.240946661967122,51,,E
IMUX,Immunic Inc. Common Stock,Biotechnology: Pharmaceutical Preparations,85,14.640000343322754,-4.996752185034358,92,4,B
IMVT,Immunovant Inc. Common Stock,Biotechnology: Biological Products (No Diagnostic Substances),65,38.70000076293945,-5.816498858051022,95,4,A-
IMXI,International Money Express Inc. Common Stock,Business Services,80,14.0,-12.17063758753657,45,35,E
INAB,IN8bio Inc. Common Stock,Biotechnology: Biological Products (No Diagnostic Substances),65,1.340000033378601,-48.26254525925812,19,,E
INBK,First Internet Bancorp Common Stock,Major Banks,21,26.170000076293945,-8.464498297929858,63,54,C
INBS,Intelligent Bio Solutions Inc. Common Stock,Medical/Dental Instruments,113,2.299999952316284,-89.77777798970541,8,11,A-
INBX,Inhibrx Biosciences Inc. Common Stock,Biotechnology: Biological Products (No Diagnostic Substances),65,92.16500091552734,-35.02185328884789,97,11,C
INCR,Intercure Ltd. Ordinary Shares,Biotechnology: Pharmaceutical Preparations,85,0.949999988079071,-45.08670649680974,37,,A
INCY,Incyte Corp. Common Stock,Biotechnology: Commercial Physical & Biological Resarch,20,114.2300033569336,-3.619636692238959,79,92,B
INDB,Independent Bank Corp. Common Stock,Major Banks,21,83.44999694824219,-1.8235330020680118,65,70,C-
INDI,indie Semiconductor Inc. Class A Common Stock,Semiconductors,2,4.119999885559082,-31.33333524068197,69,20,A-
INDO,Indonesia Energy Corporation Limited Ordinary Shares,Oil & Gas Production,35,3.0,-55.48961273180725,39,,C+
INDP,Indaptus Therapeutics Inc. Common Stock,Biotechnology: Pharmaceutical Preparations,85,2.630000114440918,-79.09379864553986,27,4,A+
INDV,Indivior Pharmaceuticals Inc. Common Stock,Biotechnology: Pharmaceutical Preparations,85,40.209999084472656,-3.8728249478089616,91,96,B-
INEO,INNEOVA Holdings Limited Class A Ordinary Shares,Motor Vehicles,125,0.7329000234603882,-41.367998123168945,60,,A
INFQ,Infleqtion Inc. Common Stock,EDP Services,125,10.130000114440918,-49.018622614050464,19,,B
INFU,InfuSystems Holdings Inc. Common Stock,Medical/Dental Instruments,113,9.300000190734863,-13.80908041136154,59,42,A
INFY,Infosys Limited American Depositary Shares,EDP Services,125,11.5,-41.89612926242452,21,79,E+
ING,ING Group N.V. Common Stock,Commercial Banks,8,32.29999923706055,-2.0024267771385773,78,77,C
INGM,Ingram Micro Holding Corporation Common Stock,Retail: Computer Software & Peripheral Equipment,40,28.979999542236328,-8.407079325931887,77,46,D-
INGN,Inogen Inc Common Stock,Industrial Specialties,88,6.539999961853027,-26.927373170636848,36,20,D
INGR,Ingredion Incorporated Common Stock,Packaged Foods,120,99.33999633789062,-24.7713592630712,28,47,D-
INKT,MiNK Therapeutics Inc. Common Stock,Biotechnology: Biological Products (No Diagnostic Substances),65,11.149999618530273,-82.62427935688137,49,4,B+
INLF,INLIF LIMITED Class A Ordinary Shares,Industrial Machinery/Components,68,2.950000047683716,-99.93507922430274,1,,A+
INLX,Intellinetics Inc. Common Stock,Computer Software: Prepackaged Software,117,5.699999809265137,-59.28571564810616,16,,B
INM,InMed Pharmaceuticals Inc. Common Shares,Biotechnology: Pharmaceutical Preparations,85,1.5700000524520874,-50.47318565721998,84,4,A+
INMB,INmune Bio Inc. Common stock,Biotechnology: Biological Products (No Diagnostic Substances),65,1.8600000143051147,-41.13924165238859,74,,A+
INMD,InMode Ltd. Ordinary Shares,Biotechnology: Electromedical & Electrotherapeutic Apparatus,68,15.149999618530273,-8.844772241124199,54,54,B+
INN,Summit Hotel Properties Inc. Common Stock,Real Estate Investment Trusts,46,6.579999923706055,-6.930696408175296,83,20,B
INNV,InnovAge Holding Corp. Common Stock,Medical/Nursing Services,25,11.270000457763672,-6.936409766538787,95,87,A-
INO,Inovio Pharmaceuticals Inc. Common Stock,Medical/Dental Instruments,113,1.159999966621399,-59.581881084450686,27,,B+
INOD,Innodata Inc. Common Stock,EDP Services,125,68.12000274658203,-43.93415411803948,85,75,B+
INR,Infinity Natural Resources Inc. Class A Common Stock,Oil & Gas Production,35,13.15999984741211,-31.5652617749273,30,31,D-
INSE,Inspired Entertainment Inc. Common Stock,Computer Software: Prepackaged Software,117,7.289999961853027,-25.763745535599824,37,20,D
INSG,Inseego Corp. Common Stock,Telecommunications Equipment,73,8.319999694824219,-58.99458196447311,19,63,E-
INSM,Insmed Incorporated Common Stock,Biotechnology: Pharmaceutical Preparations,85,109.13999938964844,-48.3751963014561,22,20,E
INSP,Inspire Medical Systems Inc. Common Stock,Medical/Dental Instruments,113,51.36000061035156,-64.33085724634554,18,74,B
INSW,International Seaways Inc. Common Stock,Marine Transportation,9,86.16999816894531,-4.234279890916115,94,82,D+
INTA,Intapp Inc. Common Stock,Computer Software: Prepackaged Software,117,28.559999465942383,-40.08810454591577,39,20,B+
INTC,Intel Corporation Common Stock,Semiconductors,2,103.12000274658203,-26.83411312593622,98,49,C+
INTG,Intergroup Corporation (The) Common Stock,Building operators,85,42.599998474121094,-12.919051372402112,96,65,A
INTJ,Intelligent Group Limited Class A Ordinary Shares,Professional Services,104,3.7799999713897705,-88.54545463215221,5,,A+
INTR,Inter & Co. Inc. Class A Common Shares,Commercial Banks,8,5.650000095367432,-43.961618166696105,18,,E+
INTS,Intensity Therapeutics Inc. Common stock,Biotechnology: Biological Products (No Diagnostic Substances),65,4.920000076293945,-85.09090885971531,19,4,A-
INTT,inTest Corporation Common Stock,Electrical Products,4,14.420000076293945,-23.70370176009934,88,69,E
INTU,Intuit Inc. Common Stock,Computer Software: Prepackaged Software,117,289.760009765625,-63.70834690866871,12,74,E+
INTZ,Intrusion Inc. Common Stock,Computer Communications Equipment,15,1.0199999809265137,-53.84615550587244,31,20,A+
INUV,Inuvo Inc.,Advertising,109,1.2599999904632568,-78.5714291506768,9,63,A-
INV,Innventure Inc. Common Stock,Blank Checks,73,4.465000152587891,-39.00273158635055,43,20,E
INVA,Innoviva Inc. Common Stock,Biotechnology: Pharmaceutical Preparations,85,22.209999084472656,-8.37459037051742,58,93,D
INVE,Identiv Inc. Common Stock,Computer peripheral equipment,46,2.869999885559082,-45.74669364357135,24,20,D
INVH,Invitation Homes Inc. Common Stock,Real Estate,89,30.110000610351562,-3.5498937365184946,61,70,C
INVX,Innovex International Inc. Common Stock,Oil and Gas Field Machinery,32,25.5,-17.87439411733125,70,32,D-
INVZ,Innoviz Technologies Ltd. Ordinary shares,Auto Parts:O.E.M.,59,0.5848000049591064,-75.42857240170844,11,20,D-
IONQ,IonQ Inc. Common Stock,EDP Services,125,38.880001068115234,-52.637345836779836,41,52,D
IONR,ioneer Ltd American Depositary Shares,Mining & Quarrying of Nonmetallic Minerals (No Fuels),79,3.930000066757202,-48.15303289824144,38,,A-
IONS,Ionis Pharmaceuticals Inc. Common Stock,Biotechnology: Pharmaceutical Preparations,85,56.75,-34.39306358381503,31,20,E-
IOR,Income Opportunity Realty Investors Inc. Common Stock,Real Estate Investment Trusts,46,19.1200008392334,-1.8480426666457772,53,50,B+
IOSP,Innospec Inc. Common Stock,Major Chemicals,59,82.02999877929688,-6.134441764664489,52,44,D+
IOT,Samsara Inc. Class A Common Stock,EDP Services,125,36.83000183105469,-18.55373543379568,68,63,B-
IOTR,iOThree Limited Ordinary Shares,Telecommunications Equipment,73,3.200000047683716,-39.96247479383279,51,,A+
IOVA,Iovance Biotherapeutics Inc. Common Stock,Biotechnology: Biological Products (No Diagnostic Substances),65,4.039999961853027,-25.32347364509494,90,20,C
IP,International Paper Company Common Stock,Paper,121,37.0,-30.36700137811098,34,63,C
IPAR,Interparfums Inc. Common Stock,Package Goods/Cosmetics,80,118.47000122070312,-9.647510021741946,74,54,B+
IPDN,Professional Diversity Network Inc. Common Stock,Computer Software: Programming Data Processing,111,0.5320000052452087,-94.09544959233335,6,20,D+
IPGP,IPG Photonics Corporation Common Stock,Semiconductors,2,104.7300033569336,-31.95373863621267,63,59,D+
IPHA,Innate Pharma S.A. ADS,Biotechnology: Biological Products (No Diagnostic Substances),65,1.7899999618530273,-24.789921185633503,58,,A
IPI,Intrepid Potash Inc Common Stock,Mining & Quarrying of Nonmetallic Minerals (No Fuels),79,35.630001068115234,-27.047500088455045,55,64,D-
IPM,Intelligent Protection Management Corp. Common Stock,Computer Software: Programming Data Processing,111,1.7799999713897705,-27.04918321118941,38,4,D
IPSC,Century Therapeutics Inc. Common Stock,Biotechnology: Biological Products (No Diagnostic Substances),65,2.200000047683716,-25.170067861711388,97,,C-
IPST,IP Strategy Holdings Inc. Common Stock,Beverages (Production/Distribution),93,2.3399999141693115,-99.41500002145767,2,,C
IPW,iPower Inc. Common Stock,RETAIL: Building Materials,112,1.2100000381469727,-99.48024054025551,1,11,E-
IPWR,Ideal Power Inc. Common Stock,Semiconductors,2,4.670000076293945,-48.053390487315916,79,20,B+
IPX,IperionX Limited American Depositary Share,Other Metals and Minerals,135,24.670000076293945,-58.95857623390954,16,,E
IQ,iQIYI Inc. American Depositary Shares,Consumer Electronics/Video Chains,140,1.1299999952316284,-59.498207502443144,17,20,D+
IQI,Invesco Quality Municipal Income Trust Common Stock,Finance Companies,53,10.279999732971191,0.0,58,,C-
IQMX,IQM Quantum Computers Oyj American Depositary Shares,Blank Checks,73,11.699999809265137,-15.887850915815305,65,,A-
IQST,iQSTEL Inc. Common Stock,Telecommunications Equipment,73,1.059999942779541,-89.19819713793996,5,,A+
IQV,IQVIA Holdings Inc. Common Stock,Biotechnology: Commercial Physical & Biological Resarch,20,207.5500030517578,-15.039498646734195,63,79,B
IR,Ingersoll Rand Inc. Common Stock,Industrial Machinery/Components,68,78.55999755859375,-20.413948846274565,36,83,C-
IRD,Opus Genetics Inc. Common Stock,Biotechnology: Pharmaceutical Preparations,85,3.809999942779541,-33.739131429921024,93,,B+
IRDM,Iridium Communications Inc Common Stock,Telecommunications Equipment,73,48.59000015258789,-12.796125111113666,95,49,B+
IREN,IREN Limited Ordinary Shares,EDP Services,125,38.97999954223633,-48.985737895513346,66,34,E
IRHO,Iron Horse Acquisitions II Corp. Common Stock,,,10.029999732971191,-0.39721909697362223,48,,D+
IRIX,IRIDEX Corporation Common Stock,Biotechnology: Electromedical & Electrotherapeutic Apparatus,68,1.0700000524520874,-31.410250532086103,47,20,C
IRM,Iron Mountain Incorporated (Delaware)Common Stock REIT,Real Estate Investment Trusts,46,122.37000274658203,-8.033965886181772,75,91,D+
IRMD,iRadimed Corporation Common Stock,Medical/Dental Instruments,113,97.69000244140625,-6.8448506675061305,72,74,C-
IRON,Disc Medicine Inc. Common Stock,Biotechnology: Pharmaceutical Preparations,85,75.9800033569336,-19.264687212661403,63,4,B+
IRS,IRSA Inversiones Y Representaciones S.A. Global Depositary Shares (Each representing ten shares of Common Stock),Homebuilding,56,15.130000114440918,-17.816402825403934,51,34,C
IRT,Independence Realty Trust Inc. Common Stock,Real Estate Investment Trusts,46,16.84000015258789,-2.9987833387058016,53,30,C
IRTC,iRhythm Holdings Inc. Common Stock,Medical/Dental Instruments,113,118.68000030517578,-37.28929970664424,28,33,C-
IRWD,Ironwood Pharmaceuticals Inc. Class A Common Stock,Biotechnology: Pharmaceutical Preparations,85,4.210000038146973,-21.892390678443753,97,80,B+
ISBA,Isabella Bank Corporation Common stock,Major Banks,21,39.459999084472656,-29.320418572924854,42,77,B-
ISOU,IsoEnergy Ltd. Common Shares,,,9.84000015258789,-25.567322588266272,49,,B+
ISPC,iSpecimen Inc. Common Stock,Biotechnology: Commercial Physical & Biological Resarch,20,2.3399999141693115,-97.00000011003934,3,,A-
ISPR,Ispire Technology Inc. Common Stock,Medicinal Chemicals and Botanical Products,135,1.7899999618530273,-51.35869757115612,27,4,E-
ISRG,Intuitive Surgical Inc. Common Stock,Industrial Specialties,88,407.1199951171875,-31.32832725263851,27,75,D
ISSC,Innovative Solutions and Support Inc. Common Stock,EDP Services,125,18.350000381469727,-39.95418618406751,55,89,D+
ISTR,Investar Holding Corporation Common Stock,Major Banks,21,29.719999313354492,-1.6219787685131548,69,54,B-
IT,Gartner Inc. Common Stock,Other Consumer Services,125,141.30999755859375,-62.25694448123744,18,67,D
ITGR,Integer Holdings Corporation Common Stock,Biotechnology: Electromedical & Electrotherapeutic Apparatus,68,96.37999725341797,-19.656553860466662,49,81,C
ITIC,Investors Title Company Common Stock,Specialty Insurers,91,279.20001220703125,-0.8029486664741792,73,87,B
ITOC,iTonic Holdings Ltd Class A Ordinary Shares,Biotechnology: Electromedical & Electrotherapeutic Apparatus,68,0.3246000111103058,-98.95155032070689,18,,A+
ITP,IT Tech Packaging Inc. Common Stock,Containers/Packaging,56,0.17000000178813934,-50.0,23,34,C-
ITRG,Integra Resources Corp. Common Shares,Precious Metals,113,2.140000104904175,-53.67965026161021,26,,E+
ITRI,Itron Inc. Common Stock,Electrical Products,4,83.38999938964844,-39.75581527759543,23,61,D
ITRN,Ituran Location and Control Ltd. Ordinary Shares,Electronic Components,6,55.779998779296875,-15.28952397835428,81,86,D-
ITT,ITT Inc. Common Stock,Fluid Controls,59,194.5,-12.087624694099052,52,46,D+
ITW,Illinois Tool Works Inc. Common Stock,Industrial Machinery/Components,68,271.5,-8.253824041250402,53,55,C-
IVA,Inventiva S.A. American Depository Shares,Biotechnology: Pharmaceutical Preparations,85,4.300000190734863,-39.86013799467103,35,,A-
IVDA,Iveda Solutions Inc. Common Stock,Computer Software: Prepackaged Software,117,0.27410000562667847,-88.90283390883587,10,4,A+
IVF,INVO Fertility Inc. Common Stock,Medical/Dental Instruments,113,1.1299999952316284,-99.1835259789991,4,20,A+
IVR,INVESCO MORTGAGE CAPITAL INC Common Stock,Real Estate Investment Trusts,46,7.860000133514404,-8.772061195209101,56,40,D+
IVT,InvenTrust Properties Corp. Common Stock,Real Estate Investment Trusts,46,35.33000183105469,-1.8611060248480915,74,50,C+
IVVD,Invivyd Inc. Common Stock,Biotechnology: Biological Products (No Diagnostic Substances),65,0.7875000238418579,-72.65625025870071,11,4,C
IVZ,Invesco Ltd Common Stock,Investment Managers,73,28.399999618530273,-2.739729875022945,78,77,D-
IX,ORIX Corporation American Depositary Shares,Diversified Financial Services,23,39.47999954223633,-2.180379224002116,87,,C+
IXHL,Incannex Healthcare Inc. Common Stock,Biotechnology: Pharmaceutical Preparations,85,3.309999942779541,-93.23108417281374,14,11,B-
IZEA,IZEA Worldwide Inc. Common Stock,Advertising,109,3.569999933242798,-37.36842012801655,38,20,E+
IZM,ICZOOM Group Inc. Class A Ordinary Shares,Consumer Electronics/Video Chains,140,0.27709999680519104,-89.75600722289326,5,,A+
J,Jacobs Solutions Inc. Common Stock,Military/Government/Technical,101,126.54000091552734,-22.417338594245308,38,77,D-
JACK,Jack In The Box Inc. Common Stock,Restaurants,101,15.119999885559082,-39.22829423000187,39,63,A-
JAGU,Jaguar Uranium Corp. Class A Common Shares,,,1.6100000143051147,-59.74999964237213,10,,B+
JAGX,Jaguar Health Inc. Common Stock,Biotechnology: Pharmaceutical Preparations,85,2.25,-97.61904761904762,1,,D
JAKK,JAKKS Pacific Inc. Common Stock,Recreational Games/Products/Toys,93,22.639999389648438,-5.2719675690075185,66,29,C+
JAN,Janus Living Inc. Class A-1 Common Stock,Real Estate Investment Trusts,46,29.1299991607666,-2.4120643601401315,76,35,C+
JANX,Janux Therapeutics Inc. Common Stock,Biotechnology: Pharmaceutical Preparations,85,16.139999389648438,-53.540591220947945,36,20,B-
JAZZ,Jazz Pharmaceuticals plc Common Stock (Ireland),Biotechnology: Pharmaceutical Preparations,85,236.97000122070312,-4.543806154802366,90,51,C
JBDI,JBDI Holdings Limited Ordinary Shares,,,1.25,-73.62869070972285,22,,A+
JBGS,JBG SMITH Properties Common Shares,Real Estate Investment Trusts,46,14.600000381469727,-37.7980545185321,32,20,C
JBHT,J.B. Hunt Transport Services Inc. Common Stock,Trucking Freight/Courier Services,5,283.0,-2.437345173820893,90,80,C+
JBI,Janus International Group Inc. Common Stock,Building Products,53,5.190000057220459,-51.40449523484318,21,83,C
JBIO,Jade Biosciences Inc. Common Stock,Biotechnology: Pharmaceutical Preparations,85,21.299999237060547,-20.670395030010724,93,,D+
JBK,Lehman ABS 3.50 3.50% Adjustable Corp Backed Tr Certs GS Cap I,Finance: Consumer Services,119,25.8799991607666,-6.906475284122915,47,,C-
JBL,Jabil Inc. Common Stock,Electrical Products,4,321.9599914550781,-16.51064819167346,82,90,E+
JBLU,JetBlue Airways Corporation Common Stock,Air Freight/Delivery Services,18,5.599999904632568,-13.312695486625604,69,20,B
JBS,JBS N.V. Class A Common Shares,Meat/Poultry/Fish,80,11.800000190734863,-30.80612019154091,29,44,E+
JBSS,John B. Sanfilippo & Son Inc. Common Stock,Specialty Foods,91,86.55999755859375,-4.4591622335195975,76,61,C+
JBTM,JBT Marel Corporation Common Stock,Industrial Machinery/Components,68,139.19000244140625,-17.30097811420842,46,65,C+
JCAP,Jefferson Capital Inc. Common Stock,Finance Companies,53,18.8700008392334,-17.09642251406124,47,51,B+
JCI,Johnson Controls International plc Ordinary Share,Industrial Machinery/Components,68,143.92999267578125,-2.887803686797541,72,84,D
JCSE,JE Cleantech Holdings Limited Ordinary Shares,Miscellaneous manufacturing industries,122,1.2999999523162842,-28.519065379957976,68,,B-
JCTC,Jewett-Cameron Trading Company Common Shares,RETAIL: Building Materials,112,2.559999942779541,-34.693880281762105,58,11,B
JD,JD.com Inc. American Depositary Shares,Other Specialty Stores,113,28.8799991607666,-17.30829304907271,40,48,C+
JEF,Jefferies Financial Group Inc. Common Stock,Investment Bankers/Brokers/Service,77,52.59000015258789,-23.56293989217315,50,74,E
JELD,JELD-WEN Holding Inc. Common Stock,Forest Products,80,1.1699999570846558,-82.69230891315836,15,20,E-
JEM,707 Cayman Holdings Limited Ordinary Shares,Clothing/Shoe/Accessory Stores,87,0.5033000111579895,-99.61403371570897,2,,E-
JF,J and Friends Holdings Limited American Depositary Shares,Computer Software: Programming Data Processing,111,1.0,-18.03278880745961,52,,C
JFB,JFB Construction Holdings Class A Common Stock,General Bldg Contractors - Nonresidential Bldgs,129,4.710000038146973,-71.93923097429663,28,,A-
JFIN,Jiayin Group Inc. American Depositary Shares,Finance: Consumer Services,119,2.930000066757202,-83.48365217271633,8,33,E-
JFU,9F Inc. American Depositary Shares,Finance: Consumer Services,119,2.299999952316284,-72.73266345112049,25,,D-
JG,Aurora Mobile Limited American Depositary Shares,Computer Software: Programming Data Processing,111,4.199999809265137,-65.68627542644592,11,99,E-
JHS,John Hancock Income Securities Trust Common Stock,Finance Companies,53,10.989999771118164,-4.534006143735847,44,,D
JHX,James Hardie Industries plc. Ordinary Shares,Building Materials,49,24.290000915527344,-18.105188669963223,57,,B
JILL,J. Jill Inc. Common Stock,Apparel,40,15.960000038146973,-13.17042776732773,70,41,B+
JJSF,J & J Snack Foods Corp. Common Stock,Specialty Foods,91,76.5999984741211,-33.236502989361185,28,70,C-
JKHY,Jack Henry & Associates Inc. Common Stock,EDP Services,125,150.72999572753906,-21.10184913329165,38,59,C+
JKS,JinkoSolar Holding Company Limited American Depositary Shares (each representing 4 Common Shares),Semiconductors,2,15.25,-45.956482467405316,17,11,E
JL,J-Long Group Limited Class A Ordinary Shares,Clothing/Shoe/Accessory Stores,87,6.099999904632568,-15.804002746897993,46,,B-
JLHL,Julong Holding Limited Class A Ordinary Shares,Military/Government/Technical,101,8.289999961853027,-81.49553548430606,95,,A+
JLL,Jones Lang LaSalle Incorporated Common Stock,Real Estate,89,321.95001220703125,-10.235317872148997,55,87,C-
JMIA,Jumia Technologies AG American Depositary Shares each representing two Ordinary Shares,Catalog/Specialty Distribution,59,6.710000038146973,-54.04109682994746,32,4,C
JMSB,John Marshall Bancorp Inc. Common Stock,Major Banks,21,21.93000030517578,-2.663117457539055,61,57,C-
JNJ,Johnson & Johnson Common Stock,Biotechnology: Pharmaceutical Preparations,85,257.7699890136719,-3.5436317792100436,80,46,C+
JOB,GEE Group Inc. Common Stock,Diversified Commercial Services,97,0.210099995136261,-22.185190078652738,41,20,B+
JOBY,Joby Aviation Inc. Common Stock,Aerospace,93,7.480000019073486,-63.315349470432444,16,4,E
JOE,St. Joe Company (The) Common Stock,Homebuilding,56,60.66999816894531,-16.249619406833904,52,69,D
JOUT,Johnson Outdoors Inc. Class A Common Stock,Recreational Games/Products/Toys,93,44.25,-17.28971962616822,50,56,D-
JOYY,JOYY Inc. American Depositary Shares,EDP Services,125,69.75,-2.8010062380079748,75,48,B-
JPM,JP Morgan Chase & Co. Common Stock,Major Banks,21,334.5299987792969,-1.3825842888181672,59,71,C-
JRSH,Jerash Holdings (US) Inc. Common Stock,Apparel,40,4.730000019073486,-3.4693892445975094,90,77,A+
JRVR,James River Group Holdings Inc. Common Stock,Property-Casualty Insurers,36,4.579999923706055,-35.50144382072797,23,33,B+
JSPR,Jasper Therapeutics Inc. Common Stock,Biotechnology: Biological Products (No Diagnostic Substances),65,0.6079000234603882,-82.68091096546823,8,4,B+
JTAI,Jet.AI Inc. Common Stock,Transportation Services,104,5.730000019073486,-99.28015075137267,6,4,C
JUNS,Jupiter Neurosciences Inc. Common Stock,Biotechnology: Pharmaceutical Preparations,85,0.18170000612735748,-93.88215473478022,4,,E-
JVA,Coffee Holding Co. Inc. Common Stock,Packaged Foods,120,3.5299999713897705,-33.37990234501199,27,78,E-
JWEL,Jowell Global Ltd. Ordinary Shares,Other Consumer Services,125,1.8700000047683716,-29.43396462372241,29,,E
JXG,JX Luxventure Group Inc. Common Stock,Apparel,40,11.300000190734863,-41.602067349021034,95,,A
JXN,Jackson Financial Inc. Class A Common Stock,Life Insurance,21,120.80000305175781,0.0,74,20,B
JYD,Jayud Global Logistics Limited Class A Ordinary Shares,Integrated Freight & Logistics,141,0.7016000151634216,-94.0034185760599,2,,E-
JYNT,The Joint Corp. Common Stock,Multi-Sector Companies,93,9.260000228881836,-20.85469760820923,45,43,E-
JZ,Jianzhi Education Technology Group Company Limited American Depositary Shs,Other Consumer Services,125,3.950000047683716,-95.7526881207702,1,,C+
JZXN,Jiuzi Holdings Inc. Ordinary Shares,Retail-Auto Dealers and Gas Stations,117,1.5099999904632568,-97.66975321087999,28,,A+
KAI,Kadant Inc Common Stock,Industrial Machinery/Components,68,291.92999267578125,-18.319101878838893,35,82,D+
KALA,KALA BIO Inc. Common Stock,Biotechnology: Pharmaceutical Preparations,85,1.090000033378601,-99.88894548819373,1,20,E-
KALU,Kaiser Aluminum Corporation Common Stock,Metal Fabrications,45,158.27999877929688,-19.0921664219603,88,96,C-
KAPA,Kairos Pharma Ltd. Common Stock,Biotechnology: Pharmaceutical Preparations,85,0.3379000127315521,-82.84771533887086,8,,E-
KARO,Karooooo Ltd. Ordinary Shares,Computer Software: Prepackaged Software,117,57.189998626708984,-5.31457420211251,65,52,B
KAZR,Skyline Builders Group Holding Limited Class A Ordinary Shares,Engineering & Construction,42,2.859999895095825,-40.54054201416216,62,,B
KB,KB Financial Group Inc,Commercial Banks,8,123.25,0.0,82,,C+
KBDC,Kayne Anderson BDC Inc. Common Stock,,,13.739999771118164,-7.425983337178954,47,47,D
KBH,KB Home Common Stock,Homebuilding,56,54.810001373291016,-18.288274516481152,45,36,B
KBON,Karbon Capital Partners Corp. Class A Ordinary Shares,Blank Checks,73,10.100000381469727,-0.4926033393071849,46,,D-
KBR,KBR Inc. Common Stock,Military/Government/Technical,101,35.75,-29.595102543941987,30,56,C-
KBSX,FST Corp. Ordinary Shares,Recreational Games/Products/Toys,93,0.8862000107765198,-50.76666476373315,13,,A-
KC,Kingsoft Cloud Holdings Limited American Depositary Shares,Computer Software: Prepackaged Software,117,10.390000343322754,-42.94343291767585,23,20,B-
KD,Kyndryl Holdings Inc. Common Stock,EDP Services,125,12.319999694824219,-69.02966296410233,14,51,D+
KDK,Kodiak AI Inc. Common Stock,EDP Services,125,4.659999847412109,-57.32600902147951,12,,E-
KDP,Keurig Dr Pepper Inc. Common Stock,Beverages (Production/Distribution),93,31.25,-8.233037898679951,65,45,C
KE,Kimball Electronics Inc. Common Stock,Electrical Products,4,24.670000076293945,-25.53577035638345,42,66,D-
KEEL,Keel Infrastructure Corp. Common Stock,Finance: Consumer Services,119,4.360000133514404,-34.534531029928196,97,,B-
KELYA,Kelly Services Inc. Class A Common Stock,Professional Services,104,14.3100004196167,0.0,87,20,A-
KELYB,Kelly Services Inc. Class B Common Stock,Professional Services,104,23.850000381469727,-36.58578925411907,95,20,A-
KEN,Kenon Holdings Ltd. Ordinary Shares,Electric Utilities: Central,59,65.2300033569336,-31.724929106283597,59,,E
KEP,Korea Electric Power Corporation Common Stock,Electric Utilities: Central,59,11.680000305175781,-49.78503787513821,25,75,E
KEQU,Kewaunee Scientific Corporation Common Stock,Medical Specialities,30,37.189998626708984,-37.11532125375955,36,54,E
KEX,Kirby Corporation Common Stock,Marine Transportation,9,142.75999450683594,-6.442101099004837,74,92,C-
KEY,KeyCorp Common Stock,Major Banks,21,23.219999313354492,-0.8962910332310114,70,62,C-
KEYS,Keysight Technologies Inc. Common Stock,Industrial Machinery/Components,68,320.8299865722656,-14.064930165719758,88,87,E
KFFB,Kentucky First Federal Bancorp Common Stock,Savings Institutions,15,4.799900054931641,-8.573332287016367,72,80,A
KFRC,Kforce Inc. Common Stock,Professional Services,104,56.029998779296875,0.0,94,47,A-
KFY,Korn Ferry Common Stock,Diversified Commercial Services,97,75.38999938964844,0.0,66,62,C
KG,Kestrel Group Ltd.,Property-Casualty Insurers,36,9.779999732971191,-67.07070881568808,19,40,E-
KGC,Kinross Gold Corporation Common Stock,Precious Metals,113,23.479999542236328,-38.16238697563935,36,,E
KGEI,Kolibri Global Energy Inc. Common stock,Oil & Gas Production,35,5.110000133514404,-21.38461333054763,53,42,D-
KGS,Kodiak Gas Services Inc. Common Stock,Natural Gas Distribution,25,66.58000183105469,-12.704858054943447,92,83,C
KHC,The Kraft Heinz Company Common Stock,Packaged Foods,120,25.229999542236328,-6.970823825784789,57,37,C
KIDS,OrthoPediatrics Corp. Common Stock,Medical/Dental Instruments,113,20.719999313354492,-12.500004027340816,66,4,B
KIDZ,KIDZ AI Inc. Class B Common Stock,Other Consumer Services,125,0.6723999977111816,-99.96135632197061,1,,A+
KIM,Kimco Realty Corporation (HC) Common Stock,Real Estate Investment Trusts,46,25.110000610351562,-3.087608034627032,69,57,C-
KINS,Kingstone Companies Inc. Common Stock,Property-Casualty Insurers,36,20.639999389648438,0.0,83,54,A-
KITT,Nauticus Robotics Inc. Common stock,Industrial Machinery/Components,68,0.9602000117301941,-98.84033819282594,2,,E-
KKR,KKR & Co. Inc. Common Stock,Investment Managers,73,96.91000366210938,-35.88730465274015,30,99,D
KLAC,KLA Corporation Common Stock,Electronic Components,6,222.25,-26.33654625485249,94,85,D-
KLAR,Klarna Group plc Ordinary Shares,Finance: Consumer Services,119,19.270000457763672,-57.6297259197023,33,,B+
KLC,KinderCare Learning Companies Inc. Common Stock,Other Consumer Services,125,5.110000133514404,-51.42585635779828,72,20,B+
KLIC,Kulicke and Soffa Industries Inc. Common Stock,Semiconductors,2,106.48999786376953,-20.417009336586478,96,59,D-
KLRS,Kalaris Therapeutics Inc. Common Stock,Biotechnology: Biological Products (No Diagnostic Substances),65,4.420000076293945,-59.744988519428375,31,,D-
KLTR,Kaltura Inc. Common Stock,Computer Software: Prepackaged Software,117,1.2899999618530273,-34.51776938485224,39,20,C+
KLXE,KLX Energy Services Holdings Inc. Common Stock,Oilfield Services/Equipment,10,2.549999952316284,-40.281031294923345,71,20,C
KMB,Kimberly-Clark Corporation Common Stock,Containers/Packaging,56,110.18000030517578,-15.497191921816178,53,59,C+
KMDA,Kamada Ltd. Ordinary Shares,Biotechnology: Pharmaceutical Preparations,85,7.170000076293945,-20.652281058663334,36,70,E+
KMI,Kinder Morgan Inc. Common Stock,Natural Gas Distribution,25,32.2400016784668,-6.033225333635905,62,83,D
KMPR,Kemper Corporation,Property-Casualty Insurers,36,29.90999984741211,-50.15339442663631,22,40,B+
KMRK,K-Tech Solutions Company Limited Class A Ordinary Shares,Recreational Games/Products/Toys,93,1.0399999618530273,-78.98989895097748,12,,A
KMT,Kennametal Inc. Common Stock,Industrial Machinery/Components,68,33.68000030517578,-21.740942514891714,69,93,D-
KMTS,Kestra Medical Technologies Ltd. Common Stock,Medical/Dental Instruments,113,24.760000228881836,-11.60299883414082,78,20,A-
KMX,CarMax Inc,Retail-Auto Dealers and Gas Stations,117,54.869998931884766,-15.84355598138708,63,42,C+
KN,Knowles Corporation Common Stock,Consumer Electronics/Appliances,122,35.900001525878906,-16.12149026677302,89,86,D+
KNDI,Kandi Technologies Group Inc. Ordinary Shares,Auto Manufacturing,138,0.6639000177383423,-59.763634707185496,18,32,A+
KNF,Knife Riv Holding Co. Common Stock,Mining & Quarrying of Nonmetallic Minerals (No Fuels),79,78.41000366210938,-17.08786727806162,45,34,C-
KNRX,KNOREX LTD. Class A Ordinary Shares,Computer Software: Programming Data Processing,111,0.43320000171661377,-86.87272703102468,3,,A
KNSA,Kiniksa Pharmaceuticals International plc Class A Ordinary Shares,Biotechnology: Pharmaceutical Preparations,85,60.939998626708984,-9.43676950872664,90,94,A-
KNSL,Kinsale Capital Group Inc. Common Stock,Property-Casualty Insurers,36,344.9599914550781,-29.42158115802401,29,94,B
KNTK,Kinetik Holdings Inc. Class A Common Stock,Natural Gas Distribution,25,50.529998779296875,-1.4433424456011257,78,35,B-
KNX,Knight-Swift Transportation Holdings Inc.,Trucking Freight/Courier Services,5,74.33000183105469,-9.84838740780647,85,37,C
KO,Coca-Cola Company (The) Common Stock,Beverages (Production/Distribution),93,84.25,0.0,71,68,C+
KOD,Kodiak Sciences Inc Common Stock,Biotechnology: Biological Products (No Diagnostic Substances),65,41.099998474121094,-11.498708678937607,99,20,B+
KODK,Eastman Kodak Company Common New,Industrial Machinery/Components,68,8.149999618530273,-43.831843625282104,40,20,E
KOP,Koppers Holdings Inc. Common Stock,Forest Products,80,47.77000045776367,0.0,89,88,B-
KOPN,Kopin Corporation Common Stock,Semiconductors,2,3.630000114440918,-43.1924852850214,87,,C+
KORE,KORE Group Holdings Inc. Common Stock,Telecommunications Equipment,73,9.25,-5.515832113964758,96,,A
KOS,Kosmos Energy Ltd. Common Shares (DE),Oil & Gas Production,35,2.440000057220459,-25.382260811845157,86,4,C+
KOSS,Koss Corporation Common Stock,Consumer Electronics/Appliances,122,3.9000000953674316,-40.09216653994958,32,20,D+
KPLT,Katapult Holdings Inc. Common Stock,Diversified Commercial Services,97,7.139999866485596,-69.11764875730714,31,32,B
KPRX,Kiora Pharmaceuticals Inc.  Common Stock,Biotechnology: Pharmaceutical Preparations,85,2.4600000381469727,-22.641509858345632,41,4,D-
KPTI,Karyopharm Therapeutics Inc. Common Stock,Biotechnology: Pharmaceutical Preparations,85,10.050000190734863,-5.810683047102927,89,20,A
KR,Kroger Company (The) Common Stock,Food Chains,50,59.310001373291016,-21.13433077179978,34,70,E
KRC,Kilroy Realty Corporation Common Stock,Real Estate Investment Trusts,46,38.959999084472656,-6.866690844117363,70,42,B-
KREF,KKR Real Estate Finance Trust Inc. Common Stock,Real Estate Investment Trusts,46,7.349999904632568,-16.660140730965356,49,,C-
KRG,Kite Realty Group Trust Common Stock,Real Estate Investment Trusts,46,28.450000762939453,-1.673560704636179,75,59,D
KRKR,36Kr Holdings Inc. American Depositary Shares,Business Services,80,2.8499999046325684,-71.7821802278205,14,32,E
KRMD,KORU Medical Systems Inc. Common Stock (DE),Medical/Dental Instruments,113,4.230000019073486,-35.12269890417409,42,,B
KRMN,Karman Holdings Inc. Common Stock,Military/Government/Technical,101,45.130001068115234,-60.85523401011865,14,99,E
KRNT,Kornit Digital Ltd. Ordinary Shares,Industrial Machinery/Components,68,15.649999618530273,-28.50616694886249,44,20,D
KRNY,Kearny Financial Corp Common Stock,Savings Institutions,15,9.369999885559082,-1.781971456747522,81,61,B
KRO,Kronos Worldwide Inc Common Stock,Major Chemicals,59,6.460000038146973,-17.436404265618577,58,20,B-
KROS,Keros Therapeutics Inc. Common Stock,Biotechnology: Pharmaceutical Preparations,85,11.100000381469727,-49.175822784257385,25,40,B
KRRO,Korro Bio Inc. Common Stock,Biotechnology: Pharmaceutical Preparations,85,13.5,-73.71495358339406,42,,A
KRT,Karat Packaging Inc. Common Stock,Plastic Products,23,34.72999954223633,-0.17246729437203623,83,55,B+
KRUS,Kura Sushi USA Inc. Class A Common Stock,Restaurants,101,51.150001525878906,-46.62422983560538,28,29,D
KRYS,Krystal Biotech Inc. Common Stock,Biotechnology: Biological Products (No Diagnostic Substances),65,363.44000244140625,-3.8899885475351503,93,77,B+
KSCP,Knightscope Inc. Class A Common Stock,Telecommunications Equipment,73,1.6299999952316284,-83.84539176826905,5,,E-
KSPI,Joint Stock Company Kaspi.kz American Depository Shares,,,88.66999816894531,-5.193882141617512,69,61,C
KSS,Kohl's Corporation Common Stock,Department/Specialty Retail Stores,44,16.549999237060547,-31.45983152812709,75,40,B-
KT,KT Corporation Common Stock,Telecommunications Equipment,73,17.3799991607666,-29.17686017782645,27,45,D-
KTB,Kontoor Brands Inc. Common Stock,Garments and Clothing,72,84.83999633789062,-3.7767969833388926,73,80,B+
KTCC,Key Tronic Corporation Common Stock,Electrical Products,4,3.940000057220459,-7.511740715219883,83,20,A
KTF,DWS Municipal Income Trust,Finance Companies,53,9.210000038146973,-0.7543070780003824,54,,D
KTN,Structured Products Corp 8.205% CorTS 8.205% Corporate Backed Trust Securities (CorTS),Finance: Consumer Services,119,25.360000610351562,-0.9374990919605031,50,,D+
KTOS,Kratos Defense & Security Solutions Inc. Common Stock,Military/Government/Technical,101,46.959999084472656,-64.07588842874395,15,90,D+
KTTA,Pasithea Therapeutics Corp. Common Stock,Biotechnology: Pharmaceutical Preparations,85,0.49000000953674316,-66.66666666666667,15,,E-
KULR,KULR Technology Group Inc. Common Stock,Electrical Products,4,2.9600000381469727,-57.59312277853148,37,33,C+
KURA,Kura Oncology Inc. Common Stock,Biotechnology: Pharmaceutical Preparations,85,10.90999984741211,-10.131799515040129,80,20,A-
KUST,Kustom Entertainment Inc. Common Stock,Radio And Television Broadcasting And Communications Equipment,10,0.9666000008583069,-97.18602607337368,2,,A+
KVHI,KVH Industries Inc. Common Stock,Radio And Television Broadcasting And Communications Equipment,10,8.859999656677246,-24.208725622668183,78,63,D+
KVUE,Kenvue Inc. Common Stock,Specialty Chemicals,122,19.229999542236328,-11.890016441217865,62,74,C-
KVYO,Klaviyo Inc. Series A Common Stock,Computer Software: Prepackaged Software,117,17.459999084472656,-51.391982253585624,23,63,B-
KWM,K Wave Media Ltd. Ordinary Shares,Movies/Entertainment,67,0.1256999969482422,-97.40289270691382,2,,E-
KWR,Quaker Houghton Common Stock,Major Chemicals,59,147.97999572753906,-17.726658713081946,63,47,C
KWY,Kingsway Corporation Common Stock,Property-Casualty Insurers,36,9.760000228881836,-39.49162593497631,22,,B-
KXIN,Kaixin Holdings Ordinary Shares,Retail-Auto Dealers and Gas Stations,117,5.28000020980835,-99.34814812224589,5,,A
KYIV,Kyivstar Group Ltd. Common Shares,Telecommunications Equipment,73,15.079999923706055,-6.740879081292562,80,70,B
KYMR,Kymera Therapeutics Inc. Common Stock,Biotechnology: Biological Products (No Diagnostic Substances),65,110.4000015258789,-7.498950199134546,93,4,A-
KYNB,Kyntra Bio Inc. Common Stock,Biotechnology: Pharmaceutical Preparations,85,7.34499979019165,-40.909094047783455,33,40,A
KYTX,Kyverna Therapeutics Inc. Common Stock,Biotechnology: Biological Products (No Diagnostic Substances),65,7.769999980926514,-30.93333350287544,70,4,D-
KZIA,Kazia Therapeutics Limited American Depositary Shares,Biotechnology: Pharmaceutical Preparations,85,13.59000015258789,-13.549618818444864,93,,B-
L,Loews Corporation Common Stock,Property-Casualty Insurers,36,116.5,-0.384777221021515,64,57,C-
LAB,Standard BioTools Inc. Common Stock,Biotechnology: Laboratory Analytical Instruments,59,0.848800003528595,-49.476188688726864,20,63,C
LAC,Lithium Americas Corp. Common Shares,Metal Mining,97,3.140000104904175,-68.75621845461303,19,,E-
LAD,Lithia Motors Inc. Common Stock,Retail-Auto Dealers and Gas Stations,117,317.9599914550781,-10.49146087935593,53,37,C
LADR,Ladder Capital Corp Class A Common Stock,Real Estate Investment Trusts,46,9.720000267028809,-10.165664728013423,42,70,D
LAES,SEALSQ Corp Ordinary Shares,Semiconductors,2,2.7100000381469727,-64.57516334165732,35,,C+
LAKE,Lakeland Industries Inc. Common Stock,Industrial Specialties,88,11.0,-36.36855424894407,50,35,A-
LAMR,Lamar Advertising Company Class A Common Stock,Real Estate Investment Trusts,46,157.22999572753906,-3.0939933882656034,78,46,C+
LAND,Gladstone Land Corporation Common Stock,Real Estate Investment Trusts,46,8.600000381469727,-29.834835036948203,33,33,D-
LANV,Lanvin Group Holdings Limited Ordinary Shares,Apparel,40,1.2300000190734863,-50.996014990164525,17,,C+
LAR,Lithium Argentina AG Common Shares,Metal Mining,97,7.079999923706055,-39.94910986756869,88,,E+
LARK,Landmark Bancorp Inc. Common Stock,Major Banks,21,30.479999542236328,-4.750001430511475,71,65,A
LASE,Laser Photonics Corporation Common Stock,Industrial Machinery/Components,68,1.2200000286102295,-81.2596008338424,21,,A+
LASR,nLIGHT Inc. Common Stock,Semiconductors,2,68.79000091552734,-19.022950692465244,96,63,B-
LAUR,Laureate Education Inc. Common Stock,Other Consumer Services,125,40.11000061035156,-0.8650481513614583,82,36,B-
LAW,CS Disco Inc. Common Stock,Computer Software: Prepackaged Software,117,4.050000190734863,-54.54545162634119,35,4,B-
LAZ,Lazard Inc. Common Stock,Investment Managers,73,41.099998474121094,-27.137013038436464,29,69,D
LB,LandBridge Company LLC Class A Shares Representing Limited Liability Company Interests,Oil & Gas Production,35,78.52999877929688,-7.7596174129924815,83,92,C+
LBGJ,Li Bang International Corporation Class A Ordinary Shares,Industrial Machinery/Components,68,1.3200000524520874,-99.17499996721745,9,,A
LBRDA,Liberty Broadband Corporation Class A Common Stock,Cable & Other Pay Television Services,104,30.729999542236328,-66.05000083023974,10,78,D
LBRDK,Liberty Broadband Corporation Class C Common Stock,Cable & Other Pay Television Services,104,30.799999237060547,-66.13523884493564,10,9,E+
LBRT,Liberty Energy Inc. Class A common stock,Oilfield Services/Equipment,10,25.229999542236328,-25.424937587194986,87,65,E+
LBRX,LB Pharmaceuticals Inc Common Stock,Biotechnology: Pharmaceutical Preparations,85,32.25,-5.949258854068972,92,,B+
LBTYA,Liberty Global Ltd. Class A Common Shares,Cable & Other Pay Television Services,104,10.899999618530273,-16.34689300147223,41,,D-
LBTYB,Liberty Global Ltd. Class B Common Shares,Cable & Other Pay Television Services,104,12.800000190734863,-28.928372970212003,59,,B-
LBTYK,Liberty Global Ltd. Class C Common Shares,Cable & Other Pay Television Services,104,10.539999961853027,-16.811366232161507,38,,E+
LCCC,Lakeshore Acquisition III Corp. Ordinary Shares,Blank Checks,73,10.4399995803833,0.0,49,,D+
LCCCU,Lakeshore Acquisition III Corp. Unit,Blank Checks,73,10.5,-5.490546134361296,46,,B+
LCFY,Locafy Limited Ordinary Share,Computer Software: Programming Data Processing,111,3.059999942779541,-58.19672307350464,18,,E
LCID,Lucid Group Inc. Common Stock,Auto Manufacturing,138,5.510000228881836,-82.39616497383886,8,20,D+
LCII,LCI Industries,Auto Parts:O.E.M.,59,102.04000091552734,-33.77409211998772,37,59,B
LCNB,LCNB Corporation Common Stock,Major Banks,21,17.760000228881836,-4.103672840694994,64,44,A-
LCTX,Lineage Cell Therapeutics Inc. Common Stock,Biotechnology: Biological Products (No Diagnostic Substances),65,1.2100000381469727,-38.26530537770124,28,,A-
LCUT,Lifetime Brands Inc. Common Stock,Industrial Machinery/Components,68,8.770000457763672,-6.403409126184956,94,20,E-
LDI,loanDepot Inc. Class A Common Stock,Finance: Consumer Services,119,1.0800000429153442,-76.31578823536054,14,20,E+
LDOS,Leidos Holdings Inc. Common Stock,EDP Services,125,106.58000183105469,-46.14621729679852,14,56,E
LE,Lands' End Inc. Common Stock,Clothing/Shoe/Accessory Stores,87,11.430000305175781,-40.31331314432155,36,99,C
LEA,Lear Corporation Common Stock,Auto Parts:O.E.M.,59,135.3000030517578,-7.701748801541219,70,87,D
LECO,Lincoln Electric Holdings Inc. Common Shares,Industrial Machinery/Components,68,251.1999969482422,-15.427254971061855,50,61,D-
LEDS,SemiLEDS Corporation Common Stock,Semiconductors,2,1.5199999809265137,-53.93939385182054,29,20,C+
LEE,Lee Enterprises Incorporated Common Stock,Newspapers/Magazines,29,7.869999885559082,-33.07823356813508,76,20,B
LEG,Leggett & Platt Incorporated Common Stock,Home Furnishings,42,10.699999809265137,-16.18605475317654,55,38,C
LEGH,Legacy Housing Corporation Common Stock (TX),Homebuilding,56,25.780000686645508,-8.581560322063254,70,,B-
LEGN,Legend Biotech Corporation American Depositary Shares,Biotechnology: Pharmaceutical Preparations,85,25.75,-41.899819094522385,57,4,D-
LEGO,Legato Merger Corp. IV Ordinary Shares,Military/Government/Technical,101,9.960000038146973,0.0,46,,D
LEN,Lennar Corporation Class A Common Stock,Homebuilding,56,82.83999633789062,-40.65446438077673,26,37,D-
LENZ,LENZ Therapeutics Inc. Common Stock,Biotechnology: Biological Products (No Diagnostic Substances),65,5.230000019073486,-89.33741060056558,5,20,E-
LESL,Leslie's Inc. Common Stock,Other Specialty Stores,113,5.599999904632568,-56.521740257176646,98,20,A
LEU,Centrus Energy Corp. Class A Common Stock,Mining & Quarrying of Nonmetallic Minerals (No Fuels),79,156.0500030517578,-64.20871489638583,17,41,E
LEVI,Levi Strauss & Co Class A Common Stock,Apparel,40,24.190000534057617,-2.57752473465539,60,66,D
LEXX,Lexaria Bioscience Corp. Common Stock,Biotechnology: Pharmaceutical Preparations,85,0.5949000120162964,-61.11764554636423,18,11,E+
LFCR,Lifecore Biomedical Inc. Common Stock,Biotechnology: Pharmaceutical Preparations,85,4.630000114440918,-47.505665820397816,21,4,E+
LFMD,LifeMD Inc. Common Stock,Medical/Nursing Services,25,4.760000228881836,-61.4574892157585,46,40,B
LFS,LEIFRAS Co. Ltd. American Depositary Shares,Other Consumer Services,125,2.259999990463257,-80.12313093042631,33,,A+
LFST,LifeStance Health Group Inc. Common Stock,Medical/Nursing Services,25,10.880000114440918,-4.811900052931839,95,90,B+
LFT,Lument Finance Trust Inc. Common Stock,Real Estate Investment Trusts,46,0.9336000084877014,-56.28867352866451,16,,E-
LFUS,Littelfuse Inc. Common Stock,Electrical Products,4,407.2200012207031,-16.74095355980899,85,87,E+
LFVN,Lifevantage Corporation Common Stock (Delaware),Biotechnology: Pharmaceutical Preparations,85,6.190000057220459,-56.19886006244479,51,38,D
LFWD,Lifeward Ltd. Ordinary Shares,Industrial Specialties,88,7.949999809265137,-19.9879235805096,49,20,A
LGCL,Lucas GC Limited Ordinary Shares,Computer Software: Programming Data Processing,111,1.309999942779541,-96.91037760463291,7,,A+
LGCY,Legacy Education Inc. Common Stock,Other Consumer Services,125,11.710000038146973,-18.283321001452535,49,66,C-
LGHL,Lion Group Holding Ltd. American Depositary Share,Investment Bankers/Brokers/Service,77,0.24250000715255737,-99.52413655512319,2,,A+
LGIH,LGI Homes Inc. Common Stock,Homebuilding,56,57.7599983215332,-14.391585480200664,79,35,A-
LGL,LGL Group Inc. (The) Common Stock,Industrial Machinery/Components,68,6.900000095367432,-11.082475620472042,52,40,E
LGN,Legence Corp. Class A Common stock,Engineering & Construction,42,68.33000183105469,-33.18665877194271,92,63,E+
LGND,Ligand Pharmaceuticals Incorporated Common Stock,Biotechnology: Pharmaceutical Preparations,85,309.25,-4.141218796127322,94,87,A
LGO,Largo Inc. Common Shares,Mining & Quarrying of Nonmetallic Minerals (No Fuels),79,0.6700000166893005,-73.41269754918945,10,4,A+
LGPS,LogProstyle Inc. Common Shares,Homebuilding,56,1.0299999713897705,-21.01377526715765,70,,A+
LGVN,Longeveron Inc. Class A Common Stock,Biotechnology: Pharmaceutical Preparations,85,0.6309999823570251,-63.735633396633006,15,9,E-
LH,Labcorp Holdings Inc. Common Stock,Medical Specialities,30,276.67999267578125,-4.1416718686297145,55,61,C-
LHAI,Linkhome Holdings Inc. Common stock,Real Estate,89,1.0,-93.58563187804714,7,,A+
LHSW,Lianhe Sowell International Group Ltd Class A Ordinary Shares,Computer Software: Prepackaged Software,117,2.5299999713897705,-94.7813531450519,6,,A+
LHX,L3Harris Technologies Inc. Common Stock,Industrial Machinery/Components,68,288.69000244140625,-23.14803862374475,36,78,E+
LI,Li Auto Inc. American Depositary Shares,Auto Manufacturing,138,12.180000305175781,-61.6981113289434,12,9,E
LICN,Lichen International Limited Class A Ordinary Shares,Professional Services,104,1.3899999856948853,-83.89339551260325,6,,E-
LIDR,AEye Inc. Class A Common Stock,Auto Parts:O.E.M.,59,1.2899999618530273,-70.91319101473206,21,9,A-
LIEN,Chicago Atlantic BDC Inc. Common Stock,Finance: Consumer Services,119,9.890000343322754,-2.8069844947291034,54,79,B-
LIF,Life360 Inc. Common Stock,EDP Services,125,52.220001220703125,-52.90828613208753,41,,B
LIFE,Ethos Technologies Inc. Class A Common Stock,Specialty Insurers,91,19.309999465942383,-36.87479774559998,76,,C+
LII,Lennox International Inc. Common Stock,Industrial Machinery/Components,68,551.1799926757812,-16.186199698213876,50,55,C
LILA,Liberty Latin America Ltd. Class A Common Stock,Cable & Other Pay Television Services,104,7.489999771118164,-5.429296730221678,89,,A
LILAK,Liberty Latin America Ltd. Class C Common Stock,Cable & Other Pay Television Services,104,7.449999809265137,-5.576680160533975,87,,A-
LIMN,Liminatus Pharma Inc. Class A Common Stock,Biotechnology: Biological Products (No Diagnostic Substances),65,0.10840000212192535,-98.75545348281094,4,,A+
LIN,Linde plc Ordinary Shares,Major Chemicals,59,524.0599975585938,-4.130692317569496,61,82,D+
LINC,Lincoln Educational Services Corporation Common Stock,Other Consumer Services,125,53.869998931884766,-3.250720839386856,95,82,B+
LIND,Lindblad Expeditions Holdings Inc. Common Stock,Transportation Services,104,26.489999771118164,-10.415961973260224,94,31,A-
LINE,Lineage Inc. Common Stock,Real Estate Investment Trusts,46,43.849998474121094,-1.6088116627183235,72,20,B-
LINK,Interlink Electronics Inc. Common Stock,Computer peripheral equipment,46,4.239999771118164,-55.71030626794179,55,20,E-
LION,Lionsgate Studios Corp Common Shares,Movies/Entertainment,67,13.289999961853027,-18.963412981810524,93,33,B+
LIQT,LiqTech International Inc. Common Stock,Industrial Machinery/Components,68,0.789900004863739,-73.31418936878681,7,,E-
LITB,LightInTheBox Holding Co. Ltd. American Depositary Shares each representing twelve ordinary shares,Catalog/Specialty Distribution,59,3.1700000762939453,-17.01570335884974,92,99,A-
LITE,Lumentum Holdings Inc. Common Stock,Telecommunications Equipment,73,768.1500244140625,-27.057511765796182,99,80,E+
LITS,Lite Strategy Inc. Common Stock,Biotechnology: Pharmaceutical Preparations,85,0.9458000063896179,-86.21282816353123,13,11,D-
LIVE,Live Ventures Incorporated Common Stock,Other Specialty Stores,113,11.039999961853027,-47.652916633581235,18,30,D-
LIVN,LivaNova PLC Ordinary Shares,Biotechnology: Electromedical & Electrotherapeutic Apparatus,68,82.9800033569336,-1.2495483013406639,87,63,B
LKFN,Lakeland Financial Corporation Common Stock,Major Banks,21,60.720001220703125,-9.366909225949327,46,68,D
LKFT,Lakefront Biotherapeutics American Depositary Shares,Biotechnology: Pharmaceutical Preparations,85,29.799999237060547,-20.786815302635198,41,77,D+
LKQ,LKQ Corporation Common Stock,Motor Vehicles,125,25.40999984741211,-31.42669692462523,25,36,D-
LLY,Eli Lilly and Company Common Stock,Biotechnology: Pharmaceutical Preparations,85,1181.8699951171875,-4.345402969538348,81,91,B
LLYVA,Liberty Live Holdings Inc. Series A Liberty Live Group Common Stock,Services-Misc. Amusement & Recreation,89,101.08999633789062,-2.900782110033584,69,,C-
LLYVK,Liberty Live Holdings Inc. Series C Liberty Live Group Common Stock,Services-Misc. Amusement & Recreation,89,105.0,-2.777777777777779,71,,C
LMAT,LeMaitre Vascular Inc. Common Stock,Medical/Dental Instruments,113,100.29000091552734,-14.355735480549459,53,86,C-
LMB,Limbach Holdings Inc. Common Stock,Engineering & Construction,42,73.13999938964844,-51.08673845600605,24,50,E+
LMFA,LM Funding America Inc. Common Stock,Finance: Consumer Services,119,2.9200000762939453,-40.7707874651597,99,,E
LMND,Lemonade Inc. Common Stock,Property-Casualty Insurers,36,70.62000274658203,-26.87169621026001,81,,B+
LMNR,Limoneira Co Common Stock,Farming/Seeds/Milling,101,13.920000076293945,-14.803409923332179,46,20,B
LMRI,Lumexa Imaging Holdings Inc. Common Stock,Medical Specialities,30,11.149999618530273,-39.827311358029085,28,,B
LMT,Lockheed Martin Corporation Common Stock,Military/Government/Technical,101,520.6799926757812,-22.552291010493654,43,44,E+
LNAI,Lunai Bioworks Inc. Common Stock,Biotechnology: Pharmaceutical Preparations,85,2.8299999237060547,-89.59558880762243,11,11,A+
LNC,Lincoln National Corporation Common Stock,Life Insurance,21,40.849998474121094,-8.963868237036765,65,31,C
LND,Brasilagro Brazilian Agric Real Estate Co Sponsored ADR (Brazil),Farming/Seeds/Milling,101,3.619999885559082,-17.162471845329296,37,44,D-
LNG,Cheniere Energy Inc. Common Stock,Oil/Gas Transmission,51,263.2900085449219,-11.117843031041163,62,83,C
LNKS,Linkers Industries Limited Class A Ordinary Shares,Electrical Products,4,1.3799999952316284,-99.58496240744913,4,,A+
LNN,Lindsay Corporation Common Stock,Industrial Machinery/Components,68,114.93000030517578,-18.898259048913204,37,47,D
LNSR,LENSAR Inc. Common Stock,Medical/Dental Instruments,113,5.820000171661377,-56.30630401648682,17,4,E-
LNT,Alliant Energy Corporation Common Stock,Power Generation,51,76.62999725341797,-1.7941837085487133,65,52,C-
LNTH,Lantheus Holdings Inc. Common Stock,Biotechnology: In Vitro & In Vivo Diagnostic Substances,97,105.38999938964844,-5.00270680513919,88,83,B-
LNZA,LanzaTech Global Inc. Common Stock,Major Chemicals,59,5.820000171661377,-89.99999983613843,3,20,B+
LOAN,Manhattan Bridge Capital Inc,Real Estate Investment Trusts,46,4.230000019073486,-18.33402930674052,36,,E
LOAR,Loar Holdings Inc. Common Stock,Military/Government/Technical,101,71.91999816894531,-12.185596057382364,46,59,C+
LOB,Live Oak Bancshares Inc. Common Stock,Major Banks,21,41.52000045776367,-0.6698535512139947,69,76,C+
LOBO,LOBO TECHNOLOGIES LTD. Class A Ordinary Shares,Motor Vehicles,125,0.7046999931335449,-39.24999884387539,73,,A
LOCL,Local Bounti Corporation Common Stock,Farming/Seeds/Milling,101,1.309999942779541,-64.10959154652657,16,20,A
LOCO,El Pollo Loco Holdings Inc. Common Stock,Restaurants,101,16.739999771118164,-2.674424252424712,87,81,B
LODE,Comstock Inc. Common Stock,Major Chemicals,59,4.179999828338623,-12.368975994697806,76,,A
LOGI,Logitech International S.A. Ordinary Shares,Computer peripheral equipment,46,102.22000122070312,-19.314863642867497,54,60,C
LOMA,Loma Negra Compania Industrial Argentina Sociedad Anonima ADS,Building Materials,49,11.149999618530273,-15.015246068692022,54,53,D
LONA,LeonaBio Inc. Common Stock,Biotechnology: Biological Products (No Diagnostic Substances),65,9.760000228881836,-16.43835638808273,92,,B+
LOOP,Loop Industries Inc. Common Stock,Major Chemicals,59,0.8471999764442444,-58.87378640889065,16,4,E-
LOPE,Grand Canyon Education Inc. Common Stock,Other Consumer Services,125,153.3699951171875,-30.46021627975438,30,60,D
LOT,Lotus Technology Inc. American Depositary Shares,Auto Manufacturing,138,1.100000023841858,-54.7325105505124,16,,D-
LOVE,The Lovesac Company Common Stock,Other Specialty Stores,113,17.15999984741211,-17.301205554640443,57,29,B
LOW,Lowe's Companies Inc. Common Stock,RETAIL: Building Materials,112,207.6999969482422,-27.381962713588948,30,49,D-
LPA,Logistic Properties of the Americas Ordinary Shares,Real Estate,89,3.4100000858306885,-52.173912607320126,35,,A-
LPCN,Lipocine Inc. Common Stock,Biotechnology: Pharmaceutical Preparations,85,2.3499999046325684,-79.12966379339113,23,4,B
LPG,Dorian LPG Ltd. Common Stock,Marine Transportation,9,40.13999938964844,-15.884328661261925,86,94,D
LPL,LG Display Co Ltd AMERICAN DEPOSITORY SHARES,Industrial Machinery/Components,68,3.5899999141693115,-37.673615077855246,27,,E
LPLA,LPL Financial Holdings Inc. Common Stock,Investment Bankers/Brokers/Service,77,321.05999755859375,-19.23902475721988,39,50,D+
LPRO,Open Lending Corporation Common Stock,Finance: Consumer Services,119,3.119999885559082,-0.636949639391915,94,20,A
LPSN,LivePerson Inc. Common Stock,Computer Software: Prepackaged Software,117,1.75,-90.3581265191139,6,20,E
LPTH,LightPath Technologies Inc. Class A Common Stock,Semiconductors,2,11.029999732971191,-39.228650331705275,90,4,E+
LPX,Louisiana-Pacific Corporation Common Stock,Forest Products,80,72.19999694824219,-28.715360647592547,31,34,D+
LQDA,Liquidia Corporation Common Stock,Biotechnology: Pharmaceutical Preparations,85,71.20999908447266,-12.572127989491012,98,96,A-
LQDT,Liquidity Services Inc. Common Stock,Business Services,80,38.880001068115234,-0.6134914885540077,84,46,C+
LRCX,Lam Research Corporation Common Stock,Industrial Machinery/Components,68,329.9200134277344,-23.864024265324126,96,95,D-
LRE,Lead Real Estate Co. Ltd American Depositary Shares,Homebuilding,56,1.2899999618530273,-41.891894359091665,31,,B
LRHC,La Rosa Holdings Corp. Common Stock,Real Estate,89,1.0099999904632568,-99.88677130151757,1,,E-
LRMR,Larimar Therapeutics Inc. Common Stock,Biotechnology: Pharmaceutical Preparations,85,3.7249999046325684,-37.39495757912251,33,20,E+
LRN,Stride Inc. Common Stock,Other Consumer Services,125,92.0199966430664,-45.810024164617005,37,58,E
LSAK,Lesaka Technologies Inc. Common Stock,Investment Bankers/Brokers/Service,77,4.840000152587891,-11.192654642670474,50,63,B
LSBK,Lake Shore Bancorp Inc. Common Stock,Savings Institutions,15,17.040000915527344,-4.323405802945068,75,69,C+
LSCC,Lattice Semiconductor Corporation Common Stock,Semiconductors,2,130.74000549316406,-15.798285634263731,92,91,D
LSE,Leishen Energy Holding Co. Ltd. Class A Ordinary Shares,Oil and Gas Field Machinery,32,4.369999885559082,-25.426624812408114,29,,A+
LSF,Laird Superfood Inc. Common Stock,Packaged Foods,120,4.559999942779541,-39.03743407550997,88,,A
LSH,Lakeside Holding Limited Common Stock,,,0.41100001335144043,-71.84931488953382,8,35,E-
LSPD,Lightspeed Commerce Inc. Subordinate Voting Shares,Computer Software: Prepackaged Software,117,10.369999885559082,-25.01807705881598,46,20,C
LSTA,Lisata Therapeutics Inc. Common Stock,Misc Health and Biotechnology Services,13,3.700000047683716,-26.58730008554686,73,,A-
LSTR,Landstar System Inc. Common Stock,Trucking Freight/Courier Services,5,212.8699951171875,-5.5464348719093115,86,58,C
LTBR,Lightbridge Corporation Common Stock,Professional Services,104,7.699999809265137,-72.22222222222221,12,,E
LTC,LTC Properties Inc. Common Stock,Real Estate Investment Trusts,46,39.66999816894531,0.0,61,50,C
LTH,Life Time Group Holdings Inc. Common Stock,Hotels/Resorts,39,41.470001220703125,-1.1442181966785148,89,92,B+
LTM,LATAM Airlines Group S.A. American Depositary Shares (each representing two thousand (2000) shares of Common Stock),Air Freight/Delivery Services,18,53.33000183105469,-21.90155627746546,57,75,C
LTRN,Lantern Pharma Inc. Common Stock,Biotechnology: Pharmaceutical Preparations,85,3.4600000381469727,-34.96240739656869,77,,B+
LTRX,Lantronix Inc. Common Stock,Computer Communications Equipment,15,5.309999942779541,-37.159762572333946,61,54,C-
LU,Lufax Holding Ltd American Depositary Shares each representing two (2) Ordinary Shares,Finance: Consumer Services,119,1.25,-71.59090970665953,10,,E-
LUCD,Lucid Diagnostics Inc. Common Stock,Medical/Dental Instruments,113,0.991100013256073,-32.57823170295576,27,20,A-
LUCK,Lucky Strike Entertainment Corporation Class A Common Stock,Services-Misc. Amusement & Recreation,89,7.349999904632568,-32.789979846674264,26,43,E+
LUCY,Innovative Eyewear Inc. Common Stock,Ophthalmic Goods,113,1.0499999523162842,-53.12500232830642,19,,A+
LUD,Luda Technology Group Limited Ordinary Shares,Steel/Iron Ore,46,4.429999828338623,-77.5126920975935,17,,E-
LULU,lululemon athletica inc. Common Stock,Apparel,40,120.30000305175781,-49.13534064274787,15,49,E
LUMN,Lumen Technologies Inc. Common Stock,Telecommunications Equipment,73,6.449999809265137,-45.477600584425815,42,20,E
LUNG,Pulmonx Corporation Common Stock,Medical/Dental Instruments,113,1.4600000381469727,-61.37566007414061,27,20,C-
LUNR,Intuitive Machines Inc. Class A Common Stock,Industrial Machinery/Components,68,15.149999618530273,-66.8490167054522,36,20,E-
LUV,Southwest Airlines Company Common Stock,Air Freight/Delivery Services,18,47.91999816894531,-11.793513541220857,78,88,B-
LUXE,LuxExperience B.V. American Depositary Shares each representing one Ordinary Share,Catalog/Specialty Distribution,59,7.670000076293945,-27.02188478344153,36,36,E
LVLU,Lulu's Fashion Lounge Holdings Inc. Common Stock,Catalog/Specialty Distribution,59,8.319999694824219,-68.19571963549808,80,20,E-
LVO,LiveOne Inc. Common Stock,Restaurants,101,5.090000152587891,-34.1526501936804,55,20,B-
LVS,Las Vegas Sands Corp. Common Stock,Hotels/Resorts,39,45.900001525878906,-33.21637346404835,29,77,D-
LVWR,LiveWire Group Inc. Common Stock,Motor Vehicles,125,0.7127000093460083,-88.5233493563927,4,20,B+
LW,Lamb Weston Holdings Inc. Common Stock,Packaged Foods,120,46.97999954223633,-27.77559488029088,48,46,C
LWAY,Lifeway Foods Inc. Common Stock,Packaged Foods,120,31.75,-6.120637828216802,81,85,D-
LWLG,Lightwave Logic Inc. Common Stock,Containers/Packaging,56,6.46999979019165,-64.48957171228096,95,,E
LX,LexinFintech Holdings Ltd. American Depositary Shares,Finance: Consumer Services,119,1.4900000095367432,-77.46861873095679,9,38,E-
LXEH,Lixiang Education Holding Co. Ltd. American Depositary Shares,Other Consumer Services,125,1.2799999713897705,-96.04938299040697,8,,E-
LXEO,Lexeo Therapeutics Inc. Common Stock,Biotechnology: Biological Products (No Diagnostic Substances),65,4.644999980926514,-56.302916924560954,20,20,B-
LXFR,Luxfer Holdings PLC Ordinary Shares,Major Chemicals,59,17.040000915527344,-10.691818743898962,82,,C
LXP,LXP Industrial Trust Common Stock (Maryland REIT),Real Estate Investment Trusts,46,54.66999816894531,-2.8952061992964517,71,37,C+
LXRX,Lexicon Pharmaceuticals Inc. Common Stock,Biotechnology: Pharmaceutical Preparations,85,2.1700000762939453,-17.80303067932224,90,20,A
LXU,LSB Industries Inc. Common Stock,Major Chemicals,59,11.260000228881836,-33.293834190152495,58,80,E+
LYB,LyondellBasell Industries NV Ordinary Shares Class A (Netherlands),Major Chemicals,59,58.31999969482422,-28.465544305659606,47,34,E+
LYEL,Lyell Immunopharma Inc. Common Stock,Biotechnology: Pharmaceutical Preparations,85,14.329999923706055,-62.875646398500685,26,20,E-
LYFT,Lyft Inc. Class A Common Stock,Business Services,80,15.670000076293945,-36.22303512036713,43,,B-
LYG,Lloyds Banking Group Plc American Depositary Shares,Commercial Banks,8,5.889999866485596,-4.538090864603905,72,,C+
LYTS,LSI Industries Inc. Common Stock,Building Products,53,23.75,-11.38059449211788,75,84,C-
LYV,Live Nation Entertainment Inc. Common Stock,Services-Misc. Amusement & Recreation,89,183.25,-1.7900189739230798,72,,C+
LZ,LegalZoom.com Inc. Common Stock,EDP Services,125,7.71999979019165,-30.948125407316162,49,54,B+
LZB,La-Z-Boy Incorporated Common Stock,Home Furnishings,42,38.77000045776367,-7.359613210648042,60,65,B
LZM,Lifezone Metals Limited Ordinary Shares,Metal Mining,97,3.3299999237060547,-45.40983646283129,20,,D-
LZMH,LZ Technology Holdings Limited Class B Ordinary Shares,EDP Services,125,1.2599999904632568,-99.19949171580534,1,,A
M,Macy's Inc Common Stock,Department/Specialty Retail Stores,44,22.780000686645508,-12.249609052294563,81,71,C+
MA,Mastercard Incorporated Common Stock,Business Services,80,537.7000122070312,-9.668306470888188,45,73,C+
MAA,Mid-America Apartment Communities Inc. Common Stock,Real Estate Investment Trusts,46,135.88999938964844,-8.151732565078317,50,38,D+
MAAS,Maase Inc. Class A Ordinary Shares,Investment Managers,73,13.239999771118164,-37.66478383337029,98,,A
MAC,Macerich Company (The) Common Stock,Real Estate Investment Trusts,46,24.75,-4.181184385969983,83,20,C-
MAGN,Magnera Corporation Common Stock,Paper,121,12.989999771118164,-14.875494257643297,63,35,B-
MAIA,MAIA Biotechnology Inc. Common Stock,Biotechnology: Pharmaceutical Preparations,85,1.4199999570846558,-51.86440901248077,35,,B+
MAIN,Main Street Capital Corporation Common Stock,Finance/Investors Services,77,52.5099983215332,-16.60399578233208,38,71,D-
MAKO,Mako Mining Corp Common Stock,,,7.239999771118164,-16.781610001785673,79,,E
MAMA,Mama's Creations Inc. Common Stock,Specialty Foods,91,19.030000686645508,-7.845031292063853,91,81,D-
MAMO,Massimo Group Common Stock,Industrial Specialties,88,1.0099999904632568,-80.87121306194196,14,,A
MAN,ManpowerGroup Common Stock,Professional Services,104,40.619998931884766,-6.710069370675398,80,31,A
MANE,Veradermics Incorporated Common Stock,Biotechnology: Pharmaceutical Preparations,85,110.18000030517578,-15.076309819501965,98,,A
MANH,Manhattan Associates Inc. Common Stock,Computer Software: Prepackaged Software,117,158.30999755859375,-30.547514318251988,48,55,B
MANU,Manchester United Ltd. Class A Ordinary Shares,Services-Misc. Amusement & Recreation,89,22.309999465942383,-5.184875414795631,82,96,B+
MAR,Marriott International Class A Common Stock,Hotels/Resorts,39,362.8699951171875,-9.854924376618168,68,53,D
MARA,MARA Holdings Inc. Common Stock,EDP Services,125,12.1899995803833,-46.62872373491596,44,20,C+
MAS,Masco Corporation Common Stock,Industrial Specialties,88,76.18000030517578,-7.961817814623129,68,61,C
MASK,3 E Network Technology Group Ltd Class A Ordinary Shares,EDP Services,125,1.809999942779541,-95.81502903403575,8,,A+
MASS,908 Devices Inc. Common Stock,Industrial Machinery/Components,68,7.949999809265137,-13.114752560589594,64,40,C
MAT,Mattel Inc. Common Stock,Recreational Games/Products/Toys,93,13.84000015258789,-37.54512523516937,23,35,C-
MATH,Metalpha Technology Holding Limited Ordinary Shares,Finance/Investors Services,77,0.9900000095367432,-75.24999976158142,11,,D
MATV,Mativ Holdings Inc. Common Stock,Paper,121,7.78000020980835,-47.15755019838133,29,70,D+
MATW,Matthews International Corporation Class A Common Stock,Metal Fabrications,45,26.6299991607666,-6.069481915780961,51,32,B-
MATX,Matson Inc. Common Stock,Marine Transportation,9,205.14999389648438,-0.42712463623084673,91,66,B-
MAX,MediaAlpha Inc. Class A Common Stock,Business Services,80,13.869999885559082,-0.9285722460065537,84,99,A-
MAYS,J. W. Mays Inc. Common Stock,Building operators,85,38.0,-30.909090909090907,40,11,E-
MAZE,Maze Therapeutics Inc. Common Stock,Biotechnology: Biological Products (No Diagnostic Substances),65,29.18000030517578,-43.70598857805952,68,20,B+
MB,MasterBeef Group Ordinary Shares,Restaurants,101,4.050000190734863,-73.42519519973908,11,,C+
MBAI,Check-Cap Ltd. Ordinary Share,Medical Electronics,128,1.1299999952316284,-64.24050745129716,24,,B+
MBAV,M3-Brigade Acquisition V Corp. Class A Ordinary shares,,,10.859999656677246,-1.8083250935932993,46,,A+
MBBC,Marathon Bancorp Inc. Common Stock,Banks,25,15.149999618530273,-2.1949655107280086,81,75,E
MBC,MasterBrand Inc. Common Stock,Home Furnishings,42,8.8100004196167,-36.25180452850396,28,29,C+
MBI,MBIA Inc. Common Stock,Property-Casualty Insurers,36,6.300000190734863,-22.509223836977764,53,,B
MBIN,Merchants Bancorp Common Stock,Major Banks,21,47.66999816894531,-5.341545688649807,76,65,D
MBIO,Mustang Bio Inc. Common Stock,Biotechnology: Pharmaceutical Preparations,85,0.6638000011444092,-74.95094425449932,14,,E-
MBLY,Mobileye Global Inc. Class A Common Stock,Computer Software: Prepackaged Software,117,9.75,-41.158719495658794,39,20,B-
MBOT,Microbot Medical Inc. Common Stock,Biotechnology: Biological Products (No Diagnostic Substances),65,1.8799999952316284,-58.222222328186035,19,,E+
MBRX,Moleculin Biotech Inc. Common Stock,Biotechnology: Pharmaceutical Preparations,85,2.2100000381469727,-89.42583694505166,10,,E-
MBUU,Malibu Boats Inc. Class A Common Stock,Marine Transportation,9,26.770000457763672,-32.26214537529256,35,29,C+
MBVI,M3-Brigade Acquisition VI Corp. Class A Ordinary Shares,,,10.15999984741211,-0.2944036722920318,46,,D+
MBWM,Mercantile Bank Corporation Common Stock,Major Banks,21,57.41999816894531,-2.5127390808017624,67,88,C
MBX,MBX Biosciences Inc. Common Stock,Biotechnology: Pharmaceutical Preparations,85,60.040000915527344,-8.628820952586402,98,11,A
MC,Moelis & Company Class A Common Stock,Investment Managers,73,63.61000061035156,-16.538408444851672,41,46,D-
MCB,Metropolitan Bank Holding Corp. Common Stock,Major Banks,21,97.16000366210938,-3.390669228460119,72,85,C
MCBS,MetroCity Bankshares Inc. Common Stock,Major Banks,21,35.70000076293945,-3.2258027823196533,77,91,B
MCD,McDonald's Corporation Common Stock,Restaurants,101,272.6099853515625,-19.078154776792587,35,58,D
MCFT,MasterCraft Boat Holdings Inc. Common Stock,Marine Transportation,9,24.15999984741211,-11.760406910342425,65,29,C
MCHB,Mechanics Bancorp Class A Common Stock,Major Banks,21,16.219999313354492,-0.8557536172002722,73,,C
MCHP,Microchip Technology Incorporated Common Stock,Semiconductors,2,84.2300033569336,-17.99240180339249,71,79,E
MCHX,Marchex Inc. Class B Common Stock,Computer Software: Prepackaged Software,117,1.7000000476837158,-20.187795476718485,41,20,B
MCK,McKesson Corporation Common Stock,Other Pharmaceuticals,139,812.280029296875,-18.330185506101216,48,85,D-
MCO,Moody's Corporation Common Stock,Finance: Consumer Services,119,495.7200012207031,-7.715408034312842,53,65,C+
MCRB,Seres Therapeutics Inc. Common Stock,Biotechnology: Pharmaceutical Preparations,85,5.619999885559082,-80.37024083025295,9,,E-
MCRI,Monarch Casino & Resort Inc. Common Stock,Hotels/Resorts,39,124.19000244140625,-7.230890437627602,81,76,C+
MCRP,Micropolis AI Robotics Ordinary Shares,Auto Parts:O.E.M.,59,1.3200000524520874,-69.99999945813961,14,,E-
MCS,Marcus Corporation (The) Common Stock,Movies/Entertainment,67,21.8700008392334,-12.133381375939422,82,40,A-
MCY,Mercury General Corporation Common Stock,Property-Casualty Insurers,36,110.36000061035156,-0.6839471899255711,82,82,B
MD,Pediatrix Medical Group Inc. Common Stock,Hospital/Nursing Management,66,26.139999389648438,-4.563709484682999,86,87,C+
MDA,MDA Space Ltd. Common Shares,Electronic Components,6,31.469999313354492,-35.35332967118219,49,,E-
MDAI,Spectral AI Inc. Class A Common Stock,Medical/Dental Instruments,113,1.6799999475479126,-41.25874093811379,28,32,E-
MDB,MongoDB Inc. Class A Common Stock,Computer Software: Prepackaged Software,117,337.9700012207031,-23.293237281231526,80,63,A-
MDBH,MDB Capital Holdings LLC Class A common,Finance: Consumer Services,119,3.4200000762939453,-27.09443429080256,34,,A-
MDCX,Medicus Pharma Ltd. Common Stock,Biotechnology: Pharmaceutical Preparations,85,0.37220001220703125,-88.54769193209134,8,,B
MDGL,Madrigal Pharmaceuticals Inc. Common Stock,Biotechnology: Pharmaceutical Preparations,85,531.0,-11.91546788539205,70,4,C-
MDIA,Mediaco Holding Inc. Class A Common Stock,Broadcasting,97,1.0199999809265137,-32.00000127156576,72,20,C
MDLN,Medline Inc. Class A Common Stock,Medical/Dental Instruments,113,40.58000183105469,-18.8237638156861,39,33,D+
MDLZ,Mondelez International Inc. Class A Common Stock,Packaged Foods,120,59.86000061035156,-12.45316628182065,48,70,D
MDRR,Medalist Diversified Inc. Common Stock,Real Estate Investment Trusts,46,11.210000038146973,-21.128873786667036,40,,B+
MDT,Medtronic plc. Ordinary Shares,Biotechnology: Electromedical & Electrotherapeutic Apparatus,68,83.56999969482422,-18.71136239686775,36,57,C
MDU,MDU Resources Group Inc. Common Stock (Holding Company),Mining & Quarrying of Nonmetallic Minerals (No Fuels),79,21.31999969482422,-5.867834559844621,59,42,D
MDV,Modiv Industrial Inc. Class C Common Stock,Real Estate Investment Trusts,46,17.530000686645508,-5.564556483390925,76,20,B
MDWD,MediWound Ltd. Ordinary Shares,Medicinal Chemicals and Botanical Products,135,14.25,-32.14285714285714,22,20,E+
MDXG,MiMedx Group Inc Common Stock,Biotechnology: Pharmaceutical Preparations,85,4.079999923706055,-48.74371979706865,23,40,B-
MDXH,MDxHealth SA Ordinary Shares,Medical Specialities,30,0.4300999939441681,-91.39800012111664,2,4,E-
MEC,Mayville Engineering Company Inc. Common Stock,Industrial Specialties,88,32.83000183105469,-12.546614197136318,95,4,B+
MED,MEDIFAST INC Common Stock,Packaged Foods,120,11.029999732971191,-27.4819217271023,38,20,B-
MEDP,Medpace Holdings Inc. Common Stock,Biotechnology: Commercial Physical & Biological Resarch,20,530.1900024414062,-14.566786526061282,63,91,C+
MEGL,Magic Empire Global Limited Class A Ordinary Shares,Finance: Consumer Services,119,1.1699999570846558,-37.16434133858076,37,,A-
MEI,Methode Electronics Inc. Common Stock,Electrical Products,4,15.819999694824219,-18.537592004771707,97,4,A
MELI,MercadoLibre Inc. Common Stock,Business Services,80,1867.300048828125,-25.634313806419552,35,56,D
MENS,Jyong Biotech Ltd. Ordinary Shares,Biotechnology: Pharmaceutical Preparations,85,2.2100000381469727,-96.63212443516382,10,,A-
MEOH,Methanex Corporation Common Stock,Major Chemicals,59,50.91999816894531,-22.264126418255792,64,29,C
MERC,Mercer International Inc. Common Stock,Paper,121,0.5845000147819519,-86.59403676873715,5,20,E-
MESO,Mesoblast Limited American Depositary Shares,Biotechnology: Biological Products (No Diagnostic Substances),65,16.219999313354492,-22.614503712596033,53,,B
MET,MetLife Inc. Common Stock,Life Insurance,21,93.02999877929688,0.0,74,80,C+
META,Meta Platforms Inc. Class A Common Stock,Computer Software: Programming Data Processing,111,656.72998046875,-16.59715825253646,43,89,B+
METC,Ramaco Resources Inc. Class A Common Stock,Coal Mining,108,12.630000114440918,-76.84692888893706,19,20,E+
METCB,Ramaco Resources Inc. Class B Common Stock,Coal Mining,108,8.020000457763672,-62.09674511514871,18,20,A-
MFA,MFA Financial Inc.,Real Estate Investment Trusts,46,9.40999984741211,-6.003717135690689,55,40,D+
MFC,Manulife Financial Corporation Common Stock,Life Insurance,21,41.290000915527344,-0.4820456853421917,73,77,D
MFG,Mizuho Financial Group Inc. Sponosred ADR (Japan),Major Banks,21,10.489999771118164,0.0,88,83,B-
MFI,mF International Limited Class A Ordinary Shares,EDP Services,125,8.479999542236328,-82.25941490044717,7,,A
MFIC,MidCap Financial Investment Corporation Common Stock,Finance/Investors Services,77,9.770000457763672,-17.941964172717604,31,30,E+
MFIN,Medallion Financial Corp. Common Stock,Finance: Consumer Services,119,9.979999542236328,-5.121950003286568,57,38,B+
MG,Mistras Group Inc Common Stock,Military/Government/Technical,101,16.190000534057617,-16.02697117499695,83,82,E+
MGA,Magna International Inc. Common Stock,Auto Parts:O.E.M.,59,64.06999969482422,-5.9867963898803005,78,34,D+
MGEE,MGE Energy Inc,Electric Utilities: Central,59,82.16999816894531,-4.82665450966735,47,61,D
MGIH,Millennium Group International Holdings Limited Ordinary Shares,Publishing,104,1.5,-46.42857051625542,38,,A
MGLD,The Marygold Companies Inc. Common Stock,Finance: Consumer Services,119,1.1299999952316284,-13.076920255401326,60,35,B
MGM,MGM Resorts International Common Stock,Hotels/Resorts,39,47.2400016784668,-6.806070313097923,81,39,B+
MGN,Megan Holdings Limited Class A Ordinary Shares,Farming/Seeds/Milling,101,0.11349999904632568,-97.65979378808,3,,A+
MGNI,Magnite Inc. Common Stock,Computer Software: Programming Data Processing,111,20.40999984741211,-23.03921759006936,81,99,A-
MGNX,MacroGenics Inc. Common Stock,Biotechnology: Pharmaceutical Preparations,85,4.5,-7.40740995112027,96,,A
MGPI,MGP Ingredients Inc.,Beverages (Production/Distribution),93,17.510000228881836,-44.90128751758543,23,20,C+
MGRC,McGrath RentCorp Common Stock,Diversified Commercial Services,97,117.16999816894531,-7.114422670127418,50,51,D+
MGRT,Mega Fortune Company Limited Ordinary Shares,EDP Services,125,80.55999755859375,-43.34739853200145,99,,D-
MGRX,Mangoceuticals Inc. Common Stock,Misc Health and Biotechnology Services,13,0.3601999878883362,-86.85401508632711,12,,E-
MGTX,MeiraGTx Holdings plc Ordinary Shares,Biotechnology: Biological Products (No Diagnostic Substances),65,12.34000015258789,-15.825373253559494,88,33,A-
MGX,Metagenomi Therapeutics Inc. Common Stock,Biotechnology: Biological Products (No Diagnostic Substances),65,1.3200000524520874,-60.59701223791926,20,,B-
MGY,Magnolia Oil & Gas Corporation Class A Common Stock,Oil & Gas Production,35,26.700000762939453,-17.00529195766861,54,42,E+
MGYR,Magyar Bancorp Inc. Common Stock,Savings Institutions,15,17.309999465942383,-5.789731073679983,45,60,B-
MH,McGraw Hill Inc. Common Stock,Publishing,104,10.520000457763672,-41.523065082786246,21,20,C
MHH,Mastech Digital Inc Common Stock,Professional Services,104,7.409999847412109,-9.413208178934473,55,80,A-
MHK,Mohawk Industries Inc. Common Stock,Home Furnishings,42,107.66000366210938,-22.962430295449465,41,92,C-
MHO,M/I Homes Inc. Common Stock,Homebuilding,56,146.07000732421875,-10.386498574098923,66,39,B-
MI,NFT Limited Class A Ordinary Share,Other Specialty Stores,113,9.920000076293945,-49.97478510105822,99,,D-
MIAX,Miami International Holdings Inc. Common Stock,Investment Bankers/Brokers/Service,77,42.310001373291016,-25.562981597978297,55,,D+
MICC,The Magnum Ice Cream Company N.V. Ordinary Shares,Specialty Foods,91,18.459999084472656,-7.096133342766087,77,,B+
MIDD,Middleby Corporation (The) Common Stock,Industrial Machinery/Components,68,134.9199981689453,-6.414313234409564,66,20,B
MIMI,Mint Incorporation Limited Class A Ordinary Shares,Business Services,80,2.9600000381469727,-97.24651159242143,14,,A+
MIND,MIND Technology Inc. Common Stock (DE),Industrial Machinery/Components,68,5.360000133514404,-62.491251589763074,14,40,E
MINE,Mayfair Gold Corp. Common Shares,Oil & Gas Production,35,2.309999942779541,-50.21551704204747,13,,E
MIR,Mirion Technologies Inc. Class A Common Stock,Industrial Machinery/Components,68,16.190000534057617,-45.57983013762146,22,,D
MIRA,MIRA Pharmaceuticals Inc. Common Stock,Biotechnology: Pharmaceutical Preparations,85,0.9096999764442444,-54.96534727554838,23,,B
MIRM,Mirum Pharmaceuticals Inc. Common Stock,Biotechnology: Pharmaceutical Preparations,85,119.04000091552734,-7.412309143499785,91,4,A-
MIST,Milestone Pharmaceuticals Inc. Common Shares,Biotechnology: Pharmaceutical Preparations,85,1.2799999713897705,-56.61017116271567,13,4,E+
MITK,Mitek Systems Inc. Common Stock,Computer peripheral equipment,46,19.3799991607666,-3.773586156474573,94,79,A-
MITQ,Moving iMage Technologies Inc. Common Stock,Industrial Machinery/Components,68,0.6252999901771545,-58.86184223528714,36,20,A-
MITT,TPG Mortgage Investment Trust Inc. Common Stock,Real Estate Investment Trusts,46,7.630000114440918,-11.750570873337484,53,40,D
MKC,McCormick & Company Incorporated Common Stock,Packaged Foods,120,53.75,-23.79307375752916,33,68,B
MKDW,MKDWELL Tech Inc. Ordinary Share,Consumer Electronics/Appliances,122,11.609999656677246,-3.250002861022949,93,,A
MKL,Markel Group Inc. Common Stock,Property-Casualty Insurers,36,1962.27001953125,-10.476294221600257,43,40,D+
MKSI,MKS Inc. Common Stock,Industrial Machinery/Components,68,352.0299987792969,-20.856562850638273,97,78,B-
MKTW,MarketWise Inc. Class A Common Stock,Computer Software: Prepackaged Software,117,20.610000610351562,0.0,84,35,C
MKTX,MarketAxess Holdings Inc. Common Stock,Investment Bankers/Brokers/Service,77,115.37000274658203,-45.9096396510151,15,85,E+
MKZR,MacKenzie Realty Capital Inc. Common Stock,Real Estate Investment Trusts,46,1.7100000381469727,-77.49999921572834,6,11,E-
MLAB,Mesa Laboratories Inc. Common Stock,Industrial Machinery/Components,68,94.94999694824219,-12.993677872315402,60,89,E
MLCI,Mount Logan Capital Inc. Common Stock,Investment Managers,73,3.4100000858306885,-59.83475964452023,18,,B+
MLCO,Melco Resorts & Entertainment Limited American Depositary Shares,Hotels/Resorts,39,5.420000076293945,-46.495557600562975,24,96,D-
MLEC,Moolec Science SA Ordinary Shares,Blank Checks,73,7.422399997711182,-90.16249132150017,33,,A
MLGO,MicroAlgo Inc. Class A Ordinary Shares,EDP Services,125,3.8499999046325684,-82.77404993771461,19,,A-
MLI,Mueller Industries Inc. Common Stock,Metal Fabrications,45,56.439998626708984,-19.63446774440607,53,78,E
MLKN,MillerKnoll Inc. Common Stock,Office Equipment/Supplies/Services,56,20.270000457763672,-9.48973479761337,72,97,A-
MLM,Martin Marietta Materials Inc. Common Stock,Mining & Quarrying of Nonmetallic Minerals (No Fuels),79,569.3499755859375,-19.38202591914583,36,95,D-
MLP,Maui Land & Pineapple Company Inc. Common Stock,Real Estate,89,16.290000915527344,-18.222887283452017,41,,A-
MLR,Miller Industries Inc. Common Stock,Construction/Ag Equipment/Trucks,37,48.79999923706055,-7.802760333087289,61,38,C-
MLSS,Milestone Scientific Inc. Common Stock,Industrial Specialties,88,0.3944999873638153,-41.11940633775283,62,,E-
MLTX,MoonLake Immunotherapeutics Class A Ordinary Shares,Biotechnology: Pharmaceutical Preparations,85,20.40999984741211,-67.07533586903928,78,20,C+
MLYS,Mineralys Therapeutics Inc. Common Stock,Biotechnology: Pharmaceutical Preparations,85,27.59000015258789,-41.70716440901291,60,20,D-
MMA,Mixed Martial Arts Group Limited Ordinary Shares,Other Consumer Services,125,0.4722999930381775,-74.0494516798586,14,,A
MMED,MiniMed Group Inc. Common Stock,Medical/Dental Instruments,113,16.100000381469727,-12.925902754102115,43,,A-
MMI,Marcus & Millichap Inc. Common Stock,Real Estate,89,30.459999084472656,-6.616921025988631,60,20,C-
MMLP,Martin Midstream Partners L.P. Limited Partnership,Oil Refining/Marketing,133,2.2699999809265137,-34.40010748354159,23,,E
MMM,3M Company Common Stock,Medical/Dental Instruments,113,157.6999969482422,-8.809998739137193,49,68,D+
MMS,Maximus Inc. Common Stock,Business Services,80,58.36000061035156,-40.41540392611891,22,60,E+
MMSI,Merit Medical Systems Inc. Common Stock,Medical/Dental Instruments,113,73.26000213623047,-21.73076567251687,35,84,C
MMYT,MakeMyTrip Limited Ordinary Shares,Transportation Services,104,57.08000183105469,-44.695279200286286,38,52,A-
MNDO,MIND C.T.I. Ltd. Ordinary Shares,EDP Services,125,1.0299999713897705,-30.405408235428677,32,44,B+
MNDR,Mobile-health Network Solutions Class A Ordinary Shares,Computer Software: Prepackaged Software,117,3.319999933242798,-91.07526917969757,7,,A
MNDY,monday.com Ltd. Ordinary Shares,Computer Software: Prepackaged Software,117,86.83999633789062,-70.28469776903381,29,77,B+
MNKD,MannKind Corporation Common Stock,Biotechnology: Pharmaceutical Preparations,85,4.039999961853027,-34.9436403053785,63,40,A-
MNOV,Medicinova Inc Common Stock,Biotechnology: Pharmaceutical Preparations,85,1.3600000143051147,-27.659573523692814,44,,A
MNPR,Monopar Therapeutics Inc. Common Stock,Biotechnology: Pharmaceutical Preparations,85,103.33000183105469,-3.067539108699191,94,4,A-
MNRO,Monro Inc. Common Stock,Automotive Aftermarket,133,16.510000228881836,-28.51778030402753,45,29,C
MNSB,MainStreet Bancshares Inc. Common Stock,Major Banks,21,24.190000534057617,-3.6254973449479477,66,73,B
MNSBP,MainStreet Bancshares Inc. Depositary Shares,Major Banks,21,25.334999084472656,-0.6470624138327219,53,,D+
MNSO,MINISO Group Holding Limited American Depositary Shares each representing four Ordinary Shares,Department/Specialty Retail Stores,44,11.420000076293945,-56.08598489940921,15,57,E
MNST,Monster Beverage Corporation,Beverages (Production/Distribution),93,97.06999969482422,-0.5837768316133807,85,89,C+
MNTK,Montauk Renewables Inc. Common Stock,Natural Gas Distribution,25,1.649999976158142,-33.7349409703368,52,,B-
MNTN,MNTN Inc. Class A Common Stock,Advertising,109,10.430000305175781,-66.85732274309346,32,63,A
MNTS,Momentus Inc. Class A Common Stock,Military/Government/Technical,101,5.590000152587891,-83.61047101867882,26,,A
MNY,MoneyHero Limited Class A Ordinary Shares,Business Services,80,0.9172999858856201,-58.68018134847184,20,20,E-
MO,Altria Group Inc.,Medicinal Chemicals and Botanical Products,135,71.87000274658203,-2.943957076749959,71,72,C-
MOB,Mobilicom Limited Ordinary Shares,Aerospace,93,5.070000171661377,-50.29411503462913,48,,B
MOBX,Mobix Labs Inc. Class A Common Stock,Semiconductors,2,1.9299999475479126,-84.04958771320729,11,11,A
MOD,Modine Manufacturing Company Common Stock,Auto Parts:O.E.M.,59,234.27999877929688,-23.65994734378052,91,94,E-
MODD,Modular Medical Inc. Common Stock,Medical/Dental Instruments,113,3.990000009536743,-82.52299595764066,8,,A-
MOGU,MOGU Inc. American Depositary Shares (each  representing 25 Class A Ordinary Shares),Business Services,80,1.9500000476837158,-60.999999046325684,22,20,A-
MOH,Molina Healthcare Inc Common Stock,Medical Specialities,30,242.8800048828125,0.0,85,35,A-
MOLN,Molecular Partners AG American Depositary Shares,Biotechnology: Biological Products (No Diagnostic Substances),65,4.009900093078613,-21.758046964319743,44,,C+
MOMO,Hello Group Inc. American Depositary Shares,Computer Software: Prepackaged Software,117,6.119999885559082,-29.704673056900322,37,41,D
MORN,Morningstar Inc. Common Stock,Investment Managers,73,173.5500030517578,-40.40533459923438,29,89,C
MOS,Mosaic Company (The) Common Stock,Agricultural Chemicals,130,22.309999465942383,-38.240650824439015,24,29,D+
MOV,Movado Group Inc. Common Stock,Consumer Specialties,31,37.84000015258789,-4.396163713922774,94,80,A-
MOVE,Corvex Inc. Common Stock,Biotechnology: Electromedical & Electrotherapeutic Apparatus,68,15.079999923706055,-38.34832179826645,97,,C+
MP,MP Materials Corp. Common Stock,Metal Mining,97,49.5,-49.822605945916145,31,20,E+
MPAA,Motorcar Parts  of America Inc. Common Stock,Auto Parts:O.E.M.,59,14.359999656677246,-19.007332050579485,66,99,A-
MPB,Mid Penn Bancorp Common Stock,Major Banks,21,34.79999923706055,-2.466370685505792,64,66,C+
MPC,Marathon Petroleum Corporation Common Stock,Integrated oil Companies,6,296.8800048828125,0.0,90,95,C+
MPLT,MapLight Therapeutics Inc. Common Stock,Biotechnology: Pharmaceutical Preparations,85,36.56999969482422,-8.115576894857456,94,,B+
MPT,Medical Properties Trust Inc. common stock,Real Estate Investment Trusts,46,4.489999771118164,-22.557957681541406,39,63,D-
MPTI,M-tron Industries Inc. Common Stock,Industrial Machinery/Components,68,81.94000244140625,-18.669972762872213,87,83,E
MPU,Mega Matrix Inc. Class A Ordinary Shares,Diversified Commercial Services,97,0.24799999594688416,-93.76884435280438,4,,A+
MPV,Barings Participation Investors Common Stock,Finance Companies,53,15.819999694824219,-18.388013317311835,33,,D-
MPWR,Monolithic Power Systems Inc. Common Stock,Semiconductors,2,1291.3800048828125,-23.465406517263755,78,78,E-
MQ,Marqeta Inc. Class A Common Stock,Computer Software: Prepackaged Software,117,16.43000030517578,-39.86090597106248,33,63,B-
MRAM,Everspin Technologies Inc. Common Stock,Semiconductors,2,16.93000030517578,-61.53146795987885,93,20,C
MRBK,Meridian Corporation Common Stock,Major Banks,21,20.0,-2.1849833815143493,71,80,C-
MRCY,Mercury Systems Inc Common Stock,Electrical Products,4,98.26000213623047,-22.145628041352882,82,68,B-
MRDN,Meridian Holdings Inc. Common Stock,Computer Software: Prepackaged Software,117,14.329999923706055,-34.744988519428375,91,63,A
MREO,Mereo BioPharma Group plc American Depositary Shares,Biotechnology: Pharmaceutical Preparations,85,0.32100000977516174,-86.10389533651184,14,4,B+
MRK,Merck & Company Inc. Common Stock (new),Biotechnology: Pharmaceutical Preparations,85,124.02999877929688,-4.268291821166425,76,33,C
MRKR,Marker Therapeutics Inc. Common Stock,Biotechnology: Pharmaceutical Preparations,85,1.4600000381469727,-33.333333333333336,34,,B+
MRLN,Merlin Inc. Common Stock,EDP Services,125,4.289999961853027,-73.33747718353483,6,,E+
MRM,MEDIROM Healthcare Technologies Inc. American Depositary Share,Other Consumer Services,125,0.9750000238418579,-66.83673452837806,18,,A+
MRNA,Moderna Inc. Common Stock,Biotechnology: Biological Products (No Diagnostic Substances),65,67.01000213623047,-18.080685041257492,94,4,A-
MRNO,Murano Global Investments PLC Ordinary Shares,Hotels/Resorts,39,0.24150000512599945,-97.34264967848647,3,,A+
MRP,Millrose Properties Inc. Class A Common Stock,Real Estate,89,28.170000076293945,-12.210717915424995,42,,D+
MRSH,Marsh Common Stock,Specialty Insurers,91,181.52999877929688,-13.373757820791244,42,72,C+
MRT,Marti Technologies Inc. Class A Ordinary Shares,Rental/Leasing Companies,130,1.399999976158142,-53.94736862743991,14,,E-
MRTN,Marten Transport Ltd. Common Stock,Trucking Freight/Courier Services,5,17.40999984741211,-4.43663774488634,83,34,C-
MRVI,Maravai LifeSciences Holdings Inc. Class A Common Stock,Biotechnology: Pharmaceutical Preparations,85,6.360000133514404,-0.4694793990299484,96,20,A-
MRVL,Marvell Technology Inc. Common Stock,Semiconductors,2,217.52999877929688,-31.23797958773983,97,89,B+
MRX,Marex Group Limited Ordinary Shares,Investment Bankers/Brokers/Service,77,64.875,-7.703799751027107,92,97,B-
MS,Morgan Stanley Common Stock,Investment Bankers/Brokers/Service,77,221.08999633789062,-2.642124310518945,83,84,C-
MSA,MSA Safety Incorporated Common Stock,Industrial Specialties,88,168.55999755859375,-16.523003662582923,43,80,C-
MSAI,MultiSensor AI Holdings Inc. Common Stock,Electronic Components,6,5.050000190734863,-93.62373688721847,9,,A
MSB,Mesabi Trust Common Stock,Precious Metals,113,25.15999984741211,-37.82213636297646,26,46,D-
MSBI,Midland States Bancorp Inc. Common Stock,Major Banks,21,30.760000228881836,-1.9445348869377654,90,65,B
MSC,Studio City International Holdings Limited American depositary shares each representing four  Class A ordinary shares,Hotels/Resorts,39,1.75,-66.08527031492693,9,63,E-
MSCI,MSCI Inc. Common Stock,Business Services,80,620.22998046875,-3.665569481797004,62,82,C
MSEX,Middlesex Water Company Common Stock,Water Supply,73,55.41999816894531,-8.715508075285971,50,51,D
MSFT,Microsoft Corporation Common Stock,Computer Software: Prepackaged Software,117,390.989990234375,-27.414133461871682,33,93,B-
MSGE,Madison Square Garden Entertainment Corp. Class A Common Stock,Services-Misc. Amusement & Recreation,89,74.98999786376953,-7.362568633922695,89,43,C+
MSGM,Motorsport Games Inc. Class A Common Stock,Computer Software: Prepackaged Software,117,4.449999809265137,-16.353389742928314,86,52,C-
MSGS,Madison Square Garden Sports Corp. Class A Common Stock (New),Services-Misc. Amusement & Recreation,89,386.1099853515625,-4.198201989673711,89,32,C+
MSGY,Masonglory Limited Ordinary Shares,,,0.4575999975204468,-97.76998056865386,8,,A+
MSI,Motorola Solutions Inc. Common Stock,Radio And Television Broadcasting And Communications Equipment,10,418.05999755859375,-13.771759679912277,44,51,D
MSLE,Satellos Bioscience Inc. Common Stock,Biotechnology: Pharmaceutical Preparations,85,9.119999885559082,-29.90007897684015,87,,A+
MSM,MSC Industrial Direct Company Inc. Common Stock,Industrial Machinery/Components,68,123.98999786376953,0.0,85,62,B
MSN,Emerson Radio Corporation Common Stock,Consumer Electronics/Appliances,122,0.3635999858379364,-52.15789599993224,25,,B
MSS,Maison Solutions Inc. Class A Common Stock,Food Chains,50,0.5929999947547913,-95.73381287029494,3,38,E-
MSTR,Strategy Inc Common Stock Class A,Computer Software: Prepackaged Software,117,92.0999984741211,-79.7982014241849,9,20,E-
MT,Arcelor Mittal NY Registry Shares NEW,Steel/Iron Ore,46,65.91999816894531,-7.997213168047179,86,54,B-
MTA,Metalla Royalty & Streaming Ltd. Common Shares,Precious Metals,113,7.010000228881836,-22.5414355674989,63,,D-
MTB,M&T Bank Corporation Common Stock,Major Banks,21,242.5500030517578,0.0,70,73,C
MTC,MMTec Inc. Common Shares,Computer Software: Prepackaged Software,117,2.430000066757202,-73.17880845241717,85,,E-
MTCH,Match Group Inc. Common Stock,Computer Software: Programming Data Processing,111,38.540000915527344,-1.9837202068939686,72,87,B-
MTD,Mettler-Toledo International Inc. Common Stock,Biotechnology: Laboratory Analytical Instruments,59,1299.530029296875,-13.710972467593441,42,52,C+
MTDR,Matador Resources Company Common Stock,Oil & Gas Production,35,53.11000061035156,-18.30276861096255,54,30,E+
MTEK,Maris-Tech Ltd. Ordinary Shares,Telecommunications Equipment,73,1.059999942779541,-74.70167235551976,12,,C-
MTEN,Mingteng International Corporation Inc. Class A Ordinary Shares,Building Products,53,1.0800000429153442,-99.97464788631653,5,,A
MTEX,Mannatech Incorporated Common Stock,Medicinal Chemicals and Botanical Products,135,4.7399001121521,-53.4847859927605,17,63,A
MTG,MGIC Investment Corporation Common Stock,Property-Casualty Insurers,36,28.420000076293945,-3.73367159901149,53,50,D+
MTH,Meritage Homes Corporation Common Stock,Homebuilding,56,73.83000183105469,-13.32472227454481,57,42,B-
MTLS,Materialise NV American Depositary Shares,Computer Software: Prepackaged Software,117,6.840000152587891,-7.940776438519226,74,99,B
MTN,Vail Resorts Inc. Common Stock,Services-Misc. Amusement & Recreation,89,151.47000122070312,-2.13437865422198,60,42,B
MTNB,Matinas Biopharma Holdings Inc. Common Stock,Biotechnology: Pharmaceutical Preparations,85,0.47999998927116394,-79.66101649967769,16,,E-
MTR,Mesa Royalty Trust Common Stock,Oil & Gas Production,35,3.1700000762939453,-44.49328577169395,16,,E-
MTRN,Materion Corporation,Industrial Specialties,88,246.75,-17.02814894720056,95,74,C+
MTRX,Matrix Service Company Common Stock,Engineering & Construction,42,12.289999961853027,-22.313525923303846,43,63,D
MTSI,MACOM Technology Solutions Holdings Inc. Common Stock,Semiconductors,2,294.239990234375,-28.178091316449738,93,94,E
MTUS,Metallus Inc. Common Shares,Steel/Iron Ore,46,19.489999771118164,-9.39098296731482,61,56,D-
MTVA,MetaVia Inc. Common Stock,Biotechnology: Pharmaceutical Preparations,85,1.9900000095367432,-87.93939388159549,18,,A+
MTW,Manitowoc Company Inc. (The) Common Stock,Construction/Ag Equipment/Trucks,37,12.720000267028809,-16.039600083747086,46,59,C-
MTX,Minerals Technologies Inc. Common Stock,Major Chemicals,59,72.18000030517578,-12.731083363842666,59,63,D+
MTZ,MasTec Inc. Common Stock,Water Sewer Pipeline Comm & Power Line Construction,1,360.2099914550781,-17.668171375543306,89,72,D
MU,Micron Technology Inc. Common Stock,Semiconductors,2,937.0,-22.777276154670723,99,93,B-
MUFG,Mitsubishi UFJ Financial Group Inc. Common Stock,Commercial Banks,8,21.940000534057617,0.0,84,,C+
MUR,Murphy Oil Corporation Common Stock,Oil & Gas Production,35,34.900001525878906,-17.634115843620858,59,36,E+
MUSA,Murphy USA Inc. Common Stock,Retail-Auto Dealers and Gas Stations,117,610.7999877929688,-1.8842531206333835,85,80,C+
MUX,McEwen Inc. Common Stock,Precious Metals,113,17.469999313354492,-39.86230715260353,44,,C+
MVBF,MVB Financial Corp. Common Stock,Major Banks,21,28.81999969482422,-3.4182320795839938,64,83,B-
MVIS,MicroVision Inc. Common Stock,Industrial Machinery/Components,68,0.37709999084472656,-74.86000061035156,7,4,E
MVST,Microvast Holdings Inc. Common Stock,Industrial Machinery/Components,68,0.975600004196167,-84.75625016158446,6,20,E-
MWA,MUELLER WATER PRODUCTS Common Stock,Metal Fabrications,45,24.600000381469727,-18.78342178640786,35,77,D-
MWG,Multi Ways Holdings Limited Class A Ordinary Shares,Miscellaneous manufacturing industries,122,1.2300000190734863,-67.5461733125689,9,,E
MWH,SOLV Energy Inc. Class A Common Stock,Military/Government/Technical,101,27.31999969482422,-41.58648828858589,31,,E-
MWYN,Marwynn Holdings Inc. Common stock,Food Distributors,19,1.0099999904632568,-32.66666730244955,61,11,A
MX,Magnachip Semiconductor Corporation Common Stock,Semiconductors,2,3.809999942779541,-57.33482852658711,73,20,B
MXC,Mexco Energy Corporation Common Stock,Oil & Gas Production,35,8.539999961853027,-43.138868365034334,35,,C-
MXCT,MaxCyte Inc. Common Stock,Biotechnology: Commercial Physical & Biological Resarch,20,1.3799999952316284,-40.77253045413727,68,20,A-
MXL,MaxLinear Inc. Common Stock,Semiconductors,2,89.30000305175781,-30.250719438264895,99,75,A-
MYE,Myers Industries Inc. Common Stock,Plastic Products,23,30.440000534057617,-13.792128716588314,92,91,A-
MYFW,First Western Financial Inc. Common Stock,Major Banks,21,33.400001525878906,-0.1494745468464731,82,66,A-
MYGN,Myriad Genetics Inc. Common Stock,Biotechnology: In Vitro & In Vivo Diagnostic Substances,97,5.860000133514404,-28.361859231147324,57,20,B+
MYND,Mynd.ai Inc. American Depositary Shares,Other Consumer Services,125,0.3799999952316284,-64.15094191088453,26,,A+
MYO,Myomo Inc. Common Stock,Industrial Specialties,88,1.100000023841858,-49.0740749938988,66,20,E
MYPS,PLAYSTUDIOS Inc.  Class A Common Stock,Computer Software: Prepackaged Software,117,0.7628999948501587,-40.3984365701326,74,20,A
MYRG,MYR Group Inc. Common Stock,Water Sewer Pipeline Comm & Power Line Construction,1,411.8900146484375,-17.80775235265417,93,83,E+
MYSE,Myseum.AI Inc. Common Stock,Telecommunications Equipment,73,2.609999895095825,-31.49606471669052,86,,A
MYSZ,My Size Inc. Common Stock,Computer Software: Prepackaged Software,117,0.453000009059906,-68.49791234519165,10,4,A+
MZTI,The Marzetti Company Common Stock,Packaged Foods,120,114.11000061035156,-38.044702049575754,20,66,D
NA,Nano Labs Ltd Class A Ordinary Shares,Semiconductors,2,1.809999942779541,-79.64004642430609,8,,E-
NAAS,NaaS Technology Inc. American Depositary Shares,Other Specialty Stores,113,3.471299886703491,-20.565217903675403,73,,E
NABL,N-able Inc. Common Stock,Computer Software: Prepackaged Software,117,4.420000076293945,-47.99999910242418,22,53,B+
NAGE,Niagen Bioscience Inc. Common Stock,Medicinal Chemicals and Botanical Products,135,3.4700000286102295,-69.82608670773713,11,83,D-
NAII,Natural Alternatives International Inc. Common Stock,Medicinal Chemicals and Botanical Products,135,2.2100000381469727,-54.24430490567707,18,11,B
NAK,Northern Dynasty Minerals Ltd. Common Stock,Precious Metals,113,1.6399999856948853,-40.57971045791139,28,4,E+
NAKA,Nakamoto Inc. Common Stock,Medical/Nursing Services,25,3.369999885559082,-99.43908123268466,3,20,E+
NAMI,Jinxin Technology Holding Company American Depositary Shares,Other Consumer Services,125,3.4000000953674316,-90.62068939208984,3,,A
NAMM,Namib Minerals Ordinary Shares,Precious Metals,113,1.5399999618530273,-82.09302449368214,20,,A+
NAMS,NewAmsterdam Pharma Company N.V. Ordinary Shares,Biotechnology: Pharmaceutical Preparations,85,33.279998779296875,-19.71049899460411,56,,B-
NAT,Nordic American Tankers Limited Common Stock,Marine Transportation,9,6.090000152587891,-5.873255794842979,93,84,C
NATH,Nathan's Famous Inc. Common Stock,Restaurants,101,100.55000305175781,-9.05931839254307,45,86,D
NATL,NCR Atleos Corporation Common Stock,Office Equipment/Supplies/Services,56,45.470001220703125,-5.526698085145654,67,75,D+
NATR,Nature's Sunshine Products Inc. Common Stock,Biotechnology: Pharmaceutical Preparations,85,21.579999923706055,-22.37409886350834,57,73,D-
NAUT,Nautilus Biotechnology Inc. Common Stock,Biotechnology: Laboratory Analytical Instruments,59,1.7799999713897705,-54.93671012906533,78,20,E-
NAVI,Navient Corporation Common Stock,Investment Bankers/Brokers/Service,77,8.430000305175781,-41.01158094106307,26,63,C
NAVN,Navan Inc. Class A Common Stock,Computer Software: Prepackaged Software,117,26.1299991607666,-4.110094822874855,92,9,A
NB,NioCorp Developments Ltd. Common Stock,Metal Mining,97,4.300000190734863,-63.15338335370072,30,35,D
NBBK,NB Bancorp Inc. Common Stock,Banks,25,21.020000457763672,-6.831813787631635,53,66,D+
NBHC,National Bank Holdings Corporation Common Stock,Major Banks,21,44.65999984741211,-1.3038677405257215,63,45,C+
NBIS,Nebius Group N.V. Class A Ordinary Shares,Computer Software: Programming Data Processing,111,210.50999450683594,-26.57225828798826,97,45,C+
NBIX,Neurocrine Biosciences Inc. Common Stock,Biotechnology: Biological Products (No Diagnostic Substances),65,174.10000610351562,-3.5724158622103097,81,98,B
NBN,Northeast Bank Common Stock,Major Banks,21,131.1999969482422,-4.588755589165605,72,79,C
NBP,NovaBridge Biosciences American Depositary Shares,Biotechnology: Pharmaceutical Preparations,85,1.8600000143051147,-71.64634099803035,16,,B+
NBR,Nabors Industries Ltd.,Oil & Gas Production,35,83.66000366210938,-24.37855397350228,90,40,E+
NBRG,Newbridge Acquisition Limited Class A Ordinary Share,Blank Checks,73,9.970000267028809,-0.10019314294756887,46,,D+
NBTB,NBT Bancorp Inc. Common Stock,Major Banks,21,50.61000061035156,0.0,70,62,C
NBTX,Nanobiotix S.A. American Depositary Shares,Biotechnology: Pharmaceutical Preparations,85,39.150001525878906,-28.908658538528307,98,,B
NC,NACCO Industries Inc. Common Stock,Coal Mining,108,46.619998931884766,-20.3542182409171,49,67,D-
NCDL,Nuveen Churchill Direct Lending Corp. Common Stock,,,12.75,-15.506670750184636,41,51,D
NCEL,NewcelX Ltd. Ordinary Shares,Biotechnology: Pharmaceutical Preparations,85,4.0,-85.6630822412509,57,,A
NCEW,New Century Logistics (BVI) Limited Ordinary Shares,Integrated Freight & Logistics,141,16.200000762939453,-21.739129633543975,97,,B+
NCI,Neo-Concept International Group Holdings Limited Class A Ordinary Shares,Apparel,40,11.880000114440918,-87.62499988079071,92,,A
NCLH,Norwegian Cruise Line Holdings Ltd. Ordinary Shares,Marine Transportation,9,19.6299991607666,-27.13437723970975,32,99,C+
NCMI,National CineMedia Inc. Common Stock,Advertising,109,3.990000009536743,-19.137785612665148,54,44,B+
NCNA,NuCana plc American Depositary Share,Biotechnology: Pharmaceutical Preparations,85,1.2799999713897705,-89.33333357175192,6,20,E-
NCNO,nCino Inc. Common Stock,Computer Software: Prepackaged Software,117,17.399999618530273,-46.772712298880904,23,89,A-
NCPL,Netcapital Inc. Common Stock,Finance: Consumer Services,119,0.4620000123977661,-93.26530607279912,17,11,A+
NCRA,Nocera Inc. Common Stock,Farming/Seeds/Milling,101,1.4700000286102295,-97.51269024270125,2,,E-
NCSM,NCS Multistage Holdings Inc. Common Stock,Oilfield Services/Equipment,10,44.34000015258789,-47.95774443569074,47,40,B-
NCT,Intercont (Cayman) Limited Class A Ordinary shares,Restaurants,101,2.9200000762939453,-97.33211497696543,14,,A+
NCTY,The9 Limited American Depository Shares,Finance: Consumer Services,119,4.039999961853027,-64.65441947518045,13,,E-
NDAQ,Nasdaq Inc. Common Stock,Investment Bankers/Brokers/Service,77,89.20999908447266,-11.058138858262312,47,76,D-
NDLS,Noodles & Company Class A Common Stock,Restaurants,101,12.579999923706055,-20.379748279477994,95,4,B
NDRA,ENDRA Life Sciences Inc. Common Stock,Biotechnology: Electromedical & Electrotherapeutic Apparatus,68,5.5,-32.26600889759358,44,,E
NDSN,Nordson Corporation Common Stock,Industrial Machinery/Components,68,286.5899963378906,-5.9250319861548935,66,50,C-
NE,Noble Corporation plc A Ordinary Shares,Oil & Gas Production,35,41.790000915527344,-22.30501178510137,73,61,E
NECB,NorthEast Community Bancorp Inc. Common Stock,Banks,25,26.40999984741211,-5.8944113030723555,66,76,B
NEE,NextEra Energy Inc. Common Stock,EDP Services,125,88.37999725341797,-9.04440327693643,54,90,D
NEGG,Newegg Commerce Inc. Common Shares,Other Specialty Stores,113,13.869999885559082,-89.17167594495733,5,,E-
NEM,Newmont Corporation,Precious Metals,113,93.0999984741211,-29.135089179265037,47,95,E+
NEO,NeoGenomics Inc. Common Stock,Precision Instruments,38,14.109999656677246,-6.926122699889758,92,61,A-
NEOG,Neogen Corporation Common Stock,Biotechnology: In Vitro & In Vivo Diagnostic Substances,97,9.649999618530273,-14.827893349413646,80,20,C-
NEON,Neonode Inc. Common Stock,Industrial Machinery/Components,68,0.8245999813079834,-97.18566551952338,6,9,E-
NEOV,NeoVolta Inc. Common Stock,Industrial Machinery/Components,68,2.2200000286102295,-63.366335815640596,12,11,A+
NEPH,Nephros Inc. Common Stock,Medical/Dental Instruments,113,3.5899999141693115,-37.996546842456794,40,53,B+
NERV,Minerva Neurosciences Inc Common Stock,Biotechnology: Pharmaceutical Preparations,85,4.269999980926514,-47.087978408907205,81,20,A
NESR,National Energy Services Reunited Corp Ordinary Shares,Oilfield Services/Equipment,10,28.200000762939453,-5.780152103563996,97,73,A-
NET,Cloudflare Inc. Class A Common Stock,Computer Software: Prepackaged Software,117,269.5299987792969,-2.2733826291459036,88,20,B
NEU,NewMarket Corp Common Stock,Major Chemicals,59,757.22998046875,-12.157560009949353,57,53,C-
NEUP,Neuphoria Therapeutics Inc. Common Stock,Biotechnology: Pharmaceutical Preparations,85,3.490000009536743,-82.54999995231628,13,20,E-
NEWP,New Pacific Metals Corp. Common Shares,Precious Metals,113,3.950000047683716,-34.71074507182901,83,9,E
NEWT,NewtekOne Inc. Common Stock,Major Banks,21,14.729999542236328,-3.2194528002339906,78,57,B-
NEXA,Nexa Resources S.A. Common Shares,Metal Mining,97,13.779999732971191,-17.583730269863608,94,95,C+
NEXM,NexMetals Mining Corp. Common Shares,,,2.200000047683716,-72.30962869540537,13,,E+
NEXN,Nexxen International Ltd. Ordinary Shares,Computer Software: Programming Data Processing,111,9.869999885559082,-14.471404521788111,82,,A-
NEXR,Nexera Technologies Ltd Ordinary Shares,Other Specialty Stores,113,0.4401000142097473,-99.57804410226973,1,,A+
NEXT,NextDecade Corporation Common Stock,Oil & Gas Production,35,8.15999984741211,-32.00000127156576,68,,D
NFBK,Northfield Bancorp Inc. Common Stock (Delaware),Savings Institutions,15,14.619999885559082,-2.4683114823789154,72,60,C
NFE,New Fortress Energy Inc. Class A Common Stock,Oil/Gas Transmission,51,0.35260000824928284,-92.28446400427379,4,4,E-
NFG,National Fuel Gas Company Common Stock,Oil/Gas Transmission,51,80.91000366210938,-15.101559964513289,38,51,D
NFGC,New Found Gold Corp Common Shares,Precious Metals,113,1.4299999475479126,-58.90804770947573,17,,E+
NFLX,Netflix Inc. Common Stock,Consumer Electronics/Video Chains,140,73.83000183105469,-42.056395977654006,17,91,E
NG,Novagold Resources Inc.,Precious Metals,113,5.840000152587891,-58.8732378096411,19,11,E
NGEN,NervGen Pharma Corp. Common stock,,,1.9299999475479126,-67.67169153475037,9,,E-
NGG,National Grid Transco PLC National Grid PLC (NEW) American Depositary Shares,Natural Gas Distribution,25,83.27999877929688,-9.007112760672431,56,,D-
NGNE,Neurogene Inc. Common Stock,Biotechnology: Pharmaceutical Preparations,85,38.31999969482422,-10.550888052437656,94,,A
NGS,Natural Gas Services Group Inc. Common Stock,Oilfield Services/Equipment,10,40.56999969482422,-8.06707746912606,80,91,C+
NGVC,Natural Grocers by Vitamin Cottage Inc. Common Stock,Food Chains,50,32.68000030517578,-18.905108120956438,59,71,B-
NGVT,Ingevity Corporation Common Stock,Major Chemicals,59,71.5999984741211,-8.05188654335337,68,48,C
NHC,National HealthCare Corporation Common Stock,Hospital/Nursing Management,66,207.8699951171875,-4.83886065101744,91,65,B+
NHI,National Health Investors Inc. Common Stock,Real Estate Investment Trusts,46,75.9000015258789,-14.658517488914724,44,58,C
NHIC,NewHold Investment Corp III Class A Ordinary Shares,,,10.789999961853027,-5.681815055700334,52,,A-
NHTC,Natural Health Trends Corp. Common Stock,Consumer Specialties,31,1.8300000429153442,-57.145904360639236,12,20,E-
NI,NiSource Inc Common Stock,Power Generation,51,47.06999969482422,-4.095358722987386,58,55,D
NIC,Nicolet Bankshares Inc. Common Stock,Major Banks,21,164.5800018310547,-2.5115539090228456,70,44,B+
NICE,NICE Ltd American Depositary Shares,Computer Software: Prepackaged Software,117,103.4800033569336,-39.26160337930644,31,48,C-
NINE,Nine Energy Service Inc. Common Stock,Oilfield Services/Equipment,10,11.229999542236328,-13.681788280786932,82,4,A-
NIO,NIO Inc. American depositary shares each  representing one Class A ordinary share,Auto Manufacturing,138,4.929999828338623,-37.51584395736411,34,20,D-
NIPG,NIP Group Inc. American Depositary Shares,Services-Misc. Amusement & Recreation,89,6.399899959564209,-91.11125005616081,3,,E-
NIQ,NIQ Global Intelligence plc Ordinary Shares,Computer Software: Programming Data Processing,111,11.069999694824219,-43.92097354012703,26,20,B+
NIU,Niu Technologies American Depositary Shares,Auto Manufacturing,138,2.1500000953674316,-61.33093313859624,14,20,E
NIVF,NewGenIvf Group Limited Class A Ordinary Shares,Misc Health and Biotechnology Services,13,1.409999966621399,-99.75289168823159,1,,A+
NIXX,Nixxy Inc. Common Stock,EDP Services,125,1.1399999856948853,-48.64864995481324,52,,A
NJR,NewJersey Resources Corporation Common Stock,Oil/Gas Transmission,51,59.209999084472656,0.0,73,46,C+
NKE,Nike Inc. Common Stock,Shoe Manufacturing,68,43.7599983215332,-43.25994873154953,24,80,C+
NKLR,Terra Innovatum Global N.V. Ordinary shares,Metal Fabrications,45,4.639999866485596,-74.58926720522977,17,,D-
NKSH,National Bankshares Inc. Common Stock,Major Banks,21,35.9900016784668,-5.585560756679464,63,67,C+
NKTR,Nektar Therapeutics  Common Stock,Biotechnology: Pharmaceutical Preparations,85,68.31999969482422,-31.91828526789363,88,20,C+
NKTX,Nkarta Inc. Common Stock,Biotechnology: Pharmaceutical Preparations,85,2.7899999618530273,-23.97820425468664,83,20,B
NL,NLI Holdings Inc. Common Stock,Major Chemicals,59,5.96999979019165,-28.73993622108929,50,84,B+
NLOP,Net Lease Office Properties Common Shares of Beneficial Interest,Real Estate Investment Trusts,46,11.199999809265137,-16.23036720170625,48,69,D-
NLY,Annaly Capital Management Inc. Common Stock,Real Estate Investment Trusts,46,22.530000686645508,-2.0008659810886287,63,77,C
NMAD,Nomad Power Solutions Inc. Common Stock,Biotechnology: Pharmaceutical Preparations,85,5.639999866485596,-29.8507475964501,90,,B+
NMAX,Newsmax Inc. Class B Common Stock,Broadcasting,97,8.399999618530273,-46.22279334139947,49,,A-
NMFC,New Mountain Finance Corporation Common Stock,Finance/Investors Services,77,6.989999771118164,-25.720628010692437,28,32,E+
NMG,Nouveau Monde Graphite Inc. Common Shares,Other Metals and Minerals,135,1.5199999809265137,-70.01972525716053,17,,E+
NMIH,NMI Holdings Inc. Common Stock,Property-Casualty Insurers,36,41.529998779296875,-0.6697024271637875,57,83,C+
NMR,Nomura Holdings Inc ADR American Depositary Shares,Investment Bankers/Brokers/Service,77,9.619999885559082,-0.41407828659275614,76,67,C+
NMRA,Neumora Therapeutics Inc. Common Stock,Biotechnology: Biological Products (No Diagnostic Substances),65,1.600000023841858,-55.431753144983546,35,20,A
NMRK,Newmark Group Inc. Class A Common Stock,Real Estate,89,15.09000015258789,-22.328800986933494,44,94,C-
NMTC,NeuroOne Medical Technologies Corporation Common Stock,Medical/Dental Instruments,113,2.6600000858306885,-58.17610015739374,11,11,A-
NN,NextNav Inc. Common Stock,Industrial Machinery/Components,68,15.4399995803833,-34.54853971804875,49,,E+
NNBR,NN Inc. Common Stock,Industrial Machinery/Components,68,3.4200000762939453,-14.28571257845629,96,36,A+
NNDM,Nano Dimension Ltd. American Depositary Shares,Electrical Products,4,1.4800000190734863,-30.841123994255227,32,20,E-
NNE,Nano Nuclear Energy Inc. Common Stock,Electric Utilities: Central,59,18.020000457763672,-68.17940999844058,14,11,E
NNI,Nelnet Inc. Common Stock,Finance: Consumer Services,119,131.8800048828125,-8.331028233093996,46,42,D+
NNN,NNN REIT Inc. Common Stock,Real Estate Investment Trusts,46,47.36000061035156,-0.3576649974991408,65,48,C
NNNN,Anbio Biotechnology Class A Ordinary Shares,Biotechnology: In Vitro & In Vivo Diagnostic Substances,97,9.970000267028809,-80.86372253546021,4,,E-
NNOX,NANO-X IMAGING LTD Ordinary Shares,Medical Electronics,128,1.0499999523162842,-80.80438770401679,5,20,A-
NNVC,NanoViricides Inc. Common Stock,Biotechnology: Pharmaceutical Preparations,85,1.649999976158142,-18.71921185158807,86,11,A+
NOA,North American Construction Group Ltd. Common Shares (no par),Oilfield Services/Equipment,10,13.609999656677246,-18.366512141500067,35,,E+
NOAH,Noah Holdings Limited American Depositary Shares,Investment Managers,73,8.699999809265137,-19.882994148390086,35,39,C-
NOC,Northrop Grumman Corporation Common Stock,Industrial Machinery/Components,68,541.8200073242188,-29.141868417099413,33,,D-
NODK,NI Holdings Inc. Common Stock,Property-Casualty Insurers,36,15.850000381469727,-2.939372593257139,72,,B+
NOEM,CO2 Energy Transition Corp. Common Stock,,,10.482799530029297,0.0,49,,D
NOG,Northern Oil and Gas Inc. Common Stock,Oil & Gas Production,35,20.360000610351562,-31.348621403401,26,29,D+
NOK,Nokia Corporation Sponsored American Depositary Shares,Radio And Television Broadcasting And Communications Equipment,10,11.6899995803833,-30.623149461533416,94,81,D
NOMA,NOMADAR Corp. Class A Common Stock,Services-Misc. Amusement & Recreation,89,3.100100040435791,-73.0426083440366,12,,B-
NOMD,Nomad Foods Limited Ordinary Shares,Packaged Foods,120,11.479999542236328,-33.218191761755925,45,50,B
NOV,NOV Inc. Common Stock,Oil and Gas Field Machinery,32,19.1299991607666,-10.434187008368866,70,38,E+
NOVT,Novanta Inc. Common Stock,Industrial Machinery/Components,68,149.77999877929688,-11.157244182445126,75,83,D-
NOW,ServiceNow Inc. Common Stock,Computer Software: Prepackaged Software,117,111.26000213623047,-44.15667531838926,36,93,B
NP,Neptune Insurance Holdings Inc. Class A Common Stock,Specialty Insurers,91,32.18000030517578,-5.519674081955506,77,,A
NPB,Northpointe Bancshares Inc. Common Stock,Major Banks,21,18.719999313354492,-3.055412578485517,57,,C
NPCE,Neuropace Inc. Common Stock,Medical/Dental Instruments,113,17.1200008392334,-11.249351857454915,82,20,C+
NPK,National Presto Industries Inc. Common Stock,Ordnance And Accessories,34,123.0,-16.063869499549387,47,,D-
NPKI,NPK International Inc. Common Stock,Oil and Gas Field Machinery,32,14.329999923706055,-12.35474257268544,72,89,D
NPO,Enpro Inc. Common Stock,Metal Fabrications,45,326.0199890136719,-15.898363434327766,84,86,D
NPT,Texxon Holding Limited Ordinary shares,Specialty Chemicals,122,2.7200000286102295,-86.73170717751107,7,,A+
NPWR,NET Power Inc. Class A Common Stock,Industrial Machinery/Components,68,1.4500000476837158,-70.10309121246124,15,,E
NRC,NRC Health Common Stock,Biotechnology: Commercial Physical & Biological Resarch,20,21.829999923706055,-4.12824117329833,86,77,A-
NRDS,NerdWallet Inc. Class A Common Stock,EDP Services,125,9.489999771118164,-40.42687012356937,28,99,D-
NRDY,Nerdy Inc. Class A Common Stock,Other Consumer Services,125,0.9043999910354614,-47.11111281520748,28,4,E+
NREF,NexPoint Real Estate Finance Inc. Common Stock,Real Estate Investment Trusts,46,16.469999313354492,0.0,79,53,C+
NRG,NRG Energy Inc. Common Stock,Electric Utilities: Central,59,139.47999572753906,-23.975903394010935,32,49,D
NRGV,Energy Vault Holdings Inc. Common Stock,Industrial Machinery/Components,68,3.2899999618530273,-49.306624377797284,89,20,E
NRIM,Northrim BanCorp Inc Common Stock,Savings Institutions,15,27.479999542236328,-6.4610382064017475,65,66,B
NRIX,Nurix Therapeutics Inc. Common stock,Biotechnology: Pharmaceutical Preparations,85,22.709999084472656,-8.019446766935989,92,4,A
NRP,Natural Resource Partners LP Limited Partnership,Coal Mining,108,99.80000305175781,-19.849595745829383,36,37,E
NRSN,NeuroSense Therapeutics Ltd. Ordinary Shares,Biotechnology: Pharmaceutical Preparations,85,0.7300000190734863,-64.73429745816992,21,4,E-
NRT,North European Oil Royality Trust Common Stock,Oil & Gas Production,35,7.840000152587891,-17.51436453638907,78,55,E
NRXP,NRX Pharmaceuticals Inc. Common Stock,Biotechnology: Pharmaceutical Preparations,85,4.150000095367432,-10.173155883850725,91,33,D+
NRXS,Neuraxis Inc. Common Stock,Biotechnology: Electromedical & Electrotherapeutic Apparatus,68,6.880000114440918,-21.90692637060908,93,,C
NSA,National Storage Affiliates Trust Common Shares of Beneficial Interest,Real Estate Investment Trusts,46,45.060001373291016,-2.1285828035372933,84,69,C-
NSC,Norfolk Southern Corporation Common Stock,Railroads,28,327.5899963378906,0.0,66,69,D
NSIT,Insight Enterprises Inc. Common Stock,Catalog/Specialty Distribution,59,121.3499984741211,-17.257605724802872,84,85,B+
NSLR,Neostellar Capital Corp. Common Stock,Finance: Consumer Services,119,10.90999984741211,-26.827632735987383,59,,D
NSP,Insperity Inc. Common Stock,Professional Services,104,48.38999938964844,-15.180614038384055,86,31,A-
NSPR,InspireMD Inc. Common Stock,Medical/Dental Instruments,113,0.718999981880188,-74.22939097810412,7,20,E
NSRX,Nasus Pharma Ltd. Ordinary Shares,Biotechnology: Pharmaceutical Preparations,85,3.0799999237060547,-66.3387972446628,25,,B+
NSSC,NAPCO Security Technologies Inc. Common Stock,Telecommunications Equipment,73,35.7400016784668,-23.746068384172535,34,54,D-
NSTS,NSTS Bancorp Inc. Common Stock,Savings Institutions,15,13.779999732971191,-0.43352903869354753,67,,A-
NSYS,Nortech Systems Incorporated Common Stock,Industrial Machinery/Components,68,13.649999618530273,-22.706683258943862,83,20,C-
NTAP,NetApp Inc. Common Stock,Electronic Components,6,163.92999267578125,-9.196002983604966,91,83,A-
NTB,Bank of N.T. Butterfield & Son Limited (The) Voting Ordinary Shares,Commercial Banks,8,60.619998931884766,-0.1153397535148648,76,87,C
NTCL,NETCLASS TECHNOLOGY INC Class A Ordinary Shares,Computer Software: Prepackaged Software,117,4.300000190734863,-97.04467340842965,2,,B-
NTCT,NetScout Systems Inc. Common Stock,EDP Services,125,43.13999938964844,-3.791259494100019,91,56,B-
NTES,NetEase Inc. American Depositary Shares,Computer Software: Prepackaged Software,117,131.42999267578125,-15.85883103172766,51,58,B-
NTGR,NETGEAR Inc. Common Stock,Telecommunications Equipment,73,22.860000610351562,-36.517629336622946,32,68,D
NTHI,NeOnc Technologies Holdings Inc. Common Stock,Biotechnology: Pharmaceutical Preparations,85,4.320000171661377,-64.26798910555289,15,,A-
NTIC,Northern Technologies International Corporation Common Stock,Industrial Specialties,88,8.100000381469727,-18.00909235359205,42,74,E+
NTIP,Network-1 Technologies Inc. Common Stock,Multi-Sector Companies,93,1.4500000476837158,-18.597142292686918,54,,C
NTLA,Intellia Therapeutics Inc. Common Stock,Biotechnology: In Vitro & In Vivo Diagnostic Substances,97,13.020000457763672,-53.466759575496994,39,20,E+
NTNX,Nutanix Inc. Class A Common Stock,Computer Software: Prepackaged Software,117,55.220001220703125,-31.92800868953397,66,80,B+
NTR,Nutrien Ltd. Common Shares,Agricultural Chemicals,130,67.5999984741211,-18.1476344850783,53,86,D
NTRA,Natera Inc. Common Stock,Medical Specialities,30,272.8900146484375,-3.844247221212016,87,,B+
NTRB,Nutriband Inc. Common Stock,Industrial Specialties,88,2.940000057220459,-66.62883181396748,12,11,E+
NTRP,NextTrip Inc. Common Stock,Miscellaneous manufacturing industries,122,2.0799999237060547,-56.025371769163634,14,4,D+
NTRS,Northern Trust Corporation Common Stock,Major Banks,21,184.10499572753906,0.0,82,79,C-
NTSK,Netskope Inc. Class A Common Stock,Computer Software: Prepackaged Software,117,12.800000190734863,-50.36836085171138,41,20,B+
NTST,NetSTREIT Corp. Common Stock,Real Estate Investment Trusts,46,21.670000076293945,-1.3205784165253531,71,,B+
NTWK,NetSol Technologies Inc. Common  Stock,Computer Software: Prepackaged Software,117,4.349999904632568,-16.666665144198035,73,89,B+
NTZ,Natuzzi S.p.A.,Home Furnishings,42,1.5700000524520874,-60.749998688697815,10,29,E+
NU,Nu Holdings Ltd. Class A Ordinary Shares,Finance: Consumer Services,119,13.670000076293945,-27.132196644388173,34,98,D-
NUAI,New Era Energy & Digital Inc. Common Stock,Oil & Gas Production,35,4.119999885559082,-48.883378770903185,99,,D-
NUCL,Eagle Nuclear Energy Corp. Common stock,Other Metals and Minerals,135,6.329999923706055,-52.08175696119079,20,,B+
NUE,Nucor Corporation Common Stock,Steel/Iron Ore,46,233.0,-12.306281316851154,87,76,E+
NUS,Nu Skin Enterprises Inc. Common Stock,Other Pharmaceuticals,139,5.269999980926514,-58.00953243659879,13,43,D
NUTX,Nutex Health Inc. Common Stock,Business Services,80,179.14999389648438,-8.843436111924186,90,68,A-
NUVB,Nuvation Bio Inc. Class A Common Stock,Biotechnology: Pharmaceutical Preparations,85,5.769999980926514,-39.51781966458454,87,63,E+
NUVL,Nuvalent Inc. Class A Common Stock,Biotechnology: Pharmaceutical Preparations,85,123.94000244140625,0.0,81,4,A+
NUWE,Nuwellis Inc. Common Stock,Biotechnology: Electromedical & Electrotherapeutic Apparatus,68,2.799999952316284,-99.49843261042251,1,20,E-
NVA,Nova Minerals Corp Common Stock,Precious Metals,113,4.820000171661377,-66.45322827516902,56,,E+
NVAX,Novavax Inc. Common Stock,Biotechnology: Biological Products (No Diagnostic Substances),65,8.90999984741211,-20.375333498386894,64,40,C
NVCR,NovoCure Limited Ordinary Shares,Medical/Dental Instruments,113,16.09000015258789,-12.124518722590983,74,4,C
NVCT,Nuvectis Pharma Inc. Common Stock,Biotechnology: Pharmaceutical Preparations,85,18.440000534057617,-35.36628079126152,97,,D
NVDA,NVIDIA Corporation Common Stock,Semiconductors,2,203.52999877929688,-13.562737242435464,61,95,D+
NVEC,NVE Corporation Common Stock,Semiconductors,2,88.30000305175781,-24.478271951247045,78,61,C+
NVGS,Navigator Holdings Ltd. Ordinary Shares (Marshall Islands),Marine Transportation,9,20.479999542236328,-15.4378008478257,72,84,E
NVMI,Nova Ltd. Ordinary Shares,Electronic Components,6,452.7300109863281,-25.248907333187542,73,86,E-
NVNI,Nvni Group Limited Ordinary Shares,Computer Software: Prepackaged Software,117,1.2400000095367432,-91.50684947165792,15,,E-
NVNO,enVVeno Medical Corporation Common Stock,Medical/Dental Instruments,113,11.0,-94.01360544217687,16,4,E-
NVO,Novo Nordisk A/S Common Stock,Biotechnology: Pharmaceutical Preparations,85,49.279998779296875,-27.94558460573102,48,88,B-
NVR,NVR Inc. Common Stock,Homebuilding,56,6437.990234375,-24.64017049777596,32,41,C
NVRI,Enviri Corporation Common Stock,Environmental Services,68,22.920000076293945,-1.5463943287513549,91,32,B
NVS,Novartis AG Common Stock,Biotechnology: Pharmaceutical Preparations,85,153.3699951171875,-6.27559848373801,61,67,D+
NVST,Envista Holdings Corporation Common Stock,Medical/Dental Instruments,113,26.219999313354492,-13.350961285424379,63,71,D
NVT,nVent Electric plc Ordinary Shares,Industrial Machinery/Components,68,158.02000427246094,-14.277960609907902,90,94,D
NVTS,Navitas Semiconductor Corporation Common Stock,Semiconductors,2,12.869999885559082,-59.515572460166474,90,20,D+
NVVE,Nuvve Holding Corp. Common Stock,Electrical Products,4,15.65999984741211,-97.6861701935783,12,20,A+
NVX,NOVONIX Limited American Depository Shares,Industrial Machinery/Components,68,0.45260000228881836,-84.60544239864008,7,,E
NWAX,New America Acquisition I Corp. Class A Common Stock,Blank Checks,73,10.140000343322754,-0.7827780980020682,45,,D
NWBI,Northwest Bancshares Inc. Common Stock,Major Banks,21,15.050000190734863,-1.954398588139572,71,46,C
NWE,NorthWestern Energy Group Inc. Common Stock,Power Generation,51,73.19999694824219,-0.2996475431624068,71,42,C
NWFL,Norwood Financial Corp. Common Stock,Major Banks,21,31.3799991607666,-3.742329357232843,65,68,A-
NWG,NatWest Group plc American Depositary Shares (each representing two (2) Ordinary Shares),Commercial Banks,8,17.5,-4.735986932430125,66,90,C
NWGL,CL Workshop Group Limited American Depositary Shares,,,0.24899999797344208,-85.77142868723189,3,,A+
NWL,Newell Brands Inc. Common Stock,Plastic Products,23,5.139999866485596,-16.286645305293447,72,20,B
NWN,Northwest Natural Holding Company Common Stock,Oil/Gas Transmission,51,51.2400016784668,-7.31181286510968,58,52,D+
NWPX,NWPX Infrastructure Inc. Common Stock,Steel/Iron Ore,46,133.19000244140625,-11.171134938820337,97,89,B-
NWS,News Corporation Class B Common Stock,Newspapers/Magazines,29,31.40999984741211,-10.084525935563116,52,54,D-
NWSA,News Corporation Class A Common Stock,Newspapers/Magazines,29,27.729999542236328,-10.261425946803747,54,81,D
NWTG,Newton Golf Company Inc. Common Stock,Recreational Games/Products/Toys,93,0.8669999837875366,-57.07920831811744,12,,B+
NX,Quanex Building Products Corporation Common Stock,Metal Fabrications,45,16.979999542236328,-23.99297031388552,39,30,D
NXB,NextBoat Inc. Common Stcok,Marine Transportation,9,2.0299999713897705,-46.57894745097596,15,,D-
NXDR,Nextdoor Holdings Inc. Class A Common Stock,Computer Software: Programming Data Processing,111,2.380000114440918,-14.07941765960402,87,20,A-
NXDT,NexPoint Diversified Real Estate Trust Common Stock,Real Estate Investment Trusts,46,5.349999904632568,-2.1937822698687492,86,,B+
NXE,Nexgen Energy Ltd. Common Shares,Other Metals and Minerals,135,9.010000228881836,-35.2729872162425,41,,E
NXGL,NexGel Inc Common Stock,Medical/Dental Instruments,113,0.4713999927043915,-83.04316555554745,8,,B
NXL,Nexalin Technology Inc. Common Stock,Biotechnology: Electromedical & Electrotherapeutic Apparatus,68,0.39750000834465027,-78.62903197378985,14,11,B-
NXPI,NXP Semiconductors N.V. Common Stock,Semiconductors,2,278.3900146484375,-16.032606169377082,79,77,D-
NXPL,NextPlat Corp Common Stock,Telecommunications Equipment,73,6.764999866485596,-30.969390461018808,60,,A
NXRT,NexPoint Residential Trust Inc. Common Stock,Real Estate Investment Trusts,46,27.75,-14.096688602361985,44,,B
NXST,Nexstar Media Group Inc. Common Stock,Broadcasting,97,175.4600067138672,-30.164857608895414,37,60,C+
NXT,Nextpower Inc. Class A Common Stock,Industrial Machinery/Components,68,99.66999816894531,-36.27237720040235,64,67,E-
NXTC,NextCure Inc. Common Stock,Biotechnology: Pharmaceutical Preparations,85,2.180000066757202,-84.72319553731225,3,4,E-
NXTS,Nexentis Technologies Inc. Common Stock,Agricultural Chemicals,130,3.109999895095825,-96.22206036610159,6,,A+
NXTT,Next Technology Holding Inc. Ordinary Shares,EDP Services,125,1.0199999809265137,-99.81180812160028,4,,E-
NXXT,NextNRG Inc. Common Stock,Retail-Auto Dealers and Gas Stations,117,0.2992999851703644,-89.38652509731833,8,,A
NYAX,Nayax Ltd. Ordinary Shares,Computer Software: Prepackaged Software,117,62.56999969482422,-17.46471216218719,71,,E
NYC,American Strategic Investment Co. Class A Common Stock,Real Estate Investment Trusts,46,8.399999618530273,-47.30238494568214,31,20,C-
NYT,New York Times Company (The) Common Stock,Newspapers/Magazines,29,75.04000091552734,-12.328381882050653,64,90,D+
NYXH,Nyxoah SA Ordinary Shares,Medical/Dental Instruments,113,1.6399999856948853,-80.19323624897766,6,20,E-
O,Realty Income Corporation Common Stock,Real Estate Investment Trusts,46,64.16999816894531,-3.3464225125455327,59,85,D+
OABI,OmniAb Inc. Common Stock,Biotechnology: Commercial Physical & Biological Resarch,20,2.109999895095825,-22.426475260960967,76,4,B+
OBA,Oxley Bridge Acquisition Limited Class A Ordinary Shares,Blank Checks,73,10.25,0.0,48,,D
OBAI,Our Bond Inc. Common Stock,Telecommunications Equipment,73,0.5979999899864197,-98.18787881822297,3,,A+
OBDC,Blue Owl Capital Corporation Common Stock,Diversified Financial Services,23,10.859999656677246,-18.74707989854244,39,,D
OBE,Obsidian Energy Ltd. Common Shares,Oil & Gas Production,35,9.010000228881836,-37.69017838788018,79,29,D
OBIO,Orchestra BioMed Holdings Inc. Ordinary Shares,Medicinal Chemicals and Botanical Products,135,3.819999933242798,-28.598130816132215,52,,A
OBK,Origin Bancorp Inc. Common Stock,Major Banks,21,51.0099983215332,-1.9415650275714902,80,84,C
OBT,Orange County Bancorp Inc. Common Stock,Major Banks,21,36.86000061035156,-2.176219979254035,77,64,C+
OC,Owens Corning Inc Common Stock New,Industrial Machinery/Components,68,141.11000061035156,-11.229243425766944,65,45,A-
OCC,Optical Cable Corporation Common Stock,Telecommunications Equipment,73,14.869999885559082,-44.762259125497664,96,63,A+
OCFC,OceanFirst Financial Corp. Common Stock,Major Banks,21,19.139999389648438,-4.160289209447443,54,44,C+
OCG,Oriental Culture Holding LTD Ordinary Shares,Other Consumer Services,125,1.6100000143051147,-99.97556873605215,6,,A+
OCGN,Ocugen Inc. Common Stock,Biotechnology: Biological Products (No Diagnostic Substances),65,1.409999966621399,-43.14516307350003,35,20,A-
OCS,Oculis Holding AG Ordinary shares,Biotechnology: Pharmaceutical Preparations,85,13.149999618530273,-59.72435220835326,12,20,E-
OCSL,Oaktree Specialty Lending Corporation Common Stock,Finance: Consumer Services,119,12.029999732971191,-7.192270888816587,47,31,D+
OCUL,Ocular Therapeutix Inc. Common Stock,Biotechnology: Pharmaceutical Preparations,85,9.880000114440918,-38.67163413952651,41,20,B
ODC,Oil-Dri Corporation Of America Common Stock,Miscellaneous manufacturing industries,122,106.44000244140625,0.0,93,38,A-
ODD,ODDITY Tech Ltd. Class A Ordinary Shares,Package Goods/Cosmetics,80,16.549999237060547,-77.64721902699254,15,37,A-
ODFL,Old Dominion Freight Line Inc. Common Stock,Trucking Freight/Courier Services,5,232.89999389648438,-6.364331645948729,81,67,D+
ODV,Osisko Development Corp. Common Shares,Precious Metals,113,2.3499999046325684,-50.83682423673388,21,,E-
ODYS,Odysight.ai Inc. Common Stock,Electronic Components,6,4.835000038146973,-33.76712449564674,43,,A
OEC,Orion S.A. Common Shares,Major Chemicals,59,6.0,-47.33776146212122,28,20,E-
OESX,Orion Energy Systems Inc. Common Stock,Building Products,53,10.279999732971191,-44.31202468683731,67,52,D+
OFAL,OFA Group Class A Ordinary Shares,Military/Government/Technical,101,0.16300000250339508,-95.09036127165867,3,,E
OFG,OFG Bancorp Common Stock,Major Banks,21,49.970001220703125,-0.35892382791433697,70,91,C
OFIX,Orthofix Medical Inc. Common Stock (DE),Medical/Dental Instruments,113,11.789999961853027,-27.35674495140198,33,47,B
OFLX,Omega Flex Inc. Common Stock,Industrial Specialties,88,29.81999969482422,-18.863190759052618,37,41,C-
OFRM,Once Upon a Farm PBC Common Stock,Packaged Foods,120,18.440000534057617,-28.85802284035264,48,,A-
OFS,OFS Capital Corporation Common Stock,Finance/Investors Services,77,3.5999999046325684,-51.85448394216707,21,51,D+
OGC,OceanaGold Corporation Common Shares,,,24.149999618530273,-43.033522499400036,45,,E+
OGE,OGE Energy Corp Common Stock,Electric Utilities: Central,59,48.9900016784668,-0.8929289399668527,57,42,D+
OGEN,Oragenics Inc. Common Stock,Biotechnology: Pharmaceutical Preparations,85,0.5699999928474426,-60.41666873627231,16,4,D
OGI,Organigram Global Inc. Common Shares,Biotechnology: Pharmaceutical Preparations,85,0.895799994468689,-57.54502184806951,12,34,E
OGN,Organon & Co. Common Stock,Biotechnology: Pharmaceutical Preparations,85,13.5,-0.44248095693196765,88,45,A-
OGS,ONE Gas Inc. Common Stock,Oil/Gas Transmission,51,80.37999725341797,-10.581322525699377,45,53,D+
OHI,Omega Healthcare Investors Inc. Common Stock,Real Estate Investment Trusts,46,48.439998626708984,-2.378074023733079,70,84,C-
OI,O-I Glass Inc. Common Stock,Containers/Packaging,56,9.600000381469727,-42.272995394263205,21,51,C-
OIA,Invesco Municipal Income Opportunities Trust Common Stock,Finance Companies,53,6.150000095367432,-2.0599220077895053,53,,C-
OII,Oceaneering International Inc. Common Stock,Oilfield Services/Equipment,10,43.220001220703125,0.0,90,81,B
OIO,OIO Group Ordinary Shares,Environmental Services,68,2.190000057220459,-83.10185146007464,3,,B
OIS,Oil States International Inc. Common Stock,Oil and Gas Field Machinery,32,8.470000267028809,-41.139679882224215,56,86,D-
OKE,ONEOK Inc. Common Stock,Oil & Gas Production,35,92.19000244140625,-3.2024312166889835,72,77,D
OKLO,Oklo Inc. Class A common stock,Electric Utilities: Central,59,45.810001373291016,-73.69357899744305,17,11,E+
OKTA,Okta Inc. Class A Common Stock,Computer Software: Prepackaged Software,117,139.52999877929688,-6.25503748163132,94,86,A-
OKUR,OnKure Therapeutics Inc. Class A Common Stock,Biotechnology: Pharmaceutical Preparations,85,4.110000133514404,-22.011382383499956,78,11,A
OKYO,OKYO Pharma Limited Ordinary Shares,Biotechnology: Biological Products (No Diagnostic Substances),65,1.5499999523162842,-52.59938956094088,23,,E-
OLB,The OLB Group Inc. Common Stock,Business Services,80,0.3578999936580658,-79.8932584600758,13,9,A-
OLED,Universal Display Corporation Common Stock,Electrical Products,4,77.94000244140625,-48.97304766470603,16,71,D
OLLI,Ollie's Bargain Outlet Holdings Inc. Common Stock,Department/Specialty Retail Stores,44,65.33000183105469,-53.60085197793675,13,71,E-
OLMA,Olema Pharmaceuticals Inc. Common Stock,Biotechnology: Pharmaceutical Preparations,85,11.850000381469727,-66.92715664000033,59,4,D+
OLN,Olin Corporation Common Stock,Major Chemicals,59,21.149999618530273,-29.329618355921106,28,4,E
OLOX,Olenox Industries Inc. Common Stock,RETAIL: Building Materials,112,5.260000228881836,-98.75661873046619,8,4,A+
OLP,One Liberty Properties Inc. Common Stock,Real Estate Investment Trusts,46,24.760000228881836,-2.0569637802200225,67,86,B-
OM,Outset Medical Inc. Common Stock,Biotechnology: Electromedical & Electrotherapeutic Apparatus,68,4.360000133514404,-77.57201639024666,18,4,D
OMAB,Grupo Aeroportuario del Centro Norte S.A.B. de C.V. ADS,Aerospace,93,106.12999725341797,-19.08751051782542,43,90,C-
OMC,Omnicom Group Inc. Common Stock,Advertising,109,82.55000305175781,-1.789055845569465,60,75,E+
OMCL,Omnicell Inc. Common Stock ($0.001 par value),Computer Manufacturing,12,46.68000030517578,-9.16520556608802,82,53,B
OMDA,Omada Health Inc. Common Stock,Medical/Nursing Services,25,23.5,-12.247948478512027,91,20,A-
OMER,Omeros Corporation Common Stock,Biotechnology: Pharmaceutical Preparations,85,10.010000228881836,-41.73457479004733,90,96,E-
OMEX,Odyssey Marine Exploration Inc. Common Stock,Marine Transportation,9,0.6735000014305115,-83.65291213256629,9,32,E
OMF,OneMain Holdings Inc. Common Stock,Finance: Consumer Services,119,59.25,-13.807937710991702,52,74,C-
OMH,Ohmyhome Limited Class A Ordinary Shares,Real Estate,89,0.3488999903202057,-81.44148982951359,4,,B+
OMSE,OMS Energy Technologies Inc. Ordinary Shares,Oil and Gas Field Machinery,32,4.46999979019165,-41.948053234844785,37,,D+
ON,ON Semiconductor Corporation Common Stock,Semiconductors,2,90.37000274658203,-32.52444733171126,88,70,E+
ONB,Old National Bancorp Common Stock,Major Banks,21,26.325000762939453,-0.47258977842883354,66,88,C+
ONC,BeOne Medicines Ltd. American Depositary Shares,Biotechnology: Pharmaceutical Preparations,85,303.9599914550781,-19.474397840331793,44,97,C
ONCO,Onconetix Inc. Common Stock,Biotechnology: Pharmaceutical Preparations,85,0.8619999885559082,-99.64306418693337,1,,E-
ONCY,Oncolytics Biotech Inc. Common Stock,Biotechnology: Pharmaceutical Preparations,85,0.9289000034332275,-34.58450482348504,33,4,A-
ONDS,Ondas Inc. Common Stock,Radio And Television Broadcasting And Communications Equipment,10,6.960000038146973,-50.32119968278928,74,4,E+
ONEG,OneConstruction Group Limited Ordinary Shares,Homebuilding,56,1.159999966621399,-91.07005398721768,4,,A-
ONEW,OneWater Marine Inc. Class A Common Stock,Auto & Home Supply Stores,109,11.640000343322754,-33.33332787128084,38,28,B+
ONFO,Onfolio Holdings Inc. Common Stock,EDP Services,125,0.16359999775886536,-89.09333348274231,3,,E-
ONIT,Onity Group Inc. Common Stock,Finance: Consumer Services,119,38.34000015258789,-28.13495548423347,36,57,D
ONL,Orion Properties Inc. Common Stock,Real Estate Investment Trusts,46,2.7200000286102295,-8.72072029976806,69,20,A
ONMD,OneMedNet Corp Class A Common Stock,Biotechnology: Commercial Physical & Biological Resarch,20,0.7457000017166138,-76.25159309542855,24,,A-
ONON,On Holding AG Class A Ordinary Shares,Shoe Manufacturing,68,37.91999816894531,-30.088501114483744,35,60,C
ONT,Onterris Inc. Common Stock,Professional Services,104,20.030000686645508,-35.511909108019736,27,92,A-
ONTO,Onto Innovation Inc. Common Stock,Industrial Machinery/Components,68,304.2099914550781,-19.616863088206237,95,60,B-
OOMA,Ooma Inc. Common Stock,EDP Services,125,20.40999984741211,0.0,92,96,B-
OPAD,Offerpad Solutions Inc. Class A Common Stock,Real Estate,89,4.670000076293945,-25.040127415786774,99,4,D+
OPAL,OPAL Fuels Inc. Class A Common Stock,Natural Gas Distribution,25,2.0399999618530273,-26.618705652964604,27,34,A-
OPBK,OP Bancorp Common Stock,Major Banks,21,14.960000038146973,-2.7940240128866867,57,92,B+
OPCH,Option Care Health Inc. Common Stock,Medical/Nursing Services,25,21.700000762939453,-40.6941768995738,20,89,D
OPEN,Opendoor Technologies Inc Common Stock,Real Estate,89,4.485000133514404,-57.36692073806411,93,4,B
OPFI,OppFi Inc. Class A Common Stock,Finance: Consumer Services,119,9.210000038146973,-24.938877795073978,38,76,C
OPHC,OptimumBank Holdings Inc. Common Stock,Major Banks,21,6.0,0.0,79,42,B
OPK,OPKO Health Inc. Common Stock,Biotechnology: Pharmaceutical Preparations,85,1.2300000190734863,-22.151899641474305,38,4,E+
OPLN,OPENLANE Inc. Common Stock,Retail-Auto Dealers and Gas Stations,117,39.529998779296875,-7.855483978360978,85,76,A
OPRA,Opera Limited American Depositary Shares,Computer Software: Prepackaged Software,117,18.799999237060547,-6.653435817485875,74,68,C+
OPRT,Oportun Financial Corporation Common Stock,Finance: Consumer Services,119,5.710000038146973,-19.57746317121295,53,46,B
OPRX,OptimizeRx Corporation Common Stock,Business Services,80,6.550000190734863,-69.78782242373333,18,83,B
OPTT,Ocean Power Technologies Inc. Common Stock,Electric Utilities: Central,59,0.21719999611377716,-74.14285679820442,8,4,E-
OPTU,Optimum Communications Inc. Class A common stock,Cable & Other Pay Television Services,104,1.0700000524520874,-63.72881236757162,13,4,A-
OPTX,Syntec Optics Holdings Inc. Class A Common Stock,Electronic Components,6,8.279999732971191,-41.31821449724229,99,,C
OPXS,Optex Systems Holdings Inc. Common Stock,Electronic Components,6,12.760000228881836,-26.327941953169088,43,49,B+
OPY,Oppenheimer Holdings Inc. Class A Common Stock (DE),Investment Bankers/Brokers/Service,77,116.18000030517578,0.0,88,91,B+
OR,OR Royalties Inc. Common Shares,Precious Metals,113,28.729999542236328,-39.59040588038071,24,97,E
ORA,Ormat Technologies Inc. Common Stock,Electric Utilities: Central,59,106.80999755859375,-26.38870222900297,45,75,E+
ORBS,Eightco Holdings Inc. Common Stock,,,0.6428999900817871,-98.57386875783375,9,,E+
ORC,Orchid Island Capital Inc. Common Stock,Real Estate Investment Trusts,46,6.71999979019165,-11.825453845616252,49,36,D
ORCL,Oracle Corporation Common Stock,Computer Software: Prepackaged Software,117,131.5399932861328,-59.48002227972333,20,87,E-
ORGO,Organogenesis Holdings Inc. Class A Common Stock,Biotechnology: Pharmaceutical Preparations,85,2.2699999809265137,-65.29051996686346,18,38,D-
ORI,Old Republic International Corporation Common Stock,Property-Casualty Insurers,36,42.040000915527344,-3.053149986575887,56,56,C-
ORIC,Oric Pharmaceuticals Inc. Common Stock,Biotechnology: Pharmaceutical Preparations,85,10.460000038146973,-27.411518744564855,44,4,B-
ORIO,Orion Digital Corp. Common Shares,Finance: Consumer Services,119,0.6887000203132629,-66.24019445139182,10,34,E-
ORIQ,Origin Investment Corp I Ordinary Shares,,,10.319999694824219,0.0,48,99,D+
ORKA,Oruka Therapeutics Inc. Common Stock,Biotechnology: In Vitro & In Vivo Diagnostic Substances,97,84.55999755859375,-11.148472012699573,99,9,B-
ORKT,Orangekloud Technology Inc. Class A Ordinary Shares,Computer Software: Prepackaged Software,117,1.0299999713897705,-67.81250137370078,26,,B+
ORLA,Orla Mining Ltd. Common Shares,Precious Metals,113,9.430000305175781,-56.489388029106834,17,98,E
ORLY,O'Reilly Automotive Inc. Common Stock,Auto & Home Supply Stores,109,87.27999877929688,-19.050269869842474,36,82,E+
ORMP,Oramed Pharmaceuticals Inc. Common Stock,Biotechnology: Pharmaceutical Preparations,85,3.9549999237060547,-20.90000152587891,87,96,E-
ORN,Orion Group Holdings Inc. Common,Military/Government/Technical,101,13.350000381469727,-22.112013670593534,82,45,D+
ORRF,Orrstown Financial Services Inc. Common Stock,Major Banks,21,40.709999084472656,-2.420906295969294,66,86,C+
OSBC,Old Second Bancorp Inc. Common Stock,Major Banks,21,23.059999465942383,-2.370877872116073,69,55,C
OSCR,Oscar Health Inc. Class A Common Stock,Medical Specialities,30,31.600000381469727,-1.8023614611736627,96,31,A-
OSG,Octave Specialty Group Inc. Common Stock,Property-Casualty Insurers,36,6.130000114440918,-39.18650634089354,62,32,A-
OSIS,OSI Systems Inc. Common Stock (DE),Semiconductors,2,213.1999969482422,-31.15473973436462,24,65,E+
OSK,Oshkosh Corporation (Holding Company)Common Stock,Auto Manufacturing,138,145.85000610351562,-17.66899068989587,51,49,D-
OSPN,OneSpan Inc. Common Stock,EDP Services,125,15.09000015258789,-4.465035092756031,71,72,B
OSRH,OSR Health Inc. Common Stock,Medical/Dental Instruments,113,0.35600000619888306,-69.83050660818542,11,,A
OSS,One Stop Systems Inc. Common Stock,Computer Manufacturing,12,12.989999771118164,-34.887221682470724,96,75,C+
OSTX,OS Therapies Incorporated Common Stock,Biotechnology: Pharmaceutical Preparations,85,1.6200000047683716,-35.19999980926514,54,,E+
OSUR,OraSure Technologies Inc. Common Stock,Medical/Dental Instruments,113,4.300000190734863,-4.444440205891931,87,20,B
OSW,OneSpaWorld Holdings Limited Common Shares,Hotels/Resorts,39,26.100000381469727,-8.995815537841711,67,93,C-
OTEX,Open Text Corporation Common Shares,EDP Services,125,23.56999969482422,-38.7704186256137,34,84,C-
OTF,Blue Owl Technology Finance Corp. Common Stock,,,10.149999618530273,-26.728287247555148,27,,D-
OTIS,Otis Worldwide Corporation Common Stock,Consumer Electronics/Appliances,122,73.41999816894531,-25.883480027723305,28,75,D
OTLK,Outlook Therapeutics Inc. Common Stock,Biotechnology: Biological Products (No Diagnostic Substances),65,1.5499999523162842,-47.811449919696294,99,11,A+
OTLY,Oatly Group AB American Depositary Shares,Packaged Foods,120,10.0,-46.06257008528544,23,20,E
OTTR,Otter Tail Corporation Common Stock,Electric Utilities: Central,59,89.05999755859375,-2.5495150964172097,56,71,D+
OUST,Ouster Inc. Common Stock,Industrial Machinery/Components,68,40.029998779296875,-35.972491224884514,92,33,B
OUT,OUTFRONT Media Inc. Common Stock,Real Estate Investment Trusts,46,33.150001525878906,-1.952084651299335,89,91,B
OVBC,Ohio Valley Banc Corp. Common Stock,Major Banks,21,43.029998779296875,-14.163180007060195,58,48,B
OVID,Ovid Therapeutics Inc. Common Stock,Biotechnology: Pharmaceutical Preparations,85,2.430000066757202,-17.905404208087873,96,20,B
OVLY,Oak Valley Bancorp (CA) Common Stock,Major Banks,21,33.880001068115234,-3.3932096865247785,61,47,C
OVV,Ovintiv Inc. (DE),Oil & Gas Production,35,56.5099983215332,-9.945090771901288,78,,D
OWL,Blue Owl Capital Inc. Class A Common Stock,Investment Managers,73,9.289999961853027,-52.152159660083,25,,C
OWLS,OBOOK Holdings Inc. Class A Common Shares,Computer Software: Prepackaged Software,117,5.760000228881836,-89.63096254186982,13,,D
OWLT,Owlet Inc. Class A Common Stock,Industrial Machinery/Components,68,6.400000095367432,-61.25908039936092,32,20,B
OXBR,Oxbridge Re Holdings Limited Ordinary Shares,Property-Casualty Insurers,36,1.6399999856948853,-40.36363688382235,87,20,E
OXLC,Oxford Lane Capital Corp. Common Stock,Investment Managers,73,9.1899995803833,-38.50521100691678,25,,E+
OXM,Oxford Industries Inc. Common Stock,Garments and Clothing,72,36.209999084472656,-26.18719855364069,32,31,E+
OXSQ,Oxford Square Capital Corp. Common Stock,Blank Checks,73,1.4700000286102295,-24.486750425798142,32,,E
OXY,Occidental Petroleum Corporation Common Stock,Oil & Gas Production,35,54.810001373291016,-16.87323997768647,63,74,C-
OZK,Bank OZK Common Stock,Major Banks,21,50.58000183105469,-4.295168795847648,52,,D-
P,Everpure Inc. Class A common stock,Electronic Components,6,75.36000061035156,-23.647413434196974,65,97,C+
PAAS,Pan American Silver Corp. Common Stock,Precious Metals,113,42.70000076293945,-37.4785154028894,41,84,E
PAC,Grupo Aeroportuario Del Pacifico S.A. B. de C.V. Grupo Aeroportuario Del Pacifico S.A. de C.V. (each representing 10 Series B shares),Aerospace,93,232.77000427246094,-22.515894465927154,39,58,D-
PACB,Pacific Biosciences of California Inc. Common Stock,Biotechnology: Laboratory Analytical Instruments,59,1.4900000095367432,-44.19475779173325,43,20,B
PACH,Pioneer Acquisition I Corp Class A Ordinary Shares,,,10.210000038146973,-0.48733128284065286,47,,D+
PACK,Ranpak Holdings Corp Class A Common Stock,Containers/Packaging,56,6.949999809265137,-9.031414519354685,91,20,B+
PACS,PACS Group Inc. Common Stock,Hospital/Nursing Management,66,43.27000045776367,-3.844443427191835,96,,B+
PAG,Penske Automotive Group Inc. Common Stock,Retail-Auto Dealers and Gas Stations,117,193.22000122070312,-0.5404864511585616,71,44,B-
PAGS,PagSeguro Digital Ltd. Class A Common Shares,EDP Services,125,9.279999732971191,-20.810101830156334,40,84,D-
PAHC,Phibro Animal Health Corporation Class A Common Stock,Biotechnology: Pharmaceutical Preparations,85,33.0,-44.37825567884006,23,89,E
PAL,Proficient Auto Logistics Inc. Common Stock,Transportation Services,104,7.130000114440918,-32.352939845861265,39,20,C+
PALI,Palisade Bio Inc. Common Stock,Biotechnology: Biological Products (No Diagnostic Substances),65,1.8899999856948853,-32.4999993613788,80,,B+
PAM,Pampa Energia S.A.,Electric Utilities: Central,59,83.43000030517578,-9.580575115968538,58,69,D+
PAMT,PAMT CORP Common Stock,Trucking Freight/Courier Services,5,13.779999732971191,-13.169503261872661,77,11,B-
PANL,Pangaea Logistics Solutions Ltd. Common Shares,Marine Transportation,9,7.070000171661377,-23.882267636018494,69,81,D-
PANW,Palo Alto Networks Inc. Common Stock,Computer peripheral equipment,46,330.29998779296875,-7.6161471986402995,95,91,A-
PAPL,Pineapple Financial Inc. Common Stock,Finance: Consumer Services,119,0.9645559787750244,-86.39554361048982,29,11,A
PAR,PAR Technology Corporation Common Stock,Office Equipment/Supplies/Services,56,17.190000534057617,-75.86691039740863,26,20,B+
PARK,Park Dental Partners Inc. Common Stock,Misc Health and Biotechnology Services,13,20.75,-3.7122935748635677,91,,B+
PARR,Par Pacific Holdings Inc.  Common Stock,Oil & Gas Production,35,70.91999816894531,0.0,92,92,B-
PASG,Passage Bio Inc. Common Stock,Biotechnology: Biological Products (No Diagnostic Substances),65,4.460000038146973,-77.53148638571086,8,,E-
PASW,Ping An Biomedical Co. Ltd. Class A Ordinary Shares,Apparel,40,0.15489999949932098,-95.30606055340711,9,,C-
PATH,UiPath Inc. Class A Common Stock,Computer Software: Prepackaged Software,117,11.850000381469727,-38.56920778095373,43,99,B+
PATK,Patrick Industries Inc. Common Stock,Auto Parts:O.E.M.,59,83.43000030517578,-42.2622439342113,22,73,E
PAVM,PAVmed Inc. Common Stock,Medical/Dental Instruments,113,5.5,-69.59646239022729,10,40,B
PAVS,Paranovus Entertainment Technology Ltd. Class A Ordinary Shares,Medicinal Chemicals and Botanical Products,135,5.550000190734863,-99.9959429823167,1,,D
PAX,Patria Investments Limited Class A Common Shares,Investment Managers,73,10.90999984741211,-36.39169406354712,25,,E+
PAY,Paymentus Holdings Inc. Class A Common Stock,Business Services,80,28.940000534057617,-25.66144282765388,52,92,A
PAYC,Paycom Software Inc. Common Stock,Computer Software: Prepackaged Software,117,146.5,-38.07429801480924,42,74,B-
PAYO,Payoneer Global Inc. Common Stock,Business Services,80,7.099999904632568,-4.3126707327637455,81,,A
PAYP,PayPay Corporation American Depository Shares,Business Services,80,15.260000228881836,-37.86644722837619,25,92,E+
PAYS,Paysign Inc. Common Stock,EDP Services,125,9.119999885559082,0.0,92,84,B+
PAYX,Paychex Inc. Common Stock,Diversified Commercial Services,97,110.75,-22.672881719247872,54,74,B-
PB,Prosperity Bancshares Inc. Common Stock,Major Banks,21,72.68000030517578,-2.717260879306582,54,43,D-
PBA,Pembina Pipeline Corp. Ordinary Shares (Canada),Oil & Gas Production,35,49.650001525878906,0.0,77,43,C
PBF,PBF Energy Inc. Class A Common Stock,Integrated oil Companies,6,57.439998626708984,0.0,94,63,A-
PBFS,Pioneer Bancorp Inc. Common Stock,Banks,25,16.889999389648438,-2.313484700395152,76,,C
PBH,Prestige Consumer Healthcare Inc. Common Stock,Biotechnology: Pharmaceutical Preparations,85,48.83000183105469,-36.48542719103208,23,80,D
PBHC,Pathfinder Bancorp Inc. Common Stock (MD),Major Banks,21,16.299999237060547,-3.378788226537832,65,33,A-
PBI,Pitney Bowes Inc. Common Stock,Office Equipment/Supplies/Services,56,18.1299991607666,-1.0911116408723665,93,83,B
PBK,PowerBank Corporation Common Stock,Power Generation,51,0.6209999918937683,-74.95967793880219,15,11,E
PBM,Psyence Biomedical Ltd. Common Shares,Biotechnology: Pharmaceutical Preparations,85,2.8499999046325684,-99.36556523862092,8,,A
PBR,Petroleo Brasileiro S.A. Petrobras ADS,Oil & Gas Production,35,17.8799991607666,-18.213199002323886,75,42,D
PBT,Permian Basin Royalty Trust Common Stock,Oil & Gas Production,35,28.059999465942383,-9.36117820011143,92,,B
PBYI,Puma Biotechnology Inc Common Stock,Biotechnology: Pharmaceutical Preparations,85,8.079999923706055,-2.179180389685631,87,36,B
PCAR,PACCAR Inc. Common Stock,Motor Vehicles,125,124.26000213623047,-3.733412535870184,63,55,C-
PCB,PCB Bancorp Common Stock,Major Banks,21,29.18000030517578,0.0,82,91,B
PCG,Pacific Gas & Electric Co. Common Stock,Power Generation,51,17.3700008392334,-8.579291693729163,55,,D+
PCLA,PicoCELA Inc. American Depositary Shares,Building Products,53,4.880000114440918,-95.20157299815409,53,,A+
PCOR,Procore Technologies Inc. Common Stock,Computer Software: Prepackaged Software,117,44.029998779296875,-44.68593012145402,20,20,D+
PCRX,Pacira BioSciences Inc. Common Stock,Biotechnology: Pharmaceutical Preparations,85,25.540000915527344,-6.1719266723233135,54,53,C
PCSA,Processa Pharmaceuticals Inc. Common Stock,Biotechnology: Pharmaceutical Preparations,85,2.059999942779541,-82.7974958066205,10,,A-
PCSC,Perceptive Capital Solutions Corp Class A Ordinary Shares,,,10.979999542236328,-22.6760585230983,42,,B-
PCT,PureCycle Technologies Inc. Common stock,Major Chemicals,59,6.699999809265137,-60.401892558781455,21,,E-
PCTTU,PureCycle Technologies Inc. Unit,Major Chemicals,59,11.0,-53.878407446288946,70,,A-
PCTY,Paylocity Holding Corporation Common Stock,Computer Software: Prepackaged Software,117,124.5,-34.59760474846845,43,82,B
PCVX,Vaxcyte Inc. Common Stock,Biotechnology: Pharmaceutical Preparations,85,57.029998779296875,-9.533632691858273,74,,B
PCYO,Pure Cycle Corporation Common Stock,Water Supply,73,10.8100004196167,-9.463979903509557,43,81,C+
PD,PagerDuty Inc. Common Stock,Computer Software: Prepackaged Software,117,10.84000015258789,-36.86662723109523,72,97,A-
PDC,Perpetuals.com Ltd American Depositary Shares,EDP Services,125,3.2100000381469727,-67.37804889868065,30,,E
PDCC,Pearl Diver Credit Company Inc. Common Stock,,,9.569999694824219,-37.30519613790084,23,,E+
PDD,PDD Holdings Inc. American Depositary Shares,EDP Services,125,84.55999755859375,-38.7823104543193,22,69,E+
PDEX,Pro-Dex Inc. Common Stock,Medical/Dental Instruments,113,61.54999923706055,-8.81481594509549,85,78,C-
PDFS,PDF Solutions Inc. Common Stock,Computer Software: Prepackaged Software,117,52.790000915527344,-25.42731991412055,94,93,E+
PDLB,Ponce Financial Group Inc. Common Stock,Savings Institutions,15,19.889999389648438,-2.8334144756305246,76,92,B-
PDM,Piedmont Realty Trust Inc. Class A Common Stock,Building operators,85,9.420000076293945,-2.079000121043284,73,20,C+
PDS,Precision Drilling Corporation Common Stock,Oil & Gas Production,35,83.43000030517578,-18.17379261051678,73,71,E+
PDSB,PDS Biotechnology Corporation Common Stock,Biotechnology: Pharmaceutical Preparations,85,0.745199978351593,-47.888111490533824,17,4,E+
PDYN,Palladyne AI Corp. Common Stock,Computer Software: Prepackaged Software,117,5.150000095367432,-59.3848582695595,19,4,C+
PEB,Pebblebrook Hotel Trust Common Shares of Beneficial Interest,Real Estate Investment Trusts,46,18.31999969482422,-5.615662860158233,90,4,C+
PEBK,Peoples Bancorp of North Carolina Inc. Common Stock,Major Banks,21,42.4900016784668,-4.237091049526676,75,4,C-
PEBO,Peoples Bancorp Inc. Common Stock,Major Banks,21,38.40999984741211,-1.9152196193115256,74,55,C+
PECO,Phillips Edison & Company Inc. Common Stock,Real Estate Investment Trusts,46,42.150001525878906,-0.4487449835244517,71,71,C
PED,Pedevco Corp. Common Stock,Oil & Gas Production,35,12.819999694824219,-29.482951157187763,41,,A
PEG,Public Service Enterprise Group Incorporated Common Stock,Power Generation,51,80.88999938964844,-7.2954787456821375,47,52,D+
PEGA,Pegasystems Inc. Common Stock,EDP Services,125,31.940000534057617,-51.96483187621308,16,60,D-
PEN,Penumbra Inc. Common Stock,Medical/Dental Instruments,113,318.94000244140625,-11.257649455256125,59,61,D
PENG,Penguin Solutions Inc. Common Stock,Semiconductors,2,77.20999908447266,-5.135766478095604,99,54,A
PENN,PENN Entertainment Inc. Common Stock,Hotels/Resorts,39,20.479999542236328,-7.162284505697103,79,20,B+
PEP,PepsiCo Inc. Common Stock,Beverages (Production/Distribution),93,138.49000549316406,-17.18143263710452,42,74,E+
PEPG,PepGen Inc. Common Stock,Biotechnology: Pharmaceutical Preparations,85,2.440000057220459,-65.96931616098874,67,20,A
PERF,Perfect Corp. Class A Ordinary Share,Computer Software: Prepackaged Software,117,1.9299999475479126,-26.33587664695376,54,70,A+
PERI,Perion Network Ltd. Ordinary Shares,EDP Services,125,9.329999923706055,-18.372706258973547,39,20,D
PESI,Perma-Fix Environmental Services Inc. Common Stock,Environmental Services,68,14.25,-9.581219587259927,72,,A-
PETS,PetMed Express Inc. Common Stock,Retail-Drug Stores and Proprietary Stores,137,1.909999966621399,-52.01005131989842,18,20,A+
PETZ,TDH Holdings Inc. Common Shares,Steel/Iron Ore,46,1.1699999570846558,-31.176475043115193,56,,A+
PEW,GrabAGun Digital Holdings Inc. Common Stock,Other Specialty Stores,113,2.7699999809265137,-83.9327145144918,18,20,A+
PFAI,Pinnacle Food Group Limited Class A Common Shares,Farming/Seeds/Milling,101,3.684999942779541,-19.36543097678054,89,,C
PFE,Pfizer Inc. Common Stock,Biotechnology: Pharmaceutical Preparations,85,24.479999542236328,-12.840329679001261,42,39,E+
PFG,Principal Financial Group Inc Common Stock,Accident &Health Insurance,13,113.61000061035156,0.0,82,,C-
PFGC,Performance Food Group Company Common Stock,Food Distributors,19,113.30999755859375,-1.8961060098755422,76,52,B-
PFIS,Peoples Financial Services Corp. Common Stock,Major Banks,21,66.70999908447266,-1.9403200330879944,80,48,C+
PFLT,PennantPark Floating Rate Capital Ltd. Common Stock,Finance: Consumer Services,119,7.119999885559082,-25.50877178978834,28,98,E
PFS,Provident Financial Services Inc Common Stock,Savings Institutions,15,23.510000228881836,-1.9190617340417493,70,56,D+
PFSA,Profusa Inc. Common Stock,Medical/Dental Instruments,113,2.2100000381469727,-99.95285333251954,1,,E-
PFSI,PennyMac Financial Services Inc. Common Stock,Finance: Consumer Services,119,81.4800033569336,-48.55433287310529,23,53,D-
PFX,PhenixFIN Corporation Common Stock,Finance: Consumer Services,119,42.81999969482422,-14.805880083629086,41,73,B
PG,Procter & Gamble Company (The) Common Stock,Package Goods/Cosmetics,80,148.3699951171875,-10.593759091348765,48,52,D
PGC,Peapack-Gladstone Financial Corporation Common Stock,Commercial Banks,8,46.310001373291016,-4.179599381818589,87,87,D
PGEN,Precigen Inc. Common Stock,Biotechnology: Pharmaceutical Preparations,85,5.170000076293945,-12.66891875564835,91,,B+
PGNY,Progyny Inc. Common Stock,Misc Health and Biotechnology Services,13,31.979999542236328,0.0,91,89,B+
PGR,Progressive Corporation (The) Common Stock,Property-Casualty Insurers,36,234.47999572753906,-1.1736865169303834,60,70,B-
PGY,Pagaya Technologies Ltd. Class A Ordinary Shares,Finance: Consumer Services,119,17.59000015258789,-59.84935037388124,46,97,B+
PH,Parker-Hannifin Corporation Common Stock,Metal Fabrications,45,951.260009765625,-6.804350321944874,62,59,D
PHAR,Pharming Group N.V. ADS each representing 10 ordinary shares,Biotechnology: Pharmaceutical Preparations,85,13.770000457763672,-34.98583446951754,38,,E+
PHAT,Phathom Pharmaceuticals Inc. Common Stock,Biotechnology: Pharmaceutical Preparations,85,10.914999961853027,-39.62942473499933,34,4,C-
PHG,Koninklijke Philips N.V. NY Registry Shares,Medical Electronics,128,27.34000015258789,-13.687839389671986,49,95,D+
PHGE,BiomX Inc. COmmon Stock,Biotechnology: Biological Products (No Diagnostic Substances),65,0.23199999332427979,-98.12145760195781,1,,A
PHI,PLDT Inc. Sponsored ADR,Telecommunications Equipment,73,18.670000076293945,-20.858451664825807,35,,C-
PHIN,PHINIA Inc. Common Stock,Auto Parts:O.E.M.,59,77.18000030517578,-9.370600063142287,78,67,D+
PHIO,Phio Pharmaceuticals Corp. Common Stock,Biotechnology: Pharmaceutical Preparations,85,1.0,-63.50364976206435,16,,E+
PHM,PulteGroup Inc. Common Stock,Homebuilding,56,123.75,-12.824796983746234,49,52,B-
PHOE,Phoenix Asia Holdings Limited Ordinary Shares,Engineering & Construction,42,20.700000762939453,-84.45011904881987,93,,A+
PHR,Phreesia Inc. Common Stock,Business Services,80,11.029999732971191,-66.11367130106494,29,99,B+
PHUN,Phunware Inc. Common Stock,EDP Services,125,2.2300000190734863,-36.10315149054991,42,4,B
PHVS,Pharvaris N.V. Ordinary Shares,Biotechnology: Pharmaceutical Preparations,85,35.06999969482422,-2.474970557028555,88,,B
PI,Impinj Inc. Common Stock,Industrial Machinery/Components,68,146.02000427246094,-39.63870775827192,59,20,B-
PICS,PicS N.V. Class A Common Shares,Finance: Consumer Services,119,11.8100004196167,-37.84210305464896,22,94,D+
PII,Polaris Inc. Common Stock,Industrial Specialties,88,66.93000030517578,-7.759092396429068,68,43,C+
PIII,P3 Health Partners Inc. Class A Common Stock,Medical/Nursing Services,25,10.470000267028809,-36.42986822385998,98,63,A+
PIM,Putnam Master Intermediate Income Trust Common Stock,Finance Companies,53,3.180000066757202,-2.844874481040971,45,,D+
PINE,Alpine Income Property Trust Inc. Common Stock,Real Estate Investment Trusts,46,20.350000381469727,-4.280337900353681,79,63,C+
PINS,Pinterest Inc. Class A Common Stock,Computer Software: Programming Data Processing,111,22.600000381469727,-42.302779070877214,39,79,C+
PIPR,Piper Sandler Companies Common Stock,Investment Bankers/Brokers/Service,77,71.9800033569336,-22.19283528998346,31,61,E
PJT,PJT Partners Inc. Class A Common Stock,Investment Managers,73,157.1300048828125,-17.643008258114932,39,68,D+
PK,Park Hotels & Resorts Inc. Common Stock,Hotels/Resorts,39,14.180000305175781,-2.379908634188066,82,63,B-
PKBK,Parke Bancorp Inc. Common Stock,Major Banks,21,32.959999084472656,-2.0796220027115453,83,72,C+
PKE,Park Aerospace Corp. Common Stock,Military/Government/Technical,101,33.40999984741211,-12.607898908026682,89,56,B-
PKG,Packaging Corporation of America Common Stock,Containers/Packaging,56,225.86000061035156,-7.153671052656341,59,42,C-
PKOH,Park-Ohio Holdings Corp. Common Stock,Industrial Specialties,88,36.58000183105469,-6.349204954027821,93,72,B
PKX,POSCO HOLDINGS INC. American Depositary Shares (Each representing 1/4th of a share of Common Stock),Steel/Iron Ore,46,51.220001220703125,-44.15612675641603,35,,E-
PL,Planet Labs PBC Class A Common Stock,Radio And Television Broadcasting And Communications Equipment,10,25.959999084472656,-49.49416670464046,92,20,E
PLAB,Photronics Inc. Common Stock,Semiconductors,2,28.559999465942383,-48.03493460389963,40,83,E-
PLAG,Planet Green Holdings Corp. Common Stock,Packaged Foods,120,1.8799999952316284,-53.58024921745728,73,,A
PLAY,Dave & Buster's Entertainment Inc. Common Stock,Restaurants,101,10.050000190734863,-70.59683996195571,13,31,E
PLBC,Plumas Bancorp,Finance Companies,53,58.40999984741211,-2.3080800250612654,78,56,B
PLBL,Polibeli Group Ltd Class A Ordinary Shares,Consumer Electronics/Appliances,122,7.25,-38.297872340425535,25,,A
PLBY,Playboy Inc. Common Stock,Other Specialty Stores,113,1.1699999570846558,-56.82657045700002,18,20,E
PLCE,Children's Place Inc. (The) Common Stock,Clothing/Shoe/Accessory Stores,87,2.990000009536743,-67.39367519454645,14,9,E
PLD,Prologis Inc. Common Stock,Real Estate Investment Trusts,46,142.16000366210938,-3.730164995658014,68,80,D
PLG,Platinum Group Metals Ltd. Ordinary Shares (Canada),Precious Metals,113,1.2899999618530273,-62.93103578210679,14,11,E
PLGO,Pelagos Insurance Capital Limited Common Shares,Property-Casualty Insurers,36,25.350000381469727,-0.8215926794226669,84,97,B
PLMR,Palomar Holdings Inc. Common stock,Property-Casualty Insurers,36,139.5800018310547,-3.9300651930191166,58,61,B+
PLNT,Planet Fitness Inc. Common Stock,Hotels/Resorts,39,50.5,-55.526201107206184,12,81,E+
PLOW,Douglas Dynamics Inc. Common Stock,Construction/Ag Equipment/Trucks,37,43.08000183105469,-20.516602906559978,71,77,D-
PLPC,Preformed Line Products Company Common Stock,Water Sewer Pipeline Comm & Power Line Construction,1,340.0299987792969,-17.136592245225824,88,47,D-
PLRX,Pliant Therapeutics Inc. Common Stock,Biotechnology: Pharmaceutical Preparations,85,1.1399999856948853,-39.03743407550997,28,20,D+
PLRZ,Polyrizon Ltd. Ordinary Shares,Biotechnology: Pharmaceutical Preparations,85,13.859999656677246,-19.277812492189263,94,,A
PLSE,Pulse Biosciences Inc Common Stock (DE),Medical/Dental Instruments,113,25.889999389648438,-11.456909739030474,88,9,B
PLSM,Pulsenmore Ltd. Ordinary Shares,Medical/Dental Instruments,113,3.619999885559082,-50.815219838446794,18,,A+
PLTK,Playtika Holding Corp. Common Stock,EDP Services,125,4.110000133514404,-10.744460370923347,67,20,A-
PLTR,Palantir Technologies Inc. Class A Common Stock,Computer Software: Prepackaged Software,117,130.0399932861328,-37.23332470156318,31,97,C-
PLUG,Plug Power Inc. Common Stock,Industrial Machinery/Components,68,2.1700000762939453,-47.584537529561885,31,,E+
PLUR,Pluri Inc. Common Stock,Biotechnology: Biological Products (No Diagnostic Substances),65,1.6299999952316284,-71.30281611807025,7,11,E-
PLUS,ePlus inc. Common Stock,Retail: Computer Software & Peripheral Equipment,40,90.0,-2.6823307969841004,67,44,D+
PLUT,Plutus Financial Group Limited Ordinary Shares,Investment Bankers/Brokers/Service,77,3.0,-24.05063382824,36,,D
PLX,Protalix BioTherapeutics Inc. (DE) Common Stock,Biotechnology: Biological Products (No Diagnostic Substances),65,2.390000104904175,-24.12698309377691,67,,B+
PLXS,Plexus Corp. Common Stock,Electrical Products,4,259.0299987792969,-14.742284071214783,90,73,E+
PLYX,Polaryx Therapeutics Inc. Common Stock,Biotechnology: Pharmaceutical Preparations,85,2.200000047683716,-93.71428557804653,2,,D-
PM,Philip Morris International Inc Common Stock,Medicinal Chemicals and Botanical Products,135,180.19000244140625,-5.303932503583897,63,47,D+
PMA,Ming Shing Group Holdings Limited Ordinary Shares,Engineering & Construction,42,1.3700000047683716,-70.58191999805047,42,,A+
PMAX,Powell Max Limited Class A Ordinary Shares,Other Consumer Services,125,1.649999976158142,-95.60000006357828,3,,A
PMCB,PharmaCyte  Biotech Inc. Common Stock,Biotechnology: Biological Products (No Diagnostic Substances),65,0.6600000262260437,-45.90163846324767,24,38,A-
PMEC,Primech Holdings Ltd. Ordinary Shares,Diversified Commercial Services,97,0.6187999844551086,-72.12612718557074,15,,E-
PMI,Picard Medical Inc. Common Stock,Medical/Dental Instruments,113,0.14249999821186066,-98.92045454340204,1,,A+
PMM,Putnam Managed Municipal Income Trust Common Stock,Investment Managers,73,6.480000019073486,-1.068704879740212,58,,C-
PMN,ProMIS Neurosciences Inc. Common Shares (ON),Biotechnology: Pharmaceutical Preparations,85,12.800000190734863,-54.28571360451835,65,,A-
PMO,Putnam Municipal Opportunities Trust Common Stock,Finance Companies,53,10.680000305175781,-1.0194592869892438,54,,D+
PMT,PennyMac Mortgage Investment Trust Common Shares of Beneficial Interest,Real Estate Investment Trusts,46,10.180000305175781,-20.7083233610596,33,54,D+
PMTS,CPI Card Group Inc. Common Stock,Publishing,104,19.239999771118164,-13.098462956083768,65,89,B+
PMVP,PMV Pharmaceuticals Inc. Common Stock,Biotechnology: Pharmaceutical Preparations,85,1.2799999713897705,-28.88888859454496,43,,B
PN,PN Smart Energy Limited Class A Ordinary Shares,Retail: Computer Software & Peripheral Equipment,40,3.9800000190734863,-95.14634144015429,11,,A+
PNBK,Patriot National Bancorp Inc. Common Stock,Major Banks,21,1.1399999856948853,-40.62499941792338,24,,E-
PNC,PNC Financial Services Group Inc. (The) Common Stock,Major Banks,21,252.85000610351562,-0.45667037849138614,75,61,C+
PNFP,Pinnacle Financial Partners Inc. Common stock,Major Banks,21,100.13999938964844,-14.555038538456987,50,88,C
PNNT,PennantPark Investment Corporation Common Stock,Finance: Consumer Services,119,3.4200000762939453,-45.82541490547739,17,50,E
PNR,Pentair plc. Ordinary Share,Industrial Machinery/Components,68,76.52999877929688,-31.494900706963747,22,61,D+
PNRG,PrimeEnergy Resources Corporation Common Stock,Oil & Gas Production,35,182.44000244140625,-33.07164426706929,44,,E+
PNTG,The Pennant Group Inc. Common Stock,Medical/Nursing Services,25,39.86000061035156,-1.580245406539349,86,70,B
PNW,Pinnacle West Capital Corporation Common Stock,Electric Utilities: Central,59,108.62999725341797,-0.6766073645245396,67,82,C
POAS,Phaos Technology Holdings (Cayman) Limited Class A Ordinary Shares,Industrial Machinery/Components,68,0.2549999952316284,-96.13636365278366,1,,E
POCI,Precision Optics Corporation Inc. Common stock,Biotechnology: Electromedical & Electrotherapeutic Apparatus,68,4.800000190734863,-19.463084563549195,59,11,B+
PODC,PodcastOne Inc. Common Stock,Computer Software: Programming Data Processing,111,4.190000057220459,-15.863452988500281,96,20,B+
PODD,Insulet Corporation Common Stock,Medical/Dental Instruments,113,162.05999755859375,-54.06723139437184,15,95,D+
POET,POET Technologies Inc. Common Shares,Semiconductors,2,8.0,-61.10840972927703,56,4,D+
POLA,Polar Power Inc. Common Stock,Industrial Machinery/Components,68,1.6200000047683716,-69.25996184759832,23,20,B
POM,POMDOCTOR LIMITED American Depositary Shares,Other Specialty Stores,113,1.4199999570846558,-98.70461601760093,2,,A+
PONY,Pony AI Inc. American Depositary Shares,EDP Services,125,6.690000057220459,-72.19451286069085,10,20,E+
POOL,Pool Corporation Common Stock,Industrial Specialties,88,210.82000732421875,-35.64045071947811,29,44,B-
POR,Portland General Electric Co Common Stock,Electric Utilities: Central,59,53.04999923706055,-1.1116490843287363,64,55,C
POST,Post Holdings Inc. Common Stock,Packaged Foods,120,86.69999694824219,-24.35215383777648,28,65,E+
POWI,Power Integrations Inc. Common Stock,Semiconductors,2,69.44000244140625,-20.503716480339694,88,43,D
POWL,Powell Industries Inc. Common Stock,Electrical Products,4,225.66000366210938,-29.90601369588114,95,83,E-
POWW,Outdoor Holding Company Common Stock,Ordnance And Accessories,34,2.380000114440918,-4.032254188043427,86,63,A-
PPBT,Purple Biotech Ltd. American Depositary Shares,Biotechnology: Pharmaceutical Preparations,85,1.5199999809265137,-94.52252259125581,3,20,E-
PPC,Pilgrim's Pride Corporation Common Stock,Meat/Poultry/Fish,80,28.510000228881836,-40.84433057883423,21,47,D+
PPCB,Propanc Biopharma Inc. Common Stock,Biotechnology: Pharmaceutical Preparations,85,1.600000023841858,-99.38461537544543,4,11,A+
PPG,PPG Industries Inc. Common Stock,Paints/Coatings,53,113.83999633789062,-12.404430700619617,54,58,D+
PPHC,Public Policy Holding Company Inc. Common Stock,,,8.399999618530273,-42.50513473016271,18,,D+
PPIH,Perma-Pipe International Holdings Inc. Common Stock,Pollution Control Equipment,80,24.700000762939453,-30.0085006456556,30,48,E
PPL,PPL Corporation Common Stock,Electric Utilities: Central,59,36.06999969482422,-8.666521520159165,44,60,D
PPLI,People Incorporated Common Stock,Computer Software: Programming Data Processing,111,45.88999938964844,-3.632926461655117,69,20,C-
PPSI,Pioneer Power Solutions Inc. Common Stock,Electrical Products,4,3.569999933242798,-41.28289509801984,67,,C+
PPT,Putnam Premier Income Trust Common Stock,Finance Companies,53,3.430000066757202,-3.171590357799947,45,,D+
PPTA,Perpetua Resources Corp. Common Shares,Precious Metals,113,18.65999984741211,-49.86566567592497,23,,E-
PR,Permian Resources Corporation Class A Common Stock,Oil & Gas Production,35,19.6200008392334,-12.133598894952968,78,36,D
PRAA,PRA Group Inc. Common Stock,Finance: Consumer Services,119,18.290000915527344,-17.723790858488798,57,58,D+
PRAX,Praxis Precision Medicines Inc. Common Stock,Biotechnology: Pharmaceutical Preparations,85,314.55999755859375,-11.920031008928401,99,4,C
PRCH,Porch Group Inc. Common Stock,Computer Software: Prepackaged Software,117,13.40999984741211,-29.569331919117204,88,4,A-
PRCT,PROCEPT BioRobotics Corporation Common Stock,Medical/Dental Instruments,113,21.219999313354492,-64.66866661979276,17,20,E
PRDO,Perdoceo Education Corporation Common Stock,Other Consumer Services,125,36.54999923706055,-3.2408297120289142,60,80,C
PRE,Prenetics Global Limited Class A Ordinary Share,Blank Checks,73,18.68000030517578,-15.66591139103929,84,,D+
PRFX,PRF Technologies Ltd. Ordinary Shares,Biotechnology: Pharmaceutical Preparations,85,1.2400000095367432,-89.5358652352807,5,,A+
PRG,PROG Holdings Inc. Common Stock,Diversified Commercial Services,97,44.630001068115234,-4.248014409587009,89,66,A-
PRGO,Perrigo Company plc Ordinary Shares,Biotechnology: Pharmaceutical Preparations,85,10.170000076293945,-62.01067902804216,18,43,B-
PRGS,Progress Software Corporation Common Stock (DE),Computer Software: Prepackaged Software,117,38.22999954223633,-24.773711586366108,56,89,A
PRHI,Presurance Holdings Inc. Common Stock,Property-Casualty Insurers,36,5.389999866485596,-62.068966558648455,43,56,A-
PRI,Primerica Inc. Common Stock,Life Insurance,21,310.2200012207031,0.0,70,73,C+
PRIM,Primoris Services Corporation Common Stock,Water Sewer Pipeline Comm & Power Line Construction,1,85.22000122070312,-57.968572861483736,16,47,E-
PRK,Park National Corporation Common Stock,Major Banks,21,185.75,-0.748059814128943,63,87,C+
PRKS,United Parks & Resorts Inc. Common Stock,Biotechnology: Electromedical & Electrotherapeutic Apparatus,68,46.79999923706055,-15.232747666857593,62,31,B-
PRLB,Proto Labs Inc. Common stock,Metal Fabrications,45,74.72000122070312,-8.521056633776269,86,78,C-
PRLD,Prelude Therapeutics Incorporated Common Stock,Biotechnology: Pharmaceutical Preparations,85,4.440000057220459,-19.565216076772163,98,4,A-
PRM,Perimeter Solutions SA Common Stock,Major Chemicals,59,32.869998931884766,-12.996294351662996,87,70,E+
PRMB,Primo Brands Corporation Class A Common Stock,Beverages (Production/Distribution),93,23.790000915527344,-16.267340064718073,65,65,C+
PRME,Prime Medicine Inc. Common Stock,Biotechnology: Biological Products (No Diagnostic Substances),65,3.515000104904175,-47.30134835534792,28,,B+
PROF,Profound Medical Corp. Common Stock,Medical/Dental Instruments,113,7.150000095367432,-17.341035714608587,59,20,B+
PROK,ProKidney Corp. Class A Ordinary Shares,Biotechnology: Biological Products (No Diagnostic Substances),65,1.6100000143051147,-64.5374443208589,14,,A-
PROP,Prairie Operating Co. Common Stock,Finance: Consumer Services,119,0.7728999853134155,-81.59761856159113,7,,E
PROV,Provident Financial Holdings Inc. Common Stock,Savings Institutions,15,17.1200008392334,-0.7536183232846438,54,41,D
PRPL,Purple Innovation Inc. Common Stock,Home Furnishings,42,0.3276999890804291,-73.78400087356567,8,20,E-
PRPO,Precipio Inc.  Common Stock,Biotechnology: Laboratory Analytical Instruments,59,24.0,-25.857272808372677,63,,E
PRQR,ProQR Therapeutics N.V. Ordinary Shares,Biotechnology: Pharmaceutical Preparations,85,1.7000000476837158,-44.26229264716309,26,,E-
PRSO,Peraso Inc. Common Stock,Semiconductors,2,0.7549999952316284,-67.45689582084076,18,20,A
PRSU,Pursuit Attractions and Hospitality Inc. Common Stock,Business Services,80,52.959999084472656,-5.377884707133218,88,34,B
PRTA,Prothena Corporation plc Ordinary Shares,Biotechnology: Pharmaceutical Preparations,85,8.829999923706055,-23.284102970310162,41,63,C+
PRTH,Priority Technology Holdings Inc. Common Stock,Business Services,80,7.130000114440918,-15.421116769553379,74,84,A
PRTS,CarParts.com Inc. Common Stock,Auto & Home Supply Stores,109,5.659999847412109,-50.350876870101025,26,,E+
PRU,Prudential Financial Inc. Common Stock,Life Insurance,21,116.16999816894531,0.0,66,64,C+
PRVA,Privia Health Group Inc. Common Stock,Medical/Nursing Services,25,27.889999389648438,0.0,75,58,B+
PRZO,ParaZero Technologies Ltd. Ordinary Shares,Military/Government/Technical,101,0.4936000108718872,-75.56435566670216,8,,A+
PSA,Public Storage Common Stock,Real Estate Investment Trusts,46,321.8599853515625,-2.360159249832716,65,57,C-
PSBD,Palmer Square Capital BDC Inc. Common Stock,,,10.119999885559082,-18.05323487190765,38,,C-
PSEC,Prospect Capital Corporation Common Stock,Finance: Consumer Services,119,2.25,-21.26831871217937,33,56,E+
PSFE,Paysafe Limited Common Shares,Business Services,80,8.15999984741211,-44.41417113230502,32,20,B+
PSHG,Performance Shipping Inc. Common Shares,Marine Transportation,9,1.659999966621399,-34.90196087597792,30,35,D-
PSIG,PS International Group Ltd. Ordinary Shares,Integrated Freight & Logistics,141,1.2599999904632568,-89.36708903036354,4,,E-
PSIX,Power Solutions International Inc. Common Stock,Industrial Machinery/Components,68,32.18000030517578,-72.20590719946524,7,50,E-
PSKY,Paramount Skydance Corporation Class B Common Stock,Broadcasting,97,9.550000190734863,-50.92550492489529,22,,E+
PSMT,PriceSmart Inc. Common Stock,Department/Specialty Retail Stores,44,191.1300048828125,-3.420914210443615,88,69,C+
PSN,Parsons Corporation Common Stock,EDP Services,125,54.86000061035156,-38.55974907845305,26,53,C+
PSNL,Personalis Inc. Common Stock,Medical Specialities,30,15.039999961853027,0.0,97,4,A
PSNY,Polestar Automotive Holding UK PLC Class A ADS,Auto Manufacturing,138,18.010000228881836,-56.18004647805046,21,,E+
PSNYW,Polestar Automotive Holding UK PLC Class C-1 ADS (ADW),Auto Manufacturing,138,2.440000057220459,-73.76344078303018,10,,C
PSO,Pearson Plc Common Stock,Books,2,17.610000610351562,0.0,79,,B-
PSQH,PSQ Holdings Inc. Class A Common Stock,Advertising,109,4.820000171661377,-88.64546505292545,5,20,E-
PSTL,Postal Realty Trust Inc. Class A Common Stock,Real Estate Investment Trusts,46,23.850000381469727,-4.523615618390997,87,97,C+
PSTV,PLUS THERAPEUTICS Inc. Common Stock,Medical/Dental Instruments,113,4.170000076293945,-81.258426623398,11,,B+
PSX,Phillips 66 Common Stock,Integrated oil Companies,6,198.2899932861328,0.0,85,96,B-
PTC,PTC Inc. Common Stock,Computer Software: Prepackaged Software,117,125.41999816894531,-42.07731082251448,22,94,D-
PTCT,PTC Therapeutics Inc. Common Stock,Biotechnology: Pharmaceutical Preparations,85,81.33000183105469,-9.17923053107229,78,4,B
PTEN,Patterson-UTI Energy Inc. Common Stock,Oil & Gas Production,35,9.680000305175781,-23.991216417188433,81,9,E+
PTGX,Protagonist Therapeutics Inc. Common Stock,Biotechnology: Pharmaceutical Preparations,85,129.88999938964844,-7.781332083019077,93,32,B
PTHS,Pelthos Therapeutics Inc. Common Stock,Biotechnology: Biological Products (No Diagnostic Substances),65,26.25,-29.850343975204265,52,20,B
PTLE,PTL LTD Class A Ordinary Shares,Oil Refining/Marketing,133,10.010000228881836,-55.62943055919219,34,,A+
PTLO,Portillo's Inc. Class A Common Stock,Restaurants,101,4.75,-58.623691729915436,22,32,C-
PTN,Palatin Technologies Inc. Common Stock,Biotechnology: Pharmaceutical Preparations,85,9.520000457763672,-65.99999836512974,29,11,E-
PTON,Peloton Interactive Inc. Class A Common Stock,Recreational Games/Products/Toys,93,6.079999923706055,-32.444445292154946,53,37,B+
PTRN,Pattern Group Inc. Series A Common Stock,Catalog/Specialty Distribution,59,28.440000534057617,-3.2653030507782232,96,50,A
PUBM,PubMatic Inc. Class A Common Stock,Computer Software: Programming Data Processing,111,13.569999694824219,-1.8799727427052826,88,30,A-
PUK,Prudential Public Limited Company Common Stock,Life Insurance,21,28.399999618530273,-14.382272439767696,44,,D-
PULM,Pulmatrix Inc. Common Stock,Biotechnology: Pharmaceutical Preparations,85,1.6699999570846558,-74.50381819153363,26,,D
PUMP,ProPetro Holding Corp. Common Stock,Oilfield Services/Equipment,10,13.180000305175781,-27.58241894135448,90,30,E
PURR,Hyperliquid Strategies Inc Common Stock,Finance: Consumer Services,119,7.159999847412109,-34.73108775637821,91,,B-
PUSA,Aureus Greenway Holdings Inc. Common Stock,Hotels/Resorts,39,3.640000104904175,-53.42290366919327,96,,A+
PVH,PVH Corp. Common Stock,Garments and Clothing,72,77.77999877929688,-21.252491665097352,40,81,E
PVLA,Palvella Therapeutics Inc. Common Stock,Biotechnology: Pharmaceutical Preparations,85,146.02999877929688,-5.689742809970522,97,11,A-
PW,Power REIT (MD) Common Stock,Real Estate Investment Trusts,46,9.319999694824219,-43.51515336470171,48,,A-
PWP,Perella Weinberg Partners Class A Common Stock,Finance: Consumer Services,119,14.90999984741211,-38.29080376646205,21,52,D-
PWR,Quanta Services Inc. Common Stock,Engineering & Construction,42,646.7000122070312,-17.6304302584844,85,85,E
PXED,Phoenix Education Partners Inc. Common Stock,Other Consumer Services,125,33.54999923706055,-10.775710594105526,52,33,B
PXLW,Pixelworks Inc.  Common Stock,Semiconductors,2,5.920000076293945,-61.12934829790107,31,63,B
PXS,Pyxis Tankers Inc. Common Stock,Marine Transportation,9,4.21999979019165,-12.62940254968683,75,74,D+
PYPD,PolyPid Ltd. Ordinary Shares,Biotechnology: Pharmaceutical Preparations,85,5.039999961853027,-9.677418803518133,78,4,A-
PYPL,PayPal Holdings Inc. Common Stock,Diversified Commercial Services,97,47.650001525878906,-38.55450146511007,28,57,C+
PYT,PPlus Tr GSC-2 Tr Ctf Fltg Rate,Finance: Consumer Services,119,23.510000228881836,-0.8853250023258874,51,,C+
PYXS,Pyxis Oncology Inc. Common Stock,Biotechnology: Pharmaceutical Preparations,85,2.440000057220459,-54.307116338976556,89,4,A
PZG,Paramount Gold Nevada Corp. Common Stock,Metal Mining,97,1.1299999952316284,-57.67790400964675,39,11,E
PZZA,Papa John's International Inc. Common Stock,Restaurants,101,33.25,-37.5595755882054,30,37,C+
Q,Qnity Electronics Inc. Common Stock,Semiconductors,2,140.97999572753906,-19.733548042902182,83,,C
QBTS,D-Wave Quantum Inc. Common Shares,EDP Services,125,18.65999984741211,-58.32961063849071,44,20,B-
QCLS,Q/C Technologies Inc. Common Stock,Biotechnology: In Vitro & In Vivo Diagnostic Substances,97,3.430000066757202,-77.72727174207196,21,,B
QCOM,QUALCOMM Incorporated Common Stock,Radio And Television Broadcasting And Communications Equipment,10,183.97999572753906,-26.43633341895303,76,75,C
QCRH,QCR Holdings Inc. Common Stock,Major Banks,21,96.80999755859375,-2.063733886714647,70,73,C
QDEL,QuidelOrtho Corporation Common Stock,Biotechnology: In Vitro & In Vivo Diagnostic Substances,97,17.889999389648438,-49.43471212675835,30,20,B
QFIN,Qfin Holdings Inc. American Depositary Shares,Finance: Consumer Services,119,12.800000190734863,-67.66786448390467,18,47,D-
QGEN,Qiagen N.V. Common Shares,Biotechnology: Biological Products (No Diagnostic Substances),65,41.439998626708984,-24.876366585590592,36,41,A-
QH,Quhuo Limited American Depository Shares,,,6.010000228881836,-96.11757098811402,99,,A
QLYS,Qualys Inc. Common Stock,Computer Software: Prepackaged Software,117,151.5399932861328,-4.925030512312956,88,68,A-
QMCO,Quantum Corporation Common Stock,Electronic Components,6,9.670000076293945,-39.37303954902386,77,,B-
QNC,Quantum eMotion Corp. Common Shares,,,2.4600000381469727,-35.09234662513779,23,,A
QNCX,Quince Therapeutics Inc. Common Stock,Biotechnology: Biological Products (No Diagnostic Substances),65,17.25,-98.03977272727272,4,,E-
QNRX,Quoin Pharmaceuticals Ltd. American Depositary Shares,Medical/Dental Instruments,113,4.230000019073486,-81.03138940003363,11,20,A+
QNST,QuinStreet Inc. Common Stock,Business Services,80,17.610000610351562,0.0,79,93,A-
QNTM,Quantum Biopharma Ltd. Class B Subordinate Voting Shares,Biotechnology: Pharmaceutical Preparations,85,3.5299999713897705,-87.91509728849586,12,,D-
QRHC,Quest Resource Holding Corporation Common Stock,Environmental Services,68,1.2999999523162842,-46.0580951859927,34,20,B
QRVO,Qorvo Inc. Common Stock,Semiconductors,2,84.3499984741211,-22.064126528813112,45,60,D-
QS,QuantumScape Corporation Class A Common Stock,Industrial Machinery/Components,68,6.28000020980835,-65.943600716228,20,20,D
QSI,Quantum-Si Incorporated Class A Common Stock,Industrial Machinery/Components,68,0.8693000078201294,-66.94676920176012,24,20,C+
QSR,Restaurant Brands International Inc. Common Shares,Restaurants,101,75.56999969482422,-6.624346271694748,57,84,D+
QTEX,QTREX Quantum Ltd. Ordinary Shares,Medical/Dental Instruments,113,1.4800000190734863,-51.948050138499525,97,,A+
QTI,QT Imaging Holdings Inc. Common Stock,Biotechnology: Electromedical & Electrotherapeutic Apparatus,68,3.630000114440918,-90.86792424040021,6,20,E-
QTRX,Quanterix Corporation Common Stock,Biotechnology: Laboratory Analytical Instruments,59,3.880000114440918,-51.861043269952646,28,32,A-
QTTB,Q32 Bio Inc. Common Stock,Biotechnology: Pharmaceutical Preparations,85,21.3799991607666,0.0,99,,A+
QTWO,Q2 Holdings Inc. Common Stock,Computer Software: Prepackaged Software,117,52.65999984741211,-42.410325414026474,32,97,A-
QUAD,Quad Graphics Inc Class A Common Stock,Publishing,104,8.380000114440918,-2.1028072003744236,83,76,B+
QUBT,Quantum Computing Inc. Common Stock,Computer Software: Prepackaged Software,117,8.0,-67.50609371527098,21,20,B
QUCY,Quantum Cyber N.V. Ordinary Shares,Biotechnology: Pharmaceutical Preparations,85,1.2599999904632568,-64.60674127203815,92,,A+
QUIK,QuickLogic Corporation Common Stock,Semiconductors,2,14.640000343322754,-38.33192719262944,94,4,D+
QURE,uniQure N.V. Ordinary Shares,Biotechnology: Pharmaceutical Preparations,85,41.099998474121094,-41.77645472966284,97,,A
QXL,Quantum X Labs Inc. Common Stock,Computer Software: Prepackaged Software,117,5.210000038146973,-23.941604223621738,97,,A+
QXO,QXO Inc. Common Stock,RETAIL: Building Materials,112,13.890000343322754,-48.68858330287118,14,39,E-
R,Ryder System Inc. Common Stock,Rental/Leasing Companies,130,265.29998779296875,-5.364917151099025,84,76,D+
RACE,Ferrari N.V. Common Shares,Auto Manufacturing,138,372.9800109863281,-27.11589350381476,38,58,C
RADX,Radiopharm Theranostics Limited American Depositary Shares,Biotechnology: Pharmaceutical Preparations,85,4.329999923706055,-59.26622881382924,31,,D-
RAIL,FreightCar America Inc. Common Stock,Railroads,28,7.840000152587891,-47.02702667871647,22,60,B+
RAIN,Rain Enhancement Technologies Holdco Inc. Class A Common Stock,Industrial Machinery/Components,68,1.7050000429153442,-79.02829005024444,11,,E-
RAL,Ralliant Corporation Common Stock,Industrial Machinery/Components,68,67.05000305175781,-8.936567224107439,87,,B+
RAMP,LiveRamp Holdings Inc. Common Stock,EDP Services,125,37.81999969482422,-0.15839855226804644,83,99,B+
RAND,Rand Capital Corporation Common Stock,Finance: Consumer Services,119,10.149999618530273,-40.73971746948607,29,20,C+
RANI,Rani Therapeutics Holdings Inc. Class A Common Stock,Biotechnology: Pharmaceutical Preparations,85,0.6326000094413757,-77.80350769790876,32,20,E-
RAPP,Rapport Therapeutics Inc. Common Stock,Biotechnology: Pharmaceutical Preparations,85,40.59000015258789,-3.4720549606714224,91,4,A-
RARE,Ultragenyx Pharmaceutical Inc. Common Stock,Biotechnology: Pharmaceutical Preparations,85,33.220001220703125,-9.085932161029076,79,20,A
RAVE,Rave Restaurant Group Inc. Common Stock,Food Distributors,19,3.200000047683716,-12.087913311531128,70,45,B
RAY,Raytech Holding Limited Ordinary Shares,Consumer Electronics/Appliances,122,2.684999942779541,-94.63857858504596,13,,A
RAYA,Erayak Power Solution Group Inc. Class A Ordinary Shares,Metal Fabrications,45,2.744999885559082,-99.95948937595102,2,,A
RBA,RB Global Inc. Common Stock,Business Services,80,108.77999877929688,-8.42577828228408,50,55,D+
RBB,RBB Bancorp Common Stock,Major Banks,21,27.260000228881836,-2.3638962951597398,83,78,B+
RBBN,Ribbon Communications Inc. Common Stock,EDP Services,125,2.2799999713897705,-46.35294184965246,22,40,D+
RBC,RBC Bearings Incorporated Common Stock,Metal Fabrications,45,584.5900268554688,-9.909227502569273,76,77,D-
RBCAA,Republic Bancorp Inc. Class A Common Stock,Major Banks,21,88.41999816894531,-4.730093206690256,75,66,C-
RBKB,Rhinebeck Bancorp Inc. Common Stock,Banks,25,16.950000762939453,-3.6384274252225013,80,51,B+
RBLX,Roblox Corporation Class A Common Stock,Computer Software: Prepackaged Software,117,55.029998779296875,-61.126024492534235,20,4,C+
RBNE,Robin Energy Ltd. Common Stock,Marine Transportation,9,6.710000038146973,-97.32135727020082,2,63,E-
RBRK,Rubrik Inc. Class A Common Stock,Computer Software: Prepackaged Software,117,83.83999633789062,-14.883252448842011,85,20,B
RC,Ready Capital Corporation Common Stock,Real Estate Investment Trusts,46,1.6100000143051147,-62.21047444875594,20,20,D
RCAT,Red Cat Holdings Inc. Common Stock,Computer Software: Prepackaged Software,117,8.380000114440918,-51.72811163702365,23,20,C-
RCEL,Avita Medical Inc. Common Stock,Medical/Dental Instruments,113,3.950000047683716,-41.56804861030188,27,20,B+
RCI,Rogers Communication Inc. Common Stock,Cable & Other Pay Television Services,104,33.380001068115234,-16.99346628430244,45,90,D
RCKT,Rocket Pharmaceuticals Inc. Common Stock,Biotechnology: Pharmaceutical Preparations,85,3.7200000286102295,-29.81132274083109,56,4,A-
RCKY,Rocky Brands Inc. Common Stock,Shoe Manufacturing,68,40.20000076293945,-15.148704100463162,78,38,D
RCL,Royal Caribbean Cruises Ltd. Common Stock,Marine Transportation,9,288.6099853515625,-19.76149991426507,41,95,C
RCMT,RCM Technologies Inc. Common Stock,Professional Services,104,27.510000228881836,-13.38161199424408,63,47,D+
RCON,Recon Technology Ltd. Class A Ordinary Shares,Oilfield Services/Equipment,10,0.45879998803138733,-89.8044447104136,5,,E-
RCT,RedCloud Holdings plc Ordinary Shares,Computer Software: Programming Data Processing,111,0.24799999594688416,-91.35888481408169,4,,A+
RCUS,Arcus Biosciences Inc. Common Stock,Biotechnology: Pharmaceutical Preparations,85,28.06999969482422,-9.68468544488631,93,4,A-
RDCM,Radcom Ltd. Ordinary Shares,Computer peripheral equipment,46,14.399999618530273,-10.780668134560967,63,84,E+
RDDT,Reddit Inc. Class A Common Stock,EDP Services,125,200.92999267578125,-25.776661734657935,73,98,B+
RDGT,Ridgetech Inc. Ordinary Shares,Retail-Drug Stores and Proprietary Stores,137,1.5299999713897705,-99.79881657180937,3,,A+
RDHL,Redhill Biopharma Ltd. American Depositary Shares,Biotechnology: Pharmaceutical Preparations,85,0.6930000185966492,-72.49999905389453,12,,E-
RDI,Reading International Inc Class A Common Stock,Movies/Entertainment,67,1.225000023841858,-22.95597496065156,49,,B
RDIB,Reading International Inc Class B Common Stock,Movies/Entertainment,67,8.510000228881836,-39.64539008051581,26,,D+
RDN,Radian Group Inc. Common Stock,Property-Casualty Insurers,36,38.0099983215332,-0.4713283887103681,62,88,C+
RDNT,RadNet Inc. Common Stock,Medical Specialities,30,63.310001373291016,-25.059186958359746,46,,B-
RDNW,RideNow Group Inc. Class B Common Stock,EDP Services,125,5.949999809265137,-27.96610600008913,83,20,B-
RDVT,Red Violet Inc. Common Stock,Computer Software: Prepackaged Software,117,68.44999694824219,-0.3784050934287131,91,,A
RDW,Redwire Corporation Common Stock,Military/Government/Technical,101,9.59000015258789,-62.9729718384757,35,20,C-
RDWR,Radware Ltd. Ordinary Shares,Business Services,80,30.81999969482422,-4.077190568757927,74,69,C-
RDY,Dr. Reddy's Laboratories Ltd Common Stock,Biotechnology: Pharmaceutical Preparations,85,12.920000076293945,-15.99479856854602,38,37,D-
RDZN,Roadzen Inc. Ordinary Shares,Specialty Insurers,91,1.190000057220459,-50.62240602326431,41,4,B+
REAL,The RealReal Inc. Common Stock,Other Specialty Stores,113,10.680000305175781,-36.80473049558223,68,20,D-
REAX,The Real Brokerage Inc. Common Shares,Real Estate,89,2.069999933242798,-61.52416562805391,15,20,B+
REBN,Reborn Coffee Inc. Common Stock,Restaurants,101,1.409999966621399,-55.5205068553237,13,,E
RECT,Rectitude Holdings Ltd Ordinary Shares,Industrial Machinery/Components,68,1.2200000286102295,-75.59999942779541,16,,A
REED,Reed's Inc. Common Stock,Beverages (Production/Distribution),93,1.0700000524520874,-91.0833328962326,4,20,E-
REFI,Chicago Atlantic Real Estate Finance Inc. Common Stock,Real Estate Investment Trusts,46,10.729999542236328,-12.793307282674448,39,38,D+
REFR,Research Frontiers Incorporated Common Stock,Multi-Sector Companies,93,0.5444999933242798,-76.92796535899122,7,,E-
REG,Regency Centers Corporation Common Stock,Real Estate Investment Trusts,46,79.94000244140625,-2.2857782337032506,61,57,D+
REGN,Regeneron Pharmaceuticals Inc. Common Stock,Biotechnology: Pharmaceutical Preparations,85,663.0900268554688,-18.145545424270782,44,68,D-
REI,Ring Energy Inc. Common Stock,Oil & Gas Production,35,1.1699999570846558,-40.90909364575961,60,20,D
REKR,Rekor Systems Inc. Common Stock,Telecommunications Equipment,73,0.6330000162124634,-80.21874978812411,12,,E
RELL,Richardson Electronics Ltd. Common Stock,Electronic Components,6,17.014999389648438,-10.49448087960777,90,41,C
RELX,RELX PLC PLC American Depositary Shares (Each representing One Ordinary Share),Business Services,80,33.41999816894531,-36.407965652027166,28,,C-
RELY,Remitly Global Inc. Common Stock,Business Services,80,23.68000030517578,-2.471171188227106,88,97,B
RENT,Rent the Runway Inc. Class A Common Stock,Other Specialty Stores,113,3.3399999141693115,-64.4302471560143,12,40,B-
RENX,RenX Enterprises Corp. Common Stock,Real Estate,89,2.0799999237060547,-94.61139894836896,9,,E+
REPL,Replimune Group Inc. Common Stock,Biotechnology: Biological Products (No Diagnostic Substances),65,9.9350004196167,-21.33808131753542,93,4,A-
REPX,Riley Exploration Permian Inc. Common Stock,Oil & Gas Production,35,34.470001220703125,-16.35524875881171,65,33,D+
RERE,ATRenew Inc. American Depositary Shares (every three of which representing two Class A ordinary shares),Other Specialty Stores,113,3.9800000190734863,-35.77082832023779,34,80,E+
RES,RPC Inc. Common Stock,Oilfield Services/Equipment,10,5.78000020980835,-27.322480415835305,49,60,E
RETO,ReTo Eco-Solutions Inc. Class A Shares,Industrial Machinery/Components,68,3.049999952316284,-94.63028170196482,11,,A
REVB,Revelation Biosciences Inc. Common Stock,Biotechnology: Pharmaceutical Preparations,85,0.9868999719619751,-92.01537217334128,7,20,E+
REX,REX American Resources Corporation,Major Chemicals,59,47.65999984741211,-6.84128227216374,85,93,C
REXR,Rexford Industrial Realty Inc. Common Stock,Real Estate Investment Trusts,46,34.75,-18.51846153763588,40,61,D+
REYN,Reynolds Consumer Products Inc. Common Stock,Containers/Packaging,56,26.299999237060547,-3.237678654284859,70,56,B-
REZI,Resideo Technologies Inc. Common Stock,Wholesale Distributors,,35.400001525878906,-20.449434773305832,50,63,C
RF,Regions Financial Corporation Common Stock,Major Banks,21,31.06999969482422,0.0,71,60,C
RFIL,RF Industries Ltd. Common Stock,Electrical Products,4,15.760000228881836,-26.697673354037978,95,66,D-
RFL,Rafael Holdings Inc. Class B Common Stock,Real Estate,89,2.259999990463257,-40.211640011406246,92,11,A
RGA,Reinsurance Group of America Incorporated Common Stock,Life Insurance,21,238.00999450683594,0.0,71,93,B-
RGC,Regencell Bioscience Holdings Limited Ordinary Shares,Medicinal Chemicals and Botanical Products,135,5.050000190734863,-90.45007547516894,3,,E
RGCO,RGC Resources Inc. Common Stock,Oil & Gas Production,35,24.510000228881836,-2.077508763478031,62,42,E+
RGEN,Repligen Corporation Common Stock,Biotechnology: Biological Products (No Diagnostic Substances),65,144.8800048828125,-15.89457244696295,55,61,B
RGLD,Royal Gold Inc. Common Stock,Precious Metals,113,193.47000122070312,-36.152199198390775,32,90,E+
RGNT,Regentis Biomaterials Ltd. Ordinary Shares,Biotechnology: Pharmaceutical Preparations,85,3.4700000286102295,-63.08510458053851,20,,A+
RGNX,REGENXBIO Inc. Common Stock,Biotechnology: Biological Products (No Diagnostic Substances),65,12.75,-20.21276367185868,76,20,A
RGP,Resources Connection Inc. Common Stock,Business Services,80,4.650000095367432,-14.451638179662352,60,29,A-
RGR,Sturm Ruger & Company Inc. Common Stock,Ordnance And Accessories,34,38.43000030517578,-17.954197921220604,41,,D-
RGS,Regis Corporation Common Stock,Other Consumer Services,125,27.450000762939453,-10.847677990498317,56,78,B
RGTI,Rigetti Computing Inc. Common Stock,EDP Services,125,15.359999656677246,-72.73695488981693,28,20,C
RH,RH Common Stock,Other Specialty Stores,113,161.82000732421875,-35.52987756007221,42,30,B
RHI,Robert Half Inc. Common Stock,Professional Services,104,35.59000015258789,-9.214441685220077,80,37,B+
RHLD,Resolute Holdings Management Common Stock,Finance: Consumer Services,119,130.88999938964844,-42.178732953592565,86,,C
RHP,Ryman Hospitality Properties Inc. (REIT),Real Estate Investment Trusts,46,124.36000061035156,-5.016304449168341,81,84,B-
RICK,RCI Hospitality Holdings Inc. Common Stock,Restaurants,101,26.5,-33.970403851964704,41,30,C+
RIG,Transocean Ltd (Switzerland) Common Stock,Oil & Gas Production,35,5.369999885559082,-29.155673619933854,78,,E+
RIGL,Rigel Pharmaceuticals Inc. Common Stock,Biotechnology: Pharmaceutical Preparations,85,41.29999923706055,-18.95604399717401,88,59,A-
RILY,BRC Group Holdings Inc. Common Stock,Investment Managers,73,7.170000076293945,-32.86516974330803,65,99,C
RIME,Algorhythm Holdings Inc. Common Stock,Diversified Electronic Products,,0.5019999742507935,-85.57471346266125,6,,D-
RIO,Rio Tinto Plc Common Stock,Metal Mining,97,89.8499984741211,-19.805428650555278,69,,E+
RIOT,Riot Platforms Inc. Common Stock,Finance: Consumer Services,119,20.190000534057617,-29.627047200329372,77,4,D-
RITM,Rithm Capital Corp. Common Stock,Real Estate Investment Trusts,46,9.069999694824219,-20.69734687627186,33,70,D
RITR,Reitar Logtech Holdings Limited Ordinary shares,Real Estate,89,0.2442999929189682,-96.62102361999337,4,,D
RIVN,Rivian Automotive Inc. Class A Common Stock,Auto Manufacturing,138,17.309999465942383,-22.895327939062714,65,20,A-
RJET,Republic Airways Holdings Inc. Common Stock,Air Freight/Delivery Services,18,18.25,-28.007890629696654,42,,A-
RJF,Raymond James Financial Inc. Common Stock,Investment Bankers/Brokers/Service,77,166.97999572753906,-4.063720577809315,56,67,C-
RKDA,Arcadia Biosciences Inc. Common Stock,Farming/Seeds/Milling,101,0.6245999932289124,-88.60218994425269,4,32,A+
RKLB,Rocket Lab Corporation Common Stock,Military/Government/Technical,101,76.7300033569336,-48.92497800765895,78,4,E+
RKT,Rocket Companies Inc. Class A Common Stock,Finance: Consumer Services,119,13.90999984741211,-40.65699859007555,31,63,B-
RKTO,Rocket One Inc. Common Stock,Biotechnology: Pharmaceutical Preparations,85,0.8618999719619751,-61.175677438997866,53,,A+
RL,Ralph Lauren Corporation Common Stock,Garments and Clothing,72,374.489990234375,-9.377097557832503,58,75,C-
RLAY,Relay Therapeutics Inc. Common Stock,Biotechnology: Biological Products (No Diagnostic Substances),65,18.729999542236328,-9.734941965126131,98,4,A-
RLGT,Radiant Logistics Inc. Common Stock,Integrated Freight & Logistics,141,9.34000015258789,-2.8095683010951333,84,71,B-
RLI,RLI Corp. Common Stock (DE),Property-Casualty Insurers,36,61.459999084472656,-5.760145043334952,52,42,B-
RLJ,RLJ Lodging Trust Common Shares of Beneficial Interest $0.01 par value,Real Estate Investment Trusts,46,11.40999984741211,-3.936767251253137,90,35,B
RLMD,Relmada Therapeutics Inc. Common Stock,Biotechnology: Pharmaceutical Preparations,85,6.449999809265137,-17.93893511829777,99,,B
RLYB,Rallybio Corporation Common Stock,Biotechnology: Pharmaceutical Preparations,85,15.890000343322754,-5.8091312813187574,99,4,A
RM,Regional Management Corp. Common Stock,Finance: Consumer Services,119,43.2599983215332,-2.540235506765298,72,60,B+
RMAX,RE/MAX Holdings Inc. Class A Common Stock,Real Estate,89,10.600000381469727,-8.225106437896024,89,34,A
RMBI,Richmond Mutual Bancorporation Inc. Common Stock,Major Banks,21,15.199999809265137,-6.114890007013251,61,70,A
RMBS,Rambus Inc. Common Stock,Semiconductors,2,103.11000061035156,-39.581625221045,63,79,E-
RMCF,Rocky Mountain Chocolate Factory Inc. Common Stock,Specialty Foods,91,1.059999942779541,-63.573886202242036,11,81,E-
RMCO,Royalty Management Holding Corporation Class A Common Stock,Multi-Sector Companies,93,2.2699999809265137,-49.772688930269005,40,,A
RMD,ResMed Inc. Common Stock,Medical/Dental Instruments,113,198.5,-31.901378546140123,24,61,D
RMIX,Suncrete Inc. Class A Common Stock,Building Materials,49,19.899999618530273,-19.887280610756985,94,,A
RMNI,Rimini Street Inc. (DE) Common Stock,Business Services,80,4.769999980926514,-8.96946203666259,73,53,B+
RMR,The RMR Group Inc. Class A Common Stock,Professional Services,104,20.440000534057617,-4.35189643731031,82,49,C+
RMSG,Real Messenger Corporation Ordinary Shares,Computer Software: Programming Data Processing,111,0.40299999713897705,-92.26487535147292,9,,A+
RMT,Royce Micro-Cap Trust Inc. Common Stock,Investment Managers,73,13.899999618530273,-5.313356065602393,80,,D+
RMTI,Rockwell Medical Inc. Common Stock,Biotechnology: Pharmaceutical Preparations,85,5.670000076293945,-69.01639173398844,11,20,E-
RNA,Atrium Therapeutics Inc. Common Stock,Biotechnology: Pharmaceutical Preparations,85,12.220000267028809,-26.118503079664436,32,,C-
RNAC,Cartesian Therapeutics Inc. Common Stock,Biotechnology: Pharmaceutical Preparations,85,8.630000114440918,-37.007297557737495,57,,A+
RNAZ,TransCode Therapeutics Inc. Common Stock,Biotechnology: Pharmaceutical Preparations,85,8.5600004196167,-43.79513672421441,37,,E-
RNG,RingCentral Inc. Class A Common Stock,EDP Services,125,42.04999923706055,-14.227432533934081,85,93,B-
RNGR,Ranger Energy Services Inc. Class A Common Stock,Oilfield Services/Equipment,10,16.06999969482422,-12.473880771448309,62,82,D
RNR,RenaissanceRe Holdings Ltd. Common Stock,Property-Casualty Insurers,36,320.6600036621094,-1.7254603988394512,68,96,C-
RNST,Renasant Corporation Common Stock,Major Banks,21,42.52000045776367,-2.6110842730935335,64,87,D+
RNTX,Rein Therapeutics Inc. Common Stock,Biotechnology: Pharmaceutical Preparations,85,0.9075000286102295,-51.72872176000089,15,,E
RNW,ReNew Energy Global plc Class A Ordinary Shares,Electric Utilities: Central,59,6.150000095367432,-24.908419896651512,52,38,B-
RNXT,RenovoRx Inc. Common Stock,Biotechnology: Pharmaceutical Preparations,85,0.9133999943733215,-34.75714214796921,26,,C
ROAD,Construction Partners Inc. Class A Common Stock,Military/Government/Technical,101,93.51000213623047,-33.43536091957668,25,93,E-
ROC,Rank One Computing Corporation Common stock,Computer Software: Prepackaged Software,117,5.130000114440918,-29.822159307838568,34,,A
ROCK,Gibraltar Industries Inc. Common Stock,Steel/Iron Ore,46,41.290000915527344,-44.636631936452396,26,20,C-
ROG,Rogers Corporation Common Stock,Major Chemicals,59,134.8300018310547,-19.306957456387476,86,81,D+
ROIV,Roivant Sciences Ltd. Common Shares,Biotechnology: Pharmaceutical Preparations,85,34.5099983215332,-6.248310149280989,95,4,B
ROK,Rockwell Automation Inc. Common Stock,Industrial Machinery/Components,68,460.45001220703125,-6.994824130338683,75,88,C-
ROKU,Roku Inc. Class A Common Stock,Cable & Other Pay Television Services,104,142.33999633789062,-0.9188412157662418,86,99,B-
ROL,Rollins Inc. Common Stock,Diversified Commercial Services,97,44.91999816894531,-31.082374985602545,24,54,E+
ROLR,High Roller Technologies Inc. Common Stock,Services-Misc. Amusement & Recreation,89,6.460000038146973,-72.79999983938117,96,40,A
ROMA,Roma Green Finance Limited Class A Ordinary Shares,Professional Services,104,8.859999656677246,-14.313350813058069,99,,C+
ROOT,Root Inc. Class A Common Stock,Property-Casualty Insurers,36,62.33000183105469,-52.535791688492054,43,95,A-
ROP,Roper Technologies Inc. Common Stock,Computer Software: Programming Data Processing,111,360.5899963378906,-35.485004721856036,29,79,C
ROST,Ross Stores Inc. Common Stock,Clothing/Shoe/Accessory Stores,87,219.4600067138672,-8.607836483838248,77,79,D-
RPAY,Repay Holdings Corporation Class A Common Stock,Business Services,80,3.880000114440918,-34.89932735558755,51,20,A
RPC,Ridgepost Capital Inc. Class A Common Stock,Investment Managers,73,7.78000020980835,-38.30234290750322,32,,D+
RPD,Rapid7 Inc. Common Stock,Computer Software: Prepackaged Software,117,11.920000076293945,-48.15136931289238,82,58,A
RPGL,Republic Power Group Limited Class A Ordinary Shares,Computer Software: Prepackaged Software,117,2.0399999618530273,-99.9487951816804,1,,A+
RPID,Rapid Micro Biosystems Inc. Class A Common Stock,Biotechnology: Laboratory Analytical Instruments,59,2.009999990463257,-57.051280679708974,20,20,B+
RPM,RPM International Inc. Common Stock,Paints/Coatings,53,102.51000213623047,-18.868646728217577,37,53,D
RPRX,Royalty Pharma plc Class A Ordinary Shares,Biotechnology: Pharmaceutical Preparations,85,56.45000076293945,-3.289357896315648,85,84,C+
RPT,Rithm Property Trust Inc. Common stock,Real Estate Investment Trusts,46,13.979999542236328,-16.11739805458131,44,20,E-
RR,Richtech Robotics Inc. Class B Common Stock,Industrial Machinery/Components,68,1.6200000047683716,-77.05382410908955,14,,E+
RRBI,Red River Bancshares Inc. Common Stock,Hotels/Resorts,39,97.3499984741211,0.0,80,89,B-
RRC,Range Resources Corporation Common Stock,Oil & Gas Production,35,36.2400016784668,-23.7447595135448,37,78,D-
RRGB,Red Robin Gourmet Burgers Inc. Common Stock,Restaurants,101,6.909999847412109,-13.516895552487773,91,28,A
RRR,Red Rock Resorts Inc. Class A Common Stock,Hotels/Resorts,39,64.41000366210938,-4.23728573238612,64,90,B-
RRX,Regal Rexnord Corporation Common Stock,Metal Fabrications,45,208.4499969482422,-12.485832817638931,75,73,D
RS,Reliance Inc. Common Stock,Metal Fabrications,45,385.3999938964844,-6.779865823928855,76,59,D-
RSG,Republic Services Inc. Common Stock,Environmental Services,68,223.3800048828125,-8.152359063925807,48,59,C-
RSI,Rush Street Interactive Inc. Class A Common Stock,Services-Misc. Amusement & Recreation,89,34.18000030517578,0.0,95,78,A-
RSKD,Riskified Ltd. Class A Ordinary Shares,Business Services,80,5.21999979019165,-6.9518776121389685,67,20,B
RSSS,Research Solutions Inc Common Stock,EDP Services,125,2.319999933242798,-41.41414366429124,27,98,E
RSVR,Reservoir Media Inc. Common Stock,Services-Misc. Amusement & Recreation,89,10.119999885559082,-3.527167718132773,71,70,D
RTB,RTB Digital Inc. Common Stock,Professional Services,104,14.960000038146973,-35.23809614242461,96,,A+
RTO,Rentokil Initial plc American Depositary Shares (each representing five (5) Ordinary Shares),Other Consumer Services,125,29.59000015258789,-14.28157659269963,48,,D-
RTX,RTX Corporation Common Stock,Aerospace,93,196.38999938964844,-7.047486065191766,61,76,C-
RUBI,Rubico Inc. Common Stock,Marine Transportation,9,4.550000190734863,-99.99812431554133,1,,E
RUM,RUM Group Inc. Class A Common Stock,Computer Software: Programming Data Processing,111,5.929999828338623,-40.8183676903532,36,20,D
RUN,Sunrun Inc. Common Stock,Industrial Machinery/Components,68,12.40999984741211,-42.03643187362216,30,93,B-
RUSHA,Rush Enterprises Inc. Common Stock Cl A,Retail-Auto Dealers and Gas Stations,117,75.23999786376953,-1.0003605879752353,78,46,C
RUSHB,Rush Enterprises Inc. Class B,Retail-Auto Dealers and Gas Stations,117,75.75,-3.178764497288844,76,46,C-
RVLV,Revolve Group Inc. Class A Common Stock,Catalog/Specialty Distribution,59,24.219999313354492,-22.98887527565584,44,76,C-
RVMD,Revolution Medicines Inc. Common Stock,Biotechnology: Biological Products (No Diagnostic Substances),65,183.9499969482422,-4.501089392962864,98,4,B+
RVP,Retractable Technologies Inc. Common Stock,Medical/Dental Instruments,113,0.6850000023841858,-35.37735477721132,37,,D-
RVSB,Riverview Bancorp Inc Common Stock,Savings Institutions,15,5.329999923706055,-12.001564441824442,43,48,E-
RVSN,Rail Vision Ltd. Ordinary Share,Railroads,28,4.949999809265137,-99.31761791526496,3,,E-
RVTY,Revvity Inc. Common Stock,Biotechnology: Laboratory Analytical Instruments,59,111.11000061035156,-5.565230619451434,69,43,B
RWAY,Runway Growth Finance Corp. Common Stock,Finance: Consumer Services,119,5.289999961853027,-45.0346045242527,18,53,E
RWT,Redwood Trust Inc. Common Stock,Real Estate Investment Trusts,46,5.070000171661377,-18.586304951248923,37,20,A
RXO,RXO Inc. Common Stock,Transportation Services,104,27.09000015258789,-6.97115600323227,92,4,B+
RXRX,Recursion Pharmaceuticals Inc. Class A Common Stock,Biotechnology: Biological Products (No Diagnostic Substances),65,3.299999952316284,-51.39911677678866,22,4,B-
RXST,RxSight Inc. Common Stock,Ophthalmic Goods,113,5.059999942779541,-61.344538702857236,15,20,C
RXT,Rackspace Technology Inc. Common Stock,Computer Software: Programming Data Processing,111,4.519999980926514,-39.97344150085282,99,4,A-
RY,Royal Bank Of Canada Common Stock,Commercial Banks,8,210.69000244140625,-0.1894897453331268,84,68,C-
RYAAY,Ryanair Holdings plc American Depositary Shares,Air Freight/Delivery Services,18,63.90999984741211,-12.851136570762268,49,,C-
RYAM,Rayonier Advanced Materials Inc. Common Stock,Paper,121,7.099999904632568,-39.574468896744094,44,4,E-
RYAN,Ryan Specialty Holdings Inc. Class A Common Stock,Specialty Insurers,91,41.7599983215332,-37.09450236649825,36,88,B+
RYDE,Ryde Group Ltd. Class A Ordinary Shares,Business Services,80,0.6301000118255615,-57.71140887297938,74,,D
RYET,Ruanyun Edai Technology Inc. Ordinary shares,Computer Software: Prepackaged Software,117,1.0299999713897705,-94.90603359857931,19,,A+
RYM,RYTHM Inc. Common Stock,Farming/Seeds/Milling,101,22.479999542236328,-53.40932737360347,31,63,E+
RYN,Rayonier Inc. REIT Common Stock,Real Estate Investment Trusts,46,21.450000762939453,-12.270691083015207,43,36,D
RYOJ,rYojbaba Co. Ltd. Common Shares,Professional Services,104,4.489999771118164,-50.767545751532495,95,,A+
RYTM,Rhythm Pharmaceuticals Inc. Common Stock,Biotechnology: Pharmaceutical Preparations,85,107.48999786376953,-8.6124848208328,70,4,A-
RYZ,Ryerson Holding Corporation Common Stock,Metal Fabrications,45,26.760000228881836,-12.002629519384522,59,63,D-
RZLT,Rezolute Inc. Common Stock (NV),Biotechnology: Pharmaceutical Preparations,85,4.739999771118164,-56.67276094217099,73,20,A-
RZLV,Rezolve AI PLC Ordinary Shares,Computer Software: Programming Data Processing,111,2.490000009536743,-67.7461129895325,26,,C+
S,SentinelOne Inc. Class A Common Stock,Computer Software: Prepackaged Software,117,18.549999237060547,-6.218409539365677,79,20,C+
SA,Seabridge Gold Inc. Common Shares New,Precious Metals,113,24.950000762939453,-36.594658880741605,45,,E
SABR,Sabre Corporation Common Stock,Computer Software: Programming Data Processing,111,1.7599999904632568,-46.177370008284136,49,53,B
SABS,SAB Biotherapeutics Inc. Common Stock,Biotechnology: Biological Products (No Diagnostic Substances),65,3.7300000190734863,-18.73638572821239,73,,B+
SACH,Sachem Capital Corp. Common Shares,Real Estate Investment Trusts,46,0.871999979019165,-36.19811793647239,27,,A
SAFE,Safehold Inc. New Common Stock,Real Estate Investment Trusts,46,16.350000381469727,-0.24404520847006728,60,,B-
SAFT,Safety Insurance Group Inc. Common Stock,Property-Casualty Insurers,36,75.93000030517578,-3.1934790614483233,54,35,B-
SAFX,XCF Global Inc. Class A Common Stock,Major Chemicals,59,0.4936000108718872,-74.29166552579649,36,,A-
SAGT,SAGTEC GLOBAL LIMITED Class A Ordinary shares,Computer Software: Prepackaged Software,117,0.8865000009536743,-66.92164257942208,9,,A+
SAH,Sonic Automotive Inc. Common Stock,Retail-Auto Dealers and Gas Stations,117,90.51000213623047,-5.036192996870437,79,67,B
SAIA,Saia Inc. Common Stock,Trucking Freight/Courier Services,5,432.05999755859375,-11.306814351843853,73,44,D-
SAIC,Science Applications International Corporation Common Stock,EDP Services,125,113.30999755859375,-4.701127299581609,63,86,B-
SAIH,SAIHEAT Limited Class A Ordinary Shares,EDP Services,125,12.5,-14.792093149342012,81,,A-
SAIL,SailPoint Inc. Common Stock,Computer Software: Prepackaged Software,117,14.010000228881836,-40.71095756895776,37,20,E
SAM,Boston Beer Company Inc. (The) Common Stock,Beverages (Production/Distribution),93,172.38999938964844,-33.708899257133695,22,35,C-
SAMG,Silvercrest Asset Management Group Inc. Class A Common Stock,Investment Managers,73,10.449999809265137,-34.655205068613824,20,34,A-
SAN,Banco Santander S.A. Sponsored ADR (Spain),Commercial Banks,8,13.65999984741211,-4.940849295764272,79,87,D+
SANA,Sana Biotechnology Inc. Common Stock,Biotechnology: Biological Products (No Diagnostic Substances),65,3.640000104904175,-38.51351253389007,41,20,B+
SANG,Sangoma Technologies Corporation Common Shares,Computer Software: Programming Data Processing,111,4.099999904632568,-33.87096724574696,33,11,E
SANM,Sanmina Corporation Common Stock,Electrical Products,4,201.8000030517578,-28.62195734987132,89,95,E-
SAP,SAP  SE ADS,Computer Software: Prepackaged Software,117,159.97000122070312,-47.26324888513203,21,70,D
SAR,Saratoga Investment Corp New,Investment Managers,73,19.049999237060547,-17.585686391795676,33,32,E-
SARO,StandardAero Inc. Common Stock,Aerospace,93,27.549999237060547,-16.81763247118331,41,87,C-
SATL,Satellogic Inc. Class A Common Stock,Radio And Television Broadcasting And Communications Equipment,10,4.329999923706055,-59.68342629438204,46,,E-
SB,Safe Bulkers Inc Common Stock ($0.001 par value),Marine Transportation,9,6.960000038146973,-4.143440538660537,85,75,C+
SBAC,SBA Communications Corporation Class A Common Stock,Real Estate Investment Trusts,46,187.10000610351562,-19.986424470094942,35,58,E+
SBC,SBC Medical Group Holdings Incorporated Common Stock,Medical/Nursing Services,25,3.0999999046325684,-45.132745976865884,18,51,C-
SBCF,Seacoast Banking Corporation of Florida Common Stock,Major Banks,21,32.970001220703125,-4.882581346091241,53,68,B-
SBET,Sharplink Inc. Common Stock,Computer Software: Prepackaged Software,117,5.420000076293945,-85.50026773295855,11,,B-
SBEV,Splash Beverage Group Inc. (NV) Common Stock,Beverages (Production/Distribution),93,0.12399999797344208,-96.47727276575712,2,,A+
SBFG,SB Financial Group Inc. Common Stock,Major Banks,21,26.55500030517578,0.0,80,85,A+
SBFM,Sunshine Biopharma Inc. Common Stock,Biotechnology: Pharmaceutical Preparations,85,1.9500000476837158,-91.13636341961947,2,,A+
SBGI,Sinclair Inc. Class A Common Stock,Broadcasting,97,14.25,-14.029873829002726,47,42,C+
SBH,Sally Beauty Holdings Inc. (Name to be changed from Sally Holdings Inc.) Common Stock,Other Specialty Stores,113,14.699999809265137,-13.529412886675662,60,57,B-
SBLK,Star Bulk Carriers Corp. Common Shares,Marine Transportation,9,26.540000915527344,-4.154772921626815,82,,D
SBR,Sabine Royalty Trust Common Stock,Oil & Gas Production,35,73.63999938964844,-6.3838359502701,56,,D-
SBRA,Sabra Health Care REIT Inc. Common Stock,Real Estate Investment Trusts,46,19.760000228881836,-6.172836040014474,54,68,C
SBS,Companhia de saneamento Basico Do Estado De Sao Paulo - Sabesp American Depositary Shares (Each repstg 250 Common Shares),Water Supply,73,5.929999828338623,-16.266591166325405,65,,C-
SBSI,Southside Bancshares Inc. Common Stock,Major Banks,21,34.63999938964844,-2.723957326811033,64,49,C-
SBSW,D/B/A Sibanye-Stillwater Limited ADS,Precious Metals,113,8.420000076293945,-58.97556779208883,20,,E
SBUX,Starbucks Corporation Common Stock,Restaurants,101,107.33999633789062,0.0,72,59,C+
SBXD,SilverBox Corp IV Class A Ordinary Shares,,,10.840200424194336,-0.8215908369089586,48,,D+
SBXE,SilverBox Corp V Class A Ordinary Shares,,,10.149999618530273,-0.2947022175456615,48,,D
SCAG,Scage Future American Depositary Shares,Construction/Ag Equipment/Trucks,37,0.37209999561309814,-95.12319803365608,3,,A+
SCCO,Southern Copper Corporation Common Stock,Metal Mining,97,174.52999877929688,-19.03160422573268,75,95,D-
SCHL,Scholastic Corporation Common Stock,Books,2,46.40999984741211,-1.9645126788723544,89,44,C
SCHW,Charles Schwab Corporation (The) Common Stock,Investment Bankers/Brokers/Service,77,102.37999725341797,-3.8388773632356488,57,92,C-
SCI,Service Corporation International Common Stock,Other Consumer Services,125,79.63999938964844,-8.794614722123272,44,48,C
SCKT,Socket Mobile Inc. Common Stock,Computer Manufacturing,12,0.5485000014305115,-58.75939971940106,11,20,B+
SCL,Stepan Company Common Stock,Package Goods/Cosmetics,80,56.79999923706055,-14.211830669501035,59,30,C
SCLX,Scilex Holding Company Common Stock,Biotechnology: Biological Products (No Diagnostic Substances),65,9.4399995803833,-49.46453700623484,94,,A
SCM,Stellus Capital Investment Corporation Common Stock,Finance/Investors Services,77,8.149999618530273,-39.276856983429255,22,,E+
SCNI,Scinai Immunotherapeutics Ltd. American Depositary Shares,Biotechnology: Biological Products (No Diagnostic Substances),65,0.2409999966621399,-89.61206881048138,4,,A
SCNX,Scienture Holdings Inc. Common Stock,Other Pharmaceuticals,139,0.35600000619888306,-86.30769156704285,17,,A+
SCOR,comScore Inc. Common Stock,Business Services,80,7.340000152587891,-18.35372258663638,48,,B-
SCPQ,Social Commerce Partners Corporation Class A Ordinary Shares,,,10.0,0.0,46,,D+
SCPQU,Social Commerce Partners Corporation Unit,,,10.300000190734863,-0.5791454433467291,50,,C-
SCSC,ScanSource Inc. Common Stock,Retail: Computer Software & Peripheral Equipment,40,53.86000061035156,0.0,83,48,B-
SCWO,374Water Inc. Common Stock,Metal Fabrications,45,1.9199999570846558,-72.57142918450492,15,,E
SCYX,SCYNEXIS Inc. Common Stock,Biotechnology: Pharmaceutical Preparations,85,4.480000019073486,-52.54237056977094,18,,C
SCZM,Santacruz Silver Mining Ltd. Common Shares,,,6.349999904632568,-60.7054457636677,44,,D-
SD,SandRidge Energy Inc. Common Stock,Oil & Gas Production,35,13.699999809265137,-22.06578345325154,55,58,D-
SDA,SunCar Technology Group Inc. Class A Ordinary Shares,Automotive Aftermarket,133,0.8251000046730042,-71.04912167429076,6,,B+
SDEV,Stablecoin Development Corporation Common Stock,Biotechnology: Pharmaceutical Preparations,85,1.1699999570846558,-98.77870572044498,7,,A+
SDGR,Schrodinger Inc. Common Stock,Biotechnology: Pharmaceutical Preparations,85,16.40999984741211,-28.745117854347967,54,,B
SDHC,Smith Douglas Homes Corp. Class A Common Stock,Homebuilding,56,15.460000038146973,-31.562638628951547,36,34,B+
SDOT,Sadot Group Inc. Common Stock,Restaurants,101,18.020000457763672,-94.96648031906044,5,33,A+
SDRL,Seadrill Limited Common Shares,Oil & Gas Production,35,42.2599983215332,-22.88321366808834,65,20,D+
SDST,Stardust Power Inc. Common Stock,Major Chemicals,59,1.6799999475479126,-76.30465569264194,12,11,B+
SE,Sea Limited American Depositary Shares each representing one Class A Ordinary Share,Other Consumer Services,125,110.66000366210938,-43.68447650783238,38,87,B+
SEAT,Vivid Seats Inc. Class A Common Stock,Services-Misc. Amusement & Recreation,89,8.020000457763672,-78.6702106828978,35,20,B-
SEB,Seaboard Corporation Common Stock,Farming/Seeds/Milling,101,4705.56005859375,-20.99522215973465,62,,D-
SEDG,SolarEdge Technologies Inc. Common Stock,Semiconductors,2,52.130001068115234,-33.600815628995505,89,4,B-
SEED,Origin Agritech Limited Common Stock,Farming/Seeds/Milling,101,1.0163999795913696,-49.18000102043152,30,,D
SEER,Seer Inc. Class A Common Stock,Biotechnology: Laboratory Analytical Instruments,59,2.1700000762939453,-8.43881092500377,64,4,A+
SEG,Seaport Entertainment Group Inc. Common Stock,Services-Misc. Amusement & Recreation,89,25.6200008392334,-5.6700994728666965,66,20,B
SEGG,Sports Entertainment Gaming Global Corporation Common Stock,Computer Software: Prepackaged Software,117,0.8209999799728394,-93.32520351836037,42,,A-
SEI,Solaris Energy Infrastructure Inc. Class A Common Stock,Oil and Gas Field Machinery,32,67.1500015258789,-18.97924257820889,86,98,E+
SEIC,SEI Investments Company Common Stock,Investment Bankers/Brokers/Service,77,96.18000030517578,0.0,67,86,C+
SELF,Global Self Storage Inc. Common Stock,Real Estate Investment Trusts,46,5.070000171661377,-8.167615660637473,46,38,D
SENEA,Seneca Foods Corp. Class A Common Stock,Packaged Foods,120,176.41000366210938,-4.114573454301141,85,,B+
SENEB,Seneca Foods Corp. Class B Common Stock,Packaged Foods,120,176.1699981689453,-2.9259409761976163,86,,D
SENS,Senseonics Holdings Inc. Common Stock,Medical/Dental Instruments,113,5.289999961853027,-54.70890561955842,17,,D+
SEPN,Septerna Inc. Common Stock,Biotechnology: Pharmaceutical Preparations,85,34.36000061035156,-9.196616089332466,94,11,B+
SER,Serina Therapeutics Inc. Common Stock,Biotechnology: Pharmaceutical Preparations,85,2.049999952316284,-65.63286001884006,19,,A
SERA,Sera Prognostics Inc. Class A Common Stock,Medical Specialities,30,1.9199999570846558,-48.80000114440918,21,20,A-
SERV,Serve Robotics Inc. Common Stock,Industrial Specialties,88,5.789999961853027,-67.2511320027635,11,20,E-
SES,SES AI Corporation Class A Common Stock,Industrial Machinery/Components,68,0.7013000249862671,-80.1892646174163,11,20,E-
SEV,Aptera Motors Corp. Class B Common Stock,Auto Manufacturing,138,1.8250000476837158,-83.16420643916666,7,,E-
SEVN,Seven Hills Realty Trust Common Stock,Real Estate Investment Trusts,46,8.460000038146973,-16.083027066134136,42,55,A-
SEZL,Sezzle Inc. Common Stock,Finance: Consumer Services,119,160.25,-12.546389873373876,96,95,A-
SF,Stifel Financial Corporation Common Stock,Investment Bankers/Brokers/Service,77,75.19999694824219,-14.523181627791415,42,87,D-
SFBC,Sound Financial Bancorp Inc. Common Stock,Savings Institutions,15,46.08000183105469,-3.9672701878997296,50,66,D-
SFBS,ServisFirst Bancshares Inc. Common Stock,Major Banks,21,84.91999816894531,-4.412424955575345,57,69,C+
SFD,Smithfield Foods Inc. Common Stock,Meat/Poultry/Fish,80,24.729999542236328,-15.374616683618104,47,,D-
SFHG,Samfine Creation Holdings Group Limited Class A Ordinary Share,Publishing,104,2.5199999809265137,-47.77201905609364,26,,B
SFIX,Stitch Fix Inc. Class A Common Stock,Catalog/Specialty Distribution,59,3.619999885559082,-37.90737679361932,39,20,B+
SFL,SFL Corporation Ltd,Marine Transportation,9,11.109999656677246,-11.591715498095756,78,63,D-
SFM,Sprouts Farmers Market Inc. Common Stock,Food Chains,50,79.66999816894531,-53.02753500250685,31,57,C-
SFNC,Simmons First National Corporation Class A Common Stock,Major Banks,21,22.979999542236328,-1.0335907761208851,69,84,C
SFST,Southern First Bancshares Inc. Common Stock,Major Banks,21,61.709999084472656,-1.2482038294822417,76,79,C
SFWL,Shengfeng Development Limited Class A Ordinary Shares,Trucking Freight/Courier Services,5,0.7505000233650208,-39.95999813079833,21,,A+
SG,Sweetgreen Inc. Class A Common Stock,Restaurants,101,8.270000457763672,-49.13898929057776,58,63,C+
SGA,Saga Communications Inc. Class A Common Stock (FL),Broadcasting,97,9.069999694824219,-27.132179931856303,23,20,E+
SGC,Superior Group of Companies Inc. Common Stock,Apparel,40,13.130000114440918,-5.403458168704844,79,99,E
SGHC,Super Group (SGHC) Limited Ordinary Shares,Services-Misc. Amusement & Recreation,89,15.170000076293945,-2.19213505848157,84,47,B
SGHT,Sight Sciences Inc. Common Stock,Medical/Dental Instruments,113,5.340000152587891,-40.994474695648805,85,20,B
SGI,Somnigroup International Inc. Common Stock,Home Furnishings,42,71.76000213623047,-26.43218925262446,33,86,D+
SGLY,Singularity Future Technology Ltd. Common Stock,Integrated Freight & Logistics,141,0.28700000047683716,-79.35251773881416,9,35,E-
SGML,Sigma Lithium Corporation Common Shares,Metal Mining,97,11.619999885559082,-50.866807302379115,75,53,E
SGMT,Sagimet Biosciences Inc. Series A Common Stock,Biotechnology: Pharmaceutical Preparations,85,7.150000095367432,-30.17577875798446,64,4,A
SGP,SpyGlass Pharma Inc. Common Stock,Medical/Dental Instruments,113,19.899999618530273,-32.95148445446616,27,,A
SGRP,SPAR Group Inc. Common Stock,Business Services,80,0.8560000061988831,-34.65648522223342,70,20,B+
SGRY,Surgery Partners Inc. Common Stock,Hospital/Nursing Management,66,15.979999542236328,-32.969801006894464,45,20,B-
SGU,Star Group L.P. Common Stock,Other Specialty Stores,113,13.039999961853027,-3.0483260462924155,60,76,D+
SHAK,Shake Shack Inc. Class A Common Stock,Restaurants,101,62.18000030517578,-55.872543688041965,13,40,E+
SHAZ,SharonAI Holdings Inc. Class A Common Stock,EDP Services,125,68.26000213623047,-26.36461231563736,97,,C-
SHBI,Shore Bancshares Inc Common Stock,Major Banks,21,22.610000610351562,-3.3760641925528745,79,67,C+
SHC,Sotera Health Company Common Stock,Misc Health and Biotechnology Services,13,18.170000076293945,-6.098192671385128,72,99,B-
SHEL,Shell PLC American Depositary Shares (each representing two (2) Ordinary Shares),Oil & Gas Production,35,83.9800033569336,-9.993056970050606,57,56,D
SHEN,Shenandoah Telecommunications Co Common Stock,Telecommunications Equipment,73,12.670000076293945,-25.90643395526654,35,4,E
SHFS,SHF Holdings Inc. Class A Common Stock,Finance: Consumer Services,119,0.20489999651908875,-97.23481780379998,2,,A+
SHG,Shinhan Financial Group Co Ltd American Depositary Shares,Major Banks,21,72.9800033569336,-0.4093824063327256,80,57,C-
SHIM,Shimmick Corporation Common Stock,Military/Government/Technical,101,3.9200000762939453,-41.22938483574926,81,20,C+
SHIP,Seanergy Maritime Holdings Corp. Common Stock,Marine Transportation,9,14.789999961853027,-10.060603565113457,91,90,D+
SHLS,Shoals Technologies Group Inc. Class A Common Stock,Semiconductors,2,9.399999618530273,-26.38998213335667,80,30,C
SHMD,SCHMID Group N.V. Class A Ordinary Shares,Industrial Machinery/Components,68,4.349999904632568,-58.253360146042134,55,,E+
SHO,Sunstone Hotel Investors Inc. Sunstone Hotel Investors Inc. Common Shares,Hotels/Resorts,39,11.300000190734863,-4.463928788837778,75,76,C+
SHOE,Shoe Station Group Inc. Common Stock,Clothing/Shoe/Accessory Stores,87,15.380000114440918,-38.376981079820325,26,30,D
SHOO,Steven Madden Ltd. Common Stock,Shoe Manufacturing,68,42.35499954223633,-8.223189291802091,74,67,B
SHOP,Shopify Inc. Class A Subordinate Voting Shares,Computer Software: Prepackaged Software,117,124.73999786376953,-30.316741136481053,40,40,C
SHPH,Shuttle Pharmaceuticals Holdings Inc. Common Stock,Biotechnology: Pharmaceutical Preparations,85,2.9600000381469727,-93.78151232555973,3,,A+
SHW,Sherwin-Williams Company (The) Common Stock,RETAIL: Building Materials,112,328.9700012207031,-11.700887382536473,41,56,C
SI,Shoulder Innovations Inc. Common Stock,Medical/Dental Instruments,113,22.3799991607666,-1.799042291750852,90,20,A
SIBN,SI-BONE Inc. Common Stock,Medical/Dental Instruments,113,17.850000381469727,-16.58878177729779,66,20,B-
SID,Companhia Siderurgica Nacional S.A. Common Stock,Steel/Iron Ore,46,1.0299999713897705,-51.41509306647245,18,20,E-
SIDU,Sidus Space Inc. Class A Common Stock,Telecommunications Equipment,73,2.069999933242798,-66.61290327542531,24,,E+
SIEB,Siebert Financial Corp. Common Stock,Investment Bankers/Brokers/Service,77,1.649999976158142,-61.26760827448984,15,,E-
SIF,SIFCO Industries Inc. Common Stock,Aerospace,93,22.299999237060547,-13.263321543529539,99,61,B+
SIFY,Sify Technologies Limited American Depositary Shares,Computer Software: Programming Data Processing,111,15.029999732971191,-13.371761368814482,88,46,D-
SIG,Signet Jewelers Limited Common Shares,Consumer Specialties,31,84.5999984741211,-19.877159859889147,38,48,C-
SIGA,SIGA Technologies Inc. Common Stock,Biotechnology: Pharmaceutical Preparations,85,3.609999895095825,-56.952850730179804,16,4,E
SIGI,Selective Insurance Group Inc. Common Stock,Property-Casualty Insurers,36,97.69999694824219,-2.446335037751979,71,54,B-
SII,Sprott Inc. Common Shares,Finance: Consumer Services,119,103.97000122070312,-37.32402968660258,49,,E
SILC,Silicom Ltd Ordinary Shares,Computer Communications Equipment,15,42.66999816894531,-16.300512844073832,98,4,B
SILO,Silo Pharma Inc. Common Stock,Apparel,40,5.28000020980835,-56.80981558240597,19,,E-
SIM,Grupo Simec S.A.B. de C.V. American Depositary Shares,Steel/Iron Ore,46,29.84000015258789,-13.129544459604524,51,74,B+
SIMO,Silicon Motion Technology Corporation American Depositary Shares,Semiconductors,2,299.510009765625,-11.098244229220079,98,88,A-
SINT,SiNtx Technologies Inc. Common Stock,Medical/Dental Instruments,113,1.559999942779541,-71.68784250493367,8,,D-
SION,Sionna Therapeutics Inc. Common Stock,Biotechnology: Pharmaceutical Preparations,85,43.95000076293945,-4.352557055043793,87,11,B-
SIRI,SiriusXM Holdings Inc. Common Stock,Broadcasting,97,30.670000076293945,-0.260162353515625,84,56,B-
SITC,SITE Centers Corp. Common Stock,Real Estate Investment Trusts,46,4.269999980926514,-40.44780200889036,19,54,E
SITE,SiteOne Landscape Supply Inc. Common Stock,Professional and commerical equipment,,105.33000183105469,-35.479325065203874,24,31,E+
SITM,SiTime Corporation Common Stock,Semiconductors,2,602.5499877929688,-33.159914712730966,95,20,D
SJ,Scienjoy Holding Corporation Class A Ordinary Shares,EDP Services,125,0.9800000190734863,-38.36477996852125,64,,B
SJM,The J.M. Smucker Company Common Stock,Packaged Foods,120,110.52999877929688,-5.570272620649042,67,66,B
SJT,San Juan Basin Royalty Trust Common Stock,Oil & Gas Production,35,2.6700000762939453,-58.732609538232204,9,,E-
SKE,Skeena Resources Limited Common Shares,Precious Metals,113,26.049999237060547,-31.66316902681886,63,,E
SKIL,Skillsoft Corp. Class A Common Stock,Computer Software: Prepackaged Software,117,7.079999923706055,-60.46901181448601,40,20,B
SKIN,SkinHealth Systems Inc. Class A Common Stock,Medical/Dental Instruments,113,0.8406000137329102,-68.0380236823068,16,20,A+
SKK,SKK Holdings Limited Class A Ordinary Shares,Water Sewer Pipeline Comm & Power Line Construction,1,4.659999847412109,-61.771944152392,86,,A
SKM,SK Telecom Co. Ltd. Common Stock,Telecommunications Equipment,73,31.520000457763672,-31.478259874426794,75,,E+
SKT,Tanger Inc. Common Stock,Real Estate Investment Trusts,46,39.869998931884766,-2.992699727253778,70,76,C-
SKWD,Skyward Specialty Insurance Group Inc. Common Stock,Property-Casualty Insurers,36,59.7599983215332,-4.2461168600512185,76,69,A-
SKY,Champion Homes Inc. Common Stock,Homebuilding,56,80.16000366210938,-17.750867622488542,54,39,B-
SKYA,SkyAI Inc. Common Stock,Medical/Dental Instruments,113,1.1399999856948853,-92.88833476691856,7,,D-
SKYE,Skye Bioscience Inc. Common Stock,Biotechnology: Pharmaceutical Preparations,85,0.6620000004768372,-86.06315788469816,13,20,E
SKYH,Sky Harbour Group Corporation Class A Common Stock,Real Estate,89,9.739999771118164,-11.212401695262553,40,,D+
SKYQ,Sky Quarry Inc. Common Stock,Environmental Services,68,3.990000009536743,-68.30818140445697,17,,A+
SKYT,SkyWater Technology Inc. Common Stock,Semiconductors,2,31.809999465942383,-20.295666280226655,92,4,D+
SKYW,SkyWest Inc. Common Stock,Air Freight/Delivery Services,18,97.77999877929688,-20.966700764197444,43,67,C
SKYX,SKYX Platforms Corp. Common Stock,Building Products,53,1.1699999570846558,-62.61981104452319,37,4,E
SLAB,Silicon Laboratories Inc. Common Stock,Semiconductors,2,218.75,-0.7216104040649873,83,75,D+
SLAI,SOLAI Limited American Depositary Shares (each representing seven hundred (700) Class A Ordinary Shares),EDP Services,125,3.240000009536743,-89.43248523919931,5,,D-
SLB,SLB Limited Common Shares,Oilfield Services/Equipment,10,47.36000061035156,-18.358900222943774,64,44,E
SLBT,SL Science Holding Limited Ordinary Shares,Biotechnology: Biological Products (No Diagnostic Substances),65,4.329999923706055,-66.20356048328628,9,,A+
SLDB,Solid Biosciences Inc. Common Stock,Biotechnology: Biological Products (No Diagnostic Substances),65,9.720000267028809,-12.825106730272328,89,,A
SLDE,Slide Insurance Holdings Inc. Common Stock,Property-Casualty Insurers,36,21.3799991607666,0.0,71,,B+
SLDP,Solid Power Inc. Class A Common Stock,Industrial Machinery/Components,68,2.2300000190734863,-73.79553514575528,14,,E+
SLE,Super League Enterprise Inc. Common Stock,Services-Misc. Amusement & Recreation,89,2.859999895095825,-97.19937346438081,6,20,A+
SLF,Sun Life Financial Inc. Common Stock,Life Insurance,21,78.47000122070312,-2.2667825060047386,77,,D+
SLG,SL Green Realty Corp Common Stock,Real Estate Investment Trusts,46,48.36000061035156,-23.05128419594855,52,20,B-
SLGB,Smart Logistics Global Limited Class A Ordinary Shares,Integrated Freight & Logistics,141,0.5478000044822693,-89.62500032737398,6,,A+
SLGL,Sol-Gel Technologies Ltd. Ordinary Shares,Biotechnology: Pharmaceutical Preparations,85,73.91000366210938,-24.558535530067303,98,,C-
SLGN,Silgan Holdings Inc. Common Stock,Containers/Packaging,56,44.939998626708984,-18.1649571202681,49,44,B-
SLI,Standard Lithium Ltd. Common Shares,Major Chemicals,59,2.2899999618530273,-59.469027907970265,14,,E-
SLM,SLM Corporation Common Stock,Finance: Consumer Services,119,24.889999389648438,-24.266223429105693,44,58,C
SLMT,Brera Holdings PLC Class B Ordinary Shares,Services-Misc. Amusement & Recreation,89,6.630000114440918,-97.81907890972337,7,,A
SLN,Silence Therapeutics Plc American Depository Share,Biotechnology: Pharmaceutical Preparations,85,9.289999961853027,-15.391617949367365,91,9,A
SLND,Southland Holdings Inc. Common Stock,Military/Government/Technical,101,0.6499999761581421,-86.45833436813615,5,20,A
SLNG,Stabilis Solutions Inc. Common Stock,Oil/Gas Transmission,51,3.934999942779541,-32.8498318579455,40,20,A-
SLNH,Soluna Holdings Inc. Common Stock,EDP Services,125,1.1200000047683716,-74.66063381366585,52,,C-
SLP,Simulations Plus Inc. Common Stock,EDP Services,125,18.25,-12.428023673820688,71,54,B+
SLQT,SelectQuote Inc. Common Stock,Specialty Insurers,91,0.7178999781608582,-73.31226903754587,16,97,E-
SLRC,SLR Investment Corp. Common Stock,Finance/Investors Services,77,12.9399995803833,-17.80463189624727,33,59,C-
SLS,SELLAS Life Sciences Group Inc. Common Stock,Biotechnology: Pharmaceutical Preparations,85,12.619999885559082,-18.317151835878633,99,4,A
SLSN,Solesence Inc. Common Stock,Package Goods/Cosmetics,80,0.6790000200271606,-84.84374961749252,6,40,E-
SLSR,Solaris Resources Inc. Common Shares,,,7.5,-32.6145559489355,45,,E+
SLVM,Sylvamo Corporation Common Stock,Paper,121,39.279998779296875,-26.62152844189891,32,30,D
SLXN,Silexion Therapeutics Corp Ordinary Shares,Biotechnology: Biological Products (No Diagnostic Substances),65,2.5,-98.32663982454231,2,,A+
SM,SM Energy Company Common Stock,Oil & Gas Production,35,29.889999389648438,-13.543360154016826,74,31,C-
SMA,SmartStop Self Storage REIT Inc. Common Stock,Real Estate Investment Trusts,46,33.150001525878906,-11.41758485618528,49,63,C+
SMBC,Southern Missouri Bancorp Inc. Common Stock,Banks,25,75.18000030517578,-3.3427597260558883,77,52,B-
SMBK,SmartFinancial Inc. Common Stock,Major Banks,21,46.7400016784668,-2.9485011907067427,74,65,B
SMC,Summit Midstream Corporation Common Stock,Natural Gas Distribution,25,30.219999313354492,-7.385846386366513,68,20,C+
SMCI,Super Micro Computer Inc. Common Stock,Computer Manufacturing,12,27.65999984741211,-54.4391364445161,27,95,B-
SMFG,Sumitomo Mitsui Financial Group Inc Unsponsored American Depositary Shares (Japan),Commercial Banks,8,25.959999084472656,0.0,86,,B-
SMG,Scotts Miracle-Gro Company (The) Common Stock,Agricultural Chemicals,130,63.90999984741211,-8.58246817393491,53,33,D
SMHI,SEACOR Marine Holdings Inc. Common Stock,Marine Transportation,9,7.860000133514404,-3.2019674348403804,70,4,B
SMID,Smith-Midland Corporation Common Stock,Building Materials,49,30.190000534057617,-30.18039000425845,35,,E+
SMJF,SMJ International Holdings Inc. Class A Ordinary Shares,RETAIL: Building Materials,112,5.190000057220459,-6.4864886692325925,79,,B
SMMT,Summit Therapeutics Inc. Common Stock,Biotechnology: Pharmaceutical Preparations,85,15.300000190734863,-47.81718843798033,19,20,E+
SMP,Standard Motor Products Inc. Common Stock,Auto Parts:O.E.M.,59,37.63999938964844,-15.269432231088587,49,61,C
SMPL,The Simply Good Foods Company Common Stock,Packaged Foods,120,13.3100004196167,-60.91042373613362,27,32,C
SMR,NuScale Power Corporation Class A Common Stock,Metal Fabrications,45,8.350000381469727,-84.37207498825177,10,,E+
SMRT,SmartRent Inc. Class A Common Stock,EDP Services,125,0.9822999835014343,-53.665092616626055,18,20,A-
SMSI,Smith Micro Software Inc. Common Stock,Computer Software: Prepackaged Software,117,2.5899999141693115,-54.15929432827951,18,20,A+
SMTC,Semtech Corporation Common Stock,Semiconductors,2,132.14999389648438,-24.36902814182561,95,49,E+
SMTI,Sanara MedTech Inc. Common Stock,Industrial Specialties,88,24.920000076293945,-30.293706080296655,62,63,B+
SMTK,SmartKem Inc. Common Stock,Semiconductors,2,0.20440000295639038,-92.7773848598301,5,,A+
SMWB,Similarweb Ltd. Ordinary Shares,Computer Software: Programming Data Processing,111,7.130000114440918,-31.44230407723295,94,20,A
SMX,SMX (Security Matters) Public Limited Company Ordinary Shares,Industrial Machinery/Components,68,16.209999084472656,-99.56470599563697,8,,E
SMXT,Solarmax Technology Inc. Common Stock,Engineering & Construction,42,0.35370001196861267,-78.69276993489952,9,,A+
SN,SharkNinja Inc. Ordinary Shares,Consumer Electronics/Appliances,122,149.7899932861328,-1.8735674580445782,84,89,B+
SNA,Snap-On Incorporated Common Stock,Industrial Machinery/Components,68,401.1099853515625,-3.024517652266945,66,51,C-
SNAL,Snail Inc. Class A Common Stock,Computer Software: Prepackaged Software,117,4.610000133514404,-45.76470431159524,87,63,A
SNAP,Snap Inc. Class A Common Stock,Computer Software: Programming Data Processing,111,4.659999847412109,-54.97584854436133,18,20,E+
SND,Smart Sand Inc. Common Stock,Mining & Quarrying of Nonmetallic Minerals (No Fuels),79,4.800000190734863,-17.52577235122906,91,42,A-
SNDA,Sonida Senior Living Inc. Common Stock,Hospital/Nursing Management,66,40.2599983215332,-4.619760258788485,84,20,B
SNDK,Sandisk Corporation Common Stock,Electronic Components,6,1673.969970703125,-28.309637228988226,99,63,C+
SNDL,SNDL Inc. Common Shares,Medicinal Chemicals and Botanical Products,135,1.309999942779541,-53.463590900490445,25,,E+
SNDR,Schneider National Inc. Common Stock,Trucking Freight/Courier Services,5,36.68000030517578,-5.117386550674752,84,42,C+
SNDX,Syndax Pharmaceuticals Inc. Common Stock,Biotechnology: Pharmaceutical Preparations,85,22.889999389648438,-8.986084545371886,82,20,B
SNES,SenesTech Inc. Common Stock,Agricultural Chemicals,130,1.4299999475479126,-76.74796869312118,13,20,B-
SNEX,StoneX Group Inc. Common Stock,Investment Bankers/Brokers/Service,77,112.37999725341797,-19.15689396859045,89,87,E+
SNFCA,Security National Financial Corporation Class A Common Stock,Finance: Consumer Services,119,9.739999771118164,0.0,63,,B
SNGX,Soligenix Inc. Common Stock,Biotechnology: Pharmaceutical Preparations,85,0.35280001163482666,-92.88709659432521,4,,A+
SNN,Smith & Nephew SNATS Inc. Common Stock,Industrial Specialties,88,31.079999923706055,-17.7956042017953,37,,D
SNOA,Sonoma Pharmaceuticals Inc. Common Stock,Biotechnology: Pharmaceutical Preparations,85,1.2599999904632568,-76.44859788927805,6,,E
SNOW,Snowflake Inc. Common Stock,Computer Software: Prepackaged Software,117,268.6499938964844,-4.108370079658763,91,91,A
SNPS,Synopsys Inc. Common Stock,Computer Software: Prepackaged Software,117,433.82000732421875,-32.77755888495428,38,82,E+
SNT,Senstar Technologies Corporation Common Shares,Telecommunications Equipment,73,1.7999999523162842,-66.03773797097338,8,31,E-
SNTG,Sentage Holdings Inc. Class A Ordinary Shares,Finance: Consumer Services,119,2.0999999046325684,-69.16299673601112,41,,A+
SNTI,Senti Biosciences Holdings Inc. Common Stock,Biotechnology: Biological Products (No Diagnostic Substances),65,0.9599999785423279,-59.83263864413855,25,20,B+
SNWV,SANUWAVE Health Inc. Common Stock,Medical/Dental Instruments,113,11.260000228881836,-74.97777726915147,8,40,A-
SNX,TD SYNNEX Corporation Common Stock,Retail: Computer Software & Peripheral Equipment,40,251.30999755859375,-13.383199534505453,89,92,D
SNY,Sanofi ADS,Biotechnology: Pharmaceutical Preparations,85,44.0,-11.270591350357794,41,37,D
SNYR,Synergy CHC Corp. Common Stock,Other Pharmaceuticals,139,0.19339999556541443,-95.12846362288019,2,11,A+
SO,Southern Company (The) Common Stock,Electric Utilities: Central,59,96.47000122070312,-1.8577803097982182,52,50,C-
SOAR,Volato Group Inc. Class A Common Stock,Transportation Services,104,0.1420000046491623,-96.02258699484237,4,,A+
SOBO,South Bow Corporation Common Shares,Natural Gas Distribution,25,37.22999954223633,-1.1101525718843597,81,41,C+
SOBR,SOBR Safe Inc. Common Stock,Newspapers/Magazines,29,1.2000000476837158,-74.63002023583982,68,,A+
SOC,Sable Offshore Corp. Common Stock,Oil & Gas Production,35,4.429999828338623,-86.0208275365043,5,,E-
SOFI,SoFi Technologies Inc. Common Stock,Finance: Consumer Services,119,18.1299991607666,-43.71313357315041,31,95,C
SOGP,Sound Group Inc. American Depositary Shares,Computer Software: Programming Data Processing,111,9.979999542236328,-68.31787422162267,42,,E-
SOHU,Sohu.com Limited American Depositary Shares,EDP Services,125,12.760000228881836,-25.900111860131304,28,33,E+
SOLS,Solstice Advanced Materials Inc. Common Stock,Aerospace,93,61.060001373291016,-31.083518707818214,51,,E-
SOLV,Solventum Corporation Common Stock,Medical/Dental Instruments,113,77.41999816894531,-10.123056979904065,55,38,C-
SON,Sonoco Products Company Common Stock,Containers/Packaging,56,53.650001525878906,-6.565650928747935,62,78,D-
SONM,DNA X Inc. Common Stock,Telecommunications Equipment,73,4.340000152587891,-74.26775552688387,44,,A-
SONO,Sonos Inc. Common Stock,Consumer Electronics/Appliances,122,15.039999961853027,-21.503131097965845,57,36,D+
SONY,Sony Group Corporation American Depositary Shares,Consumer Electronics/Appliances,122,20.68000030517578,-31.658955225526952,30,31,D+
SOPH,SOPHiA GENETICS SA Ordinary Shares,Biotechnology: Biological Products (No Diagnostic Substances),65,5.71999979019165,-4.347829900544364,79,20,A-
SOR,Source Capital Inc. Cmn Shs of BI,Investment Managers,73,45.7599983215332,-5.341688023697033,50,,C-
SORA,AsiaStrategy Ordinary Shares,Other Specialty Stores,113,1.8700000047683716,-74.47098903124785,14,,A+
SOS,SOS Limited Class A Ordinary Shares,Finance: Consumer Services,119,1.0099999904632568,-88.18713487798824,15,,B
SOTK,Sono-Tek Corporation Common Stock,Industrial Machinery/Components,68,5.360000133514404,-12.418296834253118,82,76,A-
SOUN,SoundHound AI Inc Class A Common Stock,Computer Software: Prepackaged Software,117,6.489999771118164,-69.67289772520151,18,20,E+
SOWG,Sow Good Inc. Common Stock,Packaged Foods,120,3.7300000190734863,-83.95698916527533,9,20,E-
SPAI,Safe Pro Group Inc. Common Stock,Industrial Specialties,88,3.690000057220459,-58.770948202696815,32,,D
SPB,Spectrum Brands Holdings Inc. Common Stock,Industrial Machinery/Components,68,84.69000244140625,-3.2003606020463593,82,98,C-
SPCB,SuperCom Ltd. Ordinary Shares (Israel),Semiconductors,2,11.25,-14.64340106591554,76,,A-
SPCE,Virgin Galactic Holdings Inc. Common Stock,Transportation Services,104,2.4200000762939453,-67.81914784000058,21,4,A-
SPFI,South Plains Financial Inc. Common Stock,Major Banks,21,42.75,-3.726302494593625,54,59,C-
SPG,Simon Property Group Inc. Common Stock,Real Estate Investment Trusts,46,219.49000549316406,-3.5463140059806775,74,73,C-
SPGI,S&P Global Inc. Common Stock,Finance: Consumer Services,119,437.8399963378906,-17.277554802288552,43,82,B
SPH,Suburban Propane Partners L.P. Common Stock,Other Specialty Stores,113,18.479999542236328,-9.58904569770186,47,44,E
SPHL,Springview Holdings Ltd Class A Ordinary Shares,Homebuilding,56,2.930000066757202,-83.17059108307386,42,,A+
SPHR,Sphere Entertainment Co. Class A Common Stock,Services-Misc. Amusement & Recreation,89,144.97999572753906,-16.211063543689974,96,96,C+
SPIR,Spire Global Inc. Class A Common Stock,Telecommunications Equipment,73,13.989999771118164,-45.09419143462712,40,,D-
SPMC,Sound Point Meridian Capital Inc. Common Stock,,,10.65999984741211,-30.55613453987107,34,,D-
SPNT,SiriusPoint Ltd. Common Shares,Property-Casualty Insurers,36,25.18000030517578,0.0,76,94,B-
SPOK,Spok Holdings Inc. Common Stock,Telecommunications Equipment,73,10.550000190734863,-38.042298337833124,27,36,C-
SPOT,Spotify Technology S.A. Ordinary Shares,Broadcasting,97,479.8399963378906,-35.0276932144889,29,97,C
SPPL,SIMPPLE LTD. Ordinary Shares,Diversified Commercial Services,97,3.5,-47.129908451585834,77,,B+
SPRB,Spruce Biosciences Inc. Common Stock,Biotechnology: Pharmaceutical Preparations,85,48.380001068115234,-93.06379913001932,10,4,C
SPRC,SciSparc Ltd. Ordinary Shares,Biotechnology: Pharmaceutical Preparations,85,4.570000171661377,-93.80002682346516,17,,A+
SPRO,Spero Therapeutics Inc. Common Stock,Biotechnology: Pharmaceutical Preparations,85,2.180000066757202,-26.84563581194247,28,40,E
SPRU,Spruce Power Holding Corporation Class A Common Stock,Auto Parts:O.E.M.,59,2.3299999237060547,-63.931889938898415,21,20,E+
SPRY,ARS Pharmaceuticals Inc. Common Stock,Biotechnology: Pharmaceutical Preparations,85,7.739999771118164,-57.820165611908095,21,,E+
SPSC,SPS Commerce Inc. Common Stock,Computer Software: Prepackaged Software,117,63.33000183105469,-55.55789345189145,27,52,B+
SPT,Sprout Social Inc Class A Common Stock,Computer Software: Prepackaged Software,117,8.5600004196167,-55.73939838634756,57,20,A-
SPWH,Sportsman's Warehouse Holdings Inc. Common Stock,Other Specialty Stores,113,1.2100000381469727,-67.81914784000058,15,20,D-
SPWR,SunPower Inc. Common Stock,Semiconductors,2,0.6492000222206116,-69.2322249053416,8,,E-
SPXC,SPX Technologies Inc. Common Stock,Industrial Machinery/Components,68,215.13999938964844,-12.690233272891005,57,77,E-
SQFT,Presidio Property Trust Inc. Class A Common Stock,Real Estate Investment Trusts,46,2.430000066757202,-82.1323529514887,11,,A
SQM,Sociedad Quimica y Minera S.A. Common Stock,Mining & Quarrying of Nonmetallic Minerals (No Fuels),79,71.94000244140625,-23.977592170110917,77,,D-
SQNS,Sequans Communications S.A. American Depositary Shares (each representing one hundred (100) Ordinary Shares),Semiconductors,2,3.0299999713897705,-94.37847887641527,16,35,B
SR,Spire Inc. Common Stock,Oil/Gas Transmission,51,82.41999816894531,-12.516020172176457,43,69,D+
SRAD,Sportradar Group AG Class A Ordinary Shares,Computer Software: Programming Data Processing,111,15.59000015258789,-50.95942213397926,23,37,C
SRBK,SR Bancorp Inc. Common stock,Banks,25,19.139999389648438,-4.776124246775226,72,91,C
SRCE,1st Source Corporation Common Stock,Major Banks,21,81.73999786376953,-1.8845273566596932,75,56,C
SRE,DBA Sempra Common Stock,Natural Gas Distribution,25,94.41000366210938,-4.676976136405386,55,56,D
SRFM,Surf Air Mobility Inc. Common Stock,Transportation Services,104,0.8500000238418579,-90.34090902933404,6,,A
SRG,Seritage Growth Properties Class A Common Stock,Real Estate,89,2.630000114440918,-41.294640552594664,29,,E+
SRI,Stoneridge Inc. Common Stock,Auto Parts:O.E.M.,59,7.340000152587891,-19.956378500333106,67,,A-
SRL,Scully Royalty Ltd.,Commercial Banks,8,5.409999847412109,-46.64694611204205,24,,E-
SRPT,Sarepta Therapeutics Inc. Common Stock (DE),Biotechnology: Pharmaceutical Preparations,85,18.81999969482422,-23.026588517121905,31,61,B+
SRRK,Scholar Rock Holding Corporation Common Stock,Biotechnology: Biological Products (No Diagnostic Substances),65,54.70000076293945,-5.591988161138772,78,20,B
SRTA,Strata Critical Medical Inc. Class A Common Stock,Transportation Services,104,5.010000228881836,-22.565681741182363,60,99,C-
SRTS,Sensus Healthcare Inc. Common Stock,Medical/Dental Instruments,113,3.0799999237060547,-45.48672793419208,19,20,E
SRXH,SRX Global Inc. Common Stock,Beverages (Production/Distribution),93,2.740000009536743,-92.24674590349117,3,11,A+
SRZN,Surrozen Inc. Common Stock,Biotechnology: Biological Products (No Diagnostic Substances),65,22.809999465942383,-33.16730515062354,86,,C
SSB,SouthState Bank Corporation Common Stock,Major Banks,21,100.44000244140625,-6.267093605872686,51,86,D+
SSBI,Summit State Bank Common Stock,Major Banks,21,13.539999961853027,-3.285714558192665,57,,C-
SSD,Simpson Manufacturing Company Inc. Common Stock,Industrial Machinery/Components,68,185.60000610351562,-11.513787566866718,56,69,D+
SSII,SS Innovations International Inc. Common Stock,Medical/Dental Instruments,113,3.640000104904175,-63.52705138412742,19,20,B
SSL,Sasol Ltd. American Depositary Shares,Oil & Gas Production,35,10.890000343322754,-23.79285953538509,88,,E+
SSM,Sono Group N.V. Ordinary Shares,Auto Manufacturing,138,3.890000104904175,-73.11679313670858,11,,E-
SSNC,SS&C Technologies Holdings Inc. Common Stock,Computer Software: Prepackaged Software,117,68.05999755859375,-23.637117861802327,32,56,D+
SSP,E.W. Scripps Company (The) Class A Common Stock,Broadcasting,97,2.9700000286102295,-42.44185820858558,41,20,D
SSRM,SSR Mining Inc. Common Stock,Precious Metals,113,27.889999389648438,-21.964191158804436,79,92,D+
SST,System1 Inc. Class A Common Stock,Computer Software: Programming Data Processing,111,2.609999895095825,-70.73991174022254,16,20,A
SSTI,SoundThinking Inc. Common Stock,Computer Software: Prepackaged Software,117,8.569999694824219,-35.41824115152684,46,4,C+
SSTK,Shutterstock Inc. Common Stock,EDP Services,125,8.25,-66.67264580624999,8,30,E-
SSYS,Stratasys Ltd. Ordinary Shares (Israel),Computer peripheral equipment,46,8.289999961853027,-33.36012667616508,28,20,C
ST,Sensata Technologies Holding plc Ordinary Shares,Industrial Machinery/Components,68,44.400001525878906,-17.08683070316305,79,81,D+
STAA,STAAR Surgical Company Common Stock,Ophthalmic Goods,113,27.780000686645508,-16.676662988889667,71,84,B-
STAG,Stag Industrial Inc. Common Stock,Real Estate Investment Trusts,46,39.08000183105469,-1.05017561523284,56,46,C-
STAK,STAK Inc. Class A Ordinary Shares,Oil and Gas Field Machinery,32,3.7249999046325684,-54.12561629148234,99,,A+
STBA,S&T Bancorp Inc. Common Stock,Major Banks,21,48.880001068115234,-2.0833276021172797,74,51,C
STC,Stewart Information Services Corporation Common Stock,Specialty Insurers,91,69.41999816894531,-7.911107422659757,58,78,B+
STE,STERIS plc (Ireland) Ordinary Shares,Industrial Specialties,88,217.0500030517578,-18.760652085538567,36,90,C
STEM,Stem Inc. Class A Common Stock,Industrial Machinery/Components,68,6.519999980926514,-78.11346162957614,11,,E
STEP,StepStone Group Inc. Class A Common Stock,Investment Managers,73,42.810001373291016,-42.458006861321685,23,20,D
STEX,Streamex Corp. Common Stock,Biotechnology: Electromedical & Electrotherapeutic Apparatus,68,0.8399999737739563,-88.00000037465777,7,,E
STFS,Star Fashion Culture Holdings Limited Class A Ordinary Shares,Advertising,109,17.770000457763672,-81.33403253423973,99,,A
STG,Sunlands Technology Group American Depositary Shares representing Class A ordinary shares,Other Consumer Services,125,3.75,-73.11827920234542,21,44,A+
STGW,Stagwell Inc. Class A Common Stock,Advertising,109,7.869999885559082,0.0,87,30,B+
STHO,Star Holdings Shares of Beneficial Interest,Real Estate,89,9.140000343322754,-0.9750726259707743,62,,D+
STI,Solidion Technology Inc. Common Stock,Industrial Machinery/Components,68,7.659999847412109,-78.55543229104815,78,,A+
STIM,Neuronetics Inc. Common Stock,Medical/Dental Instruments,113,1.7899999618530273,-61.587982393452464,37,20,B+
STKE,Sol Strategies Inc. Common Shares,,,1.2799999713897705,-89.76982126914751,20,11,A+
STKH,Steakholder Foods Ltd. American Depositary Shares,Packaged Foods,120,0.5202000141143799,-96.79679789750044,3,,E-
STKS,The ONE Group Hospitality Inc. Common Stock,Restaurants,101,1.9500000476837158,-58.24411101013918,32,20,C+
STLA,Stellantis N.V. Common Shares,Auto Manufacturing,138,5.570000171661377,-54.04290244013943,12,,E
STLD,Steel Dynamics Inc.,Steel/Iron Ore,46,234.13999938964844,-17.007000043485256,87,70,E
STM,STMicroelectronics N.V. Common Stock,Semiconductors,2,68.47000122070312,-14.21949200390321,96,36,C
STN,Stantec Inc Common Stock,Military/Government/Technical,101,68.7699966430664,-39.23883501533114,18,67,E+
STNE,StoneCo Ltd. Class A Common Shares,EDP Services,125,11.149999618530273,-30.642957956361784,32,87,D
STNG,Scorpio Tankers Inc. Common Shares,Marine Transportation,9,77.27999877929688,-10.241293486709003,82,79,D
STOK,Stoke Therapeutics Inc. Common Stock,Biotechnology: Pharmaceutical Preparations,85,29.459999084472656,-23.181224884917494,72,20,B
STRA,Strategic Education Inc. Common Stock,Other Consumer Services,125,85.72000122070312,0.0,55,75,C
STRL,Sterling Infrastructure Inc. Common Stock,Military/Government/Technical,101,660.0399780273438,-33.58021368631121,96,97,E-
STRO,Sutro Biopharma Inc. Common Stock,Biotechnology: Biological Products (No Diagnostic Substances),65,27.84000015258789,-31.948178302550158,97,4,B
STRR,Star Equity Holdings Inc. Common Stock,Professional Services,104,11.199999809265137,-5.16511929447806,65,20,C+
STRS,Stratus Properties Inc. Common Stock,Homebuilding,56,20.93000030517578,-35.2813846430952,28,,E-
STRT,STRATTEC SECURITY CORPORATION Common Stock,Auto Parts:O.E.M.,59,81.11000061035156,-10.779895123733652,58,50,C
STRW,Strawberry Fields REIT Inc. Common Stock,Real Estate Investment Trusts,46,13.5,-2.031928435392061,65,66,C+
STRZ,Starz Entertainment Corp. Common Shares,Movies/Entertainment,67,27.399999618530273,-9.301554290303393,96,,A
STT,State Street Corporation Common Stock,Major Banks,21,178.1699981689453,-1.1375002984531757,86,69,C
STTK,Shattuck Labs Inc. Common Stock,Biotechnology: Pharmaceutical Preparations,85,6.429999828338623,-18.401018591928942,98,20,A
STUB,StubHub Holdings Inc. Class A Common Stock,Services-Misc. Amusement & Recreation,89,10.300000190734863,-53.18181731484153,47,63,A
STVN,Stevanato Group S.p.A. Ordinary Shares,Medical/Dental Instruments,113,19.780000686645508,-28.975491777000784,57,46,C+
STWD,STARWOOD PROPERTY TRUST INC. Starwood Property Trust Inc.,Real Estate Investment Trusts,46,16.459999084472656,-12.283071675095536,37,,D
STX,Seagate Technology Holdings PLC Ordinary Shares (Ireland),Electronic Components,6,860.6599731445312,-21.275855600553374,99,81,C
STXS,Stereotaxis Inc. Common Stock,Biotechnology: Electromedical & Electrotherapeutic Apparatus,68,1.6399999856948853,-54.06162419153895,19,20,D-
STZ,Constellation Brands Inc. Common Stock,Beverages (Production/Distribution),93,134.50999450683594,-21.54013249956076,30,89,D-
SU,Suncor Energy  Inc. Common Stock,Integrated oil Companies,6,61.27000045776367,-11.549503007244521,79,60,D-
SUGP,SU Group Holdings Limited Class A Ordinary Shares,Diversified Commercial Services,97,0.535099983215332,-95.09082567025371,1,,A+
SUI,Sun Communities Inc. Common Stock,Real Estate Investment Trusts,46,120.80000305175781,-10.323510518263168,41,37,D+
SUIG,Sui Group Holdings Limited Common Stock,Finance Companies,53,1.190000057220459,-84.0268444605794,19,,D+
SUNB,Sunbelt Rentals Holdings Inc. Common Stock,Diversified Commercial Services,97,73.81999969482422,-13.332210693768854,52,42,B+
SUNE,SUNation Energy Inc. Common Stock,Telecommunications Equipment,73,3.4000000953674316,-42.176870251800835,97,,A+
SUNS,Sunrise Realty Trust Inc. Common Stock,Real Estate Investment Trusts,46,8.119999885559082,-20.771053309392794,41,55,E+
SUPN,Supernus Pharmaceuticals Inc. Common Stock,Biotechnology: Pharmaceutical Preparations,85,47.349998474121094,-16.929827238384043,51,20,B
SUPV,Grupo Supervielle S.A. American Depositary Shares each Representing five Class B shares,Commercial Banks,8,9.529999732971191,-25.894245821204454,62,9,B-
SUPX,SuperX AI Technology Limited Ordinary Shares,,,7.099999904632568,-90.5333334604899,16,,D-
SURG,SurgePays Inc. Common Stock,Advertising,109,0.32710000872612,-89.58280261789665,4,,A+
SUZ,Suzano S.A. American Depositary Shares (each representing One Ordinary Share),Paper,121,8.109999656677246,-29.223992871756366,31,,D-
SVC,Service Properties Trust Common Shares of Beneficial Interest,Real Estate Investment Trusts,46,8.859999656677246,-40.788176938028556,47,,B
SVCC,Stellar V Capital Corp. Class A Ordinary Shares,,,10.569999694824219,-0.28302533552690967,48,,D+
SVCCU,Stellar V Capital Corp. Unit,Blank Checks,73,10.819999694824219,-5.749127819943622,50,,B-
SVCO,Silvaco Group Inc. Common Stock,Computer Software: Prepackaged Software,117,10.09000015258789,-26.83103567440438,93,4,D+
SVM,Silvercorp Metals Inc. Common Shares,Precious Metals,113,9.220000267028809,-41.24942292344657,67,,E
SVRA,Savara Inc. Common Stock,Biotechnology: Pharmaceutical Preparations,85,5.739999771118164,-17.291070262366937,87,,C-
SVRE,SaverOne 2014 Ltd. American Depositary Shares,EDP Services,125,2.5999999046325684,-92.68018054300367,7,,E-
SVRN,OceanPal Inc. Common Stock,Marine Transportation,9,8.0,-99.14893617021276,7,,B+
SVV,Savers Value Village Inc. Common Stock,Other Specialty Stores,113,9.680000305175781,-29.39460045045982,46,30,B-
SW,Smurfit WestRock plc Ordinary Shares,Containers/Packaging,56,43.150001525878906,-15.812269370633947,47,34,C
SWAG,Stran & Company Inc. Common Stock,Advertising,109,2.059999942779541,-38.50746264407777,75,,B
SWBI,Smith & Wesson Brands Inc. Common Stock,Ordnance And Accessories,34,15.65999984741211,-5.239720015507244,87,71,A-
SWIM,Latham Group Inc. Common Stock,Plastic Products,23,5.920000076293945,-28.242423317649145,36,34,D+
SWK,Stanley Black & Decker Inc. Common Stock,Industrial Machinery/Components,68,86.52999877929688,-8.064177375473768,71,36,C+
SWKS,Skyworks Solutions Inc. Common Stock,Semiconductors,2,58.2400016784668,-30.184604463168462,36,36,E
SWMR,Swarmer Inc Common Stock,Computer Software: Prepackaged Software,117,39.97999954223633,-49.08303457528649,69,,A-
SWVL,Swvl Holdings Corp Class A Common Shares,Business Services,80,1.4500000476837158,-69.72860001604721,17,,E+
SWX,Southwest Gas Holdings Inc. Common Stock (DE),Oil & Gas Production,35,91.81999969482422,-1.662716979818557,61,85,C
SXC,SunCoke Energy Inc. Common Stock,Steel/Iron Ore,46,8.420000076293945,-12.291669357154,70,20,C-
SXI,Standex International Corporation Common Stock,Industrial Machinery/Components,68,307.5400085449219,-14.015713646886708,84,85,C+
SXT,Sensient Technologies Corporation Common Stock,Major Chemicals,59,114.0,-8.426378057495686,70,65,E+
SXTC,China SXT Pharmaceuticals Inc. Class A Ordinary Shares,Biotechnology: Pharmaceutical Preparations,85,2.549999952316284,-99.15000001589456,8,,A+
SXTP,60 Degrees Pharmaceuticals Inc. Common Stock,Biotechnology: Pharmaceutical Preparations,85,1.4500000476837158,-85.6150787831494,11,,E
SY,So-Young International Inc. American Depository Shares,EDP Services,125,1.7100000381469727,-70.8688233137145,12,4,E
SYBT,Stock Yards Bancorp Inc. Common Stock,Major Banks,21,76.55000305175781,-5.969783063175993,56,61,C
SYF,Synchrony Financial Common Stock,Finance: Consumer Services,119,73.20999908447266,-16.574777430580124,44,71,E+
SYK,Stryker Corporation Common Stock,Medical/Dental Instruments,113,331.45001220703125,-17.02608811376298,35,64,C+
SYM,Symbotic Inc. Class A Common Stock,Industrial Machinery/Components,68,42.43000030517578,-51.39748130361441,20,88,E
SYNA,Synaptics Incorporated Common Stock $0.001 Par Value,Semiconductors,2,119.1500015258789,-19.258659881949903,92,80,D
SYNX,Silynxcom Ltd. Ordinary Shares,Consumer Electronics/Appliances,122,1.0700000524520874,-44.84535974781706,31,,B+
SYPR,Sypris Solutions Inc. Common Stock,Industrial Machinery/Components,68,2.009999990463257,-51.91387385146978,21,20,C
SYRE,Spyre Therapeutics Inc. Common Stock,Biotechnology: Pharmaceutical Preparations,85,93.7300033569336,-6.568975635902663,99,4,B
SYY,Sysco Corporation Common Stock,Food Distributors,19,83.45999908447266,-7.145093788448975,63,49,C-
T,AT&T Inc.,Telecommunications Equipment,73,21.549999237060547,-24.16799039039329,29,65,E+
TAC,TransAlta Corporation Ordinary Shares,Electric Utilities: Central,59,13.930000305175781,-21.1421015630171,53,,D
TACT,TransAct Technologies Incorporated Common Stock,Computer peripheral equipment,46,5.34499979019165,-8.47603338121301,85,63,A
TAK,Takeda Pharmaceutical Company Limited American Depositary Shares (each representing 1/2 of a share of Common Stock),Biotechnology: Pharmaceutical Preparations,85,16.489999771118164,-12.287231700460222,48,,D+
TAL,TAL Education Group American Depositary Shares,Other Consumer Services,125,10.34000015258789,-19.907046670797534,38,93,D+
TALK,Talkspace Inc. Common Stock,Medical/Nursing Services,25,5.230000019073486,-0.190834971020315,86,40,D+
TALO,Talos Energy Inc. Common Stock,Oil & Gas Production,35,14.229999542236328,-14.225440558440406,77,20,D+
TANH,Tantech Holdings Ltd. Class A Common Shares,Major Chemicals,59,0.4090000092983246,-82.66949036106979,13,,A
TAOP,Taoping Inc. Ordinary Shares,Computer Software: Prepackaged Software,117,1.3799999952316284,-71.36929572440317,24,,A+
TAOX,Tao Synergies Inc. Common Stock,Biotechnology: Pharmaceutical Preparations,85,3.680000066757202,-64.54720591344221,16,,E
TAP,Molson Coors Beverage Company Class B Common Stock,Beverages (Production/Distribution),93,39.880001068115234,-25.022055599834502,31,44,D
TARA,Protara Therapeutics Inc.  Common Stock,Biotechnology: Biological Products (No Diagnostic Substances),65,4.179999828338623,-44.70899656115888,35,20,D-
TARS,Tarsus Pharmaceuticals Inc. Common Stock,Biotechnology: Biological Products (No Diagnostic Substances),65,59.310001373291016,-28.117804099234466,37,20,E
TASK,TaskUs Inc. Class A Common Stock,EDP Services,125,5.619999885559082,-52.644876977467135,19,72,D-
TATT,TAT Technologies Ltd. Ordinary Shares,Aerospace,93,42.33000183105469,-30.73146554038111,47,60,A
TAYD,Taylor Devices Inc. Common Stock,Industrial Machinery/Components,68,55.72999954223633,-38.043355827678646,60,89,A
TBBB,BBB Foods Inc. Class A Common Shares,Food Chains,50,41.720001220703125,-2.019728918199204,84,4,A-
TBBK,The Bancorp Inc Common Stock,Major Banks,21,66.48999786376953,-17.23923214518376,50,89,B
TBCH,Turtle Beach Corporation Common Stock,Telecommunications Equipment,73,12.859999656677246,-24.751319240158743,51,40,B-
TBI,TrueBlue Inc. Common Stock,Professional Services,104,8.600000381469727,0.0,96,20,A-
TBLA,Taboola.com Ltd. Ordinary Shares,Computer Software: Programming Data Processing,111,5.570000171661377,-0.17920702834053337,91,99,A
TBLD,Thornburg Income Builder Opportunities Trust Common Stock,Investment Managers,73,21.799999237060547,-4.0896996108280685,58,,D+
TBN,Tamboran Resources Corporation Common stock,Oil & Gas Production,35,31.709999084472656,-36.5673174239325,63,4,E
TBPH,Theravance Biopharma Inc. Ordinary Shares,Biotechnology: Pharmaceutical Preparations,85,16.899999618530273,-18.514947902436084,62,96,E+
TC,Token Cat Limited American Depositary Shares,Business Services,80,2.200000047683716,-88.31030773986278,3,,A+
TCBI,Texas Capital Bancshares Inc. Common Stock,Major Banks,21,101.87000274658203,-3.6844751821870525,57,78,D
TCBK,TriCo Bancshares Common Stock,Major Banks,21,60.06999969482422,0.0,80,66,A+
TCBS,Texas Community Bancshares Inc. Common Stock,Banks,25,17.65999984741211,-4.437227895758856,54,,C-
TCBX,Third Coast Bancshares Inc. Common Stock,Banks,25,40.650001525878906,-6.465710119164969,52,72,C
TCI,Transcontinental Realty Investors Inc. Common Stock,Real Estate Investment Trusts,46,44.68000030517578,-24.15549071311268,48,34,A-
TCMD,Tactile Systems Technology Inc. Common Stock,Medical/Dental Instruments,113,29.040000915527344,-12.133126820277196,92,79,B+
TCOM,Trip.com Group Limited American Depositary Shares,Business Services,80,42.36000061035156,-46.35258219160544,18,73,E-
TCPC,BlackRock TCP Capital Corp. Common Stock,Finance/Investors Services,77,3.1500000953674316,-52.14463326440482,17,20,E
TCRT,Alaunos Therapeutics Inc. Common Stock,Biotechnology: Pharmaceutical Preparations,85,2.0840001106262207,-58.23646881331948,13,,B-
TCRX,TScan Therapeutics Inc. Common Stock,Biotechnology: Biological Products (No Diagnostic Substances),65,1.0299999713897705,-59.126984952949236,23,4,B
TCX,Tucows Inc. Class A Common Stock,EDP Services,125,10.850000381469727,-56.42570061167675,12,,E+
TD,Toronto Dominion Bank (The) Common Stock,Commercial Banks,8,120.62999725341797,-0.6690284387030787,84,57,D+
TDAY,USA TODAY Co. Inc. Common Stock,Newspapers/Magazines,29,8.59000015258789,-3.0473985841057316,93,99,C+
TDC,Teradata Corporation Common Stock,Computer Software: Prepackaged Software,117,33.959999084472656,-10.348473793846235,85,96,A-
TDG,Transdigm Group Incorporated Common Stock,Military/Government/Technical,101,1235.0,-18.56518008496746,39,83,D
TDIC,Dreamland Limited Class A Ordinary Shares,Other Consumer Services,125,3.880000114440918,-99.57303987736552,2,,A+
TDOC,Teladoc Health Inc. Common Stock,Medical/Nursing Services,25,9.649999618530273,0.0,87,20,A-
TDS,Telephone and Data Systems Inc. Common Shares,Telecommunications Equipment,73,33.38999938964844,-29.702848158907603,24,63,E
TDTH,Trident Digital Tech Holdings Ltd American Depository Shares,Business Services,80,2.640000104904175,-96.0714282369127,7,,A+
TDUP,ThredUp Inc. Class A Common Stock,Catalog/Specialty Distribution,59,6.179999828338623,-48.84106070058116,70,4,B+
TDW,Tidewater Inc. Common Stock,Marine Transportation,9,74.3499984741211,-18.40430615339286,68,52,D-
TDY,Teledyne Technologies Incorporated Common Stock,Industrial Machinery/Components,68,623.8800048828125,-9.397467208196808,54,65,D+
TE,T1 Energy Inc. Common Stock,Industrial Machinery/Components,68,6.550000190734863,-45.59800488797693,97,20,C+
TEAD,Teads Holding Co. Common Stock,Computer Software: Programming Data Processing,111,0.8051000237464905,-74.11253855615698,35,20,E-
TEAM,Atlassian Corporation Class A Common Stock,Computer Software: Prepackaged Software,117,96.16000366210938,-52.630540067926425,49,20,B+
TECH,Bio-Techne Corp Common Stock,Biotechnology: Biological Products (No Diagnostic Substances),65,71.36000061035156,0.0,76,67,A
TECK,Teck Resources Ltd Ordinary Shares,Mining & Quarrying of Nonmetallic Minerals (No Fuels),79,58.470001220703125,-17.020446103698184,75,74,D-
TECX,Tectonic Therapeutic Inc. Common Stock,Biotechnology: Biological Products (No Diagnostic Substances),65,34.34000015258789,-9.464803911688902,90,4,B
TEL,TE Connectivity plc Ordinary Shares,Electronic Components,6,198.17999267578125,-19.8571489131133,36,94,D-
TELA,TELA Bio Inc. Common Stock,Medical/Dental Instruments,113,0.817300021648407,-61.62910902645976,35,20,B-
TELO,Telomir Pharmaceuticals Inc. Common Stock,Biotechnology: Pharmaceutical Preparations,85,1.2400000095367432,-45.85152706581894,38,,B+
TEM,Tempus AI Inc. Class A Common Stock,Computer Software: Programming Data Processing,111,55.93000030517578,-45.830508179006515,42,,B+
TEN,Tsakos Energy Navigation Ltd Common Shares,Marine Transportation,9,38.83000183105469,-12.68270572257758,88,,D-
TENB,Tenable Holdings Inc. Common Stock,Computer Software: Prepackaged Software,117,39.20000076293945,-5.245342579095036,94,93,A
TENX,Tenax Therapeutics Inc. Common Stock,Biotechnology: Pharmaceutical Preparations,85,15.979999542236328,-12.772926809867736,92,,A
TEO,Telecom Argentina SA,Telecommunications Equipment,73,13.470000267028809,-15.707129831721234,85,90,B-
TER,Teradyne Inc. Common Stock,Electrical Products,4,341.1099853515625,-29.499423790225965,95,90,E+
TEVA,Teva Pharmaceutical Industries Limited American Depositary Shares,Biotechnology: Pharmaceutical Preparations,85,32.18000030517578,-11.447440368587515,82,94,D+
TEX,Terex Corporation Common Stock,Construction/Ag Equipment/Trucks,37,65.61000061035156,-12.027354519275523,64,89,D
TFC,Truist Financial Corporation Common Stock,Major Banks,21,51.95000076293945,-4.9840333965708865,61,84,C-
TFII,TFI International Inc. Common Shares,Trucking Freight/Courier Services,5,147.6199951171875,-9.33993858926232,85,,C
TFIN,Triumph Financial Inc. Common Stock,Major Banks,21,78.30999755859375,-1.2608750860964357,80,81,C+
TFPM,Triple Flag Precious Metals Corp. Common Shares,Precious Metals,113,27.59000015258789,-33.07684193481227,32,,D+
TFSL,TFS Financial Corporation Common Stock,Savings Institutions,15,17.65999984741211,-1.1751593842135422,81,69,C+
TFX,Teleflex Incorporated Common Stock,Medical/Dental Instruments,113,136.39999389648438,-1.4822338471535357,66,20,C+
TG,Tredegar Corporation Common Stock,Metal Fabrications,45,7.420000076293945,-28.309180649128763,32,43,D-
TGB,Trekor Metals Limited Common Shares,Precious Metals,113,7.019999980926514,-20.945947179545833,82,95,C-
TGE,The Generation Essentials Group Class A Ordinary Shares,Newspapers/Magazines,29,0.9955999851226807,-84.68307715195876,14,,A+
TGEN,Tecogen Inc. Common Stock,Industrial Machinery/Components,68,3.9800000190734863,-67.02568252110093,34,20,B
TGHL,The GrowHub Limited Class A Ordinary Shares,EDP Services,125,0.6365000009536743,-82.36842051385216,63,,A+
TGL,Treasure Global Inc. Common Stock,Business Services,80,3.809999942779541,-87.30000019073486,13,11,E-
TGLS,Tecnoglass Inc. Common Stock,Electronic Components,6,42.84000015258789,-48.07430693220838,25,43,D+
TGS,Transportadora de Gas del Sur SA TGS Common Stock,Natural Gas Distribution,25,30.399999618530273,-13.929785160827512,58,,C+
TGT,Target Corporation Common Stock,Department/Specialty Retail Stores,44,134.77000427246094,-4.553819273904236,79,46,C-
TGTX,TG Therapeutics Inc. Common Stock,Biotechnology: Pharmaceutical Preparations,85,55.0099983215332,-6.857438126625858,91,76,A-
TH,Target Hospitality Corp. Common Stock,Hotels/Resorts,39,16.739999771118164,-18.421055566864563,93,4,E+
THC,Tenet Healthcare Corporation Common Stock,Hospital/Nursing Management,66,194.80999755859375,-20.420753623354628,46,85,C
THCH,TH International Limited Ordinary shares,Restaurants,101,1.7899999618530273,-40.72847770999427,22,20,E
THFF,First Financial Corporation Common Stock,Major Banks,21,75.54000091552734,-3.3768219229255547,78,,B-
THG,Hanover Insurance Group Inc,Property-Casualty Insurers,36,216.86000061035156,-2.143405075094851,77,89,C+
THH,TryHard Holdings Limited Ordinary Shares,Services-Misc. Amusement & Recreation,89,0.25920000672340393,-99.52915529461278,4,,A-
THM,International Tower Hill Mines Ltd. Ordinary Shares (Canada),Metal Mining,97,2.0799999237060547,-42.38227190721726,60,,A-
THO,Thor Industries Inc. Common Stock,Homebuilding,56,71.95999908447266,-39.37868288695532,24,49,E+
THRM,Gentherm Inc Common Stock,Auto Parts:O.E.M.,59,36.119998931884766,-7.50320195242169,62,87,C-
THRY,Thryv Holdings Inc. Common Stock,Advertising,109,4.110000133514404,-70.32490960062874,28,79,A-
TIC,TIC Solutions Inc. Common Stock,Business Services,80,7.119999885559082,-50.86266391976868,21,20,D-
TIGO,Millicom International Cellular S.A. Common Stock,Telecommunications Equipment,73,95.73999786376953,-1.2582520959393273,95,74,C+
TIGR,UP Fintech Holding Ltd American Depositary Share representing fifteen Class A Ordinary Shares,Investment Bankers/Brokers/Service,77,4.590000152587891,-64.66512522353348,11,40,E-
TII,Titan Mining Corporation Common Shares,,,2.0799999237060547,-59.533074363127824,64,,E-
TIL,Instil Bio Inc. Common Stock,Biotechnology: Biological Products (No Diagnostic Substances),65,7.639999866485596,-76.30273117638086,19,20,D-
TILE,Interface Inc. Common Stock,Home Furnishings,42,32.29999923706055,-10.127989785017277,74,92,C+
TIMB,TIM S.A. American Depositary Shares (Each representing 5 Common Shares),Telecommunications Equipment,73,21.889999389648438,-21.129603928722496,41,,D-
TIPT,Tiptree Inc. Common Stock,Property-Casualty Insurers,36,18.049999237060547,-28.44427859962957,46,49,C+
TISI,Team Inc. Common Stock,Other Consumer Services,125,16.40999984741211,-16.36086062444181,51,20,B+
TITN,Titan Machinery Inc. Common Stock,Other Specialty Stores,113,18.360000610351562,-23.912137385386167,45,20,E+
TJGC,TJGC Group Limited Ordinary Shares,Advertising,109,4.489999771118164,-47.48538396544464,69,,A
TJX,TJX Companies Inc. (The) Common Stock,Clothing/Shoe/Accessory Stores,87,150.52999877929688,-10.616949405622112,49,77,D-
TK,Teekay Corporation Ltd. Common Stock,Marine Transportation,9,10.829999923706055,-17.260538261820223,73,,E+
TKC,Turkcell Iletisim Hizmetleri AS Common Stock,Telecommunications Equipment,73,5.800000190734863,-18.881117295470375,39,,E+
TKLF,Tokyo Lifestyle Co. Ltd. American Depositary Shares,Other Specialty Stores,113,2.4200000762939453,-42.243435722067446,27,,A
TKNO,Alpha Teknova Inc. Common Stock,Biotechnology: In Vitro & In Vivo Diagnostic Substances,97,5.409999847412109,-15.070644511679065,87,4,A-
TKO,TKO Group Holdings Inc. Class A Common Stock,Services-Misc. Amusement & Recreation,89,180.9600067138672,-18.92028719270349,39,93,E+
TKR,Timken Company (The) Common Stock,Metal Fabrications,45,138.33999633789062,-4.803200271491348,90,68,B-
TLF,Tandy Leather Factory Inc. Common Stock,Apparel,40,2.4100000858306885,-10.91913494840182,53,,B
TLIH,Ten-League International Holdings Limited Ordinary Shares,,,5.010000228881836,-92.40909056230025,73,,A+
TLK,PT Telekomunikasi Indonesia Tbk,Telecommunications Equipment,73,13.979999542236328,-35.35283135093257,25,,E
TLN,Talen Energy Corporation Common Stock,Electric Utilities: Central,59,396.3500061035156,-11.100392661242486,71,,C
TLNC,Talon Capital Corp. Class A Ordinary Shares,,,10.369999885559082,-0.09634131764529874,50,,C-
TLPH,Talphera Inc. Common Stock,Biotechnology: Pharmaceutical Preparations,85,1.4199999570846558,-2.739731508026866,94,20,A+
TLRY,Tilray Brands Inc. Common Stock,Medicinal Chemicals and Botanical Products,135,4.460000038146973,-78.76190458025252,11,28,E
TLS,Telos Corporation Common Stock,EDP Services,125,4.889999866485596,-36.98453966166684,65,84,B+
TLSA,Tiziana Life Sciences Ltd. Common Shares,Biotechnology: Pharmaceutical Preparations,85,1.3300000429153442,-46.79999828338624,36,,E+
TLSI,TriSalus Life Sciences Inc. Common Stock,Medical Specialities,30,4.230000019073486,-43.599999745686844,32,63,A-
TLX,Telix Pharmaceuticals Limited American Depositary Shares,Biotechnology: Pharmaceutical Preparations,85,10.970000267028809,-33.5151498967951,53,,B-
TLYS,Tilly's Inc. Common Stock,Clothing/Shoe/Accessory Stores,87,4.119999885559082,-24.403669178942376,94,33,B+
TM,Toyota Motor Corporation Common Stock,Auto Manufacturing,138,174.75,-29.61858926041546,31,,E+
TMC,TMC the metals company Inc. Common Stock,Metal Mining,97,3.990000009536743,-62.675396013498464,17,,E+
TMCI,Treace Medical Concepts Inc. Common Stock,Medical/Dental Instruments,113,4.579999923706055,-40.51948003693321,92,20,A-
TMCR,The Metals Royalty Company Inc. Common Stock,Precious Metals,113,5.929999828338623,-62.229299997576334,6,,E-
TMDE,TMD Energy Limited Ordinary Shares,Oil Refining/Marketing,133,0.9570000171661377,-76.31188053954361,37,,A+
TMDX,TransMedics Group Inc. Common Stock,Biotechnology: Electromedical & Electrotherapeutic Apparatus,68,75.73999786376953,-49.64765404484209,14,73,E
TME,Tencent Music Entertainment Group American Depositary Shares each representing two Class A Ordinary Shares,Broadcasting,97,8.829999923706055,-65.60401452912303,15,50,D
TMHC,Taylor Morrison Home Corporation Common Stock,Homebuilding,56,71.87000274658203,-0.1528210686599918,68,37,B+
TMO,Thermo Fisher Scientific Inc Common Stock,Industrial Machinery/Components,68,528.510009765625,-17.184637984988406,52,53,C+
TMP,Tompkins Financial Corporation Common Stock,Major Banks,21,91.51000213623047,-4.597577269494368,77,81,C
TMQ,Trilogy Metals Inc. Common Stock,Precious Metals,113,3.140000104904175,-70.37735856695504,36,11,E+
TMS,Teamshares Inc. Common Stock,,,7.400000095367432,-40.79999923706055,19,,E
TMUS,T-Mobile US Inc. Common Stock,Telecommunications Equipment,73,188.41000366210938,-25.886901344218614,35,57,D
TNC,Tennant Company Common Stock,Industrial Machinery/Components,68,85.29000091552734,-6.428963809383825,57,35,C
TNDM,Tandem Diabetes Care Inc. Common Stock,Medical/Dental Instruments,113,16.25,-42.49823118050639,33,20,D
TNET,TriNet Group Inc. Common Stock,Business Services,80,57.560001373291016,-18.698349990759343,72,48,B+
TNGX,Tango Therapeutics Inc.,Biotechnology: Pharmaceutical Preparations,85,28.360000610351562,-13.799394240016106,98,4,B-
TNK,Teekay Tankers Ltd.,Marine Transportation,9,70.72000122070312,-13.424337878330217,77,88,E+
TNL,Travel   Leisure Co. Common  Stock,Hotels/Resorts,39,73.05999755859375,-6.450981700435299,59,52,D+
TNMG,TNL Mediagene Ordinary Shares,Advertising,109,0.3799999952316284,-96.52014658812536,2,,A+
TNON,Tenon Medical Inc. Common Stock,Medical/Dental Instruments,113,0.21490000188350677,-87.13173608347506,3,,A+
TNXP,Tonix Pharmaceuticals Holding Corp. Common Stock,Biotechnology: Pharmaceutical Preparations,85,11.704999923706055,-80.989118106671,17,20,D
TNYA,Tenaya Therapeutics Inc. Common Stock,Biotechnology: Biological Products (No Diagnostic Substances),65,0.8364999890327454,-60.166665379963156,51,20,B
TOI,The Oncology Institute Inc. Common Stock,Medical/Nursing Services,25,6.25,0.0,95,20,A
TOL,Toll Brothers Inc. Common Stock,Homebuilding,56,148.14999389648438,-10.494857939978974,61,45,C+
TOMZ,TOMI Environmental Solutions Inc. Common Stock,Major Chemicals,59,0.7702999711036682,-29.330280044485846,50,20,B+
TONX,TON Strategy Company Common Stock,Other Consumer Services,125,3.319999933242798,-85.21158209168765,51,,A
TOON,Kartoon Studios Inc. Common Stock,Movies/Entertainment,67,0.5885000228881836,-52.91999816894531,30,,B
TOP,TOP Financial Group Limited Class A Ordinary Shares,Investment Bankers/Brokers/Service,77,1.840000033378601,-12.796202613316343,95,,A
TOPP,Toppoint Holdings Inc. Common Stock,Trucking Freight/Courier Services,5,0.76910001039505,-72.03272689472546,20,,A
TOPS,TOP Ships Inc. Common Stock,Marine Transportation,9,0.7307000160217285,-88.72376521804078,2,61,A
TORO,Toro Corp. Common Stock,Marine Transportation,9,4.909999847412109,-27.581120342310015,94,43,A
TOST,Toast Inc. Class A Common Stock,EDP Services,125,29.959999084472656,-39.229209841547686,37,87,C+
TOUR,Tuniu Corporation American Depositary Shares,Transportation Services,104,4.960000038146973,-37.54890720671046,21,40,E
TOVX,Theriva Biologics Inc. Common Stock,Biotechnology: Pharmaceutical Preparations,85,0.23399999737739563,-72.14285658533069,26,,A+
TOWN,TowneBank Common Stock,Major Banks,21,35.849998474121094,-2.2894526683803207,53,42,C
TOYO,TOYO Co. Ltd Ordinary Shares,Miscellaneous manufacturing industries,122,5.75,-66.15656222800777,32,,E-
TPB,Turning Point Brands Inc. Common Stock,Tobacco,,80.91999816894531,-43.29461746287031,40,54,C+
TPC,Tutor Perini Corporation Common Stock,General Bldg Contractors - Nonresidential Bldgs,129,74.73999786376953,-23.13401297922364,62,66,E+
TPCS,TechPrecision Corporation Common stock,Metal Fabrications,45,4.699999809265137,-19.382506504778675,70,4,A
TPET,Trio Petroleum Corp. Common Stock,Oil & Gas Production,35,0.33500000834465027,-82.82051281267526,8,11,E
TPG,TPG Inc. Class A Common Stock,Investment Managers,73,42.47999954223633,-37.404458677492705,32,40,C-
TPL,Texas Pacific Land Corporation Common Stock,Oil & Gas Production,35,408.9200134277344,-24.128775571980356,68,60,D+
TPR,Tapestry Inc. Common Stock,Apparel,40,136.1300048828125,-14.708229416420593,57,67,E+
TPST,Tempest Therapeutics Inc. Common Stock,Biotechnology: Pharmaceutical Preparations,85,0.9835000038146973,-91.68639044668235,4,4,E
TPVG,TriplePoint Venture Growth BDC Corp. Common Stock,Other Consumer Services,125,4.610000133514404,-26.819071440617748,30,55,E+
TR,Tootsie Roll Industries Inc. Common Stock,Specialty Foods,91,38.02000045776367,-14.946982643636353,41,52,B+
TRAK,ReposiTrak Inc. Common Stock,EDP Services,125,8.960000038146973,-52.726139867058954,30,65,B+
TRAW,Traws Pharma Inc. Common Stock,Biotechnology: Pharmaceutical Preparations,85,0.6848999857902527,-78.11821211666026,7,,A
TRAX,First Tracks Biotherapeutics Inc. Ordinary Shares,Biotechnology: Pharmaceutical Preparations,85,35.0099983215332,-3.394048840964714,93,,A
TRC,Tejon Ranch Co Common Stock,Real Estate,89,18.469999313354492,-9.814454461957245,52,63,D+
TRDA,Entrada Therapeutics Inc. Common Stock,Biotechnology: Pharmaceutical Preparations,85,6.599999904632568,-58.82720136044045,20,20,D-
TREE,LendingTree Inc. Common Stock,Finance: Consumer Services,119,45.2400016784668,-40.87047390494858,42,99,B+
TREX,Trex Company Inc. Common Stock,Forest Products,80,45.900001525878906,-32.98291289601644,49,50,B-
TRGP,Targa Resources Inc. Common Stock,Natural Gas Distribution,25,279.3999938964844,0.0,87,98,D+
TRI,Thomson Reuters Corporation Common Shares,Publishing,104,94.29000091552734,-54.26775102768961,27,75,C+
TRIB,Trinity Biotech plc American Depositary Shares,Biotechnology: In Vitro & In Vivo Diagnostic Substances,97,0.35519999265670776,-81.40314142072884,8,,E-
TRIN,Trinity Capital Inc. Common Stock,Finance: Consumer Services,119,17.559999465942383,-1.8994422337077488,77,62,C
TRIP,TripAdvisor Inc. Common Stock,Computer Software: Programming Data Processing,111,14.399999618530273,-24.76488987602433,55,35,A-
TRLV,Trulieve Cannabis Corp. Subordinate Voting Shares,Medicinal Chemicals and Botanical Products,135,9.039999961853027,-30.461538754976715,84,63,E-
TRMB,Trimble Inc. Common Stock,Industrial Machinery/Components,68,52.290000915527344,-38.655558158158144,19,81,D
TRMD,TORM plc Class A Common Stock,Marine Transportation,9,28.860000610351562,-15.308761023301331,82,,E
TRMK,Trustmark Corporation Common Stock,Major Banks,21,46.38999938964844,-1.4865167990469441,64,69,C-
TRN,Trinity Industries Inc. Common Stock,Railroads,28,36.5099983215332,-0.3548064145218355,73,76,C-
TRNO,Terreno Realty Corporation Common Stock,Real Estate,89,70.27999877929688,0.0,69,,B
TRNR,Interactive Strength Inc. Common Stock,Consumer Electronics/Appliances,122,3.009999990463257,-99.44730074818222,2,20,E-
TRNS,Transcat Inc. Common Stock,Electrical Products,4,92.31999969482422,-0.9866990454992286,73,35,B-
TRON,Tron Inc. Common Stock,Recreational Games/Products/Toys,93,1.3899999856948853,-87.36363649368286,9,,A-
TROO,TROOPS Inc. Ordinary Shares,Diversified Financial Services,23,2.1700000762939453,-56.77290668249284,87,,B
TROW,T. Rowe Price Group Inc. Common Stock,Investment Bankers/Brokers/Service,77,113.6500015258789,-5.417777910973298,69,73,C+
TROX,Tronox Holdings plc Ordinary Shares (UK),Major Chemicals,59,6.119999885559082,-41.270118003657075,55,20,E
TRP,TC Energy Corporation Common Stock,Natural Gas Distribution,25,67.94000244140625,-3.3161412932073753,76,59,D
TRS,TriMas Corporation Common Stock,Industrial Specialties,88,40.529998779296875,-9.993338045722833,65,97,C+
TRSG,Tungray Technologies Inc Class A Ordinary Shares,Industrial Machinery/Components,68,1.4600000381469727,-19.78021999615255,60,,A
TRST,TrustCo Bank Corp NY Common Stock,Major Banks,21,54.68000030517578,-1.9016888076279215,84,57,C
TRT,Trio-Tech International Common Stock,Industrial Machinery/Components,68,9.710000038146973,-51.571070286132745,97,20,A-
TRTX,TPG RE Finance Trust Inc. Common Stock,Real Estate Investment Trusts,46,8.390000343322754,-4.427030599678616,55,93,C-
TRU,TransUnion Common Stock,Finance: Consumer Services,119,76.20999908447266,-22.712311988879975,43,91,C+
TRUG,TruGolf Holdings Inc. Class A Common Stock,Recreational Games/Products/Toys,93,1.2200000286102295,-98.47309135755764,2,11,A
TRUP,Trupanion Inc. Common Stock,Medical Specialities,30,27.3700008392334,-46.50117099127027,27,99,B
TRV,The Travelers Companies Inc. Common Stock,Property-Casualty Insurers,36,341.510009765625,-0.6458560933719104,74,94,B-
TRVG,trivago N.V. American Depositary Shares,EDP Services,125,5.309999942779541,-2.9250430264916583,94,40,A-
TRVI,Trevi Therapeutics Inc. Common Stock,Biotechnology: Pharmaceutical Preparations,85,16.520000457763672,-15.282048934545267,92,4,B+
TRX,TRX Gold Corporation Common Stock,Precious Metals,113,0.7666000127792358,-64.83486287596449,47,11,E
TS,Tenaris S.A. American Depositary Shares,Steel/Iron Ore,46,55.849998474121094,-12.761634797477228,79,53,D-
TSAT,Telesat Corporation Class A Common Shares and Class B Variable Voting Shares,Metal Fabrications,45,37.70000076293945,-35.56656666478681,62,20,E
TSBK,Timberland Bancorp Inc. Common Stock,Banks,25,43.66999816894531,-3.810579953279203,74,93,B
TSCO,Tractor Supply Company Common Stock,RETAIL: Building Materials,112,30.239999771118164,-50.908913741208515,13,45,E+
TSEM,Tower Semiconductor Ltd. Ordinary Shares,Semiconductors,2,229.67999267578125,-27.511444452759683,98,72,C-
TSHA,Taysha Gene Therapies Inc. Common Stock,Biotechnology: Biological Products (No Diagnostic Substances),65,5.380000114440918,-22.922634674218088,82,,E
TSLA,Tesla Inc. Common Stock,Auto Manufacturing,138,394.760009765625,-19.4169988913799,55,45,D+
TSLX,Sixth Street Specialty Lending Inc. Common Stock,Investment Managers,73,17.059999465942383,-25.27961396881917,31,,E+
TSM,Taiwan Semiconductor Manufacturing Company Ltd.,Semiconductors,2,421.5799865722656,-11.723939923627135,84,97,D
TSN,Tyson Foods Inc. Common Stock,Meat/Poultry/Fish,80,57.91999816894531,-15.042662254494099,46,84,D-
TSQ,Townsquare Media Inc. Class A Common Stock,Broadcasting,97,6.75,-16.26185490853137,64,63,B-
TSSI,TSS Inc. Common Stock,Professional Services,104,11.210000038146973,-61.68831185762653,27,58,C-
TT,Trane Technologies plc,Auto Parts:O.E.M.,59,479.8999938964844,-4.679616644512641,61,56,D+
TTAM,Titan America SA Common Shares,Mining & Quarrying of Nonmetallic Minerals (No Fuels),79,16.959999084472656,-12.215324263094063,58,75,C
TTAN,ServiceTitan Inc. Class A Common Stock,Computer Software: Prepackaged Software,117,80.3499984741211,-32.828961186078075,51,20,A
TTC,Toro Company (The) Common Stock,Tools/Hardware,,93.3499984741211,-7.469078645268357,59,49,D+
TTD,The Trade Desk Inc. Class A Common Stock,Computer Software: Programming Data Processing,111,19.790000915527344,-77.95231679530077,14,56,D+
TTE,TotalEnergies SE Ordinary Shares,Oil & Gas Production,35,81.20999908447266,-13.237179050888637,67,70,E+
TTEC,TTEC Holdings Inc. Common Stock,Professional Services,104,2.3499999046325684,-56.880734185760716,21,53,D
TTEK,Tetra Tech Inc. Common Stock,Military/Government/Technical,101,31.170000076293945,-26.53485513813665,38,91,D+
TTGT,TechTarget Inc. Common Stock,Telecommunications Equipment,73,3.7899999618530273,-56.43678109260606,23,,D-
TTI,Tetra Technologies Inc. Common Stock,Oil & Gas Production,35,9.180000305175781,-25.48700866419331,88,58,C-
TTMI,TTM Technologies Inc. Common Stock,Electrical Products,4,136.33999633789062,-38.43861670365788,96,86,E-
TTRX,Turn Therapeutics Inc. Common Stock,Biotechnology: Pharmaceutical Preparations,85,9.470000267028809,-2.4716763148845966,96,,A
TTWO,Take-Two Interactive Software Inc. Common Stock,Services-Misc. Amusement & Recreation,89,244.09500122070312,-6.936980720370267,57,20,B-
TU,Telus Corporation Ordinary Shares,Telecommunications Equipment,73,10.539999961853027,-33.538792762337366,25,36,E
TULP,Bloomia Holdings Inc. Common Stock,Farming/Seeds/Milling,101,3.640000104904175,-37.56431985353657,31,20,E+
TURB,Turbo Energy S.A. American Depositary Shares,Industrial Machinery/Components,68,1.6100000143051147,-87.01612851746246,25,,A
TUSK,Mammoth Energy Services Inc. Common Stock,Oilfield Services/Equipment,10,2.9100000858306885,-24.2187460709828,77,99,A-
TUYA,Tuya Inc. American Depositary Shares each representing one Class A Ordinary Share,Computer Software: Prepackaged Software,117,1.809999942779541,-33.91448366057678,22,52,B+
TV,Grupo Televisa S.A.B. Common Stock,Broadcasting,97,2.7100000381469727,-21.22093043403408,48,55,D-
TVA,Texas Ventures Acquisition III Corp Class A Ordinary Share,,,10.550000190734863,-9.442055483381917,44,,C-
TVACU,Texas Ventures Acquisition III Corp Unit,Blank Checks,73,10.930000305175781,-12.55999755859375,45,,B-
TVC,Tennessee Valley Authority Common Stock,Electric Utilities: Central,59,23.91010093688965,-1.8657269951274147,45,,D-
TVE,Tennessee Valley Authority,Electric Utilities: Central,59,23.650100708007812,-3.6547583203345835,44,,D+
TVGN,Tevogen Bio Holdings Inc. Common Stock,Biotechnology: Biological Products (No Diagnostic Substances),65,5.0,-92.06349206349206,7,,E-
TVRD,Tvardi Therapeutics Inc. Common Stock,Biotechnology: Pharmaceutical Preparations,85,3.309999942779541,-92.2987436527848,16,20,A+
TVTX,Travere Therapeutics Inc. Common Stock,Biotechnology: Pharmaceutical Preparations,85,56.290000915527344,-4.6417040833999,97,96,B
TW,Tradeweb Markets Inc. Class A Common Stock,Investment Bankers/Brokers/Service,77,99.68000030517578,-31.466878932446505,29,85,D
TWAV,TaoWeave Inc. Common Stock,Computer Software: Programming Data Processing,111,1.2799999713897705,-75.93985093819948,13,63,A+
TWFG,TWFG Inc. Class A Common Stock,Specialty Insurers,91,26.1200008392334,-21.230395176639693,61,90,B
TWG,Top Wealth Group Holding Limited Class A Ordinary Shares,Packaged Foods,120,2.200000047683716,-90.00454327666547,8,,D
TWI,Titan International Inc. (DE) Common Stock,Steel/Iron Ore,46,7.349999904632568,-35.52631446859509,29,20,D-
TWIN,Twin Disc Incorporated Common Stock,Industrial Machinery/Components,68,22.09000015258789,-8.681274638721447,90,81,A
TWLO,Twilio Inc. Class A Common Stock,Computer Software: Prepackaged Software,117,218.24000549316406,-7.775521443518585,94,96,B
TWLV,Twelve Seas Investment Company III Class A Ordinary Shares,Blank Checks,73,9.989999771118164,-3.7572286996430337,47,,D+
TWO,Two Harbors Investment Corp,Real Estate Investment Trusts,46,12.079999923706055,-9.170329036393465,73,63,C+
TWST,Twist Bioscience Corporation Common Stock,Biotechnology: Biological Products (No Diagnostic Substances),65,90.3499984741211,-12.17923708574029,97,4,A-
TX,Ternium S.A. Ternium S.A. American Depositary Shares (each representing ten shares USD1.00 par value),Steel/Iron Ore,46,44.83000183105469,-12.509757293989043,72,75,B
TXG,10x Genomics Inc. Class A Common Stock,Biotechnology: Laboratory Analytical Instruments,59,41.77000045776367,-3.0858423745792063,98,96,A-
TXMD,TherapeuticsMD Inc. Common Stock,Biotechnology: Pharmaceutical Preparations,85,1.9700000286102295,-28.880864903424985,78,34,C
TXN,Texas Instruments Incorporated Common Stock,Semiconductors,2,298.57000732421875,-10.145055850162255,89,67,D-
TXNM,TXNM Energy Inc. Common Stock,Electric Utilities: Central,59,57.09000015258789,-4.018156368598014,45,67,D-
TXRH,Texas Roadhouse Inc. Common Stock,Restaurants,101,192.02999877929688,-2.3195470998209955,64,62,B-
TXT,Textron Inc. Common Stock,Aerospace,93,89.41999816894531,-11.22494039351265,46,58,D
TY,Tri Continental Corporation Common Stock,Finance Companies,53,35.40999984741211,-0.25352155658561193,61,,C-
TYG,Tortoise Energy Infrastructure Corporation Common Stock,Investment Managers,73,43.400001525878906,-11.706864041352393,51,,D-
TYGO,Tigo Energy Inc. Common Stock,Semiconductors,2,1.8799999952316284,-63.56589048787467,30,20,E-
TYL,Tyler Technologies Inc. Common Stock,Computer Software: Prepackaged Software,117,314.2200012207031,-48.6367209028446,22,83,C-
TYRA,Tyra Biosciences Inc. Common Stock,Biotechnology: Pharmaceutical Preparations,85,32.66999816894531,-17.52083396735058,93,4,C-
TZOO,Travelzoo Common Stock,Advertising,109,11.09000015258789,-19.051092649739577,87,43,A
U,Unity Software Inc. Common Stock,Computer Software: Prepackaged Software,117,30.68000030517578,-37.98261664013008,57,20,B-
UA,Under Armour Inc. Class C Common Stock,Apparel,40,6.610000133514404,-16.116750792923295,65,20,B
UAA,Under Armour Inc. Class A Common Stock,Apparel,40,6.75,-17.07617057366554,63,20,B-
UAL,United Airlines Holdings Inc. Common Stock,Air Freight/Delivery Services,18,121.16000366210938,-10.98376084138023,74,67,B
UAMY,United States Antimony Corporation Common Stock,Metal Fabrications,45,5.96999979019165,-65.8271320844985,49,,E
UAVS,AgEagle Aerial Systems Inc. Common Stock,Aerospace,93,0.7609999775886536,-74.46308816382972,13,,B+
UBCP,United Bancorp Inc. Common Stock,Major Banks,21,15.3100004196167,-8.90702725043978,55,47,C+
UBER,Uber Technologies Inc. Common Stock,Business Services,80,74.26000213623047,-25.814182549234555,33,44,B-
UBS,UBS Group AG Registered Ordinary Shares,Major Banks,21,51.93000030517578,-0.42186234758584407,80,79,C+
UBSI,United Bankshares Inc. Common Stock,Major Banks,21,46.150001525878906,-1.6829934468310048,67,77,C-
UBXG,U-BX Technology Ltd. Class A Ordinary Shares,Computer Software: Programming Data Processing,111,6.300000190734863,-93.53846134283603,2,,A+
UCAR,U Power Limited Class A Ordinary Shares,Auto Parts:O.E.M.,59,1.3300000429153442,-96.68329153734588,4,,A
UCB,United Community Banks Inc. Common Stock,Major Banks,21,35.540000915527344,-1.414697177049895,59,59,C
UCL,uCloudlink Group Inc. American Depositary Shares,Telecommunications Equipment,73,0.9599000215530396,-75.88190912178696,13,40,E-
UCTT,Ultra Clean Holdings Inc. Common Stock,Semiconductors,2,98.25,-31.096148030482908,98,42,C+
UDR,UDR Inc. Common Stock,Real Estate Investment Trusts,46,40.18000030517578,-2.570323302980093,62,94,D
UE,Urban Edge Properties Common Shares of Beneficial Interest,Real Estate,89,22.809999465942383,-3.795865260575526,68,92,C-
UEC,Uranium Energy Corp. Common Stock,Other Metals and Minerals,135,10.069999694824219,-50.0,34,11,E
UEIC,Universal Electronics Inc. Common Stock,Consumer Electronics/Appliances,122,4.75,-30.656933341157643,53,30,C
UFCS,United Fire Group Inc. Common Stock,Property-Casualty Insurers,36,52.45000076293945,-2.744297299946963,90,82,B+
UFG,Uni-Fuels Holdings Limited Class A Ordinary Shares,Oil Refining/Marketing,133,0.7490000128746033,-92.23834152867377,17,,B+
UFI,Unifi Inc. New Common Stock,Textiles,33,6.010000228881836,0.0,88,20,A
UFPI,UFP Industries Inc. Common Stock,Forest Products,80,84.55000305175781,-26.288194538210796,31,45,D
UFPT,UFP Technologies Inc. Common Stock,Medical/Dental Instruments,113,237.25,-12.89102189745035,58,57,C
UG,United-Guardian Inc. Common Stock,Package Goods/Cosmetics,80,7.25,-19.436889399117174,55,,C-
UGI,UGI Corporation Common Stock,Natural Gas Distribution,25,36.310001373291016,-8.74384124286598,50,37,D
UGP,Ultrapar Participacoes S.A. (New) American Depositary Shares (Each representing one Common Share),Oil/Gas Transmission,51,6.0,-1.8003294780802759,85,94,B
UHAL,U-Haul Holding Company Common Stock,Rental/Leasing Companies,130,68.11000061035156,0.0,76,28,B+
UHS,Universal Health Services Inc. Common Stock,Hospital/Nursing Management,66,152.77000427246094,-37.23679890801853,24,75,D-
UHT,Universal Health Realty Income Trust Common Stock,Real Estate Investment Trusts,46,43.11000061035156,-5.914445880668073,60,47,D-
UI,Ubiquiti Inc. Common Stock,Radio And Television Broadcasting And Communications Equipment,10,540.6699829101562,-50.08161441345593,30,79,E
UIS,Unisys Corporation New Common Stock,EDP Services,125,4.139999866485596,-13.389127933708068,89,20,A-
UK,Ucommune International Ltd Class A Ordinary Shares,Business Services,80,2.140000104904175,-83.53846073150635,4,,E-
UL,Unilever PLC American Depositary Shares (each representing One Ordinary Share),Package Goods/Cosmetics,80,61.47999954223633,-16.150092285498385,45,,C-
ULBI,Ultralife Corporation Common Stock,Industrial Machinery/Components,68,5.659999847412109,-38.006574189854724,25,20,B-
ULCC,Frontier Group Holdings Inc. Common Stock,Air Freight/Delivery Services,18,6.570000171661377,-18.486354471259205,90,20,B+
ULH,Universal Logistics Holdings Inc. Common Stock,Trucking Freight/Courier Services,5,14.880000114440918,-49.40204314060714,19,20,E+
ULS,UL Solutions Inc. Class A Common Stock,Precision Instruments,38,87.52999877929688,-16.42897086935641,60,71,E+
ULTA,Ulta Beauty Inc. Common Stock,Other Specialty Stores,113,473.3299865722656,-33.033872602993696,31,58,E+
UMAC,Unusual Machines Inc. Common Stock,Radio And Television Broadcasting And Communications Equipment,10,17.219999313354492,-48.473966915546576,83,,A-
UMBF,UMB Financial Corporation Common Stock,Major Banks,21,144.2899932861328,-1.1780023871054923,74,84,C+
UMC,United Microelectronics Corporation (NEW) Common Stock,Semiconductors,2,23.459999084472656,-14.770656505497382,98,85,B+
UMH,UMH Properties Inc. Common Stock,Real Estate Investment Trusts,46,15.40999984741211,-4.8395419499013155,47,35,C
UNB,Union Bankshares Inc. Common Stock,Major Banks,21,24.170000076293945,-10.914248703807218,43,55,E-
UNCY,Unicycive Therapeutics Inc. Common Stock,Biotechnology: Pharmaceutical Preparations,85,5.090000152587891,-40.53738430989689,31,,E-
UNF,Unifirst Corporation Common Stock,Other Consumer Services,125,272.92999267578125,-0.9867590353455857,83,45,D+
UNFI,United Natural Foods Inc. Common Stock,Food Distributors,19,48.97999954223633,-11.779540456781135,84,63,E
UNH,UnitedHealth Group Incorporated Common Stock (DE),Medical Specialities,30,429.0899963378906,-0.5999806295947319,83,44,B
UNIT,Uniti Group Inc. Common Stock,Real Estate Investment Trusts,46,11.039999961853027,-13.411765005074294,84,4,D-
UNM,Unum Group Common Stock,Accident &Health Insurance,13,89.41000366210938,-3.5802863955962327,66,60,D
UNP,Union Pacific Corporation Common Stock,Railroads,28,289.1300048828125,0.0,74,51,C
UNTY,Unity Bancorp Inc. Common Stock,Major Banks,21,57.349998474121094,-3.6782035736165453,57,74,C+
UONE,Urban One Inc. Class A Common Stock,Broadcasting,97,4.78000020980835,-74.16216102806297,12,20,A
UONEK,Urban One Inc. Class D Common Stock,Broadcasting,97,4.440000057220459,-59.26605309533821,19,4,A-
UP,Wheels Up Experience Inc. Class A Common Stock,Transportation Services,104,7.059999942779541,-89.30303038972797,8,20,B+
UPB,Upstream Bio Inc. Common Stock,Biotechnology: Pharmaceutical Preparations,85,7.28000020980835,-77.6687099676172,10,20,C-
UPBD,Upbound Group Inc. Common Stock,Diversified Commercial Services,97,21.149999618530273,-16.151232034282692,57,88,B+
UPC,Universe Pharmaceuticals Inc. Class A Ordinary Shares,Biotechnology: Pharmaceutical Preparations,85,4.449999809265137,-63.4646987046942,62,,A+
UPLD,Upland Software Inc. Common Stock,Computer Software: Prepackaged Software,117,5.0,-83.10810832580219,8,38,E
UPS,United Parcel Service Inc. Common Stock,Trucking Freight/Courier Services,5,112.88999938964844,-3.0051538630308627,69,37,D+
UPST,Upstart Holdings Inc. Common stock,Finance: Consumer Services,119,31.459999084472656,-62.60549136866336,23,40,C-
UPWK,Upwork Inc. Common Stock,EDP Services,125,9.119999885559082,-58.75169772139564,16,65,D-
UPXI,Upexi Inc. Common Stock,Medicinal Chemicals and Botanical Products,135,0.7577000260353088,-91.14319112791966,6,11,E
URBN,Urban Outfitters Inc. Common Stock,Clothing/Shoe/Accessory Stores,87,69.8499984741211,-15.538088208350565,41,72,C
URG,Ur Energy Inc Common Shares (Canada),Precious Metals,113,1.2799999713897705,-39.047617641976565,30,4,D
URGN,UroGen Pharma Ltd. Ordinary Shares,Biotechnology: Pharmaceutical Preparations,85,39.5099983215332,-1.78971222693457,96,4,A-
URI,United Rentals Inc. Common Stock,Diversified Commercial Services,97,1085.3399658203125,-4.753801500739274,80,76,B-
UROY,Uranium Royalty Corp. Common Stock,Investment Bankers/Brokers/Service,77,2.6500000953674316,-51.46520005763966,23,65,E
USAR,USA Rare Earth Inc. Class A Common Stock,Metal Mining,97,17.209999084472656,-55.506724538030106,56,20,D-
USAS,Americas Gold and Silver Corporation Common Shares no par value,Metal Mining,97,4.039999961853027,-59.720836795513485,39,,E
USAU,U.S. Gold Corp. Common Stock,Metal Mining,97,14.789999961853027,-34.557523397301814,38,11,D+
USB,U.S. Bancorp Common Stock,Major Banks,21,62.34000015258789,-0.8745416479540857,74,60,C
USBC,USBC Inc. Common Stock,Industrial Machinery/Components,68,0.32100000977516174,-90.36035984595725,13,11,A
USCB,USCB Financial Holdings Inc. Class A Common Stock,Major Banks,21,20.15999984741211,-3.0303080344970423,60,,B
USEA,United Maritime Corporation Common Stock,Marine Transportation,9,2.640000104904175,-1.492535852860155,92,20,B+
USFD,US Foods Holding Corp. Common Stock,Food Distributors,19,101.30999755859375,-2.8574200122477023,75,67,C
USGO,U.S. GoldMining Inc. Common stock,Precious Metals,113,7.670000076293945,-51.54769353594364,19,,E
USIO,Usio Inc. Common Stock,Investment Bankers/Brokers/Service,77,2.240000009536743,-12.156860728485642,93,20,A+
USLM,United States Lime & Minerals Inc. Common Stock,Mining & Quarrying of Nonmetallic Minerals (No Fuels),79,103.33000183105469,-25.86506368403122,27,56,C-
USNA,USANA Health Sciences Inc. Common Stock,Medicinal Chemicals and Botanical Products,135,22.030000686645508,-37.821054200139926,46,34,B+
USPH,U.S. Physical Therapy Inc. Common Stock,Medical/Nursing Services,25,71.58999633789062,-21.63513666434359,34,31,C+
UTHR,United Therapeutics Corporation Common Stock,Biotechnology: Pharmaceutical Preparations,85,535.5700073242188,-10.253703572636908,71,83,D-
UTI,Universal Technical Institute Inc Common Stock,Other Consumer Services,125,48.04999923706055,-6.152346638555128,89,47,B+
UTL,UNITIL Corporation Common Stock,Power Generation,51,53.970001220703125,-1.075015293682402,55,,C
UTMD,Utah Medical Products Inc. Common Stock,Medical/Dental Instruments,113,70.01000213623047,-5.353520371937359,65,44,A
UTSI,UTStarcom Holdings Corp. Ordinary Shares,Telecommunications Equipment,73,2.5399999618530273,-22.79635284790633,52,,E-
UTZ,Utz Brands Inc Class A Common Stock,Packaged Foods,120,7.659999847412109,-45.62100045245355,26,40,B-
UUU,Universal Safety Products Inc. Common Stock,Electronic Components,6,4.050000190734863,-45.855612561395176,33,,E
UUUU,Energy Fuels Inc Ordinary Shares (Canada),Mining & Quarrying of Nonmetallic Minerals (No Fuels),79,13.050000190734863,-52.92207606784519,41,,E+
UVE,UNIVERSAL INSURANCE HOLDINGS INC Common Stock,Property-Casualty Insurers,36,42.810001373291016,-0.4650010603280075,86,89,B+
UVSP,Univest Financial Corporation Common Stock,Major Banks,21,43.68000030517578,-3.255816547116963,81,68,C+
UVV,Universal Corporation Common Stock,Farming/Seeds/Milling,101,50.97999954223633,-11.879495791526029,40,30,E+
UWMC,UWM Holdings Corporation Class A Common Stock,Finance: Consumer Services,119,2.0,-67.75060057654117,9,82,E
UXIN,Uxin Limited ADS,Business Services,80,1.7300000190734863,-66.34241120600748,10,9,A
UZX,Linkage Global Inc. Class A Ordinary Shares,Catalog/Specialty Distribution,59,0.25699999928474426,-90.72202162258563,2,,A+
V,Visa Inc.,Business Services,80,357.75,-1.2095117288692725,57,78,B-
VABK,Virginia National Bankshares Corporation Common Stock,Major Banks,21,45.290000915527344,-0.962166260908448,67,54,C+
VAC,Marriott Vacations Worldwide Corporation Common Stock,Real Estate,89,97.6500015258789,-5.230977622047172,87,75,B
VAL,Valaris Limited Common Shares,Oil & Gas Production,35,79.56999969482422,-29.84482368241592,77,38,E
VALE,VALE S.A.  American Depositary Shares Each Representing one common share,Metal Mining,97,14.180000305175781,-20.426484017873847,61,73,E+
VALN,Valneva SE American Depositary Shares,Biotechnology: Biological Products (No Diagnostic Substances),65,5.260000228881836,-56.88524335150239,19,,E+
VALU,Value Line Inc. Common Stock,Investment Managers,73,39.95000076293945,-1.9631883118050197,59,37,A-
VANI,Vivani Medical Inc. Common Stock (DE),Biotechnology: Electromedical & Electrotherapeutic Apparatus,68,1.4199999570846558,-24.064173611563987,71,20,A+
VATE,INNOVATE Corp. Common Stock,Metal Fabrications,45,9.5600004196167,-52.34296772615797,91,32,E
VBIO,Valion Bio Inc. Common Stock,Biotechnology: Electromedical & Electrotherapeutic Apparatus,68,0.5080000162124634,-88.40182641690852,5,,E-
VBNK,VersaBank Common Shares,Commercial Banks,8,21.75,-8.23010364374307,90,87,A
VC,Visteon Corporation Common Stock,Auto Parts:O.E.M.,59,103.54000091552734,-18.791121090685813,47,52,E
VCEL,Vericel Corporation Common Stock,Biotechnology: Biological Products (No Diagnostic Substances),65,47.4900016784668,-1.6973704647368693,81,44,A-
VCIG,VCI Global Limited Ordinary Share,Diversified Commercial Services,97,2.119999885559082,-99.90652557823813,22,,A+
VCTR,Victory Capital Holdings Inc. Class A Common Stock,Investment Managers,73,91.9800033569336,-0.2818674250404163,85,71,C+
VCYT,Veracyte Inc. Common Stock,Medical Specialities,30,57.47999954223633,-4.976032489187332,94,88,A-
VECO,Veeco Instruments Inc. Common Stock,Industrial Machinery/Components,68,55.7599983215332,-32.85164052652745,94,46,C-
VEEA,Veea Inc. Common Stock,Blank Checks,73,0.20010000467300415,-89.1249999433108,4,,E
VEEE,Twin Vee PowerCats Co. Common Stock,Marine Transportation,9,24.860000610351562,-76.34183462394593,75,,A+
VEEV,Veeva Systems Inc. Class A Common Stock,Computer Software: Prepackaged Software,117,196.80999755859375,-35.72921534385792,39,70,B
VEL,Velocity Financial Inc. Common Stock,Finance: Consumer Services,119,17.200000762939453,-17.148359473472553,36,72,D+
VELO,Velo3D Inc. Common stock,Industrial Machinery/Components,68,12.0600004196167,-60.60111016287174,85,20,B-
VENU,Venu Holding Corporation Common Stock,Services-Misc. Amusement & Recreation,89,2.6500000953674316,-85.35911580377409,7,,E-
VEON,VEON Ltd. ADS,Telecommunications Equipment,73,52.04999923706055,-17.01212017853172,52,70,C+
VERA,Vera Therapeutics Inc. Class A Common Stock,Biotechnology: Pharmaceutical Preparations,85,41.5,-25.453563202827333,66,,B+
VERI,Veritone Inc. Common Stock,EDP Services,125,1.100000023841858,-86.88915400680166,8,20,E
VERU,Veru Inc. Common Stock,Biotechnology: Pharmaceutical Preparations,85,2.559999942779541,-58.032787167170596,29,11,A+
VERX,Vertex Inc. Class A Common Stock,Computer Software: Prepackaged Software,117,12.979999542236328,-64.15354910129692,23,40,B+
VET,Vermilion Energy Inc. Common (Canada),Oil & Gas Production,35,9.760000228881836,-31.722241588372746,53,4,E
VFC,V.F. Corporation Common Stock,Garments and Clothing,72,16.8799991607666,-21.25388815323155,53,90,D
VFF,Village Farms International Inc. Common Shares,,,2.0199999809265137,-51.67463962003607,27,99,E+
VFS,VinFast Auto Ltd. Ordinary Shares,Auto Manufacturing,138,3.069999933242798,-35.504206184377296,27,20,D
VG,Venture Global Inc. Class A common stock,Oil/Gas Transmission,51,13.359999656677246,-24.773630460392216,64,69,C+
VGAS,Verde Clean Fuels Inc. Class A Common Stock,Major Chemicals,59,1.100000023841858,-69.44444297272479,10,20,E-
VGNT,Versigent PLC Ordinary Shares,,,40.630001068115234,-19.015342732731522,82,,D+
VGZ,Vista Gold Corp Common Stock,Precious Metals,113,1.659999966621399,-45.573770735283695,41,4,A-
VHC,VirnetX Holding Corp Common Stock,Multi-Sector Companies,93,10.460000038146973,-57.89049929994777,15,,E-
VHCP,Vine Hill Capital Investment Corp. II Class A Ordinary Shares,,,10.0,-0.3984059960658093,46,,D
VHI,Valhi Inc. Common Stock,Major Chemicals,59,14.079999923706055,-20.112922314261372,39,30,B
VHUB,VenHub Global Inc. Common Stock,Industrial Machinery/Components,68,1.0299999713897705,-87.25247548124555,23,,B
VIA,Via Transportation Inc. Class A Common Stock,Computer Software: Prepackaged Software,117,18.309999465942383,-66.04858267693143,24,,A
VIAV,Viavi Solutions Inc. Common Stock,Semiconductors,2,40.91999816894531,-26.043743331346814,97,85,E-
VICI,VICI Properties Inc. Common Stock,Real Estate Investment Trusts,46,26.399999618530273,-17.155502485418182,36,88,D-
VICR,Vicor Corporation Common Stock,Industrial Machinery/Components,68,252.16000366210938,-33.60366410221404,99,95,D-
VIK,Viking Holdings Ltd Ordinary Shares,Marine Transportation,9,98.19000244140625,-6.441157411533549,88,50,B-
VINP,Vinci Compass Investments Ltd. Class A Common Shares,Investment Managers,73,9.789999961853027,-24.416076962553202,37,76,E+
VIOT,Viomi Technology Co. Ltd American Depositary Shares,Consumer Electronics/Appliances,122,0.8392000198364258,-76.41629310353491,12,,B
VIPS,Vipshop Holdings Limited American Depositary Shares each representing two ordinary shares,Catalog/Specialty Distribution,59,13.920000076293945,-29.893336000005377,30,70,D+
VIR,Vir Biotechnology Inc. Common Stock,Biotechnology: Biological Products (No Diagnostic Substances),65,9.720000267028809,-12.353470394131493,85,4,C
VIRC,Virco Manufacturing Corporation Common Stock,Industrial Specialties,88,6.159999847412109,-29.092429404778365,40,29,E-
VIRT,Virtu Financial Inc. Class A Common Stock,Investment Bankers/Brokers/Service,77,64.66999816894531,-3.2176018193628364,92,87,B
VISN,Vistance Networks Inc. Common Stock,Radio And Television Broadcasting And Communications Equipment,10,12.130000114440918,-5.822981314721476,94,49,C
VIST,Vista Energy S.A.B. de C.V. American Depositary Shares each representing one series A share with no par value,Oil & Gas Production,35,65.47000122070312,-17.38801107797713,82,89,D+
VITL,Vital Farms Inc. Common Stock,Packaged Foods,120,12.779999732971191,-75.61534102236361,13,37,E+
VIV,Telefonica Brasil S.A. American Depositary Shares (Each representing One Common Share),Telecommunications Equipment,73,13.550000190734863,-17.310881342244787,52,70,D
VIVK,Vivakor Inc. Common Stock,,,0.3070000112056732,-99.86077280055665,1,,E-
VIVO,VivoPower PLC Class A Ordinary Shares,Power Generation,51,4.550000190734863,-33.77001067643274,89,,A-
VIVS,VivoSim Labs Inc. Common Stock,Biotechnology: Biological Products (No Diagnostic Substances),65,0.808899998664856,-83.07740662845518,7,,A
VKI,Invesco Advantage Municipal Income Trust II Common Shares of Beneficial Interest (DE),Finance Companies,53,9.449999809265137,-0.9433978296411794,61,,C-
VKTX,Viking Therapeutics Inc. Common Stock,Biotechnology: Pharmaceutical Preparations,85,38.119998931884766,-9.518162911382678,68,20,B+
VLGEA,Village Super Market Inc. Class A Common Stock,Food Chains,50,43.40999984741211,-7.428545257727437,69,56,D-
VLN,Valens Semiconductor Ltd. Ordinary Shares,Semiconductors,2,1.9700000286102295,-44.192633298106365,71,20,B+
VLO,Valero Energy Corporation Common Stock,Integrated oil Companies,6,295.7900085449219,0.0,91,82,B-
VLRS,Controladora Vuela Compania de Aviacion S.A.B. de C.V. American Depositary Shares each representing ten (10) Ordinary Participation Certificates,Air Freight/Delivery Services,18,7.880000114440918,-25.870178460902448,64,20,D-
VLTO,Veralto Corp Common Stock,Electrical Products,4,92.91000366210938,-14.892698085761857,40,57,C+
VLY,Valley National Bancorp Common Stock,Major Banks,21,14.550000190734863,-2.1519818243911693,79,72,C
VMAR,Vision Marine Technologies Inc. Common Shares,Marine Transportation,9,1.409999966621399,-99.94738806094696,1,11,A-
VMC,Vulcan Materials Company (Holding Company) Common Stock,Mining & Quarrying of Nonmetallic Minerals (No Fuels),79,292.7799987792969,-11.033727528720782,46,79,C-
VMD,Viemed Healthcare Inc. Common Shares,Misc Health and Biotechnology Services,13,12.329999923706055,0.0,91,60,B
VMET,Versamet Royalties Corporation Common Stock,,,9.199999809265137,-32.00295646092511,30,,E-
VMI,Valmont Industries Inc. Common Stock,Metal Fabrications,45,539.7899780273438,-7.376710349637272,83,91,C
VNCE,Vince Holding Corp. Common Stock,Clothing/Shoe/Accessory Stores,87,6.440000057220459,-18.170264919095825,98,40,A
VNDA,Vanda Pharmaceuticals Inc. Common Stock,Biotechnology: Pharmaceutical Preparations,85,6.0,-37.23849647863755,39,20,D-
VNET,VNET Group Inc. American Depositary Shares,Computer Software: Programming Data Processing,111,7.71999979019165,-44.9750539050313,33,20,C
VNO,Vornado Realty Trust Common Stock,Real Estate Investment Trusts,46,38.310001373291016,-8.873022033198385,70,34,B-
VNOM,Viper Energy Inc. Class A Common Stock,Oil & Gas Production,35,43.209999084472656,-13.98184688959171,61,39,D-
VNRX,VolitionRX Limited Common Stock,Biotechnology: In Vitro & In Vivo Diagnostic Substances,97,1.2999999523162842,-91.66666717610806,3,,E-
VNT,Vontier Corporation Common Stock,Industrial Machinery/Components,68,29.34000015258789,-32.687172737066795,22,71,E+
VNTG,Vantage Corp Class A Ordinary Shares,Integrated Freight & Logistics,141,0.6841999888420105,-91.05620940767912,11,,A+
VOD,Vodafone Group Plc American Depositary Shares,Telecommunications Equipment,73,15.470000267028809,-3.436946055435497,73,,A-
VOR,Vor Biopharma Inc. Common Stock,Biotechnology: Biological Products (No Diagnostic Substances),65,18.030000686645508,-63.939998626708984,37,33,A
VOXR,Vox Royalty Corp. Common Stock,Precious Metals,113,4.480000019073486,-29.887239633297657,47,96,E+
VOYA,Voya Financial Inc. Common Stock,Life Insurance,21,98.95999908447266,0.0,84,72,B-
VOYG,Voyager Technologies Inc. Class A Common Stock,Military/Government/Technical,101,29.65999984741211,-42.70813292418243,33,20,D+
VPG,Vishay Precision Group Inc. Common Stock,Electrical Products,4,105.66999816894531,-29.51104290069868,98,76,B-
VRA,Vera Bradley Inc. Common Stock,Apparel,40,3.799999952316284,-10.798127977713568,81,20,A+
VRAX,Virax Biolabs Group Limited Ordinary Shares,Biotechnology: In Vitro & In Vivo Diagnostic Substances,97,4.070000171661377,-85.33333271473379,24,,A+
VRCA,Verrica Pharmaceuticals Inc. Common Stock,Biotechnology: Pharmaceutical Preparations,85,5.920000076293945,-34.945056833746904,47,20,B+
VRDN,Viridian Therapeutics Inc. Common Stock,Medical Specialities,30,18.989999771118164,-43.78330237608896,50,20,A-
VREX,Varex Imaging Corporation Common Stock,Industrial Machinery/Components,68,10.800000190734863,-24.791083224622646,43,20,D
VRM,Vroom Inc. Common Stock,Retail-Auto Dealers and Gas Stations,117,7.239999771118164,-75.80213986411543,5,20,A+
VRME,VerifyMe Inc. Common Stock,EDP Services,125,0.6510000228881836,-54.47552120512427,20,20,E
VRNS,Varonis Systems Inc. Common Stock,Computer Software: Prepackaged Software,117,45.380001068115234,-28.320960221523585,88,20,A
VRRM,Verra Mobility Corporation Class A Common Stock,Transportation Services,104,4.519999980926514,-82.3022716566211,3,51,C
VRSK,Verisk Analytics Inc. Common Stock,Diversified Commercial Services,97,193.72500610351562,-36.036562448674424,37,51,C
VRSN,VeriSign Inc. Common Stock,EDP Services,125,270.30999755859375,-12.803226594002016,50,61,D-
VRT,Vertiv Holdings LLC Class A Common Stock,Industrial Machinery/Components,68,305.8699951171875,-18.68441164587278,93,95,E
VRTS,Virtus Investment Partners Inc. Common Stock,Investment Managers,73,157.17999267578125,-22.18922157027491,44,42,B
VRTX,Vertex Pharmaceuticals Incorporated Common Stock,Biotechnology: Pharmaceutical Preparations,85,480.25,-9.316645773794797,56,79,C+
VRXA,Veraxa Biotech AG Ordinary Shares,Biotechnology: Pharmaceutical Preparations,85,2.140000104904175,-91.36748678551369,2,,A+
VS,Versus Systems Inc. Common Stock,EDP Services,125,1.4600000381469727,-47.48201247580973,44,,A
VSA,VisionSys AI Inc. American Depositary Shares,Other Consumer Services,125,3.200000047683716,-99.84039900011553,3,9,A
VSAT,ViaSat Inc. Common Stock,Radio And Television Broadcasting And Communications Equipment,10,69.54000091552734,-22.56986660069985,97,42,E+
VSEC,VSE Corporation Common Stock,Military/Government/Technical,101,205.25,-13.764125567380336,66,90,D
VSEE,VSee Health Inc. Common Stock,Medical/Nursing Services,25,0.09799999743700027,-93.24137970936283,4,,B-
VSH,Vishay Intertechnology Inc. Common Stock,Electrical Products,4,41.939998626708984,-35.37750748744529,97,63,E+
VSME,VS Media Holdings Limited Class A Ordinary Shares,Publishing,104,1.399999976158142,-97.65100669127361,24,,A+
VSNT,Versant Media Group Inc. Class A Common Stock,Broadcasting,97,35.65999984741211,-23.279194380472056,33,,D-
VST,Vistra Corp. Common Stock,Electric Utilities: Central,59,158.1199951171875,-27.13908893556808,37,,C-
VSTD,Vestand Inc. Class A Common Stock,Restaurants,101,0.22470000386238098,-90.37687365347111,9,,B+
VSTM,Verastem Inc. Common Stock,Biotechnology: Pharmaceutical Preparations,85,5.369999885559082,-50.13927894786616,32,,A-
VSTS,Vestis Corporation Common Stock,Consumer Specialties,31,14.739999771118164,-0.6068789821369047,97,44,A-
VSXY,Victorias Secret & Co. Common Stock,Clothing/Shoe/Accessory Stores,87,78.9800033569336,-10.75705835374735,97,50,B+
VTAK,Catheter Precision Inc. Common Stock,Medical/Dental Instruments,113,0.6503999829292297,-85.73684230064312,5,,A+
VTEX,VTEX Class A Common Shares,Computer Software: Prepackaged Software,117,4.119999885559082,-39.05325819433343,38,97,A-
VTGN,Vistagen Therapeutics Inc. Common Stock,Biotechnology: Pharmaceutical Preparations,85,0.25270000100135803,-94.8428572227934,4,,E-
VTIX,Virtuix Holdings Inc. Class A Common Stock,Computer peripheral equipment,46,2.859999895095825,-88.27388287549667,4,,A-
VTMX,Corporacion Inmobiliaria Vesta S.A.B de C.V. American Depositary Shares each representing ten (10) Common Shares,Real Estate,89,33.86000061035156,-7.465037964976351,62,89,D-
VTN,Invesco Trust for Investment Grade New York Municipals Common Stock,Finance Companies,53,11.380000114440918,-2.8108690476743137,55,,D+
VTOL,Bristow Group Inc. Common Stock,Transportation Services,104,43.68000030517578,-12.400543141190013,54,55,D
VTR,Ventas Inc. Common Stock,Real Estate Investment Trusts,46,92.05999755859375,-2.136708985597091,77,78,C+
VTRS,Viatris Inc. Common Stock,Biotechnology: Pharmaceutical Preparations,85,16.389999389648438,-5.058271007112114,88,63,C
VTS,Vitesse Energy Inc. Common Stock,Oil & Gas Production,35,15.920000076293945,-34.57990256583735,26,29,E+
VTSI,VirTra Inc. Common Stock,Miscellaneous manufacturing industries,122,3.069999933242798,-57.945207492744565,14,4,E
VTVT,vTv Therapeutics Inc. Class A Common Stock,Biotechnology: Pharmaceutical Preparations,85,31.579999923706055,-26.068126393784464,65,63,D+
VUZI,Vuzix Corporation Common Stock,Radio And Television Broadcasting And Communications Equipment,10,2.299999952316284,-55.252918053305756,25,20,C+
VVOS,Vivos Therapeutics Inc. Common Stock,Medical/Dental Instruments,113,0.4196000099182129,-93.96258961965958,3,,A+
VVV,Valvoline Inc. Common Stock,Major Chemicals,59,38.54999923706055,-5.212685093021586,62,55,C
VVX,V2X Inc. Common Stock,Diversified Commercial Services,97,74.76000213623047,-17.674260383067697,76,,E+
VWAV,VisionWave Holdings Inc. Common Stock,Computer Software: Prepackaged Software,117,4.25,-70.02820938975067,17,,E-
VYGR,Voyager Therapeutics Inc. Common Stock,Biotechnology: Biological Products (No Diagnostic Substances),65,3.240000009536743,-39.21200645564162,25,20,D-
VYNE,VYNE Therapeutics Inc. Common Stock,Biotechnology: Pharmaceutical Preparations,85,0.6578999757766724,-54.938359000889015,55,20,E-
VYX,NCR Voyix Corporation Common Stock,Office Equipment/Supplies/Services,56,8.149999618530273,-44.292552598918945,35,48,B
VZ,Verizon Communications Inc. Common Stock,Telecommunications Equipment,73,42.68000030517578,-14.245910830603137,51,47,E+
VZLA,Vizsla Silver Corp. Common Shares,Precious Metals,113,3.0199999809265137,-55.97667751969334,25,11,E+
W,Wayfair Inc. Class A Common Stock,Catalog/Specialty Distribution,59,86.37000274658203,-27.45065053964587,64,20,B-
WAB,Westinghouse Air Brake Technologies Corporation Common Stock,Railroads,28,260.8599853515625,-7.643839944196429,64,69,D-
WABC,Westamerica Bancorporation Common Stock,Major Banks,21,58.619998931884766,-2.4300979605084927,69,70,C-
WAFD,WaFd Inc. Common Stock,Major Banks,21,38.09000015258789,-2.433403536529144,74,87,C+
WAFDP,WaFd Inc. Depositary Shares,Major Banks,21,16.280000686645508,-1.5688039147330302,51,,E+
WAFU,Wah Fu Education Group Limited Ordinary Shares,Other Consumer Services,125,1.5800000429153442,-23.671493049752655,40,,A
WAI,Top KingWin Ltd Class A Ordinary Shares,Business Services,80,1.8799999952316284,-84.80808084661311,16,,E-
WAL,Western Alliance Bancorporation Common Stock (DE),Major Banks,21,80.48999786376953,-15.364202793434533,45,44,D
WALD,Waldencast plc Class A Ordinary Share,Package Goods/Cosmetics,80,1.6699999570846558,-45.77922082948612,67,,B+
WASH,Washington Trust Bancorp Inc. Common Stock,Major Banks,21,35.869998931884766,-1.8336123887667033,69,46,C-
WAT,Waters Corporation Common Stock,Biotechnology: Laboratory Analytical Instruments,59,373.2200012207031,-9.531198552815557,59,32,C+
WATT,Energous Corporation Common Stock,Radio And Television Broadcasting And Communications Equipment,10,16.8799991607666,-52.221912578761135,94,,E
WAVE,Eco Wave Power Global AB (publ) American Depositary Shares,Electric Utilities: Central,59,9.279999732971191,-6.451616314521791,87,,A+
WAY,Waystar Holding Corp. Common Stock,EDP Services,125,23.030000686645508,-43.678158399592206,25,91,A-
WB,Weibo Corporation American Depositary Share,Computer Software: Programming Data Processing,111,7.670000076293945,-36.00728137379199,26,58,D-
WBD,Warner Bros. Discovery Inc. Series A Common Stock,Services-Misc. Amusement & Recreation,89,27.09000015258789,-9.639757951219973,83,4,D+
WBI,WaterBridge Infrastructure LLC Class A Shares Representing Limited Liability Company Interests,Oilfield Services/Equipment,10,34.77000045776367,0.0,87,,A
WBS,Webster Financial Corporation Common Stock,Major Banks,21,76.22000122070312,-1.7783470110224076,71,68,D+
WBTN,WEBTOON Entertainment Inc. Common stock,Publishing,104,11.75,-44.86156595743309,40,20,C
WBUY,WEBUY GLOBAL LTD. Class A Ordinary Shares,Other Specialty Stores,113,0.7990000247955322,-90.83715595954015,8,,A
WBX,Wallbox N.V. Class A Ordinary Shares,Industrial Specialties,88,4.940000057220459,-31.29346289421052,82,,E-
WCC,WESCO International Inc. Common Stock,Telecommunications Equipment,73,330.8399963378906,-11.534419676649543,81,84,C-
WCN,Waste Connections Inc. Common Shares,Environmental Services,68,171.1699981689453,-10.235189978679472,48,49,C+
WCT,Wellchange Holdings Company Limited Class A Ordinary shares,Computer Software: Prepackaged Software,117,1.0199999809265137,-95.02439033694384,3,,A+
WD,Walker & Dunlop Inc Common Stock,Finance: Consumer Services,119,48.86000061035156,-41.97192476059101,28,76,C
WDAY,Workday Inc. Class A Common Stock,EDP Services,125,144.8699951171875,-41.51156942579542,34,97,B
WDC,Western Digital Corporation Common Stock,Electronic Components,6,555.5499877929688,-25.552443303873183,99,72,D+
WDFC,WD-40 Company Common Stock,Major Chemicals,59,251.42999267578125,-5.088524706496845,73,79,A
WDS,Woodside Energy Group Limited American Depositary Shares each representing one Ordinary Share,Oil & Gas Production,35,20.530000686645508,-17.15092769263086,67,,C
WEAV,Weave Communications Inc. Common Stock,Computer Software: Prepackaged Software,117,7.28000020980835,-10.455103230844431,73,77,A-
WEC,WEC Energy Group Inc. Common Stock,Power Generation,51,115.87000274658203,-2.5073586586439323,53,52,D+
WELL,Welltower Inc. Common Stock,Real Estate Investment Trusts,46,234.5500030517578,-1.2795123250094464,80,94,C
WEN,Wendy's Company (The) Common Stock,Restaurants,101,7.5,-29.169700744255287,38,47,A
WERN,Werner Enterprises Inc. Common Stock,Trucking Freight/Courier Services,5,44.09000015258789,-1.5408634334934224,86,43,B
WEST,Westrock Coffee Company Common Stock,Beverages (Production/Distribution),93,7.429999828338623,-23.638230443010656,89,,C
WETH,Wetouch Technology Inc. Common Stock,Computer peripheral equipment,46,1.2699999809265137,-64.02266313825177,38,,E
WETO,Wetour Robotics Limited Ordinary Shares,Other Transportation,,0.5957000255584717,-74.97058836493348,21,,D+
WEX,WEX Inc. common stock,Business Services,80,160.07000732421875,-13.44291696109401,47,89,C
WEYS,Weyco Group Inc. Common Stock,Apparel,40,38.40999984741211,-3.7102019676149456,75,43,C+
WF,Woori Financial Group Inc. American Depositary Shares (each representing three (3) shares of Common Stock),Commercial Banks,8,63.27000045776367,-25.097668351570302,51,,D-
WFC,Wells Fargo & Company Common Stock,Major Banks,21,87.66999816894531,-8.07700645640228,51,89,D+
WFCF,Where Food Comes From Inc. Common Stock,Computer Software: Prepackaged Software,117,12.770000457763672,-29.564252350336506,54,78,A-
WFF,WF Holding Limited Ordinary Shares,Miscellaneous manufacturing industries,122,2.390000104904175,-65.8571413585118,79,,A
WFG,West Fraser Timber Co. Ltd Common stock,Forest Products,80,67.05999755859375,-11.752406413568806,45,,C+
WFRD,Weatherford International plc Ordinary Shares,Oil and Gas Field Machinery,32,81.0999984741211,-27.21234984122889,51,89,E
WGO,Winnebago Industries Inc. Common Stock,Homebuilding,56,29.559999465942383,-39.335949356128495,31,43,D+
WGRX,Wellgistics Health Inc. Common Stock,Other Pharmaceuticals,139,2.9100000858306885,-96.63583805106278,3,,A+
WGS,GeneDx Holdings Corp. Class A Common Stock,Retail: Computer Software & Peripheral Equipment,40,63.849998474121094,-61.884011159142396,22,38,B
WH,Wyndham Hotels & Resorts Inc. Common Stock,Hotels/Resorts,39,77.19000244140625,-14.314690581495215,37,45,D-
WHD,Cactus Inc. Class A Common Stock,Oil and Gas Field Machinery,32,53.470001220703125,-14.569193617721155,64,33,E+
WHF,WhiteHorse Finance Inc. Common Stock,Finance Companies,53,6.429999828338623,-16.82825243004683,36,,E+
WHG,Westwood Holdings Group Inc Common Stock,Investment Managers,73,19.420000076293945,-4.523107519135849,72,95,A
WHLR,Wheeler Real Estate Investment Trust Inc. Common Stock,Real Estate Investment Trusts,46,0.36500000953674316,-99.98287349765863,1,4,A-
WHR,Whirlpool Corporation Common Stock,Consumer Electronics/Appliances,122,38.849998474121094,-62.896911257030496,11,40,E
WHWK,Whitehawk Therapeutics Inc. Common Stock,Biotechnology: Pharmaceutical Preparations,85,3.8399999141693115,-24.70588262793377,89,20,B+
WILC,G. Willi-Food International  Ltd. Ordinary Shares,Food Distributors,19,31.549999237060547,-14.49865058966533,83,,C
WIMI,WiMi Hologram Cloud Inc. Class B Ordinary Shares,Computer Software: Prepackaged Software,117,1.409999966621399,-72.51462114684446,11,,D
WINA,Winmark Corporation Common Stock,Other Specialty Stores,113,386.739990234375,-23.004637330565735,35,45,D-
WING,Wingstop Inc. Common Stock,Restaurants,101,154.05999755859375,-58.92512911774881,17,49,D+
WIT,Wipro Limited Common Stock,EDP Services,125,1.899999976158142,-37.90849635009198,21,50,E
WIX,Wix.com Ltd. Ordinary Shares,Computer Software: Programming Data Processing,111,52.40999984741211,-71.5534095284443,12,43,E+
WK,Workiva Inc. Class A Common Stock,Computer Software: Prepackaged Software,117,54.540000915527344,-41.5496706220798,26,90,B-
WKC,World Kinect Corporation Common Stock,Oil Refining/Marketing,133,35.95000076293945,0.0,87,63,B+
WKEY,WISeKey International Holding Ltd American Depositary Shares,EDP Services,125,6.559999942779541,-63.14606615756886,41,,D+
WKHS,Workhorse Group Inc. Common Stock,Auto Manufacturing,138,2.640000104904175,-95.02262432252085,12,20,B
WKSP,Worksport Ltd. Common Stock,Auto Parts:O.E.M.,59,0.7950000166893005,-81.42523416546985,10,4,A+
WLDN,Willdan Group Inc. Common Stock,Military/Government/Technical,101,71.30999755859375,-47.154293561275104,27,93,D-
WLDS,Wearable Devices Ltd. Ordinary Share,Computer Communications Equipment,15,1.440000057220459,-98.30148610762647,2,,E-
WLFC,Willis Lease Finance Corporation Common Stock,Industrial Specialties,88,216.1199951171875,-9.916221992321695,83,74,D+
WLK,Westlake Corporation Common Stock,Major Chemicals,59,76.06999969482422,-37.97965765250883,26,20,E
WLTH,Wealthfront Corporation Common Stock,Finance: Consumer Services,119,9.119999885559082,-34.623655840469084,22,31,E
WLY,John Wiley & Sons Inc. Common Stock,Books,2,49.79999923706055,-4.963524426367827,84,74,A-
WLYB,John Wiley & Sons Inc. Common Stock,Books,2,50.720001220703125,-4.827136978349089,84,74,A
WM,Waste Management Inc. Common Stock,Environmental Services,68,236.7100067138672,-3.1758974376578486,55,83,C+
WMB,Williams Companies Inc. (The) Common Stock,Natural Gas Distribution,25,74.45999908447266,-5.529159373366843,68,84,D+
WMG,Warner Music Group Corp. Class A Common Stock,Services-Misc. Amusement & Recreation,89,28.75,-16.811345898212714,42,80,C-
WMK,Weis Markets Inc. Common Stock,Food Chains,50,78.69000244140625,-4.768237859101154,63,68,C
WMS,Advanced Drainage Systems Inc. Common Stock,Containers/Packaging,56,147.6199951171875,-15.61870046282955,53,72,C+
WMT,Walmart Inc. Common Stock,Department/Specialty Retail Stores,44,114.77999877929688,-14.470937861820632,50,77,E+
WNC,Wabash National Corporation Common Stock,Construction/Ag Equipment/Trucks,37,13.029999732971191,-6.6964468022832175,84,4,A-
WNEB,Western New England Bancorp Inc. Common Stock,Savings Institutions,15,14.260000228881836,-2.7948183045660047,70,75,B+
WNW,Meiwu Technology Company Limited Ordinary Shares,Catalog/Specialty Distribution,59,3.630000114440918,-98.70542075839666,7,,A+
WOK,WORK Medical Technology Group LTD Class A Ordinary Shares,Medical/Dental Instruments,113,1.9600000381469727,-99.99978508771513,1,,A
WOLF,Wolfspeed Inc. Common Stock New,Semiconductors,2,33.650001525878906,-54.217684998804216,88,9,D+
WOOF,Petco Health and Wellness Company Inc. Class A Common Stock,Other Specialty Stores,113,2.569999933242798,-41.055049207733994,28,29,D-
WOR,Worthington Enterprises Inc. Common Shares,Steel/Iron Ore,46,53.849998474121094,-19.00708728306434,39,85,E+
WPC,W. P. Carey Inc. REIT,Real Estate Investment Trusts,46,72.52999877929688,-4.224202755929307,59,65,D
WPM,Wheaton Precious Metals Corp Common Shares (Canada),Precious Metals,113,107.83000183105469,-34.731983322856706,35,,E+
WPP,WPP plc American Depositary Shares,Advertising,109,18.860000610351562,-32.58287786653634,36,,E+
WPRT,Westport Fuel Systems Inc Common Shares,Industrial Machinery/Components,68,1.909999966621399,-52.48756279393838,30,4,A+
WRAP,Wrap Technologies Inc. Common Stock,Ordnance And Accessories,34,2.109999895095825,-31.93548516105791,65,,A+
WRB,W.R. Berkley Corporation Common Stock,Property-Casualty Insurers,36,73.83999633789062,-3.4006163848007365,57,72,C
WRBY,Warby Parker Inc. Class A Common Stock,Ophthalmic Goods,113,27.40999984741211,-9.657219151087782,71,70,B+
WRD,WeRide Inc. American Depositary Shares,EDP Services,125,5.739999771118164,-53.6348972693254,15,20,E
WRLD,World Acceptance Corporation Common Stock,Finance: Consumer Services,119,196.2899932861328,-12.303984416579183,75,32,C
WRN,Western Copper and Gold Corporation Common Stock,Metal Mining,97,2.140000104904175,-47.16049372541198,40,,E+
WS,Worthington Steel Inc. Common Shares,Steel/Iron Ore,46,32.79999923706055,-32.05368363382658,42,31,D-
WSBC,WesBanco Inc. Common Stock,Major Banks,21,39.11000061035156,-2.5902886077277087,66,86,B+
WSBF,Waterstone Financial Inc. Common Stock (MD),Savings Institutions,15,19.719999313354492,-4.793117819973835,75,38,C+
WSBK,Winchester Bancorp Inc. Common Stock,,,13.050000190734863,-1.6208077423542355,70,,C+
WSC,WillScot Holdings Corporation Class A Common Stock,Misc Corporate Leasing Services,15,26.309999465942383,-15.823599826106438,74,47,C+
WSFS,WSFS Financial Corporation Common Stock,Major Banks,21,77.79000091552734,-0.8665735881196568,79,92,C-
WSHP,WeShop Holdings Limited Class A Ordinary Shares,Other Specialty Stores,113,5.389999866485596,-97.3050000667572,9,,A+
WSM,Williams-Sonoma Inc. Common Stock (DE),Home Furnishings,42,216.64999389648438,-9.793065100461051,67,50,C+
WSO,Watsco Inc. Common Stock,Industrial Machinery/Components,68,393.7099914550781,-17.672446828069077,43,44,D+
WSO-B,Watsco Inc.,,,385.0,-15.080396994405232,50,44,A
WSR,Whitestone REIT Common Shares,Real Estate Investment Trusts,46,18.989999771118164,-0.05263278358861312,81,65,C+
WST,West Pharmaceutical Services Inc. Common Stock,Medical/Dental Instruments,113,359.70001220703125,-1.6514404190455578,86,72,B-
WT,WisdomTree Inc. Common Stock,Investment Bankers/Brokers/Service,77,18.969999313354492,-4.481375980085211,83,36,B-
WTBA,West Bancorporation Common Stock,Major Banks,21,26.579999923706055,-3.0280916757627008,73,66,B+
WTF,Waton Financial Limited Ordinary Shares,Investment Bankers/Brokers/Service,77,2.9700000286102295,-58.169013119670886,20,,D+
WTFC,Wintrust Financial Corporation Common Stock,Major Banks,21,161.5,-0.7924278759969039,67,69,C-
WTI,W&T Offshore Inc. Common Stock,Oil & Gas Production,35,3.549999952316284,-27.536827800419537,93,20,B
WTM,White Mountains Insurance Group Ltd. Common Stock,Property-Casualty Insurers,36,2174.9599609375,-6.2278750477747895,54,4,C-
WTRG,Essential Utilities Inc. Common Stock,Water Supply,73,38.59000015258789,-6.4932600448597055,44,45,D+
WTS,Watts Water Technologies Inc. Class A Common Stock,Metal Fabrications,45,346.82000732421875,-11.40120155602612,74,92,E+
WTTR,Select Water Solutions Inc. Class A common stock,Oilfield Services/Equipment,10,19.549999237060547,-2.4451180443167297,93,73,C+
WTW,Willis Towers Watson Public Limited Company Ordinary Shares,Specialty Insurers,91,295.54998779296875,-14.715793194528503,41,59,C-
WU,Western Union Company (The) Common Stock,Business Services,80,7.869999885559082,-18.956940577964197,39,37,D-
WULF,TeraWulf Inc. Common Stock,EDP Services,125,20.889999389648438,-27.915804970242597,95,,D
WVE,Wave Life Sciences Ltd. Ordinary Shares,Biotechnology: Pharmaceutical Preparations,85,5.949999809265137,-72.07883642242967,19,4,D
WVVI,Willamette Valley Vineyards Inc. Common Stock,Beverages (Production/Distribution),93,2.819999933242798,-46.7924560045762,34,,A-
WW,WW International Inc.  Common Stock,Other Consumer Services,125,14.579999923706055,-67.52060565394397,25,,B+
WWD,Woodward Inc. Common Stock,Industrial Machinery/Components,68,396.92999267578125,-9.052792948540356,80,79,C-
WWR,Westwater Resources Inc. Common Stock,Metal Mining,97,0.435699999332428,-87.4798851452757,12,,E
WWW,Wolverine World Wide Inc. Common Stock,Shoe Manufacturing,68,18.040000915527344,-43.11717434262419,39,93,C
WXM,WF International Limited Ordinary Shares,Engineering & Construction,42,3.0199999809265137,-92.25641030531662,6,,E-
WY,Weyerhaeuser Company Common Stock,Real Estate Investment Trusts,46,23.40999984741211,-12.120709616859305,40,69,D-
WYFI,WhiteFiber Inc. Ordinary Shares,Finance: Consumer Services,119,36.290000915527344,-18.941254088742788,96,,A-
WYHG,Wing Yip Food Holdings Group Limited American Depositary Shares,Specialty Foods,91,4.199999809265137,-36.26707569019102,93,,D-
WYNN,Wynn Resorts Limited Common stock,Hotels/Resorts,39,97.12999725341797,-26.668010306435118,31,75,D-
WYY,WidePoint Corporation Common Stock,EDP Services,125,13.569999694824219,-32.82178622626177,98,32,A+
XAIR,Beyond Air Inc. Common Stock,Medical/Dental Instruments,113,7.489999771118164,-19.978631988784954,99,20,C
XBIO,Xenetic Biosciences Inc. Common Stock,Biotechnology: Pharmaceutical Preparations,85,2.819999933242798,-72.77992252224404,27,,B
XBIT,XBiotech Inc. Common Stock,Biotechnology: Pharmaceutical Preparations,85,2.3299999237060547,-33.42857360839844,34,,C
XBP,XBP Global Holdings Inc. Common Stock,EDP Services,125,2.619999885559082,-83.92638031784621,12,,C
XCH,XCHG Limited American Depositary Share,Electrical Products,4,0.7802000045776367,-60.39593942909522,16,,A+
XCUR,Exicure Inc. Common Stock,Biotechnology: Pharmaceutical Preparations,85,1.649999976158142,-81.37697471675818,5,,E-
XEL,Xcel Energy Inc. Common Stock,Power Generation,51,80.4800033569336,-2.6500597877541665,54,51,D
XELB,Xcel Brands Inc. Common Stock,Multi-Sector Companies,93,1.4800000190734863,-39.094651094042,44,,A+
XENE,Xenon Pharmaceuticals Inc. Common Shares,Biotechnology: Pharmaceutical Preparations,85,67.72000122070312,-4.565949697818561,90,20,A
XERS,Xeris Biopharma Holdings Inc. Common Stock,Biotechnology: Pharmaceutical Preparations,85,8.15999984741211,-17.575755941054062,78,52,A-
XFLH,XFLH Capital Corporation Ordinary Shares,Blank Checks,73,9.989999771118164,-2.346038923338001,46,,D+
XFLT,XAI Floating Rate & Alternative Income Trust Common Shares of Beneficial Interest,Investment Managers,73,17.739999771118164,-28.417058052805732,32,,D
XFOR,X4 Pharmaceuticals Inc. Common Stock,Biotechnology: Biological Products (No Diagnostic Substances),65,4.050000190734863,-13.276228595934125,83,20,B+
XGN,Exagen Inc. Common Stock,Medical Specialities,30,4.139999866485596,-65.38461661136392,31,20,A-
XHG,XChange TEC.INC American Depositary Shares,Real Estate,89,0.8700000047683716,-46.29629616002596,30,,A+
XHLD,TEN Holdings Inc. Common Stock,Business Services,80,2.0,-70.17151345626654,49,,A+
XHR,Xenia Hotels & Resorts Inc. Common Stock,Hotels/Resorts,39,20.0,-3.2356895173227374,86,90,B-
XLO,Xilio Therapeutics Inc. Common Stock,Biotechnology: Pharmaceutical Preparations,85,9.239999771118164,-23.52259609066142,39,20,A-
XMAX,XMAX Inc. Common Stock,Home Furnishings,42,8.539999961853027,-6.666663192443146,95,,C
XMTR,Xometry Inc. Class A Common Stock,Business Services,80,96.66999816894531,0.0,97,93,B
XNCR,Xencor Inc. Common Stock,Biotechnology: Pharmaceutical Preparations,85,14.960000038146973,-17.530316750264763,77,20,B
XNDU,Xanadu Quantum Technologies Limited Class B Subordinate Voting Shares,Computer Manufacturing,12,10.5,-70.93023169850879,77,,E+
XNET,Xunlei Limited American Depositary Shares,Computer Software: Prepackaged Software,117,5.679999828338623,-47.30983331134928,33,37,D
XOM,ExxonMobil Holdings Corporation Common Stock,Integrated oil Companies,6,144.50999450683594,-15.150839952845885,65,36,D-
XOMA,XOMA Royalty Corporation Common Stock,Biotechnology: Pharmaceutical Preparations,85,40.16999816894531,-10.733337402343746,73,97,E-
XOS,Xos Inc. Common Stock,Auto Parts:O.E.M.,59,2.3399999141693115,-68.63270908574209,52,20,A+
XP,XP Inc. Class A Common Stock,Investment Bankers/Brokers/Service,77,16.3700008392334,-27.747073020655822,35,,E+
XPEL,XPEL Inc. Common Stock,Industrial Specialties,88,44.720001220703125,-18.616923385260186,52,66,D-
XPER,Xperi Inc. Common Stock,Computer Software: Prepackaged Software,117,7.809999942779541,-9.606485735670855,74,65,B
XPEV,XPeng Inc. American depositary shares each representing two Class A ordinary shares,Auto Manufacturing,138,12.949999809265137,-53.86533683627732,17,33,E+
XPL,Solitario Resources Corp. Common Stock,Precious Metals,113,0.7598000168800354,-20.021049851129558,46,,C
XPO,XPO Inc. Common Stock,Transportation Services,104,209.4499969482422,-8.28480035620991,81,62,D-
XPOF,Xponential Fitness Inc. Class A Common Stock,Services-Misc. Amusement & Recreation,89,6.739999771118164,-38.782927965454995,26,20,C+
XPON,Expion360 Inc. Common Stock,Industrial Machinery/Components,68,0.33180001378059387,-83.57425658843783,6,4,E-
XPRO,Expro Group Holdings N.V. Common Stock,Oilfield Services/Equipment,10,15.579999923706055,-15.280041104972009,66,46,C
XRAY,DENTSPLY SIRONA Inc. Common Stock,Medical/Dental Instruments,113,12.779999732971191,-22.048819651178853,46,20,B+
XRN,Chiron Real Estate Inc. Common Stock,Real Estate Investment Trusts,46,36.7400016784668,-3.569545538375951,60,20,D+
XRTX,XORTX Therapeutics Inc. Common Shares,Biotechnology: Pharmaceutical Preparations,85,2.0299999713897705,-63.09090961109508,15,,A
XRX,Xerox Holdings Corporation Common Stock,Computer peripheral equipment,46,2.7699999809265137,-56.45278463341163,86,20,B+
XSLL,Xsolla SPAC 1 Class A Ordinary Shares,Blank Checks,73,9.9399995803833,-0.10050481480938789,47,,D+
XTIA,XTI Aerospace Inc. Common Stock,EDP Services,125,1.4500000476837158,-52.61437664058866,23,20,E+
XTLB,XTL Biopharmaceuticals Ltd. American Depositary Shares,Biotechnology: Pharmaceutical Preparations,85,2.880000114440918,-64.87804656791796,29,20,A+
XTNT,Xtant Medical Holdings Inc. Common Stock,Biotechnology: Biological Products (No Diagnostic Substances),65,0.4081000089645386,-55.641304178110595,18,40,E+
XWEL,XWELL Inc. Common Stock,Other Consumer Services,125,0.9398999810218811,-44.71176737303545,59,,E-
XXI,Twenty One Capital Inc. Class A Common Stock,Finance: Consumer Services,119,5.119999885559082,-86.48006329557015,9,,E
XXII,22nd Century Group Inc. Common Stock,Medicinal Chemicals and Botanical Products,135,4.100100040435791,-99.77885113050509,1,,E-
XYF,X Financial American Depositary Shares each representing six Class A Ordinary Shares,Finance: Consumer Services,119,4.614999771118164,-74.46609777599924,20,46,D+
XYL,Xylem Inc. Common Stock New,Fluid Controls,59,121.20999908447266,-19.945651330443415,34,,C-
XYZ,Block Inc. Class A Common Stock,Computer Software: Prepackaged Software,117,78.72000122070312,-2.9466149323927104,66,,B
XZO,Exzeo Group Inc. Common Stock,Property-Casualty Insurers,36,17.350000381469727,-28.45360667435164,39,,B
YAAS,Youxin Technology Ltd Class A Ordinary shares,Computer Software: Prepackaged Software,117,0.9291999936103821,-97.99741387272987,11,,A+
YALA,Yalla Group Limited American Depositary Shares each representing one Class A Ordinary Share,Computer Software: Programming Data Processing,111,5.389999866485596,-40.63876749146892,22,51,D-
YB,Yuanbao Inc. American Depositary Shares,Specialty Insurers,91,14.460000038146973,-48.06034497523941,21,81,B
YCBD,cbdMD Inc. Common Stock,Package Goods/Cosmetics,80,0.6819999814033508,-69.95594770335687,22,11,A
YDDL,One and One Green Technologies. Inc Class A Ordinary Shares,Industrial Specialties,88,1.9700000286102295,-87.15775743797573,6,,E
YDES,YD Bio Limited Ordinary Shares,Medical Specialities,30,2.1500000953674316,-90.69666794208395,3,,A+
YDKG,Yueda Digital Holding Class A Ordinary Share,Advertising,109,0.9524000287055969,-99.82839639122422,11,,A
YELP,Yelp Inc. Common Stock,Other Consumer Services,125,26.360000610351562,-25.241061074431283,34,56,B-
YETI,YETI Holdings Inc. Common Stock,Recreational Games/Products/Toys,93,48.33000183105469,-5.623896318895294,81,49,B-
YEXT,Yext Inc. Common Stock,EDP Services,125,5.210000038146973,-43.12226937843339,45,88,B+
YHC,LQR House Inc. Common Stock,Beverages (Production/Distribution),93,2.569999933242798,-99.76048462877513,1,,E-
YHGJ,Yunhong Green CTI Ltd. Common Stock,Specialty Chemicals,122,3.0299999713897705,-67.48926962870551,21,,B+
YHNA,YHN Acquisition I Limited Ordinary Shares,,,10.859999656677246,-1.1828946055354783,49,,D+
YHNAU,YHN Acquisition I Limited Unit,,,10.890000343322754,-5.304344840671704,51,,C+
YI,111 Inc. American Depositary Shares,Retail-Drug Stores and Proprietary Stores,137,3.799999952316284,-54.653939135777605,21,20,B+
YIBO,Planet Image International Limited Class A Ordinary Shares,Industrial Machinery/Components,68,1.0299999713897705,-34.810130163714334,41,,E-
YJ,Yunji Inc. American Depository Shares,Other Specialty Stores,113,1.339400053024292,-41.765213878573825,24,,C-
YMAT,J-Star Holding Co. Ltd. Class A Ordinary Shares,Recreational Games/Products/Toys,93,2.049999952316284,-92.8571432131686,21,,A+
YMM,Full Truck Alliance Co. Ltd. American Depositary Shares (each representing 20 Class A Ordinary Shares),Computer Software: Prepackaged Software,117,8.569999694824219,-37.54628362241029,29,57,C+
YMT,Yimutian Inc. American Depositary Shares,EDP Services,125,0.48399999737739563,-98.84761905386334,1,,E-
YOOV,Concorde International Group Ltd Class A Ordinary Shares,Diversified Commercial Services,97,0.5720999836921692,-90.62131159612487,3,,A+
YORW,York Water Company (The) Common Stock,Water Supply,73,30.969999313354492,-7.431125200020894,43,67,D
YOU,Clear Secure Inc. Class A Common Stock,Computer Software: Prepackaged Software,117,53.08000183105469,-14.640610178429203,88,80,C
YOUL,Youlife Group Inc. American Depositary Shares,Other Consumer Services,125,0.5360999703407288,-85.31232996346644,6,,A+
YPF,YPF Sociedad Anonima Common Stock,Integrated oil Companies,6,49.5,-12.156164435864136,88,63,B-
YQ,17 Education & Technology Group Inc. American Depositary Shares,Other Consumer Services,125,2.390000104904175,-61.63723759892361,43,,B-
YRD,Yiren Digital Ltd. American Depositary Shares each representing two ordinary shares,Finance: Consumer Services,119,1.2300000190734863,-81.36363580535594,6,29,A+
YSG,Yatsen Holding Limited American Depositary Shares each representing twenty (20) Class A Ordinary Shares,Package Goods/Cosmetics,80,3.509999990463257,-67.97445275322555,22,20,B
YSS,York Space Systems Inc. Common Stock,Military/Government/Technical,101,19.1299991607666,-55.97238475290551,12,,E
YSXT,YSX Tech. Co. Ltd Class A Ordinary Shares,Automotive Aftermarket,133,0.7031000256538391,-87.28571430419157,7,,E-
YTRA,Yatra Online Inc. Ordinary Shares,Transportation Services,104,0.9002000093460083,-52.86910863467851,19,20,B
YUM,Yum! Brands Inc.,Restaurants,101,161.67999267578125,-3.4688713516221936,53,78,D+
YUMC,Yum China Holdings Inc. Common Stock,Restaurants,101,43.900001525878906,-23.32044537902306,37,71,D
YXT,YXT.COM GROUP HOLDING LIMITED American Depository Shares,Computer Software: Prepackaged Software,117,0.3400000035762787,-69.36936944193407,11,,A
YYAI,AiRWA Inc. Common Stock,Recreational Games/Products/Toys,93,7.809999942779541,-99.92030612303286,1,44,D-
YYGH,YY Group Holding Limited Class A Ordinary Shares,Professional Services,104,1.1799999475479126,-99.97679449464016,1,,A-
Z,Zillow Group Inc. Class C Capital Stock,Business Services,80,32.189998626708984,-64.36005454442709,12,88,E+
ZBAO,Zhibao Technology Inc. Class A Ordinary Shares,Specialty Insurers,91,0.28949999809265137,-77.20472421728306,5,,A+
ZBH,Zimmer Biomet Holdings Inc. Common Stock,Industrial Specialties,88,94.08000183105469,-11.735462938354747,45,75,D
ZBIO,Zenas BioPharma Inc. Common Stock,Biotechnology: Pharmaceutical Preparations,85,27.8799991607666,-35.418113636098546,90,20,A
ZBRA,Zebra Technologies Corporation Class A Common Stock,Industrial Machinery/Components,68,266.7099914550781,-21.868407868486184,49,48,B-
ZCMD,Zhongchao Inc. Class A Ordinary Shares,Other Consumer Services,125,1.5099999904632568,-99.83763440962761,1,,A+
ZD,Ziff Davis Inc. Common Stock,Telecommunications Equipment,73,51.869998931884766,-3.5515059329963794,83,47,B
ZDAI,DirectBooking Technology Co. Ltd. Class A Ordinary Shares,General Bldg Contractors - Nonresidential Bldgs,129,1.9600000381469727,-83.31062699617694,6,,A+
ZDGE,Zedge Inc. Class B Common Stock,Computer Software: Prepackaged Software,117,3.140000104904175,-32.326705724658524,39,34,A
ZENA,ZenaTech Inc. Common Stock,Computer Software: Prepackaged Software,117,1.340000033378601,-79.97010430616737,7,,B-
ZEO,Zeo Energy Corporation Class A Common Stock,Industrial Machinery/Components,68,0.6011000275611877,-77.98168412595138,17,20,E+
ZEPP,Zepp Health Corporation American depositary shares each representing sixteen Class A ordinary shares,Computer Manufacturing,12,5.400000095367432,-91.1865512403743,6,20,E-
ZETA,Zeta Global Holdings Corp. Class A Common Stock,Computer Software: Prepackaged Software,117,21.8700008392334,-13.386135290164757,80,20,B+
ZG,Zillow Group Inc. Class A Common Stock,Business Services,80,31.940000534057617,-63.18580019868434,13,97,E+
ZGN,Ermenegildo Zegna N.V. Ordinary Shares,Apparel,40,13.15999984741211,-10.8690667426258,78,,C-
ZH,Zhihu Inc. American Depositary Shares each representing three (3) Class A Ordinary Shares,Business Services,80,3.2699999809265137,-39.66789788013334,30,20,D+
ZIM,ZIM Integrated Shipping Services Ltd. Ordinary Shares,Marine Transportation,9,23.799999237060547,-16.63747855318349,76,29,E+
ZION,Zions Bancorporation N.A. Common Stock,Major Banks,21,70.36000061035156,-0.48090007435153126,73,70,C
ZIP,ZipRecruiter Inc. Class A Common Stock,Computer Software: Programming Data Processing,111,3.950000047683716,-28.05099795333492,84,,A-
ZJK,ZJK Industrial Co. Ltd. Class A Ordinary Shares,Metal Fabrications,45,2.0199999809265137,-51.67463962003607,26,,A
ZJYL,JIN MEDICAL INTERNATIONAL LTD. Class A Ordinary Shares,Industrial Specialties,88,1.8600000143051147,-89.05882344526404,8,,A+
ZKH,ZKH Group Limited American Depositary Shares each representing thirty-five (35) Class A Ordinary Shares,RETAIL: Building Materials,112,2.869999885559082,-24.27440858981259,35,20,D-
ZKIN,ZK International Group Co. Ltd Ordinary Share,Metal Fabrications,45,1.3899999856948853,-55.016180443210125,27,,B-
ZLAB,Zai Lab Limited American Depositary Shares,Biotechnology: Pharmaceutical Preparations,85,19.6200008392334,-51.56751011563402,26,20,D-
ZM,Zoom Communications Inc. Class A Common Stock,Computer Software: Programming Data Processing,111,91.87999725341797,-17.876296470313857,66,92,C
ZNB,Zeta Network Group Class A Ordinary Shares,Engineering & Construction,42,0.42800000309944153,-99.98304950482775,1,,E-
ZNTL,Zentalis Pharmaceuticals Inc. Common Stock,Biotechnology: Pharmaceutical Preparations,85,4.619999885559082,-30.10590329439644,95,,A
ZONE,CleanCore Solutions Inc. Class B Common Stock,Industrial Machinery/Components,68,0.6891000270843506,-89.95481029631814,83,,B+
ZOOZ,ZOOZ Strategy Ltd. Ordinary Shares,Industrial Machinery/Components,68,5.059999942779541,-93.08743148396941,10,,E+
ZS,Zscaler Inc. Common Stock,EDP Services,125,141.82000732421875,-57.82555328823806,24,20,D
ZSQR,Z Squared Inc. Common Stock,Finance: Consumer Services,119,7.199999809265137,-61.70212711992171,12,,E
ZSTK,ZeroStack Corp. Common Stock,Biotechnology: Pharmaceutical Preparations,85,2.180000066757202,-93.49447873485462,4,,E-
ZTEK,Zentek Ltd. Common Stock,Major Chemicals,59,0.4797999858856201,-55.9816540189989,17,,A
ZTG,Zenta Group Company Limited Class A Ordinary Shares,Professional Services,104,2.75,-34.05275900032978,77,,C-
ZTO,ZTO Express (Cayman) Inc. American Depositary Shares each representing one Class A ordinary share.,Trucking Freight/Courier Services,5,24.030000686645508,-7.148371461022462,62,59,D
ZTS,Zoetis Inc. Class A Common Stock,Biotechnology: Pharmaceutical Preparations,85,75.38999938964844,-51.323036617285524,12,53,E
ZUMZ,Zumiez Inc. Common Stock,Clothing/Shoe/Accessory Stores,87,18.170000076293945,-40.659700920018494,31,31,E
ZURA,Zura Bio Limited Class A Ordinary Shares,Biotechnology: Biological Products (No Diagnostic Substances),65,5.150000095367432,-26.846589158050527,90,,A
ZVIA,Zevia PBC Class A Common Stock,Beverages (Production/Distribution),93,1.7200000286102295,-50.0,52,20,A
ZVRA,Zevra Therapeutics Inc. Common Stock,Biotechnology: Pharmaceutical Preparations,85,13.180000305175781,-10.644065727621822,82,96,B+
ZWS,Zurn Elkay Water Solutions Corporation Common Stock,Industrial Machinery/Components,68,46.93000030517578,-10.906074424865098,52,84,D
ZYBT,Zhengye Biotechnology Holding Limited Class A Ordinary Shares,Biotechnology: Pharmaceutical Preparations,85,0.7052000164985657,-94.43189878703018,8,,E
ZYME,Zymeworks Inc. Common Stock,Biotechnology: Pharmaceutical Preparations,85,24.940000534057617,-12.675066525129285,77,20,C-
